IMG_4962 copy 10.JPG,653.4973,1063.5262,1230.055,641.66223,1042.1521,1183.3893,636.4982,1043.7002,1183.6163,630.2019,1045.5728,1183.894,657.72614,1035.9247,1222.864,664.81647,1032.9193,1222.8405,672.2793,1029.695,1222.8193,630.9499,1048.3479,936.0893,702.4112,1021.94037,1113.2913,659.0431,1083.1136,1142.6603,679.14014,1074.9263,1192.8832,616.7361,1143.3009,509.7681,867.3301,1097.676,1062.3217,495.70734,1157.7096,-40.03168,873.82635,1303.3403,1082.3566,370.12973,1107.2687,-371.2078,836.08527,1500.7198,1051.7281,332.84366,1075.6768,-476.1206,809.7599,1529.3988,1065.3358,348.69348,1067.7512,-422.76956,802.22003,1528.0331,1008.3434,364.6587,1083.4088,-360.06772,811.8007,1518.6271,1031.6396,924.2291,1422.3969,-204.71695,1079.3926,1361.3247,203.4133,942.7175,1807.9788,-216.05177,1364.4133,1612.6337,66.06902,1181.576,1910.6104,-713.26215,1709.3297,1761.6749,-927.7338,1221.102,1860.8312,-763.6465,1762.2484,1755.0334,-1039.8033,1272.5721,2079.7275,-781.4884,1813.2242,1902.5272,-1239.4696
IMG_4962 copy 11.JPG,653.4973,1063.5262,1230.055,641.66223,1042.1521,1183.3893,636.4982,1043.7002,1183.6163,630.2019,1045.5728,1183.894,657.72614,1035.9247,1222.864,664.81647,1032.9193,1222.8405,672.2793,1029.695,1222.8193,630.9499,1048.3479,936.0893,702.4112,1021.94037,1113.2913,659.0431,1083.1136,1142.6603,679.14014,1074.9263,1192.8832,616.7361,1143.3009,509.7681,867.3301,1097.676,1062.3217,495.70734,1157.7096,-40.03168,873.82635,1303.3403,1082.3566,370.12973,1107.2687,-371.2078,836.08527,1500.7198,1051.7281,332.84366,1075.6768,-476.1206,809.7599,1529.3988,1065.3358,348.69348,1067.7512,-422.76956,802.22003,1528.0331,1008.3434,364.6587,1083.4088,-360.06772,811.8007,1518.6271,1031.6396,924.2291,1422.3969,-204.71695,1079.3926,1361.3247,203.4133,942.7175,1807.9788,-216.05177,1364.4133,1612.6337,66.06902,1181.576,1910.6104,-713.26215,1709.3297,1761.6749,-927.7338,1221.102,1860.8312,-763.6465,1762.2484,1755.0334,-1039.8033,1272.5721,2079.7275,-781.4884,1813.2242,1902.5272,-1239.4696
IMG_4962 copy 12.JPG,653.4973,1063.5262,1230.055,641.66223,1042.1521,1183.3893,636.4982,1043.7002,1183.6163,630.2019,1045.5728,1183.894,657.72614,1035.9247,1222.864,664.81647,1032.9193,1222.8405,672.2793,1029.695,1222.8193,630.9499,1048.3479,936.0893,702.4112,1021.94037,1113.2913,659.0431,1083.1136,1142.6603,679.14014,1074.9263,1192.8832,616.7361,1143.3009,509.7681,867.3301,1097.676,1062.3217,495.70734,1157.7096,-40.03168,873.82635,1303.3403,1082.3566,370.12973,1107.2687,-371.2078,836.08527,1500.7198,1051.7281,332.84366,1075.6768,-476.1206,809.7599,1529.3988,1065.3358,348.69348,1067.7512,-422.76956,802.22003,1528.0331,1008.3434,364.6587,1083.4088,-360.06772,811.8007,1518.6271,1031.6396,924.2291,1422.3969,-204.71695,1079.3926,1361.3247,203.4133,942.7175,1807.9788,-216.05177,1364.4133,1612.6337,66.06902,1181.576,1910.6104,-713.26215,1709.3297,1761.6749,-927.7338,1221.102,1860.8312,-763.6465,1762.2484,1755.0334,-1039.8033,1272.5721,2079.7275,-781.4884,1813.2242,1902.5272,-1239.4696
IMG_4962 copy 13.JPG,653.4973,1063.5262,1230.055,641.66223,1042.1521,1183.3893,636.4982,1043.7002,1183.6163,630.2019,1045.5728,1183.894,657.72614,1035.9247,1222.864,664.81647,1032.9193,1222.8405,672.2793,1029.695,1222.8193,630.9499,1048.3479,936.0893,702.4112,1021.94037,1113.2913,659.0431,1083.1136,1142.6603,679.14014,1074.9263,1192.8832,616.7361,1143.3009,509.7681,867.3301,1097.676,1062.3217,495.70734,1157.7096,-40.03168,873.82635,1303.3403,1082.3566,370.12973,1107.2687,-371.2078,836.08527,1500.7198,1051.7281,332.84366,1075.6768,-476.1206,809.7599,1529.3988,1065.3358,348.69348,1067.7512,-422.76956,802.22003,1528.0331,1008.3434,364.6587,1083.4088,-360.06772,811.8007,1518.6271,1031.6396,924.2291,1422.3969,-204.71695,1079.3926,1361.3247,203.4133,942.7175,1807.9788,-216.05177,1364.4133,1612.6337,66.06902,1181.576,1910.6104,-713.26215,1709.3297,1761.6749,-927.7338,1221.102,1860.8312,-763.6465,1762.2484,1755.0334,-1039.8033,1272.5721,2079.7275,-781.4884,1813.2242,1902.5272,-1239.4696
IMG_4962 copy 14.JPG,653.4973,1063.5262,1230.055,641.66223,1042.1521,1183.3893,636.4982,1043.7002,1183.6163,630.2019,1045.5728,1183.894,657.72614,1035.9247,1222.864,664.81647,1032.9193,1222.8405,672.2793,1029.695,1222.8193,630.9499,1048.3479,936.0893,702.4112,1021.94037,1113.2913,659.0431,1083.1136,1142.6603,679.14014,1074.9263,1192.8832,616.7361,1143.3009,509.7681,867.3301,1097.676,1062.3217,495.70734,1157.7096,-40.03168,873.82635,1303.3403,1082.3566,370.12973,1107.2687,-371.2078,836.08527,1500.7198,1051.7281,332.84366,1075.6768,-476.1206,809.7599,1529.3988,1065.3358,348.69348,1067.7512,-422.76956,802.22003,1528.0331,1008.3434,364.6587,1083.4088,-360.06772,811.8007,1518.6271,1031.6396,924.2291,1422.3969,-204.71695,1079.3926,1361.3247,203.4133,942.7175,1807.9788,-216.05177,1364.4133,1612.6337,66.06902,1181.576,1910.6104,-713.26215,1709.3297,1761.6749,-927.7338,1221.102,1860.8312,-763.6465,1762.2484,1755.0334,-1039.8033,1272.5721,2079.7275,-781.4884,1813.2242,1902.5272,-1239.4696
IMG_4962 copy 15.JPG,653.4973,1063.5262,1230.055,641.66223,1042.1521,1183.3893,636.4982,1043.7002,1183.6163,630.2019,1045.5728,1183.894,657.72614,1035.9247,1222.864,664.81647,1032.9193,1222.8405,672.2793,1029.695,1222.8193,630.9499,1048.3479,936.0893,702.4112,1021.94037,1113.2913,659.0431,1083.1136,1142.6603,679.14014,1074.9263,1192.8832,616.7361,1143.3009,509.7681,867.3301,1097.676,1062.3217,495.70734,1157.7096,-40.03168,873.82635,1303.3403,1082.3566,370.12973,1107.2687,-371.2078,836.08527,1500.7198,1051.7281,332.84366,1075.6768,-476.1206,809.7599,1529.3988,1065.3358,348.69348,1067.7512,-422.76956,802.22003,1528.0331,1008.3434,364.6587,1083.4088,-360.06772,811.8007,1518.6271,1031.6396,924.2291,1422.3969,-204.71695,1079.3926,1361.3247,203.4133,942.7175,1807.9788,-216.05177,1364.4133,1612.6337,66.06902,1181.576,1910.6104,-713.26215,1709.3297,1761.6749,-927.7338,1221.102,1860.8312,-763.6465,1762.2484,1755.0334,-1039.8033,1272.5721,2079.7275,-781.4884,1813.2242,1902.5272,-1239.4696
IMG_4962 copy 16.JPG,653.4973,1063.5262,1230.055,641.66223,1042.1521,1183.3893,636.4982,1043.7002,1183.6163,630.2019,1045.5728,1183.894,657.72614,1035.9247,1222.864,664.81647,1032.9193,1222.8405,672.2793,1029.695,1222.8193,630.9499,1048.3479,936.0893,702.4112,1021.94037,1113.2913,659.0431,1083.1136,1142.6603,679.14014,1074.9263,1192.8832,616.7361,1143.3009,509.7681,867.3301,1097.676,1062.3217,495.70734,1157.7096,-40.03168,873.82635,1303.3403,1082.3566,370.12973,1107.2687,-371.2078,836.08527,1500.7198,1051.7281,332.84366,1075.6768,-476.1206,809.7599,1529.3988,1065.3358,348.69348,1067.7512,-422.76956,802.22003,1528.0331,1008.3434,364.6587,1083.4088,-360.06772,811.8007,1518.6271,1031.6396,924.2291,1422.3969,-204.71695,1079.3926,1361.3247,203.4133,942.7175,1807.9788,-216.05177,1364.4133,1612.6337,66.06902,1181.576,1910.6104,-713.26215,1709.3297,1761.6749,-927.7338,1221.102,1860.8312,-763.6465,1762.2484,1755.0334,-1039.8033,1272.5721,2079.7275,-781.4884,1813.2242,1902.5272,-1239.4696
IMG_4962 copy 17.JPG,653.4973,1063.5262,1230.055,641.66223,1042.1521,1183.3893,636.4982,1043.7002,1183.6163,630.2019,1045.5728,1183.894,657.72614,1035.9247,1222.864,664.81647,1032.9193,1222.8405,672.2793,1029.695,1222.8193,630.9499,1048.3479,936.0893,702.4112,1021.94037,1113.2913,659.0431,1083.1136,1142.6603,679.14014,1074.9263,1192.8832,616.7361,1143.3009,509.7681,867.3301,1097.676,1062.3217,495.70734,1157.7096,-40.03168,873.82635,1303.3403,1082.3566,370.12973,1107.2687,-371.2078,836.08527,1500.7198,1051.7281,332.84366,1075.6768,-476.1206,809.7599,1529.3988,1065.3358,348.69348,1067.7512,-422.76956,802.22003,1528.0331,1008.3434,364.6587,1083.4088,-360.06772,811.8007,1518.6271,1031.6396,924.2291,1422.3969,-204.71695,1079.3926,1361.3247,203.4133,942.7175,1807.9788,-216.05177,1364.4133,1612.6337,66.06902,1181.576,1910.6104,-713.26215,1709.3297,1761.6749,-927.7338,1221.102,1860.8312,-763.6465,1762.2484,1755.0334,-1039.8033,1272.5721,2079.7275,-781.4884,1813.2242,1902.5272,-1239.4696
IMG_4962 copy 18.JPG,653.4973,1063.5262,1230.055,641.66223,1042.1521,1183.3893,636.4982,1043.7002,1183.6163,630.2019,1045.5728,1183.894,657.72614,1035.9247,1222.864,664.81647,1032.9193,1222.8405,672.2793,1029.695,1222.8193,630.9499,1048.3479,936.0893,702.4112,1021.94037,1113.2913,659.0431,1083.1136,1142.6603,679.14014,1074.9263,1192.8832,616.7361,1143.3009,509.7681,867.3301,1097.676,1062.3217,495.70734,1157.7096,-40.03168,873.82635,1303.3403,1082.3566,370.12973,1107.2687,-371.2078,836.08527,1500.7198,1051.7281,332.84366,1075.6768,-476.1206,809.7599,1529.3988,1065.3358,348.69348,1067.7512,-422.76956,802.22003,1528.0331,1008.3434,364.6587,1083.4088,-360.06772,811.8007,1518.6271,1031.6396,924.2291,1422.3969,-204.71695,1079.3926,1361.3247,203.4133,942.7175,1807.9788,-216.05177,1364.4133,1612.6337,66.06902,1181.576,1910.6104,-713.26215,1709.3297,1761.6749,-927.7338,1221.102,1860.8312,-763.6465,1762.2484,1755.0334,-1039.8033,1272.5721,2079.7275,-781.4884,1813.2242,1902.5272,-1239.4696
IMG_4962 copy 19.JPG,653.4973,1063.5262,1230.055,641.66223,1042.1521,1183.3893,636.4982,1043.7002,1183.6163,630.2019,1045.5728,1183.894,657.72614,1035.9247,1222.864,664.81647,1032.9193,1222.8405,672.2793,1029.695,1222.8193,630.9499,1048.3479,936.0893,702.4112,1021.94037,1113.2913,659.0431,1083.1136,1142.6603,679.14014,1074.9263,1192.8832,616.7361,1143.3009,509.7681,867.3301,1097.676,1062.3217,495.70734,1157.7096,-40.03168,873.82635,1303.3403,1082.3566,370.12973,1107.2687,-371.2078,836.08527,1500.7198,1051.7281,332.84366,1075.6768,-476.1206,809.7599,1529.3988,1065.3358,348.69348,1067.7512,-422.76956,802.22003,1528.0331,1008.3434,364.6587,1083.4088,-360.06772,811.8007,1518.6271,1031.6396,924.2291,1422.3969,-204.71695,1079.3926,1361.3247,203.4133,942.7175,1807.9788,-216.05177,1364.4133,1612.6337,66.06902,1181.576,1910.6104,-713.26215,1709.3297,1761.6749,-927.7338,1221.102,1860.8312,-763.6465,1762.2484,1755.0334,-1039.8033,1272.5721,2079.7275,-781.4884,1813.2242,1902.5272,-1239.4696
IMG_4962 copy 2.JPG,653.4973,1063.5262,1230.055,641.66223,1042.1521,1183.3893,636.4982,1043.7002,1183.6163,630.2019,1045.5728,1183.894,657.72614,1035.9247,1222.864,664.81647,1032.9193,1222.8405,672.2793,1029.695,1222.8193,630.9499,1048.3479,936.0893,702.4112,1021.94037,1113.2913,659.0431,1083.1136,1142.6603,679.14014,1074.9263,1192.8832,616.7361,1143.3009,509.7681,867.3301,1097.676,1062.3217,495.70734,1157.7096,-40.03168,873.82635,1303.3403,1082.3566,370.12973,1107.2687,-371.2078,836.08527,1500.7198,1051.7281,332.84366,1075.6768,-476.1206,809.7599,1529.3988,1065.3358,348.69348,1067.7512,-422.76956,802.22003,1528.0331,1008.3434,364.6587,1083.4088,-360.06772,811.8007,1518.6271,1031.6396,924.2291,1422.3969,-204.71695,1079.3926,1361.3247,203.4133,942.7175,1807.9788,-216.05177,1364.4133,1612.6337,66.06902,1181.576,1910.6104,-713.26215,1709.3297,1761.6749,-927.7338,1221.102,1860.8312,-763.6465,1762.2484,1755.0334,-1039.8033,1272.5721,2079.7275,-781.4884,1813.2242,1902.5272,-1239.4696
IMG_4962 copy 20.JPG,653.4973,1063.5262,1230.055,641.66223,1042.1521,1183.3893,636.4982,1043.7002,1183.6163,630.2019,1045.5728,1183.894,657.72614,1035.9247,1222.864,664.81647,1032.9193,1222.8405,672.2793,1029.695,1222.8193,630.9499,1048.3479,936.0893,702.4112,1021.94037,1113.2913,659.0431,1083.1136,1142.6603,679.14014,1074.9263,1192.8832,616.7361,1143.3009,509.7681,867.3301,1097.676,1062.3217,495.70734,1157.7096,-40.03168,873.82635,1303.3403,1082.3566,370.12973,1107.2687,-371.2078,836.08527,1500.7198,1051.7281,332.84366,1075.6768,-476.1206,809.7599,1529.3988,1065.3358,348.69348,1067.7512,-422.76956,802.22003,1528.0331,1008.3434,364.6587,1083.4088,-360.06772,811.8007,1518.6271,1031.6396,924.2291,1422.3969,-204.71695,1079.3926,1361.3247,203.4133,942.7175,1807.9788,-216.05177,1364.4133,1612.6337,66.06902,1181.576,1910.6104,-713.26215,1709.3297,1761.6749,-927.7338,1221.102,1860.8312,-763.6465,1762.2484,1755.0334,-1039.8033,1272.5721,2079.7275,-781.4884,1813.2242,1902.5272,-1239.4696
IMG_4962 copy 21.JPG,653.4973,1063.5262,1230.055,641.66223,1042.1521,1183.3893,636.4982,1043.7002,1183.6163,630.2019,1045.5728,1183.894,657.72614,1035.9247,1222.864,664.81647,1032.9193,1222.8405,672.2793,1029.695,1222.8193,630.9499,1048.3479,936.0893,702.4112,1021.94037,1113.2913,659.0431,1083.1136,1142.6603,679.14014,1074.9263,1192.8832,616.7361,1143.3009,509.7681,867.3301,1097.676,1062.3217,495.70734,1157.7096,-40.03168,873.82635,1303.3403,1082.3566,370.12973,1107.2687,-371.2078,836.08527,1500.7198,1051.7281,332.84366,1075.6768,-476.1206,809.7599,1529.3988,1065.3358,348.69348,1067.7512,-422.76956,802.22003,1528.0331,1008.3434,364.6587,1083.4088,-360.06772,811.8007,1518.6271,1031.6396,924.2291,1422.3969,-204.71695,1079.3926,1361.3247,203.4133,942.7175,1807.9788,-216.05177,1364.4133,1612.6337,66.06902,1181.576,1910.6104,-713.26215,1709.3297,1761.6749,-927.7338,1221.102,1860.8312,-763.6465,1762.2484,1755.0334,-1039.8033,1272.5721,2079.7275,-781.4884,1813.2242,1902.5272,-1239.4696
IMG_4962 copy 22.JPG,653.4973,1063.5262,1230.055,641.66223,1042.1521,1183.3893,636.4982,1043.7002,1183.6163,630.2019,1045.5728,1183.894,657.72614,1035.9247,1222.864,664.81647,1032.9193,1222.8405,672.2793,1029.695,1222.8193,630.9499,1048.3479,936.0893,702.4112,1021.94037,1113.2913,659.0431,1083.1136,1142.6603,679.14014,1074.9263,1192.8832,616.7361,1143.3009,509.7681,867.3301,1097.676,1062.3217,495.70734,1157.7096,-40.03168,873.82635,1303.3403,1082.3566,370.12973,1107.2687,-371.2078,836.08527,1500.7198,1051.7281,332.84366,1075.6768,-476.1206,809.7599,1529.3988,1065.3358,348.69348,1067.7512,-422.76956,802.22003,1528.0331,1008.3434,364.6587,1083.4088,-360.06772,811.8007,1518.6271,1031.6396,924.2291,1422.3969,-204.71695,1079.3926,1361.3247,203.4133,942.7175,1807.9788,-216.05177,1364.4133,1612.6337,66.06902,1181.576,1910.6104,-713.26215,1709.3297,1761.6749,-927.7338,1221.102,1860.8312,-763.6465,1762.2484,1755.0334,-1039.8033,1272.5721,2079.7275,-781.4884,1813.2242,1902.5272,-1239.4696
IMG_4962 copy 23.JPG,653.4973,1063.5262,1230.055,641.66223,1042.1521,1183.3893,636.4982,1043.7002,1183.6163,630.2019,1045.5728,1183.894,657.72614,1035.9247,1222.864,664.81647,1032.9193,1222.8405,672.2793,1029.695,1222.8193,630.9499,1048.3479,936.0893,702.4112,1021.94037,1113.2913,659.0431,1083.1136,1142.6603,679.14014,1074.9263,1192.8832,616.7361,1143.3009,509.7681,867.3301,1097.676,1062.3217,495.70734,1157.7096,-40.03168,873.82635,1303.3403,1082.3566,370.12973,1107.2687,-371.2078,836.08527,1500.7198,1051.7281,332.84366,1075.6768,-476.1206,809.7599,1529.3988,1065.3358,348.69348,1067.7512,-422.76956,802.22003,1528.0331,1008.3434,364.6587,1083.4088,-360.06772,811.8007,1518.6271,1031.6396,924.2291,1422.3969,-204.71695,1079.3926,1361.3247,203.4133,942.7175,1807.9788,-216.05177,1364.4133,1612.6337,66.06902,1181.576,1910.6104,-713.26215,1709.3297,1761.6749,-927.7338,1221.102,1860.8312,-763.6465,1762.2484,1755.0334,-1039.8033,1272.5721,2079.7275,-781.4884,1813.2242,1902.5272,-1239.4696
IMG_4962 copy 24.JPG,653.4973,1063.5262,1230.055,641.66223,1042.1521,1183.3893,636.4982,1043.7002,1183.6163,630.2019,1045.5728,1183.894,657.72614,1035.9247,1222.864,664.81647,1032.9193,1222.8405,672.2793,1029.695,1222.8193,630.9499,1048.3479,936.0893,702.4112,1021.94037,1113.2913,659.0431,1083.1136,1142.6603,679.14014,1074.9263,1192.8832,616.7361,1143.3009,509.7681,867.3301,1097.676,1062.3217,495.70734,1157.7096,-40.03168,873.82635,1303.3403,1082.3566,370.12973,1107.2687,-371.2078,836.08527,1500.7198,1051.7281,332.84366,1075.6768,-476.1206,809.7599,1529.3988,1065.3358,348.69348,1067.7512,-422.76956,802.22003,1528.0331,1008.3434,364.6587,1083.4088,-360.06772,811.8007,1518.6271,1031.6396,924.2291,1422.3969,-204.71695,1079.3926,1361.3247,203.4133,942.7175,1807.9788,-216.05177,1364.4133,1612.6337,66.06902,1181.576,1910.6104,-713.26215,1709.3297,1761.6749,-927.7338,1221.102,1860.8312,-763.6465,1762.2484,1755.0334,-1039.8033,1272.5721,2079.7275,-781.4884,1813.2242,1902.5272,-1239.4696
IMG_4962 copy 25.JPG,653.4973,1063.5262,1230.055,641.66223,1042.1521,1183.3893,636.4982,1043.7002,1183.6163,630.2019,1045.5728,1183.894,657.72614,1035.9247,1222.864,664.81647,1032.9193,1222.8405,672.2793,1029.695,1222.8193,630.9499,1048.3479,936.0893,702.4112,1021.94037,1113.2913,659.0431,1083.1136,1142.6603,679.14014,1074.9263,1192.8832,616.7361,1143.3009,509.7681,867.3301,1097.676,1062.3217,495.70734,1157.7096,-40.03168,873.82635,1303.3403,1082.3566,370.12973,1107.2687,-371.2078,836.08527,1500.7198,1051.7281,332.84366,1075.6768,-476.1206,809.7599,1529.3988,1065.3358,348.69348,1067.7512,-422.76956,802.22003,1528.0331,1008.3434,364.6587,1083.4088,-360.06772,811.8007,1518.6271,1031.6396,924.2291,1422.3969,-204.71695,1079.3926,1361.3247,203.4133,942.7175,1807.9788,-216.05177,1364.4133,1612.6337,66.06902,1181.576,1910.6104,-713.26215,1709.3297,1761.6749,-927.7338,1221.102,1860.8312,-763.6465,1762.2484,1755.0334,-1039.8033,1272.5721,2079.7275,-781.4884,1813.2242,1902.5272,-1239.4696
IMG_4962 copy 26.JPG,653.4973,1063.5262,1230.055,641.66223,1042.1521,1183.3893,636.4982,1043.7002,1183.6163,630.2019,1045.5728,1183.894,657.72614,1035.9247,1222.864,664.81647,1032.9193,1222.8405,672.2793,1029.695,1222.8193,630.9499,1048.3479,936.0893,702.4112,1021.94037,1113.2913,659.0431,1083.1136,1142.6603,679.14014,1074.9263,1192.8832,616.7361,1143.3009,509.7681,867.3301,1097.676,1062.3217,495.70734,1157.7096,-40.03168,873.82635,1303.3403,1082.3566,370.12973,1107.2687,-371.2078,836.08527,1500.7198,1051.7281,332.84366,1075.6768,-476.1206,809.7599,1529.3988,1065.3358,348.69348,1067.7512,-422.76956,802.22003,1528.0331,1008.3434,364.6587,1083.4088,-360.06772,811.8007,1518.6271,1031.6396,924.2291,1422.3969,-204.71695,1079.3926,1361.3247,203.4133,942.7175,1807.9788,-216.05177,1364.4133,1612.6337,66.06902,1181.576,1910.6104,-713.26215,1709.3297,1761.6749,-927.7338,1221.102,1860.8312,-763.6465,1762.2484,1755.0334,-1039.8033,1272.5721,2079.7275,-781.4884,1813.2242,1902.5272,-1239.4696
IMG_4962 copy 27.JPG,653.4973,1063.5262,1230.055,641.66223,1042.1521,1183.3893,636.4982,1043.7002,1183.6163,630.2019,1045.5728,1183.894,657.72614,1035.9247,1222.864,664.81647,1032.9193,1222.8405,672.2793,1029.695,1222.8193,630.9499,1048.3479,936.0893,702.4112,1021.94037,1113.2913,659.0431,1083.1136,1142.6603,679.14014,1074.9263,1192.8832,616.7361,1143.3009,509.7681,867.3301,1097.676,1062.3217,495.70734,1157.7096,-40.03168,873.82635,1303.3403,1082.3566,370.12973,1107.2687,-371.2078,836.08527,1500.7198,1051.7281,332.84366,1075.6768,-476.1206,809.7599,1529.3988,1065.3358,348.69348,1067.7512,-422.76956,802.22003,1528.0331,1008.3434,364.6587,1083.4088,-360.06772,811.8007,1518.6271,1031.6396,924.2291,1422.3969,-204.71695,1079.3926,1361.3247,203.4133,942.7175,1807.9788,-216.05177,1364.4133,1612.6337,66.06902,1181.576,1910.6104,-713.26215,1709.3297,1761.6749,-927.7338,1221.102,1860.8312,-763.6465,1762.2484,1755.0334,-1039.8033,1272.5721,2079.7275,-781.4884,1813.2242,1902.5272,-1239.4696
IMG_4962 copy 28.JPG,653.4973,1063.5262,1230.055,641.66223,1042.1521,1183.3893,636.4982,1043.7002,1183.6163,630.2019,1045.5728,1183.894,657.72614,1035.9247,1222.864,664.81647,1032.9193,1222.8405,672.2793,1029.695,1222.8193,630.9499,1048.3479,936.0893,702.4112,1021.94037,1113.2913,659.0431,1083.1136,1142.6603,679.14014,1074.9263,1192.8832,616.7361,1143.3009,509.7681,867.3301,1097.676,1062.3217,495.70734,1157.7096,-40.03168,873.82635,1303.3403,1082.3566,370.12973,1107.2687,-371.2078,836.08527,1500.7198,1051.7281,332.84366,1075.6768,-476.1206,809.7599,1529.3988,1065.3358,348.69348,1067.7512,-422.76956,802.22003,1528.0331,1008.3434,364.6587,1083.4088,-360.06772,811.8007,1518.6271,1031.6396,924.2291,1422.3969,-204.71695,1079.3926,1361.3247,203.4133,942.7175,1807.9788,-216.05177,1364.4133,1612.6337,66.06902,1181.576,1910.6104,-713.26215,1709.3297,1761.6749,-927.7338,1221.102,1860.8312,-763.6465,1762.2484,1755.0334,-1039.8033,1272.5721,2079.7275,-781.4884,1813.2242,1902.5272,-1239.4696
IMG_4962 copy 29.JPG,653.4973,1063.5262,1230.055,641.66223,1042.1521,1183.3893,636.4982,1043.7002,1183.6163,630.2019,1045.5728,1183.894,657.72614,1035.9247,1222.864,664.81647,1032.9193,1222.8405,672.2793,1029.695,1222.8193,630.9499,1048.3479,936.0893,702.4112,1021.94037,1113.2913,659.0431,1083.1136,1142.6603,679.14014,1074.9263,1192.8832,616.7361,1143.3009,509.7681,867.3301,1097.676,1062.3217,495.70734,1157.7096,-40.03168,873.82635,1303.3403,1082.3566,370.12973,1107.2687,-371.2078,836.08527,1500.7198,1051.7281,332.84366,1075.6768,-476.1206,809.7599,1529.3988,1065.3358,348.69348,1067.7512,-422.76956,802.22003,1528.0331,1008.3434,364.6587,1083.4088,-360.06772,811.8007,1518.6271,1031.6396,924.2291,1422.3969,-204.71695,1079.3926,1361.3247,203.4133,942.7175,1807.9788,-216.05177,1364.4133,1612.6337,66.06902,1181.576,1910.6104,-713.26215,1709.3297,1761.6749,-927.7338,1221.102,1860.8312,-763.6465,1762.2484,1755.0334,-1039.8033,1272.5721,2079.7275,-781.4884,1813.2242,1902.5272,-1239.4696
IMG_4962 copy 3.JPG,653.4973,1063.5262,1230.055,641.66223,1042.1521,1183.3893,636.4982,1043.7002,1183.6163,630.2019,1045.5728,1183.894,657.72614,1035.9247,1222.864,664.81647,1032.9193,1222.8405,672.2793,1029.695,1222.8193,630.9499,1048.3479,936.0893,702.4112,1021.94037,1113.2913,659.0431,1083.1136,1142.6603,679.14014,1074.9263,1192.8832,616.7361,1143.3009,509.7681,867.3301,1097.676,1062.3217,495.70734,1157.7096,-40.03168,873.82635,1303.3403,1082.3566,370.12973,1107.2687,-371.2078,836.08527,1500.7198,1051.7281,332.84366,1075.6768,-476.1206,809.7599,1529.3988,1065.3358,348.69348,1067.7512,-422.76956,802.22003,1528.0331,1008.3434,364.6587,1083.4088,-360.06772,811.8007,1518.6271,1031.6396,924.2291,1422.3969,-204.71695,1079.3926,1361.3247,203.4133,942.7175,1807.9788,-216.05177,1364.4133,1612.6337,66.06902,1181.576,1910.6104,-713.26215,1709.3297,1761.6749,-927.7338,1221.102,1860.8312,-763.6465,1762.2484,1755.0334,-1039.8033,1272.5721,2079.7275,-781.4884,1813.2242,1902.5272,-1239.4696
IMG_4962 copy 30.JPG,653.4973,1063.5262,1230.055,641.66223,1042.1521,1183.3893,636.4982,1043.7002,1183.6163,630.2019,1045.5728,1183.894,657.72614,1035.9247,1222.864,664.81647,1032.9193,1222.8405,672.2793,1029.695,1222.8193,630.9499,1048.3479,936.0893,702.4112,1021.94037,1113.2913,659.0431,1083.1136,1142.6603,679.14014,1074.9263,1192.8832,616.7361,1143.3009,509.7681,867.3301,1097.676,1062.3217,495.70734,1157.7096,-40.03168,873.82635,1303.3403,1082.3566,370.12973,1107.2687,-371.2078,836.08527,1500.7198,1051.7281,332.84366,1075.6768,-476.1206,809.7599,1529.3988,1065.3358,348.69348,1067.7512,-422.76956,802.22003,1528.0331,1008.3434,364.6587,1083.4088,-360.06772,811.8007,1518.6271,1031.6396,924.2291,1422.3969,-204.71695,1079.3926,1361.3247,203.4133,942.7175,1807.9788,-216.05177,1364.4133,1612.6337,66.06902,1181.576,1910.6104,-713.26215,1709.3297,1761.6749,-927.7338,1221.102,1860.8312,-763.6465,1762.2484,1755.0334,-1039.8033,1272.5721,2079.7275,-781.4884,1813.2242,1902.5272,-1239.4696
IMG_4962 copy 31.JPG,653.4973,1063.5262,1230.055,641.66223,1042.1521,1183.3893,636.4982,1043.7002,1183.6163,630.2019,1045.5728,1183.894,657.72614,1035.9247,1222.864,664.81647,1032.9193,1222.8405,672.2793,1029.695,1222.8193,630.9499,1048.3479,936.0893,702.4112,1021.94037,1113.2913,659.0431,1083.1136,1142.6603,679.14014,1074.9263,1192.8832,616.7361,1143.3009,509.7681,867.3301,1097.676,1062.3217,495.70734,1157.7096,-40.03168,873.82635,1303.3403,1082.3566,370.12973,1107.2687,-371.2078,836.08527,1500.7198,1051.7281,332.84366,1075.6768,-476.1206,809.7599,1529.3988,1065.3358,348.69348,1067.7512,-422.76956,802.22003,1528.0331,1008.3434,364.6587,1083.4088,-360.06772,811.8007,1518.6271,1031.6396,924.2291,1422.3969,-204.71695,1079.3926,1361.3247,203.4133,942.7175,1807.9788,-216.05177,1364.4133,1612.6337,66.06902,1181.576,1910.6104,-713.26215,1709.3297,1761.6749,-927.7338,1221.102,1860.8312,-763.6465,1762.2484,1755.0334,-1039.8033,1272.5721,2079.7275,-781.4884,1813.2242,1902.5272,-1239.4696
IMG_4962 copy 32.JPG,653.4973,1063.5262,1230.055,641.66223,1042.1521,1183.3893,636.4982,1043.7002,1183.6163,630.2019,1045.5728,1183.894,657.72614,1035.9247,1222.864,664.81647,1032.9193,1222.8405,672.2793,1029.695,1222.8193,630.9499,1048.3479,936.0893,702.4112,1021.94037,1113.2913,659.0431,1083.1136,1142.6603,679.14014,1074.9263,1192.8832,616.7361,1143.3009,509.7681,867.3301,1097.676,1062.3217,495.70734,1157.7096,-40.03168,873.82635,1303.3403,1082.3566,370.12973,1107.2687,-371.2078,836.08527,1500.7198,1051.7281,332.84366,1075.6768,-476.1206,809.7599,1529.3988,1065.3358,348.69348,1067.7512,-422.76956,802.22003,1528.0331,1008.3434,364.6587,1083.4088,-360.06772,811.8007,1518.6271,1031.6396,924.2291,1422.3969,-204.71695,1079.3926,1361.3247,203.4133,942.7175,1807.9788,-216.05177,1364.4133,1612.6337,66.06902,1181.576,1910.6104,-713.26215,1709.3297,1761.6749,-927.7338,1221.102,1860.8312,-763.6465,1762.2484,1755.0334,-1039.8033,1272.5721,2079.7275,-781.4884,1813.2242,1902.5272,-1239.4696
IMG_4962 copy 33.JPG,653.4973,1063.5262,1230.055,641.66223,1042.1521,1183.3893,636.4982,1043.7002,1183.6163,630.2019,1045.5728,1183.894,657.72614,1035.9247,1222.864,664.81647,1032.9193,1222.8405,672.2793,1029.695,1222.8193,630.9499,1048.3479,936.0893,702.4112,1021.94037,1113.2913,659.0431,1083.1136,1142.6603,679.14014,1074.9263,1192.8832,616.7361,1143.3009,509.7681,867.3301,1097.676,1062.3217,495.70734,1157.7096,-40.03168,873.82635,1303.3403,1082.3566,370.12973,1107.2687,-371.2078,836.08527,1500.7198,1051.7281,332.84366,1075.6768,-476.1206,809.7599,1529.3988,1065.3358,348.69348,1067.7512,-422.76956,802.22003,1528.0331,1008.3434,364.6587,1083.4088,-360.06772,811.8007,1518.6271,1031.6396,924.2291,1422.3969,-204.71695,1079.3926,1361.3247,203.4133,942.7175,1807.9788,-216.05177,1364.4133,1612.6337,66.06902,1181.576,1910.6104,-713.26215,1709.3297,1761.6749,-927.7338,1221.102,1860.8312,-763.6465,1762.2484,1755.0334,-1039.8033,1272.5721,2079.7275,-781.4884,1813.2242,1902.5272,-1239.4696
IMG_4962 copy 4.JPG,653.4973,1063.5262,1230.055,641.66223,1042.1521,1183.3893,636.4982,1043.7002,1183.6163,630.2019,1045.5728,1183.894,657.72614,1035.9247,1222.864,664.81647,1032.9193,1222.8405,672.2793,1029.695,1222.8193,630.9499,1048.3479,936.0893,702.4112,1021.94037,1113.2913,659.0431,1083.1136,1142.6603,679.14014,1074.9263,1192.8832,616.7361,1143.3009,509.7681,867.3301,1097.676,1062.3217,495.70734,1157.7096,-40.03168,873.82635,1303.3403,1082.3566,370.12973,1107.2687,-371.2078,836.08527,1500.7198,1051.7281,332.84366,1075.6768,-476.1206,809.7599,1529.3988,1065.3358,348.69348,1067.7512,-422.76956,802.22003,1528.0331,1008.3434,364.6587,1083.4088,-360.06772,811.8007,1518.6271,1031.6396,924.2291,1422.3969,-204.71695,1079.3926,1361.3247,203.4133,942.7175,1807.9788,-216.05177,1364.4133,1612.6337,66.06902,1181.576,1910.6104,-713.26215,1709.3297,1761.6749,-927.7338,1221.102,1860.8312,-763.6465,1762.2484,1755.0334,-1039.8033,1272.5721,2079.7275,-781.4884,1813.2242,1902.5272,-1239.4696
IMG_4962 copy 5.JPG,653.4973,1063.5262,1230.055,641.66223,1042.1521,1183.3893,636.4982,1043.7002,1183.6163,630.2019,1045.5728,1183.894,657.72614,1035.9247,1222.864,664.81647,1032.9193,1222.8405,672.2793,1029.695,1222.8193,630.9499,1048.3479,936.0893,702.4112,1021.94037,1113.2913,659.0431,1083.1136,1142.6603,679.14014,1074.9263,1192.8832,616.7361,1143.3009,509.7681,867.3301,1097.676,1062.3217,495.70734,1157.7096,-40.03168,873.82635,1303.3403,1082.3566,370.12973,1107.2687,-371.2078,836.08527,1500.7198,1051.7281,332.84366,1075.6768,-476.1206,809.7599,1529.3988,1065.3358,348.69348,1067.7512,-422.76956,802.22003,1528.0331,1008.3434,364.6587,1083.4088,-360.06772,811.8007,1518.6271,1031.6396,924.2291,1422.3969,-204.71695,1079.3926,1361.3247,203.4133,942.7175,1807.9788,-216.05177,1364.4133,1612.6337,66.06902,1181.576,1910.6104,-713.26215,1709.3297,1761.6749,-927.7338,1221.102,1860.8312,-763.6465,1762.2484,1755.0334,-1039.8033,1272.5721,2079.7275,-781.4884,1813.2242,1902.5272,-1239.4696
IMG_4962 copy 6.JPG,653.4973,1063.5262,1230.055,641.66223,1042.1521,1183.3893,636.4982,1043.7002,1183.6163,630.2019,1045.5728,1183.894,657.72614,1035.9247,1222.864,664.81647,1032.9193,1222.8405,672.2793,1029.695,1222.8193,630.9499,1048.3479,936.0893,702.4112,1021.94037,1113.2913,659.0431,1083.1136,1142.6603,679.14014,1074.9263,1192.8832,616.7361,1143.3009,509.7681,867.3301,1097.676,1062.3217,495.70734,1157.7096,-40.03168,873.82635,1303.3403,1082.3566,370.12973,1107.2687,-371.2078,836.08527,1500.7198,1051.7281,332.84366,1075.6768,-476.1206,809.7599,1529.3988,1065.3358,348.69348,1067.7512,-422.76956,802.22003,1528.0331,1008.3434,364.6587,1083.4088,-360.06772,811.8007,1518.6271,1031.6396,924.2291,1422.3969,-204.71695,1079.3926,1361.3247,203.4133,942.7175,1807.9788,-216.05177,1364.4133,1612.6337,66.06902,1181.576,1910.6104,-713.26215,1709.3297,1761.6749,-927.7338,1221.102,1860.8312,-763.6465,1762.2484,1755.0334,-1039.8033,1272.5721,2079.7275,-781.4884,1813.2242,1902.5272,-1239.4696
IMG_4962 copy 7.JPG,653.4973,1063.5262,1230.055,641.66223,1042.1521,1183.3893,636.4982,1043.7002,1183.6163,630.2019,1045.5728,1183.894,657.72614,1035.9247,1222.864,664.81647,1032.9193,1222.8405,672.2793,1029.695,1222.8193,630.9499,1048.3479,936.0893,702.4112,1021.94037,1113.2913,659.0431,1083.1136,1142.6603,679.14014,1074.9263,1192.8832,616.7361,1143.3009,509.7681,867.3301,1097.676,1062.3217,495.70734,1157.7096,-40.03168,873.82635,1303.3403,1082.3566,370.12973,1107.2687,-371.2078,836.08527,1500.7198,1051.7281,332.84366,1075.6768,-476.1206,809.7599,1529.3988,1065.3358,348.69348,1067.7512,-422.76956,802.22003,1528.0331,1008.3434,364.6587,1083.4088,-360.06772,811.8007,1518.6271,1031.6396,924.2291,1422.3969,-204.71695,1079.3926,1361.3247,203.4133,942.7175,1807.9788,-216.05177,1364.4133,1612.6337,66.06902,1181.576,1910.6104,-713.26215,1709.3297,1761.6749,-927.7338,1221.102,1860.8312,-763.6465,1762.2484,1755.0334,-1039.8033,1272.5721,2079.7275,-781.4884,1813.2242,1902.5272,-1239.4696
IMG_4962 copy 8.JPG,653.4973,1063.5262,1230.055,641.66223,1042.1521,1183.3893,636.4982,1043.7002,1183.6163,630.2019,1045.5728,1183.894,657.72614,1035.9247,1222.864,664.81647,1032.9193,1222.8405,672.2793,1029.695,1222.8193,630.9499,1048.3479,936.0893,702.4112,1021.94037,1113.2913,659.0431,1083.1136,1142.6603,679.14014,1074.9263,1192.8832,616.7361,1143.3009,509.7681,867.3301,1097.676,1062.3217,495.70734,1157.7096,-40.03168,873.82635,1303.3403,1082.3566,370.12973,1107.2687,-371.2078,836.08527,1500.7198,1051.7281,332.84366,1075.6768,-476.1206,809.7599,1529.3988,1065.3358,348.69348,1067.7512,-422.76956,802.22003,1528.0331,1008.3434,364.6587,1083.4088,-360.06772,811.8007,1518.6271,1031.6396,924.2291,1422.3969,-204.71695,1079.3926,1361.3247,203.4133,942.7175,1807.9788,-216.05177,1364.4133,1612.6337,66.06902,1181.576,1910.6104,-713.26215,1709.3297,1761.6749,-927.7338,1221.102,1860.8312,-763.6465,1762.2484,1755.0334,-1039.8033,1272.5721,2079.7275,-781.4884,1813.2242,1902.5272,-1239.4696
IMG_4962 copy 9.JPG,653.4973,1063.5262,1230.055,641.66223,1042.1521,1183.3893,636.4982,1043.7002,1183.6163,630.2019,1045.5728,1183.894,657.72614,1035.9247,1222.864,664.81647,1032.9193,1222.8405,672.2793,1029.695,1222.8193,630.9499,1048.3479,936.0893,702.4112,1021.94037,1113.2913,659.0431,1083.1136,1142.6603,679.14014,1074.9263,1192.8832,616.7361,1143.3009,509.7681,867.3301,1097.676,1062.3217,495.70734,1157.7096,-40.03168,873.82635,1303.3403,1082.3566,370.12973,1107.2687,-371.2078,836.08527,1500.7198,1051.7281,332.84366,1075.6768,-476.1206,809.7599,1529.3988,1065.3358,348.69348,1067.7512,-422.76956,802.22003,1528.0331,1008.3434,364.6587,1083.4088,-360.06772,811.8007,1518.6271,1031.6396,924.2291,1422.3969,-204.71695,1079.3926,1361.3247,203.4133,942.7175,1807.9788,-216.05177,1364.4133,1612.6337,66.06902,1181.576,1910.6104,-713.26215,1709.3297,1761.6749,-927.7338,1221.102,1860.8312,-763.6465,1762.2484,1755.0334,-1039.8033,1272.5721,2079.7275,-781.4884,1813.2242,1902.5272,-1239.4696
IMG_4962 copy.JPG,653.4973,1063.5262,1230.055,641.66223,1042.1521,1183.3893,636.4982,1043.7002,1183.6163,630.2019,1045.5728,1183.894,657.72614,1035.9247,1222.864,664.81647,1032.9193,1222.8405,672.2793,1029.695,1222.8193,630.9499,1048.3479,936.0893,702.4112,1021.94037,1113.2913,659.0431,1083.1136,1142.6603,679.14014,1074.9263,1192.8832,616.7361,1143.3009,509.7681,867.3301,1097.676,1062.3217,495.70734,1157.7096,-40.03168,873.82635,1303.3403,1082.3566,370.12973,1107.2687,-371.2078,836.08527,1500.7198,1051.7281,332.84366,1075.6768,-476.1206,809.7599,1529.3988,1065.3358,348.69348,1067.7512,-422.76956,802.22003,1528.0331,1008.3434,364.6587,1083.4088,-360.06772,811.8007,1518.6271,1031.6396,924.2291,1422.3969,-204.71695,1079.3926,1361.3247,203.4133,942.7175,1807.9788,-216.05177,1364.4133,1612.6337,66.06902,1181.576,1910.6104,-713.26215,1709.3297,1761.6749,-927.7338,1221.102,1860.8312,-763.6465,1762.2484,1755.0334,-1039.8033,1272.5721,2079.7275,-781.4884,1813.2242,1902.5272,-1239.4696
IMG_4962.JPG,653.4973,1063.5262,1230.055,641.66223,1042.1521,1183.3893,636.4982,1043.7002,1183.6163,630.2019,1045.5728,1183.894,657.72614,1035.9247,1222.864,664.81647,1032.9193,1222.8405,672.2793,1029.695,1222.8193,630.9499,1048.3479,936.0893,702.4112,1021.94037,1113.2913,659.0431,1083.1136,1142.6603,679.14014,1074.9263,1192.8832,616.7361,1143.3009,509.7681,867.3301,1097.676,1062.3217,495.70734,1157.7096,-40.03168,873.82635,1303.3403,1082.3566,370.12973,1107.2687,-371.2078,836.08527,1500.7198,1051.7281,332.84366,1075.6768,-476.1206,809.7599,1529.3988,1065.3358,348.69348,1067.7512,-422.76956,802.22003,1528.0331,1008.3434,364.6587,1083.4088,-360.06772,811.8007,1518.6271,1031.6396,924.2291,1422.3969,-204.71695,1079.3926,1361.3247,203.4133,942.7175,1807.9788,-216.05177,1364.4133,1612.6337,66.06902,1181.576,1910.6104,-713.26215,1709.3297,1761.6749,-927.7338,1221.102,1860.8312,-763.6465,1762.2484,1755.0334,-1039.8033,1272.5721,2079.7275,-781.4884,1813.2242,1902.5272,-1239.4696
IMG_4966 copy 10.JPG,1319.9235,1556.3082,-1364.4095,1343.3671,1532.6991,-1396.4202,1349.9409,1529.6531,-1396.5347,1355.9772,1526.3071,-1397.108,1318.1052,1525.8143,-1440.2433,1307.2649,1518.1769,-1440.5065,1296.0663,1510.4236,-1440.8704,1338.9302,1471.4614,-1317.974,1263.9144,1464.9308,-1526.1547,1302.5696,1550.3828,-1306.2439,1278.1229,1540.8575,-1368.265,1362.6448,1384.5072,-1135.4246,1056.825,1416.2926,-1402.7445,1571.4587,1541.3492,-1044.4235,1016.07416,1660.5779,-1641.0547,1821.1702,1653.2767,-1267.7999,1039.6019,1894.1437,-1984.5798,1924.3209,1645.3367,-1417.0011,1060.7576,1943.9136,-2203.969,1914.3057,1657.1846,-1482.399,1083.2882,1933.8694,-2174.9446,1861.5261,1666.9785,-1304.3329,1076.41,1915.1495,-1996.0111,957.46985,1335.5669,180.64433,813.1257,1273.2483,-180.96053,920.4834,1577.7881,774.611,592.8734,1210.8452,565.0164,768.2784,1414.034,1714.5369,406.37286,1037.0447,1382.2797,769.61725,1382.4727,1814.818,384.5019,983.874,1463.6346,697.6546,1449.2328,1810.994,335.75864,1085.2242,1330.1127
IMG_4966 copy 11.JPG,1319.9235,1556.3082,-1364.4095,1343.3671,1532.6991,-1396.4202,1349.9409,1529.6531,-1396.5347,1355.9772,1526.3071,-1397.108,1318.1052,1525.8143,-1440.2433,1307.2649,1518.1769,-1440.5065,1296.0663,1510.4236,-1440.8704,1338.9302,1471.4614,-1317.974,1263.9144,1464.9308,-1526.1547,1302.5696,1550.3828,-1306.2439,1278.1229,1540.8575,-1368.265,1362.6448,1384.5072,-1135.4246,1056.825,1416.2926,-1402.7445,1571.4587,1541.3492,-1044.4235,1016.07416,1660.5779,-1641.0547,1821.1702,1653.2767,-1267.7999,1039.6019,1894.1437,-1984.5798,1924.3209,1645.3367,-1417.0011,1060.7576,1943.9136,-2203.969,1914.3057,1657.1846,-1482.399,1083.2882,1933.8694,-2174.9446,1861.5261,1666.9785,-1304.3329,1076.41,1915.1495,-1996.0111,957.46985,1335.5669,180.64433,813.1257,1273.2483,-180.96053,920.4834,1577.7881,774.611,592.8734,1210.8452,565.0164,768.2784,1414.034,1714.5369,406.37286,1037.0447,1382.2797,769.61725,1382.4727,1814.818,384.5019,983.874,1463.6346,697.6546,1449.2328,1810.994,335.75864,1085.2242,1330.1127
IMG_4966 copy 12.JPG,1319.9235,1556.3082,-1364.4095,1343.3671,1532.6991,-1396.4202,1349.9409,1529.6531,-1396.5347,1355.9772,1526.3071,-1397.108,1318.1052,1525.8143,-1440.2433,1307.2649,1518.1769,-1440.5065,1296.0663,1510.4236,-1440.8704,1338.9302,1471.4614,-1317.974,1263.9144,1464.9308,-1526.1547,1302.5696,1550.3828,-1306.2439,1278.1229,1540.8575,-1368.265,1362.6448,1384.5072,-1135.4246,1056.825,1416.2926,-1402.7445,1571.4587,1541.3492,-1044.4235,1016.07416,1660.5779,-1641.0547,1821.1702,1653.2767,-1267.7999,1039.6019,1894.1437,-1984.5798,1924.3209,1645.3367,-1417.0011,1060.7576,1943.9136,-2203.969,1914.3057,1657.1846,-1482.399,1083.2882,1933.8694,-2174.9446,1861.5261,1666.9785,-1304.3329,1076.41,1915.1495,-1996.0111,957.46985,1335.5669,180.64433,813.1257,1273.2483,-180.96053,920.4834,1577.7881,774.611,592.8734,1210.8452,565.0164,768.2784,1414.034,1714.5369,406.37286,1037.0447,1382.2797,769.61725,1382.4727,1814.818,384.5019,983.874,1463.6346,697.6546,1449.2328,1810.994,335.75864,1085.2242,1330.1127
IMG_4966 copy 13.JPG,1319.9235,1556.3082,-1364.4095,1343.3671,1532.6991,-1396.4202,1349.9409,1529.6531,-1396.5347,1355.9772,1526.3071,-1397.108,1318.1052,1525.8143,-1440.2433,1307.2649,1518.1769,-1440.5065,1296.0663,1510.4236,-1440.8704,1338.9302,1471.4614,-1317.974,1263.9144,1464.9308,-1526.1547,1302.5696,1550.3828,-1306.2439,1278.1229,1540.8575,-1368.265,1362.6448,1384.5072,-1135.4246,1056.825,1416.2926,-1402.7445,1571.4587,1541.3492,-1044.4235,1016.07416,1660.5779,-1641.0547,1821.1702,1653.2767,-1267.7999,1039.6019,1894.1437,-1984.5798,1924.3209,1645.3367,-1417.0011,1060.7576,1943.9136,-2203.969,1914.3057,1657.1846,-1482.399,1083.2882,1933.8694,-2174.9446,1861.5261,1666.9785,-1304.3329,1076.41,1915.1495,-1996.0111,957.46985,1335.5669,180.64433,813.1257,1273.2483,-180.96053,920.4834,1577.7881,774.611,592.8734,1210.8452,565.0164,768.2784,1414.034,1714.5369,406.37286,1037.0447,1382.2797,769.61725,1382.4727,1814.818,384.5019,983.874,1463.6346,697.6546,1449.2328,1810.994,335.75864,1085.2242,1330.1127
IMG_4966 copy 14.JPG,1319.9235,1556.3082,-1364.4095,1343.3671,1532.6991,-1396.4202,1349.9409,1529.6531,-1396.5347,1355.9772,1526.3071,-1397.108,1318.1052,1525.8143,-1440.2433,1307.2649,1518.1769,-1440.5065,1296.0663,1510.4236,-1440.8704,1338.9302,1471.4614,-1317.974,1263.9144,1464.9308,-1526.1547,1302.5696,1550.3828,-1306.2439,1278.1229,1540.8575,-1368.265,1362.6448,1384.5072,-1135.4246,1056.825,1416.2926,-1402.7445,1571.4587,1541.3492,-1044.4235,1016.07416,1660.5779,-1641.0547,1821.1702,1653.2767,-1267.7999,1039.6019,1894.1437,-1984.5798,1924.3209,1645.3367,-1417.0011,1060.7576,1943.9136,-2203.969,1914.3057,1657.1846,-1482.399,1083.2882,1933.8694,-2174.9446,1861.5261,1666.9785,-1304.3329,1076.41,1915.1495,-1996.0111,957.46985,1335.5669,180.64433,813.1257,1273.2483,-180.96053,920.4834,1577.7881,774.611,592.8734,1210.8452,565.0164,768.2784,1414.034,1714.5369,406.37286,1037.0447,1382.2797,769.61725,1382.4727,1814.818,384.5019,983.874,1463.6346,697.6546,1449.2328,1810.994,335.75864,1085.2242,1330.1127
IMG_4966 copy 15.JPG,1319.9235,1556.3082,-1364.4095,1343.3671,1532.6991,-1396.4202,1349.9409,1529.6531,-1396.5347,1355.9772,1526.3071,-1397.108,1318.1052,1525.8143,-1440.2433,1307.2649,1518.1769,-1440.5065,1296.0663,1510.4236,-1440.8704,1338.9302,1471.4614,-1317.974,1263.9144,1464.9308,-1526.1547,1302.5696,1550.3828,-1306.2439,1278.1229,1540.8575,-1368.265,1362.6448,1384.5072,-1135.4246,1056.825,1416.2926,-1402.7445,1571.4587,1541.3492,-1044.4235,1016.07416,1660.5779,-1641.0547,1821.1702,1653.2767,-1267.7999,1039.6019,1894.1437,-1984.5798,1924.3209,1645.3367,-1417.0011,1060.7576,1943.9136,-2203.969,1914.3057,1657.1846,-1482.399,1083.2882,1933.8694,-2174.9446,1861.5261,1666.9785,-1304.3329,1076.41,1915.1495,-1996.0111,957.46985,1335.5669,180.64433,813.1257,1273.2483,-180.96053,920.4834,1577.7881,774.611,592.8734,1210.8452,565.0164,768.2784,1414.034,1714.5369,406.37286,1037.0447,1382.2797,769.61725,1382.4727,1814.818,384.5019,983.874,1463.6346,697.6546,1449.2328,1810.994,335.75864,1085.2242,1330.1127
IMG_4966 copy 16.JPG,1319.9235,1556.3082,-1364.4095,1343.3671,1532.6991,-1396.4202,1349.9409,1529.6531,-1396.5347,1355.9772,1526.3071,-1397.108,1318.1052,1525.8143,-1440.2433,1307.2649,1518.1769,-1440.5065,1296.0663,1510.4236,-1440.8704,1338.9302,1471.4614,-1317.974,1263.9144,1464.9308,-1526.1547,1302.5696,1550.3828,-1306.2439,1278.1229,1540.8575,-1368.265,1362.6448,1384.5072,-1135.4246,1056.825,1416.2926,-1402.7445,1571.4587,1541.3492,-1044.4235,1016.07416,1660.5779,-1641.0547,1821.1702,1653.2767,-1267.7999,1039.6019,1894.1437,-1984.5798,1924.3209,1645.3367,-1417.0011,1060.7576,1943.9136,-2203.969,1914.3057,1657.1846,-1482.399,1083.2882,1933.8694,-2174.9446,1861.5261,1666.9785,-1304.3329,1076.41,1915.1495,-1996.0111,957.46985,1335.5669,180.64433,813.1257,1273.2483,-180.96053,920.4834,1577.7881,774.611,592.8734,1210.8452,565.0164,768.2784,1414.034,1714.5369,406.37286,1037.0447,1382.2797,769.61725,1382.4727,1814.818,384.5019,983.874,1463.6346,697.6546,1449.2328,1810.994,335.75864,1085.2242,1330.1127
IMG_4966 copy 17.JPG,1319.9235,1556.3082,-1364.4095,1343.3671,1532.6991,-1396.4202,1349.9409,1529.6531,-1396.5347,1355.9772,1526.3071,-1397.108,1318.1052,1525.8143,-1440.2433,1307.2649,1518.1769,-1440.5065,1296.0663,1510.4236,-1440.8704,1338.9302,1471.4614,-1317.974,1263.9144,1464.9308,-1526.1547,1302.5696,1550.3828,-1306.2439,1278.1229,1540.8575,-1368.265,1362.6448,1384.5072,-1135.4246,1056.825,1416.2926,-1402.7445,1571.4587,1541.3492,-1044.4235,1016.07416,1660.5779,-1641.0547,1821.1702,1653.2767,-1267.7999,1039.6019,1894.1437,-1984.5798,1924.3209,1645.3367,-1417.0011,1060.7576,1943.9136,-2203.969,1914.3057,1657.1846,-1482.399,1083.2882,1933.8694,-2174.9446,1861.5261,1666.9785,-1304.3329,1076.41,1915.1495,-1996.0111,957.46985,1335.5669,180.64433,813.1257,1273.2483,-180.96053,920.4834,1577.7881,774.611,592.8734,1210.8452,565.0164,768.2784,1414.034,1714.5369,406.37286,1037.0447,1382.2797,769.61725,1382.4727,1814.818,384.5019,983.874,1463.6346,697.6546,1449.2328,1810.994,335.75864,1085.2242,1330.1127
IMG_4966 copy 18.JPG,1319.9235,1556.3082,-1364.4095,1343.3671,1532.6991,-1396.4202,1349.9409,1529.6531,-1396.5347,1355.9772,1526.3071,-1397.108,1318.1052,1525.8143,-1440.2433,1307.2649,1518.1769,-1440.5065,1296.0663,1510.4236,-1440.8704,1338.9302,1471.4614,-1317.974,1263.9144,1464.9308,-1526.1547,1302.5696,1550.3828,-1306.2439,1278.1229,1540.8575,-1368.265,1362.6448,1384.5072,-1135.4246,1056.825,1416.2926,-1402.7445,1571.4587,1541.3492,-1044.4235,1016.07416,1660.5779,-1641.0547,1821.1702,1653.2767,-1267.7999,1039.6019,1894.1437,-1984.5798,1924.3209,1645.3367,-1417.0011,1060.7576,1943.9136,-2203.969,1914.3057,1657.1846,-1482.399,1083.2882,1933.8694,-2174.9446,1861.5261,1666.9785,-1304.3329,1076.41,1915.1495,-1996.0111,957.46985,1335.5669,180.64433,813.1257,1273.2483,-180.96053,920.4834,1577.7881,774.611,592.8734,1210.8452,565.0164,768.2784,1414.034,1714.5369,406.37286,1037.0447,1382.2797,769.61725,1382.4727,1814.818,384.5019,983.874,1463.6346,697.6546,1449.2328,1810.994,335.75864,1085.2242,1330.1127
IMG_4966 copy 19.JPG,1319.9235,1556.3082,-1364.4095,1343.3671,1532.6991,-1396.4202,1349.9409,1529.6531,-1396.5347,1355.9772,1526.3071,-1397.108,1318.1052,1525.8143,-1440.2433,1307.2649,1518.1769,-1440.5065,1296.0663,1510.4236,-1440.8704,1338.9302,1471.4614,-1317.974,1263.9144,1464.9308,-1526.1547,1302.5696,1550.3828,-1306.2439,1278.1229,1540.8575,-1368.265,1362.6448,1384.5072,-1135.4246,1056.825,1416.2926,-1402.7445,1571.4587,1541.3492,-1044.4235,1016.07416,1660.5779,-1641.0547,1821.1702,1653.2767,-1267.7999,1039.6019,1894.1437,-1984.5798,1924.3209,1645.3367,-1417.0011,1060.7576,1943.9136,-2203.969,1914.3057,1657.1846,-1482.399,1083.2882,1933.8694,-2174.9446,1861.5261,1666.9785,-1304.3329,1076.41,1915.1495,-1996.0111,957.46985,1335.5669,180.64433,813.1257,1273.2483,-180.96053,920.4834,1577.7881,774.611,592.8734,1210.8452,565.0164,768.2784,1414.034,1714.5369,406.37286,1037.0447,1382.2797,769.61725,1382.4727,1814.818,384.5019,983.874,1463.6346,697.6546,1449.2328,1810.994,335.75864,1085.2242,1330.1127
IMG_4966 copy 2.JPG,1319.9235,1556.3082,-1364.4095,1343.3671,1532.6991,-1396.4202,1349.9409,1529.6531,-1396.5347,1355.9772,1526.3071,-1397.108,1318.1052,1525.8143,-1440.2433,1307.2649,1518.1769,-1440.5065,1296.0663,1510.4236,-1440.8704,1338.9302,1471.4614,-1317.974,1263.9144,1464.9308,-1526.1547,1302.5696,1550.3828,-1306.2439,1278.1229,1540.8575,-1368.265,1362.6448,1384.5072,-1135.4246,1056.825,1416.2926,-1402.7445,1571.4587,1541.3492,-1044.4235,1016.07416,1660.5779,-1641.0547,1821.1702,1653.2767,-1267.7999,1039.6019,1894.1437,-1984.5798,1924.3209,1645.3367,-1417.0011,1060.7576,1943.9136,-2203.969,1914.3057,1657.1846,-1482.399,1083.2882,1933.8694,-2174.9446,1861.5261,1666.9785,-1304.3329,1076.41,1915.1495,-1996.0111,957.46985,1335.5669,180.64433,813.1257,1273.2483,-180.96053,920.4834,1577.7881,774.611,592.8734,1210.8452,565.0164,768.2784,1414.034,1714.5369,406.37286,1037.0447,1382.2797,769.61725,1382.4727,1814.818,384.5019,983.874,1463.6346,697.6546,1449.2328,1810.994,335.75864,1085.2242,1330.1127
IMG_4966 copy 20.JPG,1319.9235,1556.3082,-1364.4095,1343.3671,1532.6991,-1396.4202,1349.9409,1529.6531,-1396.5347,1355.9772,1526.3071,-1397.108,1318.1052,1525.8143,-1440.2433,1307.2649,1518.1769,-1440.5065,1296.0663,1510.4236,-1440.8704,1338.9302,1471.4614,-1317.974,1263.9144,1464.9308,-1526.1547,1302.5696,1550.3828,-1306.2439,1278.1229,1540.8575,-1368.265,1362.6448,1384.5072,-1135.4246,1056.825,1416.2926,-1402.7445,1571.4587,1541.3492,-1044.4235,1016.07416,1660.5779,-1641.0547,1821.1702,1653.2767,-1267.7999,1039.6019,1894.1437,-1984.5798,1924.3209,1645.3367,-1417.0011,1060.7576,1943.9136,-2203.969,1914.3057,1657.1846,-1482.399,1083.2882,1933.8694,-2174.9446,1861.5261,1666.9785,-1304.3329,1076.41,1915.1495,-1996.0111,957.46985,1335.5669,180.64433,813.1257,1273.2483,-180.96053,920.4834,1577.7881,774.611,592.8734,1210.8452,565.0164,768.2784,1414.034,1714.5369,406.37286,1037.0447,1382.2797,769.61725,1382.4727,1814.818,384.5019,983.874,1463.6346,697.6546,1449.2328,1810.994,335.75864,1085.2242,1330.1127
IMG_4966 copy 21.JPG,1319.9235,1556.3082,-1364.4095,1343.3671,1532.6991,-1396.4202,1349.9409,1529.6531,-1396.5347,1355.9772,1526.3071,-1397.108,1318.1052,1525.8143,-1440.2433,1307.2649,1518.1769,-1440.5065,1296.0663,1510.4236,-1440.8704,1338.9302,1471.4614,-1317.974,1263.9144,1464.9308,-1526.1547,1302.5696,1550.3828,-1306.2439,1278.1229,1540.8575,-1368.265,1362.6448,1384.5072,-1135.4246,1056.825,1416.2926,-1402.7445,1571.4587,1541.3492,-1044.4235,1016.07416,1660.5779,-1641.0547,1821.1702,1653.2767,-1267.7999,1039.6019,1894.1437,-1984.5798,1924.3209,1645.3367,-1417.0011,1060.7576,1943.9136,-2203.969,1914.3057,1657.1846,-1482.399,1083.2882,1933.8694,-2174.9446,1861.5261,1666.9785,-1304.3329,1076.41,1915.1495,-1996.0111,957.46985,1335.5669,180.64433,813.1257,1273.2483,-180.96053,920.4834,1577.7881,774.611,592.8734,1210.8452,565.0164,768.2784,1414.034,1714.5369,406.37286,1037.0447,1382.2797,769.61725,1382.4727,1814.818,384.5019,983.874,1463.6346,697.6546,1449.2328,1810.994,335.75864,1085.2242,1330.1127
IMG_4966 copy 22.JPG,1319.9235,1556.3082,-1364.4095,1343.3671,1532.6991,-1396.4202,1349.9409,1529.6531,-1396.5347,1355.9772,1526.3071,-1397.108,1318.1052,1525.8143,-1440.2433,1307.2649,1518.1769,-1440.5065,1296.0663,1510.4236,-1440.8704,1338.9302,1471.4614,-1317.974,1263.9144,1464.9308,-1526.1547,1302.5696,1550.3828,-1306.2439,1278.1229,1540.8575,-1368.265,1362.6448,1384.5072,-1135.4246,1056.825,1416.2926,-1402.7445,1571.4587,1541.3492,-1044.4235,1016.07416,1660.5779,-1641.0547,1821.1702,1653.2767,-1267.7999,1039.6019,1894.1437,-1984.5798,1924.3209,1645.3367,-1417.0011,1060.7576,1943.9136,-2203.969,1914.3057,1657.1846,-1482.399,1083.2882,1933.8694,-2174.9446,1861.5261,1666.9785,-1304.3329,1076.41,1915.1495,-1996.0111,957.46985,1335.5669,180.64433,813.1257,1273.2483,-180.96053,920.4834,1577.7881,774.611,592.8734,1210.8452,565.0164,768.2784,1414.034,1714.5369,406.37286,1037.0447,1382.2797,769.61725,1382.4727,1814.818,384.5019,983.874,1463.6346,697.6546,1449.2328,1810.994,335.75864,1085.2242,1330.1127
IMG_4966 copy 23.JPG,1319.9235,1556.3082,-1364.4095,1343.3671,1532.6991,-1396.4202,1349.9409,1529.6531,-1396.5347,1355.9772,1526.3071,-1397.108,1318.1052,1525.8143,-1440.2433,1307.2649,1518.1769,-1440.5065,1296.0663,1510.4236,-1440.8704,1338.9302,1471.4614,-1317.974,1263.9144,1464.9308,-1526.1547,1302.5696,1550.3828,-1306.2439,1278.1229,1540.8575,-1368.265,1362.6448,1384.5072,-1135.4246,1056.825,1416.2926,-1402.7445,1571.4587,1541.3492,-1044.4235,1016.07416,1660.5779,-1641.0547,1821.1702,1653.2767,-1267.7999,1039.6019,1894.1437,-1984.5798,1924.3209,1645.3367,-1417.0011,1060.7576,1943.9136,-2203.969,1914.3057,1657.1846,-1482.399,1083.2882,1933.8694,-2174.9446,1861.5261,1666.9785,-1304.3329,1076.41,1915.1495,-1996.0111,957.46985,1335.5669,180.64433,813.1257,1273.2483,-180.96053,920.4834,1577.7881,774.611,592.8734,1210.8452,565.0164,768.2784,1414.034,1714.5369,406.37286,1037.0447,1382.2797,769.61725,1382.4727,1814.818,384.5019,983.874,1463.6346,697.6546,1449.2328,1810.994,335.75864,1085.2242,1330.1127
IMG_4966 copy 24.JPG,1319.9235,1556.3082,-1364.4095,1343.3671,1532.6991,-1396.4202,1349.9409,1529.6531,-1396.5347,1355.9772,1526.3071,-1397.108,1318.1052,1525.8143,-1440.2433,1307.2649,1518.1769,-1440.5065,1296.0663,1510.4236,-1440.8704,1338.9302,1471.4614,-1317.974,1263.9144,1464.9308,-1526.1547,1302.5696,1550.3828,-1306.2439,1278.1229,1540.8575,-1368.265,1362.6448,1384.5072,-1135.4246,1056.825,1416.2926,-1402.7445,1571.4587,1541.3492,-1044.4235,1016.07416,1660.5779,-1641.0547,1821.1702,1653.2767,-1267.7999,1039.6019,1894.1437,-1984.5798,1924.3209,1645.3367,-1417.0011,1060.7576,1943.9136,-2203.969,1914.3057,1657.1846,-1482.399,1083.2882,1933.8694,-2174.9446,1861.5261,1666.9785,-1304.3329,1076.41,1915.1495,-1996.0111,957.46985,1335.5669,180.64433,813.1257,1273.2483,-180.96053,920.4834,1577.7881,774.611,592.8734,1210.8452,565.0164,768.2784,1414.034,1714.5369,406.37286,1037.0447,1382.2797,769.61725,1382.4727,1814.818,384.5019,983.874,1463.6346,697.6546,1449.2328,1810.994,335.75864,1085.2242,1330.1127
IMG_4966 copy 25.JPG,1319.9235,1556.3082,-1364.4095,1343.3671,1532.6991,-1396.4202,1349.9409,1529.6531,-1396.5347,1355.9772,1526.3071,-1397.108,1318.1052,1525.8143,-1440.2433,1307.2649,1518.1769,-1440.5065,1296.0663,1510.4236,-1440.8704,1338.9302,1471.4614,-1317.974,1263.9144,1464.9308,-1526.1547,1302.5696,1550.3828,-1306.2439,1278.1229,1540.8575,-1368.265,1362.6448,1384.5072,-1135.4246,1056.825,1416.2926,-1402.7445,1571.4587,1541.3492,-1044.4235,1016.07416,1660.5779,-1641.0547,1821.1702,1653.2767,-1267.7999,1039.6019,1894.1437,-1984.5798,1924.3209,1645.3367,-1417.0011,1060.7576,1943.9136,-2203.969,1914.3057,1657.1846,-1482.399,1083.2882,1933.8694,-2174.9446,1861.5261,1666.9785,-1304.3329,1076.41,1915.1495,-1996.0111,957.46985,1335.5669,180.64433,813.1257,1273.2483,-180.96053,920.4834,1577.7881,774.611,592.8734,1210.8452,565.0164,768.2784,1414.034,1714.5369,406.37286,1037.0447,1382.2797,769.61725,1382.4727,1814.818,384.5019,983.874,1463.6346,697.6546,1449.2328,1810.994,335.75864,1085.2242,1330.1127
IMG_4966 copy 26.JPG,1319.9235,1556.3082,-1364.4095,1343.3671,1532.6991,-1396.4202,1349.9409,1529.6531,-1396.5347,1355.9772,1526.3071,-1397.108,1318.1052,1525.8143,-1440.2433,1307.2649,1518.1769,-1440.5065,1296.0663,1510.4236,-1440.8704,1338.9302,1471.4614,-1317.974,1263.9144,1464.9308,-1526.1547,1302.5696,1550.3828,-1306.2439,1278.1229,1540.8575,-1368.265,1362.6448,1384.5072,-1135.4246,1056.825,1416.2926,-1402.7445,1571.4587,1541.3492,-1044.4235,1016.07416,1660.5779,-1641.0547,1821.1702,1653.2767,-1267.7999,1039.6019,1894.1437,-1984.5798,1924.3209,1645.3367,-1417.0011,1060.7576,1943.9136,-2203.969,1914.3057,1657.1846,-1482.399,1083.2882,1933.8694,-2174.9446,1861.5261,1666.9785,-1304.3329,1076.41,1915.1495,-1996.0111,957.46985,1335.5669,180.64433,813.1257,1273.2483,-180.96053,920.4834,1577.7881,774.611,592.8734,1210.8452,565.0164,768.2784,1414.034,1714.5369,406.37286,1037.0447,1382.2797,769.61725,1382.4727,1814.818,384.5019,983.874,1463.6346,697.6546,1449.2328,1810.994,335.75864,1085.2242,1330.1127
IMG_4966 copy 27.JPG,1319.9235,1556.3082,-1364.4095,1343.3671,1532.6991,-1396.4202,1349.9409,1529.6531,-1396.5347,1355.9772,1526.3071,-1397.108,1318.1052,1525.8143,-1440.2433,1307.2649,1518.1769,-1440.5065,1296.0663,1510.4236,-1440.8704,1338.9302,1471.4614,-1317.974,1263.9144,1464.9308,-1526.1547,1302.5696,1550.3828,-1306.2439,1278.1229,1540.8575,-1368.265,1362.6448,1384.5072,-1135.4246,1056.825,1416.2926,-1402.7445,1571.4587,1541.3492,-1044.4235,1016.07416,1660.5779,-1641.0547,1821.1702,1653.2767,-1267.7999,1039.6019,1894.1437,-1984.5798,1924.3209,1645.3367,-1417.0011,1060.7576,1943.9136,-2203.969,1914.3057,1657.1846,-1482.399,1083.2882,1933.8694,-2174.9446,1861.5261,1666.9785,-1304.3329,1076.41,1915.1495,-1996.0111,957.46985,1335.5669,180.64433,813.1257,1273.2483,-180.96053,920.4834,1577.7881,774.611,592.8734,1210.8452,565.0164,768.2784,1414.034,1714.5369,406.37286,1037.0447,1382.2797,769.61725,1382.4727,1814.818,384.5019,983.874,1463.6346,697.6546,1449.2328,1810.994,335.75864,1085.2242,1330.1127
IMG_4966 copy 28.JPG,1319.9235,1556.3082,-1364.4095,1343.3671,1532.6991,-1396.4202,1349.9409,1529.6531,-1396.5347,1355.9772,1526.3071,-1397.108,1318.1052,1525.8143,-1440.2433,1307.2649,1518.1769,-1440.5065,1296.0663,1510.4236,-1440.8704,1338.9302,1471.4614,-1317.974,1263.9144,1464.9308,-1526.1547,1302.5696,1550.3828,-1306.2439,1278.1229,1540.8575,-1368.265,1362.6448,1384.5072,-1135.4246,1056.825,1416.2926,-1402.7445,1571.4587,1541.3492,-1044.4235,1016.07416,1660.5779,-1641.0547,1821.1702,1653.2767,-1267.7999,1039.6019,1894.1437,-1984.5798,1924.3209,1645.3367,-1417.0011,1060.7576,1943.9136,-2203.969,1914.3057,1657.1846,-1482.399,1083.2882,1933.8694,-2174.9446,1861.5261,1666.9785,-1304.3329,1076.41,1915.1495,-1996.0111,957.46985,1335.5669,180.64433,813.1257,1273.2483,-180.96053,920.4834,1577.7881,774.611,592.8734,1210.8452,565.0164,768.2784,1414.034,1714.5369,406.37286,1037.0447,1382.2797,769.61725,1382.4727,1814.818,384.5019,983.874,1463.6346,697.6546,1449.2328,1810.994,335.75864,1085.2242,1330.1127
IMG_4966 copy 29.JPG,1319.9235,1556.3082,-1364.4095,1343.3671,1532.6991,-1396.4202,1349.9409,1529.6531,-1396.5347,1355.9772,1526.3071,-1397.108,1318.1052,1525.8143,-1440.2433,1307.2649,1518.1769,-1440.5065,1296.0663,1510.4236,-1440.8704,1338.9302,1471.4614,-1317.974,1263.9144,1464.9308,-1526.1547,1302.5696,1550.3828,-1306.2439,1278.1229,1540.8575,-1368.265,1362.6448,1384.5072,-1135.4246,1056.825,1416.2926,-1402.7445,1571.4587,1541.3492,-1044.4235,1016.07416,1660.5779,-1641.0547,1821.1702,1653.2767,-1267.7999,1039.6019,1894.1437,-1984.5798,1924.3209,1645.3367,-1417.0011,1060.7576,1943.9136,-2203.969,1914.3057,1657.1846,-1482.399,1083.2882,1933.8694,-2174.9446,1861.5261,1666.9785,-1304.3329,1076.41,1915.1495,-1996.0111,957.46985,1335.5669,180.64433,813.1257,1273.2483,-180.96053,920.4834,1577.7881,774.611,592.8734,1210.8452,565.0164,768.2784,1414.034,1714.5369,406.37286,1037.0447,1382.2797,769.61725,1382.4727,1814.818,384.5019,983.874,1463.6346,697.6546,1449.2328,1810.994,335.75864,1085.2242,1330.1127
IMG_4966 copy 3.JPG,1319.9235,1556.3082,-1364.4095,1343.3671,1532.6991,-1396.4202,1349.9409,1529.6531,-1396.5347,1355.9772,1526.3071,-1397.108,1318.1052,1525.8143,-1440.2433,1307.2649,1518.1769,-1440.5065,1296.0663,1510.4236,-1440.8704,1338.9302,1471.4614,-1317.974,1263.9144,1464.9308,-1526.1547,1302.5696,1550.3828,-1306.2439,1278.1229,1540.8575,-1368.265,1362.6448,1384.5072,-1135.4246,1056.825,1416.2926,-1402.7445,1571.4587,1541.3492,-1044.4235,1016.07416,1660.5779,-1641.0547,1821.1702,1653.2767,-1267.7999,1039.6019,1894.1437,-1984.5798,1924.3209,1645.3367,-1417.0011,1060.7576,1943.9136,-2203.969,1914.3057,1657.1846,-1482.399,1083.2882,1933.8694,-2174.9446,1861.5261,1666.9785,-1304.3329,1076.41,1915.1495,-1996.0111,957.46985,1335.5669,180.64433,813.1257,1273.2483,-180.96053,920.4834,1577.7881,774.611,592.8734,1210.8452,565.0164,768.2784,1414.034,1714.5369,406.37286,1037.0447,1382.2797,769.61725,1382.4727,1814.818,384.5019,983.874,1463.6346,697.6546,1449.2328,1810.994,335.75864,1085.2242,1330.1127
IMG_4966 copy 30.JPG,1319.9235,1556.3082,-1364.4095,1343.3671,1532.6991,-1396.4202,1349.9409,1529.6531,-1396.5347,1355.9772,1526.3071,-1397.108,1318.1052,1525.8143,-1440.2433,1307.2649,1518.1769,-1440.5065,1296.0663,1510.4236,-1440.8704,1338.9302,1471.4614,-1317.974,1263.9144,1464.9308,-1526.1547,1302.5696,1550.3828,-1306.2439,1278.1229,1540.8575,-1368.265,1362.6448,1384.5072,-1135.4246,1056.825,1416.2926,-1402.7445,1571.4587,1541.3492,-1044.4235,1016.07416,1660.5779,-1641.0547,1821.1702,1653.2767,-1267.7999,1039.6019,1894.1437,-1984.5798,1924.3209,1645.3367,-1417.0011,1060.7576,1943.9136,-2203.969,1914.3057,1657.1846,-1482.399,1083.2882,1933.8694,-2174.9446,1861.5261,1666.9785,-1304.3329,1076.41,1915.1495,-1996.0111,957.46985,1335.5669,180.64433,813.1257,1273.2483,-180.96053,920.4834,1577.7881,774.611,592.8734,1210.8452,565.0164,768.2784,1414.034,1714.5369,406.37286,1037.0447,1382.2797,769.61725,1382.4727,1814.818,384.5019,983.874,1463.6346,697.6546,1449.2328,1810.994,335.75864,1085.2242,1330.1127
IMG_4966 copy 31.JPG,1319.9235,1556.3082,-1364.4095,1343.3671,1532.6991,-1396.4202,1349.9409,1529.6531,-1396.5347,1355.9772,1526.3071,-1397.108,1318.1052,1525.8143,-1440.2433,1307.2649,1518.1769,-1440.5065,1296.0663,1510.4236,-1440.8704,1338.9302,1471.4614,-1317.974,1263.9144,1464.9308,-1526.1547,1302.5696,1550.3828,-1306.2439,1278.1229,1540.8575,-1368.265,1362.6448,1384.5072,-1135.4246,1056.825,1416.2926,-1402.7445,1571.4587,1541.3492,-1044.4235,1016.07416,1660.5779,-1641.0547,1821.1702,1653.2767,-1267.7999,1039.6019,1894.1437,-1984.5798,1924.3209,1645.3367,-1417.0011,1060.7576,1943.9136,-2203.969,1914.3057,1657.1846,-1482.399,1083.2882,1933.8694,-2174.9446,1861.5261,1666.9785,-1304.3329,1076.41,1915.1495,-1996.0111,957.46985,1335.5669,180.64433,813.1257,1273.2483,-180.96053,920.4834,1577.7881,774.611,592.8734,1210.8452,565.0164,768.2784,1414.034,1714.5369,406.37286,1037.0447,1382.2797,769.61725,1382.4727,1814.818,384.5019,983.874,1463.6346,697.6546,1449.2328,1810.994,335.75864,1085.2242,1330.1127
IMG_4966 copy 32.JPG,1319.9235,1556.3082,-1364.4095,1343.3671,1532.6991,-1396.4202,1349.9409,1529.6531,-1396.5347,1355.9772,1526.3071,-1397.108,1318.1052,1525.8143,-1440.2433,1307.2649,1518.1769,-1440.5065,1296.0663,1510.4236,-1440.8704,1338.9302,1471.4614,-1317.974,1263.9144,1464.9308,-1526.1547,1302.5696,1550.3828,-1306.2439,1278.1229,1540.8575,-1368.265,1362.6448,1384.5072,-1135.4246,1056.825,1416.2926,-1402.7445,1571.4587,1541.3492,-1044.4235,1016.07416,1660.5779,-1641.0547,1821.1702,1653.2767,-1267.7999,1039.6019,1894.1437,-1984.5798,1924.3209,1645.3367,-1417.0011,1060.7576,1943.9136,-2203.969,1914.3057,1657.1846,-1482.399,1083.2882,1933.8694,-2174.9446,1861.5261,1666.9785,-1304.3329,1076.41,1915.1495,-1996.0111,957.46985,1335.5669,180.64433,813.1257,1273.2483,-180.96053,920.4834,1577.7881,774.611,592.8734,1210.8452,565.0164,768.2784,1414.034,1714.5369,406.37286,1037.0447,1382.2797,769.61725,1382.4727,1814.818,384.5019,983.874,1463.6346,697.6546,1449.2328,1810.994,335.75864,1085.2242,1330.1127
IMG_4966 copy 4.JPG,1319.9235,1556.3082,-1364.4095,1343.3671,1532.6991,-1396.4202,1349.9409,1529.6531,-1396.5347,1355.9772,1526.3071,-1397.108,1318.1052,1525.8143,-1440.2433,1307.2649,1518.1769,-1440.5065,1296.0663,1510.4236,-1440.8704,1338.9302,1471.4614,-1317.974,1263.9144,1464.9308,-1526.1547,1302.5696,1550.3828,-1306.2439,1278.1229,1540.8575,-1368.265,1362.6448,1384.5072,-1135.4246,1056.825,1416.2926,-1402.7445,1571.4587,1541.3492,-1044.4235,1016.07416,1660.5779,-1641.0547,1821.1702,1653.2767,-1267.7999,1039.6019,1894.1437,-1984.5798,1924.3209,1645.3367,-1417.0011,1060.7576,1943.9136,-2203.969,1914.3057,1657.1846,-1482.399,1083.2882,1933.8694,-2174.9446,1861.5261,1666.9785,-1304.3329,1076.41,1915.1495,-1996.0111,957.46985,1335.5669,180.64433,813.1257,1273.2483,-180.96053,920.4834,1577.7881,774.611,592.8734,1210.8452,565.0164,768.2784,1414.034,1714.5369,406.37286,1037.0447,1382.2797,769.61725,1382.4727,1814.818,384.5019,983.874,1463.6346,697.6546,1449.2328,1810.994,335.75864,1085.2242,1330.1127
IMG_4966 copy 5.JPG,1319.9235,1556.3082,-1364.4095,1343.3671,1532.6991,-1396.4202,1349.9409,1529.6531,-1396.5347,1355.9772,1526.3071,-1397.108,1318.1052,1525.8143,-1440.2433,1307.2649,1518.1769,-1440.5065,1296.0663,1510.4236,-1440.8704,1338.9302,1471.4614,-1317.974,1263.9144,1464.9308,-1526.1547,1302.5696,1550.3828,-1306.2439,1278.1229,1540.8575,-1368.265,1362.6448,1384.5072,-1135.4246,1056.825,1416.2926,-1402.7445,1571.4587,1541.3492,-1044.4235,1016.07416,1660.5779,-1641.0547,1821.1702,1653.2767,-1267.7999,1039.6019,1894.1437,-1984.5798,1924.3209,1645.3367,-1417.0011,1060.7576,1943.9136,-2203.969,1914.3057,1657.1846,-1482.399,1083.2882,1933.8694,-2174.9446,1861.5261,1666.9785,-1304.3329,1076.41,1915.1495,-1996.0111,957.46985,1335.5669,180.64433,813.1257,1273.2483,-180.96053,920.4834,1577.7881,774.611,592.8734,1210.8452,565.0164,768.2784,1414.034,1714.5369,406.37286,1037.0447,1382.2797,769.61725,1382.4727,1814.818,384.5019,983.874,1463.6346,697.6546,1449.2328,1810.994,335.75864,1085.2242,1330.1127
IMG_4966 copy 6.JPG,1319.9235,1556.3082,-1364.4095,1343.3671,1532.6991,-1396.4202,1349.9409,1529.6531,-1396.5347,1355.9772,1526.3071,-1397.108,1318.1052,1525.8143,-1440.2433,1307.2649,1518.1769,-1440.5065,1296.0663,1510.4236,-1440.8704,1338.9302,1471.4614,-1317.974,1263.9144,1464.9308,-1526.1547,1302.5696,1550.3828,-1306.2439,1278.1229,1540.8575,-1368.265,1362.6448,1384.5072,-1135.4246,1056.825,1416.2926,-1402.7445,1571.4587,1541.3492,-1044.4235,1016.07416,1660.5779,-1641.0547,1821.1702,1653.2767,-1267.7999,1039.6019,1894.1437,-1984.5798,1924.3209,1645.3367,-1417.0011,1060.7576,1943.9136,-2203.969,1914.3057,1657.1846,-1482.399,1083.2882,1933.8694,-2174.9446,1861.5261,1666.9785,-1304.3329,1076.41,1915.1495,-1996.0111,957.46985,1335.5669,180.64433,813.1257,1273.2483,-180.96053,920.4834,1577.7881,774.611,592.8734,1210.8452,565.0164,768.2784,1414.034,1714.5369,406.37286,1037.0447,1382.2797,769.61725,1382.4727,1814.818,384.5019,983.874,1463.6346,697.6546,1449.2328,1810.994,335.75864,1085.2242,1330.1127
IMG_4966 copy 7.JPG,1319.9235,1556.3082,-1364.4095,1343.3671,1532.6991,-1396.4202,1349.9409,1529.6531,-1396.5347,1355.9772,1526.3071,-1397.108,1318.1052,1525.8143,-1440.2433,1307.2649,1518.1769,-1440.5065,1296.0663,1510.4236,-1440.8704,1338.9302,1471.4614,-1317.974,1263.9144,1464.9308,-1526.1547,1302.5696,1550.3828,-1306.2439,1278.1229,1540.8575,-1368.265,1362.6448,1384.5072,-1135.4246,1056.825,1416.2926,-1402.7445,1571.4587,1541.3492,-1044.4235,1016.07416,1660.5779,-1641.0547,1821.1702,1653.2767,-1267.7999,1039.6019,1894.1437,-1984.5798,1924.3209,1645.3367,-1417.0011,1060.7576,1943.9136,-2203.969,1914.3057,1657.1846,-1482.399,1083.2882,1933.8694,-2174.9446,1861.5261,1666.9785,-1304.3329,1076.41,1915.1495,-1996.0111,957.46985,1335.5669,180.64433,813.1257,1273.2483,-180.96053,920.4834,1577.7881,774.611,592.8734,1210.8452,565.0164,768.2784,1414.034,1714.5369,406.37286,1037.0447,1382.2797,769.61725,1382.4727,1814.818,384.5019,983.874,1463.6346,697.6546,1449.2328,1810.994,335.75864,1085.2242,1330.1127
IMG_4966 copy 8.JPG,1319.9235,1556.3082,-1364.4095,1343.3671,1532.6991,-1396.4202,1349.9409,1529.6531,-1396.5347,1355.9772,1526.3071,-1397.108,1318.1052,1525.8143,-1440.2433,1307.2649,1518.1769,-1440.5065,1296.0663,1510.4236,-1440.8704,1338.9302,1471.4614,-1317.974,1263.9144,1464.9308,-1526.1547,1302.5696,1550.3828,-1306.2439,1278.1229,1540.8575,-1368.265,1362.6448,1384.5072,-1135.4246,1056.825,1416.2926,-1402.7445,1571.4587,1541.3492,-1044.4235,1016.07416,1660.5779,-1641.0547,1821.1702,1653.2767,-1267.7999,1039.6019,1894.1437,-1984.5798,1924.3209,1645.3367,-1417.0011,1060.7576,1943.9136,-2203.969,1914.3057,1657.1846,-1482.399,1083.2882,1933.8694,-2174.9446,1861.5261,1666.9785,-1304.3329,1076.41,1915.1495,-1996.0111,957.46985,1335.5669,180.64433,813.1257,1273.2483,-180.96053,920.4834,1577.7881,774.611,592.8734,1210.8452,565.0164,768.2784,1414.034,1714.5369,406.37286,1037.0447,1382.2797,769.61725,1382.4727,1814.818,384.5019,983.874,1463.6346,697.6546,1449.2328,1810.994,335.75864,1085.2242,1330.1127
IMG_4966 copy 9.JPG,1319.9235,1556.3082,-1364.4095,1343.3671,1532.6991,-1396.4202,1349.9409,1529.6531,-1396.5347,1355.9772,1526.3071,-1397.108,1318.1052,1525.8143,-1440.2433,1307.2649,1518.1769,-1440.5065,1296.0663,1510.4236,-1440.8704,1338.9302,1471.4614,-1317.974,1263.9144,1464.9308,-1526.1547,1302.5696,1550.3828,-1306.2439,1278.1229,1540.8575,-1368.265,1362.6448,1384.5072,-1135.4246,1056.825,1416.2926,-1402.7445,1571.4587,1541.3492,-1044.4235,1016.07416,1660.5779,-1641.0547,1821.1702,1653.2767,-1267.7999,1039.6019,1894.1437,-1984.5798,1924.3209,1645.3367,-1417.0011,1060.7576,1943.9136,-2203.969,1914.3057,1657.1846,-1482.399,1083.2882,1933.8694,-2174.9446,1861.5261,1666.9785,-1304.3329,1076.41,1915.1495,-1996.0111,957.46985,1335.5669,180.64433,813.1257,1273.2483,-180.96053,920.4834,1577.7881,774.611,592.8734,1210.8452,565.0164,768.2784,1414.034,1714.5369,406.37286,1037.0447,1382.2797,769.61725,1382.4727,1814.818,384.5019,983.874,1463.6346,697.6546,1449.2328,1810.994,335.75864,1085.2242,1330.1127
IMG_4966 copy.JPG,1319.9235,1556.3082,-1364.4095,1343.3671,1532.6991,-1396.4202,1349.9409,1529.6531,-1396.5347,1355.9772,1526.3071,-1397.108,1318.1052,1525.8143,-1440.2433,1307.2649,1518.1769,-1440.5065,1296.0663,1510.4236,-1440.8704,1338.9302,1471.4614,-1317.974,1263.9144,1464.9308,-1526.1547,1302.5696,1550.3828,-1306.2439,1278.1229,1540.8575,-1368.265,1362.6448,1384.5072,-1135.4246,1056.825,1416.2926,-1402.7445,1571.4587,1541.3492,-1044.4235,1016.07416,1660.5779,-1641.0547,1821.1702,1653.2767,-1267.7999,1039.6019,1894.1437,-1984.5798,1924.3209,1645.3367,-1417.0011,1060.7576,1943.9136,-2203.969,1914.3057,1657.1846,-1482.399,1083.2882,1933.8694,-2174.9446,1861.5261,1666.9785,-1304.3329,1076.41,1915.1495,-1996.0111,957.46985,1335.5669,180.64433,813.1257,1273.2483,-180.96053,920.4834,1577.7881,774.611,592.8734,1210.8452,565.0164,768.2784,1414.034,1714.5369,406.37286,1037.0447,1382.2797,769.61725,1382.4727,1814.818,384.5019,983.874,1463.6346,697.6546,1449.2328,1810.994,335.75864,1085.2242,1330.1127
IMG_4966.JPG,1319.9235,1556.3082,-1364.4095,1343.3671,1532.6991,-1396.4202,1349.9409,1529.6531,-1396.5347,1355.9772,1526.3071,-1397.108,1318.1052,1525.8143,-1440.2433,1307.2649,1518.1769,-1440.5065,1296.0663,1510.4236,-1440.8704,1338.9302,1471.4614,-1317.974,1263.9144,1464.9308,-1526.1547,1302.5696,1550.3828,-1306.2439,1278.1229,1540.8575,-1368.265,1362.6448,1384.5072,-1135.4246,1056.825,1416.2926,-1402.7445,1571.4587,1541.3492,-1044.4235,1016.07416,1660.5779,-1641.0547,1821.1702,1653.2767,-1267.7999,1039.6019,1894.1437,-1984.5798,1924.3209,1645.3367,-1417.0011,1060.7576,1943.9136,-2203.969,1914.3057,1657.1846,-1482.399,1083.2882,1933.8694,-2174.9446,1861.5261,1666.9785,-1304.3329,1076.41,1915.1495,-1996.0111,957.46985,1335.5669,180.64433,813.1257,1273.2483,-180.96053,920.4834,1577.7881,774.611,592.8734,1210.8452,565.0164,768.2784,1414.034,1714.5369,406.37286,1037.0447,1382.2797,769.61725,1382.4727,1814.818,384.5019,983.874,1463.6346,697.6546,1449.2328,1810.994,335.75864,1085.2242,1330.1127
IMG_4967.JPG,1168.0968,1921.1622,-2298.4011,1192.514,1907.546,-2399.4304,1205.3156,1900.0609,-2399.0498,1220.1113,1891.259,-2399.2432,1153.0542,1912.6351,-2393.9678,1137.0074,1909.1444,-2394.03,1119.9111,1905.3003,-2393.8816,1240.0787,1819.9989,-2362.2727,1071.9302,1861.4603,-2344.8154,1175.032,1891.2792,-2223.9634,1124.3014,1894.7096,-2219.8335,1358.7546,1679.1399,-1980.8816,836.2787,1800.3845,-1948.6554,1578.4967,2006.5867,-2014.3453,844.6209,2109.3535,-1866.6539,1809.1775,2305.1428,-2363.658,864.5743,2398.6697,-2152.1326,1925.6027,2365.893,-2627.863,841.80835,2485.3186,-2397.6057,1882.4086,2401.7336,-2671.4878,894.399,2474.682,-2464.3325,1836.2496,2383.4648,-2399.2449,913.7228,2439.7837,-2198.3076,936.0934,1348.085,76.8109,692.9911,1423.8654,-78.04253,862.6036,1440.408,1657.9598,565.9676,1402.2158,1427.211,767.3514,1459.1467,3455.254,406.01022,1205.893,3163.4915,732.0881,1440.1754,3646.9617,379.80603,1145.1841,3345.6868,756.15686,1563.8816,3526.8774,445.31992,1325.8501,3145.381
IMG_4968 copy 10.png,1342.1805,1679.0004,-316.3783,1366.5464,1672.5747,-306.16953,1368.8641,1670.6183,-306.30103,1371.3013,1668.0681,-306.39368,1363.12,1668.4834,-382.66916,1362.8604,1664.1512,-382.76425,1362.4663,1659.6617,-382.96054,1375.695,1628.6619,-188.84235,1361.2426,1625.9744,-547.4737,1326.2211,1667.2526,-258.7988,1322.7993,1660.1982,-363.58408,1340.9163,1540.6997,-16.151329,1261.9387,1579.5752,-658.1532,1507.748,1593.0878,127.702896,1245.9601,1754.9646,-876.1585,1676.6794,1632.2474,11.405897,1263.8756,1914.5605,-898.8615,1725.6964,1626.836,-31.298002,1296.3035,1938.9149,-1001.1093,1723.4783,1634.2957,-78.085815,1309.5116,1929.6962,-972.75085,1705.974,1636.5875,-18.010773,1299.199,1921.0382,-888.5334,919.36163,1584.2875,232.67049,886.94354,1541.9622,-232.92365,875.90674,1793.8616,119.85965,587.04315,1525.0155,-251.11525,635.10846,1696.0491,475.92114,296.13843,1436.2582,-118.11679,599.27985,1651.6921,500.775,272.76105,1401.8636,-118.26001,559.41473,1781.3483,413.0645,187.59447,1488.8348,-360.0324
IMG_4968 copy 11.png,1342.1805,1679.0004,-316.3783,1366.5464,1672.5747,-306.16953,1368.8641,1670.6183,-306.30103,1371.3013,1668.0681,-306.39368,1363.12,1668.4834,-382.66916,1362.8604,1664.1512,-382.76425,1362.4663,1659.6617,-382.96054,1375.695,1628.6619,-188.84235,1361.2426,1625.9744,-547.4737,1326.2211,1667.2526,-258.7988,1322.7993,1660.1982,-363.58408,1340.9163,1540.6997,-16.151329,1261.9387,1579.5752,-658.1532,1507.748,1593.0878,127.702896,1245.9601,1754.9646,-876.1585,1676.6794,1632.2474,11.405897,1263.8756,1914.5605,-898.8615,1725.6964,1626.836,-31.298002,1296.3035,1938.9149,-1001.1093,1723.4783,1634.2957,-78.085815,1309.5116,1929.6962,-972.75085,1705.974,1636.5875,-18.010773,1299.199,1921.0382,-888.5334,919.36163,1584.2875,232.67049,886.94354,1541.9622,-232.92365,875.90674,1793.8616,119.85965,587.04315,1525.0155,-251.11525,635.10846,1696.0491,475.92114,296.13843,1436.2582,-118.11679,599.27985,1651.6921,500.775,272.76105,1401.8636,-118.26001,559.41473,1781.3483,413.0645,187.59447,1488.8348,-360.0324
IMG_4968 copy 12.png,1342.1805,1679.0004,-316.3783,1366.5464,1672.5747,-306.16953,1368.8641,1670.6183,-306.30103,1371.3013,1668.0681,-306.39368,1363.12,1668.4834,-382.66916,1362.8604,1664.1512,-382.76425,1362.4663,1659.6617,-382.96054,1375.695,1628.6619,-188.84235,1361.2426,1625.9744,-547.4737,1326.2211,1667.2526,-258.7988,1322.7993,1660.1982,-363.58408,1340.9163,1540.6997,-16.151329,1261.9387,1579.5752,-658.1532,1507.748,1593.0878,127.702896,1245.9601,1754.9646,-876.1585,1676.6794,1632.2474,11.405897,1263.8756,1914.5605,-898.8615,1725.6964,1626.836,-31.298002,1296.3035,1938.9149,-1001.1093,1723.4783,1634.2957,-78.085815,1309.5116,1929.6962,-972.75085,1705.974,1636.5875,-18.010773,1299.199,1921.0382,-888.5334,919.36163,1584.2875,232.67049,886.94354,1541.9622,-232.92365,875.90674,1793.8616,119.85965,587.04315,1525.0155,-251.11525,635.10846,1696.0491,475.92114,296.13843,1436.2582,-118.11679,599.27985,1651.6921,500.775,272.76105,1401.8636,-118.26001,559.41473,1781.3483,413.0645,187.59447,1488.8348,-360.0324
IMG_4968 copy 13.png,1342.1805,1679.0004,-316.3783,1366.5464,1672.5747,-306.16953,1368.8641,1670.6183,-306.30103,1371.3013,1668.0681,-306.39368,1363.12,1668.4834,-382.66916,1362.8604,1664.1512,-382.76425,1362.4663,1659.6617,-382.96054,1375.695,1628.6619,-188.84235,1361.2426,1625.9744,-547.4737,1326.2211,1667.2526,-258.7988,1322.7993,1660.1982,-363.58408,1340.9163,1540.6997,-16.151329,1261.9387,1579.5752,-658.1532,1507.748,1593.0878,127.702896,1245.9601,1754.9646,-876.1585,1676.6794,1632.2474,11.405897,1263.8756,1914.5605,-898.8615,1725.6964,1626.836,-31.298002,1296.3035,1938.9149,-1001.1093,1723.4783,1634.2957,-78.085815,1309.5116,1929.6962,-972.75085,1705.974,1636.5875,-18.010773,1299.199,1921.0382,-888.5334,919.36163,1584.2875,232.67049,886.94354,1541.9622,-232.92365,875.90674,1793.8616,119.85965,587.04315,1525.0155,-251.11525,635.10846,1696.0491,475.92114,296.13843,1436.2582,-118.11679,599.27985,1651.6921,500.775,272.76105,1401.8636,-118.26001,559.41473,1781.3483,413.0645,187.59447,1488.8348,-360.0324
IMG_4968 copy 14.png,1342.1805,1679.0004,-316.3783,1366.5464,1672.5747,-306.16953,1368.8641,1670.6183,-306.30103,1371.3013,1668.0681,-306.39368,1363.12,1668.4834,-382.66916,1362.8604,1664.1512,-382.76425,1362.4663,1659.6617,-382.96054,1375.695,1628.6619,-188.84235,1361.2426,1625.9744,-547.4737,1326.2211,1667.2526,-258.7988,1322.7993,1660.1982,-363.58408,1340.9163,1540.6997,-16.151329,1261.9387,1579.5752,-658.1532,1507.748,1593.0878,127.702896,1245.9601,1754.9646,-876.1585,1676.6794,1632.2474,11.405897,1263.8756,1914.5605,-898.8615,1725.6964,1626.836,-31.298002,1296.3035,1938.9149,-1001.1093,1723.4783,1634.2957,-78.085815,1309.5116,1929.6962,-972.75085,1705.974,1636.5875,-18.010773,1299.199,1921.0382,-888.5334,919.36163,1584.2875,232.67049,886.94354,1541.9622,-232.92365,875.90674,1793.8616,119.85965,587.04315,1525.0155,-251.11525,635.10846,1696.0491,475.92114,296.13843,1436.2582,-118.11679,599.27985,1651.6921,500.775,272.76105,1401.8636,-118.26001,559.41473,1781.3483,413.0645,187.59447,1488.8348,-360.0324
IMG_4968 copy 15.png,1342.1805,1679.0004,-316.3783,1366.5464,1672.5747,-306.16953,1368.8641,1670.6183,-306.30103,1371.3013,1668.0681,-306.39368,1363.12,1668.4834,-382.66916,1362.8604,1664.1512,-382.76425,1362.4663,1659.6617,-382.96054,1375.695,1628.6619,-188.84235,1361.2426,1625.9744,-547.4737,1326.2211,1667.2526,-258.7988,1322.7993,1660.1982,-363.58408,1340.9163,1540.6997,-16.151329,1261.9387,1579.5752,-658.1532,1507.748,1593.0878,127.702896,1245.9601,1754.9646,-876.1585,1676.6794,1632.2474,11.405897,1263.8756,1914.5605,-898.8615,1725.6964,1626.836,-31.298002,1296.3035,1938.9149,-1001.1093,1723.4783,1634.2957,-78.085815,1309.5116,1929.6962,-972.75085,1705.974,1636.5875,-18.010773,1299.199,1921.0382,-888.5334,919.36163,1584.2875,232.67049,886.94354,1541.9622,-232.92365,875.90674,1793.8616,119.85965,587.04315,1525.0155,-251.11525,635.10846,1696.0491,475.92114,296.13843,1436.2582,-118.11679,599.27985,1651.6921,500.775,272.76105,1401.8636,-118.26001,559.41473,1781.3483,413.0645,187.59447,1488.8348,-360.0324
IMG_4968 copy 16.png,1342.1805,1679.0004,-316.3783,1366.5464,1672.5747,-306.16953,1368.8641,1670.6183,-306.30103,1371.3013,1668.0681,-306.39368,1363.12,1668.4834,-382.66916,1362.8604,1664.1512,-382.76425,1362.4663,1659.6617,-382.96054,1375.695,1628.6619,-188.84235,1361.2426,1625.9744,-547.4737,1326.2211,1667.2526,-258.7988,1322.7993,1660.1982,-363.58408,1340.9163,1540.6997,-16.151329,1261.9387,1579.5752,-658.1532,1507.748,1593.0878,127.702896,1245.9601,1754.9646,-876.1585,1676.6794,1632.2474,11.405897,1263.8756,1914.5605,-898.8615,1725.6964,1626.836,-31.298002,1296.3035,1938.9149,-1001.1093,1723.4783,1634.2957,-78.085815,1309.5116,1929.6962,-972.75085,1705.974,1636.5875,-18.010773,1299.199,1921.0382,-888.5334,919.36163,1584.2875,232.67049,886.94354,1541.9622,-232.92365,875.90674,1793.8616,119.85965,587.04315,1525.0155,-251.11525,635.10846,1696.0491,475.92114,296.13843,1436.2582,-118.11679,599.27985,1651.6921,500.775,272.76105,1401.8636,-118.26001,559.41473,1781.3483,413.0645,187.59447,1488.8348,-360.0324
IMG_4968 copy 17.png,1342.1805,1679.0004,-316.3783,1366.5464,1672.5747,-306.16953,1368.8641,1670.6183,-306.30103,1371.3013,1668.0681,-306.39368,1363.12,1668.4834,-382.66916,1362.8604,1664.1512,-382.76425,1362.4663,1659.6617,-382.96054,1375.695,1628.6619,-188.84235,1361.2426,1625.9744,-547.4737,1326.2211,1667.2526,-258.7988,1322.7993,1660.1982,-363.58408,1340.9163,1540.6997,-16.151329,1261.9387,1579.5752,-658.1532,1507.748,1593.0878,127.702896,1245.9601,1754.9646,-876.1585,1676.6794,1632.2474,11.405897,1263.8756,1914.5605,-898.8615,1725.6964,1626.836,-31.298002,1296.3035,1938.9149,-1001.1093,1723.4783,1634.2957,-78.085815,1309.5116,1929.6962,-972.75085,1705.974,1636.5875,-18.010773,1299.199,1921.0382,-888.5334,919.36163,1584.2875,232.67049,886.94354,1541.9622,-232.92365,875.90674,1793.8616,119.85965,587.04315,1525.0155,-251.11525,635.10846,1696.0491,475.92114,296.13843,1436.2582,-118.11679,599.27985,1651.6921,500.775,272.76105,1401.8636,-118.26001,559.41473,1781.3483,413.0645,187.59447,1488.8348,-360.0324
IMG_4968 copy 18.png,1342.1805,1679.0004,-316.3783,1366.5464,1672.5747,-306.16953,1368.8641,1670.6183,-306.30103,1371.3013,1668.0681,-306.39368,1363.12,1668.4834,-382.66916,1362.8604,1664.1512,-382.76425,1362.4663,1659.6617,-382.96054,1375.695,1628.6619,-188.84235,1361.2426,1625.9744,-547.4737,1326.2211,1667.2526,-258.7988,1322.7993,1660.1982,-363.58408,1340.9163,1540.6997,-16.151329,1261.9387,1579.5752,-658.1532,1507.748,1593.0878,127.702896,1245.9601,1754.9646,-876.1585,1676.6794,1632.2474,11.405897,1263.8756,1914.5605,-898.8615,1725.6964,1626.836,-31.298002,1296.3035,1938.9149,-1001.1093,1723.4783,1634.2957,-78.085815,1309.5116,1929.6962,-972.75085,1705.974,1636.5875,-18.010773,1299.199,1921.0382,-888.5334,919.36163,1584.2875,232.67049,886.94354,1541.9622,-232.92365,875.90674,1793.8616,119.85965,587.04315,1525.0155,-251.11525,635.10846,1696.0491,475.92114,296.13843,1436.2582,-118.11679,599.27985,1651.6921,500.775,272.76105,1401.8636,-118.26001,559.41473,1781.3483,413.0645,187.59447,1488.8348,-360.0324
IMG_4968 copy 19.png,1342.1805,1679.0004,-316.3783,1366.5464,1672.5747,-306.16953,1368.8641,1670.6183,-306.30103,1371.3013,1668.0681,-306.39368,1363.12,1668.4834,-382.66916,1362.8604,1664.1512,-382.76425,1362.4663,1659.6617,-382.96054,1375.695,1628.6619,-188.84235,1361.2426,1625.9744,-547.4737,1326.2211,1667.2526,-258.7988,1322.7993,1660.1982,-363.58408,1340.9163,1540.6997,-16.151329,1261.9387,1579.5752,-658.1532,1507.748,1593.0878,127.702896,1245.9601,1754.9646,-876.1585,1676.6794,1632.2474,11.405897,1263.8756,1914.5605,-898.8615,1725.6964,1626.836,-31.298002,1296.3035,1938.9149,-1001.1093,1723.4783,1634.2957,-78.085815,1309.5116,1929.6962,-972.75085,1705.974,1636.5875,-18.010773,1299.199,1921.0382,-888.5334,919.36163,1584.2875,232.67049,886.94354,1541.9622,-232.92365,875.90674,1793.8616,119.85965,587.04315,1525.0155,-251.11525,635.10846,1696.0491,475.92114,296.13843,1436.2582,-118.11679,599.27985,1651.6921,500.775,272.76105,1401.8636,-118.26001,559.41473,1781.3483,413.0645,187.59447,1488.8348,-360.0324
IMG_4968 copy 2.png,1342.1805,1679.0004,-316.3783,1366.5464,1672.5747,-306.16953,1368.8641,1670.6183,-306.30103,1371.3013,1668.0681,-306.39368,1363.12,1668.4834,-382.66916,1362.8604,1664.1512,-382.76425,1362.4663,1659.6617,-382.96054,1375.695,1628.6619,-188.84235,1361.2426,1625.9744,-547.4737,1326.2211,1667.2526,-258.7988,1322.7993,1660.1982,-363.58408,1340.9163,1540.6997,-16.151329,1261.9387,1579.5752,-658.1532,1507.748,1593.0878,127.702896,1245.9601,1754.9646,-876.1585,1676.6794,1632.2474,11.405897,1263.8756,1914.5605,-898.8615,1725.6964,1626.836,-31.298002,1296.3035,1938.9149,-1001.1093,1723.4783,1634.2957,-78.085815,1309.5116,1929.6962,-972.75085,1705.974,1636.5875,-18.010773,1299.199,1921.0382,-888.5334,919.36163,1584.2875,232.67049,886.94354,1541.9622,-232.92365,875.90674,1793.8616,119.85965,587.04315,1525.0155,-251.11525,635.10846,1696.0491,475.92114,296.13843,1436.2582,-118.11679,599.27985,1651.6921,500.775,272.76105,1401.8636,-118.26001,559.41473,1781.3483,413.0645,187.59447,1488.8348,-360.0324
IMG_4968 copy 20.png,1342.1805,1679.0004,-316.3783,1366.5464,1672.5747,-306.16953,1368.8641,1670.6183,-306.30103,1371.3013,1668.0681,-306.39368,1363.12,1668.4834,-382.66916,1362.8604,1664.1512,-382.76425,1362.4663,1659.6617,-382.96054,1375.695,1628.6619,-188.84235,1361.2426,1625.9744,-547.4737,1326.2211,1667.2526,-258.7988,1322.7993,1660.1982,-363.58408,1340.9163,1540.6997,-16.151329,1261.9387,1579.5752,-658.1532,1507.748,1593.0878,127.702896,1245.9601,1754.9646,-876.1585,1676.6794,1632.2474,11.405897,1263.8756,1914.5605,-898.8615,1725.6964,1626.836,-31.298002,1296.3035,1938.9149,-1001.1093,1723.4783,1634.2957,-78.085815,1309.5116,1929.6962,-972.75085,1705.974,1636.5875,-18.010773,1299.199,1921.0382,-888.5334,919.36163,1584.2875,232.67049,886.94354,1541.9622,-232.92365,875.90674,1793.8616,119.85965,587.04315,1525.0155,-251.11525,635.10846,1696.0491,475.92114,296.13843,1436.2582,-118.11679,599.27985,1651.6921,500.775,272.76105,1401.8636,-118.26001,559.41473,1781.3483,413.0645,187.59447,1488.8348,-360.0324
IMG_4968 copy 21.png,1342.1805,1679.0004,-316.3783,1366.5464,1672.5747,-306.16953,1368.8641,1670.6183,-306.30103,1371.3013,1668.0681,-306.39368,1363.12,1668.4834,-382.66916,1362.8604,1664.1512,-382.76425,1362.4663,1659.6617,-382.96054,1375.695,1628.6619,-188.84235,1361.2426,1625.9744,-547.4737,1326.2211,1667.2526,-258.7988,1322.7993,1660.1982,-363.58408,1340.9163,1540.6997,-16.151329,1261.9387,1579.5752,-658.1532,1507.748,1593.0878,127.702896,1245.9601,1754.9646,-876.1585,1676.6794,1632.2474,11.405897,1263.8756,1914.5605,-898.8615,1725.6964,1626.836,-31.298002,1296.3035,1938.9149,-1001.1093,1723.4783,1634.2957,-78.085815,1309.5116,1929.6962,-972.75085,1705.974,1636.5875,-18.010773,1299.199,1921.0382,-888.5334,919.36163,1584.2875,232.67049,886.94354,1541.9622,-232.92365,875.90674,1793.8616,119.85965,587.04315,1525.0155,-251.11525,635.10846,1696.0491,475.92114,296.13843,1436.2582,-118.11679,599.27985,1651.6921,500.775,272.76105,1401.8636,-118.26001,559.41473,1781.3483,413.0645,187.59447,1488.8348,-360.0324
IMG_4968 copy 22.png,1342.1805,1679.0004,-316.3783,1366.5464,1672.5747,-306.16953,1368.8641,1670.6183,-306.30103,1371.3013,1668.0681,-306.39368,1363.12,1668.4834,-382.66916,1362.8604,1664.1512,-382.76425,1362.4663,1659.6617,-382.96054,1375.695,1628.6619,-188.84235,1361.2426,1625.9744,-547.4737,1326.2211,1667.2526,-258.7988,1322.7993,1660.1982,-363.58408,1340.9163,1540.6997,-16.151329,1261.9387,1579.5752,-658.1532,1507.748,1593.0878,127.702896,1245.9601,1754.9646,-876.1585,1676.6794,1632.2474,11.405897,1263.8756,1914.5605,-898.8615,1725.6964,1626.836,-31.298002,1296.3035,1938.9149,-1001.1093,1723.4783,1634.2957,-78.085815,1309.5116,1929.6962,-972.75085,1705.974,1636.5875,-18.010773,1299.199,1921.0382,-888.5334,919.36163,1584.2875,232.67049,886.94354,1541.9622,-232.92365,875.90674,1793.8616,119.85965,587.04315,1525.0155,-251.11525,635.10846,1696.0491,475.92114,296.13843,1436.2582,-118.11679,599.27985,1651.6921,500.775,272.76105,1401.8636,-118.26001,559.41473,1781.3483,413.0645,187.59447,1488.8348,-360.0324
IMG_4968 copy 23.png,1342.1805,1679.0004,-316.3783,1366.5464,1672.5747,-306.16953,1368.8641,1670.6183,-306.30103,1371.3013,1668.0681,-306.39368,1363.12,1668.4834,-382.66916,1362.8604,1664.1512,-382.76425,1362.4663,1659.6617,-382.96054,1375.695,1628.6619,-188.84235,1361.2426,1625.9744,-547.4737,1326.2211,1667.2526,-258.7988,1322.7993,1660.1982,-363.58408,1340.9163,1540.6997,-16.151329,1261.9387,1579.5752,-658.1532,1507.748,1593.0878,127.702896,1245.9601,1754.9646,-876.1585,1676.6794,1632.2474,11.405897,1263.8756,1914.5605,-898.8615,1725.6964,1626.836,-31.298002,1296.3035,1938.9149,-1001.1093,1723.4783,1634.2957,-78.085815,1309.5116,1929.6962,-972.75085,1705.974,1636.5875,-18.010773,1299.199,1921.0382,-888.5334,919.36163,1584.2875,232.67049,886.94354,1541.9622,-232.92365,875.90674,1793.8616,119.85965,587.04315,1525.0155,-251.11525,635.10846,1696.0491,475.92114,296.13843,1436.2582,-118.11679,599.27985,1651.6921,500.775,272.76105,1401.8636,-118.26001,559.41473,1781.3483,413.0645,187.59447,1488.8348,-360.0324
IMG_4968 copy 3.png,1342.1805,1679.0004,-316.3783,1366.5464,1672.5747,-306.16953,1368.8641,1670.6183,-306.30103,1371.3013,1668.0681,-306.39368,1363.12,1668.4834,-382.66916,1362.8604,1664.1512,-382.76425,1362.4663,1659.6617,-382.96054,1375.695,1628.6619,-188.84235,1361.2426,1625.9744,-547.4737,1326.2211,1667.2526,-258.7988,1322.7993,1660.1982,-363.58408,1340.9163,1540.6997,-16.151329,1261.9387,1579.5752,-658.1532,1507.748,1593.0878,127.702896,1245.9601,1754.9646,-876.1585,1676.6794,1632.2474,11.405897,1263.8756,1914.5605,-898.8615,1725.6964,1626.836,-31.298002,1296.3035,1938.9149,-1001.1093,1723.4783,1634.2957,-78.085815,1309.5116,1929.6962,-972.75085,1705.974,1636.5875,-18.010773,1299.199,1921.0382,-888.5334,919.36163,1584.2875,232.67049,886.94354,1541.9622,-232.92365,875.90674,1793.8616,119.85965,587.04315,1525.0155,-251.11525,635.10846,1696.0491,475.92114,296.13843,1436.2582,-118.11679,599.27985,1651.6921,500.775,272.76105,1401.8636,-118.26001,559.41473,1781.3483,413.0645,187.59447,1488.8348,-360.0324
IMG_4968 copy 4.png,1342.1805,1679.0004,-316.3783,1366.5464,1672.5747,-306.16953,1368.8641,1670.6183,-306.30103,1371.3013,1668.0681,-306.39368,1363.12,1668.4834,-382.66916,1362.8604,1664.1512,-382.76425,1362.4663,1659.6617,-382.96054,1375.695,1628.6619,-188.84235,1361.2426,1625.9744,-547.4737,1326.2211,1667.2526,-258.7988,1322.7993,1660.1982,-363.58408,1340.9163,1540.6997,-16.151329,1261.9387,1579.5752,-658.1532,1507.748,1593.0878,127.702896,1245.9601,1754.9646,-876.1585,1676.6794,1632.2474,11.405897,1263.8756,1914.5605,-898.8615,1725.6964,1626.836,-31.298002,1296.3035,1938.9149,-1001.1093,1723.4783,1634.2957,-78.085815,1309.5116,1929.6962,-972.75085,1705.974,1636.5875,-18.010773,1299.199,1921.0382,-888.5334,919.36163,1584.2875,232.67049,886.94354,1541.9622,-232.92365,875.90674,1793.8616,119.85965,587.04315,1525.0155,-251.11525,635.10846,1696.0491,475.92114,296.13843,1436.2582,-118.11679,599.27985,1651.6921,500.775,272.76105,1401.8636,-118.26001,559.41473,1781.3483,413.0645,187.59447,1488.8348,-360.0324
IMG_4968 copy 5.png,1342.1805,1679.0004,-316.3783,1366.5464,1672.5747,-306.16953,1368.8641,1670.6183,-306.30103,1371.3013,1668.0681,-306.39368,1363.12,1668.4834,-382.66916,1362.8604,1664.1512,-382.76425,1362.4663,1659.6617,-382.96054,1375.695,1628.6619,-188.84235,1361.2426,1625.9744,-547.4737,1326.2211,1667.2526,-258.7988,1322.7993,1660.1982,-363.58408,1340.9163,1540.6997,-16.151329,1261.9387,1579.5752,-658.1532,1507.748,1593.0878,127.702896,1245.9601,1754.9646,-876.1585,1676.6794,1632.2474,11.405897,1263.8756,1914.5605,-898.8615,1725.6964,1626.836,-31.298002,1296.3035,1938.9149,-1001.1093,1723.4783,1634.2957,-78.085815,1309.5116,1929.6962,-972.75085,1705.974,1636.5875,-18.010773,1299.199,1921.0382,-888.5334,919.36163,1584.2875,232.67049,886.94354,1541.9622,-232.92365,875.90674,1793.8616,119.85965,587.04315,1525.0155,-251.11525,635.10846,1696.0491,475.92114,296.13843,1436.2582,-118.11679,599.27985,1651.6921,500.775,272.76105,1401.8636,-118.26001,559.41473,1781.3483,413.0645,187.59447,1488.8348,-360.0324
IMG_4968 copy 6.png,1342.1805,1679.0004,-316.3783,1366.5464,1672.5747,-306.16953,1368.8641,1670.6183,-306.30103,1371.3013,1668.0681,-306.39368,1363.12,1668.4834,-382.66916,1362.8604,1664.1512,-382.76425,1362.4663,1659.6617,-382.96054,1375.695,1628.6619,-188.84235,1361.2426,1625.9744,-547.4737,1326.2211,1667.2526,-258.7988,1322.7993,1660.1982,-363.58408,1340.9163,1540.6997,-16.151329,1261.9387,1579.5752,-658.1532,1507.748,1593.0878,127.702896,1245.9601,1754.9646,-876.1585,1676.6794,1632.2474,11.405897,1263.8756,1914.5605,-898.8615,1725.6964,1626.836,-31.298002,1296.3035,1938.9149,-1001.1093,1723.4783,1634.2957,-78.085815,1309.5116,1929.6962,-972.75085,1705.974,1636.5875,-18.010773,1299.199,1921.0382,-888.5334,919.36163,1584.2875,232.67049,886.94354,1541.9622,-232.92365,875.90674,1793.8616,119.85965,587.04315,1525.0155,-251.11525,635.10846,1696.0491,475.92114,296.13843,1436.2582,-118.11679,599.27985,1651.6921,500.775,272.76105,1401.8636,-118.26001,559.41473,1781.3483,413.0645,187.59447,1488.8348,-360.0324
IMG_4968 copy 7.png,1342.1805,1679.0004,-316.3783,1366.5464,1672.5747,-306.16953,1368.8641,1670.6183,-306.30103,1371.3013,1668.0681,-306.39368,1363.12,1668.4834,-382.66916,1362.8604,1664.1512,-382.76425,1362.4663,1659.6617,-382.96054,1375.695,1628.6619,-188.84235,1361.2426,1625.9744,-547.4737,1326.2211,1667.2526,-258.7988,1322.7993,1660.1982,-363.58408,1340.9163,1540.6997,-16.151329,1261.9387,1579.5752,-658.1532,1507.748,1593.0878,127.702896,1245.9601,1754.9646,-876.1585,1676.6794,1632.2474,11.405897,1263.8756,1914.5605,-898.8615,1725.6964,1626.836,-31.298002,1296.3035,1938.9149,-1001.1093,1723.4783,1634.2957,-78.085815,1309.5116,1929.6962,-972.75085,1705.974,1636.5875,-18.010773,1299.199,1921.0382,-888.5334,919.36163,1584.2875,232.67049,886.94354,1541.9622,-232.92365,875.90674,1793.8616,119.85965,587.04315,1525.0155,-251.11525,635.10846,1696.0491,475.92114,296.13843,1436.2582,-118.11679,599.27985,1651.6921,500.775,272.76105,1401.8636,-118.26001,559.41473,1781.3483,413.0645,187.59447,1488.8348,-360.0324
IMG_4968 copy 8.png,1342.1805,1679.0004,-316.3783,1366.5464,1672.5747,-306.16953,1368.8641,1670.6183,-306.30103,1371.3013,1668.0681,-306.39368,1363.12,1668.4834,-382.66916,1362.8604,1664.1512,-382.76425,1362.4663,1659.6617,-382.96054,1375.695,1628.6619,-188.84235,1361.2426,1625.9744,-547.4737,1326.2211,1667.2526,-258.7988,1322.7993,1660.1982,-363.58408,1340.9163,1540.6997,-16.151329,1261.9387,1579.5752,-658.1532,1507.748,1593.0878,127.702896,1245.9601,1754.9646,-876.1585,1676.6794,1632.2474,11.405897,1263.8756,1914.5605,-898.8615,1725.6964,1626.836,-31.298002,1296.3035,1938.9149,-1001.1093,1723.4783,1634.2957,-78.085815,1309.5116,1929.6962,-972.75085,1705.974,1636.5875,-18.010773,1299.199,1921.0382,-888.5334,919.36163,1584.2875,232.67049,886.94354,1541.9622,-232.92365,875.90674,1793.8616,119.85965,587.04315,1525.0155,-251.11525,635.10846,1696.0491,475.92114,296.13843,1436.2582,-118.11679,599.27985,1651.6921,500.775,272.76105,1401.8636,-118.26001,559.41473,1781.3483,413.0645,187.59447,1488.8348,-360.0324
IMG_4968 copy 9.png,1342.1805,1679.0004,-316.3783,1366.5464,1672.5747,-306.16953,1368.8641,1670.6183,-306.30103,1371.3013,1668.0681,-306.39368,1363.12,1668.4834,-382.66916,1362.8604,1664.1512,-382.76425,1362.4663,1659.6617,-382.96054,1375.695,1628.6619,-188.84235,1361.2426,1625.9744,-547.4737,1326.2211,1667.2526,-258.7988,1322.7993,1660.1982,-363.58408,1340.9163,1540.6997,-16.151329,1261.9387,1579.5752,-658.1532,1507.748,1593.0878,127.702896,1245.9601,1754.9646,-876.1585,1676.6794,1632.2474,11.405897,1263.8756,1914.5605,-898.8615,1725.6964,1626.836,-31.298002,1296.3035,1938.9149,-1001.1093,1723.4783,1634.2957,-78.085815,1309.5116,1929.6962,-972.75085,1705.974,1636.5875,-18.010773,1299.199,1921.0382,-888.5334,919.36163,1584.2875,232.67049,886.94354,1541.9622,-232.92365,875.90674,1793.8616,119.85965,587.04315,1525.0155,-251.11525,635.10846,1696.0491,475.92114,296.13843,1436.2582,-118.11679,599.27985,1651.6921,500.775,272.76105,1401.8636,-118.26001,559.41473,1781.3483,413.0645,187.59447,1488.8348,-360.0324
IMG_4968 copy.png,1342.1805,1679.0004,-316.3783,1366.5464,1672.5747,-306.16953,1368.8641,1670.6183,-306.30103,1371.3013,1668.0681,-306.39368,1363.12,1668.4834,-382.66916,1362.8604,1664.1512,-382.76425,1362.4663,1659.6617,-382.96054,1375.695,1628.6619,-188.84235,1361.2426,1625.9744,-547.4737,1326.2211,1667.2526,-258.7988,1322.7993,1660.1982,-363.58408,1340.9163,1540.6997,-16.151329,1261.9387,1579.5752,-658.1532,1507.748,1593.0878,127.702896,1245.9601,1754.9646,-876.1585,1676.6794,1632.2474,11.405897,1263.8756,1914.5605,-898.8615,1725.6964,1626.836,-31.298002,1296.3035,1938.9149,-1001.1093,1723.4783,1634.2957,-78.085815,1309.5116,1929.6962,-972.75085,1705.974,1636.5875,-18.010773,1299.199,1921.0382,-888.5334,919.36163,1584.2875,232.67049,886.94354,1541.9622,-232.92365,875.90674,1793.8616,119.85965,587.04315,1525.0155,-251.11525,635.10846,1696.0491,475.92114,296.13843,1436.2582,-118.11679,599.27985,1651.6921,500.775,272.76105,1401.8636,-118.26001,559.41473,1781.3483,413.0645,187.59447,1488.8348,-360.0324
IMG_4968.png,1342.1805,1679.0004,-316.3783,1366.5464,1672.5747,-306.16953,1368.8641,1670.6183,-306.30103,1371.3013,1668.0681,-306.39368,1363.12,1668.4834,-382.66916,1362.8604,1664.1512,-382.76425,1362.4663,1659.6617,-382.96054,1375.695,1628.6619,-188.84235,1361.2426,1625.9744,-547.4737,1326.2211,1667.2526,-258.7988,1322.7993,1660.1982,-363.58408,1340.9163,1540.6997,-16.151329,1261.9387,1579.5752,-658.1532,1507.748,1593.0878,127.702896,1245.9601,1754.9646,-876.1585,1676.6794,1632.2474,11.405897,1263.8756,1914.5605,-898.8615,1725.6964,1626.836,-31.298002,1296.3035,1938.9149,-1001.1093,1723.4783,1634.2957,-78.085815,1309.5116,1929.6962,-972.75085,1705.974,1636.5875,-18.010773,1299.199,1921.0382,-888.5334,919.36163,1584.2875,232.67049,886.94354,1541.9622,-232.92365,875.90674,1793.8616,119.85965,587.04315,1525.0155,-251.11525,635.10846,1696.0491,475.92114,296.13843,1436.2582,-118.11679,599.27985,1651.6921,500.775,272.76105,1401.8636,-118.26001,559.41473,1781.3483,413.0645,187.59447,1488.8348,-360.0324
IMG_4970.png,1381.3654,1529.153,492.61676,1389.8271,1507.628,505.0825,1387.8953,1504.8018,504.89462,1386.4469,1501.6893,504.7308,1394.5863,1506.608,437.30612,1395.6995,1503.4329,437.25336,1397.0854,1500.3567,436.9211,1371.2673,1469.9032,557.4378,1386.8921,1476.5967,249.87932,1361.9872,1526.9749,519.7137,1367.6694,1525.1406,428.64832,1242.4032,1433.9319,670.43976,1358.2052,1466.7253,-14.454621,1197.2765,1592.4073,836.95886,1351.5201,1660.5829,-102.601685,1204.3699,1704.6362,958.586,1352.1063,1823.552,78.628914,1205.7701,1716.3937,994.8216,1395.1324,1830.1094,70.87431,1227.5411,1715.571,969.9428,1393.7424,1816.2357,107.1501,1228.805,1715.3246,946.91376,1373.9941,1813.3889,99.80876,956.7206,1585.4778,203.17096,1011.0238,1587.1265,-203.08252,900.17377,1897.5227,-71.931175,828.32434,1739.5228,-642.56006,631.6345,1914.5001,-264.5455,517.00085,1791.3564,-972.6387,551.86115,1920.9735,-291.9498,444.27313,1752.9629,-1003.7374,600.2341,2053.7417,-395.4945,440.19257,1928.328,-1150.3685
IMG_4971.png,543.0421,1236.2635,788.7482,534.51904,1213.9109,754.6383,533.151,1212.4303,754.7441,531.32623,1210.4662,754.87305,543.0173,1212.1631,822.49054,548.109,1209.9031,822.3671,552.78595,1207.2018,821.90234,544.67847,1197.6693,579.45105,578.1347,1192.9427,879.6757,556.0728,1245.5593,721.2755,566.26483,1244.0186,807.5398,573.8439,1221.0023,277.30496,715.37494,1222.1919,917.9385,378.91818,1341.0585,195.57196,782.4211,1404.7626,1161.439,179.39723,1381.9098,521.8942,694.1732,1530.082,1254.8945,129.72804,1378.2091,543.5866,665.1087,1530.7239,1292.9825,140.63295,1365.6211,562.88,659.24615,1526.956,1256.417,155.00928,1369.56,543.509,666.06354,1525.3165,1245.8218,972.55817,1415.0852,-201.03261,1072.6621,1378.133,199.86536,1022.3136,1762.8499,-218.09564,1342.0447,1612.924,75.96295,1322.3568,1768.8386,-485.45258,1723.8658,1690.4196,-436.84744,1378.4764,1723.2085,-507.79684,1807.2543,1664.6173,-498.19247,1406.3102,1930.4244,-445.90884,1793.4822,1848.1969,-576.13416
IMG_4972.png,617.70996,1407.3906,1064.4298,592.409,1386.6694,1021.512,588.9083,1386.8971,1021.6756,585.3266,1387.4755,1021.7621,603.52167,1380.3752,1088.991,608.0128,1376.512,1088.9744,612.56616,1373.3721,1088.6903,594.4352,1377.426,784.4234,632.5496,1357.1819,1085.553,633.18335,1409.4961,973.29236,648.2211,1405.593,1059.2366,625.98315,1401.1956,428.03955,783.9727,1351.8528,1038.3649,473.89923,1462.1552,440.1737,848.34235,1531.3029,1409.6096,307.97058,1457.0778,872.7259,800.8595,1694.1783,1780.8368,261.14627,1443.7509,890.9592,809.9834,1725.8624,1857.6956,266.7685,1435.0543,903.1684,789.4267,1715.8224,1812.1559,285.0453,1443.0315,892.3242,792.4184,1708.14,1776.9532,933.6903,1588.8154,-150.36542,1057.0579,1508.82,148.86267,962.34454,1979.9802,-22.955135,1408.6859,1633.002,-18.95253,1222.7489,2043.817,-311.63364,1797.2516,1656.1597,-772.35675,1280.2789,1997.283,-330.48145,1857.0681,1642.2074,-854.5782,1318.8995,2201.2568,-230.38174,1911.4985,1731.7125,-937.41064
IMG_4993.png,482.41525,1424.0795,1435.8148,458.86154,1409.6383,1416.8894,453.7581,1412.1235,1417.1345,446.19016,1414.7847,1417.2513,475.84183,1395.5417,1481.0542,481.00903,1392.0275,1481.0416,484.8823,1389.734,1480.4601,445.82138,1405.5507,1189.4895,516.6173,1383.7157,1485.4055,498.23828,1421.4121,1336.669,514.82465,1416.9231,1422.703,447.53256,1377.3577,736.10315,682.66815,1320.8859,1283.0648,321.41742,1469.0298,594.30194,705.7956,1560.1241,1466.7079,217.29492,1509.0024,904.43524,653.598,1736.1726,1644.3179,162.08205,1517.2812,923.73846,639.7756,1766.0305,1717.125,188.05821,1508.0353,960.00665,621.16345,1768.5751,1684.3486,211.00891,1506.1332,927.3374,628.2989,1753.713,1640.1299,795.1972,1558.3062,-133.44173,933.5197,1477.8829,131.01093,861.5596,1957.8866,-142.0517,1222.4578,1664.8721,-30.919552,1169.0354,1948.9883,-1225.9065,1617.1622,1717.4331,-1451.6401,1218.046,1899.2343,-1326.3116,1687.823,1705.7281,-1603.9287,1346.9464,2100.4768,-1280.1079,1796.4636,1847.6215,-1758.1104
IMG_4994.png,522.7757,1273.8314,1502.7213,501.80322,1260.9746,1489.0587,493.49435,1260.5465,1489.3802,484.44214,1261.3171,1489.5417,523.76404,1252.5238,1545.9407,530.7389,1249.4203,1545.9419,536.90967,1246.7666,1545.4622,475.77145,1251.5195,1251.5057,563.33,1224.138,1515.446,533.85815,1273.521,1398.2686,553.3179,1268.4631,1474.7601,470.7773,1240.6813,755.7983,717.2797,1188.1433,1312.0763,335.9753,1361.8643,572.86707,749.9344,1429.558,1476.2942,214.74828,1403.0247,782.2339,679.18756,1590.9617,1656.7008,173.24606,1413.296,791.8534,662.6551,1618.2952,1731.0771,190.12422,1401.6715,832.409,637.8536,1620.2214,1710.894,212.66008,1400.3098,806.49023,645.26434,1609.9818,1657.0099,824.7337,1427.5748,-148.55371,950.6678,1336.1378,145.58241,874.57227,1829.5647,-249.8998,1267.3055,1504.9009,-13.766996,1175.199,1824.8793,-1410.0396,1676.5591,1548.0347,-1463.7992,1235.399,1768.1202,-1517.994,1734.7128,1529.0908,-1620.0643,1318.2692,2014.6333,-1524.2877,1832.3303,1698.5767,-1805.2354
IMG_4995.png,443.1835,1429.1166,1350.1123,422.27124,1409.8643,1333.5898,417.146,1410.1265,1333.7617,411.4774,1411.44,1333.8038,436.89377,1403.0725,1405.2284,443.74066,1400.0278,1405.212,451.81238,1392.2908,1404.5988,412.36795,1385.0436,1132.8629,472.2373,1361.2057,1467.9501,458.76462,1423.4973,1260.5809,479.11832,1414.09,1358.3232,426.05295,1336.5887,730.774,653.8293,1305.7087,1316.3138,259.40616,1454.7292,601.9899,779.0947,1546.679,1475.6609,169.97498,1475.5371,950.7789,693.3205,1714.3354,1606.0013,120.21143,1473.902,976.37463,674.5885,1739.7919,1656.3724,138.12863,1466.9099,990.9702,655.23944,1741.5734,1638.9276,164.29198,1472.9266,966.5486,663.75494,1724.8375,1606.8955,809.0778,1514.0612,-158.52292,975.2876,1451.5447,156.45253,840.7018,1924.2574,-209.90695,1239.6982,1630.4933,-80.21961,1174.7861,1940.4058,-1279.7402,1677.8997,1704.7406,-1360.1102,1240.7174,1895.2091,-1386.3815,1753.9402,1706.9364,-1507.64,1335.0691,2123.7866,-1387.018,1837.6548,1876.9927,-1693.6592
IMG_5002.JPG,1245.684,1933.3569,-1164.4246,1272.1781,1919.6628,-1239.5458,1282.0187,1917.4756,-1239.6123,1292.4203,1915.8333,-1240.3398,1243.0366,1915.5422,-1288.1189,1232.4758,1910.1871,-1288.1635,1221.7886,1905.8453,-1288.4418,1299.8021,1861.8271,-1336.8241,1199.7466,1870.724,-1565.8811,1238.0254,1921.78,-1163.4395,1203.8707,1910.6776,-1231.6311,1351.1548,1720.1271,-1231.4893,982.329,1835.827,-1604.5315,1588.4658,1921.4624,-1258.7734,988.1539,2107.0718,-1998.7742,1835.2874,2188.7866,-1608.931,1058.6221,2395.622,-2451.8887,1951.695,2213.8403,-1783.2418,1095.2015,2459.1726,-2702.734,1929.6282,2246.3901,-1867.0206,1126.8025,2443.0576,-2673.5723,1871.9458,2243.1304,-1661.8882,1119.3416,2415.4563,-2472.0522,852.9649,1720.3826,247.31143,666.648,1693.7424,-247.18617,943.2843,2043.16,528.69354,488.00912,1754.3506,501.5378,664.01337,1917.6783,1391.8375,298.25092,1659.3394,1340.9117,634.91315,1887.2167,1484.3153,281.01633,1621.9052,1422.8994,579.16187,1987.2072,1406.4783,224.09123,1702.262,1258.651
IMG_5003.JPG,1439.1655,1876.521,-488.5904,1464.7446,1867.0815,-462.36838,1465.8171,1865.8593,-462.41864,1466.768,1864.2045,-462.4704,1461.3451,1859.72,-560.6032,1459.7852,1854.0525,-560.7173,1457.8049,1848.0947,-560.9217,1455.7249,1829.4961,-272.12595,1444.2241,1812.0778,-726.6714,1416.4948,1866.1974,-404.2449,1414.127,1858.453,-536.8329,1384.5331,1755.9594,-14.753386,1319.1045,1772.7832,-906.51154,1571.9027,1848.6986,44.410046,1350.5696,1992.8895,-1207.8899,1760.8838,1958.447,-269.57413,1395.2631,2215.1921,-1285.4222,1809.4751,1969.2179,-326.78253,1444.5437,2240.0752,-1424.4778,1811.2314,1974.1078,-413.37433,1452.5269,2223.0278,-1362.1305,1793.9943,1974.1423,-323.03055,1433.9159,2216.9832,-1264.9901,967.98456,1880.832,291.76767,903.8711,1809.2827,-291.82184,934.9406,2126.3313,100.99067,601.056,1886.4181,-485.90265,641.99133,2024.8392,575.89343,257.9258,1844.1539,-435.44608,604.20654,1972.106,611.831,214.09282,1803.8959,-449.4899,529.74927,2107.8594,494.24863,140.56804,1969.2983,-767.0765
IMG_5004.JPG,1554.0134,1807.556,-475.6058,1582.1128,1790.5566,-443.6188,1583.6624,1789.2874,-443.71317,1585.2864,1787.8584,-443.833,1576.9397,1782.1263,-551.8883,1574.5692,1775.2839,-551.99927,1571.9354,1767.7362,-552.255,1571.4664,1748.081,-234.5245,1554.9077,1727.8241,-735.95026,1526.6698,1801.31,-384.21304,1522.7826,1790.3458,-530.4312,1488.1471,1698.4486,48.866898,1425.572,1699.3535,-938.62305,1699.562,1789.9982,181.11668,1450.491,1936.5873,-1301.535,1880.4408,1895.4452,-146.80312,1502.795,2157.8079,-1384.461,1944.963,1906.7205,-205.95758,1556.8319,2190.5864,-1531.3774,1946.6346,1909.9213,-295.10318,1570.1183,2169.6038,-1465.8854,1922.0559,1909.0164,-202.4904,1548.3733,2161.7449,-1361.6602,1046.445,1813.1659,316.73984,998.1151,1734.9181,-316.79578,1000.20294,2057.9026,-119.250046,695.7585,1832.8285,-554.3785,702.7951,1977.6346,381.56696,328.6157,1794.91,-400.30734,669.3055,1931.1123,418.45322,273.21347,1754.6106,-405.1885,587.6768,2062.2588,270.02634,183.43956,1925.2247,-749.7961
IMG_5355 copy 10.JPG,2192.8374,611.37805,-171.71156,2215.644,579.3379,-128.78397,2215.351,576.4832,-128.92363,2215.4019,573.12427,-128.97586,2209.7537,571.75665,-240.65295,2204.9653,563.3657,-240.73431,2200.6184,554.51935,-240.84105,2176.139,524.2628,93.89224,2160.873,508.73508,-422.16403,2161.3533,612.09106,-81.11723,2155.3564,604.2099,-231.83096,2025.0176,544.8803,315.061,1966.8098,519.96594,-657.1923,2271.3464,637.1209,365.56735,1932.4893,812.36694,-853.3977,2509.148,631.4114,98.06692,1963.2139,1087.2501,-865.7835,2567.0105,624.59204,42.163483,2029.0889,1106.8737,-989.35724,2564.8198,614.7091,-25.31532,2039.1956,1097.0276,-927.82635,2543.9165,616.85864,50.932262,2017.1549,1091.0066,-843.7703,1483.0541,684.3455,293.70544,1461.1464,608.142,-293.63483,1451.7073,1013.40045,-65.74873,1095.9993,597.08484,-438.49655,1082.4055,959.35706,318.25635,648.8966,496.43793,-296.28995,1003.5708,885.3278,348.4526,609.03375,467.37918,-293.3528,960.5681,1054.0531,228.43956,472.83984,579.52185,-601.41077
IMG_5355 copy 11.JPG,2192.8374,611.37805,-171.71156,2215.644,579.3379,-128.78397,2215.351,576.4832,-128.92363,2215.4019,573.12427,-128.97586,2209.7537,571.75665,-240.65295,2204.9653,563.3657,-240.73431,2200.6184,554.51935,-240.84105,2176.139,524.2628,93.89224,2160.873,508.73508,-422.16403,2161.3533,612.09106,-81.11723,2155.3564,604.2099,-231.83096,2025.0176,544.8803,315.061,1966.8098,519.96594,-657.1923,2271.3464,637.1209,365.56735,1932.4893,812.36694,-853.3977,2509.148,631.4114,98.06692,1963.2139,1087.2501,-865.7835,2567.0105,624.59204,42.163483,2029.0889,1106.8737,-989.35724,2564.8198,614.7091,-25.31532,2039.1956,1097.0276,-927.82635,2543.9165,616.85864,50.932262,2017.1549,1091.0066,-843.7703,1483.0541,684.3455,293.70544,1461.1464,608.142,-293.63483,1451.7073,1013.40045,-65.74873,1095.9993,597.08484,-438.49655,1082.4055,959.35706,318.25635,648.8966,496.43793,-296.28995,1003.5708,885.3278,348.4526,609.03375,467.37918,-293.3528,960.5681,1054.0531,228.43956,472.83984,579.52185,-601.41077
IMG_5355 copy 12.JPG,2192.8374,611.37805,-171.71156,2215.644,579.3379,-128.78397,2215.351,576.4832,-128.92363,2215.4019,573.12427,-128.97586,2209.7537,571.75665,-240.65295,2204.9653,563.3657,-240.73431,2200.6184,554.51935,-240.84105,2176.139,524.2628,93.89224,2160.873,508.73508,-422.16403,2161.3533,612.09106,-81.11723,2155.3564,604.2099,-231.83096,2025.0176,544.8803,315.061,1966.8098,519.96594,-657.1923,2271.3464,637.1209,365.56735,1932.4893,812.36694,-853.3977,2509.148,631.4114,98.06692,1963.2139,1087.2501,-865.7835,2567.0105,624.59204,42.163483,2029.0889,1106.8737,-989.35724,2564.8198,614.7091,-25.31532,2039.1956,1097.0276,-927.82635,2543.9165,616.85864,50.932262,2017.1549,1091.0066,-843.7703,1483.0541,684.3455,293.70544,1461.1464,608.142,-293.63483,1451.7073,1013.40045,-65.74873,1095.9993,597.08484,-438.49655,1082.4055,959.35706,318.25635,648.8966,496.43793,-296.28995,1003.5708,885.3278,348.4526,609.03375,467.37918,-293.3528,960.5681,1054.0531,228.43956,472.83984,579.52185,-601.41077
IMG_5355 copy 13.JPG,2192.8374,611.37805,-171.71156,2215.644,579.3379,-128.78397,2215.351,576.4832,-128.92363,2215.4019,573.12427,-128.97586,2209.7537,571.75665,-240.65295,2204.9653,563.3657,-240.73431,2200.6184,554.51935,-240.84105,2176.139,524.2628,93.89224,2160.873,508.73508,-422.16403,2161.3533,612.09106,-81.11723,2155.3564,604.2099,-231.83096,2025.0176,544.8803,315.061,1966.8098,519.96594,-657.1923,2271.3464,637.1209,365.56735,1932.4893,812.36694,-853.3977,2509.148,631.4114,98.06692,1963.2139,1087.2501,-865.7835,2567.0105,624.59204,42.163483,2029.0889,1106.8737,-989.35724,2564.8198,614.7091,-25.31532,2039.1956,1097.0276,-927.82635,2543.9165,616.85864,50.932262,2017.1549,1091.0066,-843.7703,1483.0541,684.3455,293.70544,1461.1464,608.142,-293.63483,1451.7073,1013.40045,-65.74873,1095.9993,597.08484,-438.49655,1082.4055,959.35706,318.25635,648.8966,496.43793,-296.28995,1003.5708,885.3278,348.4526,609.03375,467.37918,-293.3528,960.5681,1054.0531,228.43956,472.83984,579.52185,-601.41077
IMG_5355 copy 2.JPG,2192.8374,611.37805,-171.71156,2215.644,579.3379,-128.78397,2215.351,576.4832,-128.92363,2215.4019,573.12427,-128.97586,2209.7537,571.75665,-240.65295,2204.9653,563.3657,-240.73431,2200.6184,554.51935,-240.84105,2176.139,524.2628,93.89224,2160.873,508.73508,-422.16403,2161.3533,612.09106,-81.11723,2155.3564,604.2099,-231.83096,2025.0176,544.8803,315.061,1966.8098,519.96594,-657.1923,2271.3464,637.1209,365.56735,1932.4893,812.36694,-853.3977,2509.148,631.4114,98.06692,1963.2139,1087.2501,-865.7835,2567.0105,624.59204,42.163483,2029.0889,1106.8737,-989.35724,2564.8198,614.7091,-25.31532,2039.1956,1097.0276,-927.82635,2543.9165,616.85864,50.932262,2017.1549,1091.0066,-843.7703,1483.0541,684.3455,293.70544,1461.1464,608.142,-293.63483,1451.7073,1013.40045,-65.74873,1095.9993,597.08484,-438.49655,1082.4055,959.35706,318.25635,648.8966,496.43793,-296.28995,1003.5708,885.3278,348.4526,609.03375,467.37918,-293.3528,960.5681,1054.0531,228.43956,472.83984,579.52185,-601.41077
IMG_5355 copy 3.JPG,2192.8374,611.37805,-171.71156,2215.644,579.3379,-128.78397,2215.351,576.4832,-128.92363,2215.4019,573.12427,-128.97586,2209.7537,571.75665,-240.65295,2204.9653,563.3657,-240.73431,2200.6184,554.51935,-240.84105,2176.139,524.2628,93.89224,2160.873,508.73508,-422.16403,2161.3533,612.09106,-81.11723,2155.3564,604.2099,-231.83096,2025.0176,544.8803,315.061,1966.8098,519.96594,-657.1923,2271.3464,637.1209,365.56735,1932.4893,812.36694,-853.3977,2509.148,631.4114,98.06692,1963.2139,1087.2501,-865.7835,2567.0105,624.59204,42.163483,2029.0889,1106.8737,-989.35724,2564.8198,614.7091,-25.31532,2039.1956,1097.0276,-927.82635,2543.9165,616.85864,50.932262,2017.1549,1091.0066,-843.7703,1483.0541,684.3455,293.70544,1461.1464,608.142,-293.63483,1451.7073,1013.40045,-65.74873,1095.9993,597.08484,-438.49655,1082.4055,959.35706,318.25635,648.8966,496.43793,-296.28995,1003.5708,885.3278,348.4526,609.03375,467.37918,-293.3528,960.5681,1054.0531,228.43956,472.83984,579.52185,-601.41077
IMG_5355 copy 4.JPG,2192.8374,611.37805,-171.71156,2215.644,579.3379,-128.78397,2215.351,576.4832,-128.92363,2215.4019,573.12427,-128.97586,2209.7537,571.75665,-240.65295,2204.9653,563.3657,-240.73431,2200.6184,554.51935,-240.84105,2176.139,524.2628,93.89224,2160.873,508.73508,-422.16403,2161.3533,612.09106,-81.11723,2155.3564,604.2099,-231.83096,2025.0176,544.8803,315.061,1966.8098,519.96594,-657.1923,2271.3464,637.1209,365.56735,1932.4893,812.36694,-853.3977,2509.148,631.4114,98.06692,1963.2139,1087.2501,-865.7835,2567.0105,624.59204,42.163483,2029.0889,1106.8737,-989.35724,2564.8198,614.7091,-25.31532,2039.1956,1097.0276,-927.82635,2543.9165,616.85864,50.932262,2017.1549,1091.0066,-843.7703,1483.0541,684.3455,293.70544,1461.1464,608.142,-293.63483,1451.7073,1013.40045,-65.74873,1095.9993,597.08484,-438.49655,1082.4055,959.35706,318.25635,648.8966,496.43793,-296.28995,1003.5708,885.3278,348.4526,609.03375,467.37918,-293.3528,960.5681,1054.0531,228.43956,472.83984,579.52185,-601.41077
IMG_5355 copy 5.JPG,2192.8374,611.37805,-171.71156,2215.644,579.3379,-128.78397,2215.351,576.4832,-128.92363,2215.4019,573.12427,-128.97586,2209.7537,571.75665,-240.65295,2204.9653,563.3657,-240.73431,2200.6184,554.51935,-240.84105,2176.139,524.2628,93.89224,2160.873,508.73508,-422.16403,2161.3533,612.09106,-81.11723,2155.3564,604.2099,-231.83096,2025.0176,544.8803,315.061,1966.8098,519.96594,-657.1923,2271.3464,637.1209,365.56735,1932.4893,812.36694,-853.3977,2509.148,631.4114,98.06692,1963.2139,1087.2501,-865.7835,2567.0105,624.59204,42.163483,2029.0889,1106.8737,-989.35724,2564.8198,614.7091,-25.31532,2039.1956,1097.0276,-927.82635,2543.9165,616.85864,50.932262,2017.1549,1091.0066,-843.7703,1483.0541,684.3455,293.70544,1461.1464,608.142,-293.63483,1451.7073,1013.40045,-65.74873,1095.9993,597.08484,-438.49655,1082.4055,959.35706,318.25635,648.8966,496.43793,-296.28995,1003.5708,885.3278,348.4526,609.03375,467.37918,-293.3528,960.5681,1054.0531,228.43956,472.83984,579.52185,-601.41077
IMG_5355 copy 6.JPG,2192.8374,611.37805,-171.71156,2215.644,579.3379,-128.78397,2215.351,576.4832,-128.92363,2215.4019,573.12427,-128.97586,2209.7537,571.75665,-240.65295,2204.9653,563.3657,-240.73431,2200.6184,554.51935,-240.84105,2176.139,524.2628,93.89224,2160.873,508.73508,-422.16403,2161.3533,612.09106,-81.11723,2155.3564,604.2099,-231.83096,2025.0176,544.8803,315.061,1966.8098,519.96594,-657.1923,2271.3464,637.1209,365.56735,1932.4893,812.36694,-853.3977,2509.148,631.4114,98.06692,1963.2139,1087.2501,-865.7835,2567.0105,624.59204,42.163483,2029.0889,1106.8737,-989.35724,2564.8198,614.7091,-25.31532,2039.1956,1097.0276,-927.82635,2543.9165,616.85864,50.932262,2017.1549,1091.0066,-843.7703,1483.0541,684.3455,293.70544,1461.1464,608.142,-293.63483,1451.7073,1013.40045,-65.74873,1095.9993,597.08484,-438.49655,1082.4055,959.35706,318.25635,648.8966,496.43793,-296.28995,1003.5708,885.3278,348.4526,609.03375,467.37918,-293.3528,960.5681,1054.0531,228.43956,472.83984,579.52185,-601.41077
IMG_5355 copy 7.JPG,2192.8374,611.37805,-171.71156,2215.644,579.3379,-128.78397,2215.351,576.4832,-128.92363,2215.4019,573.12427,-128.97586,2209.7537,571.75665,-240.65295,2204.9653,563.3657,-240.73431,2200.6184,554.51935,-240.84105,2176.139,524.2628,93.89224,2160.873,508.73508,-422.16403,2161.3533,612.09106,-81.11723,2155.3564,604.2099,-231.83096,2025.0176,544.8803,315.061,1966.8098,519.96594,-657.1923,2271.3464,637.1209,365.56735,1932.4893,812.36694,-853.3977,2509.148,631.4114,98.06692,1963.2139,1087.2501,-865.7835,2567.0105,624.59204,42.163483,2029.0889,1106.8737,-989.35724,2564.8198,614.7091,-25.31532,2039.1956,1097.0276,-927.82635,2543.9165,616.85864,50.932262,2017.1549,1091.0066,-843.7703,1483.0541,684.3455,293.70544,1461.1464,608.142,-293.63483,1451.7073,1013.40045,-65.74873,1095.9993,597.08484,-438.49655,1082.4055,959.35706,318.25635,648.8966,496.43793,-296.28995,1003.5708,885.3278,348.4526,609.03375,467.37918,-293.3528,960.5681,1054.0531,228.43956,472.83984,579.52185,-601.41077
IMG_5355 copy 8.JPG,2192.8374,611.37805,-171.71156,2215.644,579.3379,-128.78397,2215.351,576.4832,-128.92363,2215.4019,573.12427,-128.97586,2209.7537,571.75665,-240.65295,2204.9653,563.3657,-240.73431,2200.6184,554.51935,-240.84105,2176.139,524.2628,93.89224,2160.873,508.73508,-422.16403,2161.3533,612.09106,-81.11723,2155.3564,604.2099,-231.83096,2025.0176,544.8803,315.061,1966.8098,519.96594,-657.1923,2271.3464,637.1209,365.56735,1932.4893,812.36694,-853.3977,2509.148,631.4114,98.06692,1963.2139,1087.2501,-865.7835,2567.0105,624.59204,42.163483,2029.0889,1106.8737,-989.35724,2564.8198,614.7091,-25.31532,2039.1956,1097.0276,-927.82635,2543.9165,616.85864,50.932262,2017.1549,1091.0066,-843.7703,1483.0541,684.3455,293.70544,1461.1464,608.142,-293.63483,1451.7073,1013.40045,-65.74873,1095.9993,597.08484,-438.49655,1082.4055,959.35706,318.25635,648.8966,496.43793,-296.28995,1003.5708,885.3278,348.4526,609.03375,467.37918,-293.3528,960.5681,1054.0531,228.43956,472.83984,579.52185,-601.41077
IMG_5355 copy 9.JPG,2192.8374,611.37805,-171.71156,2215.644,579.3379,-128.78397,2215.351,576.4832,-128.92363,2215.4019,573.12427,-128.97586,2209.7537,571.75665,-240.65295,2204.9653,563.3657,-240.73431,2200.6184,554.51935,-240.84105,2176.139,524.2628,93.89224,2160.873,508.73508,-422.16403,2161.3533,612.09106,-81.11723,2155.3564,604.2099,-231.83096,2025.0176,544.8803,315.061,1966.8098,519.96594,-657.1923,2271.3464,637.1209,365.56735,1932.4893,812.36694,-853.3977,2509.148,631.4114,98.06692,1963.2139,1087.2501,-865.7835,2567.0105,624.59204,42.163483,2029.0889,1106.8737,-989.35724,2564.8198,614.7091,-25.31532,2039.1956,1097.0276,-927.82635,2543.9165,616.85864,50.932262,2017.1549,1091.0066,-843.7703,1483.0541,684.3455,293.70544,1461.1464,608.142,-293.63483,1451.7073,1013.40045,-65.74873,1095.9993,597.08484,-438.49655,1082.4055,959.35706,318.25635,648.8966,496.43793,-296.28995,1003.5708,885.3278,348.4526,609.03375,467.37918,-293.3528,960.5681,1054.0531,228.43956,472.83984,579.52185,-601.41077
IMG_5355 copy.JPG,2192.8374,611.37805,-171.71156,2215.644,579.3379,-128.78397,2215.351,576.4832,-128.92363,2215.4019,573.12427,-128.97586,2209.7537,571.75665,-240.65295,2204.9653,563.3657,-240.73431,2200.6184,554.51935,-240.84105,2176.139,524.2628,93.89224,2160.873,508.73508,-422.16403,2161.3533,612.09106,-81.11723,2155.3564,604.2099,-231.83096,2025.0176,544.8803,315.061,1966.8098,519.96594,-657.1923,2271.3464,637.1209,365.56735,1932.4893,812.36694,-853.3977,2509.148,631.4114,98.06692,1963.2139,1087.2501,-865.7835,2567.0105,624.59204,42.163483,2029.0889,1106.8737,-989.35724,2564.8198,614.7091,-25.31532,2039.1956,1097.0276,-927.82635,2543.9165,616.85864,50.932262,2017.1549,1091.0066,-843.7703,1483.0541,684.3455,293.70544,1461.1464,608.142,-293.63483,1451.7073,1013.40045,-65.74873,1095.9993,597.08484,-438.49655,1082.4055,959.35706,318.25635,648.8966,496.43793,-296.28995,1003.5708,885.3278,348.4526,609.03375,467.37918,-293.3528,960.5681,1054.0531,228.43956,472.83984,579.52185,-601.41077
IMG_5355.JPG,2192.8374,611.37805,-171.71156,2215.644,579.3379,-128.78397,2215.351,576.4832,-128.92363,2215.4019,573.12427,-128.97586,2209.7537,571.75665,-240.65295,2204.9653,563.3657,-240.73431,2200.6184,554.51935,-240.84105,2176.139,524.2628,93.89224,2160.873,508.73508,-422.16403,2161.3533,612.09106,-81.11723,2155.3564,604.2099,-231.83096,2025.0176,544.8803,315.061,1966.8098,519.96594,-657.1923,2271.3464,637.1209,365.56735,1932.4893,812.36694,-853.3977,2509.148,631.4114,98.06692,1963.2139,1087.2501,-865.7835,2567.0105,624.59204,42.163483,2029.0889,1106.8737,-989.35724,2564.8198,614.7091,-25.31532,2039.1956,1097.0276,-927.82635,2543.9165,616.85864,50.932262,2017.1549,1091.0066,-843.7703,1483.0541,684.3455,293.70544,1461.1464,608.142,-293.63483,1451.7073,1013.40045,-65.74873,1095.9993,597.08484,-438.49655,1082.4055,959.35706,318.25635,648.8966,496.43793,-296.28995,1003.5708,885.3278,348.4526,609.03375,467.37918,-293.3528,960.5681,1054.0531,228.43956,472.83984,579.52185,-601.41077
IMG_5356.JPG,2137.2603,484.98157,-143.29643,2159.6714,448.75705,-103.94857,2160.046,446.10162,-103.980064,2160.5806,443.55713,-103.97782,2153.448,442.8433,-213.4267,2148.8062,435.91162,-213.599,2143.8015,427.92026,-213.6959,2120.022,401.2328,116.1528,2102.6484,386.4665,-391.11865,2110.269,492.00262,-53.01989,2102.4194,484.77618,-201.8248,1957.9674,429.1002,414.3494,1938.3615,431.6926,-648.3647,2180.3594,488.595,594.5511,1949.4911,715.1707,-824.97595,2366.8892,481.51877,478.8646,1975.2462,979.885,-760.90515,2418.262,471.53558,461.67938,2044.364,992.13293,-879.1106,2422.1938,471.59662,383.33246,2051.4875,981.14044,-812.58435,2400.6462,476.95624,432.21826,2025.2661,978.48083,-734.15344,1461.5231,593.42676,325.00095,1437.6538,552.51544,-324.84924,1444.4275,943.9845,144.54736,1013.4534,555.78406,-494.9393,1040.2833,903.6342,369.37057,538.5679,503.20474,-507.29608,965.6716,857.5882,379.0325,468.45328,457.24747,-519.4636,965.9308,1066.7789,242.37816,384.94284,612.51154,-837.9327
IMG_5357.JPG,2224.7952,497.76685,725.04065,2239.7654,472.20392,799.00446,2239.2993,471.38312,798.6304,2239.9353,470.68787,798.4184,2242.939,457.89233,703.763,2243.8916,447.3137,703.63104,2246.2737,436.76645,703.1086,2219.9631,433.4158,1023.36017,2229.7812,397.24646,597.5361,2209.6252,500.7884,806.31213,2211.905,487.34134,678.6179,2013.7418,437.9653,1179.1144,2103.272,390.12537,136.78407,1802.7439,739.456,1290.0382,2112.936,633.46063,-163.30122,1745.5743,922.4514,1187.4728,2149.2024,985.91034,-74.39392,1733.071,950.94556,1182.1621,2218.7954,1008.99207,-110.1958,1750.8872,946.13336,1125.5593,2211.9102,996.5345,-72.39992,1754.0166,936.5772,1152.5028,2180.212,996.3885,-50.574413,1540.5146,647.0928,274.70337,1582.9774,555.1052,-274.85312,1567.948,1023.3107,-248.20714,1222.107,560.3507,-1233.2377,1110.513,1049.9683,-555.50037,655.4277,487.38205,-2169.0708,1018.7057,1002.2097,-607.88885,561.2584,452.65375,-2268.0042,1073.3197,1230.8846,-834.39294,541.98584,665.09326,-2664.3293
IMG_5361 copy 10.JPG,1359.7845,396.0806,1569.3616,1343.4662,370.1259,1559.9385,1339.5897,371.05078,1560.1719,1336.1654,371.83188,1560.1501,1362.167,360.6414,1629.8394,1371.3055,355.9447,1629.782,1381.8893,351.1103,1629.4064,1349.0333,367.67773,1310.4092,1417.8265,333.99484,1626.4275,1378.8171,402.40466,1463.6952,1405.2582,391.0605,1552.7173,1320.1986,431.65445,620.6401,1607.8612,357.1554,1547.661,1145.3986,600.3572,358.58557,1667.6268,715.5076,1644.5703,930.4963,654.38837,540.9016,1672.3381,973.1785,1532.1508,835.8353,677.0189,519.91797,1623.764,1017.5903,1554.5983,859.4324,645.8329,583.97516,1605.5066,1028.3708,1490.5939,892.92,643.3199,577.33075,1625.821,1014.8707,1503.6611,1776.9672,629.19324,-270.31522,1954.1534,492.58093,267.56482,1873.911,1075.9288,-378.397,2440.583,444.33765,-80.093575,2306.3262,1077.6213,-985.8412,2977.4211,211.54446,-1238.5464,2343.5461,1021.22144,-1035.8091,3013.7886,126.94596,-1358.0768,2452.2378,1259.5912,-1047.802,3245.9468,293.2171,-1499.5101
IMG_5361 copy 11.JPG,1359.7845,396.0806,1569.3616,1343.4662,370.1259,1559.9385,1339.5897,371.05078,1560.1719,1336.1654,371.83188,1560.1501,1362.167,360.6414,1629.8394,1371.3055,355.9447,1629.782,1381.8893,351.1103,1629.4064,1349.0333,367.67773,1310.4092,1417.8265,333.99484,1626.4275,1378.8171,402.40466,1463.6952,1405.2582,391.0605,1552.7173,1320.1986,431.65445,620.6401,1607.8612,357.1554,1547.661,1145.3986,600.3572,358.58557,1667.6268,715.5076,1644.5703,930.4963,654.38837,540.9016,1672.3381,973.1785,1532.1508,835.8353,677.0189,519.91797,1623.764,1017.5903,1554.5983,859.4324,645.8329,583.97516,1605.5066,1028.3708,1490.5939,892.92,643.3199,577.33075,1625.821,1014.8707,1503.6611,1776.9672,629.19324,-270.31522,1954.1534,492.58093,267.56482,1873.911,1075.9288,-378.397,2440.583,444.33765,-80.093575,2306.3262,1077.6213,-985.8412,2977.4211,211.54446,-1238.5464,2343.5461,1021.22144,-1035.8091,3013.7886,126.94596,-1358.0768,2452.2378,1259.5912,-1047.802,3245.9468,293.2171,-1499.5101
IMG_5361 copy 12.JPG,1359.7845,396.0806,1569.3616,1343.4662,370.1259,1559.9385,1339.5897,371.05078,1560.1719,1336.1654,371.83188,1560.1501,1362.167,360.6414,1629.8394,1371.3055,355.9447,1629.782,1381.8893,351.1103,1629.4064,1349.0333,367.67773,1310.4092,1417.8265,333.99484,1626.4275,1378.8171,402.40466,1463.6952,1405.2582,391.0605,1552.7173,1320.1986,431.65445,620.6401,1607.8612,357.1554,1547.661,1145.3986,600.3572,358.58557,1667.6268,715.5076,1644.5703,930.4963,654.38837,540.9016,1672.3381,973.1785,1532.1508,835.8353,677.0189,519.91797,1623.764,1017.5903,1554.5983,859.4324,645.8329,583.97516,1605.5066,1028.3708,1490.5939,892.92,643.3199,577.33075,1625.821,1014.8707,1503.6611,1776.9672,629.19324,-270.31522,1954.1534,492.58093,267.56482,1873.911,1075.9288,-378.397,2440.583,444.33765,-80.093575,2306.3262,1077.6213,-985.8412,2977.4211,211.54446,-1238.5464,2343.5461,1021.22144,-1035.8091,3013.7886,126.94596,-1358.0768,2452.2378,1259.5912,-1047.802,3245.9468,293.2171,-1499.5101
IMG_5361 copy 13.JPG,1359.7845,396.0806,1569.3616,1343.4662,370.1259,1559.9385,1339.5897,371.05078,1560.1719,1336.1654,371.83188,1560.1501,1362.167,360.6414,1629.8394,1371.3055,355.9447,1629.782,1381.8893,351.1103,1629.4064,1349.0333,367.67773,1310.4092,1417.8265,333.99484,1626.4275,1378.8171,402.40466,1463.6952,1405.2582,391.0605,1552.7173,1320.1986,431.65445,620.6401,1607.8612,357.1554,1547.661,1145.3986,600.3572,358.58557,1667.6268,715.5076,1644.5703,930.4963,654.38837,540.9016,1672.3381,973.1785,1532.1508,835.8353,677.0189,519.91797,1623.764,1017.5903,1554.5983,859.4324,645.8329,583.97516,1605.5066,1028.3708,1490.5939,892.92,643.3199,577.33075,1625.821,1014.8707,1503.6611,1776.9672,629.19324,-270.31522,1954.1534,492.58093,267.56482,1873.911,1075.9288,-378.397,2440.583,444.33765,-80.093575,2306.3262,1077.6213,-985.8412,2977.4211,211.54446,-1238.5464,2343.5461,1021.22144,-1035.8091,3013.7886,126.94596,-1358.0768,2452.2378,1259.5912,-1047.802,3245.9468,293.2171,-1499.5101
IMG_5361 copy 14.JPG,1359.7845,396.0806,1569.3616,1343.4662,370.1259,1559.9385,1339.5897,371.05078,1560.1719,1336.1654,371.83188,1560.1501,1362.167,360.6414,1629.8394,1371.3055,355.9447,1629.782,1381.8893,351.1103,1629.4064,1349.0333,367.67773,1310.4092,1417.8265,333.99484,1626.4275,1378.8171,402.40466,1463.6952,1405.2582,391.0605,1552.7173,1320.1986,431.65445,620.6401,1607.8612,357.1554,1547.661,1145.3986,600.3572,358.58557,1667.6268,715.5076,1644.5703,930.4963,654.38837,540.9016,1672.3381,973.1785,1532.1508,835.8353,677.0189,519.91797,1623.764,1017.5903,1554.5983,859.4324,645.8329,583.97516,1605.5066,1028.3708,1490.5939,892.92,643.3199,577.33075,1625.821,1014.8707,1503.6611,1776.9672,629.19324,-270.31522,1954.1534,492.58093,267.56482,1873.911,1075.9288,-378.397,2440.583,444.33765,-80.093575,2306.3262,1077.6213,-985.8412,2977.4211,211.54446,-1238.5464,2343.5461,1021.22144,-1035.8091,3013.7886,126.94596,-1358.0768,2452.2378,1259.5912,-1047.802,3245.9468,293.2171,-1499.5101
IMG_5361 copy 15.JPG,1359.7845,396.0806,1569.3616,1343.4662,370.1259,1559.9385,1339.5897,371.05078,1560.1719,1336.1654,371.83188,1560.1501,1362.167,360.6414,1629.8394,1371.3055,355.9447,1629.782,1381.8893,351.1103,1629.4064,1349.0333,367.67773,1310.4092,1417.8265,333.99484,1626.4275,1378.8171,402.40466,1463.6952,1405.2582,391.0605,1552.7173,1320.1986,431.65445,620.6401,1607.8612,357.1554,1547.661,1145.3986,600.3572,358.58557,1667.6268,715.5076,1644.5703,930.4963,654.38837,540.9016,1672.3381,973.1785,1532.1508,835.8353,677.0189,519.91797,1623.764,1017.5903,1554.5983,859.4324,645.8329,583.97516,1605.5066,1028.3708,1490.5939,892.92,643.3199,577.33075,1625.821,1014.8707,1503.6611,1776.9672,629.19324,-270.31522,1954.1534,492.58093,267.56482,1873.911,1075.9288,-378.397,2440.583,444.33765,-80.093575,2306.3262,1077.6213,-985.8412,2977.4211,211.54446,-1238.5464,2343.5461,1021.22144,-1035.8091,3013.7886,126.94596,-1358.0768,2452.2378,1259.5912,-1047.802,3245.9468,293.2171,-1499.5101
IMG_5361 copy 16.JPG,1359.7845,396.0806,1569.3616,1343.4662,370.1259,1559.9385,1339.5897,371.05078,1560.1719,1336.1654,371.83188,1560.1501,1362.167,360.6414,1629.8394,1371.3055,355.9447,1629.782,1381.8893,351.1103,1629.4064,1349.0333,367.67773,1310.4092,1417.8265,333.99484,1626.4275,1378.8171,402.40466,1463.6952,1405.2582,391.0605,1552.7173,1320.1986,431.65445,620.6401,1607.8612,357.1554,1547.661,1145.3986,600.3572,358.58557,1667.6268,715.5076,1644.5703,930.4963,654.38837,540.9016,1672.3381,973.1785,1532.1508,835.8353,677.0189,519.91797,1623.764,1017.5903,1554.5983,859.4324,645.8329,583.97516,1605.5066,1028.3708,1490.5939,892.92,643.3199,577.33075,1625.821,1014.8707,1503.6611,1776.9672,629.19324,-270.31522,1954.1534,492.58093,267.56482,1873.911,1075.9288,-378.397,2440.583,444.33765,-80.093575,2306.3262,1077.6213,-985.8412,2977.4211,211.54446,-1238.5464,2343.5461,1021.22144,-1035.8091,3013.7886,126.94596,-1358.0768,2452.2378,1259.5912,-1047.802,3245.9468,293.2171,-1499.5101
IMG_5361 copy 17.JPG,1359.7845,396.0806,1569.3616,1343.4662,370.1259,1559.9385,1339.5897,371.05078,1560.1719,1336.1654,371.83188,1560.1501,1362.167,360.6414,1629.8394,1371.3055,355.9447,1629.782,1381.8893,351.1103,1629.4064,1349.0333,367.67773,1310.4092,1417.8265,333.99484,1626.4275,1378.8171,402.40466,1463.6952,1405.2582,391.0605,1552.7173,1320.1986,431.65445,620.6401,1607.8612,357.1554,1547.661,1145.3986,600.3572,358.58557,1667.6268,715.5076,1644.5703,930.4963,654.38837,540.9016,1672.3381,973.1785,1532.1508,835.8353,677.0189,519.91797,1623.764,1017.5903,1554.5983,859.4324,645.8329,583.97516,1605.5066,1028.3708,1490.5939,892.92,643.3199,577.33075,1625.821,1014.8707,1503.6611,1776.9672,629.19324,-270.31522,1954.1534,492.58093,267.56482,1873.911,1075.9288,-378.397,2440.583,444.33765,-80.093575,2306.3262,1077.6213,-985.8412,2977.4211,211.54446,-1238.5464,2343.5461,1021.22144,-1035.8091,3013.7886,126.94596,-1358.0768,2452.2378,1259.5912,-1047.802,3245.9468,293.2171,-1499.5101
IMG_5361 copy 18.JPG,1359.7845,396.0806,1569.3616,1343.4662,370.1259,1559.9385,1339.5897,371.05078,1560.1719,1336.1654,371.83188,1560.1501,1362.167,360.6414,1629.8394,1371.3055,355.9447,1629.782,1381.8893,351.1103,1629.4064,1349.0333,367.67773,1310.4092,1417.8265,333.99484,1626.4275,1378.8171,402.40466,1463.6952,1405.2582,391.0605,1552.7173,1320.1986,431.65445,620.6401,1607.8612,357.1554,1547.661,1145.3986,600.3572,358.58557,1667.6268,715.5076,1644.5703,930.4963,654.38837,540.9016,1672.3381,973.1785,1532.1508,835.8353,677.0189,519.91797,1623.764,1017.5903,1554.5983,859.4324,645.8329,583.97516,1605.5066,1028.3708,1490.5939,892.92,643.3199,577.33075,1625.821,1014.8707,1503.6611,1776.9672,629.19324,-270.31522,1954.1534,492.58093,267.56482,1873.911,1075.9288,-378.397,2440.583,444.33765,-80.093575,2306.3262,1077.6213,-985.8412,2977.4211,211.54446,-1238.5464,2343.5461,1021.22144,-1035.8091,3013.7886,126.94596,-1358.0768,2452.2378,1259.5912,-1047.802,3245.9468,293.2171,-1499.5101
IMG_5361 copy 2.JPG,1359.7845,396.0806,1569.3616,1343.4662,370.1259,1559.9385,1339.5897,371.05078,1560.1719,1336.1654,371.83188,1560.1501,1362.167,360.6414,1629.8394,1371.3055,355.9447,1629.782,1381.8893,351.1103,1629.4064,1349.0333,367.67773,1310.4092,1417.8265,333.99484,1626.4275,1378.8171,402.40466,1463.6952,1405.2582,391.0605,1552.7173,1320.1986,431.65445,620.6401,1607.8612,357.1554,1547.661,1145.3986,600.3572,358.58557,1667.6268,715.5076,1644.5703,930.4963,654.38837,540.9016,1672.3381,973.1785,1532.1508,835.8353,677.0189,519.91797,1623.764,1017.5903,1554.5983,859.4324,645.8329,583.97516,1605.5066,1028.3708,1490.5939,892.92,643.3199,577.33075,1625.821,1014.8707,1503.6611,1776.9672,629.19324,-270.31522,1954.1534,492.58093,267.56482,1873.911,1075.9288,-378.397,2440.583,444.33765,-80.093575,2306.3262,1077.6213,-985.8412,2977.4211,211.54446,-1238.5464,2343.5461,1021.22144,-1035.8091,3013.7886,126.94596,-1358.0768,2452.2378,1259.5912,-1047.802,3245.9468,293.2171,-1499.5101
IMG_5361 copy 3.JPG,1359.7845,396.0806,1569.3616,1343.4662,370.1259,1559.9385,1339.5897,371.05078,1560.1719,1336.1654,371.83188,1560.1501,1362.167,360.6414,1629.8394,1371.3055,355.9447,1629.782,1381.8893,351.1103,1629.4064,1349.0333,367.67773,1310.4092,1417.8265,333.99484,1626.4275,1378.8171,402.40466,1463.6952,1405.2582,391.0605,1552.7173,1320.1986,431.65445,620.6401,1607.8612,357.1554,1547.661,1145.3986,600.3572,358.58557,1667.6268,715.5076,1644.5703,930.4963,654.38837,540.9016,1672.3381,973.1785,1532.1508,835.8353,677.0189,519.91797,1623.764,1017.5903,1554.5983,859.4324,645.8329,583.97516,1605.5066,1028.3708,1490.5939,892.92,643.3199,577.33075,1625.821,1014.8707,1503.6611,1776.9672,629.19324,-270.31522,1954.1534,492.58093,267.56482,1873.911,1075.9288,-378.397,2440.583,444.33765,-80.093575,2306.3262,1077.6213,-985.8412,2977.4211,211.54446,-1238.5464,2343.5461,1021.22144,-1035.8091,3013.7886,126.94596,-1358.0768,2452.2378,1259.5912,-1047.802,3245.9468,293.2171,-1499.5101
IMG_5361 copy 4.JPG,1359.7845,396.0806,1569.3616,1343.4662,370.1259,1559.9385,1339.5897,371.05078,1560.1719,1336.1654,371.83188,1560.1501,1362.167,360.6414,1629.8394,1371.3055,355.9447,1629.782,1381.8893,351.1103,1629.4064,1349.0333,367.67773,1310.4092,1417.8265,333.99484,1626.4275,1378.8171,402.40466,1463.6952,1405.2582,391.0605,1552.7173,1320.1986,431.65445,620.6401,1607.8612,357.1554,1547.661,1145.3986,600.3572,358.58557,1667.6268,715.5076,1644.5703,930.4963,654.38837,540.9016,1672.3381,973.1785,1532.1508,835.8353,677.0189,519.91797,1623.764,1017.5903,1554.5983,859.4324,645.8329,583.97516,1605.5066,1028.3708,1490.5939,892.92,643.3199,577.33075,1625.821,1014.8707,1503.6611,1776.9672,629.19324,-270.31522,1954.1534,492.58093,267.56482,1873.911,1075.9288,-378.397,2440.583,444.33765,-80.093575,2306.3262,1077.6213,-985.8412,2977.4211,211.54446,-1238.5464,2343.5461,1021.22144,-1035.8091,3013.7886,126.94596,-1358.0768,2452.2378,1259.5912,-1047.802,3245.9468,293.2171,-1499.5101
IMG_5361 copy 5.JPG,1359.7845,396.0806,1569.3616,1343.4662,370.1259,1559.9385,1339.5897,371.05078,1560.1719,1336.1654,371.83188,1560.1501,1362.167,360.6414,1629.8394,1371.3055,355.9447,1629.782,1381.8893,351.1103,1629.4064,1349.0333,367.67773,1310.4092,1417.8265,333.99484,1626.4275,1378.8171,402.40466,1463.6952,1405.2582,391.0605,1552.7173,1320.1986,431.65445,620.6401,1607.8612,357.1554,1547.661,1145.3986,600.3572,358.58557,1667.6268,715.5076,1644.5703,930.4963,654.38837,540.9016,1672.3381,973.1785,1532.1508,835.8353,677.0189,519.91797,1623.764,1017.5903,1554.5983,859.4324,645.8329,583.97516,1605.5066,1028.3708,1490.5939,892.92,643.3199,577.33075,1625.821,1014.8707,1503.6611,1776.9672,629.19324,-270.31522,1954.1534,492.58093,267.56482,1873.911,1075.9288,-378.397,2440.583,444.33765,-80.093575,2306.3262,1077.6213,-985.8412,2977.4211,211.54446,-1238.5464,2343.5461,1021.22144,-1035.8091,3013.7886,126.94596,-1358.0768,2452.2378,1259.5912,-1047.802,3245.9468,293.2171,-1499.5101
IMG_5361 copy 6.JPG,1359.7845,396.0806,1569.3616,1343.4662,370.1259,1559.9385,1339.5897,371.05078,1560.1719,1336.1654,371.83188,1560.1501,1362.167,360.6414,1629.8394,1371.3055,355.9447,1629.782,1381.8893,351.1103,1629.4064,1349.0333,367.67773,1310.4092,1417.8265,333.99484,1626.4275,1378.8171,402.40466,1463.6952,1405.2582,391.0605,1552.7173,1320.1986,431.65445,620.6401,1607.8612,357.1554,1547.661,1145.3986,600.3572,358.58557,1667.6268,715.5076,1644.5703,930.4963,654.38837,540.9016,1672.3381,973.1785,1532.1508,835.8353,677.0189,519.91797,1623.764,1017.5903,1554.5983,859.4324,645.8329,583.97516,1605.5066,1028.3708,1490.5939,892.92,643.3199,577.33075,1625.821,1014.8707,1503.6611,1776.9672,629.19324,-270.31522,1954.1534,492.58093,267.56482,1873.911,1075.9288,-378.397,2440.583,444.33765,-80.093575,2306.3262,1077.6213,-985.8412,2977.4211,211.54446,-1238.5464,2343.5461,1021.22144,-1035.8091,3013.7886,126.94596,-1358.0768,2452.2378,1259.5912,-1047.802,3245.9468,293.2171,-1499.5101
IMG_5361 copy 7.JPG,1359.7845,396.0806,1569.3616,1343.4662,370.1259,1559.9385,1339.5897,371.05078,1560.1719,1336.1654,371.83188,1560.1501,1362.167,360.6414,1629.8394,1371.3055,355.9447,1629.782,1381.8893,351.1103,1629.4064,1349.0333,367.67773,1310.4092,1417.8265,333.99484,1626.4275,1378.8171,402.40466,1463.6952,1405.2582,391.0605,1552.7173,1320.1986,431.65445,620.6401,1607.8612,357.1554,1547.661,1145.3986,600.3572,358.58557,1667.6268,715.5076,1644.5703,930.4963,654.38837,540.9016,1672.3381,973.1785,1532.1508,835.8353,677.0189,519.91797,1623.764,1017.5903,1554.5983,859.4324,645.8329,583.97516,1605.5066,1028.3708,1490.5939,892.92,643.3199,577.33075,1625.821,1014.8707,1503.6611,1776.9672,629.19324,-270.31522,1954.1534,492.58093,267.56482,1873.911,1075.9288,-378.397,2440.583,444.33765,-80.093575,2306.3262,1077.6213,-985.8412,2977.4211,211.54446,-1238.5464,2343.5461,1021.22144,-1035.8091,3013.7886,126.94596,-1358.0768,2452.2378,1259.5912,-1047.802,3245.9468,293.2171,-1499.5101
IMG_5361 copy 8.JPG,1359.7845,396.0806,1569.3616,1343.4662,370.1259,1559.9385,1339.5897,371.05078,1560.1719,1336.1654,371.83188,1560.1501,1362.167,360.6414,1629.8394,1371.3055,355.9447,1629.782,1381.8893,351.1103,1629.4064,1349.0333,367.67773,1310.4092,1417.8265,333.99484,1626.4275,1378.8171,402.40466,1463.6952,1405.2582,391.0605,1552.7173,1320.1986,431.65445,620.6401,1607.8612,357.1554,1547.661,1145.3986,600.3572,358.58557,1667.6268,715.5076,1644.5703,930.4963,654.38837,540.9016,1672.3381,973.1785,1532.1508,835.8353,677.0189,519.91797,1623.764,1017.5903,1554.5983,859.4324,645.8329,583.97516,1605.5066,1028.3708,1490.5939,892.92,643.3199,577.33075,1625.821,1014.8707,1503.6611,1776.9672,629.19324,-270.31522,1954.1534,492.58093,267.56482,1873.911,1075.9288,-378.397,2440.583,444.33765,-80.093575,2306.3262,1077.6213,-985.8412,2977.4211,211.54446,-1238.5464,2343.5461,1021.22144,-1035.8091,3013.7886,126.94596,-1358.0768,2452.2378,1259.5912,-1047.802,3245.9468,293.2171,-1499.5101
IMG_5361 copy 9.JPG,1359.7845,396.0806,1569.3616,1343.4662,370.1259,1559.9385,1339.5897,371.05078,1560.1719,1336.1654,371.83188,1560.1501,1362.167,360.6414,1629.8394,1371.3055,355.9447,1629.782,1381.8893,351.1103,1629.4064,1349.0333,367.67773,1310.4092,1417.8265,333.99484,1626.4275,1378.8171,402.40466,1463.6952,1405.2582,391.0605,1552.7173,1320.1986,431.65445,620.6401,1607.8612,357.1554,1547.661,1145.3986,600.3572,358.58557,1667.6268,715.5076,1644.5703,930.4963,654.38837,540.9016,1672.3381,973.1785,1532.1508,835.8353,677.0189,519.91797,1623.764,1017.5903,1554.5983,859.4324,645.8329,583.97516,1605.5066,1028.3708,1490.5939,892.92,643.3199,577.33075,1625.821,1014.8707,1503.6611,1776.9672,629.19324,-270.31522,1954.1534,492.58093,267.56482,1873.911,1075.9288,-378.397,2440.583,444.33765,-80.093575,2306.3262,1077.6213,-985.8412,2977.4211,211.54446,-1238.5464,2343.5461,1021.22144,-1035.8091,3013.7886,126.94596,-1358.0768,2452.2378,1259.5912,-1047.802,3245.9468,293.2171,-1499.5101
IMG_5361 copy.JPG,1359.7845,396.0806,1569.3616,1343.4662,370.1259,1559.9385,1339.5897,371.05078,1560.1719,1336.1654,371.83188,1560.1501,1362.167,360.6414,1629.8394,1371.3055,355.9447,1629.782,1381.8893,351.1103,1629.4064,1349.0333,367.67773,1310.4092,1417.8265,333.99484,1626.4275,1378.8171,402.40466,1463.6952,1405.2582,391.0605,1552.7173,1320.1986,431.65445,620.6401,1607.8612,357.1554,1547.661,1145.3986,600.3572,358.58557,1667.6268,715.5076,1644.5703,930.4963,654.38837,540.9016,1672.3381,973.1785,1532.1508,835.8353,677.0189,519.91797,1623.764,1017.5903,1554.5983,859.4324,645.8329,583.97516,1605.5066,1028.3708,1490.5939,892.92,643.3199,577.33075,1625.821,1014.8707,1503.6611,1776.9672,629.19324,-270.31522,1954.1534,492.58093,267.56482,1873.911,1075.9288,-378.397,2440.583,444.33765,-80.093575,2306.3262,1077.6213,-985.8412,2977.4211,211.54446,-1238.5464,2343.5461,1021.22144,-1035.8091,3013.7886,126.94596,-1358.0768,2452.2378,1259.5912,-1047.802,3245.9468,293.2171,-1499.5101
IMG_5361.JPG,1359.7845,396.0806,1569.3616,1343.4662,370.1259,1559.9385,1339.5897,371.05078,1560.1719,1336.1654,371.83188,1560.1501,1362.167,360.6414,1629.8394,1371.3055,355.9447,1629.782,1381.8893,351.1103,1629.4064,1349.0333,367.67773,1310.4092,1417.8265,333.99484,1626.4275,1378.8171,402.40466,1463.6952,1405.2582,391.0605,1552.7173,1320.1986,431.65445,620.6401,1607.8612,357.1554,1547.661,1145.3986,600.3572,358.58557,1667.6268,715.5076,1644.5703,930.4963,654.38837,540.9016,1672.3381,973.1785,1532.1508,835.8353,677.0189,519.91797,1623.764,1017.5903,1554.5983,859.4324,645.8329,583.97516,1605.5066,1028.3708,1490.5939,892.92,643.3199,577.33075,1625.821,1014.8707,1503.6611,1776.9672,629.19324,-270.31522,1954.1534,492.58093,267.56482,1873.911,1075.9288,-378.397,2440.583,444.33765,-80.093575,2306.3262,1077.6213,-985.8412,2977.4211,211.54446,-1238.5464,2343.5461,1021.22144,-1035.8091,3013.7886,126.94596,-1358.0768,2452.2378,1259.5912,-1047.802,3245.9468,293.2171,-1499.5101
IMG_5362.JPG,944.95886,690.2816,204.06476,893.8647,689.19904,156.07083,890.5078,682.5975,156.0097,887.75104,676.01337,156.01883,915.11487,651.7681,283.25827,920.35675,651.90796,283.07513,928.20764,651.1168,282.94208,913.10065,628.24274,-1.0173776,978.0057,644.0822,570.4314,983.12354,702.99225,152.0593,995.4634,709.41864,316.44656,1026.6401,629.1751,-387.40915,1250.9192,604.5856,917.2269,789.68976,838.78796,-708.21094,1494.2058,875.26404,1168.0521,459.33383,949.8907,-439.28357,1474.8577,1193.22,879.67194,372.68814,976.16876,-542.0145,1422.9283,1218.9149,899.8678,397.65775,955.46686,-445.93164,1412.1731,1232.2083,758.0354,432.97247,941.7858,-399.43362,1433.7555,1226.9327,814.42584,1896.8607,749.5463,-412.29745,1958.0719,595.95734,410.3757,2057.5725,1253.3157,-372.0442,2524.5735,536.04095,512.1037,2668.9885,1119.2891,62.61691,3087.4192,284.91626,540.3523,2753.959,1046.0967,122.63891,3159.2493,209.20956,549.6156,2787.4805,1246.7219,174.528,3314.811,374.0348,477.48813
IMG_5363 copy 10.JPG,1059.0538,596.40466,266.17758,1024.6123,559.1934,214.00652,1023.68884,554.63336,214.0189,1023.01166,548.8457,214.14957,1028.4858,556.30096,336.0588,1030.0182,550.5175,335.84378,1031.8901,543.51666,335.58044,1049.9276,517.5091,66.82012,1063.2926,509.75522,605.8273,1095.147,599.14844,223.11093,1104.8436,596.1948,377.82938,1165.8315,559.57587,-330.13947,1322.5771,493.41846,937.94495,814.54,696.0863,-775.7573,1450.6284,828.1699,1181.7501,460.7704,811.46857,-763.3695,1416.2112,1144.1156,910.1337,367.4021,817.1278,-898.0962,1354.4791,1163.0701,940.1888,384.04642,778.9761,-805.829,1350.0189,1170.544,792.41943,422.00223,777.8687,-730.8072,1376.9604,1165.5955,842.19574,1915.962,686.08777,-409.64722,1986.309,543.6033,407.82468,2015.3646,1172.3066,-362.73648,2457.7878,566.08124,594.64594,2602.3438,1055.097,91.49435,3006.098,360.06125,751.7173,2675.344,990.8161,158.0614,3087.8926,305.60437,777.29974,2693.8535,1202.3977,279.43088,3151.5542,442.50266,732.8015
IMG_5363 copy 11.JPG,1059.0538,596.40466,266.17758,1024.6123,559.1934,214.00652,1023.68884,554.63336,214.0189,1023.01166,548.8457,214.14957,1028.4858,556.30096,336.0588,1030.0182,550.5175,335.84378,1031.8901,543.51666,335.58044,1049.9276,517.5091,66.82012,1063.2926,509.75522,605.8273,1095.147,599.14844,223.11093,1104.8436,596.1948,377.82938,1165.8315,559.57587,-330.13947,1322.5771,493.41846,937.94495,814.54,696.0863,-775.7573,1450.6284,828.1699,1181.7501,460.7704,811.46857,-763.3695,1416.2112,1144.1156,910.1337,367.4021,817.1278,-898.0962,1354.4791,1163.0701,940.1888,384.04642,778.9761,-805.829,1350.0189,1170.544,792.41943,422.00223,777.8687,-730.8072,1376.9604,1165.5955,842.19574,1915.962,686.08777,-409.64722,1986.309,543.6033,407.82468,2015.3646,1172.3066,-362.73648,2457.7878,566.08124,594.64594,2602.3438,1055.097,91.49435,3006.098,360.06125,751.7173,2675.344,990.8161,158.0614,3087.8926,305.60437,777.29974,2693.8535,1202.3977,279.43088,3151.5542,442.50266,732.8015
IMG_5363 copy 12.JPG,1059.0538,596.40466,266.17758,1024.6123,559.1934,214.00652,1023.68884,554.63336,214.0189,1023.01166,548.8457,214.14957,1028.4858,556.30096,336.0588,1030.0182,550.5175,335.84378,1031.8901,543.51666,335.58044,1049.9276,517.5091,66.82012,1063.2926,509.75522,605.8273,1095.147,599.14844,223.11093,1104.8436,596.1948,377.82938,1165.8315,559.57587,-330.13947,1322.5771,493.41846,937.94495,814.54,696.0863,-775.7573,1450.6284,828.1699,1181.7501,460.7704,811.46857,-763.3695,1416.2112,1144.1156,910.1337,367.4021,817.1278,-898.0962,1354.4791,1163.0701,940.1888,384.04642,778.9761,-805.829,1350.0189,1170.544,792.41943,422.00223,777.8687,-730.8072,1376.9604,1165.5955,842.19574,1915.962,686.08777,-409.64722,1986.309,543.6033,407.82468,2015.3646,1172.3066,-362.73648,2457.7878,566.08124,594.64594,2602.3438,1055.097,91.49435,3006.098,360.06125,751.7173,2675.344,990.8161,158.0614,3087.8926,305.60437,777.29974,2693.8535,1202.3977,279.43088,3151.5542,442.50266,732.8015
IMG_5363 copy 13.JPG,1059.0538,596.40466,266.17758,1024.6123,559.1934,214.00652,1023.68884,554.63336,214.0189,1023.01166,548.8457,214.14957,1028.4858,556.30096,336.0588,1030.0182,550.5175,335.84378,1031.8901,543.51666,335.58044,1049.9276,517.5091,66.82012,1063.2926,509.75522,605.8273,1095.147,599.14844,223.11093,1104.8436,596.1948,377.82938,1165.8315,559.57587,-330.13947,1322.5771,493.41846,937.94495,814.54,696.0863,-775.7573,1450.6284,828.1699,1181.7501,460.7704,811.46857,-763.3695,1416.2112,1144.1156,910.1337,367.4021,817.1278,-898.0962,1354.4791,1163.0701,940.1888,384.04642,778.9761,-805.829,1350.0189,1170.544,792.41943,422.00223,777.8687,-730.8072,1376.9604,1165.5955,842.19574,1915.962,686.08777,-409.64722,1986.309,543.6033,407.82468,2015.3646,1172.3066,-362.73648,2457.7878,566.08124,594.64594,2602.3438,1055.097,91.49435,3006.098,360.06125,751.7173,2675.344,990.8161,158.0614,3087.8926,305.60437,777.29974,2693.8535,1202.3977,279.43088,3151.5542,442.50266,732.8015
IMG_5363 copy 14.JPG,1059.0538,596.40466,266.17758,1024.6123,559.1934,214.00652,1023.68884,554.63336,214.0189,1023.01166,548.8457,214.14957,1028.4858,556.30096,336.0588,1030.0182,550.5175,335.84378,1031.8901,543.51666,335.58044,1049.9276,517.5091,66.82012,1063.2926,509.75522,605.8273,1095.147,599.14844,223.11093,1104.8436,596.1948,377.82938,1165.8315,559.57587,-330.13947,1322.5771,493.41846,937.94495,814.54,696.0863,-775.7573,1450.6284,828.1699,1181.7501,460.7704,811.46857,-763.3695,1416.2112,1144.1156,910.1337,367.4021,817.1278,-898.0962,1354.4791,1163.0701,940.1888,384.04642,778.9761,-805.829,1350.0189,1170.544,792.41943,422.00223,777.8687,-730.8072,1376.9604,1165.5955,842.19574,1915.962,686.08777,-409.64722,1986.309,543.6033,407.82468,2015.3646,1172.3066,-362.73648,2457.7878,566.08124,594.64594,2602.3438,1055.097,91.49435,3006.098,360.06125,751.7173,2675.344,990.8161,158.0614,3087.8926,305.60437,777.29974,2693.8535,1202.3977,279.43088,3151.5542,442.50266,732.8015
IMG_5363 copy 15.JPG,1059.0538,596.40466,266.17758,1024.6123,559.1934,214.00652,1023.68884,554.63336,214.0189,1023.01166,548.8457,214.14957,1028.4858,556.30096,336.0588,1030.0182,550.5175,335.84378,1031.8901,543.51666,335.58044,1049.9276,517.5091,66.82012,1063.2926,509.75522,605.8273,1095.147,599.14844,223.11093,1104.8436,596.1948,377.82938,1165.8315,559.57587,-330.13947,1322.5771,493.41846,937.94495,814.54,696.0863,-775.7573,1450.6284,828.1699,1181.7501,460.7704,811.46857,-763.3695,1416.2112,1144.1156,910.1337,367.4021,817.1278,-898.0962,1354.4791,1163.0701,940.1888,384.04642,778.9761,-805.829,1350.0189,1170.544,792.41943,422.00223,777.8687,-730.8072,1376.9604,1165.5955,842.19574,1915.962,686.08777,-409.64722,1986.309,543.6033,407.82468,2015.3646,1172.3066,-362.73648,2457.7878,566.08124,594.64594,2602.3438,1055.097,91.49435,3006.098,360.06125,751.7173,2675.344,990.8161,158.0614,3087.8926,305.60437,777.29974,2693.8535,1202.3977,279.43088,3151.5542,442.50266,732.8015
IMG_5363 copy 16.JPG,1059.0538,596.40466,266.17758,1024.6123,559.1934,214.00652,1023.68884,554.63336,214.0189,1023.01166,548.8457,214.14957,1028.4858,556.30096,336.0588,1030.0182,550.5175,335.84378,1031.8901,543.51666,335.58044,1049.9276,517.5091,66.82012,1063.2926,509.75522,605.8273,1095.147,599.14844,223.11093,1104.8436,596.1948,377.82938,1165.8315,559.57587,-330.13947,1322.5771,493.41846,937.94495,814.54,696.0863,-775.7573,1450.6284,828.1699,1181.7501,460.7704,811.46857,-763.3695,1416.2112,1144.1156,910.1337,367.4021,817.1278,-898.0962,1354.4791,1163.0701,940.1888,384.04642,778.9761,-805.829,1350.0189,1170.544,792.41943,422.00223,777.8687,-730.8072,1376.9604,1165.5955,842.19574,1915.962,686.08777,-409.64722,1986.309,543.6033,407.82468,2015.3646,1172.3066,-362.73648,2457.7878,566.08124,594.64594,2602.3438,1055.097,91.49435,3006.098,360.06125,751.7173,2675.344,990.8161,158.0614,3087.8926,305.60437,777.29974,2693.8535,1202.3977,279.43088,3151.5542,442.50266,732.8015
IMG_5363 copy 17.JPG,1059.0538,596.40466,266.17758,1024.6123,559.1934,214.00652,1023.68884,554.63336,214.0189,1023.01166,548.8457,214.14957,1028.4858,556.30096,336.0588,1030.0182,550.5175,335.84378,1031.8901,543.51666,335.58044,1049.9276,517.5091,66.82012,1063.2926,509.75522,605.8273,1095.147,599.14844,223.11093,1104.8436,596.1948,377.82938,1165.8315,559.57587,-330.13947,1322.5771,493.41846,937.94495,814.54,696.0863,-775.7573,1450.6284,828.1699,1181.7501,460.7704,811.46857,-763.3695,1416.2112,1144.1156,910.1337,367.4021,817.1278,-898.0962,1354.4791,1163.0701,940.1888,384.04642,778.9761,-805.829,1350.0189,1170.544,792.41943,422.00223,777.8687,-730.8072,1376.9604,1165.5955,842.19574,1915.962,686.08777,-409.64722,1986.309,543.6033,407.82468,2015.3646,1172.3066,-362.73648,2457.7878,566.08124,594.64594,2602.3438,1055.097,91.49435,3006.098,360.06125,751.7173,2675.344,990.8161,158.0614,3087.8926,305.60437,777.29974,2693.8535,1202.3977,279.43088,3151.5542,442.50266,732.8015
IMG_5363 copy 18.JPG,1059.0538,596.40466,266.17758,1024.6123,559.1934,214.00652,1023.68884,554.63336,214.0189,1023.01166,548.8457,214.14957,1028.4858,556.30096,336.0588,1030.0182,550.5175,335.84378,1031.8901,543.51666,335.58044,1049.9276,517.5091,66.82012,1063.2926,509.75522,605.8273,1095.147,599.14844,223.11093,1104.8436,596.1948,377.82938,1165.8315,559.57587,-330.13947,1322.5771,493.41846,937.94495,814.54,696.0863,-775.7573,1450.6284,828.1699,1181.7501,460.7704,811.46857,-763.3695,1416.2112,1144.1156,910.1337,367.4021,817.1278,-898.0962,1354.4791,1163.0701,940.1888,384.04642,778.9761,-805.829,1350.0189,1170.544,792.41943,422.00223,777.8687,-730.8072,1376.9604,1165.5955,842.19574,1915.962,686.08777,-409.64722,1986.309,543.6033,407.82468,2015.3646,1172.3066,-362.73648,2457.7878,566.08124,594.64594,2602.3438,1055.097,91.49435,3006.098,360.06125,751.7173,2675.344,990.8161,158.0614,3087.8926,305.60437,777.29974,2693.8535,1202.3977,279.43088,3151.5542,442.50266,732.8015
IMG_5363 copy 19.JPG,1059.0538,596.40466,266.17758,1024.6123,559.1934,214.00652,1023.68884,554.63336,214.0189,1023.01166,548.8457,214.14957,1028.4858,556.30096,336.0588,1030.0182,550.5175,335.84378,1031.8901,543.51666,335.58044,1049.9276,517.5091,66.82012,1063.2926,509.75522,605.8273,1095.147,599.14844,223.11093,1104.8436,596.1948,377.82938,1165.8315,559.57587,-330.13947,1322.5771,493.41846,937.94495,814.54,696.0863,-775.7573,1450.6284,828.1699,1181.7501,460.7704,811.46857,-763.3695,1416.2112,1144.1156,910.1337,367.4021,817.1278,-898.0962,1354.4791,1163.0701,940.1888,384.04642,778.9761,-805.829,1350.0189,1170.544,792.41943,422.00223,777.8687,-730.8072,1376.9604,1165.5955,842.19574,1915.962,686.08777,-409.64722,1986.309,543.6033,407.82468,2015.3646,1172.3066,-362.73648,2457.7878,566.08124,594.64594,2602.3438,1055.097,91.49435,3006.098,360.06125,751.7173,2675.344,990.8161,158.0614,3087.8926,305.60437,777.29974,2693.8535,1202.3977,279.43088,3151.5542,442.50266,732.8015
IMG_5363 copy 2.JPG,1059.0538,596.40466,266.17758,1024.6123,559.1934,214.00652,1023.68884,554.63336,214.0189,1023.01166,548.8457,214.14957,1028.4858,556.30096,336.0588,1030.0182,550.5175,335.84378,1031.8901,543.51666,335.58044,1049.9276,517.5091,66.82012,1063.2926,509.75522,605.8273,1095.147,599.14844,223.11093,1104.8436,596.1948,377.82938,1165.8315,559.57587,-330.13947,1322.5771,493.41846,937.94495,814.54,696.0863,-775.7573,1450.6284,828.1699,1181.7501,460.7704,811.46857,-763.3695,1416.2112,1144.1156,910.1337,367.4021,817.1278,-898.0962,1354.4791,1163.0701,940.1888,384.04642,778.9761,-805.829,1350.0189,1170.544,792.41943,422.00223,777.8687,-730.8072,1376.9604,1165.5955,842.19574,1915.962,686.08777,-409.64722,1986.309,543.6033,407.82468,2015.3646,1172.3066,-362.73648,2457.7878,566.08124,594.64594,2602.3438,1055.097,91.49435,3006.098,360.06125,751.7173,2675.344,990.8161,158.0614,3087.8926,305.60437,777.29974,2693.8535,1202.3977,279.43088,3151.5542,442.50266,732.8015
IMG_5363 copy 3.JPG,1059.0538,596.40466,266.17758,1024.6123,559.1934,214.00652,1023.68884,554.63336,214.0189,1023.01166,548.8457,214.14957,1028.4858,556.30096,336.0588,1030.0182,550.5175,335.84378,1031.8901,543.51666,335.58044,1049.9276,517.5091,66.82012,1063.2926,509.75522,605.8273,1095.147,599.14844,223.11093,1104.8436,596.1948,377.82938,1165.8315,559.57587,-330.13947,1322.5771,493.41846,937.94495,814.54,696.0863,-775.7573,1450.6284,828.1699,1181.7501,460.7704,811.46857,-763.3695,1416.2112,1144.1156,910.1337,367.4021,817.1278,-898.0962,1354.4791,1163.0701,940.1888,384.04642,778.9761,-805.829,1350.0189,1170.544,792.41943,422.00223,777.8687,-730.8072,1376.9604,1165.5955,842.19574,1915.962,686.08777,-409.64722,1986.309,543.6033,407.82468,2015.3646,1172.3066,-362.73648,2457.7878,566.08124,594.64594,2602.3438,1055.097,91.49435,3006.098,360.06125,751.7173,2675.344,990.8161,158.0614,3087.8926,305.60437,777.29974,2693.8535,1202.3977,279.43088,3151.5542,442.50266,732.8015
IMG_5363 copy 4.JPG,1059.0538,596.40466,266.17758,1024.6123,559.1934,214.00652,1023.68884,554.63336,214.0189,1023.01166,548.8457,214.14957,1028.4858,556.30096,336.0588,1030.0182,550.5175,335.84378,1031.8901,543.51666,335.58044,1049.9276,517.5091,66.82012,1063.2926,509.75522,605.8273,1095.147,599.14844,223.11093,1104.8436,596.1948,377.82938,1165.8315,559.57587,-330.13947,1322.5771,493.41846,937.94495,814.54,696.0863,-775.7573,1450.6284,828.1699,1181.7501,460.7704,811.46857,-763.3695,1416.2112,1144.1156,910.1337,367.4021,817.1278,-898.0962,1354.4791,1163.0701,940.1888,384.04642,778.9761,-805.829,1350.0189,1170.544,792.41943,422.00223,777.8687,-730.8072,1376.9604,1165.5955,842.19574,1915.962,686.08777,-409.64722,1986.309,543.6033,407.82468,2015.3646,1172.3066,-362.73648,2457.7878,566.08124,594.64594,2602.3438,1055.097,91.49435,3006.098,360.06125,751.7173,2675.344,990.8161,158.0614,3087.8926,305.60437,777.29974,2693.8535,1202.3977,279.43088,3151.5542,442.50266,732.8015
IMG_5363 copy 5.JPG,1059.0538,596.40466,266.17758,1024.6123,559.1934,214.00652,1023.68884,554.63336,214.0189,1023.01166,548.8457,214.14957,1028.4858,556.30096,336.0588,1030.0182,550.5175,335.84378,1031.8901,543.51666,335.58044,1049.9276,517.5091,66.82012,1063.2926,509.75522,605.8273,1095.147,599.14844,223.11093,1104.8436,596.1948,377.82938,1165.8315,559.57587,-330.13947,1322.5771,493.41846,937.94495,814.54,696.0863,-775.7573,1450.6284,828.1699,1181.7501,460.7704,811.46857,-763.3695,1416.2112,1144.1156,910.1337,367.4021,817.1278,-898.0962,1354.4791,1163.0701,940.1888,384.04642,778.9761,-805.829,1350.0189,1170.544,792.41943,422.00223,777.8687,-730.8072,1376.9604,1165.5955,842.19574,1915.962,686.08777,-409.64722,1986.309,543.6033,407.82468,2015.3646,1172.3066,-362.73648,2457.7878,566.08124,594.64594,2602.3438,1055.097,91.49435,3006.098,360.06125,751.7173,2675.344,990.8161,158.0614,3087.8926,305.60437,777.29974,2693.8535,1202.3977,279.43088,3151.5542,442.50266,732.8015
IMG_5363 copy 6.JPG,1059.0538,596.40466,266.17758,1024.6123,559.1934,214.00652,1023.68884,554.63336,214.0189,1023.01166,548.8457,214.14957,1028.4858,556.30096,336.0588,1030.0182,550.5175,335.84378,1031.8901,543.51666,335.58044,1049.9276,517.5091,66.82012,1063.2926,509.75522,605.8273,1095.147,599.14844,223.11093,1104.8436,596.1948,377.82938,1165.8315,559.57587,-330.13947,1322.5771,493.41846,937.94495,814.54,696.0863,-775.7573,1450.6284,828.1699,1181.7501,460.7704,811.46857,-763.3695,1416.2112,1144.1156,910.1337,367.4021,817.1278,-898.0962,1354.4791,1163.0701,940.1888,384.04642,778.9761,-805.829,1350.0189,1170.544,792.41943,422.00223,777.8687,-730.8072,1376.9604,1165.5955,842.19574,1915.962,686.08777,-409.64722,1986.309,543.6033,407.82468,2015.3646,1172.3066,-362.73648,2457.7878,566.08124,594.64594,2602.3438,1055.097,91.49435,3006.098,360.06125,751.7173,2675.344,990.8161,158.0614,3087.8926,305.60437,777.29974,2693.8535,1202.3977,279.43088,3151.5542,442.50266,732.8015
IMG_5363 copy 7.JPG,1059.0538,596.40466,266.17758,1024.6123,559.1934,214.00652,1023.68884,554.63336,214.0189,1023.01166,548.8457,214.14957,1028.4858,556.30096,336.0588,1030.0182,550.5175,335.84378,1031.8901,543.51666,335.58044,1049.9276,517.5091,66.82012,1063.2926,509.75522,605.8273,1095.147,599.14844,223.11093,1104.8436,596.1948,377.82938,1165.8315,559.57587,-330.13947,1322.5771,493.41846,937.94495,814.54,696.0863,-775.7573,1450.6284,828.1699,1181.7501,460.7704,811.46857,-763.3695,1416.2112,1144.1156,910.1337,367.4021,817.1278,-898.0962,1354.4791,1163.0701,940.1888,384.04642,778.9761,-805.829,1350.0189,1170.544,792.41943,422.00223,777.8687,-730.8072,1376.9604,1165.5955,842.19574,1915.962,686.08777,-409.64722,1986.309,543.6033,407.82468,2015.3646,1172.3066,-362.73648,2457.7878,566.08124,594.64594,2602.3438,1055.097,91.49435,3006.098,360.06125,751.7173,2675.344,990.8161,158.0614,3087.8926,305.60437,777.29974,2693.8535,1202.3977,279.43088,3151.5542,442.50266,732.8015
IMG_5363 copy 8.JPG,1059.0538,596.40466,266.17758,1024.6123,559.1934,214.00652,1023.68884,554.63336,214.0189,1023.01166,548.8457,214.14957,1028.4858,556.30096,336.0588,1030.0182,550.5175,335.84378,1031.8901,543.51666,335.58044,1049.9276,517.5091,66.82012,1063.2926,509.75522,605.8273,1095.147,599.14844,223.11093,1104.8436,596.1948,377.82938,1165.8315,559.57587,-330.13947,1322.5771,493.41846,937.94495,814.54,696.0863,-775.7573,1450.6284,828.1699,1181.7501,460.7704,811.46857,-763.3695,1416.2112,1144.1156,910.1337,367.4021,817.1278,-898.0962,1354.4791,1163.0701,940.1888,384.04642,778.9761,-805.829,1350.0189,1170.544,792.41943,422.00223,777.8687,-730.8072,1376.9604,1165.5955,842.19574,1915.962,686.08777,-409.64722,1986.309,543.6033,407.82468,2015.3646,1172.3066,-362.73648,2457.7878,566.08124,594.64594,2602.3438,1055.097,91.49435,3006.098,360.06125,751.7173,2675.344,990.8161,158.0614,3087.8926,305.60437,777.29974,2693.8535,1202.3977,279.43088,3151.5542,442.50266,732.8015
IMG_5363 copy 9.JPG,1059.0538,596.40466,266.17758,1024.6123,559.1934,214.00652,1023.68884,554.63336,214.0189,1023.01166,548.8457,214.14957,1028.4858,556.30096,336.0588,1030.0182,550.5175,335.84378,1031.8901,543.51666,335.58044,1049.9276,517.5091,66.82012,1063.2926,509.75522,605.8273,1095.147,599.14844,223.11093,1104.8436,596.1948,377.82938,1165.8315,559.57587,-330.13947,1322.5771,493.41846,937.94495,814.54,696.0863,-775.7573,1450.6284,828.1699,1181.7501,460.7704,811.46857,-763.3695,1416.2112,1144.1156,910.1337,367.4021,817.1278,-898.0962,1354.4791,1163.0701,940.1888,384.04642,778.9761,-805.829,1350.0189,1170.544,792.41943,422.00223,777.8687,-730.8072,1376.9604,1165.5955,842.19574,1915.962,686.08777,-409.64722,1986.309,543.6033,407.82468,2015.3646,1172.3066,-362.73648,2457.7878,566.08124,594.64594,2602.3438,1055.097,91.49435,3006.098,360.06125,751.7173,2675.344,990.8161,158.0614,3087.8926,305.60437,777.29974,2693.8535,1202.3977,279.43088,3151.5542,442.50266,732.8015
IMG_5363 copy.JPG,1059.0538,596.40466,266.17758,1024.6123,559.1934,214.00652,1023.68884,554.63336,214.0189,1023.01166,548.8457,214.14957,1028.4858,556.30096,336.0588,1030.0182,550.5175,335.84378,1031.8901,543.51666,335.58044,1049.9276,517.5091,66.82012,1063.2926,509.75522,605.8273,1095.147,599.14844,223.11093,1104.8436,596.1948,377.82938,1165.8315,559.57587,-330.13947,1322.5771,493.41846,937.94495,814.54,696.0863,-775.7573,1450.6284,828.1699,1181.7501,460.7704,811.46857,-763.3695,1416.2112,1144.1156,910.1337,367.4021,817.1278,-898.0962,1354.4791,1163.0701,940.1888,384.04642,778.9761,-805.829,1350.0189,1170.544,792.41943,422.00223,777.8687,-730.8072,1376.9604,1165.5955,842.19574,1915.962,686.08777,-409.64722,1986.309,543.6033,407.82468,2015.3646,1172.3066,-362.73648,2457.7878,566.08124,594.64594,2602.3438,1055.097,91.49435,3006.098,360.06125,751.7173,2675.344,990.8161,158.0614,3087.8926,305.60437,777.29974,2693.8535,1202.3977,279.43088,3151.5542,442.50266,732.8015
IMG_5363.JPG,1059.0538,596.40466,266.17758,1024.6123,559.1934,214.00652,1023.68884,554.63336,214.0189,1023.01166,548.8457,214.14957,1028.4858,556.30096,336.0588,1030.0182,550.5175,335.84378,1031.8901,543.51666,335.58044,1049.9276,517.5091,66.82012,1063.2926,509.75522,605.8273,1095.147,599.14844,223.11093,1104.8436,596.1948,377.82938,1165.8315,559.57587,-330.13947,1322.5771,493.41846,937.94495,814.54,696.0863,-775.7573,1450.6284,828.1699,1181.7501,460.7704,811.46857,-763.3695,1416.2112,1144.1156,910.1337,367.4021,817.1278,-898.0962,1354.4791,1163.0701,940.1888,384.04642,778.9761,-805.829,1350.0189,1170.544,792.41943,422.00223,777.8687,-730.8072,1376.9604,1165.5955,842.19574,1915.962,686.08777,-409.64722,1986.309,543.6033,407.82468,2015.3646,1172.3066,-362.73648,2457.7878,566.08124,594.64594,2602.3438,1055.097,91.49435,3006.098,360.06125,751.7173,2675.344,990.8161,158.0614,3087.8926,305.60437,777.29974,2693.8535,1202.3977,279.43088,3151.5542,442.50266,732.8015
IMG_5994 copy 2.JPG,728.18854,729.16833,232.47983,731.38434,674.4927,187.4402,736.22766,671.8172,187.244,741.19476,668.8873,187.12846,735.51086,673.8258,306.6186,743.1552,670.61865,306.3575,751.1667,666.8369,306.23468,808.7079,663.4297,52.566044,820.98425,658.4846,576.46124,766.56647,763.29004,192.64587,770.6072,758.3207,341.86176,924.4976,777.67865,-403.45395,1059.357,767.7357,961.7092,574.8772,900.5308,-796.4152,1103.5281,1116.2463,1170.765,188.68484,1069.4037,-681.0953,1025.5646,1507.0497,967.3258,87.929,1098.2584,-817.7773,945.8341,1531.5919,1009.9255,89.77416,1085.2695,-697.1116,934.22266,1530.808,849.3508,126.28102,1076.2454,-636.7012,962.3082,1526.8281,892.6323,1755.6744,878.6007,-438.1293,1775.3439,767.37506,436.30847,1844.4615,1489.188,-392.91876,2269.8809,584.0901,717.12994,2406.3943,1294.8588,143.14557,2716.7878,331.21698,936.6537,2420.7273,1222.938,224.84497,2761.1113,250.67531,974.2916,2529.3118,1379.3783,479.24716,2952.2527,407.4072,1013.4999
IMG_5994 copy 3.JPG,728.18854,729.16833,232.47983,731.38434,674.4927,187.4402,736.22766,671.8172,187.244,741.19476,668.8873,187.12846,735.51086,673.8258,306.6186,743.1552,670.61865,306.3575,751.1667,666.8369,306.23468,808.7079,663.4297,52.566044,820.98425,658.4846,576.46124,766.56647,763.29004,192.64587,770.6072,758.3207,341.86176,924.4976,777.67865,-403.45395,1059.357,767.7357,961.7092,574.8772,900.5308,-796.4152,1103.5281,1116.2463,1170.765,188.68484,1069.4037,-681.0953,1025.5646,1507.0497,967.3258,87.929,1098.2584,-817.7773,945.8341,1531.5919,1009.9255,89.77416,1085.2695,-697.1116,934.22266,1530.808,849.3508,126.28102,1076.2454,-636.7012,962.3082,1526.8281,892.6323,1755.6744,878.6007,-438.1293,1775.3439,767.37506,436.30847,1844.4615,1489.188,-392.91876,2269.8809,584.0901,717.12994,2406.3943,1294.8588,143.14557,2716.7878,331.21698,936.6537,2420.7273,1222.938,224.84497,2761.1113,250.67531,974.2916,2529.3118,1379.3783,479.24716,2952.2527,407.4072,1013.4999
IMG_5994 copy 4.JPG,728.18854,729.16833,232.47983,731.38434,674.4927,187.4402,736.22766,671.8172,187.244,741.19476,668.8873,187.12846,735.51086,673.8258,306.6186,743.1552,670.61865,306.3575,751.1667,666.8369,306.23468,808.7079,663.4297,52.566044,820.98425,658.4846,576.46124,766.56647,763.29004,192.64587,770.6072,758.3207,341.86176,924.4976,777.67865,-403.45395,1059.357,767.7357,961.7092,574.8772,900.5308,-796.4152,1103.5281,1116.2463,1170.765,188.68484,1069.4037,-681.0953,1025.5646,1507.0497,967.3258,87.929,1098.2584,-817.7773,945.8341,1531.5919,1009.9255,89.77416,1085.2695,-697.1116,934.22266,1530.808,849.3508,126.28102,1076.2454,-636.7012,962.3082,1526.8281,892.6323,1755.6744,878.6007,-438.1293,1775.3439,767.37506,436.30847,1844.4615,1489.188,-392.91876,2269.8809,584.0901,717.12994,2406.3943,1294.8588,143.14557,2716.7878,331.21698,936.6537,2420.7273,1222.938,224.84497,2761.1113,250.67531,974.2916,2529.3118,1379.3783,479.24716,2952.2527,407.4072,1013.4999
IMG_5994 copy 5.JPG,728.18854,729.16833,232.47983,731.38434,674.4927,187.4402,736.22766,671.8172,187.244,741.19476,668.8873,187.12846,735.51086,673.8258,306.6186,743.1552,670.61865,306.3575,751.1667,666.8369,306.23468,808.7079,663.4297,52.566044,820.98425,658.4846,576.46124,766.56647,763.29004,192.64587,770.6072,758.3207,341.86176,924.4976,777.67865,-403.45395,1059.357,767.7357,961.7092,574.8772,900.5308,-796.4152,1103.5281,1116.2463,1170.765,188.68484,1069.4037,-681.0953,1025.5646,1507.0497,967.3258,87.929,1098.2584,-817.7773,945.8341,1531.5919,1009.9255,89.77416,1085.2695,-697.1116,934.22266,1530.808,849.3508,126.28102,1076.2454,-636.7012,962.3082,1526.8281,892.6323,1755.6744,878.6007,-438.1293,1775.3439,767.37506,436.30847,1844.4615,1489.188,-392.91876,2269.8809,584.0901,717.12994,2406.3943,1294.8588,143.14557,2716.7878,331.21698,936.6537,2420.7273,1222.938,224.84497,2761.1113,250.67531,974.2916,2529.3118,1379.3783,479.24716,2952.2527,407.4072,1013.4999
IMG_5994 copy.JPG,728.18854,729.16833,232.47983,731.38434,674.4927,187.4402,736.22766,671.8172,187.244,741.19476,668.8873,187.12846,735.51086,673.8258,306.6186,743.1552,670.61865,306.3575,751.1667,666.8369,306.23468,808.7079,663.4297,52.566044,820.98425,658.4846,576.46124,766.56647,763.29004,192.64587,770.6072,758.3207,341.86176,924.4976,777.67865,-403.45395,1059.357,767.7357,961.7092,574.8772,900.5308,-796.4152,1103.5281,1116.2463,1170.765,188.68484,1069.4037,-681.0953,1025.5646,1507.0497,967.3258,87.929,1098.2584,-817.7773,945.8341,1531.5919,1009.9255,89.77416,1085.2695,-697.1116,934.22266,1530.808,849.3508,126.28102,1076.2454,-636.7012,962.3082,1526.8281,892.6323,1755.6744,878.6007,-438.1293,1775.3439,767.37506,436.30847,1844.4615,1489.188,-392.91876,2269.8809,584.0901,717.12994,2406.3943,1294.8588,143.14557,2716.7878,331.21698,936.6537,2420.7273,1222.938,224.84497,2761.1113,250.67531,974.2916,2529.3118,1379.3783,479.24716,2952.2527,407.4072,1013.4999
IMG_5994.JPG,728.18854,729.16833,232.47983,731.38434,674.4927,187.4402,736.22766,671.8172,187.244,741.19476,668.8873,187.12846,735.51086,673.8258,306.6186,743.1552,670.61865,306.3575,751.1667,666.8369,306.23468,808.7079,663.4297,52.566044,820.98425,658.4846,576.46124,766.56647,763.29004,192.64587,770.6072,758.3207,341.86176,924.4976,777.67865,-403.45395,1059.357,767.7357,961.7092,574.8772,900.5308,-796.4152,1103.5281,1116.2463,1170.765,188.68484,1069.4037,-681.0953,1025.5646,1507.0497,967.3258,87.929,1098.2584,-817.7773,945.8341,1531.5919,1009.9255,89.77416,1085.2695,-697.1116,934.22266,1530.808,849.3508,126.28102,1076.2454,-636.7012,962.3082,1526.8281,892.6323,1755.6744,878.6007,-438.1293,1775.3439,767.37506,436.30847,1844.4615,1489.188,-392.91876,2269.8809,584.0901,717.12994,2406.3943,1294.8588,143.14557,2716.7878,331.21698,936.6537,2420.7273,1222.938,224.84497,2761.1113,250.67531,974.2916,2529.3118,1379.3783,479.24716,2952.2527,407.4072,1013.4999
IMG_5996.JPG,530.7888,491.49286,1343.643,538.2417,434.17706,1326.882,539.6274,429.37973,1326.9828,540.65875,423.25046,1327.1602,545.1276,434.43735,1460.0428,551.74243,429.91736,1459.7671,558.0368,423.7007,1459.8635,577.5203,405.69983,1170.0828,601.4815,400.15854,1751.5885,552.3361,521.4054,1274.9081,560.32574,521.4243,1441.5168,611.37805,511.73743,569.0795,892.0787,547.21576,1948.9182,359.21625,617.8319,504.1565,1016.3995,892.81177,2335.5632,78.30194,739.4106,1251.7095,962.7039,1221.3284,2360.0212,0.29257774,735.94366,1262.7765,889.8233,1239.9238,2387.803,38.587845,723.59766,1265.9261,872.1561,1248.2963,2276.4238,78.999344,726.1353,1274.2264,898.9163,1243.6221,2313.9927,1305.3431,736.09595,-409.98035,1436.6133,682.2503,409.03162,1440.6442,1350.8718,-1041.0039,2095.4763,571.5561,-669.02795,2038.127,1452.2727,-1520.6782,2742.054,372.72656,-1989.285,2156.278,1217.4708,-1570.3663,2862.892,302.6326,-2136.0525,2126.1194,1383.6986,-1761.446,2913.1353,416.8828,-2462.9634
IMG_5999.JPG,832.9005,736.76245,1060.5441,819.70624,697.699,1093.341,818.43915,692.3417,1093.3207,816.8879,687.21564,1093.56,829.48724,701.87604,1171.5471,835.8539,699.4344,1171.4491,843.5966,696.69183,1171.3303,838.15594,670.2663,1080.2015,881.71704,683.3287,1429.1954,859.6151,734.6341,1032.5603,871.331,744.26184,1133.7865,896.006,667.377,692.8021,1066.4019,757.1002,1441.4907,686.2283,753.9747,249.78453,1201.7533,1028.6742,1514.9098,400.98572,774.01135,197.2392,1175.2411,1317.2158,1408.351,346.82336,759.9294,165.01027,1153.1587,1359.8759,1426.839,364.4374,745.60455,198.26956,1138.7527,1367.4896,1390.4414,390.32272,750.7567,212.64653,1149.9644,1356.6453,1393.2122,1388.9413,878.1599,-236.52483,1457.755,874.37866,233.81189,1503.4713,1315.4386,-908.9454,1779.8512,960.8892,-148.22873,1874.7628,1180.2977,-1956.7721,2256.0554,609.44617,-1552.2766,1923.2924,1095.3105,-2067.7017,2261.4954,535.7215,-1710.4199,1986.1537,1362.4308,-2242.6326,2433.4656,638.83185,-1851.0575
IMG_6001.JPG,951.3417,511.18582,1654.279,947.33734,462.13013,1659.7408,942.2717,461.54993,1660.0763,936.0558,459.54492,1660.5037,968.1944,458.7853,1740.8848,979.0113,455.31406,1740.8304,989.97,452.865,1740.6326,949.56146,451.74057,1483.6396,1033.6361,444.04132,1855.1373,988.19714,516.3183,1570.2515,995.493,520.3011,1676.9375,937.24255,494.17566,909.61395,1223.2487,530.7166,1760.7681,738.8821,587.36066,436.5102,1277.6168,825.8175,1806.1411,501.98862,549.238,409.75998,1252.7802,1173.7095,1795.9023,438.122,492.57593,393.58554,1229.4258,1217.4243,1842.0088,455.09845,472.4162,432.2493,1215.4839,1211.4811,1793.0944,477.33423,493.42783,436.04105,1227.9473,1194.9689,1780.3226,1347.1559,827.43945,-288.91226,1511.513,771.0976,285.18875,1404.3329,1315.7301,-366.4897,1889.9028,792.3119,210.47513,1760.6285,1253.2865,-2068.1592,2307.6895,637.64624,-1966.999,1809.4279,1202.8446,-2245.3225,2291.1482,580.7129,-2208.7446,1906.5902,1436.6345,-2228.3643,2513.6257,664.13574,-2328.2026
IMG_6008 copy 2.JPG,2007.8336,502.19806,-1117.9681,2008.124,460.2045,-1088.4749,2011.2236,457.41055,-1088.4686,2014.5618,454.772,-1088.8885,1985.3942,459.95612,-1178.9868,1972.6536,456.52527,-1179.3304,1958.9482,452.83896,-1179.4407,1977.5037,437.89584,-840.8643,1905.2025,435.6062,-1257.1614,1998.2672,523.61914,-1012.8575,1966.976,519.27155,-1134.026,1936.1991,501.92288,-563.6536,1728.7429,559.28296,-1275.8428,2115.0881,553.6662,-371.02792,1765.7982,837.77563,-1323.5509,2427.3992,590.81366,-449.7667,1831.7059,1079.0867,-1377.4409,2493.9617,585.37354,-513.01,1897.772,1107.577,-1537.1849,2497.444,575.0122,-602.10187,1904.3268,1096.728,-1519.4177,2326.5056,571.7441,-495.3943,1877.5974,1085.3619,-1379.9006,1459.3163,690.456,226.49971,1393.3411,621.9312,-226.88335,1410.272,998.5917,332.1578,1064.7745,522.16205,17.207172,1130.0286,954.25415,1080.3558,787.6868,410.85425,531.2888,1108.7781,906.6071,1155.2186,766.8158,378.38184,579.43164,989.64954,1004.15076,1091.0225,614.0908,486.3399,360.86
IMG_6008 copy 3.JPG,2007.8336,502.19806,-1117.9681,2008.124,460.2045,-1088.4749,2011.2236,457.41055,-1088.4686,2014.5618,454.772,-1088.8885,1985.3942,459.95612,-1178.9868,1972.6536,456.52527,-1179.3304,1958.9482,452.83896,-1179.4407,1977.5037,437.89584,-840.8643,1905.2025,435.6062,-1257.1614,1998.2672,523.61914,-1012.8575,1966.976,519.27155,-1134.026,1936.1991,501.92288,-563.6536,1728.7429,559.28296,-1275.8428,2115.0881,553.6662,-371.02792,1765.7982,837.77563,-1323.5509,2427.3992,590.81366,-449.7667,1831.7059,1079.0867,-1377.4409,2493.9617,585.37354,-513.01,1897.772,1107.577,-1537.1849,2497.444,575.0122,-602.10187,1904.3268,1096.728,-1519.4177,2326.5056,571.7441,-495.3943,1877.5974,1085.3619,-1379.9006,1459.3163,690.456,226.49971,1393.3411,621.9312,-226.88335,1410.272,998.5917,332.1578,1064.7745,522.16205,17.207172,1130.0286,954.25415,1080.3558,787.6868,410.85425,531.2888,1108.7781,906.6071,1155.2186,766.8158,378.38184,579.43164,989.64954,1004.15076,1091.0225,614.0908,486.3399,360.86
IMG_6008 copy 4.JPG,2007.8336,502.19806,-1117.9681,2008.124,460.2045,-1088.4749,2011.2236,457.41055,-1088.4686,2014.5618,454.772,-1088.8885,1985.3942,459.95612,-1178.9868,1972.6536,456.52527,-1179.3304,1958.9482,452.83896,-1179.4407,1977.5037,437.89584,-840.8643,1905.2025,435.6062,-1257.1614,1998.2672,523.61914,-1012.8575,1966.976,519.27155,-1134.026,1936.1991,501.92288,-563.6536,1728.7429,559.28296,-1275.8428,2115.0881,553.6662,-371.02792,1765.7982,837.77563,-1323.5509,2427.3992,590.81366,-449.7667,1831.7059,1079.0867,-1377.4409,2493.9617,585.37354,-513.01,1897.772,1107.577,-1537.1849,2497.444,575.0122,-602.10187,1904.3268,1096.728,-1519.4177,2326.5056,571.7441,-495.3943,1877.5974,1085.3619,-1379.9006,1459.3163,690.456,226.49971,1393.3411,621.9312,-226.88335,1410.272,998.5917,332.1578,1064.7745,522.16205,17.207172,1130.0286,954.25415,1080.3558,787.6868,410.85425,531.2888,1108.7781,906.6071,1155.2186,766.8158,378.38184,579.43164,989.64954,1004.15076,1091.0225,614.0908,486.3399,360.86
IMG_6008 copy 5.JPG,2007.8336,502.19806,-1117.9681,2008.124,460.2045,-1088.4749,2011.2236,457.41055,-1088.4686,2014.5618,454.772,-1088.8885,1985.3942,459.95612,-1178.9868,1972.6536,456.52527,-1179.3304,1958.9482,452.83896,-1179.4407,1977.5037,437.89584,-840.8643,1905.2025,435.6062,-1257.1614,1998.2672,523.61914,-1012.8575,1966.976,519.27155,-1134.026,1936.1991,501.92288,-563.6536,1728.7429,559.28296,-1275.8428,2115.0881,553.6662,-371.02792,1765.7982,837.77563,-1323.5509,2427.3992,590.81366,-449.7667,1831.7059,1079.0867,-1377.4409,2493.9617,585.37354,-513.01,1897.772,1107.577,-1537.1849,2497.444,575.0122,-602.10187,1904.3268,1096.728,-1519.4177,2326.5056,571.7441,-495.3943,1877.5974,1085.3619,-1379.9006,1459.3163,690.456,226.49971,1393.3411,621.9312,-226.88335,1410.272,998.5917,332.1578,1064.7745,522.16205,17.207172,1130.0286,954.25415,1080.3558,787.6868,410.85425,531.2888,1108.7781,906.6071,1155.2186,766.8158,378.38184,579.43164,989.64954,1004.15076,1091.0225,614.0908,486.3399,360.86
IMG_6008 copy.JPG,2007.8336,502.19806,-1117.9681,2008.124,460.2045,-1088.4749,2011.2236,457.41055,-1088.4686,2014.5618,454.772,-1088.8885,1985.3942,459.95612,-1178.9868,1972.6536,456.52527,-1179.3304,1958.9482,452.83896,-1179.4407,1977.5037,437.89584,-840.8643,1905.2025,435.6062,-1257.1614,1998.2672,523.61914,-1012.8575,1966.976,519.27155,-1134.026,1936.1991,501.92288,-563.6536,1728.7429,559.28296,-1275.8428,2115.0881,553.6662,-371.02792,1765.7982,837.77563,-1323.5509,2427.3992,590.81366,-449.7667,1831.7059,1079.0867,-1377.4409,2493.9617,585.37354,-513.01,1897.772,1107.577,-1537.1849,2497.444,575.0122,-602.10187,1904.3268,1096.728,-1519.4177,2326.5056,571.7441,-495.3943,1877.5974,1085.3619,-1379.9006,1459.3163,690.456,226.49971,1393.3411,621.9312,-226.88335,1410.272,998.5917,332.1578,1064.7745,522.16205,17.207172,1130.0286,954.25415,1080.3558,787.6868,410.85425,531.2888,1108.7781,906.6071,1155.2186,766.8158,378.38184,579.43164,989.64954,1004.15076,1091.0225,614.0908,486.3399,360.86
IMG_6008.JPG,2007.8336,502.19806,-1117.9681,2008.124,460.2045,-1088.4749,2011.2236,457.41055,-1088.4686,2014.5618,454.772,-1088.8885,1985.3942,459.95612,-1178.9868,1972.6536,456.52527,-1179.3304,1958.9482,452.83896,-1179.4407,1977.5037,437.89584,-840.8643,1905.2025,435.6062,-1257.1614,1998.2672,523.61914,-1012.8575,1966.976,519.27155,-1134.026,1936.1991,501.92288,-563.6536,1728.7429,559.28296,-1275.8428,2115.0881,553.6662,-371.02792,1765.7982,837.77563,-1323.5509,2427.3992,590.81366,-449.7667,1831.7059,1079.0867,-1377.4409,2493.9617,585.37354,-513.01,1897.772,1107.577,-1537.1849,2497.444,575.0122,-602.10187,1904.3268,1096.728,-1519.4177,2326.5056,571.7441,-495.3943,1877.5974,1085.3619,-1379.9006,1459.3163,690.456,226.49971,1393.3411,621.9312,-226.88335,1410.272,998.5917,332.1578,1064.7745,522.16205,17.207172,1130.0286,954.25415,1080.3558,787.6868,410.85425,531.2888,1108.7781,906.6071,1155.2186,766.8158,378.38184,579.43164,989.64954,1004.15076,1091.0225,614.0908,486.3399,360.86
IMG_6024 copy 2.JPG,797.7338,449.6385,-255.21507,741.2689,424.51028,-353.6351,739.9378,420.82544,-353.4718,738.6709,416.9531,-353.4279,744.28546,415.75687,-211.40297,745.30145,406.38086,-211.60455,746.9576,396.83307,-212.01418,758.3419,367.6838,-564.8602,775.1177,346.2117,65.03603,843.8201,440.90662,-301.19128,848.74194,430.7671,-119.74266,942.8932,362.58505,-804.12415,1103.012,211.30144,501.7595,537.3378,519.3571,-1267.091,1244.0024,612.1273,753.6352,73.44949,594.2824,-1231.6001,1192.0184,1007.83795,437.25555,-28.662338,600.8887,-1384.637,1118.532,1021.2958,418.8546,-31.531258,578.36145,-1283.8911,1106.5481,1033.0284,269.54507,-0.8020973,577.8018,-1197.2224,1138.2167,1024.2964,365.98166,1836.7756,485.76822,-415.70337,1848.1691,364.85904,413.0676,1907.5466,1024.9519,99.870964,2380.512,328.4439,869.353,2473.1167,850.9812,1048.6876,2845.3333,141.62651,1351.7332,2526.7202,786.6346,1160.5516,2910.2385,83.83074,1410.7286,2569.1484,984.9672,1322.5282,3002.3838,236.18987,1386.7704
IMG_6024 copy 3.JPG,797.7338,449.6385,-255.21507,741.2689,424.51028,-353.6351,739.9378,420.82544,-353.4718,738.6709,416.9531,-353.4279,744.28546,415.75687,-211.40297,745.30145,406.38086,-211.60455,746.9576,396.83307,-212.01418,758.3419,367.6838,-564.8602,775.1177,346.2117,65.03603,843.8201,440.90662,-301.19128,848.74194,430.7671,-119.74266,942.8932,362.58505,-804.12415,1103.012,211.30144,501.7595,537.3378,519.3571,-1267.091,1244.0024,612.1273,753.6352,73.44949,594.2824,-1231.6001,1192.0184,1007.83795,437.25555,-28.662338,600.8887,-1384.637,1118.532,1021.2958,418.8546,-31.531258,578.36145,-1283.8911,1106.5481,1033.0284,269.54507,-0.8020973,577.8018,-1197.2224,1138.2167,1024.2964,365.98166,1836.7756,485.76822,-415.70337,1848.1691,364.85904,413.0676,1907.5466,1024.9519,99.870964,2380.512,328.4439,869.353,2473.1167,850.9812,1048.6876,2845.3333,141.62651,1351.7332,2526.7202,786.6346,1160.5516,2910.2385,83.83074,1410.7286,2569.1484,984.9672,1322.5282,3002.3838,236.18987,1386.7704
IMG_6024 copy 4.JPG,797.7338,449.6385,-255.21507,741.2689,424.51028,-353.6351,739.9378,420.82544,-353.4718,738.6709,416.9531,-353.4279,744.28546,415.75687,-211.40297,745.30145,406.38086,-211.60455,746.9576,396.83307,-212.01418,758.3419,367.6838,-564.8602,775.1177,346.2117,65.03603,843.8201,440.90662,-301.19128,848.74194,430.7671,-119.74266,942.8932,362.58505,-804.12415,1103.012,211.30144,501.7595,537.3378,519.3571,-1267.091,1244.0024,612.1273,753.6352,73.44949,594.2824,-1231.6001,1192.0184,1007.83795,437.25555,-28.662338,600.8887,-1384.637,1118.532,1021.2958,418.8546,-31.531258,578.36145,-1283.8911,1106.5481,1033.0284,269.54507,-0.8020973,577.8018,-1197.2224,1138.2167,1024.2964,365.98166,1836.7756,485.76822,-415.70337,1848.1691,364.85904,413.0676,1907.5466,1024.9519,99.870964,2380.512,328.4439,869.353,2473.1167,850.9812,1048.6876,2845.3333,141.62651,1351.7332,2526.7202,786.6346,1160.5516,2910.2385,83.83074,1410.7286,2569.1484,984.9672,1322.5282,3002.3838,236.18987,1386.7704
IMG_6024 copy 5.JPG,797.7338,449.6385,-255.21507,741.2689,424.51028,-353.6351,739.9378,420.82544,-353.4718,738.6709,416.9531,-353.4279,744.28546,415.75687,-211.40297,745.30145,406.38086,-211.60455,746.9576,396.83307,-212.01418,758.3419,367.6838,-564.8602,775.1177,346.2117,65.03603,843.8201,440.90662,-301.19128,848.74194,430.7671,-119.74266,942.8932,362.58505,-804.12415,1103.012,211.30144,501.7595,537.3378,519.3571,-1267.091,1244.0024,612.1273,753.6352,73.44949,594.2824,-1231.6001,1192.0184,1007.83795,437.25555,-28.662338,600.8887,-1384.637,1118.532,1021.2958,418.8546,-31.531258,578.36145,-1283.8911,1106.5481,1033.0284,269.54507,-0.8020973,577.8018,-1197.2224,1138.2167,1024.2964,365.98166,1836.7756,485.76822,-415.70337,1848.1691,364.85904,413.0676,1907.5466,1024.9519,99.870964,2380.512,328.4439,869.353,2473.1167,850.9812,1048.6876,2845.3333,141.62651,1351.7332,2526.7202,786.6346,1160.5516,2910.2385,83.83074,1410.7286,2569.1484,984.9672,1322.5282,3002.3838,236.18987,1386.7704
IMG_6024 copy 6.JPG,797.7338,449.6385,-255.21507,741.2689,424.51028,-353.6351,739.9378,420.82544,-353.4718,738.6709,416.9531,-353.4279,744.28546,415.75687,-211.40297,745.30145,406.38086,-211.60455,746.9576,396.83307,-212.01418,758.3419,367.6838,-564.8602,775.1177,346.2117,65.03603,843.8201,440.90662,-301.19128,848.74194,430.7671,-119.74266,942.8932,362.58505,-804.12415,1103.012,211.30144,501.7595,537.3378,519.3571,-1267.091,1244.0024,612.1273,753.6352,73.44949,594.2824,-1231.6001,1192.0184,1007.83795,437.25555,-28.662338,600.8887,-1384.637,1118.532,1021.2958,418.8546,-31.531258,578.36145,-1283.8911,1106.5481,1033.0284,269.54507,-0.8020973,577.8018,-1197.2224,1138.2167,1024.2964,365.98166,1836.7756,485.76822,-415.70337,1848.1691,364.85904,413.0676,1907.5466,1024.9519,99.870964,2380.512,328.4439,869.353,2473.1167,850.9812,1048.6876,2845.3333,141.62651,1351.7332,2526.7202,786.6346,1160.5516,2910.2385,83.83074,1410.7286,2569.1484,984.9672,1322.5282,3002.3838,236.18987,1386.7704
IMG_6024 copy 7.JPG,797.7338,449.6385,-255.21507,741.2689,424.51028,-353.6351,739.9378,420.82544,-353.4718,738.6709,416.9531,-353.4279,744.28546,415.75687,-211.40297,745.30145,406.38086,-211.60455,746.9576,396.83307,-212.01418,758.3419,367.6838,-564.8602,775.1177,346.2117,65.03603,843.8201,440.90662,-301.19128,848.74194,430.7671,-119.74266,942.8932,362.58505,-804.12415,1103.012,211.30144,501.7595,537.3378,519.3571,-1267.091,1244.0024,612.1273,753.6352,73.44949,594.2824,-1231.6001,1192.0184,1007.83795,437.25555,-28.662338,600.8887,-1384.637,1118.532,1021.2958,418.8546,-31.531258,578.36145,-1283.8911,1106.5481,1033.0284,269.54507,-0.8020973,577.8018,-1197.2224,1138.2167,1024.2964,365.98166,1836.7756,485.76822,-415.70337,1848.1691,364.85904,413.0676,1907.5466,1024.9519,99.870964,2380.512,328.4439,869.353,2473.1167,850.9812,1048.6876,2845.3333,141.62651,1351.7332,2526.7202,786.6346,1160.5516,2910.2385,83.83074,1410.7286,2569.1484,984.9672,1322.5282,3002.3838,236.18987,1386.7704
IMG_6024 copy.JPG,797.7338,449.6385,-255.21507,741.2689,424.51028,-353.6351,739.9378,420.82544,-353.4718,738.6709,416.9531,-353.4279,744.28546,415.75687,-211.40297,745.30145,406.38086,-211.60455,746.9576,396.83307,-212.01418,758.3419,367.6838,-564.8602,775.1177,346.2117,65.03603,843.8201,440.90662,-301.19128,848.74194,430.7671,-119.74266,942.8932,362.58505,-804.12415,1103.012,211.30144,501.7595,537.3378,519.3571,-1267.091,1244.0024,612.1273,753.6352,73.44949,594.2824,-1231.6001,1192.0184,1007.83795,437.25555,-28.662338,600.8887,-1384.637,1118.532,1021.2958,418.8546,-31.531258,578.36145,-1283.8911,1106.5481,1033.0284,269.54507,-0.8020973,577.8018,-1197.2224,1138.2167,1024.2964,365.98166,1836.7756,485.76822,-415.70337,1848.1691,364.85904,413.0676,1907.5466,1024.9519,99.870964,2380.512,328.4439,869.353,2473.1167,850.9812,1048.6876,2845.3333,141.62651,1351.7332,2526.7202,786.6346,1160.5516,2910.2385,83.83074,1410.7286,2569.1484,984.9672,1322.5282,3002.3838,236.18987,1386.7704
IMG_6024.JPG,797.7338,449.6385,-255.21507,741.2689,424.51028,-353.6351,739.9378,420.82544,-353.4718,738.6709,416.9531,-353.4279,744.28546,415.75687,-211.40297,745.30145,406.38086,-211.60455,746.9576,396.83307,-212.01418,758.3419,367.6838,-564.8602,775.1177,346.2117,65.03603,843.8201,440.90662,-301.19128,848.74194,430.7671,-119.74266,942.8932,362.58505,-804.12415,1103.012,211.30144,501.7595,537.3378,519.3571,-1267.091,1244.0024,612.1273,753.6352,73.44949,594.2824,-1231.6001,1192.0184,1007.83795,437.25555,-28.662338,600.8887,-1384.637,1118.532,1021.2958,418.8546,-31.531258,578.36145,-1283.8911,1106.5481,1033.0284,269.54507,-0.8020973,577.8018,-1197.2224,1138.2167,1024.2964,365.98166,1836.7756,485.76822,-415.70337,1848.1691,364.85904,413.0676,1907.5466,1024.9519,99.870964,2380.512,328.4439,869.353,2473.1167,850.9812,1048.6876,2845.3333,141.62651,1351.7332,2526.7202,786.6346,1160.5516,2910.2385,83.83074,1410.7286,2569.1484,984.9672,1322.5282,3002.3838,236.18987,1386.7704
IMG_6029.JPG,754.7254,546.38354,650.2008,726.79926,511.99423,598.3986,724.3478,512.74756,598.6121,721.6857,513.6366,598.8578,738.1114,508.14056,675.22107,745.3417,501.3639,675.10077,751.2114,498.4116,674.85126,734.6803,521.73724,381.46442,783.9241,480.91223,721.4845,782.2339,571.02625,571.7848,797.52356,568.2422,669.08246,837.2602,596.04236,-19.452784,1016.05524,482.9793,847.41034,680.90735,742.0601,-97.24324,1168.272,747.6557,997.4591,487.64117,809.3462,291.91428,1260.4547,1018.04596,818.5504,429.77835,826.00214,280.89548,1240.5212,1046.5153,846.06396,443.18918,801.7924,312.067,1228.1213,1053.1915,736.42554,471.73077,797.9596,318.6486,1240.1836,1042.8298,778.45483,1410.3374,676.00586,-275.4655,1496.1648,550.97205,272.574,1431.3973,1091.4679,-24.39345,1891.2062,595.2768,460.37943,1827.3915,956.61646,-430.9845,2330.367,448.2822,-387.67184,1859.009,871.6499,-459.0892,2387.6877,351.09207,-476.42075,2063.8164,1035.614,-343.48193,2514.8896,558.66815,-531.843
IMG_6030.JPG,1156.4417,521.3169,1871.8308,1121.9249,474.37753,1863.0844,1111.3386,483.04242,1863.5238,1103.0254,483.2101,1863.843,1145.3151,468.16678,1950.8629,1152.7557,465.0258,1950.6996,1163.9712,452.36536,1950.4917,1096.1631,465.47675,1609.7593,1175.738,440.89624,2006.0594,1161.4432,485.62524,1759.462,1188.1449,481.08838,1873.8229,1093.4058,451.59238,917.81647,1361.2578,386.7848,1918.1299,906.33093,601.03973,560.4609,1441.0684,663.0968,2292.6208,693.87335,708.5261,816.4643,1458.2391,930.82574,2768.694,612.32513,732.9053,803.8133,1456.4456,959.4062,2893.7058,631.4363,714.3628,880.34033,1434.9122,968.5501,2863.699,659.6223,708.0241,852.5089,1438.7435,960.5799,2765.7798,1534.9001,551.6721,-293.64148,1677.1467,483.5483,291.5542,1558.8036,1002.4742,-473.26575,2110.7683,517.69885,-223.57204,1983.1053,935.873,-1444.1301,2580.8052,407.68747,-1849.8324,2030.1552,865.844,-1541.6057,2627.7598,400.9175,-2037.5565,2220.445,1055.5605,-1529.1162,2752.82,504.1107,-2290.5334
IMG_6031.JPG,831.9455,488.02136,2421.0203,813.31323,473.74994,2423.0884,804.7744,476.3855,2423.847,796.56866,478.76233,2424.0674,834.46313,463.01132,2463.3406,840.4708,455.71915,2463.1467,846.28973,448.19928,2462.318,782.7428,468.4333,2176.157,850.4957,430.30386,2359.283,828.41943,497.1569,2304.923,849.9712,481.29578,2355.0154,723.5837,532.9014,1504.3455,926.44666,428.70767,2072.8281,547.5024,605.0594,1648.687,974.07587,669.35925,2404.9094,408.36353,667.2088,2406.773,870.0723,876.8348,2886.7104,363.37442,689.109,2505.4912,855.4178,909.5297,3000.8884,381.37903,685.28546,2539.4993,832.7752,938.48773,2955.0186,395.04816,674.2737,2439.2888,832.0758,933.74146,2887.73,1074.4191,596.73444,-204.89514,1233.2405,484.68127,203.28557,1111.6584,1099.7921,-446.59354,1690.4492,617.7822,-537.91833,1551.358,1087.0137,-1614.6035,2237.1868,500.34747,-2179.6501,1626.2612,1008.8438,-1731.0449,2306.2798,503.4259,-2367.4998,1792.9248,1239.7875,-1744.4833,2320.4497,551.4524,-2644.3975
IMG_6037.png,1980.8896,904.5976,-782.25433,2009.2736,897.131,-763.95154,2012.2303,896.37823,-764.1429,2015.821,895.45416,-764.6524,2003.9738,887.63477,-847.11383,2002.6746,880.2077,-847.29315,2001.7465,872.6384,-847.40027,2016.4038,848.1697,-591.3587,1992.1974,824.7118,-971.2353,1960.6194,897.3426,-702.9924,1952.8359,884.82874,-814.04614,1945.8589,796.8678,-396.29376,1816.5536,787.8522,-996.48065,2118.484,901.5503,-285.62674,1763.6263,1010.67664,-1171.7087,2309.971,998.33203,-447.33878,1809.0593,1258.5564,-1202.9642,2293.406,1097.1465,-523.1276,1857.8497,1297.2345,-1330.6736,2286.7534,1079.1108,-582.831,1870.0479,1286.079,-1303.9934,2253.2954,1073.6582,-484.9784,1851.7721,1275.9559,-1199.2891,1551.1465,875.4854,202.19943,1473.6744,814.6228,-202.16675,1547.9634,1187.2233,-62.11053,1192.8083,810.68677,-144.25485,1293.3828,1100.1686,533.8881,908.96216,725.722,221.39615,1257.3271,1048.7726,588.0582,885.4407,679.3229,246.5617,1144.9098,1159.5647,510.04227,801.46173,778.214,26.561975
Screenshot_20230220_022718.png,277.66544,319.37686,-331.73517,282.67093,313.48935,-331.56766,284.0384,313.2002,-331.583,285.5217,312.85852,-331.7351,278.17273,311.60822,-347.06558,276.23584,310.09998,-347.13965,274.3121,308.5742,-347.19998,282.31406,305.05243,-288.40735,267.55676,300.8813,-359.92017,273.90814,319.83896,-309.88177,268.55032,316.7047,-330.92264,276.08322,297.98077,-237.11758,212.97342,310.67352,-338.1868,330.93362,314.05682,-223.93307,214.85274,377.98434,-366.909,395.33365,330.29602,-270.90805,226.91507,445.45197,-397.5581,412.4718,327.29395,-304.4867,239.4349,458.25436,-441.69632,411.06534,327.85123,-319.4179,243.22072,453.74017,-435.29037,404.67957,329.72534,-280.682,239.05872,449.28992,-398.6125,176.96718,333.4081,37.20765,147.47017,319.03748,-37.24613,177.99579,410.65256,45.63255,81.89636,315.48325,108.81062,118.234085,406.55157,235.18202,29.880167,293.69012,318.61487,112.42452,398.93753,255.51884,22.864624,283.28668,338.30557,88.52095,417.97372,235.14377,7.208101,310.63055,293.37155
Screenshot_20230220_022743.png,299.68738,303.5993,-268.1505,306.70963,298.39178,-273.30972,307.9224,297.3515,-273.31583,309.08035,296.26245,-273.41736,302.86194,298.199,-286.86407,301.3229,297.18823,-286.92947,299.7291,296.23114,-286.9787,307.1919,282.00653,-251.92986,295.41718,285.29785,-317.192,295.88672,299.26968,-254.43863,291.0346,299.0195,-273.47134,304.7867,251.24303,-214.70221,235.37102,276.1804,-307.81247,357.74292,287.3248,-199.6762,228.60236,335.66016,-369.1644,415.43903,319.47836,-239.68758,239.20471,399.4995,-414.87885,432.09433,325.10724,-266.87686,251.61075,410.35336,-454.72577,430.94672,330.03506,-282.85547,259.2563,406.34222,-448.9134,424.4886,329.2728,-249.02354,255.1175,402.6487,-416.17084,187.51862,269.78204,42.226536,153.8742,264.8674,-42.30736,189.01642,321.7481,166.81099,84.7286,248.7008,69.52591,142.53624,310.42984,321.57886,17.39112,202.81876,190.14584,134.76358,312.01416,336.84653,13.778021,190.86366,201.18513,122.8169,318.4939,343.3151,-5.6250215,215.6862,171.2719
Screenshot_20230220_022953.png,322.52164,357.36615,-272.51205,331.42767,349.30017,-279.0142,332.57336,347.96707,-279.01028,333.41818,346.44003,-279.1179,326.02515,349.93634,-300.07712,323.8325,349.31784,-300.01685,321.57596,348.74112,-300.02374,324.71213,335.51608,-258.93805,312.39484,342.14767,-357.89108,315.272,353.83463,-258.0606,310.58856,354.97815,-287.04886,312.7257,311.8524,-195.13652,260.41034,353.9473,-378.96255,369.66345,338.91562,-179.96104,259.99796,405.52658,-465.1066,429.63956,377.7241,-257.37668,269.55627,463.43088,-532.4334,451.7582,381.69186,-293.49338,281.42276,476.95477,-587.4693,448.91684,391.2407,-314.54404,286.84534,472.74506,-584.0192,441.48557,391.1137,-271.56345,283.1937,467.62448,-536.44244,188.68744,308.34744,84.38839,158.18562,316.89822,-84.500275,197.27675,384.37805,228.85678,89.69812,295.4885,34.33815,128.91388,348.75323,450.89615,15.040732,251.24988,197.54881,120.79766,340.05182,471.91592,11.141342,240.33922,211.57748,106.52899,360.06427,460.24942,-12.743252,266.95685,146.33524
Screenshot_20230220_023118.png,314.22678,284.71692,-18.983902,320.3802,280.7106,-10.380182,320.53973,280.34158,-10.381878,320.77118,279.93317,-10.381085,319.87402,279.19205,-34.72179,319.55215,277.79056,-34.749775,319.27722,276.33716,-34.78116,317.22562,270.87485,36.831993,315.58524,268.67975,-76.19867,309.17194,284.5779,0.5096961,308.53928,282.70834,-32.727318,286.24207,267.5133,102.302284,287.28833,269.29764,-138.09286,334.48444,282.5485,155.0931,286.36874,317.45685,-191.76613,373.23773,293.531,122.61681,291.15237,364.32474,-181.74744,387.85687,293.10806,116.60424,300.77652,371.9712,-205.68387,387.7065,293.34433,101.253716,302.10956,369.27908,-195.14319,383.29916,294.1092,112.64458,297.98004,367.18375,-176.78226,193.62486,306.33453,76.35203,190.70825,291.55426,-76.40169,192.33989,369.19333,4.5374446,116.58567,293.8494,-159.87358,125.75887,365.54776,88.74289,36.69214,266.84637,-156.87991,117.56945,353.622,94.85355,26.87738,256.2961,-158.33244,93.3759,381.76562,64.99654,2.9448726,289.55893,-227.81087
Screenshot_20230220_023240.png,314.39282,324.956,-39.96402,320.11954,319.60596,-31.208866,320.26346,319.19415,-31.219309,320.4392,318.73492,-31.215342,319.11533,318.5092,-56.03698,318.51337,317.3534,-56.061886,317.93387,316.17612,-56.102013,314.2895,310.73288,14.830961,310.73538,308.45187,-100.804405,308.15417,326.08527,-20.729109,307.26212,324.44165,-54.524597,290.19867,311.56076,75.1812,278.9925,311.54456,-155.57002,335.78928,323.8301,106.36371,298.5233,349.9697,-214.03435,379.22885,328.31686,50.358192,315.4136,398.80405,-207.6148,393.2698,326.06985,41.524925,328.53156,404.3165,-233.01761,393.82562,325.97775,26.96693,331.8109,401.84232,-219.01845,389.6348,326.84738,40.04824,327.04727,400.81787,-202.00258,190.52243,349.96518,74.5293,179.26372,339.1312,-74.551056,195.84398,411.81857,40.080204,105.640656,352.23007,-90.82073,124.668236,406.74307,131.21446,26.950954,335.8111,-42.960354,114.99787,397.5481,138.00978,15.106272,327.27094,-41.510647,108.149315,431.82913,114.28138,4.60224,366.00784,-112.68545
