IMG_4948 copy 10.JPG,1402.4547,1146.596,1174.337,1397.1238,1118.0712,1210.0349,1389.8728,1112.8619,1209.3997,1382.4381,1107.9578,1209.4138,1411.0972,1123.2927,1162.9149,1414.2054,1122.2695,1162.2552,1417.4471,1121.021,1162.479,1353.1692,1094.6393,1243.2495,1404.9528,1111.6229,1024.0428,1375.4094,1151.8444,1190.4913,1395.1064,1154.5244,1122.161,1179.4165,1122.0176,1135.3905,1423.0809,1168.1206,714.48315,1144.4747,1285.8795,985.81354,1572.7112,1185.1561,753.28375,1158.7122,1485.0885,809.2275,1678.5715,1160.5825,1236.3207,1187.0546,1511.029,826.3001,1711.9366,1148.5544,1276.6005,1195.6957,1509.8416,800.1355,1707.0416,1133.7186,1320.8348,1181.0706,1498.2925,793.9565,1694.5669,1135.4142,1258.771,1019.94543,1317.0908,113.72855,1143.7197,1400.9125,-115.773705,712.095,1415.6105,-92.24224,1096.2311,1718.2665,-132.4904,390.7744,1416.8372,-881.04865,873.3283,1765.7156,-792.0271,353.59912,1361.9407,-962.8353,824.0653,1718.6058,-861.6107,221.64249,1563.4683,-1199.7548,778.1395,1921.4087,-1074.5884
IMG_4948 copy 11.JPG,1402.4547,1146.596,1174.337,1397.1238,1118.0712,1210.0349,1389.8728,1112.8619,1209.3997,1382.4381,1107.9578,1209.4138,1411.0972,1123.2927,1162.9149,1414.2054,1122.2695,1162.2552,1417.4471,1121.021,1162.479,1353.1692,1094.6393,1243.2495,1404.9528,1111.6229,1024.0428,1375.4094,1151.8444,1190.4913,1395.1064,1154.5244,1122.161,1179.4165,1122.0176,1135.3905,1423.0809,1168.1206,714.48315,1144.4747,1285.8795,985.81354,1572.7112,1185.1561,753.28375,1158.7122,1485.0885,809.2275,1678.5715,1160.5825,1236.3207,1187.0546,1511.029,826.3001,1711.9366,1148.5544,1276.6005,1195.6957,1509.8416,800.1355,1707.0416,1133.7186,1320.8348,1181.0706,1498.2925,793.9565,1694.5669,1135.4142,1258.771,1019.94543,1317.0908,113.72855,1143.7197,1400.9125,-115.773705,712.095,1415.6105,-92.24224,1096.2311,1718.2665,-132.4904,390.7744,1416.8372,-881.04865,873.3283,1765.7156,-792.0271,353.59912,1361.9407,-962.8353,824.0653,1718.6058,-861.6107,221.64249,1563.4683,-1199.7548,778.1395,1921.4087,-1074.5884
IMG_4948 copy 12.JPG,1402.4547,1146.596,1174.337,1397.1238,1118.0712,1210.0349,1389.8728,1112.8619,1209.3997,1382.4381,1107.9578,1209.4138,1411.0972,1123.2927,1162.9149,1414.2054,1122.2695,1162.2552,1417.4471,1121.021,1162.479,1353.1692,1094.6393,1243.2495,1404.9528,1111.6229,1024.0428,1375.4094,1151.8444,1190.4913,1395.1064,1154.5244,1122.161,1179.4165,1122.0176,1135.3905,1423.0809,1168.1206,714.48315,1144.4747,1285.8795,985.81354,1572.7112,1185.1561,753.28375,1158.7122,1485.0885,809.2275,1678.5715,1160.5825,1236.3207,1187.0546,1511.029,826.3001,1711.9366,1148.5544,1276.6005,1195.6957,1509.8416,800.1355,1707.0416,1133.7186,1320.8348,1181.0706,1498.2925,793.9565,1694.5669,1135.4142,1258.771,1019.94543,1317.0908,113.72855,1143.7197,1400.9125,-115.773705,712.095,1415.6105,-92.24224,1096.2311,1718.2665,-132.4904,390.7744,1416.8372,-881.04865,873.3283,1765.7156,-792.0271,353.59912,1361.9407,-962.8353,824.0653,1718.6058,-861.6107,221.64249,1563.4683,-1199.7548,778.1395,1921.4087,-1074.5884
IMG_4948 copy 13.JPG,1402.4547,1146.596,1174.337,1397.1238,1118.0712,1210.0349,1389.8728,1112.8619,1209.3997,1382.4381,1107.9578,1209.4138,1411.0972,1123.2927,1162.9149,1414.2054,1122.2695,1162.2552,1417.4471,1121.021,1162.479,1353.1692,1094.6393,1243.2495,1404.9528,1111.6229,1024.0428,1375.4094,1151.8444,1190.4913,1395.1064,1154.5244,1122.161,1179.4165,1122.0176,1135.3905,1423.0809,1168.1206,714.48315,1144.4747,1285.8795,985.81354,1572.7112,1185.1561,753.28375,1158.7122,1485.0885,809.2275,1678.5715,1160.5825,1236.3207,1187.0546,1511.029,826.3001,1711.9366,1148.5544,1276.6005,1195.6957,1509.8416,800.1355,1707.0416,1133.7186,1320.8348,1181.0706,1498.2925,793.9565,1694.5669,1135.4142,1258.771,1019.94543,1317.0908,113.72855,1143.7197,1400.9125,-115.773705,712.095,1415.6105,-92.24224,1096.2311,1718.2665,-132.4904,390.7744,1416.8372,-881.04865,873.3283,1765.7156,-792.0271,353.59912,1361.9407,-962.8353,824.0653,1718.6058,-861.6107,221.64249,1563.4683,-1199.7548,778.1395,1921.4087,-1074.5884
IMG_4948 copy 14.JPG,1402.4547,1146.596,1174.337,1397.1238,1118.0712,1210.0349,1389.8728,1112.8619,1209.3997,1382.4381,1107.9578,1209.4138,1411.0972,1123.2927,1162.9149,1414.2054,1122.2695,1162.2552,1417.4471,1121.021,1162.479,1353.1692,1094.6393,1243.2495,1404.9528,1111.6229,1024.0428,1375.4094,1151.8444,1190.4913,1395.1064,1154.5244,1122.161,1179.4165,1122.0176,1135.3905,1423.0809,1168.1206,714.48315,1144.4747,1285.8795,985.81354,1572.7112,1185.1561,753.28375,1158.7122,1485.0885,809.2275,1678.5715,1160.5825,1236.3207,1187.0546,1511.029,826.3001,1711.9366,1148.5544,1276.6005,1195.6957,1509.8416,800.1355,1707.0416,1133.7186,1320.8348,1181.0706,1498.2925,793.9565,1694.5669,1135.4142,1258.771,1019.94543,1317.0908,113.72855,1143.7197,1400.9125,-115.773705,712.095,1415.6105,-92.24224,1096.2311,1718.2665,-132.4904,390.7744,1416.8372,-881.04865,873.3283,1765.7156,-792.0271,353.59912,1361.9407,-962.8353,824.0653,1718.6058,-861.6107,221.64249,1563.4683,-1199.7548,778.1395,1921.4087,-1074.5884
IMG_4948 copy 15.JPG,1402.4547,1146.596,1174.337,1397.1238,1118.0712,1210.0349,1389.8728,1112.8619,1209.3997,1382.4381,1107.9578,1209.4138,1411.0972,1123.2927,1162.9149,1414.2054,1122.2695,1162.2552,1417.4471,1121.021,1162.479,1353.1692,1094.6393,1243.2495,1404.9528,1111.6229,1024.0428,1375.4094,1151.8444,1190.4913,1395.1064,1154.5244,1122.161,1179.4165,1122.0176,1135.3905,1423.0809,1168.1206,714.48315,1144.4747,1285.8795,985.81354,1572.7112,1185.1561,753.28375,1158.7122,1485.0885,809.2275,1678.5715,1160.5825,1236.3207,1187.0546,1511.029,826.3001,1711.9366,1148.5544,1276.6005,1195.6957,1509.8416,800.1355,1707.0416,1133.7186,1320.8348,1181.0706,1498.2925,793.9565,1694.5669,1135.4142,1258.771,1019.94543,1317.0908,113.72855,1143.7197,1400.9125,-115.773705,712.095,1415.6105,-92.24224,1096.2311,1718.2665,-132.4904,390.7744,1416.8372,-881.04865,873.3283,1765.7156,-792.0271,353.59912,1361.9407,-962.8353,824.0653,1718.6058,-861.6107,221.64249,1563.4683,-1199.7548,778.1395,1921.4087,-1074.5884
IMG_4948 copy 16.JPG,1402.4547,1146.596,1174.337,1397.1238,1118.0712,1210.0349,1389.8728,1112.8619,1209.3997,1382.4381,1107.9578,1209.4138,1411.0972,1123.2927,1162.9149,1414.2054,1122.2695,1162.2552,1417.4471,1121.021,1162.479,1353.1692,1094.6393,1243.2495,1404.9528,1111.6229,1024.0428,1375.4094,1151.8444,1190.4913,1395.1064,1154.5244,1122.161,1179.4165,1122.0176,1135.3905,1423.0809,1168.1206,714.48315,1144.4747,1285.8795,985.81354,1572.7112,1185.1561,753.28375,1158.7122,1485.0885,809.2275,1678.5715,1160.5825,1236.3207,1187.0546,1511.029,826.3001,1711.9366,1148.5544,1276.6005,1195.6957,1509.8416,800.1355,1707.0416,1133.7186,1320.8348,1181.0706,1498.2925,793.9565,1694.5669,1135.4142,1258.771,1019.94543,1317.0908,113.72855,1143.7197,1400.9125,-115.773705,712.095,1415.6105,-92.24224,1096.2311,1718.2665,-132.4904,390.7744,1416.8372,-881.04865,873.3283,1765.7156,-792.0271,353.59912,1361.9407,-962.8353,824.0653,1718.6058,-861.6107,221.64249,1563.4683,-1199.7548,778.1395,1921.4087,-1074.5884
IMG_4948 copy 2.JPG,1402.4547,1146.596,1174.337,1397.1238,1118.0712,1210.0349,1389.8728,1112.8619,1209.3997,1382.4381,1107.9578,1209.4138,1411.0972,1123.2927,1162.9149,1414.2054,1122.2695,1162.2552,1417.4471,1121.021,1162.479,1353.1692,1094.6393,1243.2495,1404.9528,1111.6229,1024.0428,1375.4094,1151.8444,1190.4913,1395.1064,1154.5244,1122.161,1179.4165,1122.0176,1135.3905,1423.0809,1168.1206,714.48315,1144.4747,1285.8795,985.81354,1572.7112,1185.1561,753.28375,1158.7122,1485.0885,809.2275,1678.5715,1160.5825,1236.3207,1187.0546,1511.029,826.3001,1711.9366,1148.5544,1276.6005,1195.6957,1509.8416,800.1355,1707.0416,1133.7186,1320.8348,1181.0706,1498.2925,793.9565,1694.5669,1135.4142,1258.771,1019.94543,1317.0908,113.72855,1143.7197,1400.9125,-115.773705,712.095,1415.6105,-92.24224,1096.2311,1718.2665,-132.4904,390.7744,1416.8372,-881.04865,873.3283,1765.7156,-792.0271,353.59912,1361.9407,-962.8353,824.0653,1718.6058,-861.6107,221.64249,1563.4683,-1199.7548,778.1395,1921.4087,-1074.5884
IMG_4948 copy 3.JPG,1402.4547,1146.596,1174.337,1397.1238,1118.0712,1210.0349,1389.8728,1112.8619,1209.3997,1382.4381,1107.9578,1209.4138,1411.0972,1123.2927,1162.9149,1414.2054,1122.2695,1162.2552,1417.4471,1121.021,1162.479,1353.1692,1094.6393,1243.2495,1404.9528,1111.6229,1024.0428,1375.4094,1151.8444,1190.4913,1395.1064,1154.5244,1122.161,1179.4165,1122.0176,1135.3905,1423.0809,1168.1206,714.48315,1144.4747,1285.8795,985.81354,1572.7112,1185.1561,753.28375,1158.7122,1485.0885,809.2275,1678.5715,1160.5825,1236.3207,1187.0546,1511.029,826.3001,1711.9366,1148.5544,1276.6005,1195.6957,1509.8416,800.1355,1707.0416,1133.7186,1320.8348,1181.0706,1498.2925,793.9565,1694.5669,1135.4142,1258.771,1019.94543,1317.0908,113.72855,1143.7197,1400.9125,-115.773705,712.095,1415.6105,-92.24224,1096.2311,1718.2665,-132.4904,390.7744,1416.8372,-881.04865,873.3283,1765.7156,-792.0271,353.59912,1361.9407,-962.8353,824.0653,1718.6058,-861.6107,221.64249,1563.4683,-1199.7548,778.1395,1921.4087,-1074.5884
IMG_4948 copy 4.JPG,1402.4547,1146.596,1174.337,1397.1238,1118.0712,1210.0349,1389.8728,1112.8619,1209.3997,1382.4381,1107.9578,1209.4138,1411.0972,1123.2927,1162.9149,1414.2054,1122.2695,1162.2552,1417.4471,1121.021,1162.479,1353.1692,1094.6393,1243.2495,1404.9528,1111.6229,1024.0428,1375.4094,1151.8444,1190.4913,1395.1064,1154.5244,1122.161,1179.4165,1122.0176,1135.3905,1423.0809,1168.1206,714.48315,1144.4747,1285.8795,985.81354,1572.7112,1185.1561,753.28375,1158.7122,1485.0885,809.2275,1678.5715,1160.5825,1236.3207,1187.0546,1511.029,826.3001,1711.9366,1148.5544,1276.6005,1195.6957,1509.8416,800.1355,1707.0416,1133.7186,1320.8348,1181.0706,1498.2925,793.9565,1694.5669,1135.4142,1258.771,1019.94543,1317.0908,113.72855,1143.7197,1400.9125,-115.773705,712.095,1415.6105,-92.24224,1096.2311,1718.2665,-132.4904,390.7744,1416.8372,-881.04865,873.3283,1765.7156,-792.0271,353.59912,1361.9407,-962.8353,824.0653,1718.6058,-861.6107,221.64249,1563.4683,-1199.7548,778.1395,1921.4087,-1074.5884
IMG_4948 copy 5.JPG,1402.4547,1146.596,1174.337,1397.1238,1118.0712,1210.0349,1389.8728,1112.8619,1209.3997,1382.4381,1107.9578,1209.4138,1411.0972,1123.2927,1162.9149,1414.2054,1122.2695,1162.2552,1417.4471,1121.021,1162.479,1353.1692,1094.6393,1243.2495,1404.9528,1111.6229,1024.0428,1375.4094,1151.8444,1190.4913,1395.1064,1154.5244,1122.161,1179.4165,1122.0176,1135.3905,1423.0809,1168.1206,714.48315,1144.4747,1285.8795,985.81354,1572.7112,1185.1561,753.28375,1158.7122,1485.0885,809.2275,1678.5715,1160.5825,1236.3207,1187.0546,1511.029,826.3001,1711.9366,1148.5544,1276.6005,1195.6957,1509.8416,800.1355,1707.0416,1133.7186,1320.8348,1181.0706,1498.2925,793.9565,1694.5669,1135.4142,1258.771,1019.94543,1317.0908,113.72855,1143.7197,1400.9125,-115.773705,712.095,1415.6105,-92.24224,1096.2311,1718.2665,-132.4904,390.7744,1416.8372,-881.04865,873.3283,1765.7156,-792.0271,353.59912,1361.9407,-962.8353,824.0653,1718.6058,-861.6107,221.64249,1563.4683,-1199.7548,778.1395,1921.4087,-1074.5884
IMG_4948 copy 6.JPG,1402.4547,1146.596,1174.337,1397.1238,1118.0712,1210.0349,1389.8728,1112.8619,1209.3997,1382.4381,1107.9578,1209.4138,1411.0972,1123.2927,1162.9149,1414.2054,1122.2695,1162.2552,1417.4471,1121.021,1162.479,1353.1692,1094.6393,1243.2495,1404.9528,1111.6229,1024.0428,1375.4094,1151.8444,1190.4913,1395.1064,1154.5244,1122.161,1179.4165,1122.0176,1135.3905,1423.0809,1168.1206,714.48315,1144.4747,1285.8795,985.81354,1572.7112,1185.1561,753.28375,1158.7122,1485.0885,809.2275,1678.5715,1160.5825,1236.3207,1187.0546,1511.029,826.3001,1711.9366,1148.5544,1276.6005,1195.6957,1509.8416,800.1355,1707.0416,1133.7186,1320.8348,1181.0706,1498.2925,793.9565,1694.5669,1135.4142,1258.771,1019.94543,1317.0908,113.72855,1143.7197,1400.9125,-115.773705,712.095,1415.6105,-92.24224,1096.2311,1718.2665,-132.4904,390.7744,1416.8372,-881.04865,873.3283,1765.7156,-792.0271,353.59912,1361.9407,-962.8353,824.0653,1718.6058,-861.6107,221.64249,1563.4683,-1199.7548,778.1395,1921.4087,-1074.5884
IMG_4948 copy 7.JPG,1402.4547,1146.596,1174.337,1397.1238,1118.0712,1210.0349,1389.8728,1112.8619,1209.3997,1382.4381,1107.9578,1209.4138,1411.0972,1123.2927,1162.9149,1414.2054,1122.2695,1162.2552,1417.4471,1121.021,1162.479,1353.1692,1094.6393,1243.2495,1404.9528,1111.6229,1024.0428,1375.4094,1151.8444,1190.4913,1395.1064,1154.5244,1122.161,1179.4165,1122.0176,1135.3905,1423.0809,1168.1206,714.48315,1144.4747,1285.8795,985.81354,1572.7112,1185.1561,753.28375,1158.7122,1485.0885,809.2275,1678.5715,1160.5825,1236.3207,1187.0546,1511.029,826.3001,1711.9366,1148.5544,1276.6005,1195.6957,1509.8416,800.1355,1707.0416,1133.7186,1320.8348,1181.0706,1498.2925,793.9565,1694.5669,1135.4142,1258.771,1019.94543,1317.0908,113.72855,1143.7197,1400.9125,-115.773705,712.095,1415.6105,-92.24224,1096.2311,1718.2665,-132.4904,390.7744,1416.8372,-881.04865,873.3283,1765.7156,-792.0271,353.59912,1361.9407,-962.8353,824.0653,1718.6058,-861.6107,221.64249,1563.4683,-1199.7548,778.1395,1921.4087,-1074.5884
IMG_4948 copy 8.JPG,1402.4547,1146.596,1174.337,1397.1238,1118.0712,1210.0349,1389.8728,1112.8619,1209.3997,1382.4381,1107.9578,1209.4138,1411.0972,1123.2927,1162.9149,1414.2054,1122.2695,1162.2552,1417.4471,1121.021,1162.479,1353.1692,1094.6393,1243.2495,1404.9528,1111.6229,1024.0428,1375.4094,1151.8444,1190.4913,1395.1064,1154.5244,1122.161,1179.4165,1122.0176,1135.3905,1423.0809,1168.1206,714.48315,1144.4747,1285.8795,985.81354,1572.7112,1185.1561,753.28375,1158.7122,1485.0885,809.2275,1678.5715,1160.5825,1236.3207,1187.0546,1511.029,826.3001,1711.9366,1148.5544,1276.6005,1195.6957,1509.8416,800.1355,1707.0416,1133.7186,1320.8348,1181.0706,1498.2925,793.9565,1694.5669,1135.4142,1258.771,1019.94543,1317.0908,113.72855,1143.7197,1400.9125,-115.773705,712.095,1415.6105,-92.24224,1096.2311,1718.2665,-132.4904,390.7744,1416.8372,-881.04865,873.3283,1765.7156,-792.0271,353.59912,1361.9407,-962.8353,824.0653,1718.6058,-861.6107,221.64249,1563.4683,-1199.7548,778.1395,1921.4087,-1074.5884
IMG_4948 copy 9.JPG,1402.4547,1146.596,1174.337,1397.1238,1118.0712,1210.0349,1389.8728,1112.8619,1209.3997,1382.4381,1107.9578,1209.4138,1411.0972,1123.2927,1162.9149,1414.2054,1122.2695,1162.2552,1417.4471,1121.021,1162.479,1353.1692,1094.6393,1243.2495,1404.9528,1111.6229,1024.0428,1375.4094,1151.8444,1190.4913,1395.1064,1154.5244,1122.161,1179.4165,1122.0176,1135.3905,1423.0809,1168.1206,714.48315,1144.4747,1285.8795,985.81354,1572.7112,1185.1561,753.28375,1158.7122,1485.0885,809.2275,1678.5715,1160.5825,1236.3207,1187.0546,1511.029,826.3001,1711.9366,1148.5544,1276.6005,1195.6957,1509.8416,800.1355,1707.0416,1133.7186,1320.8348,1181.0706,1498.2925,793.9565,1694.5669,1135.4142,1258.771,1019.94543,1317.0908,113.72855,1143.7197,1400.9125,-115.773705,712.095,1415.6105,-92.24224,1096.2311,1718.2665,-132.4904,390.7744,1416.8372,-881.04865,873.3283,1765.7156,-792.0271,353.59912,1361.9407,-962.8353,824.0653,1718.6058,-861.6107,221.64249,1563.4683,-1199.7548,778.1395,1921.4087,-1074.5884
IMG_4948 copy.JPG,1402.4547,1146.596,1174.337,1397.1238,1118.0712,1210.0349,1389.8728,1112.8619,1209.3997,1382.4381,1107.9578,1209.4138,1411.0972,1123.2927,1162.9149,1414.2054,1122.2695,1162.2552,1417.4471,1121.021,1162.479,1353.1692,1094.6393,1243.2495,1404.9528,1111.6229,1024.0428,1375.4094,1151.8444,1190.4913,1395.1064,1154.5244,1122.161,1179.4165,1122.0176,1135.3905,1423.0809,1168.1206,714.48315,1144.4747,1285.8795,985.81354,1572.7112,1185.1561,753.28375,1158.7122,1485.0885,809.2275,1678.5715,1160.5825,1236.3207,1187.0546,1511.029,826.3001,1711.9366,1148.5544,1276.6005,1195.6957,1509.8416,800.1355,1707.0416,1133.7186,1320.8348,1181.0706,1498.2925,793.9565,1694.5669,1135.4142,1258.771,1019.94543,1317.0908,113.72855,1143.7197,1400.9125,-115.773705,712.095,1415.6105,-92.24224,1096.2311,1718.2665,-132.4904,390.7744,1416.8372,-881.04865,873.3283,1765.7156,-792.0271,353.59912,1361.9407,-962.8353,824.0653,1718.6058,-861.6107,221.64249,1563.4683,-1199.7548,778.1395,1921.4087,-1074.5884
IMG_4948.JPG,1402.4547,1146.596,1174.337,1397.1238,1118.0712,1210.0349,1389.8728,1112.8619,1209.3997,1382.4381,1107.9578,1209.4138,1411.0972,1123.2927,1162.9149,1414.2054,1122.2695,1162.2552,1417.4471,1121.021,1162.479,1353.1692,1094.6393,1243.2495,1404.9528,1111.6229,1024.0428,1375.4094,1151.8444,1190.4913,1395.1064,1154.5244,1122.161,1179.4165,1122.0176,1135.3905,1423.0809,1168.1206,714.48315,1144.4747,1285.8795,985.81354,1572.7112,1185.1561,753.28375,1158.7122,1485.0885,809.2275,1678.5715,1160.5825,1236.3207,1187.0546,1511.029,826.3001,1711.9366,1148.5544,1276.6005,1195.6957,1509.8416,800.1355,1707.0416,1133.7186,1320.8348,1181.0706,1498.2925,793.9565,1694.5669,1135.4142,1258.771,1019.94543,1317.0908,113.72855,1143.7197,1400.9125,-115.773705,712.095,1415.6105,-92.24224,1096.2311,1718.2665,-132.4904,390.7744,1416.8372,-881.04865,873.3283,1765.7156,-792.0271,353.59912,1361.9407,-962.8353,824.0653,1718.6058,-861.6107,221.64249,1563.4683,-1199.7548,778.1395,1921.4087,-1074.5884
IMG_4951.JPG,340.78238,1155.9694,522.3482,331.43896,1134.6628,460.1227,331.51514,1134.3768,459.53836,331.15845,1134.56,459.67218,335.9621,1128.2441,539.2887,339.20734,1123.196,538.41626,341.6691,1118.2292,538.36536,356.9184,1126.0513,223.4098,370.40146,1105.026,586.3444,363.57187,1167.5917,451.60086,368.85077,1162.1749,550.2509,461.34503,1224.4247,-123.07545,543.0079,1118.1401,792.4493,392.13177,1435.6008,-255.63977,439.70575,1110.9028,1212.3662,302.5906,1633.0273,-80.436,300.13715,1080.6506,1594.2357,246.66031,1641.8518,-109.067856,246.07547,1050.4735,1678.6422,243.3841,1627.4836,-76.00284,240.27858,1052.1096,1658.0056,270.2523,1630.1888,-53.543346,259.30994,1069.0115,1587.664,891.11224,1375.1627,-328.91083,938.8386,1339.0249,327.50378,1163.1727,1518.3947,-1237.9955,1018.66296,1653.2401,312.50363,1567.2551,1606.6863,-1923.014,1332.7068,1666.4666,271.73492,1646.5801,1558.3013,-1995.6356,1383.9587,1623.6095,263.9029,1682.193,1801.9531,-2330.7512,1461.6469,1797.9669,164.26936
IMG_4952.JPG,565.89636,1137.2834,1039.3903,551.9212,1108.9038,966.06683,547.5575,1108.94,965.3397,543.5644,1108.7515,965.3358,569.2054,1096.6854,1040.8569,577.4469,1088.7352,1039.927,587.1105,1079.7927,1039.8173,551.4908,1097.0094,658.70886,613.8754,1057.1279,1000.6095,573.1856,1152.6306,945.2064,592.3815,1144.1027,1037.0925,564.77625,1189.4722,128.6624,809.3894,1099.5304,1111.4642,581.2283,1468.4697,-44.908516,909.67865,1197.598,1478.2805,580.5378,1719.6528,245.26555,931.23254,1281.6285,2005.4186,523.4511,1708.4337,258.49554,921.9228,1283.0612,2148.1194,526.9961,1696.0266,307.52173,897.53906,1331.5763,2113.518,554.3983,1705.631,286.3565,892.2576,1334.0345,1997.8031,1067.1646,1451.7982,-343.74112,1166.2004,1441.7911,341.37234,1324.4354,1636.3947,-1437.6001,1150.0594,1865.878,262.8251,1853.7175,1771.6526,-2256.9783,1448.0815,2027.0952,24.190258,1931.998,1732.199,-2338.3083,1526.3413,1983.763,-2.8140283,1904.9984,1979.9232,-2726.6099,1547.7244,2244.1675,-195.54132
IMG_4953 copy 10.png,552.5854,1601.7732,-239.33087,543.5244,1574.2185,-281.78113,548.87537,1570.5128,-282.50775,553.8673,1566.6951,-282.20023,538.86255,1573.812,-231.07841,541.0475,1569.8573,-232.11902,543.0122,1566.0396,-232.5352,585.279,1539.4537,-376.96802,572.7597,1538.6808,-148.59248,593.7267,1603.715,-257.4134,591.2967,1604.6945,-196.68005,738.95715,1595.0548,-518.4673,654.53827,1491.3766,10.402333,681.93085,1773.7374,-676.49347,474.24792,1539.0492,56.66841,605.15106,1954.492,-730.3408,281.56207,1590.0161,-74.172325,562.9708,1987.9362,-813.54126,223.91202,1583.8506,-130.56812,546.3431,1968.1517,-815.66583,219.45853,1586.546,-161.78355,566.64374,1959.0188,-731.2812,238.5304,1590.936,-101.06893,1160.152,1553.5609,-189.67928,1117.4259,1531.0168,189.57541,1469.5736,1589.4829,-91.37029,1169.0182,1786.5449,272.5461,1817.1647,1531.6699,-130.3746,1427.358,1700.6074,469.82675,1868.8373,1481.5454,-142.64935,1461.2335,1642.0475,487.24374,1949.0804,1659.3877,-359.22064,1555.5936,1761.8171,422.77567
IMG_4953 copy 11.png,552.5854,1601.7732,-239.33087,543.5244,1574.2185,-281.78113,548.87537,1570.5128,-282.50775,553.8673,1566.6951,-282.20023,538.86255,1573.812,-231.07841,541.0475,1569.8573,-232.11902,543.0122,1566.0396,-232.5352,585.279,1539.4537,-376.96802,572.7597,1538.6808,-148.59248,593.7267,1603.715,-257.4134,591.2967,1604.6945,-196.68005,738.95715,1595.0548,-518.4673,654.53827,1491.3766,10.402333,681.93085,1773.7374,-676.49347,474.24792,1539.0492,56.66841,605.15106,1954.492,-730.3408,281.56207,1590.0161,-74.172325,562.9708,1987.9362,-813.54126,223.91202,1583.8506,-130.56812,546.3431,1968.1517,-815.66583,219.45853,1586.546,-161.78355,566.64374,1959.0188,-731.2812,238.5304,1590.936,-101.06893,1160.152,1553.5609,-189.67928,1117.4259,1531.0168,189.57541,1469.5736,1589.4829,-91.37029,1169.0182,1786.5449,272.5461,1817.1647,1531.6699,-130.3746,1427.358,1700.6074,469.82675,1868.8373,1481.5454,-142.64935,1461.2335,1642.0475,487.24374,1949.0804,1659.3877,-359.22064,1555.5936,1761.8171,422.77567
IMG_4953 copy 12.png,552.5854,1601.7732,-239.33087,543.5244,1574.2185,-281.78113,548.87537,1570.5128,-282.50775,553.8673,1566.6951,-282.20023,538.86255,1573.812,-231.07841,541.0475,1569.8573,-232.11902,543.0122,1566.0396,-232.5352,585.279,1539.4537,-376.96802,572.7597,1538.6808,-148.59248,593.7267,1603.715,-257.4134,591.2967,1604.6945,-196.68005,738.95715,1595.0548,-518.4673,654.53827,1491.3766,10.402333,681.93085,1773.7374,-676.49347,474.24792,1539.0492,56.66841,605.15106,1954.492,-730.3408,281.56207,1590.0161,-74.172325,562.9708,1987.9362,-813.54126,223.91202,1583.8506,-130.56812,546.3431,1968.1517,-815.66583,219.45853,1586.546,-161.78355,566.64374,1959.0188,-731.2812,238.5304,1590.936,-101.06893,1160.152,1553.5609,-189.67928,1117.4259,1531.0168,189.57541,1469.5736,1589.4829,-91.37029,1169.0182,1786.5449,272.5461,1817.1647,1531.6699,-130.3746,1427.358,1700.6074,469.82675,1868.8373,1481.5454,-142.64935,1461.2335,1642.0475,487.24374,1949.0804,1659.3877,-359.22064,1555.5936,1761.8171,422.77567
IMG_4953 copy 13.png,552.5854,1601.7732,-239.33087,543.5244,1574.2185,-281.78113,548.87537,1570.5128,-282.50775,553.8673,1566.6951,-282.20023,538.86255,1573.812,-231.07841,541.0475,1569.8573,-232.11902,543.0122,1566.0396,-232.5352,585.279,1539.4537,-376.96802,572.7597,1538.6808,-148.59248,593.7267,1603.715,-257.4134,591.2967,1604.6945,-196.68005,738.95715,1595.0548,-518.4673,654.53827,1491.3766,10.402333,681.93085,1773.7374,-676.49347,474.24792,1539.0492,56.66841,605.15106,1954.492,-730.3408,281.56207,1590.0161,-74.172325,562.9708,1987.9362,-813.54126,223.91202,1583.8506,-130.56812,546.3431,1968.1517,-815.66583,219.45853,1586.546,-161.78355,566.64374,1959.0188,-731.2812,238.5304,1590.936,-101.06893,1160.152,1553.5609,-189.67928,1117.4259,1531.0168,189.57541,1469.5736,1589.4829,-91.37029,1169.0182,1786.5449,272.5461,1817.1647,1531.6699,-130.3746,1427.358,1700.6074,469.82675,1868.8373,1481.5454,-142.64935,1461.2335,1642.0475,487.24374,1949.0804,1659.3877,-359.22064,1555.5936,1761.8171,422.77567
IMG_4953 copy 14.png,552.5854,1601.7732,-239.33087,543.5244,1574.2185,-281.78113,548.87537,1570.5128,-282.50775,553.8673,1566.6951,-282.20023,538.86255,1573.812,-231.07841,541.0475,1569.8573,-232.11902,543.0122,1566.0396,-232.5352,585.279,1539.4537,-376.96802,572.7597,1538.6808,-148.59248,593.7267,1603.715,-257.4134,591.2967,1604.6945,-196.68005,738.95715,1595.0548,-518.4673,654.53827,1491.3766,10.402333,681.93085,1773.7374,-676.49347,474.24792,1539.0492,56.66841,605.15106,1954.492,-730.3408,281.56207,1590.0161,-74.172325,562.9708,1987.9362,-813.54126,223.91202,1583.8506,-130.56812,546.3431,1968.1517,-815.66583,219.45853,1586.546,-161.78355,566.64374,1959.0188,-731.2812,238.5304,1590.936,-101.06893,1160.152,1553.5609,-189.67928,1117.4259,1531.0168,189.57541,1469.5736,1589.4829,-91.37029,1169.0182,1786.5449,272.5461,1817.1647,1531.6699,-130.3746,1427.358,1700.6074,469.82675,1868.8373,1481.5454,-142.64935,1461.2335,1642.0475,487.24374,1949.0804,1659.3877,-359.22064,1555.5936,1761.8171,422.77567
IMG_4953 copy 15.png,552.5854,1601.7732,-239.33087,543.5244,1574.2185,-281.78113,548.87537,1570.5128,-282.50775,553.8673,1566.6951,-282.20023,538.86255,1573.812,-231.07841,541.0475,1569.8573,-232.11902,543.0122,1566.0396,-232.5352,585.279,1539.4537,-376.96802,572.7597,1538.6808,-148.59248,593.7267,1603.715,-257.4134,591.2967,1604.6945,-196.68005,738.95715,1595.0548,-518.4673,654.53827,1491.3766,10.402333,681.93085,1773.7374,-676.49347,474.24792,1539.0492,56.66841,605.15106,1954.492,-730.3408,281.56207,1590.0161,-74.172325,562.9708,1987.9362,-813.54126,223.91202,1583.8506,-130.56812,546.3431,1968.1517,-815.66583,219.45853,1586.546,-161.78355,566.64374,1959.0188,-731.2812,238.5304,1590.936,-101.06893,1160.152,1553.5609,-189.67928,1117.4259,1531.0168,189.57541,1469.5736,1589.4829,-91.37029,1169.0182,1786.5449,272.5461,1817.1647,1531.6699,-130.3746,1427.358,1700.6074,469.82675,1868.8373,1481.5454,-142.64935,1461.2335,1642.0475,487.24374,1949.0804,1659.3877,-359.22064,1555.5936,1761.8171,422.77567
IMG_4953 copy 16.png,552.5854,1601.7732,-239.33087,543.5244,1574.2185,-281.78113,548.87537,1570.5128,-282.50775,553.8673,1566.6951,-282.20023,538.86255,1573.812,-231.07841,541.0475,1569.8573,-232.11902,543.0122,1566.0396,-232.5352,585.279,1539.4537,-376.96802,572.7597,1538.6808,-148.59248,593.7267,1603.715,-257.4134,591.2967,1604.6945,-196.68005,738.95715,1595.0548,-518.4673,654.53827,1491.3766,10.402333,681.93085,1773.7374,-676.49347,474.24792,1539.0492,56.66841,605.15106,1954.492,-730.3408,281.56207,1590.0161,-74.172325,562.9708,1987.9362,-813.54126,223.91202,1583.8506,-130.56812,546.3431,1968.1517,-815.66583,219.45853,1586.546,-161.78355,566.64374,1959.0188,-731.2812,238.5304,1590.936,-101.06893,1160.152,1553.5609,-189.67928,1117.4259,1531.0168,189.57541,1469.5736,1589.4829,-91.37029,1169.0182,1786.5449,272.5461,1817.1647,1531.6699,-130.3746,1427.358,1700.6074,469.82675,1868.8373,1481.5454,-142.64935,1461.2335,1642.0475,487.24374,1949.0804,1659.3877,-359.22064,1555.5936,1761.8171,422.77567
IMG_4953 copy 17.png,552.5854,1601.7732,-239.33087,543.5244,1574.2185,-281.78113,548.87537,1570.5128,-282.50775,553.8673,1566.6951,-282.20023,538.86255,1573.812,-231.07841,541.0475,1569.8573,-232.11902,543.0122,1566.0396,-232.5352,585.279,1539.4537,-376.96802,572.7597,1538.6808,-148.59248,593.7267,1603.715,-257.4134,591.2967,1604.6945,-196.68005,738.95715,1595.0548,-518.4673,654.53827,1491.3766,10.402333,681.93085,1773.7374,-676.49347,474.24792,1539.0492,56.66841,605.15106,1954.492,-730.3408,281.56207,1590.0161,-74.172325,562.9708,1987.9362,-813.54126,223.91202,1583.8506,-130.56812,546.3431,1968.1517,-815.66583,219.45853,1586.546,-161.78355,566.64374,1959.0188,-731.2812,238.5304,1590.936,-101.06893,1160.152,1553.5609,-189.67928,1117.4259,1531.0168,189.57541,1469.5736,1589.4829,-91.37029,1169.0182,1786.5449,272.5461,1817.1647,1531.6699,-130.3746,1427.358,1700.6074,469.82675,1868.8373,1481.5454,-142.64935,1461.2335,1642.0475,487.24374,1949.0804,1659.3877,-359.22064,1555.5936,1761.8171,422.77567
IMG_4953 copy 18.png,552.5854,1601.7732,-239.33087,543.5244,1574.2185,-281.78113,548.87537,1570.5128,-282.50775,553.8673,1566.6951,-282.20023,538.86255,1573.812,-231.07841,541.0475,1569.8573,-232.11902,543.0122,1566.0396,-232.5352,585.279,1539.4537,-376.96802,572.7597,1538.6808,-148.59248,593.7267,1603.715,-257.4134,591.2967,1604.6945,-196.68005,738.95715,1595.0548,-518.4673,654.53827,1491.3766,10.402333,681.93085,1773.7374,-676.49347,474.24792,1539.0492,56.66841,605.15106,1954.492,-730.3408,281.56207,1590.0161,-74.172325,562.9708,1987.9362,-813.54126,223.91202,1583.8506,-130.56812,546.3431,1968.1517,-815.66583,219.45853,1586.546,-161.78355,566.64374,1959.0188,-731.2812,238.5304,1590.936,-101.06893,1160.152,1553.5609,-189.67928,1117.4259,1531.0168,189.57541,1469.5736,1589.4829,-91.37029,1169.0182,1786.5449,272.5461,1817.1647,1531.6699,-130.3746,1427.358,1700.6074,469.82675,1868.8373,1481.5454,-142.64935,1461.2335,1642.0475,487.24374,1949.0804,1659.3877,-359.22064,1555.5936,1761.8171,422.77567
IMG_4953 copy 19.png,552.5854,1601.7732,-239.33087,543.5244,1574.2185,-281.78113,548.87537,1570.5128,-282.50775,553.8673,1566.6951,-282.20023,538.86255,1573.812,-231.07841,541.0475,1569.8573,-232.11902,543.0122,1566.0396,-232.5352,585.279,1539.4537,-376.96802,572.7597,1538.6808,-148.59248,593.7267,1603.715,-257.4134,591.2967,1604.6945,-196.68005,738.95715,1595.0548,-518.4673,654.53827,1491.3766,10.402333,681.93085,1773.7374,-676.49347,474.24792,1539.0492,56.66841,605.15106,1954.492,-730.3408,281.56207,1590.0161,-74.172325,562.9708,1987.9362,-813.54126,223.91202,1583.8506,-130.56812,546.3431,1968.1517,-815.66583,219.45853,1586.546,-161.78355,566.64374,1959.0188,-731.2812,238.5304,1590.936,-101.06893,1160.152,1553.5609,-189.67928,1117.4259,1531.0168,189.57541,1469.5736,1589.4829,-91.37029,1169.0182,1786.5449,272.5461,1817.1647,1531.6699,-130.3746,1427.358,1700.6074,469.82675,1868.8373,1481.5454,-142.64935,1461.2335,1642.0475,487.24374,1949.0804,1659.3877,-359.22064,1555.5936,1761.8171,422.77567
IMG_4953 copy 2.png,552.5854,1601.7732,-239.33087,543.5244,1574.2185,-281.78113,548.87537,1570.5128,-282.50775,553.8673,1566.6951,-282.20023,538.86255,1573.812,-231.07841,541.0475,1569.8573,-232.11902,543.0122,1566.0396,-232.5352,585.279,1539.4537,-376.96802,572.7597,1538.6808,-148.59248,593.7267,1603.715,-257.4134,591.2967,1604.6945,-196.68005,738.95715,1595.0548,-518.4673,654.53827,1491.3766,10.402333,681.93085,1773.7374,-676.49347,474.24792,1539.0492,56.66841,605.15106,1954.492,-730.3408,281.56207,1590.0161,-74.172325,562.9708,1987.9362,-813.54126,223.91202,1583.8506,-130.56812,546.3431,1968.1517,-815.66583,219.45853,1586.546,-161.78355,566.64374,1959.0188,-731.2812,238.5304,1590.936,-101.06893,1160.152,1553.5609,-189.67928,1117.4259,1531.0168,189.57541,1469.5736,1589.4829,-91.37029,1169.0182,1786.5449,272.5461,1817.1647,1531.6699,-130.3746,1427.358,1700.6074,469.82675,1868.8373,1481.5454,-142.64935,1461.2335,1642.0475,487.24374,1949.0804,1659.3877,-359.22064,1555.5936,1761.8171,422.77567
IMG_4953 copy 20.png,552.5854,1601.7732,-239.33087,543.5244,1574.2185,-281.78113,548.87537,1570.5128,-282.50775,553.8673,1566.6951,-282.20023,538.86255,1573.812,-231.07841,541.0475,1569.8573,-232.11902,543.0122,1566.0396,-232.5352,585.279,1539.4537,-376.96802,572.7597,1538.6808,-148.59248,593.7267,1603.715,-257.4134,591.2967,1604.6945,-196.68005,738.95715,1595.0548,-518.4673,654.53827,1491.3766,10.402333,681.93085,1773.7374,-676.49347,474.24792,1539.0492,56.66841,605.15106,1954.492,-730.3408,281.56207,1590.0161,-74.172325,562.9708,1987.9362,-813.54126,223.91202,1583.8506,-130.56812,546.3431,1968.1517,-815.66583,219.45853,1586.546,-161.78355,566.64374,1959.0188,-731.2812,238.5304,1590.936,-101.06893,1160.152,1553.5609,-189.67928,1117.4259,1531.0168,189.57541,1469.5736,1589.4829,-91.37029,1169.0182,1786.5449,272.5461,1817.1647,1531.6699,-130.3746,1427.358,1700.6074,469.82675,1868.8373,1481.5454,-142.64935,1461.2335,1642.0475,487.24374,1949.0804,1659.3877,-359.22064,1555.5936,1761.8171,422.77567
IMG_4953 copy 21.png,552.5854,1601.7732,-239.33087,543.5244,1574.2185,-281.78113,548.87537,1570.5128,-282.50775,553.8673,1566.6951,-282.20023,538.86255,1573.812,-231.07841,541.0475,1569.8573,-232.11902,543.0122,1566.0396,-232.5352,585.279,1539.4537,-376.96802,572.7597,1538.6808,-148.59248,593.7267,1603.715,-257.4134,591.2967,1604.6945,-196.68005,738.95715,1595.0548,-518.4673,654.53827,1491.3766,10.402333,681.93085,1773.7374,-676.49347,474.24792,1539.0492,56.66841,605.15106,1954.492,-730.3408,281.56207,1590.0161,-74.172325,562.9708,1987.9362,-813.54126,223.91202,1583.8506,-130.56812,546.3431,1968.1517,-815.66583,219.45853,1586.546,-161.78355,566.64374,1959.0188,-731.2812,238.5304,1590.936,-101.06893,1160.152,1553.5609,-189.67928,1117.4259,1531.0168,189.57541,1469.5736,1589.4829,-91.37029,1169.0182,1786.5449,272.5461,1817.1647,1531.6699,-130.3746,1427.358,1700.6074,469.82675,1868.8373,1481.5454,-142.64935,1461.2335,1642.0475,487.24374,1949.0804,1659.3877,-359.22064,1555.5936,1761.8171,422.77567
IMG_4953 copy 22.png,552.5854,1601.7732,-239.33087,543.5244,1574.2185,-281.78113,548.87537,1570.5128,-282.50775,553.8673,1566.6951,-282.20023,538.86255,1573.812,-231.07841,541.0475,1569.8573,-232.11902,543.0122,1566.0396,-232.5352,585.279,1539.4537,-376.96802,572.7597,1538.6808,-148.59248,593.7267,1603.715,-257.4134,591.2967,1604.6945,-196.68005,738.95715,1595.0548,-518.4673,654.53827,1491.3766,10.402333,681.93085,1773.7374,-676.49347,474.24792,1539.0492,56.66841,605.15106,1954.492,-730.3408,281.56207,1590.0161,-74.172325,562.9708,1987.9362,-813.54126,223.91202,1583.8506,-130.56812,546.3431,1968.1517,-815.66583,219.45853,1586.546,-161.78355,566.64374,1959.0188,-731.2812,238.5304,1590.936,-101.06893,1160.152,1553.5609,-189.67928,1117.4259,1531.0168,189.57541,1469.5736,1589.4829,-91.37029,1169.0182,1786.5449,272.5461,1817.1647,1531.6699,-130.3746,1427.358,1700.6074,469.82675,1868.8373,1481.5454,-142.64935,1461.2335,1642.0475,487.24374,1949.0804,1659.3877,-359.22064,1555.5936,1761.8171,422.77567
IMG_4953 copy 3.png,552.5854,1601.7732,-239.33087,543.5244,1574.2185,-281.78113,548.87537,1570.5128,-282.50775,553.8673,1566.6951,-282.20023,538.86255,1573.812,-231.07841,541.0475,1569.8573,-232.11902,543.0122,1566.0396,-232.5352,585.279,1539.4537,-376.96802,572.7597,1538.6808,-148.59248,593.7267,1603.715,-257.4134,591.2967,1604.6945,-196.68005,738.95715,1595.0548,-518.4673,654.53827,1491.3766,10.402333,681.93085,1773.7374,-676.49347,474.24792,1539.0492,56.66841,605.15106,1954.492,-730.3408,281.56207,1590.0161,-74.172325,562.9708,1987.9362,-813.54126,223.91202,1583.8506,-130.56812,546.3431,1968.1517,-815.66583,219.45853,1586.546,-161.78355,566.64374,1959.0188,-731.2812,238.5304,1590.936,-101.06893,1160.152,1553.5609,-189.67928,1117.4259,1531.0168,189.57541,1469.5736,1589.4829,-91.37029,1169.0182,1786.5449,272.5461,1817.1647,1531.6699,-130.3746,1427.358,1700.6074,469.82675,1868.8373,1481.5454,-142.64935,1461.2335,1642.0475,487.24374,1949.0804,1659.3877,-359.22064,1555.5936,1761.8171,422.77567
IMG_4953 copy 4.png,552.5854,1601.7732,-239.33087,543.5244,1574.2185,-281.78113,548.87537,1570.5128,-282.50775,553.8673,1566.6951,-282.20023,538.86255,1573.812,-231.07841,541.0475,1569.8573,-232.11902,543.0122,1566.0396,-232.5352,585.279,1539.4537,-376.96802,572.7597,1538.6808,-148.59248,593.7267,1603.715,-257.4134,591.2967,1604.6945,-196.68005,738.95715,1595.0548,-518.4673,654.53827,1491.3766,10.402333,681.93085,1773.7374,-676.49347,474.24792,1539.0492,56.66841,605.15106,1954.492,-730.3408,281.56207,1590.0161,-74.172325,562.9708,1987.9362,-813.54126,223.91202,1583.8506,-130.56812,546.3431,1968.1517,-815.66583,219.45853,1586.546,-161.78355,566.64374,1959.0188,-731.2812,238.5304,1590.936,-101.06893,1160.152,1553.5609,-189.67928,1117.4259,1531.0168,189.57541,1469.5736,1589.4829,-91.37029,1169.0182,1786.5449,272.5461,1817.1647,1531.6699,-130.3746,1427.358,1700.6074,469.82675,1868.8373,1481.5454,-142.64935,1461.2335,1642.0475,487.24374,1949.0804,1659.3877,-359.22064,1555.5936,1761.8171,422.77567
IMG_4953 copy 5.png,552.5854,1601.7732,-239.33087,543.5244,1574.2185,-281.78113,548.87537,1570.5128,-282.50775,553.8673,1566.6951,-282.20023,538.86255,1573.812,-231.07841,541.0475,1569.8573,-232.11902,543.0122,1566.0396,-232.5352,585.279,1539.4537,-376.96802,572.7597,1538.6808,-148.59248,593.7267,1603.715,-257.4134,591.2967,1604.6945,-196.68005,738.95715,1595.0548,-518.4673,654.53827,1491.3766,10.402333,681.93085,1773.7374,-676.49347,474.24792,1539.0492,56.66841,605.15106,1954.492,-730.3408,281.56207,1590.0161,-74.172325,562.9708,1987.9362,-813.54126,223.91202,1583.8506,-130.56812,546.3431,1968.1517,-815.66583,219.45853,1586.546,-161.78355,566.64374,1959.0188,-731.2812,238.5304,1590.936,-101.06893,1160.152,1553.5609,-189.67928,1117.4259,1531.0168,189.57541,1469.5736,1589.4829,-91.37029,1169.0182,1786.5449,272.5461,1817.1647,1531.6699,-130.3746,1427.358,1700.6074,469.82675,1868.8373,1481.5454,-142.64935,1461.2335,1642.0475,487.24374,1949.0804,1659.3877,-359.22064,1555.5936,1761.8171,422.77567
IMG_4953 copy 6.png,552.5854,1601.7732,-239.33087,543.5244,1574.2185,-281.78113,548.87537,1570.5128,-282.50775,553.8673,1566.6951,-282.20023,538.86255,1573.812,-231.07841,541.0475,1569.8573,-232.11902,543.0122,1566.0396,-232.5352,585.279,1539.4537,-376.96802,572.7597,1538.6808,-148.59248,593.7267,1603.715,-257.4134,591.2967,1604.6945,-196.68005,738.95715,1595.0548,-518.4673,654.53827,1491.3766,10.402333,681.93085,1773.7374,-676.49347,474.24792,1539.0492,56.66841,605.15106,1954.492,-730.3408,281.56207,1590.0161,-74.172325,562.9708,1987.9362,-813.54126,223.91202,1583.8506,-130.56812,546.3431,1968.1517,-815.66583,219.45853,1586.546,-161.78355,566.64374,1959.0188,-731.2812,238.5304,1590.936,-101.06893,1160.152,1553.5609,-189.67928,1117.4259,1531.0168,189.57541,1469.5736,1589.4829,-91.37029,1169.0182,1786.5449,272.5461,1817.1647,1531.6699,-130.3746,1427.358,1700.6074,469.82675,1868.8373,1481.5454,-142.64935,1461.2335,1642.0475,487.24374,1949.0804,1659.3877,-359.22064,1555.5936,1761.8171,422.77567
IMG_4953 copy 7.png,552.5854,1601.7732,-239.33087,543.5244,1574.2185,-281.78113,548.87537,1570.5128,-282.50775,553.8673,1566.6951,-282.20023,538.86255,1573.812,-231.07841,541.0475,1569.8573,-232.11902,543.0122,1566.0396,-232.5352,585.279,1539.4537,-376.96802,572.7597,1538.6808,-148.59248,593.7267,1603.715,-257.4134,591.2967,1604.6945,-196.68005,738.95715,1595.0548,-518.4673,654.53827,1491.3766,10.402333,681.93085,1773.7374,-676.49347,474.24792,1539.0492,56.66841,605.15106,1954.492,-730.3408,281.56207,1590.0161,-74.172325,562.9708,1987.9362,-813.54126,223.91202,1583.8506,-130.56812,546.3431,1968.1517,-815.66583,219.45853,1586.546,-161.78355,566.64374,1959.0188,-731.2812,238.5304,1590.936,-101.06893,1160.152,1553.5609,-189.67928,1117.4259,1531.0168,189.57541,1469.5736,1589.4829,-91.37029,1169.0182,1786.5449,272.5461,1817.1647,1531.6699,-130.3746,1427.358,1700.6074,469.82675,1868.8373,1481.5454,-142.64935,1461.2335,1642.0475,487.24374,1949.0804,1659.3877,-359.22064,1555.5936,1761.8171,422.77567
IMG_4953 copy 8.png,552.5854,1601.7732,-239.33087,543.5244,1574.2185,-281.78113,548.87537,1570.5128,-282.50775,553.8673,1566.6951,-282.20023,538.86255,1573.812,-231.07841,541.0475,1569.8573,-232.11902,543.0122,1566.0396,-232.5352,585.279,1539.4537,-376.96802,572.7597,1538.6808,-148.59248,593.7267,1603.715,-257.4134,591.2967,1604.6945,-196.68005,738.95715,1595.0548,-518.4673,654.53827,1491.3766,10.402333,681.93085,1773.7374,-676.49347,474.24792,1539.0492,56.66841,605.15106,1954.492,-730.3408,281.56207,1590.0161,-74.172325,562.9708,1987.9362,-813.54126,223.91202,1583.8506,-130.56812,546.3431,1968.1517,-815.66583,219.45853,1586.546,-161.78355,566.64374,1959.0188,-731.2812,238.5304,1590.936,-101.06893,1160.152,1553.5609,-189.67928,1117.4259,1531.0168,189.57541,1469.5736,1589.4829,-91.37029,1169.0182,1786.5449,272.5461,1817.1647,1531.6699,-130.3746,1427.358,1700.6074,469.82675,1868.8373,1481.5454,-142.64935,1461.2335,1642.0475,487.24374,1949.0804,1659.3877,-359.22064,1555.5936,1761.8171,422.77567
IMG_4953 copy 9.png,552.5854,1601.7732,-239.33087,543.5244,1574.2185,-281.78113,548.87537,1570.5128,-282.50775,553.8673,1566.6951,-282.20023,538.86255,1573.812,-231.07841,541.0475,1569.8573,-232.11902,543.0122,1566.0396,-232.5352,585.279,1539.4537,-376.96802,572.7597,1538.6808,-148.59248,593.7267,1603.715,-257.4134,591.2967,1604.6945,-196.68005,738.95715,1595.0548,-518.4673,654.53827,1491.3766,10.402333,681.93085,1773.7374,-676.49347,474.24792,1539.0492,56.66841,605.15106,1954.492,-730.3408,281.56207,1590.0161,-74.172325,562.9708,1987.9362,-813.54126,223.91202,1583.8506,-130.56812,546.3431,1968.1517,-815.66583,219.45853,1586.546,-161.78355,566.64374,1959.0188,-731.2812,238.5304,1590.936,-101.06893,1160.152,1553.5609,-189.67928,1117.4259,1531.0168,189.57541,1469.5736,1589.4829,-91.37029,1169.0182,1786.5449,272.5461,1817.1647,1531.6699,-130.3746,1427.358,1700.6074,469.82675,1868.8373,1481.5454,-142.64935,1461.2335,1642.0475,487.24374,1949.0804,1659.3877,-359.22064,1555.5936,1761.8171,422.77567
IMG_4953 copy.png,552.5854,1601.7732,-239.33087,543.5244,1574.2185,-281.78113,548.87537,1570.5128,-282.50775,553.8673,1566.6951,-282.20023,538.86255,1573.812,-231.07841,541.0475,1569.8573,-232.11902,543.0122,1566.0396,-232.5352,585.279,1539.4537,-376.96802,572.7597,1538.6808,-148.59248,593.7267,1603.715,-257.4134,591.2967,1604.6945,-196.68005,738.95715,1595.0548,-518.4673,654.53827,1491.3766,10.402333,681.93085,1773.7374,-676.49347,474.24792,1539.0492,56.66841,605.15106,1954.492,-730.3408,281.56207,1590.0161,-74.172325,562.9708,1987.9362,-813.54126,223.91202,1583.8506,-130.56812,546.3431,1968.1517,-815.66583,219.45853,1586.546,-161.78355,566.64374,1959.0188,-731.2812,238.5304,1590.936,-101.06893,1160.152,1553.5609,-189.67928,1117.4259,1531.0168,189.57541,1469.5736,1589.4829,-91.37029,1169.0182,1786.5449,272.5461,1817.1647,1531.6699,-130.3746,1427.358,1700.6074,469.82675,1868.8373,1481.5454,-142.64935,1461.2335,1642.0475,487.24374,1949.0804,1659.3877,-359.22064,1555.5936,1761.8171,422.77567
IMG_4953.png,552.5854,1601.7732,-239.33087,543.5244,1574.2185,-281.78113,548.87537,1570.5128,-282.50775,553.8673,1566.6951,-282.20023,538.86255,1573.812,-231.07841,541.0475,1569.8573,-232.11902,543.0122,1566.0396,-232.5352,585.279,1539.4537,-376.96802,572.7597,1538.6808,-148.59248,593.7267,1603.715,-257.4134,591.2967,1604.6945,-196.68005,738.95715,1595.0548,-518.4673,654.53827,1491.3766,10.402333,681.93085,1773.7374,-676.49347,474.24792,1539.0492,56.66841,605.15106,1954.492,-730.3408,281.56207,1590.0161,-74.172325,562.9708,1987.9362,-813.54126,223.91202,1583.8506,-130.56812,546.3431,1968.1517,-815.66583,219.45853,1586.546,-161.78355,566.64374,1959.0188,-731.2812,238.5304,1590.936,-101.06893,1160.152,1553.5609,-189.67928,1117.4259,1531.0168,189.57541,1469.5736,1589.4829,-91.37029,1169.0182,1786.5449,272.5461,1817.1647,1531.6699,-130.3746,1427.358,1700.6074,469.82675,1868.8373,1481.5454,-142.64935,1461.2335,1642.0475,487.24374,1949.0804,1659.3877,-359.22064,1555.5936,1761.8171,422.77567
IMG_4954.JPG,704.29285,1958.1399,-1688.626,705.98193,1946.5775,-1824.8665,717.38214,1938.0681,-1826.239,729.8808,1927.7407,-1825.8918,673.95996,1956.8674,-1761.9847,661.2532,1955.3315,-1763.5543,646.9679,1953.5508,-1764.3926,764.76263,1869.0017,-2059.1436,616.67926,1895.2137,-1776.786,731.1064,1922.1559,-1719.7996,698.236,1928.1798,-1644.7274,955.09094,1713.7161,-1916.1936,505.3464,1700.1134,-1523.6072,976.9362,1948.804,-2088.3318,298.38943,1997.2983,-1713.9307,1002.0872,2268.3076,-2328.2507,64.079506,2286.3054,-2268.4077,1029.7104,2339.1597,-2574.5322,13.482992,2326.4575,-2532.068,967.7066,2328.3115,-2630.705,54.91458,2362.3572,-2561.778,960.4919,2306.5513,-2368.9392,78.07935,2349.6323,-2314.1792,1043.8419,1391.6538,-172.7246,830.31366,1418.0684,171.58356,1236.1934,1189.1847,1047.428,835.8193,1605.2433,1465.8993,1361.6743,978.4155,2307.9482,940.297,1610.6906,2927.424,1383.8241,904.93225,2416.3745,969.7865,1586.9869,3072.5312,1450.2559,1035.0492,2118.6199,943.3689,1711.057,2985.625
IMG_4955.JPG,658.5794,1672.8253,-1587.045,653.1403,1640.7795,-1654.3516,663.9575,1634.2435,-1655.4554,674.9445,1628.1477,-1654.923,634.382,1642.0172,-1585.7639,630.8529,1637.573,-1587.1808,627.22144,1633.9076,-1587.877,727.76215,1576.4331,-1690.0067,650.60126,1590.9968,-1384.2943,701.40045,1664.2755,-1563.3438,685.5061,1670.5487,-1481.3417,934.8041,1547.89,-1603.7058,638.8101,1503.1614,-1059.7594,913.6614,1764.521,-1800.6536,427.94315,1656.9379,-990.92834,871.4536,2036.1298,-2006.7972,192.2231,1836.6978,-1183.561,865.50037,2100.0981,-2196.6362,122.16881,1844.9996,-1318.7684,816.79065,2082.1074,-2227.222,125.04347,1861.3828,-1366.5542,820.6242,2061.3352,-2030.1078,163.78049,1865.5303,-1221.9467,1144.4369,1350.6335,-192.03914,1004.7146,1354.2368,191.68164,1412.6445,1228.1099,642.5896,1040.8395,1709.6288,427.06668,1640.7853,1057.6664,1416.8623,1203.5775,1451.4515,1244.642,1671.7776,993.8262,1486.13,1223.5007,1402.2505,1337.2563,1734.7322,1138.1453,1342.6796,1283.5898,1528.1516,1363.4575
IMG_4956.JPG,1558.8667,1500.2091,-262.2671,1571.6459,1478.8184,-243.47987,1570.6763,1471.8777,-244.4701,1569.8412,1464.3175,-244.34099,1566.1394,1481.8479,-352.346,1561.7885,1477.9963,-353.2889,1558.1454,1474.0164,-353.62607,1540.82,1422.5669,-108.417,1530.2123,1436.8228,-608.51385,1530.8333,1492.1725,-189.96297,1527.9657,1494.94,-340.48975,1427.3274,1328.6248,186.7168,1406.1284,1479.0824,-759.4114,1418.8967,1543.0079,493.36096,1552.423,1619.6127,-1098.3921,1444.0919,1723.1465,453.80008,1770.7299,1767.103,-1196.635,1491.4567,1764.4253,473.46646,1833.6031,1791.5999,-1353.881,1491.0126,1764.6527,361.3833,1842.4417,1775.1044,-1286.6368,1467.4801,1753.2711,406.5278,1823.4606,1769.0671,-1185.5542,980.4819,1259.8899,289.05023,928.6831,1394.4407,-289.72217,803.09705,1114.3264,1134.0151,937.50024,1683.2869,-13.711468,621.8776,922.2686,1772.155,693.93884,1524.4618,746.66656,605.9866,877.22473,1832.5118,680.1655,1458.0438,831.01373,539.17596,949.7424,1885.5221,606.94727,1549.1316,935.3286
IMG_4957.JPG,1649.4454,1773.8518,-1222.9323,1673.274,1728.4857,-1207.5282,1676.4318,1720.9863,-1208.8632,1679.3231,1715.233,-1208.5873,1658.0797,1726.9071,-1324.4789,1649.0984,1718.1912,-1325.6903,1639.1775,1710.5492,-1326.1116,1642.0706,1666.218,-975.04803,1592.3326,1659.6638,-1507.1062,1618.1996,1765.3369,-1098.6566,1603.4102,1763.9326,-1261.1017,1555.2157,1555.8379,-567.36346,1368.213,1666.4781,-1512.0475,1657.0747,1826.8007,-433.47833,1569.724,1906.1793,-1929.7429,1784.3147,2035.4236,-764.0905,1792.3373,2130.6282,-2174.1367,1837.9685,2076.1604,-850.6253,1868.3175,2189.833,-2438.4424,1851.0479,2106.4656,-976.06226,1888.7819,2166.1382,-2385.5576,1823.475,2096.1672,-827.0833,1857.6664,2146.6274,-2183.7026,991.35364,1459.118,336.74344,890.20056,1555.5619,-337.07275,894.6709,1408.0515,1777.5137,838.1756,1853.9609,350.82147,766.55664,1245.7605,3052.2473,589.71954,1704.3748,1431.9816,725.91766,1203.0054,3170.8826,568.27075,1644.3931,1541.1522,788.1536,1323.2656,3203.4922,532.74475,1684.3479,1488.7213
IMG_4958 copy 10.png,1418.8702,1637.3827,166.1005,1438.8486,1611.9082,180.90367,1438.242,1605.4454,180.07033,1437.4836,1599.1187,180.27994,1439.8035,1617.5465,102.61545,1439.9513,1615.5374,101.77306,1440.1233,1613.6613,101.636375,1417.8605,1567.0587,284.4458,1422.0728,1586.4325,-69.327866,1395.8533,1630.2351,223.39468,1399.6721,1633.6313,114.88264,1244.0002,1533.0858,453.2746,1326.3381,1602.0569,-180.86354,1252.2039,1728.8784,515.4775,1533.2268,1683.6326,-424.96744,1273.3488,1867.2236,342.25873,1717.328,1724.3939,-467.9878,1313.8544,1875.069,345.34055,1766.1654,1724.164,-568.67065,1317.2913,1875.8914,253.69652,1772.9147,1713.6704,-490.02863,1297.3737,1875.9967,301.16446,1756.1216,1714.2035,-449.91293,881.1404,1576.3513,189.81226,897.54407,1661.6125,-190.55914,557.31946,1551.637,269.23764,874.3257,1940.8809,-38.94121,259.6199,1473.0566,237.27057,577.5566,1888.7197,88.73079,215.50323,1422.9752,229.87187,541.8656,1844.2964,107.401276,147.25455,1550.9075,158.46684,480.22372,1965.7689,146.7333
IMG_4958 copy 11.png,1418.8702,1637.3827,166.1005,1438.8486,1611.9082,180.90367,1438.242,1605.4454,180.07033,1437.4836,1599.1187,180.27994,1439.8035,1617.5465,102.61545,1439.9513,1615.5374,101.77306,1440.1233,1613.6613,101.636375,1417.8605,1567.0587,284.4458,1422.0728,1586.4325,-69.327866,1395.8533,1630.2351,223.39468,1399.6721,1633.6313,114.88264,1244.0002,1533.0858,453.2746,1326.3381,1602.0569,-180.86354,1252.2039,1728.8784,515.4775,1533.2268,1683.6326,-424.96744,1273.3488,1867.2236,342.25873,1717.328,1724.3939,-467.9878,1313.8544,1875.069,345.34055,1766.1654,1724.164,-568.67065,1317.2913,1875.8914,253.69652,1772.9147,1713.6704,-490.02863,1297.3737,1875.9967,301.16446,1756.1216,1714.2035,-449.91293,881.1404,1576.3513,189.81226,897.54407,1661.6125,-190.55914,557.31946,1551.637,269.23764,874.3257,1940.8809,-38.94121,259.6199,1473.0566,237.27057,577.5566,1888.7197,88.73079,215.50323,1422.9752,229.87187,541.8656,1844.2964,107.401276,147.25455,1550.9075,158.46684,480.22372,1965.7689,146.7333
IMG_4958 copy 12.png,1418.8702,1637.3827,166.1005,1438.8486,1611.9082,180.90367,1438.242,1605.4454,180.07033,1437.4836,1599.1187,180.27994,1439.8035,1617.5465,102.61545,1439.9513,1615.5374,101.77306,1440.1233,1613.6613,101.636375,1417.8605,1567.0587,284.4458,1422.0728,1586.4325,-69.327866,1395.8533,1630.2351,223.39468,1399.6721,1633.6313,114.88264,1244.0002,1533.0858,453.2746,1326.3381,1602.0569,-180.86354,1252.2039,1728.8784,515.4775,1533.2268,1683.6326,-424.96744,1273.3488,1867.2236,342.25873,1717.328,1724.3939,-467.9878,1313.8544,1875.069,345.34055,1766.1654,1724.164,-568.67065,1317.2913,1875.8914,253.69652,1772.9147,1713.6704,-490.02863,1297.3737,1875.9967,301.16446,1756.1216,1714.2035,-449.91293,881.1404,1576.3513,189.81226,897.54407,1661.6125,-190.55914,557.31946,1551.637,269.23764,874.3257,1940.8809,-38.94121,259.6199,1473.0566,237.27057,577.5566,1888.7197,88.73079,215.50323,1422.9752,229.87187,541.8656,1844.2964,107.401276,147.25455,1550.9075,158.46684,480.22372,1965.7689,146.7333
IMG_4958 copy 13.png,1418.8702,1637.3827,166.1005,1438.8486,1611.9082,180.90367,1438.242,1605.4454,180.07033,1437.4836,1599.1187,180.27994,1439.8035,1617.5465,102.61545,1439.9513,1615.5374,101.77306,1440.1233,1613.6613,101.636375,1417.8605,1567.0587,284.4458,1422.0728,1586.4325,-69.327866,1395.8533,1630.2351,223.39468,1399.6721,1633.6313,114.88264,1244.0002,1533.0858,453.2746,1326.3381,1602.0569,-180.86354,1252.2039,1728.8784,515.4775,1533.2268,1683.6326,-424.96744,1273.3488,1867.2236,342.25873,1717.328,1724.3939,-467.9878,1313.8544,1875.069,345.34055,1766.1654,1724.164,-568.67065,1317.2913,1875.8914,253.69652,1772.9147,1713.6704,-490.02863,1297.3737,1875.9967,301.16446,1756.1216,1714.2035,-449.91293,881.1404,1576.3513,189.81226,897.54407,1661.6125,-190.55914,557.31946,1551.637,269.23764,874.3257,1940.8809,-38.94121,259.6199,1473.0566,237.27057,577.5566,1888.7197,88.73079,215.50323,1422.9752,229.87187,541.8656,1844.2964,107.401276,147.25455,1550.9075,158.46684,480.22372,1965.7689,146.7333
IMG_4958 copy 14.png,1418.8702,1637.3827,166.1005,1438.8486,1611.9082,180.90367,1438.242,1605.4454,180.07033,1437.4836,1599.1187,180.27994,1439.8035,1617.5465,102.61545,1439.9513,1615.5374,101.77306,1440.1233,1613.6613,101.636375,1417.8605,1567.0587,284.4458,1422.0728,1586.4325,-69.327866,1395.8533,1630.2351,223.39468,1399.6721,1633.6313,114.88264,1244.0002,1533.0858,453.2746,1326.3381,1602.0569,-180.86354,1252.2039,1728.8784,515.4775,1533.2268,1683.6326,-424.96744,1273.3488,1867.2236,342.25873,1717.328,1724.3939,-467.9878,1313.8544,1875.069,345.34055,1766.1654,1724.164,-568.67065,1317.2913,1875.8914,253.69652,1772.9147,1713.6704,-490.02863,1297.3737,1875.9967,301.16446,1756.1216,1714.2035,-449.91293,881.1404,1576.3513,189.81226,897.54407,1661.6125,-190.55914,557.31946,1551.637,269.23764,874.3257,1940.8809,-38.94121,259.6199,1473.0566,237.27057,577.5566,1888.7197,88.73079,215.50323,1422.9752,229.87187,541.8656,1844.2964,107.401276,147.25455,1550.9075,158.46684,480.22372,1965.7689,146.7333
IMG_4958 copy 15.png,1418.8702,1637.3827,166.1005,1438.8486,1611.9082,180.90367,1438.242,1605.4454,180.07033,1437.4836,1599.1187,180.27994,1439.8035,1617.5465,102.61545,1439.9513,1615.5374,101.77306,1440.1233,1613.6613,101.636375,1417.8605,1567.0587,284.4458,1422.0728,1586.4325,-69.327866,1395.8533,1630.2351,223.39468,1399.6721,1633.6313,114.88264,1244.0002,1533.0858,453.2746,1326.3381,1602.0569,-180.86354,1252.2039,1728.8784,515.4775,1533.2268,1683.6326,-424.96744,1273.3488,1867.2236,342.25873,1717.328,1724.3939,-467.9878,1313.8544,1875.069,345.34055,1766.1654,1724.164,-568.67065,1317.2913,1875.8914,253.69652,1772.9147,1713.6704,-490.02863,1297.3737,1875.9967,301.16446,1756.1216,1714.2035,-449.91293,881.1404,1576.3513,189.81226,897.54407,1661.6125,-190.55914,557.31946,1551.637,269.23764,874.3257,1940.8809,-38.94121,259.6199,1473.0566,237.27057,577.5566,1888.7197,88.73079,215.50323,1422.9752,229.87187,541.8656,1844.2964,107.401276,147.25455,1550.9075,158.46684,480.22372,1965.7689,146.7333
IMG_4958 copy 16.png,1418.8702,1637.3827,166.1005,1438.8486,1611.9082,180.90367,1438.242,1605.4454,180.07033,1437.4836,1599.1187,180.27994,1439.8035,1617.5465,102.61545,1439.9513,1615.5374,101.77306,1440.1233,1613.6613,101.636375,1417.8605,1567.0587,284.4458,1422.0728,1586.4325,-69.327866,1395.8533,1630.2351,223.39468,1399.6721,1633.6313,114.88264,1244.0002,1533.0858,453.2746,1326.3381,1602.0569,-180.86354,1252.2039,1728.8784,515.4775,1533.2268,1683.6326,-424.96744,1273.3488,1867.2236,342.25873,1717.328,1724.3939,-467.9878,1313.8544,1875.069,345.34055,1766.1654,1724.164,-568.67065,1317.2913,1875.8914,253.69652,1772.9147,1713.6704,-490.02863,1297.3737,1875.9967,301.16446,1756.1216,1714.2035,-449.91293,881.1404,1576.3513,189.81226,897.54407,1661.6125,-190.55914,557.31946,1551.637,269.23764,874.3257,1940.8809,-38.94121,259.6199,1473.0566,237.27057,577.5566,1888.7197,88.73079,215.50323,1422.9752,229.87187,541.8656,1844.2964,107.401276,147.25455,1550.9075,158.46684,480.22372,1965.7689,146.7333
IMG_4958 copy 17.png,1418.8702,1637.3827,166.1005,1438.8486,1611.9082,180.90367,1438.242,1605.4454,180.07033,1437.4836,1599.1187,180.27994,1439.8035,1617.5465,102.61545,1439.9513,1615.5374,101.77306,1440.1233,1613.6613,101.636375,1417.8605,1567.0587,284.4458,1422.0728,1586.4325,-69.327866,1395.8533,1630.2351,223.39468,1399.6721,1633.6313,114.88264,1244.0002,1533.0858,453.2746,1326.3381,1602.0569,-180.86354,1252.2039,1728.8784,515.4775,1533.2268,1683.6326,-424.96744,1273.3488,1867.2236,342.25873,1717.328,1724.3939,-467.9878,1313.8544,1875.069,345.34055,1766.1654,1724.164,-568.67065,1317.2913,1875.8914,253.69652,1772.9147,1713.6704,-490.02863,1297.3737,1875.9967,301.16446,1756.1216,1714.2035,-449.91293,881.1404,1576.3513,189.81226,897.54407,1661.6125,-190.55914,557.31946,1551.637,269.23764,874.3257,1940.8809,-38.94121,259.6199,1473.0566,237.27057,577.5566,1888.7197,88.73079,215.50323,1422.9752,229.87187,541.8656,1844.2964,107.401276,147.25455,1550.9075,158.46684,480.22372,1965.7689,146.7333
IMG_4958 copy 18.png,1418.8702,1637.3827,166.1005,1438.8486,1611.9082,180.90367,1438.242,1605.4454,180.07033,1437.4836,1599.1187,180.27994,1439.8035,1617.5465,102.61545,1439.9513,1615.5374,101.77306,1440.1233,1613.6613,101.636375,1417.8605,1567.0587,284.4458,1422.0728,1586.4325,-69.327866,1395.8533,1630.2351,223.39468,1399.6721,1633.6313,114.88264,1244.0002,1533.0858,453.2746,1326.3381,1602.0569,-180.86354,1252.2039,1728.8784,515.4775,1533.2268,1683.6326,-424.96744,1273.3488,1867.2236,342.25873,1717.328,1724.3939,-467.9878,1313.8544,1875.069,345.34055,1766.1654,1724.164,-568.67065,1317.2913,1875.8914,253.69652,1772.9147,1713.6704,-490.02863,1297.3737,1875.9967,301.16446,1756.1216,1714.2035,-449.91293,881.1404,1576.3513,189.81226,897.54407,1661.6125,-190.55914,557.31946,1551.637,269.23764,874.3257,1940.8809,-38.94121,259.6199,1473.0566,237.27057,577.5566,1888.7197,88.73079,215.50323,1422.9752,229.87187,541.8656,1844.2964,107.401276,147.25455,1550.9075,158.46684,480.22372,1965.7689,146.7333
IMG_4958 copy 19.png,1418.8702,1637.3827,166.1005,1438.8486,1611.9082,180.90367,1438.242,1605.4454,180.07033,1437.4836,1599.1187,180.27994,1439.8035,1617.5465,102.61545,1439.9513,1615.5374,101.77306,1440.1233,1613.6613,101.636375,1417.8605,1567.0587,284.4458,1422.0728,1586.4325,-69.327866,1395.8533,1630.2351,223.39468,1399.6721,1633.6313,114.88264,1244.0002,1533.0858,453.2746,1326.3381,1602.0569,-180.86354,1252.2039,1728.8784,515.4775,1533.2268,1683.6326,-424.96744,1273.3488,1867.2236,342.25873,1717.328,1724.3939,-467.9878,1313.8544,1875.069,345.34055,1766.1654,1724.164,-568.67065,1317.2913,1875.8914,253.69652,1772.9147,1713.6704,-490.02863,1297.3737,1875.9967,301.16446,1756.1216,1714.2035,-449.91293,881.1404,1576.3513,189.81226,897.54407,1661.6125,-190.55914,557.31946,1551.637,269.23764,874.3257,1940.8809,-38.94121,259.6199,1473.0566,237.27057,577.5566,1888.7197,88.73079,215.50323,1422.9752,229.87187,541.8656,1844.2964,107.401276,147.25455,1550.9075,158.46684,480.22372,1965.7689,146.7333
IMG_4958 copy 2.png,1418.8702,1637.3827,166.1005,1438.8486,1611.9082,180.90367,1438.242,1605.4454,180.07033,1437.4836,1599.1187,180.27994,1439.8035,1617.5465,102.61545,1439.9513,1615.5374,101.77306,1440.1233,1613.6613,101.636375,1417.8605,1567.0587,284.4458,1422.0728,1586.4325,-69.327866,1395.8533,1630.2351,223.39468,1399.6721,1633.6313,114.88264,1244.0002,1533.0858,453.2746,1326.3381,1602.0569,-180.86354,1252.2039,1728.8784,515.4775,1533.2268,1683.6326,-424.96744,1273.3488,1867.2236,342.25873,1717.328,1724.3939,-467.9878,1313.8544,1875.069,345.34055,1766.1654,1724.164,-568.67065,1317.2913,1875.8914,253.69652,1772.9147,1713.6704,-490.02863,1297.3737,1875.9967,301.16446,1756.1216,1714.2035,-449.91293,881.1404,1576.3513,189.81226,897.54407,1661.6125,-190.55914,557.31946,1551.637,269.23764,874.3257,1940.8809,-38.94121,259.6199,1473.0566,237.27057,577.5566,1888.7197,88.73079,215.50323,1422.9752,229.87187,541.8656,1844.2964,107.401276,147.25455,1550.9075,158.46684,480.22372,1965.7689,146.7333
IMG_4958 copy 20.png,1418.8702,1637.3827,166.1005,1438.8486,1611.9082,180.90367,1438.242,1605.4454,180.07033,1437.4836,1599.1187,180.27994,1439.8035,1617.5465,102.61545,1439.9513,1615.5374,101.77306,1440.1233,1613.6613,101.636375,1417.8605,1567.0587,284.4458,1422.0728,1586.4325,-69.327866,1395.8533,1630.2351,223.39468,1399.6721,1633.6313,114.88264,1244.0002,1533.0858,453.2746,1326.3381,1602.0569,-180.86354,1252.2039,1728.8784,515.4775,1533.2268,1683.6326,-424.96744,1273.3488,1867.2236,342.25873,1717.328,1724.3939,-467.9878,1313.8544,1875.069,345.34055,1766.1654,1724.164,-568.67065,1317.2913,1875.8914,253.69652,1772.9147,1713.6704,-490.02863,1297.3737,1875.9967,301.16446,1756.1216,1714.2035,-449.91293,881.1404,1576.3513,189.81226,897.54407,1661.6125,-190.55914,557.31946,1551.637,269.23764,874.3257,1940.8809,-38.94121,259.6199,1473.0566,237.27057,577.5566,1888.7197,88.73079,215.50323,1422.9752,229.87187,541.8656,1844.2964,107.401276,147.25455,1550.9075,158.46684,480.22372,1965.7689,146.7333
IMG_4958 copy 21.png,1418.8702,1637.3827,166.1005,1438.8486,1611.9082,180.90367,1438.242,1605.4454,180.07033,1437.4836,1599.1187,180.27994,1439.8035,1617.5465,102.61545,1439.9513,1615.5374,101.77306,1440.1233,1613.6613,101.636375,1417.8605,1567.0587,284.4458,1422.0728,1586.4325,-69.327866,1395.8533,1630.2351,223.39468,1399.6721,1633.6313,114.88264,1244.0002,1533.0858,453.2746,1326.3381,1602.0569,-180.86354,1252.2039,1728.8784,515.4775,1533.2268,1683.6326,-424.96744,1273.3488,1867.2236,342.25873,1717.328,1724.3939,-467.9878,1313.8544,1875.069,345.34055,1766.1654,1724.164,-568.67065,1317.2913,1875.8914,253.69652,1772.9147,1713.6704,-490.02863,1297.3737,1875.9967,301.16446,1756.1216,1714.2035,-449.91293,881.1404,1576.3513,189.81226,897.54407,1661.6125,-190.55914,557.31946,1551.637,269.23764,874.3257,1940.8809,-38.94121,259.6199,1473.0566,237.27057,577.5566,1888.7197,88.73079,215.50323,1422.9752,229.87187,541.8656,1844.2964,107.401276,147.25455,1550.9075,158.46684,480.22372,1965.7689,146.7333
IMG_4958 copy 22.png,1418.8702,1637.3827,166.1005,1438.8486,1611.9082,180.90367,1438.242,1605.4454,180.07033,1437.4836,1599.1187,180.27994,1439.8035,1617.5465,102.61545,1439.9513,1615.5374,101.77306,1440.1233,1613.6613,101.636375,1417.8605,1567.0587,284.4458,1422.0728,1586.4325,-69.327866,1395.8533,1630.2351,223.39468,1399.6721,1633.6313,114.88264,1244.0002,1533.0858,453.2746,1326.3381,1602.0569,-180.86354,1252.2039,1728.8784,515.4775,1533.2268,1683.6326,-424.96744,1273.3488,1867.2236,342.25873,1717.328,1724.3939,-467.9878,1313.8544,1875.069,345.34055,1766.1654,1724.164,-568.67065,1317.2913,1875.8914,253.69652,1772.9147,1713.6704,-490.02863,1297.3737,1875.9967,301.16446,1756.1216,1714.2035,-449.91293,881.1404,1576.3513,189.81226,897.54407,1661.6125,-190.55914,557.31946,1551.637,269.23764,874.3257,1940.8809,-38.94121,259.6199,1473.0566,237.27057,577.5566,1888.7197,88.73079,215.50323,1422.9752,229.87187,541.8656,1844.2964,107.401276,147.25455,1550.9075,158.46684,480.22372,1965.7689,146.7333
IMG_4958 copy 23.png,1418.8702,1637.3827,166.1005,1438.8486,1611.9082,180.90367,1438.242,1605.4454,180.07033,1437.4836,1599.1187,180.27994,1439.8035,1617.5465,102.61545,1439.9513,1615.5374,101.77306,1440.1233,1613.6613,101.636375,1417.8605,1567.0587,284.4458,1422.0728,1586.4325,-69.327866,1395.8533,1630.2351,223.39468,1399.6721,1633.6313,114.88264,1244.0002,1533.0858,453.2746,1326.3381,1602.0569,-180.86354,1252.2039,1728.8784,515.4775,1533.2268,1683.6326,-424.96744,1273.3488,1867.2236,342.25873,1717.328,1724.3939,-467.9878,1313.8544,1875.069,345.34055,1766.1654,1724.164,-568.67065,1317.2913,1875.8914,253.69652,1772.9147,1713.6704,-490.02863,1297.3737,1875.9967,301.16446,1756.1216,1714.2035,-449.91293,881.1404,1576.3513,189.81226,897.54407,1661.6125,-190.55914,557.31946,1551.637,269.23764,874.3257,1940.8809,-38.94121,259.6199,1473.0566,237.27057,577.5566,1888.7197,88.73079,215.50323,1422.9752,229.87187,541.8656,1844.2964,107.401276,147.25455,1550.9075,158.46684,480.22372,1965.7689,146.7333
IMG_4958 copy 24.png,1418.8702,1637.3827,166.1005,1438.8486,1611.9082,180.90367,1438.242,1605.4454,180.07033,1437.4836,1599.1187,180.27994,1439.8035,1617.5465,102.61545,1439.9513,1615.5374,101.77306,1440.1233,1613.6613,101.636375,1417.8605,1567.0587,284.4458,1422.0728,1586.4325,-69.327866,1395.8533,1630.2351,223.39468,1399.6721,1633.6313,114.88264,1244.0002,1533.0858,453.2746,1326.3381,1602.0569,-180.86354,1252.2039,1728.8784,515.4775,1533.2268,1683.6326,-424.96744,1273.3488,1867.2236,342.25873,1717.328,1724.3939,-467.9878,1313.8544,1875.069,345.34055,1766.1654,1724.164,-568.67065,1317.2913,1875.8914,253.69652,1772.9147,1713.6704,-490.02863,1297.3737,1875.9967,301.16446,1756.1216,1714.2035,-449.91293,881.1404,1576.3513,189.81226,897.54407,1661.6125,-190.55914,557.31946,1551.637,269.23764,874.3257,1940.8809,-38.94121,259.6199,1473.0566,237.27057,577.5566,1888.7197,88.73079,215.50323,1422.9752,229.87187,541.8656,1844.2964,107.401276,147.25455,1550.9075,158.46684,480.22372,1965.7689,146.7333
IMG_4958 copy 25.png,1418.8702,1637.3827,166.1005,1438.8486,1611.9082,180.90367,1438.242,1605.4454,180.07033,1437.4836,1599.1187,180.27994,1439.8035,1617.5465,102.61545,1439.9513,1615.5374,101.77306,1440.1233,1613.6613,101.636375,1417.8605,1567.0587,284.4458,1422.0728,1586.4325,-69.327866,1395.8533,1630.2351,223.39468,1399.6721,1633.6313,114.88264,1244.0002,1533.0858,453.2746,1326.3381,1602.0569,-180.86354,1252.2039,1728.8784,515.4775,1533.2268,1683.6326,-424.96744,1273.3488,1867.2236,342.25873,1717.328,1724.3939,-467.9878,1313.8544,1875.069,345.34055,1766.1654,1724.164,-568.67065,1317.2913,1875.8914,253.69652,1772.9147,1713.6704,-490.02863,1297.3737,1875.9967,301.16446,1756.1216,1714.2035,-449.91293,881.1404,1576.3513,189.81226,897.54407,1661.6125,-190.55914,557.31946,1551.637,269.23764,874.3257,1940.8809,-38.94121,259.6199,1473.0566,237.27057,577.5566,1888.7197,88.73079,215.50323,1422.9752,229.87187,541.8656,1844.2964,107.401276,147.25455,1550.9075,158.46684,480.22372,1965.7689,146.7333
IMG_4958 copy 26.png,1418.8702,1637.3827,166.1005,1438.8486,1611.9082,180.90367,1438.242,1605.4454,180.07033,1437.4836,1599.1187,180.27994,1439.8035,1617.5465,102.61545,1439.9513,1615.5374,101.77306,1440.1233,1613.6613,101.636375,1417.8605,1567.0587,284.4458,1422.0728,1586.4325,-69.327866,1395.8533,1630.2351,223.39468,1399.6721,1633.6313,114.88264,1244.0002,1533.0858,453.2746,1326.3381,1602.0569,-180.86354,1252.2039,1728.8784,515.4775,1533.2268,1683.6326,-424.96744,1273.3488,1867.2236,342.25873,1717.328,1724.3939,-467.9878,1313.8544,1875.069,345.34055,1766.1654,1724.164,-568.67065,1317.2913,1875.8914,253.69652,1772.9147,1713.6704,-490.02863,1297.3737,1875.9967,301.16446,1756.1216,1714.2035,-449.91293,881.1404,1576.3513,189.81226,897.54407,1661.6125,-190.55914,557.31946,1551.637,269.23764,874.3257,1940.8809,-38.94121,259.6199,1473.0566,237.27057,577.5566,1888.7197,88.73079,215.50323,1422.9752,229.87187,541.8656,1844.2964,107.401276,147.25455,1550.9075,158.46684,480.22372,1965.7689,146.7333
IMG_4958 copy 3.png,1418.8702,1637.3827,166.1005,1438.8486,1611.9082,180.90367,1438.242,1605.4454,180.07033,1437.4836,1599.1187,180.27994,1439.8035,1617.5465,102.61545,1439.9513,1615.5374,101.77306,1440.1233,1613.6613,101.636375,1417.8605,1567.0587,284.4458,1422.0728,1586.4325,-69.327866,1395.8533,1630.2351,223.39468,1399.6721,1633.6313,114.88264,1244.0002,1533.0858,453.2746,1326.3381,1602.0569,-180.86354,1252.2039,1728.8784,515.4775,1533.2268,1683.6326,-424.96744,1273.3488,1867.2236,342.25873,1717.328,1724.3939,-467.9878,1313.8544,1875.069,345.34055,1766.1654,1724.164,-568.67065,1317.2913,1875.8914,253.69652,1772.9147,1713.6704,-490.02863,1297.3737,1875.9967,301.16446,1756.1216,1714.2035,-449.91293,881.1404,1576.3513,189.81226,897.54407,1661.6125,-190.55914,557.31946,1551.637,269.23764,874.3257,1940.8809,-38.94121,259.6199,1473.0566,237.27057,577.5566,1888.7197,88.73079,215.50323,1422.9752,229.87187,541.8656,1844.2964,107.401276,147.25455,1550.9075,158.46684,480.22372,1965.7689,146.7333
IMG_4958 copy 4.png,1418.8702,1637.3827,166.1005,1438.8486,1611.9082,180.90367,1438.242,1605.4454,180.07033,1437.4836,1599.1187,180.27994,1439.8035,1617.5465,102.61545,1439.9513,1615.5374,101.77306,1440.1233,1613.6613,101.636375,1417.8605,1567.0587,284.4458,1422.0728,1586.4325,-69.327866,1395.8533,1630.2351,223.39468,1399.6721,1633.6313,114.88264,1244.0002,1533.0858,453.2746,1326.3381,1602.0569,-180.86354,1252.2039,1728.8784,515.4775,1533.2268,1683.6326,-424.96744,1273.3488,1867.2236,342.25873,1717.328,1724.3939,-467.9878,1313.8544,1875.069,345.34055,1766.1654,1724.164,-568.67065,1317.2913,1875.8914,253.69652,1772.9147,1713.6704,-490.02863,1297.3737,1875.9967,301.16446,1756.1216,1714.2035,-449.91293,881.1404,1576.3513,189.81226,897.54407,1661.6125,-190.55914,557.31946,1551.637,269.23764,874.3257,1940.8809,-38.94121,259.6199,1473.0566,237.27057,577.5566,1888.7197,88.73079,215.50323,1422.9752,229.87187,541.8656,1844.2964,107.401276,147.25455,1550.9075,158.46684,480.22372,1965.7689,146.7333
IMG_4958 copy 5.png,1418.8702,1637.3827,166.1005,1438.8486,1611.9082,180.90367,1438.242,1605.4454,180.07033,1437.4836,1599.1187,180.27994,1439.8035,1617.5465,102.61545,1439.9513,1615.5374,101.77306,1440.1233,1613.6613,101.636375,1417.8605,1567.0587,284.4458,1422.0728,1586.4325,-69.327866,1395.8533,1630.2351,223.39468,1399.6721,1633.6313,114.88264,1244.0002,1533.0858,453.2746,1326.3381,1602.0569,-180.86354,1252.2039,1728.8784,515.4775,1533.2268,1683.6326,-424.96744,1273.3488,1867.2236,342.25873,1717.328,1724.3939,-467.9878,1313.8544,1875.069,345.34055,1766.1654,1724.164,-568.67065,1317.2913,1875.8914,253.69652,1772.9147,1713.6704,-490.02863,1297.3737,1875.9967,301.16446,1756.1216,1714.2035,-449.91293,881.1404,1576.3513,189.81226,897.54407,1661.6125,-190.55914,557.31946,1551.637,269.23764,874.3257,1940.8809,-38.94121,259.6199,1473.0566,237.27057,577.5566,1888.7197,88.73079,215.50323,1422.9752,229.87187,541.8656,1844.2964,107.401276,147.25455,1550.9075,158.46684,480.22372,1965.7689,146.7333
IMG_4958 copy 6.png,1418.8702,1637.3827,166.1005,1438.8486,1611.9082,180.90367,1438.242,1605.4454,180.07033,1437.4836,1599.1187,180.27994,1439.8035,1617.5465,102.61545,1439.9513,1615.5374,101.77306,1440.1233,1613.6613,101.636375,1417.8605,1567.0587,284.4458,1422.0728,1586.4325,-69.327866,1395.8533,1630.2351,223.39468,1399.6721,1633.6313,114.88264,1244.0002,1533.0858,453.2746,1326.3381,1602.0569,-180.86354,1252.2039,1728.8784,515.4775,1533.2268,1683.6326,-424.96744,1273.3488,1867.2236,342.25873,1717.328,1724.3939,-467.9878,1313.8544,1875.069,345.34055,1766.1654,1724.164,-568.67065,1317.2913,1875.8914,253.69652,1772.9147,1713.6704,-490.02863,1297.3737,1875.9967,301.16446,1756.1216,1714.2035,-449.91293,881.1404,1576.3513,189.81226,897.54407,1661.6125,-190.55914,557.31946,1551.637,269.23764,874.3257,1940.8809,-38.94121,259.6199,1473.0566,237.27057,577.5566,1888.7197,88.73079,215.50323,1422.9752,229.87187,541.8656,1844.2964,107.401276,147.25455,1550.9075,158.46684,480.22372,1965.7689,146.7333
IMG_4958 copy 7.png,1418.8702,1637.3827,166.1005,1438.8486,1611.9082,180.90367,1438.242,1605.4454,180.07033,1437.4836,1599.1187,180.27994,1439.8035,1617.5465,102.61545,1439.9513,1615.5374,101.77306,1440.1233,1613.6613,101.636375,1417.8605,1567.0587,284.4458,1422.0728,1586.4325,-69.327866,1395.8533,1630.2351,223.39468,1399.6721,1633.6313,114.88264,1244.0002,1533.0858,453.2746,1326.3381,1602.0569,-180.86354,1252.2039,1728.8784,515.4775,1533.2268,1683.6326,-424.96744,1273.3488,1867.2236,342.25873,1717.328,1724.3939,-467.9878,1313.8544,1875.069,345.34055,1766.1654,1724.164,-568.67065,1317.2913,1875.8914,253.69652,1772.9147,1713.6704,-490.02863,1297.3737,1875.9967,301.16446,1756.1216,1714.2035,-449.91293,881.1404,1576.3513,189.81226,897.54407,1661.6125,-190.55914,557.31946,1551.637,269.23764,874.3257,1940.8809,-38.94121,259.6199,1473.0566,237.27057,577.5566,1888.7197,88.73079,215.50323,1422.9752,229.87187,541.8656,1844.2964,107.401276,147.25455,1550.9075,158.46684,480.22372,1965.7689,146.7333
IMG_4958 copy 8.png,1418.8702,1637.3827,166.1005,1438.8486,1611.9082,180.90367,1438.242,1605.4454,180.07033,1437.4836,1599.1187,180.27994,1439.8035,1617.5465,102.61545,1439.9513,1615.5374,101.77306,1440.1233,1613.6613,101.636375,1417.8605,1567.0587,284.4458,1422.0728,1586.4325,-69.327866,1395.8533,1630.2351,223.39468,1399.6721,1633.6313,114.88264,1244.0002,1533.0858,453.2746,1326.3381,1602.0569,-180.86354,1252.2039,1728.8784,515.4775,1533.2268,1683.6326,-424.96744,1273.3488,1867.2236,342.25873,1717.328,1724.3939,-467.9878,1313.8544,1875.069,345.34055,1766.1654,1724.164,-568.67065,1317.2913,1875.8914,253.69652,1772.9147,1713.6704,-490.02863,1297.3737,1875.9967,301.16446,1756.1216,1714.2035,-449.91293,881.1404,1576.3513,189.81226,897.54407,1661.6125,-190.55914,557.31946,1551.637,269.23764,874.3257,1940.8809,-38.94121,259.6199,1473.0566,237.27057,577.5566,1888.7197,88.73079,215.50323,1422.9752,229.87187,541.8656,1844.2964,107.401276,147.25455,1550.9075,158.46684,480.22372,1965.7689,146.7333
IMG_4958 copy 9.png,1418.8702,1637.3827,166.1005,1438.8486,1611.9082,180.90367,1438.242,1605.4454,180.07033,1437.4836,1599.1187,180.27994,1439.8035,1617.5465,102.61545,1439.9513,1615.5374,101.77306,1440.1233,1613.6613,101.636375,1417.8605,1567.0587,284.4458,1422.0728,1586.4325,-69.327866,1395.8533,1630.2351,223.39468,1399.6721,1633.6313,114.88264,1244.0002,1533.0858,453.2746,1326.3381,1602.0569,-180.86354,1252.2039,1728.8784,515.4775,1533.2268,1683.6326,-424.96744,1273.3488,1867.2236,342.25873,1717.328,1724.3939,-467.9878,1313.8544,1875.069,345.34055,1766.1654,1724.164,-568.67065,1317.2913,1875.8914,253.69652,1772.9147,1713.6704,-490.02863,1297.3737,1875.9967,301.16446,1756.1216,1714.2035,-449.91293,881.1404,1576.3513,189.81226,897.54407,1661.6125,-190.55914,557.31946,1551.637,269.23764,874.3257,1940.8809,-38.94121,259.6199,1473.0566,237.27057,577.5566,1888.7197,88.73079,215.50323,1422.9752,229.87187,541.8656,1844.2964,107.401276,147.25455,1550.9075,158.46684,480.22372,1965.7689,146.7333
IMG_4958 copy.png,1418.8702,1637.3827,166.1005,1438.8486,1611.9082,180.90367,1438.242,1605.4454,180.07033,1437.4836,1599.1187,180.27994,1439.8035,1617.5465,102.61545,1439.9513,1615.5374,101.77306,1440.1233,1613.6613,101.636375,1417.8605,1567.0587,284.4458,1422.0728,1586.4325,-69.327866,1395.8533,1630.2351,223.39468,1399.6721,1633.6313,114.88264,1244.0002,1533.0858,453.2746,1326.3381,1602.0569,-180.86354,1252.2039,1728.8784,515.4775,1533.2268,1683.6326,-424.96744,1273.3488,1867.2236,342.25873,1717.328,1724.3939,-467.9878,1313.8544,1875.069,345.34055,1766.1654,1724.164,-568.67065,1317.2913,1875.8914,253.69652,1772.9147,1713.6704,-490.02863,1297.3737,1875.9967,301.16446,1756.1216,1714.2035,-449.91293,881.1404,1576.3513,189.81226,897.54407,1661.6125,-190.55914,557.31946,1551.637,269.23764,874.3257,1940.8809,-38.94121,259.6199,1473.0566,237.27057,577.5566,1888.7197,88.73079,215.50323,1422.9752,229.87187,541.8656,1844.2964,107.401276,147.25455,1550.9075,158.46684,480.22372,1965.7689,146.7333
IMG_4958.png,1418.8702,1637.3827,166.1005,1438.8486,1611.9082,180.90367,1438.242,1605.4454,180.07033,1437.4836,1599.1187,180.27994,1439.8035,1617.5465,102.61545,1439.9513,1615.5374,101.77306,1440.1233,1613.6613,101.636375,1417.8605,1567.0587,284.4458,1422.0728,1586.4325,-69.327866,1395.8533,1630.2351,223.39468,1399.6721,1633.6313,114.88264,1244.0002,1533.0858,453.2746,1326.3381,1602.0569,-180.86354,1252.2039,1728.8784,515.4775,1533.2268,1683.6326,-424.96744,1273.3488,1867.2236,342.25873,1717.328,1724.3939,-467.9878,1313.8544,1875.069,345.34055,1766.1654,1724.164,-568.67065,1317.2913,1875.8914,253.69652,1772.9147,1713.6704,-490.02863,1297.3737,1875.9967,301.16446,1756.1216,1714.2035,-449.91293,881.1404,1576.3513,189.81226,897.54407,1661.6125,-190.55914,557.31946,1551.637,269.23764,874.3257,1940.8809,-38.94121,259.6199,1473.0566,237.27057,577.5566,1888.7197,88.73079,215.50323,1422.9752,229.87187,541.8656,1844.2964,107.401276,147.25455,1550.9075,158.46684,480.22372,1965.7689,146.7333
IMG_4959.JPG,1449.4546,1432.3022,2172.4802,1437.3416,1408.1276,2260.974,1430.823,1407.2719,2260.4463,1424.2776,1406.2422,2260.9116,1453.8782,1407.513,2213.579,1459.3331,1406.9766,2213.0405,1465.2632,1405.5638,2213.1152,1399.2615,1412.3307,2318.693,1463.0681,1410.9991,2099.0544,1431.3617,1449.5204,2180.9766,1453.0535,1449.8293,2115.9153,1236.0566,1469.2317,2077.6982,1487.2441,1451.8569,1668.6124,1452.2745,1521.5002,2274.8535,1634.1163,1460.8096,1713.7751,1621.3988,1483.6423,2760.8828,1685.1157,1437.8694,2448.371,1665.0317,1469.4918,2869.1272,1710.0897,1424.2191,2541.427,1665.5526,1460.3391,2882.4485,1701.5991,1414.9061,2613.3064,1653.2937,1472.5112,2775.499,1689.9551,1426.6735,2492.6318,1133.624,1708.7443,88.16284,1302.2335,1750.0087,-91.38249,860.9192,1885.8567,-485.07828,1268.193,2073.1191,-521.97284,488.11276,2026.5671,-1665.9819,1174.4329,2281.161,-1753.0536,435.26212,2010.6549,-1796.1737,1151.2192,2260.674,-1890.8666,359.8792,2235.2246,-1920.5712,1031.9686,2456.96,-2050.732
IMG_4976.JPG,509.96286,1649.2172,681.90137,499.83545,1619.629,645.79706,499.07767,1618.2814,645.31506,498.06403,1617.2739,645.4053,506.31873,1614.6589,734.3479,510.82782,1609.7874,733.51666,515.1011,1605.2888,733.539,523.6912,1603.8785,495.68167,541.6818,1591.5967,896.0702,530.45245,1662.9158,635.9839,535.77264,1659.1646,745.794,587.48663,1692.0383,161.72466,726.5381,1613.7418,1104.8049,530.991,1965.3398,160.44177,758.68915,1700.4454,1543.9755,518.9516,2169.8071,587.96625,667.7611,1752.1107,2013.3389,464.6304,2176.5857,615.9458,634.857,1742.5145,2146.507,466.83325,2154.0847,657.26025,625.64777,1761.9456,2121.5823,491.9977,2155.4607,626.20233,632.82104,1765.7588,2008.7675,989.0587,1814.8976,-303.636,1057.0051,1820.9517,301.92792,1200.5364,1908.0127,-1186.7251,1129.6091,2175.0835,45.31701,1574.5089,1926.5043,-1793.2296,1406.7806,2213.1653,-417.2122,1631.1674,1868.044,-1850.5098,1458.8223,2159.6873,-468.1655,1743.1406,2102.0283,-2135.2751,1548.6147,2375.7183,-694.6385
IMG_4977.JPG,529.1255,1658.2982,845.66,518.3327,1625.8009,806.7885,519.5181,1623.3158,806.2987,520.21564,1621.1881,806.3407,522.24493,1622.4427,896.6862,527.26465,1617.359,895.9095,532.52045,1612.4355,895.94226,545.3589,1609.3087,627.6207,564.6641,1597.3193,1036.554,552.0009,1668.067,789.3422,557.00415,1666.8323,901.512,605.27673,1694.9348,246.29424,754.4704,1622.1952,1217.1328,544.37665,1968.5117,215.80756,817.9707,1685.3064,1709.5337,533.0422,2168.5889,664.9936,738.8218,1734.931,2305.0403,475.50763,2177.7307,700.28186,706.0073,1720.3379,2461.4736,478.98312,2161.6777,751.1441,693.8134,1747.3702,2442.9265,508.09045,2162.42,708.381,699.76624,1754.6577,2305.9778,995.4552,1831.6884,-310.4826,1072.7096,1819.6962,308.591,1210.9895,1933.766,-1337.758,1137.665,2179.9724,90.4378,1597.2258,1984.6576,-2045.3834,1408.9957,2237.0718,-420.5518,1670.9739,1939.319,-2112.4087,1464.1595,2178.7922,-477.22604,1743.0491,2182.0444,-2461.5574,1562.8259,2386.9954,-742.3698
IMG_4978.JPG,576.3882,1608.0369,1089.5776,565.7118,1576.6813,1034.5057,564.8263,1576.5192,1034.1119,563.4593,1576.7401,1034.1287,573.2329,1569.6047,1122.636,578.45807,1564.4988,1121.9412,583.7927,1559.6859,1122.1134,580.7572,1568.9431,776.24506,610.34894,1545.623,1174.4829,593.8743,1622.8916,1004.5461,601.9997,1618.3701,1115.9774,631.93414,1667.3528,348.46448,791.34674,1570.2488,1265.3323,573.2509,1930.2156,319.95532,797.7787,1718.793,1554.2434,566.8014,2136.5913,737.6333,674.612,1867.7349,1940.9894,513.23584,2144.4163,761.0291,613.20483,1904.1226,2069.8027,515.59985,2116.9958,811.3069,600.30945,1918.3627,2038.2662,541.2112,2117.6108,775.742,615.73895,1918.5707,1931.2507,1039.3099,1812.6265,-291.34317,1134.4629,1778.6343,290.09238,1251.8323,1938.4266,-1280.1873,1194.0054,2156.1074,41.16229,1621.6361,2032.2239,-1968.5675,1462.4656,2195.0444,-610.45166,1681.8024,1991.1561,-2038.2823,1518.3369,2151.267,-684.3559,1691.6721,2214.572,-2361.5132,1636.6028,2338.1077,-964.9781
IMG_4979.JPG,412.00027,1775.5359,528.62604,385.13254,1756.941,465.6197,382.578,1752.8278,465.14578,380.5984,1749.5139,465.35684,389.78265,1756.2566,555.9698,390.40833,1751.9156,554.97577,391.19202,1747.9607,554.7177,382.15308,1723.4498,301.02243,392.7927,1713.0763,714.14056,429.52448,1765.6791,491.39224,437.79263,1765.7806,604.24084,434.3438,1696.1508,7.148057,570.5385,1635.2677,1003.475,379.90744,2018.6908,-43.57961,595.12775,1787.3141,1447.8746,371.98602,2236.4456,324.1716,505.5905,1889.6691,1866.8041,306.52936,2251.6772,330.04718,458.35355,1894.6277,1983.9791,309.85693,2214.8013,369.59766,437.22812,1909.9122,1950.9302,336.76672,2217.0579,360.77936,465.64487,1900.4664,1858.6936,929.52515,1802.3326,-306.3539,970.80066,1867.5366,304.8458,1172.1096,1990.9083,-1219.9208,1059.3657,2220.1,-63.866135,1618.5905,2101.516,-1574.471,1410.6782,2234.661,-399.66953,1687.0874,2052.5696,-1605.0741,1469.9646,2175.6953,-434.24533,1774.4849,2322.9949,-1849.6931,1592.795,2421.2869,-624.7795
IMG_4982.JPG,929.7794,2210.07,-1887.6554,925.80865,2193.8452,-1984.766,937.55505,2189.7717,-1986.2028,948.9202,2185.0393,-1985.5492,894.8568,2189.6704,-1921.9435,884.88446,2183.7258,-1923.7936,875.71173,2178.7998,-1924.9021,981.60315,2122.1292,-2047.6328,873.28723,2130.852,-1773.1855,966.0638,2190.3618,-1854.0319,929.41833,2188.7117,-1780.4415,1117.2253,2029.6803,-1820.5481,749.5656,1986.2517,-1469.4742,1154.9932,2303.1272,-1981.3978,531.89496,2182.9636,-1375.1238,1146.9299,2612.1404,-2236.1309,275.93045,2396.068,-1609.942,1146.2078,2690.6196,-2447.2463,183.72055,2434.297,-1776.2906,1074.7742,2672.4482,-2491.9912,196.70268,2451.6292,-1821.1708,1075.8099,2648.529,-2268.4631,238.37314,2443.4368,-1646.209,1300.8292,1923.137,-185.14537,1157.836,1950.4899,184.02577,1481.4788,1890.2253,978.0503,1136.2404,2170.224,1355.5886,1629.4762,1790.1442,2054.2554,1254.9574,2108.2878,2489.3953,1640.7294,1742.7605,2156.9268,1282.7493,2075.6052,2615.595,1737.0483,1895.647,2056.5625,1306.6526,2187.151,2654.9263
IMG_4983.JPG,902.59595,2207.853,-1803.4772,908.585,2197.8164,-1903.6781,920.2846,2195.3716,-1905.0957,932.47485,2191.9502,-1904.4362,881.4481,2192.0894,-1850.8606,872.5087,2186.0215,-1852.6561,863.4135,2180.1602,-1853.6282,968.5039,2137.0059,-1990.2836,853.5925,2125.1528,-1755.7432,935.1037,2186.1343,-1776.6753,900.2575,2182.6426,-1714.9396,1113.93,2102.8735,-1798.2959,747.90533,1980.0741,-1469.5983,1134.5645,2331.9636,-1972.1312,504.75937,2196.3545,-1402.6635,1133.597,2621.1392,-2212.3474,251.51707,2410.7085,-1637.3087,1140.2211,2695.6548,-2422.0232,172.21695,2453.8013,-1806.0822,1075.6135,2678.5535,-2467.5386,184.15958,2475.621,-1845.6808,1075.954,2655.1448,-2244.7988,222.45013,2467.985,-1672.992,1295.7942,1932.925,-193.30457,1166.6311,1937.8165,192.08897,1464.8612,1874.4606,1013.40424,1206.5073,2061.881,1491.7961,1619.0942,1800.9365,2075.2178,1275.0768,2111.1116,2638.7207,1636.5765,1746.1901,2175.3025,1317.4255,2082.212,2762.9692,1738.8969,1890.1559,2045.2484,1332.0565,2204.748,2773.86
IMG_4984.JPG,947.6086,2202.1702,-1655.1832,944.75446,2192.0454,-1756.6703,954.26276,2188.7336,-1758.1377,963.66833,2185.4834,-1757.4482,917.5523,2187.542,-1704.487,907.1299,2181.506,-1706.3225,896.8587,2175.9907,-1707.27,992.3218,2136.211,-1899.3657,892.9249,2123.5837,-1664.1031,975.6729,2176.5674,-1651.5703,942.10126,2170.307,-1589.75,1145.2394,2033.5189,-1779.9955,790.0874,1953.4971,-1444.0178,1151.0004,2306.1926,-2016.2319,543.64886,2190.3013,-1419.5537,1161.6428,2624.8904,-2320.4795,280.022,2425.1042,-1685.8146,1169.27,2701.0613,-2555.6057,188.26138,2472.5154,-1872.4144,1091.5178,2688.614,-2596.6636,199.29895,2497.5388,-1918.1088,1089.7316,2664.0654,-2354.7788,244.9814,2486.1333,-1726.5737,1357.5115,1910.9192,-196.93597,1209.2015,1906.9269,195.64398,1505.2747,1857.0598,1126.988,1191.7804,2082.7021,1463.4249,1623.1117,1785.266,2283.4917,1237.3895,2066.8245,2662.083,1635.9078,1727.8391,2393.1624,1280.9415,2045.0851,2792.1392,1752.275,1880.5471,2297.771,1284.749,2155.52,2819.8462
IMG_5345.JPG,2054.8098,829.16595,194.30507,2073.5178,800.21265,256.32666,2071.1047,794.9765,255.62242,2068.678,788.59827,255.93236,2072.725,799.4498,123.938484,2069.8547,793.8954,123.04809,2067.1108,787.3117,122.95158,2044.0499,748.9814,515.1047,2042.3345,749.2993,-88.1111,2019.8273,829.2472,307.99228,2019.9412,825.0638,126.74851,1856.2355,786.5794,821.2516,1939.7802,739.9345,-343.07736,1828.0859,1002.7352,1008.88043,2208.1028,725.61945,-927.2118,1847.0264,1245.2803,800.19073,2446.953,718.9246,-1224.801,1904.8351,1243.1887,822.056,2468.1753,719.03534,-1404.5107,1908.4889,1255.0894,684.1246,2467.5288,706.84265,-1307.5779,1883.1825,1258.8112,735.4261,2463.3977,711.1667,-1210.3983,1406.0918,828.4191,367.91833,1422.9773,887.15094,-368.69894,1030.4944,745.0891,426.49176,1361.6959,1253.3793,-509.19962,676.61255,599.7181,616.9661,971.925,1198.7505,-128.63718,641.4446,553.4344,629.5281,910.66425,1145.1974,-89.42761,549.10065,661.68506,500.95636,921.2995,1302.4081,-140.5821
IMG_5346.JPG,1738.0775,702.8569,578.00244,1750.0616,663.38947,634.19586,1745.7941,658.70593,633.2113,1740.6987,653.6721,633.69934,1750.4171,663.8272,517.2438,1747.0522,659.8112,516.09296,1742.8726,655.33606,515.9438,1705.3107,628.3382,832.0869,1712.0215,631.9391,302.39432,1703.4415,707.574,664.8691,1707.0317,705.6939,503.1831,1531.6459,665.32776,1006.0683,1630.3971,639.52325,27.562504,1507.856,923.98737,1102.266,1899.751,619.50366,-318.83908,1591.1191,1145.695,883.3483,2155.9314,599.7339,-358.56107,1658.345,1132.4316,915.0163,2206.1711,581.6129,-483.36765,1669.9915,1142.3363,778.54785,2213.7983,571.0473,-383.99945,1641.6456,1151.4381,822.34924,2195.5647,581.34796,-336.18463,1065.2998,727.97076,296.20813,1118.7543,802.71124,-297.82983,667.887,695.3776,347.26947,1126.1018,1190.262,-333.9144,263.36273,552.98114,211.2951,692.5166,1196.2429,-243.26767,223.23094,496.36853,197.28557,631.5652,1138.1134,-223.6356,104.52966,650.38165,127.82581,594.82294,1297.5897,-178.81749
IMG_5347.JPG,1540.065,507.55112,929.0957,1553.1804,469.17404,996.42224,1548.1317,465.24646,995.2349,1542.9224,461.02216,995.6921,1554.6362,470.08786,885.79126,1551.0562,466.87085,884.3633,1547.4535,463.42908,883.98175,1503.3586,440.4354,1211.299,1512.9788,442.8696,710.3854,1500.0808,516.2469,1019.34863,1504.687,515.2803,865.11707,1290.2219,499.50134,1347.0013,1421.5326,451.60178,423.32465,1247.8301,749.51654,1543.0343,1677.1354,437.86462,250.99701,1338.01,981.5738,1465.3737,1929.359,424.55447,385.0012,1399.2136,969.18744,1540.058,1984.137,406.09604,305.92752,1415.1084,983.2663,1395.0376,1990.7577,392.6844,420.43454,1388.828,992.73065,1408.4258,1973.2756,402.21683,419.42953,883.8027,571.5378,305.35284,959.43335,614.71063,-307.68436,444.4613,569.7521,245.73903,966.50903,1033.6993,-371.32437,8.7437105,415.15308,-341.43713,487.07492,1033.9708,-746.9321,-19.889046,363.36353,-397.0341,397.38214,982.1011,-769.85504,-60.964222,505.6677,-527.57996,451.79166,1186.4559,-750.1339
IMG_5351.JPG,1034.378,652.498,1224.4985,1012.6589,625.3888,1187.2706,1009.6475,622.2967,1186.4785,1006.6886,620.13,1186.5844,1022.2677,621.43585,1293.9055,1025.3358,616.0004,1292.9746,1027.7393,610.98456,1292.9016,1019.21625,594.8609,992.1478,1043.0576,578.99695,1475.3108,1054.7623,650.86993,1160.6792,1066.4612,647.20984,1292.4343,1116.1332,615.15643,336.19443,1256.67,582.05194,1594.1285,1177.2068,937.15594,-157.69545,1456.2476,606.7294,1356.1183,1270.3003,1220.5338,-264.3228,1451.3157,658.8138,966.77094,1209.0098,1256.9086,-359.78082,1441.8081,653.1036,944.6821,1210.7794,1247.7804,-276.0014,1425.2054,685.8864,922.11475,1242.1956,1239.4048,-217.02098,1415.3883,688.5983,933.88446,1592.1619,653.27313,-388.69968,1688.4756,759.2714,386.50204,1863.0314,624.1926,-1651.8071,1856.1566,1138.9045,-363.85788,2396.1992,294.6737,-2371.6758,2249.5989,1087.0455,-790.932,2417.8054,189.83774,-2453.7173,2344.118,1014.8447,-844.5096,2635.4724,389.92224,-2911.1934,2289.0637,1291.8285,-1165.0946
IMG_5352.JPG,934.9498,725.03876,244.44888,901.23553,692.94434,165.9601,902.3878,685.25073,165.08058,903.4504,678.2944,165.36186,901.66815,693.59753,271.38937,903.5353,686.7164,269.97363,905.06824,680.0674,269.70163,930.7627,631.3751,-44.326176,930.2244,631.2138,434.6985,978.308,711.7518,193.55354,975.698,710.4479,322.71896,1115.8934,652.48315,-390.3283,1157.1755,572.8129,743.6987,1186.345,994.12494,-544.79,1030.2362,590.92896,1096.0586,1267.7473,1303.7948,-378.87396,827.3703,572.89923,1438.3143,1197.983,1336.5636,-438.3093,780.1664,563.4228,1489.5076,1191.0035,1315.314,-410.9208,780.7387,564.43756,1469.5107,1224.1981,1306.765,-352.58075,781.1888,579.5211,1421.5363,1746.5171,667.4942,-347.9596,1755.3666,748.8572,347.16916,2239.9658,607.2636,-818.0957,1939.2352,1141.9891,314.06802,2823.0383,343.20322,-1212.4078,2462.554,1025.4125,274.5187,2855.5195,271.39658,-1259.7024,2577.5642,964.54004,263.93076,3120.3813,413.462,-1588.9924,2505.9712,1212.5071,151.4183
IMG_5353 copy 2.JPG,768.96027,1199.896,-543.82007,741.1464,1160.0426,-600.04755,744.8896,1150.5311,-601.3736,748.90765,1141.0356,-600.85645,734.6257,1167.9514,-504.38232,734.30365,1165.0994,-505.99146,733.4323,1162.1936,-506.5598,784.6781,1087.3168,-708.2386,765.7545,1114.058,-275.16513,825.237,1194.3525,-559.5511,815.4605,1200.0625,-443.46042,1048.0857,1128.7284,-996.55096,948.7217,1135.1287,60.3942,1073.231,1495.7076,-1409.4037,669.44293,1161.6768,67.778984,1078.6913,1833.1649,-1636.9862,379.72772,1211.471,-147.96529,994.9204,1871.225,-1817.358,299.26215,1222.6373,-238.57722,981.3928,1853.0505,-1790.8914,296.37946,1206.2131,-280.17084,1019.5596,1843.3934,-1629.9471,325.67123,1198.5735,-191.05147,1677.2634,1209.2994,-334.8566,1632.2255,1293.6083,334.73477,2138.9658,1166.4927,-207.87325,1725.678,1661.8188,357.41318,2638.9429,959.1619,-119.41047,2204.611,1517.6814,687.64734,2688.066,895.0418,-124.061844,2294.0566,1436.8896,717.4913,2858.0706,1029.4144,-358.77252,2308.3892,1688.2913,673.89386
IMG_5353 copy 3.JPG,768.96027,1199.896,-543.82007,741.1464,1160.0426,-600.04755,744.8896,1150.5311,-601.3736,748.90765,1141.0356,-600.85645,734.6257,1167.9514,-504.38232,734.30365,1165.0994,-505.99146,733.4323,1162.1936,-506.5598,784.6781,1087.3168,-708.2386,765.7545,1114.058,-275.16513,825.237,1194.3525,-559.5511,815.4605,1200.0625,-443.46042,1048.0857,1128.7284,-996.55096,948.7217,1135.1287,60.3942,1073.231,1495.7076,-1409.4037,669.44293,1161.6768,67.778984,1078.6913,1833.1649,-1636.9862,379.72772,1211.471,-147.96529,994.9204,1871.225,-1817.358,299.26215,1222.6373,-238.57722,981.3928,1853.0505,-1790.8914,296.37946,1206.2131,-280.17084,1019.5596,1843.3934,-1629.9471,325.67123,1198.5735,-191.05147,1677.2634,1209.2994,-334.8566,1632.2255,1293.6083,334.73477,2138.9658,1166.4927,-207.87325,1725.678,1661.8188,357.41318,2638.9429,959.1619,-119.41047,2204.611,1517.6814,687.64734,2688.066,895.0418,-124.061844,2294.0566,1436.8896,717.4913,2858.0706,1029.4144,-358.77252,2308.3892,1688.2913,673.89386
IMG_5353 copy 4.JPG,768.96027,1199.896,-543.82007,741.1464,1160.0426,-600.04755,744.8896,1150.5311,-601.3736,748.90765,1141.0356,-600.85645,734.6257,1167.9514,-504.38232,734.30365,1165.0994,-505.99146,733.4323,1162.1936,-506.5598,784.6781,1087.3168,-708.2386,765.7545,1114.058,-275.16513,825.237,1194.3525,-559.5511,815.4605,1200.0625,-443.46042,1048.0857,1128.7284,-996.55096,948.7217,1135.1287,60.3942,1073.231,1495.7076,-1409.4037,669.44293,1161.6768,67.778984,1078.6913,1833.1649,-1636.9862,379.72772,1211.471,-147.96529,994.9204,1871.225,-1817.358,299.26215,1222.6373,-238.57722,981.3928,1853.0505,-1790.8914,296.37946,1206.2131,-280.17084,1019.5596,1843.3934,-1629.9471,325.67123,1198.5735,-191.05147,1677.2634,1209.2994,-334.8566,1632.2255,1293.6083,334.73477,2138.9658,1166.4927,-207.87325,1725.678,1661.8188,357.41318,2638.9429,959.1619,-119.41047,2204.611,1517.6814,687.64734,2688.066,895.0418,-124.061844,2294.0566,1436.8896,717.4913,2858.0706,1029.4144,-358.77252,2308.3892,1688.2913,673.89386
IMG_5353 copy 5.JPG,768.96027,1199.896,-543.82007,741.1464,1160.0426,-600.04755,744.8896,1150.5311,-601.3736,748.90765,1141.0356,-600.85645,734.6257,1167.9514,-504.38232,734.30365,1165.0994,-505.99146,733.4323,1162.1936,-506.5598,784.6781,1087.3168,-708.2386,765.7545,1114.058,-275.16513,825.237,1194.3525,-559.5511,815.4605,1200.0625,-443.46042,1048.0857,1128.7284,-996.55096,948.7217,1135.1287,60.3942,1073.231,1495.7076,-1409.4037,669.44293,1161.6768,67.778984,1078.6913,1833.1649,-1636.9862,379.72772,1211.471,-147.96529,994.9204,1871.225,-1817.358,299.26215,1222.6373,-238.57722,981.3928,1853.0505,-1790.8914,296.37946,1206.2131,-280.17084,1019.5596,1843.3934,-1629.9471,325.67123,1198.5735,-191.05147,1677.2634,1209.2994,-334.8566,1632.2255,1293.6083,334.73477,2138.9658,1166.4927,-207.87325,1725.678,1661.8188,357.41318,2638.9429,959.1619,-119.41047,2204.611,1517.6814,687.64734,2688.066,895.0418,-124.061844,2294.0566,1436.8896,717.4913,2858.0706,1029.4144,-358.77252,2308.3892,1688.2913,673.89386
IMG_5353 copy 6.JPG,768.96027,1199.896,-543.82007,741.1464,1160.0426,-600.04755,744.8896,1150.5311,-601.3736,748.90765,1141.0356,-600.85645,734.6257,1167.9514,-504.38232,734.30365,1165.0994,-505.99146,733.4323,1162.1936,-506.5598,784.6781,1087.3168,-708.2386,765.7545,1114.058,-275.16513,825.237,1194.3525,-559.5511,815.4605,1200.0625,-443.46042,1048.0857,1128.7284,-996.55096,948.7217,1135.1287,60.3942,1073.231,1495.7076,-1409.4037,669.44293,1161.6768,67.778984,1078.6913,1833.1649,-1636.9862,379.72772,1211.471,-147.96529,994.9204,1871.225,-1817.358,299.26215,1222.6373,-238.57722,981.3928,1853.0505,-1790.8914,296.37946,1206.2131,-280.17084,1019.5596,1843.3934,-1629.9471,325.67123,1198.5735,-191.05147,1677.2634,1209.2994,-334.8566,1632.2255,1293.6083,334.73477,2138.9658,1166.4927,-207.87325,1725.678,1661.8188,357.41318,2638.9429,959.1619,-119.41047,2204.611,1517.6814,687.64734,2688.066,895.0418,-124.061844,2294.0566,1436.8896,717.4913,2858.0706,1029.4144,-358.77252,2308.3892,1688.2913,673.89386
IMG_5353 copy 7.JPG,768.96027,1199.896,-543.82007,741.1464,1160.0426,-600.04755,744.8896,1150.5311,-601.3736,748.90765,1141.0356,-600.85645,734.6257,1167.9514,-504.38232,734.30365,1165.0994,-505.99146,733.4323,1162.1936,-506.5598,784.6781,1087.3168,-708.2386,765.7545,1114.058,-275.16513,825.237,1194.3525,-559.5511,815.4605,1200.0625,-443.46042,1048.0857,1128.7284,-996.55096,948.7217,1135.1287,60.3942,1073.231,1495.7076,-1409.4037,669.44293,1161.6768,67.778984,1078.6913,1833.1649,-1636.9862,379.72772,1211.471,-147.96529,994.9204,1871.225,-1817.358,299.26215,1222.6373,-238.57722,981.3928,1853.0505,-1790.8914,296.37946,1206.2131,-280.17084,1019.5596,1843.3934,-1629.9471,325.67123,1198.5735,-191.05147,1677.2634,1209.2994,-334.8566,1632.2255,1293.6083,334.73477,2138.9658,1166.4927,-207.87325,1725.678,1661.8188,357.41318,2638.9429,959.1619,-119.41047,2204.611,1517.6814,687.64734,2688.066,895.0418,-124.061844,2294.0566,1436.8896,717.4913,2858.0706,1029.4144,-358.77252,2308.3892,1688.2913,673.89386
IMG_5353 copy 8.JPG,768.96027,1199.896,-543.82007,741.1464,1160.0426,-600.04755,744.8896,1150.5311,-601.3736,748.90765,1141.0356,-600.85645,734.6257,1167.9514,-504.38232,734.30365,1165.0994,-505.99146,733.4323,1162.1936,-506.5598,784.6781,1087.3168,-708.2386,765.7545,1114.058,-275.16513,825.237,1194.3525,-559.5511,815.4605,1200.0625,-443.46042,1048.0857,1128.7284,-996.55096,948.7217,1135.1287,60.3942,1073.231,1495.7076,-1409.4037,669.44293,1161.6768,67.778984,1078.6913,1833.1649,-1636.9862,379.72772,1211.471,-147.96529,994.9204,1871.225,-1817.358,299.26215,1222.6373,-238.57722,981.3928,1853.0505,-1790.8914,296.37946,1206.2131,-280.17084,1019.5596,1843.3934,-1629.9471,325.67123,1198.5735,-191.05147,1677.2634,1209.2994,-334.8566,1632.2255,1293.6083,334.73477,2138.9658,1166.4927,-207.87325,1725.678,1661.8188,357.41318,2638.9429,959.1619,-119.41047,2204.611,1517.6814,687.64734,2688.066,895.0418,-124.061844,2294.0566,1436.8896,717.4913,2858.0706,1029.4144,-358.77252,2308.3892,1688.2913,673.89386
IMG_5353 copy 9.JPG,768.96027,1199.896,-543.82007,741.1464,1160.0426,-600.04755,744.8896,1150.5311,-601.3736,748.90765,1141.0356,-600.85645,734.6257,1167.9514,-504.38232,734.30365,1165.0994,-505.99146,733.4323,1162.1936,-506.5598,784.6781,1087.3168,-708.2386,765.7545,1114.058,-275.16513,825.237,1194.3525,-559.5511,815.4605,1200.0625,-443.46042,1048.0857,1128.7284,-996.55096,948.7217,1135.1287,60.3942,1073.231,1495.7076,-1409.4037,669.44293,1161.6768,67.778984,1078.6913,1833.1649,-1636.9862,379.72772,1211.471,-147.96529,994.9204,1871.225,-1817.358,299.26215,1222.6373,-238.57722,981.3928,1853.0505,-1790.8914,296.37946,1206.2131,-280.17084,1019.5596,1843.3934,-1629.9471,325.67123,1198.5735,-191.05147,1677.2634,1209.2994,-334.8566,1632.2255,1293.6083,334.73477,2138.9658,1166.4927,-207.87325,1725.678,1661.8188,357.41318,2638.9429,959.1619,-119.41047,2204.611,1517.6814,687.64734,2688.066,895.0418,-124.061844,2294.0566,1436.8896,717.4913,2858.0706,1029.4144,-358.77252,2308.3892,1688.2913,673.89386
IMG_5353 copy.JPG,768.96027,1199.896,-543.82007,741.1464,1160.0426,-600.04755,744.8896,1150.5311,-601.3736,748.90765,1141.0356,-600.85645,734.6257,1167.9514,-504.38232,734.30365,1165.0994,-505.99146,733.4323,1162.1936,-506.5598,784.6781,1087.3168,-708.2386,765.7545,1114.058,-275.16513,825.237,1194.3525,-559.5511,815.4605,1200.0625,-443.46042,1048.0857,1128.7284,-996.55096,948.7217,1135.1287,60.3942,1073.231,1495.7076,-1409.4037,669.44293,1161.6768,67.778984,1078.6913,1833.1649,-1636.9862,379.72772,1211.471,-147.96529,994.9204,1871.225,-1817.358,299.26215,1222.6373,-238.57722,981.3928,1853.0505,-1790.8914,296.37946,1206.2131,-280.17084,1019.5596,1843.3934,-1629.9471,325.67123,1198.5735,-191.05147,1677.2634,1209.2994,-334.8566,1632.2255,1293.6083,334.73477,2138.9658,1166.4927,-207.87325,1725.678,1661.8188,357.41318,2638.9429,959.1619,-119.41047,2204.611,1517.6814,687.64734,2688.066,895.0418,-124.061844,2294.0566,1436.8896,717.4913,2858.0706,1029.4144,-358.77252,2308.3892,1688.2913,673.89386
IMG_5353.JPG,768.96027,1199.896,-543.82007,741.1464,1160.0426,-600.04755,744.8896,1150.5311,-601.3736,748.90765,1141.0356,-600.85645,734.6257,1167.9514,-504.38232,734.30365,1165.0994,-505.99146,733.4323,1162.1936,-506.5598,784.6781,1087.3168,-708.2386,765.7545,1114.058,-275.16513,825.237,1194.3525,-559.5511,815.4605,1200.0625,-443.46042,1048.0857,1128.7284,-996.55096,948.7217,1135.1287,60.3942,1073.231,1495.7076,-1409.4037,669.44293,1161.6768,67.778984,1078.6913,1833.1649,-1636.9862,379.72772,1211.471,-147.96529,994.9204,1871.225,-1817.358,299.26215,1222.6373,-238.57722,981.3928,1853.0505,-1790.8914,296.37946,1206.2131,-280.17084,1019.5596,1843.3934,-1629.9471,325.67123,1198.5735,-191.05147,1677.2634,1209.2994,-334.8566,1632.2255,1293.6083,334.73477,2138.9658,1166.4927,-207.87325,1725.678,1661.8188,357.41318,2638.9429,959.1619,-119.41047,2204.611,1517.6814,687.64734,2688.066,895.0418,-124.061844,2294.0566,1436.8896,717.4913,2858.0706,1029.4144,-358.77252,2308.3892,1688.2913,673.89386
IMG_5982 copy 10.JPG,1039.2059,633.88635,-753.34204,1046.4175,579.8051,-822.98285,1051.0541,578.1837,-824.2101,1055.9829,578.2462,-824.14484,1048.1318,573.36163,-713.338,1054.2551,567.5053,-714.7663,1060.3673,562.3754,-714.9934,1130.3593,570.39606,-966.3287,1124.1024,554.75397,-462.50116,1082.6598,670.5485,-784.1422,1080.1018,665.3572,-647.34314,1347.7217,744.0081,-1311.8593,1280.7405,663.28046,-16.679638,1233.923,1118.9836,-1669.3138,1002.65814,727.07227,118.55861,1184.6968,1516.7488,-1821.293,684.12744,784.1217,0.37459484,1098.6967,1561.738,-2032.3241,598.6545,781.0921,-38.44009,1081.3512,1537.4164,-1964.1228,600.8165,786.01825,-133.59154,1124.0094,1530.7036,-1801.2645,637.9355,788.5406,-58.7246,2020.9467,771.72534,-429.71832,1990.596,830.62695,429.3349,2576.9873,558.00055,-682.3741,2069.7354,1281.4213,592.47394,3081.979,231.30373,-861.6463,2532.0981,1207.8418,844.72406,3098.5608,126.86129,-878.6994,2546.0532,1105.4241,866.94855,3389.43,342.82224,-1166.2365,2808.1763,1267.3936,771.1892
IMG_5982 copy 11.JPG,1039.2059,633.88635,-753.34204,1046.4175,579.8051,-822.98285,1051.0541,578.1837,-824.2101,1055.9829,578.2462,-824.14484,1048.1318,573.36163,-713.338,1054.2551,567.5053,-714.7663,1060.3673,562.3754,-714.9934,1130.3593,570.39606,-966.3287,1124.1024,554.75397,-462.50116,1082.6598,670.5485,-784.1422,1080.1018,665.3572,-647.34314,1347.7217,744.0081,-1311.8593,1280.7405,663.28046,-16.679638,1233.923,1118.9836,-1669.3138,1002.65814,727.07227,118.55861,1184.6968,1516.7488,-1821.293,684.12744,784.1217,0.37459484,1098.6967,1561.738,-2032.3241,598.6545,781.0921,-38.44009,1081.3512,1537.4164,-1964.1228,600.8165,786.01825,-133.59154,1124.0094,1530.7036,-1801.2645,637.9355,788.5406,-58.7246,2020.9467,771.72534,-429.71832,1990.596,830.62695,429.3349,2576.9873,558.00055,-682.3741,2069.7354,1281.4213,592.47394,3081.979,231.30373,-861.6463,2532.0981,1207.8418,844.72406,3098.5608,126.86129,-878.6994,2546.0532,1105.4241,866.94855,3389.43,342.82224,-1166.2365,2808.1763,1267.3936,771.1892
IMG_5982 copy 12.JPG,1039.2059,633.88635,-753.34204,1046.4175,579.8051,-822.98285,1051.0541,578.1837,-824.2101,1055.9829,578.2462,-824.14484,1048.1318,573.36163,-713.338,1054.2551,567.5053,-714.7663,1060.3673,562.3754,-714.9934,1130.3593,570.39606,-966.3287,1124.1024,554.75397,-462.50116,1082.6598,670.5485,-784.1422,1080.1018,665.3572,-647.34314,1347.7217,744.0081,-1311.8593,1280.7405,663.28046,-16.679638,1233.923,1118.9836,-1669.3138,1002.65814,727.07227,118.55861,1184.6968,1516.7488,-1821.293,684.12744,784.1217,0.37459484,1098.6967,1561.738,-2032.3241,598.6545,781.0921,-38.44009,1081.3512,1537.4164,-1964.1228,600.8165,786.01825,-133.59154,1124.0094,1530.7036,-1801.2645,637.9355,788.5406,-58.7246,2020.9467,771.72534,-429.71832,1990.596,830.62695,429.3349,2576.9873,558.00055,-682.3741,2069.7354,1281.4213,592.47394,3081.979,231.30373,-861.6463,2532.0981,1207.8418,844.72406,3098.5608,126.86129,-878.6994,2546.0532,1105.4241,866.94855,3389.43,342.82224,-1166.2365,2808.1763,1267.3936,771.1892
IMG_5982 copy 13.JPG,1039.2059,633.88635,-753.34204,1046.4175,579.8051,-822.98285,1051.0541,578.1837,-824.2101,1055.9829,578.2462,-824.14484,1048.1318,573.36163,-713.338,1054.2551,567.5053,-714.7663,1060.3673,562.3754,-714.9934,1130.3593,570.39606,-966.3287,1124.1024,554.75397,-462.50116,1082.6598,670.5485,-784.1422,1080.1018,665.3572,-647.34314,1347.7217,744.0081,-1311.8593,1280.7405,663.28046,-16.679638,1233.923,1118.9836,-1669.3138,1002.65814,727.07227,118.55861,1184.6968,1516.7488,-1821.293,684.12744,784.1217,0.37459484,1098.6967,1561.738,-2032.3241,598.6545,781.0921,-38.44009,1081.3512,1537.4164,-1964.1228,600.8165,786.01825,-133.59154,1124.0094,1530.7036,-1801.2645,637.9355,788.5406,-58.7246,2020.9467,771.72534,-429.71832,1990.596,830.62695,429.3349,2576.9873,558.00055,-682.3741,2069.7354,1281.4213,592.47394,3081.979,231.30373,-861.6463,2532.0981,1207.8418,844.72406,3098.5608,126.86129,-878.6994,2546.0532,1105.4241,866.94855,3389.43,342.82224,-1166.2365,2808.1763,1267.3936,771.1892
IMG_5982 copy 14.JPG,1039.2059,633.88635,-753.34204,1046.4175,579.8051,-822.98285,1051.0541,578.1837,-824.2101,1055.9829,578.2462,-824.14484,1048.1318,573.36163,-713.338,1054.2551,567.5053,-714.7663,1060.3673,562.3754,-714.9934,1130.3593,570.39606,-966.3287,1124.1024,554.75397,-462.50116,1082.6598,670.5485,-784.1422,1080.1018,665.3572,-647.34314,1347.7217,744.0081,-1311.8593,1280.7405,663.28046,-16.679638,1233.923,1118.9836,-1669.3138,1002.65814,727.07227,118.55861,1184.6968,1516.7488,-1821.293,684.12744,784.1217,0.37459484,1098.6967,1561.738,-2032.3241,598.6545,781.0921,-38.44009,1081.3512,1537.4164,-1964.1228,600.8165,786.01825,-133.59154,1124.0094,1530.7036,-1801.2645,637.9355,788.5406,-58.7246,2020.9467,771.72534,-429.71832,1990.596,830.62695,429.3349,2576.9873,558.00055,-682.3741,2069.7354,1281.4213,592.47394,3081.979,231.30373,-861.6463,2532.0981,1207.8418,844.72406,3098.5608,126.86129,-878.6994,2546.0532,1105.4241,866.94855,3389.43,342.82224,-1166.2365,2808.1763,1267.3936,771.1892
IMG_5982 copy 15.JPG,1039.2059,633.88635,-753.34204,1046.4175,579.8051,-822.98285,1051.0541,578.1837,-824.2101,1055.9829,578.2462,-824.14484,1048.1318,573.36163,-713.338,1054.2551,567.5053,-714.7663,1060.3673,562.3754,-714.9934,1130.3593,570.39606,-966.3287,1124.1024,554.75397,-462.50116,1082.6598,670.5485,-784.1422,1080.1018,665.3572,-647.34314,1347.7217,744.0081,-1311.8593,1280.7405,663.28046,-16.679638,1233.923,1118.9836,-1669.3138,1002.65814,727.07227,118.55861,1184.6968,1516.7488,-1821.293,684.12744,784.1217,0.37459484,1098.6967,1561.738,-2032.3241,598.6545,781.0921,-38.44009,1081.3512,1537.4164,-1964.1228,600.8165,786.01825,-133.59154,1124.0094,1530.7036,-1801.2645,637.9355,788.5406,-58.7246,2020.9467,771.72534,-429.71832,1990.596,830.62695,429.3349,2576.9873,558.00055,-682.3741,2069.7354,1281.4213,592.47394,3081.979,231.30373,-861.6463,2532.0981,1207.8418,844.72406,3098.5608,126.86129,-878.6994,2546.0532,1105.4241,866.94855,3389.43,342.82224,-1166.2365,2808.1763,1267.3936,771.1892
IMG_5982 copy 16.JPG,1039.2059,633.88635,-753.34204,1046.4175,579.8051,-822.98285,1051.0541,578.1837,-824.2101,1055.9829,578.2462,-824.14484,1048.1318,573.36163,-713.338,1054.2551,567.5053,-714.7663,1060.3673,562.3754,-714.9934,1130.3593,570.39606,-966.3287,1124.1024,554.75397,-462.50116,1082.6598,670.5485,-784.1422,1080.1018,665.3572,-647.34314,1347.7217,744.0081,-1311.8593,1280.7405,663.28046,-16.679638,1233.923,1118.9836,-1669.3138,1002.65814,727.07227,118.55861,1184.6968,1516.7488,-1821.293,684.12744,784.1217,0.37459484,1098.6967,1561.738,-2032.3241,598.6545,781.0921,-38.44009,1081.3512,1537.4164,-1964.1228,600.8165,786.01825,-133.59154,1124.0094,1530.7036,-1801.2645,637.9355,788.5406,-58.7246,2020.9467,771.72534,-429.71832,1990.596,830.62695,429.3349,2576.9873,558.00055,-682.3741,2069.7354,1281.4213,592.47394,3081.979,231.30373,-861.6463,2532.0981,1207.8418,844.72406,3098.5608,126.86129,-878.6994,2546.0532,1105.4241,866.94855,3389.43,342.82224,-1166.2365,2808.1763,1267.3936,771.1892
IMG_5982 copy 17.JPG,1039.2059,633.88635,-753.34204,1046.4175,579.8051,-822.98285,1051.0541,578.1837,-824.2101,1055.9829,578.2462,-824.14484,1048.1318,573.36163,-713.338,1054.2551,567.5053,-714.7663,1060.3673,562.3754,-714.9934,1130.3593,570.39606,-966.3287,1124.1024,554.75397,-462.50116,1082.6598,670.5485,-784.1422,1080.1018,665.3572,-647.34314,1347.7217,744.0081,-1311.8593,1280.7405,663.28046,-16.679638,1233.923,1118.9836,-1669.3138,1002.65814,727.07227,118.55861,1184.6968,1516.7488,-1821.293,684.12744,784.1217,0.37459484,1098.6967,1561.738,-2032.3241,598.6545,781.0921,-38.44009,1081.3512,1537.4164,-1964.1228,600.8165,786.01825,-133.59154,1124.0094,1530.7036,-1801.2645,637.9355,788.5406,-58.7246,2020.9467,771.72534,-429.71832,1990.596,830.62695,429.3349,2576.9873,558.00055,-682.3741,2069.7354,1281.4213,592.47394,3081.979,231.30373,-861.6463,2532.0981,1207.8418,844.72406,3098.5608,126.86129,-878.6994,2546.0532,1105.4241,866.94855,3389.43,342.82224,-1166.2365,2808.1763,1267.3936,771.1892
IMG_5982 copy 18.JPG,1039.2059,633.88635,-753.34204,1046.4175,579.8051,-822.98285,1051.0541,578.1837,-824.2101,1055.9829,578.2462,-824.14484,1048.1318,573.36163,-713.338,1054.2551,567.5053,-714.7663,1060.3673,562.3754,-714.9934,1130.3593,570.39606,-966.3287,1124.1024,554.75397,-462.50116,1082.6598,670.5485,-784.1422,1080.1018,665.3572,-647.34314,1347.7217,744.0081,-1311.8593,1280.7405,663.28046,-16.679638,1233.923,1118.9836,-1669.3138,1002.65814,727.07227,118.55861,1184.6968,1516.7488,-1821.293,684.12744,784.1217,0.37459484,1098.6967,1561.738,-2032.3241,598.6545,781.0921,-38.44009,1081.3512,1537.4164,-1964.1228,600.8165,786.01825,-133.59154,1124.0094,1530.7036,-1801.2645,637.9355,788.5406,-58.7246,2020.9467,771.72534,-429.71832,1990.596,830.62695,429.3349,2576.9873,558.00055,-682.3741,2069.7354,1281.4213,592.47394,3081.979,231.30373,-861.6463,2532.0981,1207.8418,844.72406,3098.5608,126.86129,-878.6994,2546.0532,1105.4241,866.94855,3389.43,342.82224,-1166.2365,2808.1763,1267.3936,771.1892
IMG_5982 copy 19.JPG,1039.2059,633.88635,-753.34204,1046.4175,579.8051,-822.98285,1051.0541,578.1837,-824.2101,1055.9829,578.2462,-824.14484,1048.1318,573.36163,-713.338,1054.2551,567.5053,-714.7663,1060.3673,562.3754,-714.9934,1130.3593,570.39606,-966.3287,1124.1024,554.75397,-462.50116,1082.6598,670.5485,-784.1422,1080.1018,665.3572,-647.34314,1347.7217,744.0081,-1311.8593,1280.7405,663.28046,-16.679638,1233.923,1118.9836,-1669.3138,1002.65814,727.07227,118.55861,1184.6968,1516.7488,-1821.293,684.12744,784.1217,0.37459484,1098.6967,1561.738,-2032.3241,598.6545,781.0921,-38.44009,1081.3512,1537.4164,-1964.1228,600.8165,786.01825,-133.59154,1124.0094,1530.7036,-1801.2645,637.9355,788.5406,-58.7246,2020.9467,771.72534,-429.71832,1990.596,830.62695,429.3349,2576.9873,558.00055,-682.3741,2069.7354,1281.4213,592.47394,3081.979,231.30373,-861.6463,2532.0981,1207.8418,844.72406,3098.5608,126.86129,-878.6994,2546.0532,1105.4241,866.94855,3389.43,342.82224,-1166.2365,2808.1763,1267.3936,771.1892
IMG_5982 copy 2.JPG,1039.2059,633.88635,-753.34204,1046.4175,579.8051,-822.98285,1051.0541,578.1837,-824.2101,1055.9829,578.2462,-824.14484,1048.1318,573.36163,-713.338,1054.2551,567.5053,-714.7663,1060.3673,562.3754,-714.9934,1130.3593,570.39606,-966.3287,1124.1024,554.75397,-462.50116,1082.6598,670.5485,-784.1422,1080.1018,665.3572,-647.34314,1347.7217,744.0081,-1311.8593,1280.7405,663.28046,-16.679638,1233.923,1118.9836,-1669.3138,1002.65814,727.07227,118.55861,1184.6968,1516.7488,-1821.293,684.12744,784.1217,0.37459484,1098.6967,1561.738,-2032.3241,598.6545,781.0921,-38.44009,1081.3512,1537.4164,-1964.1228,600.8165,786.01825,-133.59154,1124.0094,1530.7036,-1801.2645,637.9355,788.5406,-58.7246,2020.9467,771.72534,-429.71832,1990.596,830.62695,429.3349,2576.9873,558.00055,-682.3741,2069.7354,1281.4213,592.47394,3081.979,231.30373,-861.6463,2532.0981,1207.8418,844.72406,3098.5608,126.86129,-878.6994,2546.0532,1105.4241,866.94855,3389.43,342.82224,-1166.2365,2808.1763,1267.3936,771.1892
IMG_5982 copy 3.JPG,1039.2059,633.88635,-753.34204,1046.4175,579.8051,-822.98285,1051.0541,578.1837,-824.2101,1055.9829,578.2462,-824.14484,1048.1318,573.36163,-713.338,1054.2551,567.5053,-714.7663,1060.3673,562.3754,-714.9934,1130.3593,570.39606,-966.3287,1124.1024,554.75397,-462.50116,1082.6598,670.5485,-784.1422,1080.1018,665.3572,-647.34314,1347.7217,744.0081,-1311.8593,1280.7405,663.28046,-16.679638,1233.923,1118.9836,-1669.3138,1002.65814,727.07227,118.55861,1184.6968,1516.7488,-1821.293,684.12744,784.1217,0.37459484,1098.6967,1561.738,-2032.3241,598.6545,781.0921,-38.44009,1081.3512,1537.4164,-1964.1228,600.8165,786.01825,-133.59154,1124.0094,1530.7036,-1801.2645,637.9355,788.5406,-58.7246,2020.9467,771.72534,-429.71832,1990.596,830.62695,429.3349,2576.9873,558.00055,-682.3741,2069.7354,1281.4213,592.47394,3081.979,231.30373,-861.6463,2532.0981,1207.8418,844.72406,3098.5608,126.86129,-878.6994,2546.0532,1105.4241,866.94855,3389.43,342.82224,-1166.2365,2808.1763,1267.3936,771.1892
IMG_5982 copy 4.JPG,1039.2059,633.88635,-753.34204,1046.4175,579.8051,-822.98285,1051.0541,578.1837,-824.2101,1055.9829,578.2462,-824.14484,1048.1318,573.36163,-713.338,1054.2551,567.5053,-714.7663,1060.3673,562.3754,-714.9934,1130.3593,570.39606,-966.3287,1124.1024,554.75397,-462.50116,1082.6598,670.5485,-784.1422,1080.1018,665.3572,-647.34314,1347.7217,744.0081,-1311.8593,1280.7405,663.28046,-16.679638,1233.923,1118.9836,-1669.3138,1002.65814,727.07227,118.55861,1184.6968,1516.7488,-1821.293,684.12744,784.1217,0.37459484,1098.6967,1561.738,-2032.3241,598.6545,781.0921,-38.44009,1081.3512,1537.4164,-1964.1228,600.8165,786.01825,-133.59154,1124.0094,1530.7036,-1801.2645,637.9355,788.5406,-58.7246,2020.9467,771.72534,-429.71832,1990.596,830.62695,429.3349,2576.9873,558.00055,-682.3741,2069.7354,1281.4213,592.47394,3081.979,231.30373,-861.6463,2532.0981,1207.8418,844.72406,3098.5608,126.86129,-878.6994,2546.0532,1105.4241,866.94855,3389.43,342.82224,-1166.2365,2808.1763,1267.3936,771.1892
IMG_5982 copy 5.JPG,1039.2059,633.88635,-753.34204,1046.4175,579.8051,-822.98285,1051.0541,578.1837,-824.2101,1055.9829,578.2462,-824.14484,1048.1318,573.36163,-713.338,1054.2551,567.5053,-714.7663,1060.3673,562.3754,-714.9934,1130.3593,570.39606,-966.3287,1124.1024,554.75397,-462.50116,1082.6598,670.5485,-784.1422,1080.1018,665.3572,-647.34314,1347.7217,744.0081,-1311.8593,1280.7405,663.28046,-16.679638,1233.923,1118.9836,-1669.3138,1002.65814,727.07227,118.55861,1184.6968,1516.7488,-1821.293,684.12744,784.1217,0.37459484,1098.6967,1561.738,-2032.3241,598.6545,781.0921,-38.44009,1081.3512,1537.4164,-1964.1228,600.8165,786.01825,-133.59154,1124.0094,1530.7036,-1801.2645,637.9355,788.5406,-58.7246,2020.9467,771.72534,-429.71832,1990.596,830.62695,429.3349,2576.9873,558.00055,-682.3741,2069.7354,1281.4213,592.47394,3081.979,231.30373,-861.6463,2532.0981,1207.8418,844.72406,3098.5608,126.86129,-878.6994,2546.0532,1105.4241,866.94855,3389.43,342.82224,-1166.2365,2808.1763,1267.3936,771.1892
IMG_5982 copy 6.JPG,1039.2059,633.88635,-753.34204,1046.4175,579.8051,-822.98285,1051.0541,578.1837,-824.2101,1055.9829,578.2462,-824.14484,1048.1318,573.36163,-713.338,1054.2551,567.5053,-714.7663,1060.3673,562.3754,-714.9934,1130.3593,570.39606,-966.3287,1124.1024,554.75397,-462.50116,1082.6598,670.5485,-784.1422,1080.1018,665.3572,-647.34314,1347.7217,744.0081,-1311.8593,1280.7405,663.28046,-16.679638,1233.923,1118.9836,-1669.3138,1002.65814,727.07227,118.55861,1184.6968,1516.7488,-1821.293,684.12744,784.1217,0.37459484,1098.6967,1561.738,-2032.3241,598.6545,781.0921,-38.44009,1081.3512,1537.4164,-1964.1228,600.8165,786.01825,-133.59154,1124.0094,1530.7036,-1801.2645,637.9355,788.5406,-58.7246,2020.9467,771.72534,-429.71832,1990.596,830.62695,429.3349,2576.9873,558.00055,-682.3741,2069.7354,1281.4213,592.47394,3081.979,231.30373,-861.6463,2532.0981,1207.8418,844.72406,3098.5608,126.86129,-878.6994,2546.0532,1105.4241,866.94855,3389.43,342.82224,-1166.2365,2808.1763,1267.3936,771.1892
IMG_5982 copy 7.JPG,1039.2059,633.88635,-753.34204,1046.4175,579.8051,-822.98285,1051.0541,578.1837,-824.2101,1055.9829,578.2462,-824.14484,1048.1318,573.36163,-713.338,1054.2551,567.5053,-714.7663,1060.3673,562.3754,-714.9934,1130.3593,570.39606,-966.3287,1124.1024,554.75397,-462.50116,1082.6598,670.5485,-784.1422,1080.1018,665.3572,-647.34314,1347.7217,744.0081,-1311.8593,1280.7405,663.28046,-16.679638,1233.923,1118.9836,-1669.3138,1002.65814,727.07227,118.55861,1184.6968,1516.7488,-1821.293,684.12744,784.1217,0.37459484,1098.6967,1561.738,-2032.3241,598.6545,781.0921,-38.44009,1081.3512,1537.4164,-1964.1228,600.8165,786.01825,-133.59154,1124.0094,1530.7036,-1801.2645,637.9355,788.5406,-58.7246,2020.9467,771.72534,-429.71832,1990.596,830.62695,429.3349,2576.9873,558.00055,-682.3741,2069.7354,1281.4213,592.47394,3081.979,231.30373,-861.6463,2532.0981,1207.8418,844.72406,3098.5608,126.86129,-878.6994,2546.0532,1105.4241,866.94855,3389.43,342.82224,-1166.2365,2808.1763,1267.3936,771.1892
IMG_5982 copy 8.JPG,1039.2059,633.88635,-753.34204,1046.4175,579.8051,-822.98285,1051.0541,578.1837,-824.2101,1055.9829,578.2462,-824.14484,1048.1318,573.36163,-713.338,1054.2551,567.5053,-714.7663,1060.3673,562.3754,-714.9934,1130.3593,570.39606,-966.3287,1124.1024,554.75397,-462.50116,1082.6598,670.5485,-784.1422,1080.1018,665.3572,-647.34314,1347.7217,744.0081,-1311.8593,1280.7405,663.28046,-16.679638,1233.923,1118.9836,-1669.3138,1002.65814,727.07227,118.55861,1184.6968,1516.7488,-1821.293,684.12744,784.1217,0.37459484,1098.6967,1561.738,-2032.3241,598.6545,781.0921,-38.44009,1081.3512,1537.4164,-1964.1228,600.8165,786.01825,-133.59154,1124.0094,1530.7036,-1801.2645,637.9355,788.5406,-58.7246,2020.9467,771.72534,-429.71832,1990.596,830.62695,429.3349,2576.9873,558.00055,-682.3741,2069.7354,1281.4213,592.47394,3081.979,231.30373,-861.6463,2532.0981,1207.8418,844.72406,3098.5608,126.86129,-878.6994,2546.0532,1105.4241,866.94855,3389.43,342.82224,-1166.2365,2808.1763,1267.3936,771.1892
IMG_5982 copy 9.JPG,1039.2059,633.88635,-753.34204,1046.4175,579.8051,-822.98285,1051.0541,578.1837,-824.2101,1055.9829,578.2462,-824.14484,1048.1318,573.36163,-713.338,1054.2551,567.5053,-714.7663,1060.3673,562.3754,-714.9934,1130.3593,570.39606,-966.3287,1124.1024,554.75397,-462.50116,1082.6598,670.5485,-784.1422,1080.1018,665.3572,-647.34314,1347.7217,744.0081,-1311.8593,1280.7405,663.28046,-16.679638,1233.923,1118.9836,-1669.3138,1002.65814,727.07227,118.55861,1184.6968,1516.7488,-1821.293,684.12744,784.1217,0.37459484,1098.6967,1561.738,-2032.3241,598.6545,781.0921,-38.44009,1081.3512,1537.4164,-1964.1228,600.8165,786.01825,-133.59154,1124.0094,1530.7036,-1801.2645,637.9355,788.5406,-58.7246,2020.9467,771.72534,-429.71832,1990.596,830.62695,429.3349,2576.9873,558.00055,-682.3741,2069.7354,1281.4213,592.47394,3081.979,231.30373,-861.6463,2532.0981,1207.8418,844.72406,3098.5608,126.86129,-878.6994,2546.0532,1105.4241,866.94855,3389.43,342.82224,-1166.2365,2808.1763,1267.3936,771.1892
IMG_5982 copy.JPG,1039.2059,633.88635,-753.34204,1046.4175,579.8051,-822.98285,1051.0541,578.1837,-824.2101,1055.9829,578.2462,-824.14484,1048.1318,573.36163,-713.338,1054.2551,567.5053,-714.7663,1060.3673,562.3754,-714.9934,1130.3593,570.39606,-966.3287,1124.1024,554.75397,-462.50116,1082.6598,670.5485,-784.1422,1080.1018,665.3572,-647.34314,1347.7217,744.0081,-1311.8593,1280.7405,663.28046,-16.679638,1233.923,1118.9836,-1669.3138,1002.65814,727.07227,118.55861,1184.6968,1516.7488,-1821.293,684.12744,784.1217,0.37459484,1098.6967,1561.738,-2032.3241,598.6545,781.0921,-38.44009,1081.3512,1537.4164,-1964.1228,600.8165,786.01825,-133.59154,1124.0094,1530.7036,-1801.2645,637.9355,788.5406,-58.7246,2020.9467,771.72534,-429.71832,1990.596,830.62695,429.3349,2576.9873,558.00055,-682.3741,2069.7354,1281.4213,592.47394,3081.979,231.30373,-861.6463,2532.0981,1207.8418,844.72406,3098.5608,126.86129,-878.6994,2546.0532,1105.4241,866.94855,3389.43,342.82224,-1166.2365,2808.1763,1267.3936,771.1892
IMG_5982.JPG,1039.2059,633.88635,-753.34204,1046.4175,579.8051,-822.98285,1051.0541,578.1837,-824.2101,1055.9829,578.2462,-824.14484,1048.1318,573.36163,-713.338,1054.2551,567.5053,-714.7663,1060.3673,562.3754,-714.9934,1130.3593,570.39606,-966.3287,1124.1024,554.75397,-462.50116,1082.6598,670.5485,-784.1422,1080.1018,665.3572,-647.34314,1347.7217,744.0081,-1311.8593,1280.7405,663.28046,-16.679638,1233.923,1118.9836,-1669.3138,1002.65814,727.07227,118.55861,1184.6968,1516.7488,-1821.293,684.12744,784.1217,0.37459484,1098.6967,1561.738,-2032.3241,598.6545,781.0921,-38.44009,1081.3512,1537.4164,-1964.1228,600.8165,786.01825,-133.59154,1124.0094,1530.7036,-1801.2645,637.9355,788.5406,-58.7246,2020.9467,771.72534,-429.71832,1990.596,830.62695,429.3349,2576.9873,558.00055,-682.3741,2069.7354,1281.4213,592.47394,3081.979,231.30373,-861.6463,2532.0981,1207.8418,844.72406,3098.5608,126.86129,-878.6994,2546.0532,1105.4241,866.94855,3389.43,342.82224,-1166.2365,2808.1763,1267.3936,771.1892
IMG_5983.JPG,395.02148,397.11728,-251.84914,401.45358,346.646,-325.2299,408.13904,344.27084,-326.49893,414.36487,342.65262,-326.4812,404.1362,341.49036,-192.94997,412.68243,335.80377,-194.70604,420.15036,330.93542,-195.06519,480.9591,332.1045,-489.54242,484.3535,321.4493,113.45916,438.4492,433.6671,-287.68146,439.39575,430.09363,-123.57467,644.47205,530.45966,-936.3644,676.0499,465.76337,630.9124,544.44385,969.69476,-1143.35,417.78937,574.7514,758.5681,485.57928,1378.6123,-968.0941,118.00566,561.89856,568.20746,390.9293,1418.0369,-1106.7517,24.765358,550.50464,553.3152,381.34808,1385.4967,-1024.544,12.858105,551.8306,494.2544,425.81705,1381.5228,-924.17755,51.133125,556.55505,519.59607,1479.8119,628.42053,-466.91568,1488.7845,693.97974,466.44345,2123.19,485.57736,-759.93854,1586.7377,1186.6311,679.62744,2720.8005,170.70538,-896.57684,2137.5378,1147.0256,977.23254,2767.96,36.770382,-911.6067,2177.1155,1016.2916,1001.0999,3048.4365,327.48108,-1255.005,2407.6704,1267.1582,868.31934
IMG_5984.JPG,719.59955,312.74115,1105.9941,702.05896,273.75064,1012.43994,696.7289,275.3854,1011.39844,691.5394,277.38412,1011.5766,727.8358,262.55048,1069.1643,740.07434,255.62704,1067.787,752.0162,249.51115,1067.7592,710.0391,286.7438,717.05566,789.7061,246.96225,973.76984,732.1972,341.09915,1027.0171,758.8955,326.46106,1091.5757,767.21173,444.7463,174.25287,986.0236,329.60922,1151.0316,694.42834,823.41797,113.181206,966.7652,410.6976,1540.6353,669.01996,1199.9608,396.87515,796.1038,536.49554,2032.5094,575.1227,1223.0815,371.232,741.5725,512.87177,2141.7751,576.16,1202.3448,428.12646,735.8549,519.69006,2090.9348,618.3371,1209.6453,440.98123,750.9706,529.56915,2012.214,1543.6914,556.9471,-274.46677,1590.0493,626.5812,272.1041,2204.95,408.07065,-977.30994,1642.2422,1185.4088,52.516666,2927.8284,80.75734,-1536.1257,2190.8838,1274.6812,-266.2315,2968.0847,0.91781974,-1585.5421,2256.3994,1157.3417,-305.46066,3287.754,280.75436,-1913.5027,2454.0627,1454.0507,-568.4244
IMG_5987.JPG,820.2045,493.6444,1285.3936,804.4541,446.8911,1231.0447,801.8066,446.68234,1229.9429,798.7389,447.5911,1230.1268,820.8914,437.23325,1297.6917,830.63855,429.91202,1296.3143,840.88763,423.3003,1296.059,821.99536,439.73978,1001.02185,880.5108,402.00235,1303.4371,839.55444,521.5226,1217.6533,858.9373,513.672,1294.7485,852.7378,640.8413,407.21713,1146.626,427.01477,1394.3445,904.8165,995.5974,443.37576,1334.5217,595.5721,1659.6858,916.8645,1298.0546,904.2276,1388.7921,716.0262,2090.4512,839.7482,1306.3561,934.9991,1393.3706,697.1272,2215.7676,851.3807,1284.0082,980.936,1392.3821,770.9563,2163.7712,884.4047,1291.3579,951.0921,1359.7454,755.65875,2071.008,1487.5447,757.60693,-376.9776,1604.3761,758.7598,374.0172,1941.4519,896.4972,-1482.274,1678.4702,1299.9138,223.47322,2631.5925,838.80475,-2404.755,2084.9758,1214.8716,-119.16217,2712.9429,733.5226,-2484.6057,2180.1084,1122.6735,-148.84238,2927.0273,1131.0299,-2795.958,2189.5085,1480.0214,-267.3995
IMG_5993 copy 2.JPG,2325.9812,525.8738,-618.1235,2314.8176,486.91528,-580.849,2308.1648,484.90576,-581.96466,2301.7097,482.43097,-581.8124,2312.8613,488.62286,-696.9788,2305.062,487.9368,-698.0499,2297.754,486.5638,-698.53925,2246.0405,477.42764,-365.94858,2246.1802,482.9659,-893.96136,2298.1785,556.01575,-519.5169,2296.1672,555.38763,-678.5946,2115.906,589.04553,7.3254232,2151.765,592.7488,-1100.2549,2168.3127,908.13617,171.09142,2400.7637,641.2635,-1513.6248,2182.6013,1147.0018,-73.93563,2664.9412,677.9219,-1667.429,2239.085,1165.6774,-67.8881,2743.5017,681.7039,-1881.9238,2238.2305,1171.9115,-231.9817,2751.4956,675.1534,-1800.7401,2211.2893,1171.411,-147.45184,2727.505,680.4486,-1656.7144,1647.0493,653.16455,341.07462,1618.1483,688.14594,-341.3014,1343.0951,568.9305,1159.109,1498.0007,995.4213,19.336475,1117.283,419.8847,1936.5172,1197.5385,909.01733,1006.32184,1087.7502,364.05264,2006.2015,1171.685,865.87714,1109.0892,1004.34125,442.97974,2048.431,1147.4662,896.1397,1186.4128
IMG_5993 copy 3.JPG,2325.9812,525.8738,-618.1235,2314.8176,486.91528,-580.849,2308.1648,484.90576,-581.96466,2301.7097,482.43097,-581.8124,2312.8613,488.62286,-696.9788,2305.062,487.9368,-698.0499,2297.754,486.5638,-698.53925,2246.0405,477.42764,-365.94858,2246.1802,482.9659,-893.96136,2298.1785,556.01575,-519.5169,2296.1672,555.38763,-678.5946,2115.906,589.04553,7.3254232,2151.765,592.7488,-1100.2549,2168.3127,908.13617,171.09142,2400.7637,641.2635,-1513.6248,2182.6013,1147.0018,-73.93563,2664.9412,677.9219,-1667.429,2239.085,1165.6774,-67.8881,2743.5017,681.7039,-1881.9238,2238.2305,1171.9115,-231.9817,2751.4956,675.1534,-1800.7401,2211.2893,1171.411,-147.45184,2727.505,680.4486,-1656.7144,1647.0493,653.16455,341.07462,1618.1483,688.14594,-341.3014,1343.0951,568.9305,1159.109,1498.0007,995.4213,19.336475,1117.283,419.8847,1936.5172,1197.5385,909.01733,1006.32184,1087.7502,364.05264,2006.2015,1171.685,865.87714,1109.0892,1004.34125,442.97974,2048.431,1147.4662,896.1397,1186.4128
IMG_5993 copy 4.JPG,2325.9812,525.8738,-618.1235,2314.8176,486.91528,-580.849,2308.1648,484.90576,-581.96466,2301.7097,482.43097,-581.8124,2312.8613,488.62286,-696.9788,2305.062,487.9368,-698.0499,2297.754,486.5638,-698.53925,2246.0405,477.42764,-365.94858,2246.1802,482.9659,-893.96136,2298.1785,556.01575,-519.5169,2296.1672,555.38763,-678.5946,2115.906,589.04553,7.3254232,2151.765,592.7488,-1100.2549,2168.3127,908.13617,171.09142,2400.7637,641.2635,-1513.6248,2182.6013,1147.0018,-73.93563,2664.9412,677.9219,-1667.429,2239.085,1165.6774,-67.8881,2743.5017,681.7039,-1881.9238,2238.2305,1171.9115,-231.9817,2751.4956,675.1534,-1800.7401,2211.2893,1171.411,-147.45184,2727.505,680.4486,-1656.7144,1647.0493,653.16455,341.07462,1618.1483,688.14594,-341.3014,1343.0951,568.9305,1159.109,1498.0007,995.4213,19.336475,1117.283,419.8847,1936.5172,1197.5385,909.01733,1006.32184,1087.7502,364.05264,2006.2015,1171.685,865.87714,1109.0892,1004.34125,442.97974,2048.431,1147.4662,896.1397,1186.4128
IMG_5993 copy 5.JPG,2325.9812,525.8738,-618.1235,2314.8176,486.91528,-580.849,2308.1648,484.90576,-581.96466,2301.7097,482.43097,-581.8124,2312.8613,488.62286,-696.9788,2305.062,487.9368,-698.0499,2297.754,486.5638,-698.53925,2246.0405,477.42764,-365.94858,2246.1802,482.9659,-893.96136,2298.1785,556.01575,-519.5169,2296.1672,555.38763,-678.5946,2115.906,589.04553,7.3254232,2151.765,592.7488,-1100.2549,2168.3127,908.13617,171.09142,2400.7637,641.2635,-1513.6248,2182.6013,1147.0018,-73.93563,2664.9412,677.9219,-1667.429,2239.085,1165.6774,-67.8881,2743.5017,681.7039,-1881.9238,2238.2305,1171.9115,-231.9817,2751.4956,675.1534,-1800.7401,2211.2893,1171.411,-147.45184,2727.505,680.4486,-1656.7144,1647.0493,653.16455,341.07462,1618.1483,688.14594,-341.3014,1343.0951,568.9305,1159.109,1498.0007,995.4213,19.336475,1117.283,419.8847,1936.5172,1197.5385,909.01733,1006.32184,1087.7502,364.05264,2006.2015,1171.685,865.87714,1109.0892,1004.34125,442.97974,2048.431,1147.4662,896.1397,1186.4128
IMG_5993 copy 6.JPG,2325.9812,525.8738,-618.1235,2314.8176,486.91528,-580.849,2308.1648,484.90576,-581.96466,2301.7097,482.43097,-581.8124,2312.8613,488.62286,-696.9788,2305.062,487.9368,-698.0499,2297.754,486.5638,-698.53925,2246.0405,477.42764,-365.94858,2246.1802,482.9659,-893.96136,2298.1785,556.01575,-519.5169,2296.1672,555.38763,-678.5946,2115.906,589.04553,7.3254232,2151.765,592.7488,-1100.2549,2168.3127,908.13617,171.09142,2400.7637,641.2635,-1513.6248,2182.6013,1147.0018,-73.93563,2664.9412,677.9219,-1667.429,2239.085,1165.6774,-67.8881,2743.5017,681.7039,-1881.9238,2238.2305,1171.9115,-231.9817,2751.4956,675.1534,-1800.7401,2211.2893,1171.411,-147.45184,2727.505,680.4486,-1656.7144,1647.0493,653.16455,341.07462,1618.1483,688.14594,-341.3014,1343.0951,568.9305,1159.109,1498.0007,995.4213,19.336475,1117.283,419.8847,1936.5172,1197.5385,909.01733,1006.32184,1087.7502,364.05264,2006.2015,1171.685,865.87714,1109.0892,1004.34125,442.97974,2048.431,1147.4662,896.1397,1186.4128
IMG_5993 copy 7.JPG,2325.9812,525.8738,-618.1235,2314.8176,486.91528,-580.849,2308.1648,484.90576,-581.96466,2301.7097,482.43097,-581.8124,2312.8613,488.62286,-696.9788,2305.062,487.9368,-698.0499,2297.754,486.5638,-698.53925,2246.0405,477.42764,-365.94858,2246.1802,482.9659,-893.96136,2298.1785,556.01575,-519.5169,2296.1672,555.38763,-678.5946,2115.906,589.04553,7.3254232,2151.765,592.7488,-1100.2549,2168.3127,908.13617,171.09142,2400.7637,641.2635,-1513.6248,2182.6013,1147.0018,-73.93563,2664.9412,677.9219,-1667.429,2239.085,1165.6774,-67.8881,2743.5017,681.7039,-1881.9238,2238.2305,1171.9115,-231.9817,2751.4956,675.1534,-1800.7401,2211.2893,1171.411,-147.45184,2727.505,680.4486,-1656.7144,1647.0493,653.16455,341.07462,1618.1483,688.14594,-341.3014,1343.0951,568.9305,1159.109,1498.0007,995.4213,19.336475,1117.283,419.8847,1936.5172,1197.5385,909.01733,1006.32184,1087.7502,364.05264,2006.2015,1171.685,865.87714,1109.0892,1004.34125,442.97974,2048.431,1147.4662,896.1397,1186.4128
IMG_5993 copy.JPG,2325.9812,525.8738,-618.1235,2314.8176,486.91528,-580.849,2308.1648,484.90576,-581.96466,2301.7097,482.43097,-581.8124,2312.8613,488.62286,-696.9788,2305.062,487.9368,-698.0499,2297.754,486.5638,-698.53925,2246.0405,477.42764,-365.94858,2246.1802,482.9659,-893.96136,2298.1785,556.01575,-519.5169,2296.1672,555.38763,-678.5946,2115.906,589.04553,7.3254232,2151.765,592.7488,-1100.2549,2168.3127,908.13617,171.09142,2400.7637,641.2635,-1513.6248,2182.6013,1147.0018,-73.93563,2664.9412,677.9219,-1667.429,2239.085,1165.6774,-67.8881,2743.5017,681.7039,-1881.9238,2238.2305,1171.9115,-231.9817,2751.4956,675.1534,-1800.7401,2211.2893,1171.411,-147.45184,2727.505,680.4486,-1656.7144,1647.0493,653.16455,341.07462,1618.1483,688.14594,-341.3014,1343.0951,568.9305,1159.109,1498.0007,995.4213,19.336475,1117.283,419.8847,1936.5172,1197.5385,909.01733,1006.32184,1087.7502,364.05264,2006.2015,1171.685,865.87714,1109.0892,1004.34125,442.97974,2048.431,1147.4662,896.1397,1186.4128
IMG_5993.JPG,2325.9812,525.8738,-618.1235,2314.8176,486.91528,-580.849,2308.1648,484.90576,-581.96466,2301.7097,482.43097,-581.8124,2312.8613,488.62286,-696.9788,2305.062,487.9368,-698.0499,2297.754,486.5638,-698.53925,2246.0405,477.42764,-365.94858,2246.1802,482.9659,-893.96136,2298.1785,556.01575,-519.5169,2296.1672,555.38763,-678.5946,2115.906,589.04553,7.3254232,2151.765,592.7488,-1100.2549,2168.3127,908.13617,171.09142,2400.7637,641.2635,-1513.6248,2182.6013,1147.0018,-73.93563,2664.9412,677.9219,-1667.429,2239.085,1165.6774,-67.8881,2743.5017,681.7039,-1881.9238,2238.2305,1171.9115,-231.9817,2751.4956,675.1534,-1800.7401,2211.2893,1171.411,-147.45184,2727.505,680.4486,-1656.7144,1647.0493,653.16455,341.07462,1618.1483,688.14594,-341.3014,1343.0951,568.9305,1159.109,1498.0007,995.4213,19.336475,1117.283,419.8847,1936.5172,1197.5385,909.01733,1006.32184,1087.7502,364.05264,2006.2015,1171.685,865.87714,1109.0892,1004.34125,442.97974,2048.431,1147.4662,896.1397,1186.4128
Screenshot_20230220_022712 copy 10.png,299.38107,340.85037,-182.33841,305.5164,333.19272,-177.15198,306.18445,331.95062,-177.44965,306.74377,330.78745,-177.40909,303.413,332.3291,-199.5178,302.5002,330.54227,-199.75096,301.55954,328.82422,-199.86668,302.6859,322.56604,-129.27556,296.2332,319.93945,-231.49928,294.11414,338.8892,-158.1255,291.92404,337.6494,-189.36902,278.80594,322.33517,-67.98667,258.9864,327.57797,-236.08704,297.8978,387.70743,-52.847626,303.71985,367.40012,-345.07394,311.5469,448.49142,-121.43092,360.9983,362.5198,-421.62634,327.07178,452.258,-130.20317,381.37207,362.15506,-472.2634,327.90814,456.78876,-155.98956,382.11407,360.34143,-463.3877,320.264,457.12607,-133.82133,375.4802,360.83728,-425.18866,171.40642,341.9506,59.880054,150.08557,357.6558,-59.96104,143.49117,339.6024,322.56183,132.5438,434.53668,-1.0785236,101.33688,316.30774,552.8036,80.8657,427.13867,204.38272,94.49829,307.30652,574.7181,73.57261,416.16333,225.60942,92.96706,319.59842,593.45496,75.96819,431.6609,229.46219
Screenshot_20230220_022712 copy 11.png,299.38107,340.85037,-182.33841,305.5164,333.19272,-177.15198,306.18445,331.95062,-177.44965,306.74377,330.78745,-177.40909,303.413,332.3291,-199.5178,302.5002,330.54227,-199.75096,301.55954,328.82422,-199.86668,302.6859,322.56604,-129.27556,296.2332,319.93945,-231.49928,294.11414,338.8892,-158.1255,291.92404,337.6494,-189.36902,278.80594,322.33517,-67.98667,258.9864,327.57797,-236.08704,297.8978,387.70743,-52.847626,303.71985,367.40012,-345.07394,311.5469,448.49142,-121.43092,360.9983,362.5198,-421.62634,327.07178,452.258,-130.20317,381.37207,362.15506,-472.2634,327.90814,456.78876,-155.98956,382.11407,360.34143,-463.3877,320.264,457.12607,-133.82133,375.4802,360.83728,-425.18866,171.40642,341.9506,59.880054,150.08557,357.6558,-59.96104,143.49117,339.6024,322.56183,132.5438,434.53668,-1.0785236,101.33688,316.30774,552.8036,80.8657,427.13867,204.38272,94.49829,307.30652,574.7181,73.57261,416.16333,225.60942,92.96706,319.59842,593.45496,75.96819,431.6609,229.46219
Screenshot_20230220_022712 copy 2.png,299.38107,340.85037,-182.33841,305.5164,333.19272,-177.15198,306.18445,331.95062,-177.44965,306.74377,330.78745,-177.40909,303.413,332.3291,-199.5178,302.5002,330.54227,-199.75096,301.55954,328.82422,-199.86668,302.6859,322.56604,-129.27556,296.2332,319.93945,-231.49928,294.11414,338.8892,-158.1255,291.92404,337.6494,-189.36902,278.80594,322.33517,-67.98667,258.9864,327.57797,-236.08704,297.8978,387.70743,-52.847626,303.71985,367.40012,-345.07394,311.5469,448.49142,-121.43092,360.9983,362.5198,-421.62634,327.07178,452.258,-130.20317,381.37207,362.15506,-472.2634,327.90814,456.78876,-155.98956,382.11407,360.34143,-463.3877,320.264,457.12607,-133.82133,375.4802,360.83728,-425.18866,171.40642,341.9506,59.880054,150.08557,357.6558,-59.96104,143.49117,339.6024,322.56183,132.5438,434.53668,-1.0785236,101.33688,316.30774,552.8036,80.8657,427.13867,204.38272,94.49829,307.30652,574.7181,73.57261,416.16333,225.60942,92.96706,319.59842,593.45496,75.96819,431.6609,229.46219
Screenshot_20230220_022712 copy 3.png,299.38107,340.85037,-182.33841,305.5164,333.19272,-177.15198,306.18445,331.95062,-177.44965,306.74377,330.78745,-177.40909,303.413,332.3291,-199.5178,302.5002,330.54227,-199.75096,301.55954,328.82422,-199.86668,302.6859,322.56604,-129.27556,296.2332,319.93945,-231.49928,294.11414,338.8892,-158.1255,291.92404,337.6494,-189.36902,278.80594,322.33517,-67.98667,258.9864,327.57797,-236.08704,297.8978,387.70743,-52.847626,303.71985,367.40012,-345.07394,311.5469,448.49142,-121.43092,360.9983,362.5198,-421.62634,327.07178,452.258,-130.20317,381.37207,362.15506,-472.2634,327.90814,456.78876,-155.98956,382.11407,360.34143,-463.3877,320.264,457.12607,-133.82133,375.4802,360.83728,-425.18866,171.40642,341.9506,59.880054,150.08557,357.6558,-59.96104,143.49117,339.6024,322.56183,132.5438,434.53668,-1.0785236,101.33688,316.30774,552.8036,80.8657,427.13867,204.38272,94.49829,307.30652,574.7181,73.57261,416.16333,225.60942,92.96706,319.59842,593.45496,75.96819,431.6609,229.46219
Screenshot_20230220_022712 copy 4.png,299.38107,340.85037,-182.33841,305.5164,333.19272,-177.15198,306.18445,331.95062,-177.44965,306.74377,330.78745,-177.40909,303.413,332.3291,-199.5178,302.5002,330.54227,-199.75096,301.55954,328.82422,-199.86668,302.6859,322.56604,-129.27556,296.2332,319.93945,-231.49928,294.11414,338.8892,-158.1255,291.92404,337.6494,-189.36902,278.80594,322.33517,-67.98667,258.9864,327.57797,-236.08704,297.8978,387.70743,-52.847626,303.71985,367.40012,-345.07394,311.5469,448.49142,-121.43092,360.9983,362.5198,-421.62634,327.07178,452.258,-130.20317,381.37207,362.15506,-472.2634,327.90814,456.78876,-155.98956,382.11407,360.34143,-463.3877,320.264,457.12607,-133.82133,375.4802,360.83728,-425.18866,171.40642,341.9506,59.880054,150.08557,357.6558,-59.96104,143.49117,339.6024,322.56183,132.5438,434.53668,-1.0785236,101.33688,316.30774,552.8036,80.8657,427.13867,204.38272,94.49829,307.30652,574.7181,73.57261,416.16333,225.60942,92.96706,319.59842,593.45496,75.96819,431.6609,229.46219
Screenshot_20230220_022712 copy 5.png,299.38107,340.85037,-182.33841,305.5164,333.19272,-177.15198,306.18445,331.95062,-177.44965,306.74377,330.78745,-177.40909,303.413,332.3291,-199.5178,302.5002,330.54227,-199.75096,301.55954,328.82422,-199.86668,302.6859,322.56604,-129.27556,296.2332,319.93945,-231.49928,294.11414,338.8892,-158.1255,291.92404,337.6494,-189.36902,278.80594,322.33517,-67.98667,258.9864,327.57797,-236.08704,297.8978,387.70743,-52.847626,303.71985,367.40012,-345.07394,311.5469,448.49142,-121.43092,360.9983,362.5198,-421.62634,327.07178,452.258,-130.20317,381.37207,362.15506,-472.2634,327.90814,456.78876,-155.98956,382.11407,360.34143,-463.3877,320.264,457.12607,-133.82133,375.4802,360.83728,-425.18866,171.40642,341.9506,59.880054,150.08557,357.6558,-59.96104,143.49117,339.6024,322.56183,132.5438,434.53668,-1.0785236,101.33688,316.30774,552.8036,80.8657,427.13867,204.38272,94.49829,307.30652,574.7181,73.57261,416.16333,225.60942,92.96706,319.59842,593.45496,75.96819,431.6609,229.46219
Screenshot_20230220_022712 copy 6.png,299.38107,340.85037,-182.33841,305.5164,333.19272,-177.15198,306.18445,331.95062,-177.44965,306.74377,330.78745,-177.40909,303.413,332.3291,-199.5178,302.5002,330.54227,-199.75096,301.55954,328.82422,-199.86668,302.6859,322.56604,-129.27556,296.2332,319.93945,-231.49928,294.11414,338.8892,-158.1255,291.92404,337.6494,-189.36902,278.80594,322.33517,-67.98667,258.9864,327.57797,-236.08704,297.8978,387.70743,-52.847626,303.71985,367.40012,-345.07394,311.5469,448.49142,-121.43092,360.9983,362.5198,-421.62634,327.07178,452.258,-130.20317,381.37207,362.15506,-472.2634,327.90814,456.78876,-155.98956,382.11407,360.34143,-463.3877,320.264,457.12607,-133.82133,375.4802,360.83728,-425.18866,171.40642,341.9506,59.880054,150.08557,357.6558,-59.96104,143.49117,339.6024,322.56183,132.5438,434.53668,-1.0785236,101.33688,316.30774,552.8036,80.8657,427.13867,204.38272,94.49829,307.30652,574.7181,73.57261,416.16333,225.60942,92.96706,319.59842,593.45496,75.96819,431.6609,229.46219
Screenshot_20230220_022712 copy 7.png,299.38107,340.85037,-182.33841,305.5164,333.19272,-177.15198,306.18445,331.95062,-177.44965,306.74377,330.78745,-177.40909,303.413,332.3291,-199.5178,302.5002,330.54227,-199.75096,301.55954,328.82422,-199.86668,302.6859,322.56604,-129.27556,296.2332,319.93945,-231.49928,294.11414,338.8892,-158.1255,291.92404,337.6494,-189.36902,278.80594,322.33517,-67.98667,258.9864,327.57797,-236.08704,297.8978,387.70743,-52.847626,303.71985,367.40012,-345.07394,311.5469,448.49142,-121.43092,360.9983,362.5198,-421.62634,327.07178,452.258,-130.20317,381.37207,362.15506,-472.2634,327.90814,456.78876,-155.98956,382.11407,360.34143,-463.3877,320.264,457.12607,-133.82133,375.4802,360.83728,-425.18866,171.40642,341.9506,59.880054,150.08557,357.6558,-59.96104,143.49117,339.6024,322.56183,132.5438,434.53668,-1.0785236,101.33688,316.30774,552.8036,80.8657,427.13867,204.38272,94.49829,307.30652,574.7181,73.57261,416.16333,225.60942,92.96706,319.59842,593.45496,75.96819,431.6609,229.46219
Screenshot_20230220_022712 copy 8.png,299.38107,340.85037,-182.33841,305.5164,333.19272,-177.15198,306.18445,331.95062,-177.44965,306.74377,330.78745,-177.40909,303.413,332.3291,-199.5178,302.5002,330.54227,-199.75096,301.55954,328.82422,-199.86668,302.6859,322.56604,-129.27556,296.2332,319.93945,-231.49928,294.11414,338.8892,-158.1255,291.92404,337.6494,-189.36902,278.80594,322.33517,-67.98667,258.9864,327.57797,-236.08704,297.8978,387.70743,-52.847626,303.71985,367.40012,-345.07394,311.5469,448.49142,-121.43092,360.9983,362.5198,-421.62634,327.07178,452.258,-130.20317,381.37207,362.15506,-472.2634,327.90814,456.78876,-155.98956,382.11407,360.34143,-463.3877,320.264,457.12607,-133.82133,375.4802,360.83728,-425.18866,171.40642,341.9506,59.880054,150.08557,357.6558,-59.96104,143.49117,339.6024,322.56183,132.5438,434.53668,-1.0785236,101.33688,316.30774,552.8036,80.8657,427.13867,204.38272,94.49829,307.30652,574.7181,73.57261,416.16333,225.60942,92.96706,319.59842,593.45496,75.96819,431.6609,229.46219
Screenshot_20230220_022712 copy 9.png,299.38107,340.85037,-182.33841,305.5164,333.19272,-177.15198,306.18445,331.95062,-177.44965,306.74377,330.78745,-177.40909,303.413,332.3291,-199.5178,302.5002,330.54227,-199.75096,301.55954,328.82422,-199.86668,302.6859,322.56604,-129.27556,296.2332,319.93945,-231.49928,294.11414,338.8892,-158.1255,291.92404,337.6494,-189.36902,278.80594,322.33517,-67.98667,258.9864,327.57797,-236.08704,297.8978,387.70743,-52.847626,303.71985,367.40012,-345.07394,311.5469,448.49142,-121.43092,360.9983,362.5198,-421.62634,327.07178,452.258,-130.20317,381.37207,362.15506,-472.2634,327.90814,456.78876,-155.98956,382.11407,360.34143,-463.3877,320.264,457.12607,-133.82133,375.4802,360.83728,-425.18866,171.40642,341.9506,59.880054,150.08557,357.6558,-59.96104,143.49117,339.6024,322.56183,132.5438,434.53668,-1.0785236,101.33688,316.30774,552.8036,80.8657,427.13867,204.38272,94.49829,307.30652,574.7181,73.57261,416.16333,225.60942,92.96706,319.59842,593.45496,75.96819,431.6609,229.46219
Screenshot_20230220_022712 copy.png,299.38107,340.85037,-182.33841,305.5164,333.19272,-177.15198,306.18445,331.95062,-177.44965,306.74377,330.78745,-177.40909,303.413,332.3291,-199.5178,302.5002,330.54227,-199.75096,301.55954,328.82422,-199.86668,302.6859,322.56604,-129.27556,296.2332,319.93945,-231.49928,294.11414,338.8892,-158.1255,291.92404,337.6494,-189.36902,278.80594,322.33517,-67.98667,258.9864,327.57797,-236.08704,297.8978,387.70743,-52.847626,303.71985,367.40012,-345.07394,311.5469,448.49142,-121.43092,360.9983,362.5198,-421.62634,327.07178,452.258,-130.20317,381.37207,362.15506,-472.2634,327.90814,456.78876,-155.98956,382.11407,360.34143,-463.3877,320.264,457.12607,-133.82133,375.4802,360.83728,-425.18866,171.40642,341.9506,59.880054,150.08557,357.6558,-59.96104,143.49117,339.6024,322.56183,132.5438,434.53668,-1.0785236,101.33688,316.30774,552.8036,80.8657,427.13867,204.38272,94.49829,307.30652,574.7181,73.57261,416.16333,225.60942,92.96706,319.59842,593.45496,75.96819,431.6609,229.46219
Screenshot_20230220_022712.png,299.38107,340.85037,-182.33841,305.5164,333.19272,-177.15198,306.18445,331.95062,-177.44965,306.74377,330.78745,-177.40909,303.413,332.3291,-199.5178,302.5002,330.54227,-199.75096,301.55954,328.82422,-199.86668,302.6859,322.56604,-129.27556,296.2332,319.93945,-231.49928,294.11414,338.8892,-158.1255,291.92404,337.6494,-189.36902,278.80594,322.33517,-67.98667,258.9864,327.57797,-236.08704,297.8978,387.70743,-52.847626,303.71985,367.40012,-345.07394,311.5469,448.49142,-121.43092,360.9983,362.5198,-421.62634,327.07178,452.258,-130.20317,381.37207,362.15506,-472.2634,327.90814,456.78876,-155.98956,382.11407,360.34143,-463.3877,320.264,457.12607,-133.82133,375.4802,360.83728,-425.18866,171.40642,341.9506,59.880054,150.08557,357.6558,-59.96104,143.49117,339.6024,322.56183,132.5438,434.53668,-1.0785236,101.33688,316.30774,552.8036,80.8657,427.13867,204.38272,94.49829,307.30652,574.7181,73.57261,416.16333,225.60942,92.96706,319.59842,593.45496,75.96819,431.6609,229.46219
Screenshot_20230220_022730 copy 10.png,300.70334,336.12384,-144.37122,306.5742,332.5207,-145.64537,307.33978,330.64487,-145.93858,308.1875,328.79718,-145.89291,304.19028,333.3517,-170.40036,303.26364,332.1788,-170.61923,302.47748,331.1577,-170.67346,304.18198,317.21457,-120.20603,297.91614,321.29932,-233.57333,294.69226,330.16382,-126.989235,292.86826,331.12964,-161.44965,281.20612,288.66302,-60.992615,259.7424,320.9906,-240.76338,286.37466,356.10376,-36.27885,304.8847,364.00906,-330.81818,285.6685,410.94232,-100.44465,386.53717,395.76,-376.15897,298.50253,418.87546,-111.24313,407.2256,400.3418,-423.39404,298.37018,422.29224,-137.72935,409.8113,393.9089,-410.9117,290.94617,420.6701,-113.13335,403.11224,391.87064,-377.0603,163.93959,301.93784,60.869648,152.61058,332.77444,-60.968567,117.692474,290.7233,316.25964,162.25922,402.61954,9.520066,64.54383,266.12622,535.652,103.62875,370.52142,225.69315,53.17777,258.0281,556.5132,95.01805,355.6464,248.68944,61.763073,282.5241,570.28845,89.94566,384.722,268.35632
Screenshot_20230220_022730 copy 11.png,300.70334,336.12384,-144.37122,306.5742,332.5207,-145.64537,307.33978,330.64487,-145.93858,308.1875,328.79718,-145.89291,304.19028,333.3517,-170.40036,303.26364,332.1788,-170.61923,302.47748,331.1577,-170.67346,304.18198,317.21457,-120.20603,297.91614,321.29932,-233.57333,294.69226,330.16382,-126.989235,292.86826,331.12964,-161.44965,281.20612,288.66302,-60.992615,259.7424,320.9906,-240.76338,286.37466,356.10376,-36.27885,304.8847,364.00906,-330.81818,285.6685,410.94232,-100.44465,386.53717,395.76,-376.15897,298.50253,418.87546,-111.24313,407.2256,400.3418,-423.39404,298.37018,422.29224,-137.72935,409.8113,393.9089,-410.9117,290.94617,420.6701,-113.13335,403.11224,391.87064,-377.0603,163.93959,301.93784,60.869648,152.61058,332.77444,-60.968567,117.692474,290.7233,316.25964,162.25922,402.61954,9.520066,64.54383,266.12622,535.652,103.62875,370.52142,225.69315,53.17777,258.0281,556.5132,95.01805,355.6464,248.68944,61.763073,282.5241,570.28845,89.94566,384.722,268.35632
Screenshot_20230220_022730 copy 12.png,300.70334,336.12384,-144.37122,306.5742,332.5207,-145.64537,307.33978,330.64487,-145.93858,308.1875,328.79718,-145.89291,304.19028,333.3517,-170.40036,303.26364,332.1788,-170.61923,302.47748,331.1577,-170.67346,304.18198,317.21457,-120.20603,297.91614,321.29932,-233.57333,294.69226,330.16382,-126.989235,292.86826,331.12964,-161.44965,281.20612,288.66302,-60.992615,259.7424,320.9906,-240.76338,286.37466,356.10376,-36.27885,304.8847,364.00906,-330.81818,285.6685,410.94232,-100.44465,386.53717,395.76,-376.15897,298.50253,418.87546,-111.24313,407.2256,400.3418,-423.39404,298.37018,422.29224,-137.72935,409.8113,393.9089,-410.9117,290.94617,420.6701,-113.13335,403.11224,391.87064,-377.0603,163.93959,301.93784,60.869648,152.61058,332.77444,-60.968567,117.692474,290.7233,316.25964,162.25922,402.61954,9.520066,64.54383,266.12622,535.652,103.62875,370.52142,225.69315,53.17777,258.0281,556.5132,95.01805,355.6464,248.68944,61.763073,282.5241,570.28845,89.94566,384.722,268.35632
Screenshot_20230220_022730 copy 2.png,300.70334,336.12384,-144.37122,306.5742,332.5207,-145.64537,307.33978,330.64487,-145.93858,308.1875,328.79718,-145.89291,304.19028,333.3517,-170.40036,303.26364,332.1788,-170.61923,302.47748,331.1577,-170.67346,304.18198,317.21457,-120.20603,297.91614,321.29932,-233.57333,294.69226,330.16382,-126.989235,292.86826,331.12964,-161.44965,281.20612,288.66302,-60.992615,259.7424,320.9906,-240.76338,286.37466,356.10376,-36.27885,304.8847,364.00906,-330.81818,285.6685,410.94232,-100.44465,386.53717,395.76,-376.15897,298.50253,418.87546,-111.24313,407.2256,400.3418,-423.39404,298.37018,422.29224,-137.72935,409.8113,393.9089,-410.9117,290.94617,420.6701,-113.13335,403.11224,391.87064,-377.0603,163.93959,301.93784,60.869648,152.61058,332.77444,-60.968567,117.692474,290.7233,316.25964,162.25922,402.61954,9.520066,64.54383,266.12622,535.652,103.62875,370.52142,225.69315,53.17777,258.0281,556.5132,95.01805,355.6464,248.68944,61.763073,282.5241,570.28845,89.94566,384.722,268.35632
Screenshot_20230220_022730 copy 3.png,300.70334,336.12384,-144.37122,306.5742,332.5207,-145.64537,307.33978,330.64487,-145.93858,308.1875,328.79718,-145.89291,304.19028,333.3517,-170.40036,303.26364,332.1788,-170.61923,302.47748,331.1577,-170.67346,304.18198,317.21457,-120.20603,297.91614,321.29932,-233.57333,294.69226,330.16382,-126.989235,292.86826,331.12964,-161.44965,281.20612,288.66302,-60.992615,259.7424,320.9906,-240.76338,286.37466,356.10376,-36.27885,304.8847,364.00906,-330.81818,285.6685,410.94232,-100.44465,386.53717,395.76,-376.15897,298.50253,418.87546,-111.24313,407.2256,400.3418,-423.39404,298.37018,422.29224,-137.72935,409.8113,393.9089,-410.9117,290.94617,420.6701,-113.13335,403.11224,391.87064,-377.0603,163.93959,301.93784,60.869648,152.61058,332.77444,-60.968567,117.692474,290.7233,316.25964,162.25922,402.61954,9.520066,64.54383,266.12622,535.652,103.62875,370.52142,225.69315,53.17777,258.0281,556.5132,95.01805,355.6464,248.68944,61.763073,282.5241,570.28845,89.94566,384.722,268.35632
Screenshot_20230220_022730 copy 4.png,300.70334,336.12384,-144.37122,306.5742,332.5207,-145.64537,307.33978,330.64487,-145.93858,308.1875,328.79718,-145.89291,304.19028,333.3517,-170.40036,303.26364,332.1788,-170.61923,302.47748,331.1577,-170.67346,304.18198,317.21457,-120.20603,297.91614,321.29932,-233.57333,294.69226,330.16382,-126.989235,292.86826,331.12964,-161.44965,281.20612,288.66302,-60.992615,259.7424,320.9906,-240.76338,286.37466,356.10376,-36.27885,304.8847,364.00906,-330.81818,285.6685,410.94232,-100.44465,386.53717,395.76,-376.15897,298.50253,418.87546,-111.24313,407.2256,400.3418,-423.39404,298.37018,422.29224,-137.72935,409.8113,393.9089,-410.9117,290.94617,420.6701,-113.13335,403.11224,391.87064,-377.0603,163.93959,301.93784,60.869648,152.61058,332.77444,-60.968567,117.692474,290.7233,316.25964,162.25922,402.61954,9.520066,64.54383,266.12622,535.652,103.62875,370.52142,225.69315,53.17777,258.0281,556.5132,95.01805,355.6464,248.68944,61.763073,282.5241,570.28845,89.94566,384.722,268.35632
Screenshot_20230220_022730 copy 5.png,300.70334,336.12384,-144.37122,306.5742,332.5207,-145.64537,307.33978,330.64487,-145.93858,308.1875,328.79718,-145.89291,304.19028,333.3517,-170.40036,303.26364,332.1788,-170.61923,302.47748,331.1577,-170.67346,304.18198,317.21457,-120.20603,297.91614,321.29932,-233.57333,294.69226,330.16382,-126.989235,292.86826,331.12964,-161.44965,281.20612,288.66302,-60.992615,259.7424,320.9906,-240.76338,286.37466,356.10376,-36.27885,304.8847,364.00906,-330.81818,285.6685,410.94232,-100.44465,386.53717,395.76,-376.15897,298.50253,418.87546,-111.24313,407.2256,400.3418,-423.39404,298.37018,422.29224,-137.72935,409.8113,393.9089,-410.9117,290.94617,420.6701,-113.13335,403.11224,391.87064,-377.0603,163.93959,301.93784,60.869648,152.61058,332.77444,-60.968567,117.692474,290.7233,316.25964,162.25922,402.61954,9.520066,64.54383,266.12622,535.652,103.62875,370.52142,225.69315,53.17777,258.0281,556.5132,95.01805,355.6464,248.68944,61.763073,282.5241,570.28845,89.94566,384.722,268.35632
Screenshot_20230220_022730 copy 6.png,300.70334,336.12384,-144.37122,306.5742,332.5207,-145.64537,307.33978,330.64487,-145.93858,308.1875,328.79718,-145.89291,304.19028,333.3517,-170.40036,303.26364,332.1788,-170.61923,302.47748,331.1577,-170.67346,304.18198,317.21457,-120.20603,297.91614,321.29932,-233.57333,294.69226,330.16382,-126.989235,292.86826,331.12964,-161.44965,281.20612,288.66302,-60.992615,259.7424,320.9906,-240.76338,286.37466,356.10376,-36.27885,304.8847,364.00906,-330.81818,285.6685,410.94232,-100.44465,386.53717,395.76,-376.15897,298.50253,418.87546,-111.24313,407.2256,400.3418,-423.39404,298.37018,422.29224,-137.72935,409.8113,393.9089,-410.9117,290.94617,420.6701,-113.13335,403.11224,391.87064,-377.0603,163.93959,301.93784,60.869648,152.61058,332.77444,-60.968567,117.692474,290.7233,316.25964,162.25922,402.61954,9.520066,64.54383,266.12622,535.652,103.62875,370.52142,225.69315,53.17777,258.0281,556.5132,95.01805,355.6464,248.68944,61.763073,282.5241,570.28845,89.94566,384.722,268.35632
Screenshot_20230220_022730 copy 7.png,300.70334,336.12384,-144.37122,306.5742,332.5207,-145.64537,307.33978,330.64487,-145.93858,308.1875,328.79718,-145.89291,304.19028,333.3517,-170.40036,303.26364,332.1788,-170.61923,302.47748,331.1577,-170.67346,304.18198,317.21457,-120.20603,297.91614,321.29932,-233.57333,294.69226,330.16382,-126.989235,292.86826,331.12964,-161.44965,281.20612,288.66302,-60.992615,259.7424,320.9906,-240.76338,286.37466,356.10376,-36.27885,304.8847,364.00906,-330.81818,285.6685,410.94232,-100.44465,386.53717,395.76,-376.15897,298.50253,418.87546,-111.24313,407.2256,400.3418,-423.39404,298.37018,422.29224,-137.72935,409.8113,393.9089,-410.9117,290.94617,420.6701,-113.13335,403.11224,391.87064,-377.0603,163.93959,301.93784,60.869648,152.61058,332.77444,-60.968567,117.692474,290.7233,316.25964,162.25922,402.61954,9.520066,64.54383,266.12622,535.652,103.62875,370.52142,225.69315,53.17777,258.0281,556.5132,95.01805,355.6464,248.68944,61.763073,282.5241,570.28845,89.94566,384.722,268.35632
Screenshot_20230220_022730 copy 8.png,300.70334,336.12384,-144.37122,306.5742,332.5207,-145.64537,307.33978,330.64487,-145.93858,308.1875,328.79718,-145.89291,304.19028,333.3517,-170.40036,303.26364,332.1788,-170.61923,302.47748,331.1577,-170.67346,304.18198,317.21457,-120.20603,297.91614,321.29932,-233.57333,294.69226,330.16382,-126.989235,292.86826,331.12964,-161.44965,281.20612,288.66302,-60.992615,259.7424,320.9906,-240.76338,286.37466,356.10376,-36.27885,304.8847,364.00906,-330.81818,285.6685,410.94232,-100.44465,386.53717,395.76,-376.15897,298.50253,418.87546,-111.24313,407.2256,400.3418,-423.39404,298.37018,422.29224,-137.72935,409.8113,393.9089,-410.9117,290.94617,420.6701,-113.13335,403.11224,391.87064,-377.0603,163.93959,301.93784,60.869648,152.61058,332.77444,-60.968567,117.692474,290.7233,316.25964,162.25922,402.61954,9.520066,64.54383,266.12622,535.652,103.62875,370.52142,225.69315,53.17777,258.0281,556.5132,95.01805,355.6464,248.68944,61.763073,282.5241,570.28845,89.94566,384.722,268.35632
Screenshot_20230220_022730 copy 9.png,300.70334,336.12384,-144.37122,306.5742,332.5207,-145.64537,307.33978,330.64487,-145.93858,308.1875,328.79718,-145.89291,304.19028,333.3517,-170.40036,303.26364,332.1788,-170.61923,302.47748,331.1577,-170.67346,304.18198,317.21457,-120.20603,297.91614,321.29932,-233.57333,294.69226,330.16382,-126.989235,292.86826,331.12964,-161.44965,281.20612,288.66302,-60.992615,259.7424,320.9906,-240.76338,286.37466,356.10376,-36.27885,304.8847,364.00906,-330.81818,285.6685,410.94232,-100.44465,386.53717,395.76,-376.15897,298.50253,418.87546,-111.24313,407.2256,400.3418,-423.39404,298.37018,422.29224,-137.72935,409.8113,393.9089,-410.9117,290.94617,420.6701,-113.13335,403.11224,391.87064,-377.0603,163.93959,301.93784,60.869648,152.61058,332.77444,-60.968567,117.692474,290.7233,316.25964,162.25922,402.61954,9.520066,64.54383,266.12622,535.652,103.62875,370.52142,225.69315,53.17777,258.0281,556.5132,95.01805,355.6464,248.68944,61.763073,282.5241,570.28845,89.94566,384.722,268.35632
Screenshot_20230220_022730 copy.png,300.70334,336.12384,-144.37122,306.5742,332.5207,-145.64537,307.33978,330.64487,-145.93858,308.1875,328.79718,-145.89291,304.19028,333.3517,-170.40036,303.26364,332.1788,-170.61923,302.47748,331.1577,-170.67346,304.18198,317.21457,-120.20603,297.91614,321.29932,-233.57333,294.69226,330.16382,-126.989235,292.86826,331.12964,-161.44965,281.20612,288.66302,-60.992615,259.7424,320.9906,-240.76338,286.37466,356.10376,-36.27885,304.8847,364.00906,-330.81818,285.6685,410.94232,-100.44465,386.53717,395.76,-376.15897,298.50253,418.87546,-111.24313,407.2256,400.3418,-423.39404,298.37018,422.29224,-137.72935,409.8113,393.9089,-410.9117,290.94617,420.6701,-113.13335,403.11224,391.87064,-377.0603,163.93959,301.93784,60.869648,152.61058,332.77444,-60.968567,117.692474,290.7233,316.25964,162.25922,402.61954,9.520066,64.54383,266.12622,535.652,103.62875,370.52142,225.69315,53.17777,258.0281,556.5132,95.01805,355.6464,248.68944,61.763073,282.5241,570.28845,89.94566,384.722,268.35632
Screenshot_20230220_022730.png,300.70334,336.12384,-144.37122,306.5742,332.5207,-145.64537,307.33978,330.64487,-145.93858,308.1875,328.79718,-145.89291,304.19028,333.3517,-170.40036,303.26364,332.1788,-170.61923,302.47748,331.1577,-170.67346,304.18198,317.21457,-120.20603,297.91614,321.29932,-233.57333,294.69226,330.16382,-126.989235,292.86826,331.12964,-161.44965,281.20612,288.66302,-60.992615,259.7424,320.9906,-240.76338,286.37466,356.10376,-36.27885,304.8847,364.00906,-330.81818,285.6685,410.94232,-100.44465,386.53717,395.76,-376.15897,298.50253,418.87546,-111.24313,407.2256,400.3418,-423.39404,298.37018,422.29224,-137.72935,409.8113,393.9089,-410.9117,290.94617,420.6701,-113.13335,403.11224,391.87064,-377.0603,163.93959,301.93784,60.869648,152.61058,332.77444,-60.968567,117.692474,290.7233,316.25964,162.25922,402.61954,9.520066,64.54383,266.12622,535.652,103.62875,370.52142,225.69315,53.17777,258.0281,556.5132,95.01805,355.6464,248.68944,61.763073,282.5241,570.28845,89.94566,384.722,268.35632
Screenshot_20230220_023005 copy 2.png,310.0507,375.3396,-68.98796,317.93875,373.0138,-69.69031,319.15326,370.8207,-69.976875,320.37274,368.65237,-69.94392,316.3816,374.60022,-93.546036,316.26648,373.91077,-93.79928,316.1236,373.45953,-93.88637,320.0862,357.20538,-52.696636,314.22305,365.12787,-162.5966,304.67944,368.01413,-55.39942,303.61023,370.3383,-88.901474,292.1271,324.2593,11.336184,277.90555,355.68698,-188.67621,294.28357,381.52225,119.95831,320.08835,396.45248,-293.26144,294.41135,426.77087,159.0488,390.7562,435.37167,-340.5151,304.93695,439.25534,167.53552,410.74985,444.71042,-381.56406,306.94284,439.76642,141.80708,413.26773,440.75067,-367.10886,301.1202,436.434,149.45122,406.27884,437.64783,-339.6709,165.67442,322.17145,63.35485,155.15172,356.3094,-63.548985,109.80205,300.33978,289.36807,168.92122,429.27216,25.51772,52.868637,268.53958,484.70657,107.181404,394.292,260.34006,44.691154,261.32462,503.49167,102.274055,378.98962,286.0518,33.148296,285.74124,525.80896,104.45115,401.69296,324.68372
Screenshot_20230220_023005 copy 3.png,310.0507,375.3396,-68.98796,317.93875,373.0138,-69.69031,319.15326,370.8207,-69.976875,320.37274,368.65237,-69.94392,316.3816,374.60022,-93.546036,316.26648,373.91077,-93.79928,316.1236,373.45953,-93.88637,320.0862,357.20538,-52.696636,314.22305,365.12787,-162.5966,304.67944,368.01413,-55.39942,303.61023,370.3383,-88.901474,292.1271,324.2593,11.336184,277.90555,355.68698,-188.67621,294.28357,381.52225,119.95831,320.08835,396.45248,-293.26144,294.41135,426.77087,159.0488,390.7562,435.37167,-340.5151,304.93695,439.25534,167.53552,410.74985,444.71042,-381.56406,306.94284,439.76642,141.80708,413.26773,440.75067,-367.10886,301.1202,436.434,149.45122,406.27884,437.64783,-339.6709,165.67442,322.17145,63.35485,155.15172,356.3094,-63.548985,109.80205,300.33978,289.36807,168.92122,429.27216,25.51772,52.868637,268.53958,484.70657,107.181404,394.292,260.34006,44.691154,261.32462,503.49167,102.274055,378.98962,286.0518,33.148296,285.74124,525.80896,104.45115,401.69296,324.68372
Screenshot_20230220_023005 copy 4.png,310.0507,375.3396,-68.98796,317.93875,373.0138,-69.69031,319.15326,370.8207,-69.976875,320.37274,368.65237,-69.94392,316.3816,374.60022,-93.546036,316.26648,373.91077,-93.79928,316.1236,373.45953,-93.88637,320.0862,357.20538,-52.696636,314.22305,365.12787,-162.5966,304.67944,368.01413,-55.39942,303.61023,370.3383,-88.901474,292.1271,324.2593,11.336184,277.90555,355.68698,-188.67621,294.28357,381.52225,119.95831,320.08835,396.45248,-293.26144,294.41135,426.77087,159.0488,390.7562,435.37167,-340.5151,304.93695,439.25534,167.53552,410.74985,444.71042,-381.56406,306.94284,439.76642,141.80708,413.26773,440.75067,-367.10886,301.1202,436.434,149.45122,406.27884,437.64783,-339.6709,165.67442,322.17145,63.35485,155.15172,356.3094,-63.548985,109.80205,300.33978,289.36807,168.92122,429.27216,25.51772,52.868637,268.53958,484.70657,107.181404,394.292,260.34006,44.691154,261.32462,503.49167,102.274055,378.98962,286.0518,33.148296,285.74124,525.80896,104.45115,401.69296,324.68372
Screenshot_20230220_023005 copy 5.png,310.0507,375.3396,-68.98796,317.93875,373.0138,-69.69031,319.15326,370.8207,-69.976875,320.37274,368.65237,-69.94392,316.3816,374.60022,-93.546036,316.26648,373.91077,-93.79928,316.1236,373.45953,-93.88637,320.0862,357.20538,-52.696636,314.22305,365.12787,-162.5966,304.67944,368.01413,-55.39942,303.61023,370.3383,-88.901474,292.1271,324.2593,11.336184,277.90555,355.68698,-188.67621,294.28357,381.52225,119.95831,320.08835,396.45248,-293.26144,294.41135,426.77087,159.0488,390.7562,435.37167,-340.5151,304.93695,439.25534,167.53552,410.74985,444.71042,-381.56406,306.94284,439.76642,141.80708,413.26773,440.75067,-367.10886,301.1202,436.434,149.45122,406.27884,437.64783,-339.6709,165.67442,322.17145,63.35485,155.15172,356.3094,-63.548985,109.80205,300.33978,289.36807,168.92122,429.27216,25.51772,52.868637,268.53958,484.70657,107.181404,394.292,260.34006,44.691154,261.32462,503.49167,102.274055,378.98962,286.0518,33.148296,285.74124,525.80896,104.45115,401.69296,324.68372
Screenshot_20230220_023005 copy 6.png,310.0507,375.3396,-68.98796,317.93875,373.0138,-69.69031,319.15326,370.8207,-69.976875,320.37274,368.65237,-69.94392,316.3816,374.60022,-93.546036,316.26648,373.91077,-93.79928,316.1236,373.45953,-93.88637,320.0862,357.20538,-52.696636,314.22305,365.12787,-162.5966,304.67944,368.01413,-55.39942,303.61023,370.3383,-88.901474,292.1271,324.2593,11.336184,277.90555,355.68698,-188.67621,294.28357,381.52225,119.95831,320.08835,396.45248,-293.26144,294.41135,426.77087,159.0488,390.7562,435.37167,-340.5151,304.93695,439.25534,167.53552,410.74985,444.71042,-381.56406,306.94284,439.76642,141.80708,413.26773,440.75067,-367.10886,301.1202,436.434,149.45122,406.27884,437.64783,-339.6709,165.67442,322.17145,63.35485,155.15172,356.3094,-63.548985,109.80205,300.33978,289.36807,168.92122,429.27216,25.51772,52.868637,268.53958,484.70657,107.181404,394.292,260.34006,44.691154,261.32462,503.49167,102.274055,378.98962,286.0518,33.148296,285.74124,525.80896,104.45115,401.69296,324.68372
Screenshot_20230220_023005 copy 7.png,310.0507,375.3396,-68.98796,317.93875,373.0138,-69.69031,319.15326,370.8207,-69.976875,320.37274,368.65237,-69.94392,316.3816,374.60022,-93.546036,316.26648,373.91077,-93.79928,316.1236,373.45953,-93.88637,320.0862,357.20538,-52.696636,314.22305,365.12787,-162.5966,304.67944,368.01413,-55.39942,303.61023,370.3383,-88.901474,292.1271,324.2593,11.336184,277.90555,355.68698,-188.67621,294.28357,381.52225,119.95831,320.08835,396.45248,-293.26144,294.41135,426.77087,159.0488,390.7562,435.37167,-340.5151,304.93695,439.25534,167.53552,410.74985,444.71042,-381.56406,306.94284,439.76642,141.80708,413.26773,440.75067,-367.10886,301.1202,436.434,149.45122,406.27884,437.64783,-339.6709,165.67442,322.17145,63.35485,155.15172,356.3094,-63.548985,109.80205,300.33978,289.36807,168.92122,429.27216,25.51772,52.868637,268.53958,484.70657,107.181404,394.292,260.34006,44.691154,261.32462,503.49167,102.274055,378.98962,286.0518,33.148296,285.74124,525.80896,104.45115,401.69296,324.68372
Screenshot_20230220_023005 copy 8.png,310.0507,375.3396,-68.98796,317.93875,373.0138,-69.69031,319.15326,370.8207,-69.976875,320.37274,368.65237,-69.94392,316.3816,374.60022,-93.546036,316.26648,373.91077,-93.79928,316.1236,373.45953,-93.88637,320.0862,357.20538,-52.696636,314.22305,365.12787,-162.5966,304.67944,368.01413,-55.39942,303.61023,370.3383,-88.901474,292.1271,324.2593,11.336184,277.90555,355.68698,-188.67621,294.28357,381.52225,119.95831,320.08835,396.45248,-293.26144,294.41135,426.77087,159.0488,390.7562,435.37167,-340.5151,304.93695,439.25534,167.53552,410.74985,444.71042,-381.56406,306.94284,439.76642,141.80708,413.26773,440.75067,-367.10886,301.1202,436.434,149.45122,406.27884,437.64783,-339.6709,165.67442,322.17145,63.35485,155.15172,356.3094,-63.548985,109.80205,300.33978,289.36807,168.92122,429.27216,25.51772,52.868637,268.53958,484.70657,107.181404,394.292,260.34006,44.691154,261.32462,503.49167,102.274055,378.98962,286.0518,33.148296,285.74124,525.80896,104.45115,401.69296,324.68372
Screenshot_20230220_023005 copy 9.png,310.0507,375.3396,-68.98796,317.93875,373.0138,-69.69031,319.15326,370.8207,-69.976875,320.37274,368.65237,-69.94392,316.3816,374.60022,-93.546036,316.26648,373.91077,-93.79928,316.1236,373.45953,-93.88637,320.0862,357.20538,-52.696636,314.22305,365.12787,-162.5966,304.67944,368.01413,-55.39942,303.61023,370.3383,-88.901474,292.1271,324.2593,11.336184,277.90555,355.68698,-188.67621,294.28357,381.52225,119.95831,320.08835,396.45248,-293.26144,294.41135,426.77087,159.0488,390.7562,435.37167,-340.5151,304.93695,439.25534,167.53552,410.74985,444.71042,-381.56406,306.94284,439.76642,141.80708,413.26773,440.75067,-367.10886,301.1202,436.434,149.45122,406.27884,437.64783,-339.6709,165.67442,322.17145,63.35485,155.15172,356.3094,-63.548985,109.80205,300.33978,289.36807,168.92122,429.27216,25.51772,52.868637,268.53958,484.70657,107.181404,394.292,260.34006,44.691154,261.32462,503.49167,102.274055,378.98962,286.0518,33.148296,285.74124,525.80896,104.45115,401.69296,324.68372
Screenshot_20230220_023005 copy.png,310.0507,375.3396,-68.98796,317.93875,373.0138,-69.69031,319.15326,370.8207,-69.976875,320.37274,368.65237,-69.94392,316.3816,374.60022,-93.546036,316.26648,373.91077,-93.79928,316.1236,373.45953,-93.88637,320.0862,357.20538,-52.696636,314.22305,365.12787,-162.5966,304.67944,368.01413,-55.39942,303.61023,370.3383,-88.901474,292.1271,324.2593,11.336184,277.90555,355.68698,-188.67621,294.28357,381.52225,119.95831,320.08835,396.45248,-293.26144,294.41135,426.77087,159.0488,390.7562,435.37167,-340.5151,304.93695,439.25534,167.53552,410.74985,444.71042,-381.56406,306.94284,439.76642,141.80708,413.26773,440.75067,-367.10886,301.1202,436.434,149.45122,406.27884,437.64783,-339.6709,165.67442,322.17145,63.35485,155.15172,356.3094,-63.548985,109.80205,300.33978,289.36807,168.92122,429.27216,25.51772,52.868637,268.53958,484.70657,107.181404,394.292,260.34006,44.691154,261.32462,503.49167,102.274055,378.98962,286.0518,33.148296,285.74124,525.80896,104.45115,401.69296,324.68372
Screenshot_20230220_023005.png,310.0507,375.3396,-68.98796,317.93875,373.0138,-69.69031,319.15326,370.8207,-69.976875,320.37274,368.65237,-69.94392,316.3816,374.60022,-93.546036,316.26648,373.91077,-93.79928,316.1236,373.45953,-93.88637,320.0862,357.20538,-52.696636,314.22305,365.12787,-162.5966,304.67944,368.01413,-55.39942,303.61023,370.3383,-88.901474,292.1271,324.2593,11.336184,277.90555,355.68698,-188.67621,294.28357,381.52225,119.95831,320.08835,396.45248,-293.26144,294.41135,426.77087,159.0488,390.7562,435.37167,-340.5151,304.93695,439.25534,167.53552,410.74985,444.71042,-381.56406,306.94284,439.76642,141.80708,413.26773,440.75067,-367.10886,301.1202,436.434,149.45122,406.27884,437.64783,-339.6709,165.67442,322.17145,63.35485,155.15172,356.3094,-63.548985,109.80205,300.33978,289.36807,168.92122,429.27216,25.51772,52.868637,268.53958,484.70657,107.181404,394.292,260.34006,44.691154,261.32462,503.49167,102.274055,378.98962,286.0518,33.148296,285.74124,525.80896,104.45115,401.69296,324.68372
Screenshot_20230220_023053 copy 2.png,308.25104,292.38654,63.82717,311.7444,286.89993,73.810875,311.173,286.02725,73.60682,310.48047,285.15222,73.68114,312.545,287.18353,50.452644,312.5466,286.64825,50.22544,312.539,286.1304,50.151386,306.13907,280.13135,110.67177,308.72458,281.09973,5.3251176,301.38834,292.5843,81.19445,303.30417,292.23666,49.058186,269.77554,289.78647,158.52502,292.36356,284.12863,-53.121696,277.37936,336.2325,173.93587,346.0673,290.20737,-113.79949,293.94427,379.28525,109.45882,393.5036,294.32498,-86.89035,304.3443,379.18097,112.734566,405.1999,292.80066,-109.14526,306.1622,381.28488,88.81806,405.76526,291.4508,-90.836205,301.4308,381.91095,97.994545,402.10727,292.4694,-81.89444,180.99774,304.58197,65.64972,187.73282,316.1192,-65.86935,111.897705,304.9196,126.87843,171.14017,385.84473,-42.731464,50.170914,293.25952,188.13017,100.33026,393.1565,29.605434,40.87005,284.84418,193.45827,92.02979,380.78345,37.72364,22.266731,314.74313,187.21576,81.95258,402.9446,39.95443
Screenshot_20230220_023053 copy 3.png,308.25104,292.38654,63.82717,311.7444,286.89993,73.810875,311.173,286.02725,73.60682,310.48047,285.15222,73.68114,312.545,287.18353,50.452644,312.5466,286.64825,50.22544,312.539,286.1304,50.151386,306.13907,280.13135,110.67177,308.72458,281.09973,5.3251176,301.38834,292.5843,81.19445,303.30417,292.23666,49.058186,269.77554,289.78647,158.52502,292.36356,284.12863,-53.121696,277.37936,336.2325,173.93587,346.0673,290.20737,-113.79949,293.94427,379.28525,109.45882,393.5036,294.32498,-86.89035,304.3443,379.18097,112.734566,405.1999,292.80066,-109.14526,306.1622,381.28488,88.81806,405.76526,291.4508,-90.836205,301.4308,381.91095,97.994545,402.10727,292.4694,-81.89444,180.99774,304.58197,65.64972,187.73282,316.1192,-65.86935,111.897705,304.9196,126.87843,171.14017,385.84473,-42.731464,50.170914,293.25952,188.13017,100.33026,393.1565,29.605434,40.87005,284.84418,193.45827,92.02979,380.78345,37.72364,22.266731,314.74313,187.21576,81.95258,402.9446,39.95443
Screenshot_20230220_023053 copy 4.png,308.25104,292.38654,63.82717,311.7444,286.89993,73.810875,311.173,286.02725,73.60682,310.48047,285.15222,73.68114,312.545,287.18353,50.452644,312.5466,286.64825,50.22544,312.539,286.1304,50.151386,306.13907,280.13135,110.67177,308.72458,281.09973,5.3251176,301.38834,292.5843,81.19445,303.30417,292.23666,49.058186,269.77554,289.78647,158.52502,292.36356,284.12863,-53.121696,277.37936,336.2325,173.93587,346.0673,290.20737,-113.79949,293.94427,379.28525,109.45882,393.5036,294.32498,-86.89035,304.3443,379.18097,112.734566,405.1999,292.80066,-109.14526,306.1622,381.28488,88.81806,405.76526,291.4508,-90.836205,301.4308,381.91095,97.994545,402.10727,292.4694,-81.89444,180.99774,304.58197,65.64972,187.73282,316.1192,-65.86935,111.897705,304.9196,126.87843,171.14017,385.84473,-42.731464,50.170914,293.25952,188.13017,100.33026,393.1565,29.605434,40.87005,284.84418,193.45827,92.02979,380.78345,37.72364,22.266731,314.74313,187.21576,81.95258,402.9446,39.95443
Screenshot_20230220_023053 copy 5.png,308.25104,292.38654,63.82717,311.7444,286.89993,73.810875,311.173,286.02725,73.60682,310.48047,285.15222,73.68114,312.545,287.18353,50.452644,312.5466,286.64825,50.22544,312.539,286.1304,50.151386,306.13907,280.13135,110.67177,308.72458,281.09973,5.3251176,301.38834,292.5843,81.19445,303.30417,292.23666,49.058186,269.77554,289.78647,158.52502,292.36356,284.12863,-53.121696,277.37936,336.2325,173.93587,346.0673,290.20737,-113.79949,293.94427,379.28525,109.45882,393.5036,294.32498,-86.89035,304.3443,379.18097,112.734566,405.1999,292.80066,-109.14526,306.1622,381.28488,88.81806,405.76526,291.4508,-90.836205,301.4308,381.91095,97.994545,402.10727,292.4694,-81.89444,180.99774,304.58197,65.64972,187.73282,316.1192,-65.86935,111.897705,304.9196,126.87843,171.14017,385.84473,-42.731464,50.170914,293.25952,188.13017,100.33026,393.1565,29.605434,40.87005,284.84418,193.45827,92.02979,380.78345,37.72364,22.266731,314.74313,187.21576,81.95258,402.9446,39.95443
Screenshot_20230220_023053 copy 6.png,308.25104,292.38654,63.82717,311.7444,286.89993,73.810875,311.173,286.02725,73.60682,310.48047,285.15222,73.68114,312.545,287.18353,50.452644,312.5466,286.64825,50.22544,312.539,286.1304,50.151386,306.13907,280.13135,110.67177,308.72458,281.09973,5.3251176,301.38834,292.5843,81.19445,303.30417,292.23666,49.058186,269.77554,289.78647,158.52502,292.36356,284.12863,-53.121696,277.37936,336.2325,173.93587,346.0673,290.20737,-113.79949,293.94427,379.28525,109.45882,393.5036,294.32498,-86.89035,304.3443,379.18097,112.734566,405.1999,292.80066,-109.14526,306.1622,381.28488,88.81806,405.76526,291.4508,-90.836205,301.4308,381.91095,97.994545,402.10727,292.4694,-81.89444,180.99774,304.58197,65.64972,187.73282,316.1192,-65.86935,111.897705,304.9196,126.87843,171.14017,385.84473,-42.731464,50.170914,293.25952,188.13017,100.33026,393.1565,29.605434,40.87005,284.84418,193.45827,92.02979,380.78345,37.72364,22.266731,314.74313,187.21576,81.95258,402.9446,39.95443
Screenshot_20230220_023053 copy 7.png,308.25104,292.38654,63.82717,311.7444,286.89993,73.810875,311.173,286.02725,73.60682,310.48047,285.15222,73.68114,312.545,287.18353,50.452644,312.5466,286.64825,50.22544,312.539,286.1304,50.151386,306.13907,280.13135,110.67177,308.72458,281.09973,5.3251176,301.38834,292.5843,81.19445,303.30417,292.23666,49.058186,269.77554,289.78647,158.52502,292.36356,284.12863,-53.121696,277.37936,336.2325,173.93587,346.0673,290.20737,-113.79949,293.94427,379.28525,109.45882,393.5036,294.32498,-86.89035,304.3443,379.18097,112.734566,405.1999,292.80066,-109.14526,306.1622,381.28488,88.81806,405.76526,291.4508,-90.836205,301.4308,381.91095,97.994545,402.10727,292.4694,-81.89444,180.99774,304.58197,65.64972,187.73282,316.1192,-65.86935,111.897705,304.9196,126.87843,171.14017,385.84473,-42.731464,50.170914,293.25952,188.13017,100.33026,393.1565,29.605434,40.87005,284.84418,193.45827,92.02979,380.78345,37.72364,22.266731,314.74313,187.21576,81.95258,402.9446,39.95443
Screenshot_20230220_023053 copy 8.png,308.25104,292.38654,63.82717,311.7444,286.89993,73.810875,311.173,286.02725,73.60682,310.48047,285.15222,73.68114,312.545,287.18353,50.452644,312.5466,286.64825,50.22544,312.539,286.1304,50.151386,306.13907,280.13135,110.67177,308.72458,281.09973,5.3251176,301.38834,292.5843,81.19445,303.30417,292.23666,49.058186,269.77554,289.78647,158.52502,292.36356,284.12863,-53.121696,277.37936,336.2325,173.93587,346.0673,290.20737,-113.79949,293.94427,379.28525,109.45882,393.5036,294.32498,-86.89035,304.3443,379.18097,112.734566,405.1999,292.80066,-109.14526,306.1622,381.28488,88.81806,405.76526,291.4508,-90.836205,301.4308,381.91095,97.994545,402.10727,292.4694,-81.89444,180.99774,304.58197,65.64972,187.73282,316.1192,-65.86935,111.897705,304.9196,126.87843,171.14017,385.84473,-42.731464,50.170914,293.25952,188.13017,100.33026,393.1565,29.605434,40.87005,284.84418,193.45827,92.02979,380.78345,37.72364,22.266731,314.74313,187.21576,81.95258,402.9446,39.95443
Screenshot_20230220_023053 copy.png,308.25104,292.38654,63.82717,311.7444,286.89993,73.810875,311.173,286.02725,73.60682,310.48047,285.15222,73.68114,312.545,287.18353,50.452644,312.5466,286.64825,50.22544,312.539,286.1304,50.151386,306.13907,280.13135,110.67177,308.72458,281.09973,5.3251176,301.38834,292.5843,81.19445,303.30417,292.23666,49.058186,269.77554,289.78647,158.52502,292.36356,284.12863,-53.121696,277.37936,336.2325,173.93587,346.0673,290.20737,-113.79949,293.94427,379.28525,109.45882,393.5036,294.32498,-86.89035,304.3443,379.18097,112.734566,405.1999,292.80066,-109.14526,306.1622,381.28488,88.81806,405.76526,291.4508,-90.836205,301.4308,381.91095,97.994545,402.10727,292.4694,-81.89444,180.99774,304.58197,65.64972,187.73282,316.1192,-65.86935,111.897705,304.9196,126.87843,171.14017,385.84473,-42.731464,50.170914,293.25952,188.13017,100.33026,393.1565,29.605434,40.87005,284.84418,193.45827,92.02979,380.78345,37.72364,22.266731,314.74313,187.21576,81.95258,402.9446,39.95443
Screenshot_20230220_023053.png,308.25104,292.38654,63.82717,311.7444,286.89993,73.810875,311.173,286.02725,73.60682,310.48047,285.15222,73.68114,312.545,287.18353,50.452644,312.5466,286.64825,50.22544,312.539,286.1304,50.151386,306.13907,280.13135,110.67177,308.72458,281.09973,5.3251176,301.38834,292.5843,81.19445,303.30417,292.23666,49.058186,269.77554,289.78647,158.52502,292.36356,284.12863,-53.121696,277.37936,336.2325,173.93587,346.0673,290.20737,-113.79949,293.94427,379.28525,109.45882,393.5036,294.32498,-86.89035,304.3443,379.18097,112.734566,405.1999,292.80066,-109.14526,306.1622,381.28488,88.81806,405.76526,291.4508,-90.836205,301.4308,381.91095,97.994545,402.10727,292.4694,-81.89444,180.99774,304.58197,65.64972,187.73282,316.1192,-65.86935,111.897705,304.9196,126.87843,171.14017,385.84473,-42.731464,50.170914,293.25952,188.13017,100.33026,393.1565,29.605434,40.87005,284.84418,193.45827,92.02979,380.78345,37.72364,22.266731,314.74313,187.21576,81.95258,402.9446,39.95443
Screenshot_20230220_023108 copy 10.png,318.71176,293.90793,86.2757,323.36325,288.27682,98.26222,322.96344,287.1288,98.019775,322.44373,286.05338,98.08891,323.95624,288.48495,73.34436,324.03113,287.6476,73.11799,324.1555,286.8785,73.06168,318.18085,279.9112,138.24216,321.10474,281.632,25.605358,311.62558,292.81876,103.813965,313.38785,292.33734,69.6149,274.5694,286.4583,181.91595,299.0089,284.1648,-36.7137,273.31085,338.12314,213.64944,343.63608,291.6779,-123.30239,285.55786,382.9931,158.16429,392.11334,296.6279,-131.97728,295.73306,383.57507,162.43407,407.7933,295.50833,-156.55782,298.2015,384.78012,138.22736,407.89487,294.07843,-139.62476,293.42007,384.90167,146.85336,402.36642,295.28787,-128.03815,186.81328,311.6223,66.44272,199.63849,323.35764,-66.75343,121.88086,331.0866,98.165535,201.70157,394.52917,-33.590557,47.31612,319.4153,104.74841,130.63513,389.80466,14.69425,34.409832,311.01193,103.45461,117.75912,377.6649,19.914501,18.314157,341.92468,73.09107,103.258835,408.6074,12.210515
Screenshot_20230220_023108 copy 2.png,318.71176,293.90793,86.2757,323.36325,288.27682,98.26222,322.96344,287.1288,98.019775,322.44373,286.05338,98.08891,323.95624,288.48495,73.34436,324.03113,287.6476,73.11799,324.1555,286.8785,73.06168,318.18085,279.9112,138.24216,321.10474,281.632,25.605358,311.62558,292.81876,103.813965,313.38785,292.33734,69.6149,274.5694,286.4583,181.91595,299.0089,284.1648,-36.7137,273.31085,338.12314,213.64944,343.63608,291.6779,-123.30239,285.55786,382.9931,158.16429,392.11334,296.6279,-131.97728,295.73306,383.57507,162.43407,407.7933,295.50833,-156.55782,298.2015,384.78012,138.22736,407.89487,294.07843,-139.62476,293.42007,384.90167,146.85336,402.36642,295.28787,-128.03815,186.81328,311.6223,66.44272,199.63849,323.35764,-66.75343,121.88086,331.0866,98.165535,201.70157,394.52917,-33.590557,47.31612,319.4153,104.74841,130.63513,389.80466,14.69425,34.409832,311.01193,103.45461,117.75912,377.6649,19.914501,18.314157,341.92468,73.09107,103.258835,408.6074,12.210515
Screenshot_20230220_023108 copy 3.png,318.71176,293.90793,86.2757,323.36325,288.27682,98.26222,322.96344,287.1288,98.019775,322.44373,286.05338,98.08891,323.95624,288.48495,73.34436,324.03113,287.6476,73.11799,324.1555,286.8785,73.06168,318.18085,279.9112,138.24216,321.10474,281.632,25.605358,311.62558,292.81876,103.813965,313.38785,292.33734,69.6149,274.5694,286.4583,181.91595,299.0089,284.1648,-36.7137,273.31085,338.12314,213.64944,343.63608,291.6779,-123.30239,285.55786,382.9931,158.16429,392.11334,296.6279,-131.97728,295.73306,383.57507,162.43407,407.7933,295.50833,-156.55782,298.2015,384.78012,138.22736,407.89487,294.07843,-139.62476,293.42007,384.90167,146.85336,402.36642,295.28787,-128.03815,186.81328,311.6223,66.44272,199.63849,323.35764,-66.75343,121.88086,331.0866,98.165535,201.70157,394.52917,-33.590557,47.31612,319.4153,104.74841,130.63513,389.80466,14.69425,34.409832,311.01193,103.45461,117.75912,377.6649,19.914501,18.314157,341.92468,73.09107,103.258835,408.6074,12.210515
Screenshot_20230220_023108 copy 4.png,318.71176,293.90793,86.2757,323.36325,288.27682,98.26222,322.96344,287.1288,98.019775,322.44373,286.05338,98.08891,323.95624,288.48495,73.34436,324.03113,287.6476,73.11799,324.1555,286.8785,73.06168,318.18085,279.9112,138.24216,321.10474,281.632,25.605358,311.62558,292.81876,103.813965,313.38785,292.33734,69.6149,274.5694,286.4583,181.91595,299.0089,284.1648,-36.7137,273.31085,338.12314,213.64944,343.63608,291.6779,-123.30239,285.55786,382.9931,158.16429,392.11334,296.6279,-131.97728,295.73306,383.57507,162.43407,407.7933,295.50833,-156.55782,298.2015,384.78012,138.22736,407.89487,294.07843,-139.62476,293.42007,384.90167,146.85336,402.36642,295.28787,-128.03815,186.81328,311.6223,66.44272,199.63849,323.35764,-66.75343,121.88086,331.0866,98.165535,201.70157,394.52917,-33.590557,47.31612,319.4153,104.74841,130.63513,389.80466,14.69425,34.409832,311.01193,103.45461,117.75912,377.6649,19.914501,18.314157,341.92468,73.09107,103.258835,408.6074,12.210515
Screenshot_20230220_023108 copy 5.png,318.71176,293.90793,86.2757,323.36325,288.27682,98.26222,322.96344,287.1288,98.019775,322.44373,286.05338,98.08891,323.95624,288.48495,73.34436,324.03113,287.6476,73.11799,324.1555,286.8785,73.06168,318.18085,279.9112,138.24216,321.10474,281.632,25.605358,311.62558,292.81876,103.813965,313.38785,292.33734,69.6149,274.5694,286.4583,181.91595,299.0089,284.1648,-36.7137,273.31085,338.12314,213.64944,343.63608,291.6779,-123.30239,285.55786,382.9931,158.16429,392.11334,296.6279,-131.97728,295.73306,383.57507,162.43407,407.7933,295.50833,-156.55782,298.2015,384.78012,138.22736,407.89487,294.07843,-139.62476,293.42007,384.90167,146.85336,402.36642,295.28787,-128.03815,186.81328,311.6223,66.44272,199.63849,323.35764,-66.75343,121.88086,331.0866,98.165535,201.70157,394.52917,-33.590557,47.31612,319.4153,104.74841,130.63513,389.80466,14.69425,34.409832,311.01193,103.45461,117.75912,377.6649,19.914501,18.314157,341.92468,73.09107,103.258835,408.6074,12.210515
Screenshot_20230220_023108 copy 6.png,318.71176,293.90793,86.2757,323.36325,288.27682,98.26222,322.96344,287.1288,98.019775,322.44373,286.05338,98.08891,323.95624,288.48495,73.34436,324.03113,287.6476,73.11799,324.1555,286.8785,73.06168,318.18085,279.9112,138.24216,321.10474,281.632,25.605358,311.62558,292.81876,103.813965,313.38785,292.33734,69.6149,274.5694,286.4583,181.91595,299.0089,284.1648,-36.7137,273.31085,338.12314,213.64944,343.63608,291.6779,-123.30239,285.55786,382.9931,158.16429,392.11334,296.6279,-131.97728,295.73306,383.57507,162.43407,407.7933,295.50833,-156.55782,298.2015,384.78012,138.22736,407.89487,294.07843,-139.62476,293.42007,384.90167,146.85336,402.36642,295.28787,-128.03815,186.81328,311.6223,66.44272,199.63849,323.35764,-66.75343,121.88086,331.0866,98.165535,201.70157,394.52917,-33.590557,47.31612,319.4153,104.74841,130.63513,389.80466,14.69425,34.409832,311.01193,103.45461,117.75912,377.6649,19.914501,18.314157,341.92468,73.09107,103.258835,408.6074,12.210515
Screenshot_20230220_023108 copy 7.png,318.71176,293.90793,86.2757,323.36325,288.27682,98.26222,322.96344,287.1288,98.019775,322.44373,286.05338,98.08891,323.95624,288.48495,73.34436,324.03113,287.6476,73.11799,324.1555,286.8785,73.06168,318.18085,279.9112,138.24216,321.10474,281.632,25.605358,311.62558,292.81876,103.813965,313.38785,292.33734,69.6149,274.5694,286.4583,181.91595,299.0089,284.1648,-36.7137,273.31085,338.12314,213.64944,343.63608,291.6779,-123.30239,285.55786,382.9931,158.16429,392.11334,296.6279,-131.97728,295.73306,383.57507,162.43407,407.7933,295.50833,-156.55782,298.2015,384.78012,138.22736,407.89487,294.07843,-139.62476,293.42007,384.90167,146.85336,402.36642,295.28787,-128.03815,186.81328,311.6223,66.44272,199.63849,323.35764,-66.75343,121.88086,331.0866,98.165535,201.70157,394.52917,-33.590557,47.31612,319.4153,104.74841,130.63513,389.80466,14.69425,34.409832,311.01193,103.45461,117.75912,377.6649,19.914501,18.314157,341.92468,73.09107,103.258835,408.6074,12.210515
Screenshot_20230220_023108 copy 8.png,318.71176,293.90793,86.2757,323.36325,288.27682,98.26222,322.96344,287.1288,98.019775,322.44373,286.05338,98.08891,323.95624,288.48495,73.34436,324.03113,287.6476,73.11799,324.1555,286.8785,73.06168,318.18085,279.9112,138.24216,321.10474,281.632,25.605358,311.62558,292.81876,103.813965,313.38785,292.33734,69.6149,274.5694,286.4583,181.91595,299.0089,284.1648,-36.7137,273.31085,338.12314,213.64944,343.63608,291.6779,-123.30239,285.55786,382.9931,158.16429,392.11334,296.6279,-131.97728,295.73306,383.57507,162.43407,407.7933,295.50833,-156.55782,298.2015,384.78012,138.22736,407.89487,294.07843,-139.62476,293.42007,384.90167,146.85336,402.36642,295.28787,-128.03815,186.81328,311.6223,66.44272,199.63849,323.35764,-66.75343,121.88086,331.0866,98.165535,201.70157,394.52917,-33.590557,47.31612,319.4153,104.74841,130.63513,389.80466,14.69425,34.409832,311.01193,103.45461,117.75912,377.6649,19.914501,18.314157,341.92468,73.09107,103.258835,408.6074,12.210515
Screenshot_20230220_023108 copy 9.png,318.71176,293.90793,86.2757,323.36325,288.27682,98.26222,322.96344,287.1288,98.019775,322.44373,286.05338,98.08891,323.95624,288.48495,73.34436,324.03113,287.6476,73.11799,324.1555,286.8785,73.06168,318.18085,279.9112,138.24216,321.10474,281.632,25.605358,311.62558,292.81876,103.813965,313.38785,292.33734,69.6149,274.5694,286.4583,181.91595,299.0089,284.1648,-36.7137,273.31085,338.12314,213.64944,343.63608,291.6779,-123.30239,285.55786,382.9931,158.16429,392.11334,296.6279,-131.97728,295.73306,383.57507,162.43407,407.7933,295.50833,-156.55782,298.2015,384.78012,138.22736,407.89487,294.07843,-139.62476,293.42007,384.90167,146.85336,402.36642,295.28787,-128.03815,186.81328,311.6223,66.44272,199.63849,323.35764,-66.75343,121.88086,331.0866,98.165535,201.70157,394.52917,-33.590557,47.31612,319.4153,104.74841,130.63513,389.80466,14.69425,34.409832,311.01193,103.45461,117.75912,377.6649,19.914501,18.314157,341.92468,73.09107,103.258835,408.6074,12.210515
Screenshot_20230220_023108 copy.png,318.71176,293.90793,86.2757,323.36325,288.27682,98.26222,322.96344,287.1288,98.019775,322.44373,286.05338,98.08891,323.95624,288.48495,73.34436,324.03113,287.6476,73.11799,324.1555,286.8785,73.06168,318.18085,279.9112,138.24216,321.10474,281.632,25.605358,311.62558,292.81876,103.813965,313.38785,292.33734,69.6149,274.5694,286.4583,181.91595,299.0089,284.1648,-36.7137,273.31085,338.12314,213.64944,343.63608,291.6779,-123.30239,285.55786,382.9931,158.16429,392.11334,296.6279,-131.97728,295.73306,383.57507,162.43407,407.7933,295.50833,-156.55782,298.2015,384.78012,138.22736,407.89487,294.07843,-139.62476,293.42007,384.90167,146.85336,402.36642,295.28787,-128.03815,186.81328,311.6223,66.44272,199.63849,323.35764,-66.75343,121.88086,331.0866,98.165535,201.70157,394.52917,-33.590557,47.31612,319.4153,104.74841,130.63513,389.80466,14.69425,34.409832,311.01193,103.45461,117.75912,377.6649,19.914501,18.314157,341.92468,73.09107,103.258835,408.6074,12.210515
Screenshot_20230220_023108.png,318.71176,293.90793,86.2757,323.36325,288.27682,98.26222,322.96344,287.1288,98.019775,322.44373,286.05338,98.08891,323.95624,288.48495,73.34436,324.03113,287.6476,73.11799,324.1555,286.8785,73.06168,318.18085,279.9112,138.24216,321.10474,281.632,25.605358,311.62558,292.81876,103.813965,313.38785,292.33734,69.6149,274.5694,286.4583,181.91595,299.0089,284.1648,-36.7137,273.31085,338.12314,213.64944,343.63608,291.6779,-123.30239,285.55786,382.9931,158.16429,392.11334,296.6279,-131.97728,295.73306,383.57507,162.43407,407.7933,295.50833,-156.55782,298.2015,384.78012,138.22736,407.89487,294.07843,-139.62476,293.42007,384.90167,146.85336,402.36642,295.28787,-128.03815,186.81328,311.6223,66.44272,199.63849,323.35764,-66.75343,121.88086,331.0866,98.165535,201.70157,394.52917,-33.590557,47.31612,319.4153,104.74841,130.63513,389.80466,14.69425,34.409832,311.01193,103.45461,117.75912,377.6649,19.914501,18.314157,341.92468,73.09107,103.258835,408.6074,12.210515
Screenshot_20230220_023225 copy 2.png,325.4324,290.45267,63.725426,329.95676,284.97687,76.18451,329.71793,283.86765,75.96592,329.50986,282.68176,76.03578,329.8444,284.50607,48.444294,329.56393,283.12057,48.23023,329.2486,281.42892,48.187874,325.1183,274.56696,125.81816,324.69894,272.68744,0.45733255,317.84375,288.6431,85.594955,317.65036,287.694,47.69431,282.7672,273.86923,173.74863,297.7802,269.61154,-50.871155,279.84985,321.2092,203.61104,349.65207,272.88467,-137.95245,291.38422,367.17892,145.09512,401.30338,280.48358,-149.64407,302.35526,368.40994,146.2847,414.93326,280.05466,-177.94894,304.27997,370.0279,118.94541,415.42722,279.2185,-158.83844,299.26328,370.02283,131.98483,411.31882,280.57434,-145.328,186.84686,295.27386,65.85397,193.11809,306.43164,-66.07748,105.48655,298.98227,92.20198,211.31035,380.4569,-54.211807,35.142796,278.43936,115.06649,132.04797,369.2908,16.040344,26.718113,268.6821,116.222595,119.5742,360.22485,24.36102,2.1209495,297.14258,95.80658,116.235794,392.82986,31.063927
Screenshot_20230220_023225 copy 3.png,325.4324,290.45267,63.725426,329.95676,284.97687,76.18451,329.71793,283.86765,75.96592,329.50986,282.68176,76.03578,329.8444,284.50607,48.444294,329.56393,283.12057,48.23023,329.2486,281.42892,48.187874,325.1183,274.56696,125.81816,324.69894,272.68744,0.45733255,317.84375,288.6431,85.594955,317.65036,287.694,47.69431,282.7672,273.86923,173.74863,297.7802,269.61154,-50.871155,279.84985,321.2092,203.61104,349.65207,272.88467,-137.95245,291.38422,367.17892,145.09512,401.30338,280.48358,-149.64407,302.35526,368.40994,146.2847,414.93326,280.05466,-177.94894,304.27997,370.0279,118.94541,415.42722,279.2185,-158.83844,299.26328,370.02283,131.98483,411.31882,280.57434,-145.328,186.84686,295.27386,65.85397,193.11809,306.43164,-66.07748,105.48655,298.98227,92.20198,211.31035,380.4569,-54.211807,35.142796,278.43936,115.06649,132.04797,369.2908,16.040344,26.718113,268.6821,116.222595,119.5742,360.22485,24.36102,2.1209495,297.14258,95.80658,116.235794,392.82986,31.063927
Screenshot_20230220_023225 copy 4.png,325.4324,290.45267,63.725426,329.95676,284.97687,76.18451,329.71793,283.86765,75.96592,329.50986,282.68176,76.03578,329.8444,284.50607,48.444294,329.56393,283.12057,48.23023,329.2486,281.42892,48.187874,325.1183,274.56696,125.81816,324.69894,272.68744,0.45733255,317.84375,288.6431,85.594955,317.65036,287.694,47.69431,282.7672,273.86923,173.74863,297.7802,269.61154,-50.871155,279.84985,321.2092,203.61104,349.65207,272.88467,-137.95245,291.38422,367.17892,145.09512,401.30338,280.48358,-149.64407,302.35526,368.40994,146.2847,414.93326,280.05466,-177.94894,304.27997,370.0279,118.94541,415.42722,279.2185,-158.83844,299.26328,370.02283,131.98483,411.31882,280.57434,-145.328,186.84686,295.27386,65.85397,193.11809,306.43164,-66.07748,105.48655,298.98227,92.20198,211.31035,380.4569,-54.211807,35.142796,278.43936,115.06649,132.04797,369.2908,16.040344,26.718113,268.6821,116.222595,119.5742,360.22485,24.36102,2.1209495,297.14258,95.80658,116.235794,392.82986,31.063927
Screenshot_20230220_023225 copy 5.png,325.4324,290.45267,63.725426,329.95676,284.97687,76.18451,329.71793,283.86765,75.96592,329.50986,282.68176,76.03578,329.8444,284.50607,48.444294,329.56393,283.12057,48.23023,329.2486,281.42892,48.187874,325.1183,274.56696,125.81816,324.69894,272.68744,0.45733255,317.84375,288.6431,85.594955,317.65036,287.694,47.69431,282.7672,273.86923,173.74863,297.7802,269.61154,-50.871155,279.84985,321.2092,203.61104,349.65207,272.88467,-137.95245,291.38422,367.17892,145.09512,401.30338,280.48358,-149.64407,302.35526,368.40994,146.2847,414.93326,280.05466,-177.94894,304.27997,370.0279,118.94541,415.42722,279.2185,-158.83844,299.26328,370.02283,131.98483,411.31882,280.57434,-145.328,186.84686,295.27386,65.85397,193.11809,306.43164,-66.07748,105.48655,298.98227,92.20198,211.31035,380.4569,-54.211807,35.142796,278.43936,115.06649,132.04797,369.2908,16.040344,26.718113,268.6821,116.222595,119.5742,360.22485,24.36102,2.1209495,297.14258,95.80658,116.235794,392.82986,31.063927
Screenshot_20230220_023225 copy 6.png,325.4324,290.45267,63.725426,329.95676,284.97687,76.18451,329.71793,283.86765,75.96592,329.50986,282.68176,76.03578,329.8444,284.50607,48.444294,329.56393,283.12057,48.23023,329.2486,281.42892,48.187874,325.1183,274.56696,125.81816,324.69894,272.68744,0.45733255,317.84375,288.6431,85.594955,317.65036,287.694,47.69431,282.7672,273.86923,173.74863,297.7802,269.61154,-50.871155,279.84985,321.2092,203.61104,349.65207,272.88467,-137.95245,291.38422,367.17892,145.09512,401.30338,280.48358,-149.64407,302.35526,368.40994,146.2847,414.93326,280.05466,-177.94894,304.27997,370.0279,118.94541,415.42722,279.2185,-158.83844,299.26328,370.02283,131.98483,411.31882,280.57434,-145.328,186.84686,295.27386,65.85397,193.11809,306.43164,-66.07748,105.48655,298.98227,92.20198,211.31035,380.4569,-54.211807,35.142796,278.43936,115.06649,132.04797,369.2908,16.040344,26.718113,268.6821,116.222595,119.5742,360.22485,24.36102,2.1209495,297.14258,95.80658,116.235794,392.82986,31.063927
Screenshot_20230220_023225 copy 7.png,325.4324,290.45267,63.725426,329.95676,284.97687,76.18451,329.71793,283.86765,75.96592,329.50986,282.68176,76.03578,329.8444,284.50607,48.444294,329.56393,283.12057,48.23023,329.2486,281.42892,48.187874,325.1183,274.56696,125.81816,324.69894,272.68744,0.45733255,317.84375,288.6431,85.594955,317.65036,287.694,47.69431,282.7672,273.86923,173.74863,297.7802,269.61154,-50.871155,279.84985,321.2092,203.61104,349.65207,272.88467,-137.95245,291.38422,367.17892,145.09512,401.30338,280.48358,-149.64407,302.35526,368.40994,146.2847,414.93326,280.05466,-177.94894,304.27997,370.0279,118.94541,415.42722,279.2185,-158.83844,299.26328,370.02283,131.98483,411.31882,280.57434,-145.328,186.84686,295.27386,65.85397,193.11809,306.43164,-66.07748,105.48655,298.98227,92.20198,211.31035,380.4569,-54.211807,35.142796,278.43936,115.06649,132.04797,369.2908,16.040344,26.718113,268.6821,116.222595,119.5742,360.22485,24.36102,2.1209495,297.14258,95.80658,116.235794,392.82986,31.063927
Screenshot_20230220_023225 copy.png,325.4324,290.45267,63.725426,329.95676,284.97687,76.18451,329.71793,283.86765,75.96592,329.50986,282.68176,76.03578,329.8444,284.50607,48.444294,329.56393,283.12057,48.23023,329.2486,281.42892,48.187874,325.1183,274.56696,125.81816,324.69894,272.68744,0.45733255,317.84375,288.6431,85.594955,317.65036,287.694,47.69431,282.7672,273.86923,173.74863,297.7802,269.61154,-50.871155,279.84985,321.2092,203.61104,349.65207,272.88467,-137.95245,291.38422,367.17892,145.09512,401.30338,280.48358,-149.64407,302.35526,368.40994,146.2847,414.93326,280.05466,-177.94894,304.27997,370.0279,118.94541,415.42722,279.2185,-158.83844,299.26328,370.02283,131.98483,411.31882,280.57434,-145.328,186.84686,295.27386,65.85397,193.11809,306.43164,-66.07748,105.48655,298.98227,92.20198,211.31035,380.4569,-54.211807,35.142796,278.43936,115.06649,132.04797,369.2908,16.040344,26.718113,268.6821,116.222595,119.5742,360.22485,24.36102,2.1209495,297.14258,95.80658,116.235794,392.82986,31.063927
Screenshot_20230220_023225.png,325.4324,290.45267,63.725426,329.95676,284.97687,76.18451,329.71793,283.86765,75.96592,329.50986,282.68176,76.03578,329.8444,284.50607,48.444294,329.56393,283.12057,48.23023,329.2486,281.42892,48.187874,325.1183,274.56696,125.81816,324.69894,272.68744,0.45733255,317.84375,288.6431,85.594955,317.65036,287.694,47.69431,282.7672,273.86923,173.74863,297.7802,269.61154,-50.871155,279.84985,321.2092,203.61104,349.65207,272.88467,-137.95245,291.38422,367.17892,145.09512,401.30338,280.48358,-149.64407,302.35526,368.40994,146.2847,414.93326,280.05466,-177.94894,304.27997,370.0279,118.94541,415.42722,279.2185,-158.83844,299.26328,370.02283,131.98483,411.31882,280.57434,-145.328,186.84686,295.27386,65.85397,193.11809,306.43164,-66.07748,105.48655,298.98227,92.20198,211.31035,380.4569,-54.211807,35.142796,278.43936,115.06649,132.04797,369.2908,16.040344,26.718113,268.6821,116.222595,119.5742,360.22485,24.36102,2.1209495,297.14258,95.80658,116.235794,392.82986,31.063927
