IMG_4948 copy 10.JPG,1367.8743,1089.1257,1422.882,1366.5571,1067.9622,1425.3542,1359.1866,1063.9258,1425.6719,1352.1196,1060.1289,1425.8046,1384.9629,1075.9152,1369.9427,1389.783,1077.3418,1370.0308,1394.2974,1078.6667,1369.5985,1341.8016,1063.1023,1310.9647,1392.6388,1086.2692,1060.7463,1342.0963,1096.684,1383.0963,1366.0327,1106.5688,1310.3878,1188.7781,1125.0154,1256.8643,1419.6381,1178.8506,630.98474,1202.3932,1316.5305,1378.0798,1583.0504,1188.6525,568.5222,1191.028,1422.9504,1458.6416,1692.4325,1151.022,1025.5103,1214.6091,1452.8585,1474.3468,1735.4403,1139.0172,1049.8899,1218.5354,1458.0612,1468.6735,1721.4465,1130.741,1090.3572,1211.3654,1445.9088,1451.436,1704.2692,1136.0823,1052.0046,1016.4165,1319.6764,199.14658,1142.241,1408.301,-201.08908,708.8839,1411.6637,26.577173,1106.9774,1726.9939,-431.71,380.80698,1413.4214,-904.1505,884.0808,1760.8466,-1253.2693,337.16547,1385.7493,-1008.0114,845.85474,1719.426,-1334.8345,243.34067,1533.4155,-1179.4772,779.91547,1911.7114,-1430.2699
IMG_4948 copy 11.JPG,1367.8743,1089.1257,1422.882,1366.5571,1067.9622,1425.3542,1359.1866,1063.9258,1425.6719,1352.1196,1060.1289,1425.8046,1384.9629,1075.9152,1369.9427,1389.783,1077.3418,1370.0308,1394.2974,1078.6667,1369.5985,1341.8016,1063.1023,1310.9647,1392.6388,1086.2692,1060.7463,1342.0963,1096.684,1383.0963,1366.0327,1106.5688,1310.3878,1188.7781,1125.0154,1256.8643,1419.6381,1178.8506,630.98474,1202.3932,1316.5305,1378.0798,1583.0504,1188.6525,568.5222,1191.028,1422.9504,1458.6416,1692.4325,1151.022,1025.5103,1214.6091,1452.8585,1474.3468,1735.4403,1139.0172,1049.8899,1218.5354,1458.0612,1468.6735,1721.4465,1130.741,1090.3572,1211.3654,1445.9088,1451.436,1704.2692,1136.0823,1052.0046,1016.4165,1319.6764,199.14658,1142.241,1408.301,-201.08908,708.8839,1411.6637,26.577173,1106.9774,1726.9939,-431.71,380.80698,1413.4214,-904.1505,884.0808,1760.8466,-1253.2693,337.16547,1385.7493,-1008.0114,845.85474,1719.426,-1334.8345,243.34067,1533.4155,-1179.4772,779.91547,1911.7114,-1430.2699
IMG_4948 copy 12.JPG,1367.8743,1089.1257,1422.882,1366.5571,1067.9622,1425.3542,1359.1866,1063.9258,1425.6719,1352.1196,1060.1289,1425.8046,1384.9629,1075.9152,1369.9427,1389.783,1077.3418,1370.0308,1394.2974,1078.6667,1369.5985,1341.8016,1063.1023,1310.9647,1392.6388,1086.2692,1060.7463,1342.0963,1096.684,1383.0963,1366.0327,1106.5688,1310.3878,1188.7781,1125.0154,1256.8643,1419.6381,1178.8506,630.98474,1202.3932,1316.5305,1378.0798,1583.0504,1188.6525,568.5222,1191.028,1422.9504,1458.6416,1692.4325,1151.022,1025.5103,1214.6091,1452.8585,1474.3468,1735.4403,1139.0172,1049.8899,1218.5354,1458.0612,1468.6735,1721.4465,1130.741,1090.3572,1211.3654,1445.9088,1451.436,1704.2692,1136.0823,1052.0046,1016.4165,1319.6764,199.14658,1142.241,1408.301,-201.08908,708.8839,1411.6637,26.577173,1106.9774,1726.9939,-431.71,380.80698,1413.4214,-904.1505,884.0808,1760.8466,-1253.2693,337.16547,1385.7493,-1008.0114,845.85474,1719.426,-1334.8345,243.34067,1533.4155,-1179.4772,779.91547,1911.7114,-1430.2699
IMG_4948 copy 13.JPG,1367.8743,1089.1257,1422.882,1366.5571,1067.9622,1425.3542,1359.1866,1063.9258,1425.6719,1352.1196,1060.1289,1425.8046,1384.9629,1075.9152,1369.9427,1389.783,1077.3418,1370.0308,1394.2974,1078.6667,1369.5985,1341.8016,1063.1023,1310.9647,1392.6388,1086.2692,1060.7463,1342.0963,1096.684,1383.0963,1366.0327,1106.5688,1310.3878,1188.7781,1125.0154,1256.8643,1419.6381,1178.8506,630.98474,1202.3932,1316.5305,1378.0798,1583.0504,1188.6525,568.5222,1191.028,1422.9504,1458.6416,1692.4325,1151.022,1025.5103,1214.6091,1452.8585,1474.3468,1735.4403,1139.0172,1049.8899,1218.5354,1458.0612,1468.6735,1721.4465,1130.741,1090.3572,1211.3654,1445.9088,1451.436,1704.2692,1136.0823,1052.0046,1016.4165,1319.6764,199.14658,1142.241,1408.301,-201.08908,708.8839,1411.6637,26.577173,1106.9774,1726.9939,-431.71,380.80698,1413.4214,-904.1505,884.0808,1760.8466,-1253.2693,337.16547,1385.7493,-1008.0114,845.85474,1719.426,-1334.8345,243.34067,1533.4155,-1179.4772,779.91547,1911.7114,-1430.2699
IMG_4948 copy 14.JPG,1367.8743,1089.1257,1422.882,1366.5571,1067.9622,1425.3542,1359.1866,1063.9258,1425.6719,1352.1196,1060.1289,1425.8046,1384.9629,1075.9152,1369.9427,1389.783,1077.3418,1370.0308,1394.2974,1078.6667,1369.5985,1341.8016,1063.1023,1310.9647,1392.6388,1086.2692,1060.7463,1342.0963,1096.684,1383.0963,1366.0327,1106.5688,1310.3878,1188.7781,1125.0154,1256.8643,1419.6381,1178.8506,630.98474,1202.3932,1316.5305,1378.0798,1583.0504,1188.6525,568.5222,1191.028,1422.9504,1458.6416,1692.4325,1151.022,1025.5103,1214.6091,1452.8585,1474.3468,1735.4403,1139.0172,1049.8899,1218.5354,1458.0612,1468.6735,1721.4465,1130.741,1090.3572,1211.3654,1445.9088,1451.436,1704.2692,1136.0823,1052.0046,1016.4165,1319.6764,199.14658,1142.241,1408.301,-201.08908,708.8839,1411.6637,26.577173,1106.9774,1726.9939,-431.71,380.80698,1413.4214,-904.1505,884.0808,1760.8466,-1253.2693,337.16547,1385.7493,-1008.0114,845.85474,1719.426,-1334.8345,243.34067,1533.4155,-1179.4772,779.91547,1911.7114,-1430.2699
IMG_4948 copy 15.JPG,1367.8743,1089.1257,1422.882,1366.5571,1067.9622,1425.3542,1359.1866,1063.9258,1425.6719,1352.1196,1060.1289,1425.8046,1384.9629,1075.9152,1369.9427,1389.783,1077.3418,1370.0308,1394.2974,1078.6667,1369.5985,1341.8016,1063.1023,1310.9647,1392.6388,1086.2692,1060.7463,1342.0963,1096.684,1383.0963,1366.0327,1106.5688,1310.3878,1188.7781,1125.0154,1256.8643,1419.6381,1178.8506,630.98474,1202.3932,1316.5305,1378.0798,1583.0504,1188.6525,568.5222,1191.028,1422.9504,1458.6416,1692.4325,1151.022,1025.5103,1214.6091,1452.8585,1474.3468,1735.4403,1139.0172,1049.8899,1218.5354,1458.0612,1468.6735,1721.4465,1130.741,1090.3572,1211.3654,1445.9088,1451.436,1704.2692,1136.0823,1052.0046,1016.4165,1319.6764,199.14658,1142.241,1408.301,-201.08908,708.8839,1411.6637,26.577173,1106.9774,1726.9939,-431.71,380.80698,1413.4214,-904.1505,884.0808,1760.8466,-1253.2693,337.16547,1385.7493,-1008.0114,845.85474,1719.426,-1334.8345,243.34067,1533.4155,-1179.4772,779.91547,1911.7114,-1430.2699
IMG_4948 copy 16.JPG,1367.8743,1089.1257,1422.882,1366.5571,1067.9622,1425.3542,1359.1866,1063.9258,1425.6719,1352.1196,1060.1289,1425.8046,1384.9629,1075.9152,1369.9427,1389.783,1077.3418,1370.0308,1394.2974,1078.6667,1369.5985,1341.8016,1063.1023,1310.9647,1392.6388,1086.2692,1060.7463,1342.0963,1096.684,1383.0963,1366.0327,1106.5688,1310.3878,1188.7781,1125.0154,1256.8643,1419.6381,1178.8506,630.98474,1202.3932,1316.5305,1378.0798,1583.0504,1188.6525,568.5222,1191.028,1422.9504,1458.6416,1692.4325,1151.022,1025.5103,1214.6091,1452.8585,1474.3468,1735.4403,1139.0172,1049.8899,1218.5354,1458.0612,1468.6735,1721.4465,1130.741,1090.3572,1211.3654,1445.9088,1451.436,1704.2692,1136.0823,1052.0046,1016.4165,1319.6764,199.14658,1142.241,1408.301,-201.08908,708.8839,1411.6637,26.577173,1106.9774,1726.9939,-431.71,380.80698,1413.4214,-904.1505,884.0808,1760.8466,-1253.2693,337.16547,1385.7493,-1008.0114,845.85474,1719.426,-1334.8345,243.34067,1533.4155,-1179.4772,779.91547,1911.7114,-1430.2699
IMG_4948 copy 2.JPG,1367.8743,1089.1257,1422.882,1366.5571,1067.9622,1425.3542,1359.1866,1063.9258,1425.6719,1352.1196,1060.1289,1425.8046,1384.9629,1075.9152,1369.9427,1389.783,1077.3418,1370.0308,1394.2974,1078.6667,1369.5985,1341.8016,1063.1023,1310.9647,1392.6388,1086.2692,1060.7463,1342.0963,1096.684,1383.0963,1366.0327,1106.5688,1310.3878,1188.7781,1125.0154,1256.8643,1419.6381,1178.8506,630.98474,1202.3932,1316.5305,1378.0798,1583.0504,1188.6525,568.5222,1191.028,1422.9504,1458.6416,1692.4325,1151.022,1025.5103,1214.6091,1452.8585,1474.3468,1735.4403,1139.0172,1049.8899,1218.5354,1458.0612,1468.6735,1721.4465,1130.741,1090.3572,1211.3654,1445.9088,1451.436,1704.2692,1136.0823,1052.0046,1016.4165,1319.6764,199.14658,1142.241,1408.301,-201.08908,708.8839,1411.6637,26.577173,1106.9774,1726.9939,-431.71,380.80698,1413.4214,-904.1505,884.0808,1760.8466,-1253.2693,337.16547,1385.7493,-1008.0114,845.85474,1719.426,-1334.8345,243.34067,1533.4155,-1179.4772,779.91547,1911.7114,-1430.2699
IMG_4948 copy 3.JPG,1367.8743,1089.1257,1422.882,1366.5571,1067.9622,1425.3542,1359.1866,1063.9258,1425.6719,1352.1196,1060.1289,1425.8046,1384.9629,1075.9152,1369.9427,1389.783,1077.3418,1370.0308,1394.2974,1078.6667,1369.5985,1341.8016,1063.1023,1310.9647,1392.6388,1086.2692,1060.7463,1342.0963,1096.684,1383.0963,1366.0327,1106.5688,1310.3878,1188.7781,1125.0154,1256.8643,1419.6381,1178.8506,630.98474,1202.3932,1316.5305,1378.0798,1583.0504,1188.6525,568.5222,1191.028,1422.9504,1458.6416,1692.4325,1151.022,1025.5103,1214.6091,1452.8585,1474.3468,1735.4403,1139.0172,1049.8899,1218.5354,1458.0612,1468.6735,1721.4465,1130.741,1090.3572,1211.3654,1445.9088,1451.436,1704.2692,1136.0823,1052.0046,1016.4165,1319.6764,199.14658,1142.241,1408.301,-201.08908,708.8839,1411.6637,26.577173,1106.9774,1726.9939,-431.71,380.80698,1413.4214,-904.1505,884.0808,1760.8466,-1253.2693,337.16547,1385.7493,-1008.0114,845.85474,1719.426,-1334.8345,243.34067,1533.4155,-1179.4772,779.91547,1911.7114,-1430.2699
IMG_4948 copy 4.JPG,1367.8743,1089.1257,1422.882,1366.5571,1067.9622,1425.3542,1359.1866,1063.9258,1425.6719,1352.1196,1060.1289,1425.8046,1384.9629,1075.9152,1369.9427,1389.783,1077.3418,1370.0308,1394.2974,1078.6667,1369.5985,1341.8016,1063.1023,1310.9647,1392.6388,1086.2692,1060.7463,1342.0963,1096.684,1383.0963,1366.0327,1106.5688,1310.3878,1188.7781,1125.0154,1256.8643,1419.6381,1178.8506,630.98474,1202.3932,1316.5305,1378.0798,1583.0504,1188.6525,568.5222,1191.028,1422.9504,1458.6416,1692.4325,1151.022,1025.5103,1214.6091,1452.8585,1474.3468,1735.4403,1139.0172,1049.8899,1218.5354,1458.0612,1468.6735,1721.4465,1130.741,1090.3572,1211.3654,1445.9088,1451.436,1704.2692,1136.0823,1052.0046,1016.4165,1319.6764,199.14658,1142.241,1408.301,-201.08908,708.8839,1411.6637,26.577173,1106.9774,1726.9939,-431.71,380.80698,1413.4214,-904.1505,884.0808,1760.8466,-1253.2693,337.16547,1385.7493,-1008.0114,845.85474,1719.426,-1334.8345,243.34067,1533.4155,-1179.4772,779.91547,1911.7114,-1430.2699
IMG_4948 copy 5.JPG,1367.8743,1089.1257,1422.882,1366.5571,1067.9622,1425.3542,1359.1866,1063.9258,1425.6719,1352.1196,1060.1289,1425.8046,1384.9629,1075.9152,1369.9427,1389.783,1077.3418,1370.0308,1394.2974,1078.6667,1369.5985,1341.8016,1063.1023,1310.9647,1392.6388,1086.2692,1060.7463,1342.0963,1096.684,1383.0963,1366.0327,1106.5688,1310.3878,1188.7781,1125.0154,1256.8643,1419.6381,1178.8506,630.98474,1202.3932,1316.5305,1378.0798,1583.0504,1188.6525,568.5222,1191.028,1422.9504,1458.6416,1692.4325,1151.022,1025.5103,1214.6091,1452.8585,1474.3468,1735.4403,1139.0172,1049.8899,1218.5354,1458.0612,1468.6735,1721.4465,1130.741,1090.3572,1211.3654,1445.9088,1451.436,1704.2692,1136.0823,1052.0046,1016.4165,1319.6764,199.14658,1142.241,1408.301,-201.08908,708.8839,1411.6637,26.577173,1106.9774,1726.9939,-431.71,380.80698,1413.4214,-904.1505,884.0808,1760.8466,-1253.2693,337.16547,1385.7493,-1008.0114,845.85474,1719.426,-1334.8345,243.34067,1533.4155,-1179.4772,779.91547,1911.7114,-1430.2699
IMG_4948 copy 6.JPG,1367.8743,1089.1257,1422.882,1366.5571,1067.9622,1425.3542,1359.1866,1063.9258,1425.6719,1352.1196,1060.1289,1425.8046,1384.9629,1075.9152,1369.9427,1389.783,1077.3418,1370.0308,1394.2974,1078.6667,1369.5985,1341.8016,1063.1023,1310.9647,1392.6388,1086.2692,1060.7463,1342.0963,1096.684,1383.0963,1366.0327,1106.5688,1310.3878,1188.7781,1125.0154,1256.8643,1419.6381,1178.8506,630.98474,1202.3932,1316.5305,1378.0798,1583.0504,1188.6525,568.5222,1191.028,1422.9504,1458.6416,1692.4325,1151.022,1025.5103,1214.6091,1452.8585,1474.3468,1735.4403,1139.0172,1049.8899,1218.5354,1458.0612,1468.6735,1721.4465,1130.741,1090.3572,1211.3654,1445.9088,1451.436,1704.2692,1136.0823,1052.0046,1016.4165,1319.6764,199.14658,1142.241,1408.301,-201.08908,708.8839,1411.6637,26.577173,1106.9774,1726.9939,-431.71,380.80698,1413.4214,-904.1505,884.0808,1760.8466,-1253.2693,337.16547,1385.7493,-1008.0114,845.85474,1719.426,-1334.8345,243.34067,1533.4155,-1179.4772,779.91547,1911.7114,-1430.2699
IMG_4948 copy 7.JPG,1367.8743,1089.1257,1422.882,1366.5571,1067.9622,1425.3542,1359.1866,1063.9258,1425.6719,1352.1196,1060.1289,1425.8046,1384.9629,1075.9152,1369.9427,1389.783,1077.3418,1370.0308,1394.2974,1078.6667,1369.5985,1341.8016,1063.1023,1310.9647,1392.6388,1086.2692,1060.7463,1342.0963,1096.684,1383.0963,1366.0327,1106.5688,1310.3878,1188.7781,1125.0154,1256.8643,1419.6381,1178.8506,630.98474,1202.3932,1316.5305,1378.0798,1583.0504,1188.6525,568.5222,1191.028,1422.9504,1458.6416,1692.4325,1151.022,1025.5103,1214.6091,1452.8585,1474.3468,1735.4403,1139.0172,1049.8899,1218.5354,1458.0612,1468.6735,1721.4465,1130.741,1090.3572,1211.3654,1445.9088,1451.436,1704.2692,1136.0823,1052.0046,1016.4165,1319.6764,199.14658,1142.241,1408.301,-201.08908,708.8839,1411.6637,26.577173,1106.9774,1726.9939,-431.71,380.80698,1413.4214,-904.1505,884.0808,1760.8466,-1253.2693,337.16547,1385.7493,-1008.0114,845.85474,1719.426,-1334.8345,243.34067,1533.4155,-1179.4772,779.91547,1911.7114,-1430.2699
IMG_4948 copy 8.JPG,1367.8743,1089.1257,1422.882,1366.5571,1067.9622,1425.3542,1359.1866,1063.9258,1425.6719,1352.1196,1060.1289,1425.8046,1384.9629,1075.9152,1369.9427,1389.783,1077.3418,1370.0308,1394.2974,1078.6667,1369.5985,1341.8016,1063.1023,1310.9647,1392.6388,1086.2692,1060.7463,1342.0963,1096.684,1383.0963,1366.0327,1106.5688,1310.3878,1188.7781,1125.0154,1256.8643,1419.6381,1178.8506,630.98474,1202.3932,1316.5305,1378.0798,1583.0504,1188.6525,568.5222,1191.028,1422.9504,1458.6416,1692.4325,1151.022,1025.5103,1214.6091,1452.8585,1474.3468,1735.4403,1139.0172,1049.8899,1218.5354,1458.0612,1468.6735,1721.4465,1130.741,1090.3572,1211.3654,1445.9088,1451.436,1704.2692,1136.0823,1052.0046,1016.4165,1319.6764,199.14658,1142.241,1408.301,-201.08908,708.8839,1411.6637,26.577173,1106.9774,1726.9939,-431.71,380.80698,1413.4214,-904.1505,884.0808,1760.8466,-1253.2693,337.16547,1385.7493,-1008.0114,845.85474,1719.426,-1334.8345,243.34067,1533.4155,-1179.4772,779.91547,1911.7114,-1430.2699
IMG_4948 copy 9.JPG,1367.8743,1089.1257,1422.882,1366.5571,1067.9622,1425.3542,1359.1866,1063.9258,1425.6719,1352.1196,1060.1289,1425.8046,1384.9629,1075.9152,1369.9427,1389.783,1077.3418,1370.0308,1394.2974,1078.6667,1369.5985,1341.8016,1063.1023,1310.9647,1392.6388,1086.2692,1060.7463,1342.0963,1096.684,1383.0963,1366.0327,1106.5688,1310.3878,1188.7781,1125.0154,1256.8643,1419.6381,1178.8506,630.98474,1202.3932,1316.5305,1378.0798,1583.0504,1188.6525,568.5222,1191.028,1422.9504,1458.6416,1692.4325,1151.022,1025.5103,1214.6091,1452.8585,1474.3468,1735.4403,1139.0172,1049.8899,1218.5354,1458.0612,1468.6735,1721.4465,1130.741,1090.3572,1211.3654,1445.9088,1451.436,1704.2692,1136.0823,1052.0046,1016.4165,1319.6764,199.14658,1142.241,1408.301,-201.08908,708.8839,1411.6637,26.577173,1106.9774,1726.9939,-431.71,380.80698,1413.4214,-904.1505,884.0808,1760.8466,-1253.2693,337.16547,1385.7493,-1008.0114,845.85474,1719.426,-1334.8345,243.34067,1533.4155,-1179.4772,779.91547,1911.7114,-1430.2699
IMG_4948 copy.JPG,1367.8743,1089.1257,1422.882,1366.5571,1067.9622,1425.3542,1359.1866,1063.9258,1425.6719,1352.1196,1060.1289,1425.8046,1384.9629,1075.9152,1369.9427,1389.783,1077.3418,1370.0308,1394.2974,1078.6667,1369.5985,1341.8016,1063.1023,1310.9647,1392.6388,1086.2692,1060.7463,1342.0963,1096.684,1383.0963,1366.0327,1106.5688,1310.3878,1188.7781,1125.0154,1256.8643,1419.6381,1178.8506,630.98474,1202.3932,1316.5305,1378.0798,1583.0504,1188.6525,568.5222,1191.028,1422.9504,1458.6416,1692.4325,1151.022,1025.5103,1214.6091,1452.8585,1474.3468,1735.4403,1139.0172,1049.8899,1218.5354,1458.0612,1468.6735,1721.4465,1130.741,1090.3572,1211.3654,1445.9088,1451.436,1704.2692,1136.0823,1052.0046,1016.4165,1319.6764,199.14658,1142.241,1408.301,-201.08908,708.8839,1411.6637,26.577173,1106.9774,1726.9939,-431.71,380.80698,1413.4214,-904.1505,884.0808,1760.8466,-1253.2693,337.16547,1385.7493,-1008.0114,845.85474,1719.426,-1334.8345,243.34067,1533.4155,-1179.4772,779.91547,1911.7114,-1430.2699
IMG_4948.JPG,1367.8743,1089.1257,1422.882,1366.5571,1067.9622,1425.3542,1359.1866,1063.9258,1425.6719,1352.1196,1060.1289,1425.8046,1384.9629,1075.9152,1369.9427,1389.783,1077.3418,1370.0308,1394.2974,1078.6667,1369.5985,1341.8016,1063.1023,1310.9647,1392.6388,1086.2692,1060.7463,1342.0963,1096.684,1383.0963,1366.0327,1106.5688,1310.3878,1188.7781,1125.0154,1256.8643,1419.6381,1178.8506,630.98474,1202.3932,1316.5305,1378.0798,1583.0504,1188.6525,568.5222,1191.028,1422.9504,1458.6416,1692.4325,1151.022,1025.5103,1214.6091,1452.8585,1474.3468,1735.4403,1139.0172,1049.8899,1218.5354,1458.0612,1468.6735,1721.4465,1130.741,1090.3572,1211.3654,1445.9088,1451.436,1704.2692,1136.0823,1052.0046,1016.4165,1319.6764,199.14658,1142.241,1408.301,-201.08908,708.8839,1411.6637,26.577173,1106.9774,1726.9939,-431.71,380.80698,1413.4214,-904.1505,884.0808,1760.8466,-1253.2693,337.16547,1385.7493,-1008.0114,845.85474,1719.426,-1334.8345,243.34067,1533.4155,-1179.4772,779.91547,1911.7114,-1430.2699
IMG_4952.JPG,554.31586,1111.1285,1137.6313,548.99005,1074.8975,1067.7745,546.19763,1074.4257,1067.8802,542.6891,1074.5884,1068.1324,560.0547,1070.4852,1130.6912,565.48157,1067.167,1130.4993,570.5055,1063.7812,1130.2163,552.5628,1067.2211,786.2873,592.6803,1048.5452,1066.4755,563.1772,1126.7775,1035.7639,578.8709,1120.0627,1114.9038,564.28503,1210.5797,253.81303,765.54126,1120.5754,1154.132,603.1979,1500.8098,295.91812,880.16565,1273.5592,1159.9552,566.3804,1713.6725,795.37305,835.9655,1396.3834,1067.7955,527.0086,1720.684,808.6383,831.2993,1427.3505,1098.2963,527.6192,1697.2477,820.4277,807.0997,1426.6322,1067.3744,551.0096,1696.9756,821.48517,806.1065,1411.7957,1051.9867,1021.35046,1439.2893,-333.6702,1117.9894,1427.0615,332.6586,1313.5438,1666.6135,-1306.8398,1158.9802,1887.2217,266.92892,1834.9719,1765.5092,-2180.1501,1480.735,2010.102,10.307209,1925.4874,1759.0085,-2264.3066,1567.5973,1980.0428,-30.510204,1925.717,1971.4547,-2556.752,1559.0663,2237.6982,-126.43418
IMG_4953 copy 10.png,556.8515,1598.7703,-423.27512,546.8487,1574.5454,-475.51724,551.05743,1571.7678,-475.38785,555.0502,1569.6621,-475.27863,539.4687,1576.5913,-402.60175,538.8943,1574.8188,-402.75104,538.2553,1573.2445,-402.85342,579.2331,1549.516,-572.7057,558.443,1551.2281,-241.6519,588.35547,1597.7561,-446.1212,579.55273,1600.0074,-351.03268,724.00824,1568.9968,-747.67694,654.5911,1530.5851,-13.06462,685.801,1798.9363,-912.2759,455.85306,1568.7098,72.68785,600.9629,1951.3259,-969.2011,286.08496,1617.9973,-111.16342,553.19586,1988.0286,-1100.6259,227.019,1604.7186,-159.37125,541.311,1964.9575,-1070.8789,228.17822,1612.4471,-226.55762,558.8213,1951.5621,-966.1565,249.89545,1620.4989,-147.22206,1147.2273,1524.8408,-299.3096,1102.6436,1559.5613,298.75226,1460.1936,1577.9716,-287.83884,1174.1451,1790.1016,232.11789,1806.5248,1527.7028,-124.229935,1426.7172,1707.9698,682.63135,1856.9551,1488.4227,-114.155136,1459.5066,1657.2812,718.8076,1914.053,1650.2289,-330.99313,1567.9584,1781.3004,690.81335
IMG_4953 copy 11.png,556.8515,1598.7703,-423.27512,546.8487,1574.5454,-475.51724,551.05743,1571.7678,-475.38785,555.0502,1569.6621,-475.27863,539.4687,1576.5913,-402.60175,538.8943,1574.8188,-402.75104,538.2553,1573.2445,-402.85342,579.2331,1549.516,-572.7057,558.443,1551.2281,-241.6519,588.35547,1597.7561,-446.1212,579.55273,1600.0074,-351.03268,724.00824,1568.9968,-747.67694,654.5911,1530.5851,-13.06462,685.801,1798.9363,-912.2759,455.85306,1568.7098,72.68785,600.9629,1951.3259,-969.2011,286.08496,1617.9973,-111.16342,553.19586,1988.0286,-1100.6259,227.019,1604.7186,-159.37125,541.311,1964.9575,-1070.8789,228.17822,1612.4471,-226.55762,558.8213,1951.5621,-966.1565,249.89545,1620.4989,-147.22206,1147.2273,1524.8408,-299.3096,1102.6436,1559.5613,298.75226,1460.1936,1577.9716,-287.83884,1174.1451,1790.1016,232.11789,1806.5248,1527.7028,-124.229935,1426.7172,1707.9698,682.63135,1856.9551,1488.4227,-114.155136,1459.5066,1657.2812,718.8076,1914.053,1650.2289,-330.99313,1567.9584,1781.3004,690.81335
IMG_4953 copy 12.png,556.8515,1598.7703,-423.27512,546.8487,1574.5454,-475.51724,551.05743,1571.7678,-475.38785,555.0502,1569.6621,-475.27863,539.4687,1576.5913,-402.60175,538.8943,1574.8188,-402.75104,538.2553,1573.2445,-402.85342,579.2331,1549.516,-572.7057,558.443,1551.2281,-241.6519,588.35547,1597.7561,-446.1212,579.55273,1600.0074,-351.03268,724.00824,1568.9968,-747.67694,654.5911,1530.5851,-13.06462,685.801,1798.9363,-912.2759,455.85306,1568.7098,72.68785,600.9629,1951.3259,-969.2011,286.08496,1617.9973,-111.16342,553.19586,1988.0286,-1100.6259,227.019,1604.7186,-159.37125,541.311,1964.9575,-1070.8789,228.17822,1612.4471,-226.55762,558.8213,1951.5621,-966.1565,249.89545,1620.4989,-147.22206,1147.2273,1524.8408,-299.3096,1102.6436,1559.5613,298.75226,1460.1936,1577.9716,-287.83884,1174.1451,1790.1016,232.11789,1806.5248,1527.7028,-124.229935,1426.7172,1707.9698,682.63135,1856.9551,1488.4227,-114.155136,1459.5066,1657.2812,718.8076,1914.053,1650.2289,-330.99313,1567.9584,1781.3004,690.81335
IMG_4953 copy 13.png,556.8515,1598.7703,-423.27512,546.8487,1574.5454,-475.51724,551.05743,1571.7678,-475.38785,555.0502,1569.6621,-475.27863,539.4687,1576.5913,-402.60175,538.8943,1574.8188,-402.75104,538.2553,1573.2445,-402.85342,579.2331,1549.516,-572.7057,558.443,1551.2281,-241.6519,588.35547,1597.7561,-446.1212,579.55273,1600.0074,-351.03268,724.00824,1568.9968,-747.67694,654.5911,1530.5851,-13.06462,685.801,1798.9363,-912.2759,455.85306,1568.7098,72.68785,600.9629,1951.3259,-969.2011,286.08496,1617.9973,-111.16342,553.19586,1988.0286,-1100.6259,227.019,1604.7186,-159.37125,541.311,1964.9575,-1070.8789,228.17822,1612.4471,-226.55762,558.8213,1951.5621,-966.1565,249.89545,1620.4989,-147.22206,1147.2273,1524.8408,-299.3096,1102.6436,1559.5613,298.75226,1460.1936,1577.9716,-287.83884,1174.1451,1790.1016,232.11789,1806.5248,1527.7028,-124.229935,1426.7172,1707.9698,682.63135,1856.9551,1488.4227,-114.155136,1459.5066,1657.2812,718.8076,1914.053,1650.2289,-330.99313,1567.9584,1781.3004,690.81335
IMG_4953 copy 14.png,556.8515,1598.7703,-423.27512,546.8487,1574.5454,-475.51724,551.05743,1571.7678,-475.38785,555.0502,1569.6621,-475.27863,539.4687,1576.5913,-402.60175,538.8943,1574.8188,-402.75104,538.2553,1573.2445,-402.85342,579.2331,1549.516,-572.7057,558.443,1551.2281,-241.6519,588.35547,1597.7561,-446.1212,579.55273,1600.0074,-351.03268,724.00824,1568.9968,-747.67694,654.5911,1530.5851,-13.06462,685.801,1798.9363,-912.2759,455.85306,1568.7098,72.68785,600.9629,1951.3259,-969.2011,286.08496,1617.9973,-111.16342,553.19586,1988.0286,-1100.6259,227.019,1604.7186,-159.37125,541.311,1964.9575,-1070.8789,228.17822,1612.4471,-226.55762,558.8213,1951.5621,-966.1565,249.89545,1620.4989,-147.22206,1147.2273,1524.8408,-299.3096,1102.6436,1559.5613,298.75226,1460.1936,1577.9716,-287.83884,1174.1451,1790.1016,232.11789,1806.5248,1527.7028,-124.229935,1426.7172,1707.9698,682.63135,1856.9551,1488.4227,-114.155136,1459.5066,1657.2812,718.8076,1914.053,1650.2289,-330.99313,1567.9584,1781.3004,690.81335
IMG_4953 copy 15.png,556.8515,1598.7703,-423.27512,546.8487,1574.5454,-475.51724,551.05743,1571.7678,-475.38785,555.0502,1569.6621,-475.27863,539.4687,1576.5913,-402.60175,538.8943,1574.8188,-402.75104,538.2553,1573.2445,-402.85342,579.2331,1549.516,-572.7057,558.443,1551.2281,-241.6519,588.35547,1597.7561,-446.1212,579.55273,1600.0074,-351.03268,724.00824,1568.9968,-747.67694,654.5911,1530.5851,-13.06462,685.801,1798.9363,-912.2759,455.85306,1568.7098,72.68785,600.9629,1951.3259,-969.2011,286.08496,1617.9973,-111.16342,553.19586,1988.0286,-1100.6259,227.019,1604.7186,-159.37125,541.311,1964.9575,-1070.8789,228.17822,1612.4471,-226.55762,558.8213,1951.5621,-966.1565,249.89545,1620.4989,-147.22206,1147.2273,1524.8408,-299.3096,1102.6436,1559.5613,298.75226,1460.1936,1577.9716,-287.83884,1174.1451,1790.1016,232.11789,1806.5248,1527.7028,-124.229935,1426.7172,1707.9698,682.63135,1856.9551,1488.4227,-114.155136,1459.5066,1657.2812,718.8076,1914.053,1650.2289,-330.99313,1567.9584,1781.3004,690.81335
IMG_4953 copy 16.png,556.8515,1598.7703,-423.27512,546.8487,1574.5454,-475.51724,551.05743,1571.7678,-475.38785,555.0502,1569.6621,-475.27863,539.4687,1576.5913,-402.60175,538.8943,1574.8188,-402.75104,538.2553,1573.2445,-402.85342,579.2331,1549.516,-572.7057,558.443,1551.2281,-241.6519,588.35547,1597.7561,-446.1212,579.55273,1600.0074,-351.03268,724.00824,1568.9968,-747.67694,654.5911,1530.5851,-13.06462,685.801,1798.9363,-912.2759,455.85306,1568.7098,72.68785,600.9629,1951.3259,-969.2011,286.08496,1617.9973,-111.16342,553.19586,1988.0286,-1100.6259,227.019,1604.7186,-159.37125,541.311,1964.9575,-1070.8789,228.17822,1612.4471,-226.55762,558.8213,1951.5621,-966.1565,249.89545,1620.4989,-147.22206,1147.2273,1524.8408,-299.3096,1102.6436,1559.5613,298.75226,1460.1936,1577.9716,-287.83884,1174.1451,1790.1016,232.11789,1806.5248,1527.7028,-124.229935,1426.7172,1707.9698,682.63135,1856.9551,1488.4227,-114.155136,1459.5066,1657.2812,718.8076,1914.053,1650.2289,-330.99313,1567.9584,1781.3004,690.81335
IMG_4953 copy 17.png,556.8515,1598.7703,-423.27512,546.8487,1574.5454,-475.51724,551.05743,1571.7678,-475.38785,555.0502,1569.6621,-475.27863,539.4687,1576.5913,-402.60175,538.8943,1574.8188,-402.75104,538.2553,1573.2445,-402.85342,579.2331,1549.516,-572.7057,558.443,1551.2281,-241.6519,588.35547,1597.7561,-446.1212,579.55273,1600.0074,-351.03268,724.00824,1568.9968,-747.67694,654.5911,1530.5851,-13.06462,685.801,1798.9363,-912.2759,455.85306,1568.7098,72.68785,600.9629,1951.3259,-969.2011,286.08496,1617.9973,-111.16342,553.19586,1988.0286,-1100.6259,227.019,1604.7186,-159.37125,541.311,1964.9575,-1070.8789,228.17822,1612.4471,-226.55762,558.8213,1951.5621,-966.1565,249.89545,1620.4989,-147.22206,1147.2273,1524.8408,-299.3096,1102.6436,1559.5613,298.75226,1460.1936,1577.9716,-287.83884,1174.1451,1790.1016,232.11789,1806.5248,1527.7028,-124.229935,1426.7172,1707.9698,682.63135,1856.9551,1488.4227,-114.155136,1459.5066,1657.2812,718.8076,1914.053,1650.2289,-330.99313,1567.9584,1781.3004,690.81335
IMG_4953 copy 18.png,556.8515,1598.7703,-423.27512,546.8487,1574.5454,-475.51724,551.05743,1571.7678,-475.38785,555.0502,1569.6621,-475.27863,539.4687,1576.5913,-402.60175,538.8943,1574.8188,-402.75104,538.2553,1573.2445,-402.85342,579.2331,1549.516,-572.7057,558.443,1551.2281,-241.6519,588.35547,1597.7561,-446.1212,579.55273,1600.0074,-351.03268,724.00824,1568.9968,-747.67694,654.5911,1530.5851,-13.06462,685.801,1798.9363,-912.2759,455.85306,1568.7098,72.68785,600.9629,1951.3259,-969.2011,286.08496,1617.9973,-111.16342,553.19586,1988.0286,-1100.6259,227.019,1604.7186,-159.37125,541.311,1964.9575,-1070.8789,228.17822,1612.4471,-226.55762,558.8213,1951.5621,-966.1565,249.89545,1620.4989,-147.22206,1147.2273,1524.8408,-299.3096,1102.6436,1559.5613,298.75226,1460.1936,1577.9716,-287.83884,1174.1451,1790.1016,232.11789,1806.5248,1527.7028,-124.229935,1426.7172,1707.9698,682.63135,1856.9551,1488.4227,-114.155136,1459.5066,1657.2812,718.8076,1914.053,1650.2289,-330.99313,1567.9584,1781.3004,690.81335
IMG_4953 copy 19.png,556.8515,1598.7703,-423.27512,546.8487,1574.5454,-475.51724,551.05743,1571.7678,-475.38785,555.0502,1569.6621,-475.27863,539.4687,1576.5913,-402.60175,538.8943,1574.8188,-402.75104,538.2553,1573.2445,-402.85342,579.2331,1549.516,-572.7057,558.443,1551.2281,-241.6519,588.35547,1597.7561,-446.1212,579.55273,1600.0074,-351.03268,724.00824,1568.9968,-747.67694,654.5911,1530.5851,-13.06462,685.801,1798.9363,-912.2759,455.85306,1568.7098,72.68785,600.9629,1951.3259,-969.2011,286.08496,1617.9973,-111.16342,553.19586,1988.0286,-1100.6259,227.019,1604.7186,-159.37125,541.311,1964.9575,-1070.8789,228.17822,1612.4471,-226.55762,558.8213,1951.5621,-966.1565,249.89545,1620.4989,-147.22206,1147.2273,1524.8408,-299.3096,1102.6436,1559.5613,298.75226,1460.1936,1577.9716,-287.83884,1174.1451,1790.1016,232.11789,1806.5248,1527.7028,-124.229935,1426.7172,1707.9698,682.63135,1856.9551,1488.4227,-114.155136,1459.5066,1657.2812,718.8076,1914.053,1650.2289,-330.99313,1567.9584,1781.3004,690.81335
IMG_4953 copy 2.png,556.8515,1598.7703,-423.27512,546.8487,1574.5454,-475.51724,551.05743,1571.7678,-475.38785,555.0502,1569.6621,-475.27863,539.4687,1576.5913,-402.60175,538.8943,1574.8188,-402.75104,538.2553,1573.2445,-402.85342,579.2331,1549.516,-572.7057,558.443,1551.2281,-241.6519,588.35547,1597.7561,-446.1212,579.55273,1600.0074,-351.03268,724.00824,1568.9968,-747.67694,654.5911,1530.5851,-13.06462,685.801,1798.9363,-912.2759,455.85306,1568.7098,72.68785,600.9629,1951.3259,-969.2011,286.08496,1617.9973,-111.16342,553.19586,1988.0286,-1100.6259,227.019,1604.7186,-159.37125,541.311,1964.9575,-1070.8789,228.17822,1612.4471,-226.55762,558.8213,1951.5621,-966.1565,249.89545,1620.4989,-147.22206,1147.2273,1524.8408,-299.3096,1102.6436,1559.5613,298.75226,1460.1936,1577.9716,-287.83884,1174.1451,1790.1016,232.11789,1806.5248,1527.7028,-124.229935,1426.7172,1707.9698,682.63135,1856.9551,1488.4227,-114.155136,1459.5066,1657.2812,718.8076,1914.053,1650.2289,-330.99313,1567.9584,1781.3004,690.81335
IMG_4953 copy 20.png,556.8515,1598.7703,-423.27512,546.8487,1574.5454,-475.51724,551.05743,1571.7678,-475.38785,555.0502,1569.6621,-475.27863,539.4687,1576.5913,-402.60175,538.8943,1574.8188,-402.75104,538.2553,1573.2445,-402.85342,579.2331,1549.516,-572.7057,558.443,1551.2281,-241.6519,588.35547,1597.7561,-446.1212,579.55273,1600.0074,-351.03268,724.00824,1568.9968,-747.67694,654.5911,1530.5851,-13.06462,685.801,1798.9363,-912.2759,455.85306,1568.7098,72.68785,600.9629,1951.3259,-969.2011,286.08496,1617.9973,-111.16342,553.19586,1988.0286,-1100.6259,227.019,1604.7186,-159.37125,541.311,1964.9575,-1070.8789,228.17822,1612.4471,-226.55762,558.8213,1951.5621,-966.1565,249.89545,1620.4989,-147.22206,1147.2273,1524.8408,-299.3096,1102.6436,1559.5613,298.75226,1460.1936,1577.9716,-287.83884,1174.1451,1790.1016,232.11789,1806.5248,1527.7028,-124.229935,1426.7172,1707.9698,682.63135,1856.9551,1488.4227,-114.155136,1459.5066,1657.2812,718.8076,1914.053,1650.2289,-330.99313,1567.9584,1781.3004,690.81335
IMG_4953 copy 21.png,556.8515,1598.7703,-423.27512,546.8487,1574.5454,-475.51724,551.05743,1571.7678,-475.38785,555.0502,1569.6621,-475.27863,539.4687,1576.5913,-402.60175,538.8943,1574.8188,-402.75104,538.2553,1573.2445,-402.85342,579.2331,1549.516,-572.7057,558.443,1551.2281,-241.6519,588.35547,1597.7561,-446.1212,579.55273,1600.0074,-351.03268,724.00824,1568.9968,-747.67694,654.5911,1530.5851,-13.06462,685.801,1798.9363,-912.2759,455.85306,1568.7098,72.68785,600.9629,1951.3259,-969.2011,286.08496,1617.9973,-111.16342,553.19586,1988.0286,-1100.6259,227.019,1604.7186,-159.37125,541.311,1964.9575,-1070.8789,228.17822,1612.4471,-226.55762,558.8213,1951.5621,-966.1565,249.89545,1620.4989,-147.22206,1147.2273,1524.8408,-299.3096,1102.6436,1559.5613,298.75226,1460.1936,1577.9716,-287.83884,1174.1451,1790.1016,232.11789,1806.5248,1527.7028,-124.229935,1426.7172,1707.9698,682.63135,1856.9551,1488.4227,-114.155136,1459.5066,1657.2812,718.8076,1914.053,1650.2289,-330.99313,1567.9584,1781.3004,690.81335
IMG_4953 copy 22.png,556.8515,1598.7703,-423.27512,546.8487,1574.5454,-475.51724,551.05743,1571.7678,-475.38785,555.0502,1569.6621,-475.27863,539.4687,1576.5913,-402.60175,538.8943,1574.8188,-402.75104,538.2553,1573.2445,-402.85342,579.2331,1549.516,-572.7057,558.443,1551.2281,-241.6519,588.35547,1597.7561,-446.1212,579.55273,1600.0074,-351.03268,724.00824,1568.9968,-747.67694,654.5911,1530.5851,-13.06462,685.801,1798.9363,-912.2759,455.85306,1568.7098,72.68785,600.9629,1951.3259,-969.2011,286.08496,1617.9973,-111.16342,553.19586,1988.0286,-1100.6259,227.019,1604.7186,-159.37125,541.311,1964.9575,-1070.8789,228.17822,1612.4471,-226.55762,558.8213,1951.5621,-966.1565,249.89545,1620.4989,-147.22206,1147.2273,1524.8408,-299.3096,1102.6436,1559.5613,298.75226,1460.1936,1577.9716,-287.83884,1174.1451,1790.1016,232.11789,1806.5248,1527.7028,-124.229935,1426.7172,1707.9698,682.63135,1856.9551,1488.4227,-114.155136,1459.5066,1657.2812,718.8076,1914.053,1650.2289,-330.99313,1567.9584,1781.3004,690.81335
IMG_4953 copy 3.png,556.8515,1598.7703,-423.27512,546.8487,1574.5454,-475.51724,551.05743,1571.7678,-475.38785,555.0502,1569.6621,-475.27863,539.4687,1576.5913,-402.60175,538.8943,1574.8188,-402.75104,538.2553,1573.2445,-402.85342,579.2331,1549.516,-572.7057,558.443,1551.2281,-241.6519,588.35547,1597.7561,-446.1212,579.55273,1600.0074,-351.03268,724.00824,1568.9968,-747.67694,654.5911,1530.5851,-13.06462,685.801,1798.9363,-912.2759,455.85306,1568.7098,72.68785,600.9629,1951.3259,-969.2011,286.08496,1617.9973,-111.16342,553.19586,1988.0286,-1100.6259,227.019,1604.7186,-159.37125,541.311,1964.9575,-1070.8789,228.17822,1612.4471,-226.55762,558.8213,1951.5621,-966.1565,249.89545,1620.4989,-147.22206,1147.2273,1524.8408,-299.3096,1102.6436,1559.5613,298.75226,1460.1936,1577.9716,-287.83884,1174.1451,1790.1016,232.11789,1806.5248,1527.7028,-124.229935,1426.7172,1707.9698,682.63135,1856.9551,1488.4227,-114.155136,1459.5066,1657.2812,718.8076,1914.053,1650.2289,-330.99313,1567.9584,1781.3004,690.81335
IMG_4953 copy 4.png,556.8515,1598.7703,-423.27512,546.8487,1574.5454,-475.51724,551.05743,1571.7678,-475.38785,555.0502,1569.6621,-475.27863,539.4687,1576.5913,-402.60175,538.8943,1574.8188,-402.75104,538.2553,1573.2445,-402.85342,579.2331,1549.516,-572.7057,558.443,1551.2281,-241.6519,588.35547,1597.7561,-446.1212,579.55273,1600.0074,-351.03268,724.00824,1568.9968,-747.67694,654.5911,1530.5851,-13.06462,685.801,1798.9363,-912.2759,455.85306,1568.7098,72.68785,600.9629,1951.3259,-969.2011,286.08496,1617.9973,-111.16342,553.19586,1988.0286,-1100.6259,227.019,1604.7186,-159.37125,541.311,1964.9575,-1070.8789,228.17822,1612.4471,-226.55762,558.8213,1951.5621,-966.1565,249.89545,1620.4989,-147.22206,1147.2273,1524.8408,-299.3096,1102.6436,1559.5613,298.75226,1460.1936,1577.9716,-287.83884,1174.1451,1790.1016,232.11789,1806.5248,1527.7028,-124.229935,1426.7172,1707.9698,682.63135,1856.9551,1488.4227,-114.155136,1459.5066,1657.2812,718.8076,1914.053,1650.2289,-330.99313,1567.9584,1781.3004,690.81335
IMG_4953 copy 5.png,556.8515,1598.7703,-423.27512,546.8487,1574.5454,-475.51724,551.05743,1571.7678,-475.38785,555.0502,1569.6621,-475.27863,539.4687,1576.5913,-402.60175,538.8943,1574.8188,-402.75104,538.2553,1573.2445,-402.85342,579.2331,1549.516,-572.7057,558.443,1551.2281,-241.6519,588.35547,1597.7561,-446.1212,579.55273,1600.0074,-351.03268,724.00824,1568.9968,-747.67694,654.5911,1530.5851,-13.06462,685.801,1798.9363,-912.2759,455.85306,1568.7098,72.68785,600.9629,1951.3259,-969.2011,286.08496,1617.9973,-111.16342,553.19586,1988.0286,-1100.6259,227.019,1604.7186,-159.37125,541.311,1964.9575,-1070.8789,228.17822,1612.4471,-226.55762,558.8213,1951.5621,-966.1565,249.89545,1620.4989,-147.22206,1147.2273,1524.8408,-299.3096,1102.6436,1559.5613,298.75226,1460.1936,1577.9716,-287.83884,1174.1451,1790.1016,232.11789,1806.5248,1527.7028,-124.229935,1426.7172,1707.9698,682.63135,1856.9551,1488.4227,-114.155136,1459.5066,1657.2812,718.8076,1914.053,1650.2289,-330.99313,1567.9584,1781.3004,690.81335
IMG_4953 copy 6.png,556.8515,1598.7703,-423.27512,546.8487,1574.5454,-475.51724,551.05743,1571.7678,-475.38785,555.0502,1569.6621,-475.27863,539.4687,1576.5913,-402.60175,538.8943,1574.8188,-402.75104,538.2553,1573.2445,-402.85342,579.2331,1549.516,-572.7057,558.443,1551.2281,-241.6519,588.35547,1597.7561,-446.1212,579.55273,1600.0074,-351.03268,724.00824,1568.9968,-747.67694,654.5911,1530.5851,-13.06462,685.801,1798.9363,-912.2759,455.85306,1568.7098,72.68785,600.9629,1951.3259,-969.2011,286.08496,1617.9973,-111.16342,553.19586,1988.0286,-1100.6259,227.019,1604.7186,-159.37125,541.311,1964.9575,-1070.8789,228.17822,1612.4471,-226.55762,558.8213,1951.5621,-966.1565,249.89545,1620.4989,-147.22206,1147.2273,1524.8408,-299.3096,1102.6436,1559.5613,298.75226,1460.1936,1577.9716,-287.83884,1174.1451,1790.1016,232.11789,1806.5248,1527.7028,-124.229935,1426.7172,1707.9698,682.63135,1856.9551,1488.4227,-114.155136,1459.5066,1657.2812,718.8076,1914.053,1650.2289,-330.99313,1567.9584,1781.3004,690.81335
IMG_4953 copy 7.png,556.8515,1598.7703,-423.27512,546.8487,1574.5454,-475.51724,551.05743,1571.7678,-475.38785,555.0502,1569.6621,-475.27863,539.4687,1576.5913,-402.60175,538.8943,1574.8188,-402.75104,538.2553,1573.2445,-402.85342,579.2331,1549.516,-572.7057,558.443,1551.2281,-241.6519,588.35547,1597.7561,-446.1212,579.55273,1600.0074,-351.03268,724.00824,1568.9968,-747.67694,654.5911,1530.5851,-13.06462,685.801,1798.9363,-912.2759,455.85306,1568.7098,72.68785,600.9629,1951.3259,-969.2011,286.08496,1617.9973,-111.16342,553.19586,1988.0286,-1100.6259,227.019,1604.7186,-159.37125,541.311,1964.9575,-1070.8789,228.17822,1612.4471,-226.55762,558.8213,1951.5621,-966.1565,249.89545,1620.4989,-147.22206,1147.2273,1524.8408,-299.3096,1102.6436,1559.5613,298.75226,1460.1936,1577.9716,-287.83884,1174.1451,1790.1016,232.11789,1806.5248,1527.7028,-124.229935,1426.7172,1707.9698,682.63135,1856.9551,1488.4227,-114.155136,1459.5066,1657.2812,718.8076,1914.053,1650.2289,-330.99313,1567.9584,1781.3004,690.81335
IMG_4953 copy 8.png,556.8515,1598.7703,-423.27512,546.8487,1574.5454,-475.51724,551.05743,1571.7678,-475.38785,555.0502,1569.6621,-475.27863,539.4687,1576.5913,-402.60175,538.8943,1574.8188,-402.75104,538.2553,1573.2445,-402.85342,579.2331,1549.516,-572.7057,558.443,1551.2281,-241.6519,588.35547,1597.7561,-446.1212,579.55273,1600.0074,-351.03268,724.00824,1568.9968,-747.67694,654.5911,1530.5851,-13.06462,685.801,1798.9363,-912.2759,455.85306,1568.7098,72.68785,600.9629,1951.3259,-969.2011,286.08496,1617.9973,-111.16342,553.19586,1988.0286,-1100.6259,227.019,1604.7186,-159.37125,541.311,1964.9575,-1070.8789,228.17822,1612.4471,-226.55762,558.8213,1951.5621,-966.1565,249.89545,1620.4989,-147.22206,1147.2273,1524.8408,-299.3096,1102.6436,1559.5613,298.75226,1460.1936,1577.9716,-287.83884,1174.1451,1790.1016,232.11789,1806.5248,1527.7028,-124.229935,1426.7172,1707.9698,682.63135,1856.9551,1488.4227,-114.155136,1459.5066,1657.2812,718.8076,1914.053,1650.2289,-330.99313,1567.9584,1781.3004,690.81335
IMG_4953 copy 9.png,556.8515,1598.7703,-423.27512,546.8487,1574.5454,-475.51724,551.05743,1571.7678,-475.38785,555.0502,1569.6621,-475.27863,539.4687,1576.5913,-402.60175,538.8943,1574.8188,-402.75104,538.2553,1573.2445,-402.85342,579.2331,1549.516,-572.7057,558.443,1551.2281,-241.6519,588.35547,1597.7561,-446.1212,579.55273,1600.0074,-351.03268,724.00824,1568.9968,-747.67694,654.5911,1530.5851,-13.06462,685.801,1798.9363,-912.2759,455.85306,1568.7098,72.68785,600.9629,1951.3259,-969.2011,286.08496,1617.9973,-111.16342,553.19586,1988.0286,-1100.6259,227.019,1604.7186,-159.37125,541.311,1964.9575,-1070.8789,228.17822,1612.4471,-226.55762,558.8213,1951.5621,-966.1565,249.89545,1620.4989,-147.22206,1147.2273,1524.8408,-299.3096,1102.6436,1559.5613,298.75226,1460.1936,1577.9716,-287.83884,1174.1451,1790.1016,232.11789,1806.5248,1527.7028,-124.229935,1426.7172,1707.9698,682.63135,1856.9551,1488.4227,-114.155136,1459.5066,1657.2812,718.8076,1914.053,1650.2289,-330.99313,1567.9584,1781.3004,690.81335
IMG_4953 copy.png,556.8515,1598.7703,-423.27512,546.8487,1574.5454,-475.51724,551.05743,1571.7678,-475.38785,555.0502,1569.6621,-475.27863,539.4687,1576.5913,-402.60175,538.8943,1574.8188,-402.75104,538.2553,1573.2445,-402.85342,579.2331,1549.516,-572.7057,558.443,1551.2281,-241.6519,588.35547,1597.7561,-446.1212,579.55273,1600.0074,-351.03268,724.00824,1568.9968,-747.67694,654.5911,1530.5851,-13.06462,685.801,1798.9363,-912.2759,455.85306,1568.7098,72.68785,600.9629,1951.3259,-969.2011,286.08496,1617.9973,-111.16342,553.19586,1988.0286,-1100.6259,227.019,1604.7186,-159.37125,541.311,1964.9575,-1070.8789,228.17822,1612.4471,-226.55762,558.8213,1951.5621,-966.1565,249.89545,1620.4989,-147.22206,1147.2273,1524.8408,-299.3096,1102.6436,1559.5613,298.75226,1460.1936,1577.9716,-287.83884,1174.1451,1790.1016,232.11789,1806.5248,1527.7028,-124.229935,1426.7172,1707.9698,682.63135,1856.9551,1488.4227,-114.155136,1459.5066,1657.2812,718.8076,1914.053,1650.2289,-330.99313,1567.9584,1781.3004,690.81335
IMG_4953.png,556.8515,1598.7703,-423.27512,546.8487,1574.5454,-475.51724,551.05743,1571.7678,-475.38785,555.0502,1569.6621,-475.27863,539.4687,1576.5913,-402.60175,538.8943,1574.8188,-402.75104,538.2553,1573.2445,-402.85342,579.2331,1549.516,-572.7057,558.443,1551.2281,-241.6519,588.35547,1597.7561,-446.1212,579.55273,1600.0074,-351.03268,724.00824,1568.9968,-747.67694,654.5911,1530.5851,-13.06462,685.801,1798.9363,-912.2759,455.85306,1568.7098,72.68785,600.9629,1951.3259,-969.2011,286.08496,1617.9973,-111.16342,553.19586,1988.0286,-1100.6259,227.019,1604.7186,-159.37125,541.311,1964.9575,-1070.8789,228.17822,1612.4471,-226.55762,558.8213,1951.5621,-966.1565,249.89545,1620.4989,-147.22206,1147.2273,1524.8408,-299.3096,1102.6436,1559.5613,298.75226,1460.1936,1577.9716,-287.83884,1174.1451,1790.1016,232.11789,1806.5248,1527.7028,-124.229935,1426.7172,1707.9698,682.63135,1856.9551,1488.4227,-114.155136,1459.5066,1657.2812,718.8076,1914.053,1650.2289,-330.99313,1567.9584,1781.3004,690.81335
IMG_4954.JPG,630.7476,1941.9954,-1380.72,635.157,1942.8077,-1518.8574,651.30096,1941.0325,-1518.6332,668.09045,1938.9271,-1519.1229,596.16437,1938.8782,-1513.5339,584.40454,1933.6538,-1514.1357,572.2421,1926.7728,-1514.4392,706.92645,1905.148,-1778.599,570.3928,1869.3538,-1763.2618,680.0445,1915.5051,-1430.3055,639.5677,1906.0203,-1424.4087,943.5898,1794.7776,-1590.1611,502.15186,1706.5026,-1672.0039,983.32324,2006.9448,-1537.2982,292.05307,1995.653,-1688.2494,1000.6977,2283.4153,-1882.8552,54.615173,2280.344,-1918.0778,1003.5957,2358.556,-2136.4568,0.034283996,2318.877,-2133.9436,962.6121,2347.5386,-2204.0762,29.1149,2342.9148,-2183.761,954.9369,2319.793,-1937.2037,52.180183,2329.2754,-1948.0667,1051.0406,1382.3807,-59.09314,833.2805,1406.8024,57.26447,1215.7003,1218.512,1012.1003,869.669,1580.6715,1139.4987,1351.1045,993.04083,2194.7478,843.9916,1710.9143,2609.5474,1361.4304,925.4062,2317.1758,844.3143,1703.4432,2767.1833,1445.868,1033.306,2176.1682,849.74396,1832.5416,2866.77
IMG_4955.JPG,653.25726,1670.6122,-1428.5709,651.17834,1640.7352,-1521.2034,663.1809,1634.951,-1521.1211,675.1633,1629.7574,-1521.446,625.8655,1645.3097,-1472.1605,620.52,1642.467,-1472.7604,615.85315,1639.3402,-1473.0314,712.0057,1587.1094,-1662.9937,644.5395,1596.2771,-1439.8068,711.74396,1659.1288,-1450.2693,685.3209,1660.996,-1386.3008,932.8062,1570.3129,-1519.362,633.268,1495.0536,-1206.4376,945.3425,1767.9757,-1564.934,418.7442,1657.552,-1076.9785,868.62286,2035.2694,-1876.7987,205.56601,1834.4677,-1257.3827,849.21765,2094.359,-2120.0327,120.04768,1863.6963,-1409.8684,813.08514,2078.8914,-2142.0327,133.88177,1876.2189,-1491.5498,818.77014,2056.361,-1910.8156,176.60223,1869.8579,-1298.438,1212.4292,1333.515,-200.62805,1010.35504,1361.8815,199.25323,1415.471,1228.9272,500.53955,1061.7521,1600.8833,820.9149,1641.2192,1050.601,1315.1376,1197.173,1471.9542,1781.7936,1660.9183,992.1791,1391.6637,1208.3497,1415.1753,1882.0712,1757.7319,1112.8925,1181.9373,1273.635,1479.4253,1871.5293
IMG_4956.JPG,1527.7798,1497.8182,-659.5405,1550.4155,1476.6871,-627.3423,1552.1298,1473.3944,-627.42395,1554.1609,1470.222,-627.70685,1545.6028,1474.9221,-721.6519,1543.8356,1470.3246,-721.5031,1542.2119,1465.8383,-721.39124,1543.2151,1427.9624,-424.44934,1528.1512,1428.5088,-847.16736,1506.9087,1497.2062,-567.49646,1502.1315,1490.8486,-689.07043,1447.3624,1379.0833,-131.26863,1400.0786,1430.9679,-994.40686,1488.4297,1587.5765,13.449864,1485.3591,1602.708,-1288.5114,1463.2909,1741.3203,-245.68394,1745.5537,1750.0352,-1297.4026,1495.5243,1773.7631,-301.7496,1820.8942,1789.8248,-1446.2489,1501.6116,1774.1776,-401.7676,1828.0382,1785.1207,-1399.5348,1488.2639,1764.4635,-298.72983,1803.5316,1774.9142,-1289.2589,996.5734,1302.6536,289.45114,953.68024,1382.3787,-291.07532,818.08746,1147.6674,794.48535,939.27386,1694.5099,43.964077,628.77997,927.1131,1312.2544,697.7779,1523.2935,658.4548,611.7321,886.418,1369.6056,683.21533,1455.9532,729.0154,541.2197,947.9772,1399.0236,611.9581,1542.5518,811.2441
IMG_4957.JPG,1614.7908,1763.0231,-1235.3745,1644.8115,1737.5502,-1241.8392,1648.7601,1731.0718,-1241.9329,1652.4785,1725.6532,-1242.4384,1627.6644,1743.7904,-1347.2273,1619.8258,1741.7507,-1347.1975,1611.3839,1740.8091,-1347.1995,1626.2145,1677.17,-1109.8923,1573.5754,1705.9948,-1590.1917,1585.3522,1748.2059,-1155.5184,1563.0333,1751.6193,-1294.2495,1540.0514,1536.166,-774.9133,1349.6392,1701.0928,-1669.1677,1644.8689,1837.4792,-658.01044,1549.1519,1902.6403,-2110.7148,1763.3451,2068.2314,-1060.525,1790.7202,2111.1616,-2485.0012,1842.2031,2127.3953,-1191.0598,1868.2366,2161.9927,-2757.3179,1850.1266,2149.9033,-1335.9467,1902.7384,2149.013,-2721.4321,1800.3164,2101.2446,-1136.9124,1867.8325,2136.5786,-2497.9448,980.27216,1456.6388,332.86646,872.05115,1627.5176,-334.65247,894.6211,1368.7085,1543.5592,836.0057,1883.6422,297.49323,768.87714,1248.8324,2662.2778,599.25476,1697.436,1360.8035,734.48,1205.7505,2781.1548,598.8205,1654.2262,1479.6416,748.7173,1271.2784,2771.045,546.41644,1722.1467,1481.3982
IMG_4958 copy 10.png,1416.6123,1629.4694,176.99135,1430.6578,1609.3416,195.82108,1428.0312,1605.5244,195.85498,1425.3257,1601.4784,195.96774,1434.7332,1610.8193,123.47203,1435.1108,1607.8379,123.64206,1435.3794,1604.7571,123.88181,1405.3431,1569.9636,327.89133,1418.3965,1578.5184,-5.4490542,1389.5306,1622.0804,241.07526,1396.8029,1622.8245,142.86937,1249.7183,1531.102,570.3156,1351.4584,1596.5872,-190.43478,1203.8915,1739.9028,803.6819,1537.4152,1688.0498,-368.25537,1256.9315,1861.1929,684.05835,1719.1621,1723.0679,-302.2763,1296.6655,1873.091,706.83887,1772.0219,1731.071,-377.3328,1305.963,1871.8992,608.9751,1776.7709,1717.2914,-320.4033,1292.0839,1869.6167,644.1362,1753.8413,1716.7727,-279.34506,884.14667,1591.4054,217.6182,903.4058,1657.5854,-218.9178,572.40686,1557.2667,242.53433,866.42645,1954.3788,-108.05965,268.96378,1467.5571,202.6726,594.3196,1892.5989,146.00188,229.27554,1429.2924,204.85657,561.1003,1844.1017,181.95746,161.42097,1544.5912,176.51994,464.22366,1970.9841,276.32007
IMG_4958 copy 11.png,1416.6123,1629.4694,176.99135,1430.6578,1609.3416,195.82108,1428.0312,1605.5244,195.85498,1425.3257,1601.4784,195.96774,1434.7332,1610.8193,123.47203,1435.1108,1607.8379,123.64206,1435.3794,1604.7571,123.88181,1405.3431,1569.9636,327.89133,1418.3965,1578.5184,-5.4490542,1389.5306,1622.0804,241.07526,1396.8029,1622.8245,142.86937,1249.7183,1531.102,570.3156,1351.4584,1596.5872,-190.43478,1203.8915,1739.9028,803.6819,1537.4152,1688.0498,-368.25537,1256.9315,1861.1929,684.05835,1719.1621,1723.0679,-302.2763,1296.6655,1873.091,706.83887,1772.0219,1731.071,-377.3328,1305.963,1871.8992,608.9751,1776.7709,1717.2914,-320.4033,1292.0839,1869.6167,644.1362,1753.8413,1716.7727,-279.34506,884.14667,1591.4054,217.6182,903.4058,1657.5854,-218.9178,572.40686,1557.2667,242.53433,866.42645,1954.3788,-108.05965,268.96378,1467.5571,202.6726,594.3196,1892.5989,146.00188,229.27554,1429.2924,204.85657,561.1003,1844.1017,181.95746,161.42097,1544.5912,176.51994,464.22366,1970.9841,276.32007
IMG_4958 copy 12.png,1416.6123,1629.4694,176.99135,1430.6578,1609.3416,195.82108,1428.0312,1605.5244,195.85498,1425.3257,1601.4784,195.96774,1434.7332,1610.8193,123.47203,1435.1108,1607.8379,123.64206,1435.3794,1604.7571,123.88181,1405.3431,1569.9636,327.89133,1418.3965,1578.5184,-5.4490542,1389.5306,1622.0804,241.07526,1396.8029,1622.8245,142.86937,1249.7183,1531.102,570.3156,1351.4584,1596.5872,-190.43478,1203.8915,1739.9028,803.6819,1537.4152,1688.0498,-368.25537,1256.9315,1861.1929,684.05835,1719.1621,1723.0679,-302.2763,1296.6655,1873.091,706.83887,1772.0219,1731.071,-377.3328,1305.963,1871.8992,608.9751,1776.7709,1717.2914,-320.4033,1292.0839,1869.6167,644.1362,1753.8413,1716.7727,-279.34506,884.14667,1591.4054,217.6182,903.4058,1657.5854,-218.9178,572.40686,1557.2667,242.53433,866.42645,1954.3788,-108.05965,268.96378,1467.5571,202.6726,594.3196,1892.5989,146.00188,229.27554,1429.2924,204.85657,561.1003,1844.1017,181.95746,161.42097,1544.5912,176.51994,464.22366,1970.9841,276.32007
IMG_4958 copy 13.png,1416.6123,1629.4694,176.99135,1430.6578,1609.3416,195.82108,1428.0312,1605.5244,195.85498,1425.3257,1601.4784,195.96774,1434.7332,1610.8193,123.47203,1435.1108,1607.8379,123.64206,1435.3794,1604.7571,123.88181,1405.3431,1569.9636,327.89133,1418.3965,1578.5184,-5.4490542,1389.5306,1622.0804,241.07526,1396.8029,1622.8245,142.86937,1249.7183,1531.102,570.3156,1351.4584,1596.5872,-190.43478,1203.8915,1739.9028,803.6819,1537.4152,1688.0498,-368.25537,1256.9315,1861.1929,684.05835,1719.1621,1723.0679,-302.2763,1296.6655,1873.091,706.83887,1772.0219,1731.071,-377.3328,1305.963,1871.8992,608.9751,1776.7709,1717.2914,-320.4033,1292.0839,1869.6167,644.1362,1753.8413,1716.7727,-279.34506,884.14667,1591.4054,217.6182,903.4058,1657.5854,-218.9178,572.40686,1557.2667,242.53433,866.42645,1954.3788,-108.05965,268.96378,1467.5571,202.6726,594.3196,1892.5989,146.00188,229.27554,1429.2924,204.85657,561.1003,1844.1017,181.95746,161.42097,1544.5912,176.51994,464.22366,1970.9841,276.32007
IMG_4958 copy 14.png,1416.6123,1629.4694,176.99135,1430.6578,1609.3416,195.82108,1428.0312,1605.5244,195.85498,1425.3257,1601.4784,195.96774,1434.7332,1610.8193,123.47203,1435.1108,1607.8379,123.64206,1435.3794,1604.7571,123.88181,1405.3431,1569.9636,327.89133,1418.3965,1578.5184,-5.4490542,1389.5306,1622.0804,241.07526,1396.8029,1622.8245,142.86937,1249.7183,1531.102,570.3156,1351.4584,1596.5872,-190.43478,1203.8915,1739.9028,803.6819,1537.4152,1688.0498,-368.25537,1256.9315,1861.1929,684.05835,1719.1621,1723.0679,-302.2763,1296.6655,1873.091,706.83887,1772.0219,1731.071,-377.3328,1305.963,1871.8992,608.9751,1776.7709,1717.2914,-320.4033,1292.0839,1869.6167,644.1362,1753.8413,1716.7727,-279.34506,884.14667,1591.4054,217.6182,903.4058,1657.5854,-218.9178,572.40686,1557.2667,242.53433,866.42645,1954.3788,-108.05965,268.96378,1467.5571,202.6726,594.3196,1892.5989,146.00188,229.27554,1429.2924,204.85657,561.1003,1844.1017,181.95746,161.42097,1544.5912,176.51994,464.22366,1970.9841,276.32007
IMG_4958 copy 15.png,1416.6123,1629.4694,176.99135,1430.6578,1609.3416,195.82108,1428.0312,1605.5244,195.85498,1425.3257,1601.4784,195.96774,1434.7332,1610.8193,123.47203,1435.1108,1607.8379,123.64206,1435.3794,1604.7571,123.88181,1405.3431,1569.9636,327.89133,1418.3965,1578.5184,-5.4490542,1389.5306,1622.0804,241.07526,1396.8029,1622.8245,142.86937,1249.7183,1531.102,570.3156,1351.4584,1596.5872,-190.43478,1203.8915,1739.9028,803.6819,1537.4152,1688.0498,-368.25537,1256.9315,1861.1929,684.05835,1719.1621,1723.0679,-302.2763,1296.6655,1873.091,706.83887,1772.0219,1731.071,-377.3328,1305.963,1871.8992,608.9751,1776.7709,1717.2914,-320.4033,1292.0839,1869.6167,644.1362,1753.8413,1716.7727,-279.34506,884.14667,1591.4054,217.6182,903.4058,1657.5854,-218.9178,572.40686,1557.2667,242.53433,866.42645,1954.3788,-108.05965,268.96378,1467.5571,202.6726,594.3196,1892.5989,146.00188,229.27554,1429.2924,204.85657,561.1003,1844.1017,181.95746,161.42097,1544.5912,176.51994,464.22366,1970.9841,276.32007
IMG_4958 copy 16.png,1416.6123,1629.4694,176.99135,1430.6578,1609.3416,195.82108,1428.0312,1605.5244,195.85498,1425.3257,1601.4784,195.96774,1434.7332,1610.8193,123.47203,1435.1108,1607.8379,123.64206,1435.3794,1604.7571,123.88181,1405.3431,1569.9636,327.89133,1418.3965,1578.5184,-5.4490542,1389.5306,1622.0804,241.07526,1396.8029,1622.8245,142.86937,1249.7183,1531.102,570.3156,1351.4584,1596.5872,-190.43478,1203.8915,1739.9028,803.6819,1537.4152,1688.0498,-368.25537,1256.9315,1861.1929,684.05835,1719.1621,1723.0679,-302.2763,1296.6655,1873.091,706.83887,1772.0219,1731.071,-377.3328,1305.963,1871.8992,608.9751,1776.7709,1717.2914,-320.4033,1292.0839,1869.6167,644.1362,1753.8413,1716.7727,-279.34506,884.14667,1591.4054,217.6182,903.4058,1657.5854,-218.9178,572.40686,1557.2667,242.53433,866.42645,1954.3788,-108.05965,268.96378,1467.5571,202.6726,594.3196,1892.5989,146.00188,229.27554,1429.2924,204.85657,561.1003,1844.1017,181.95746,161.42097,1544.5912,176.51994,464.22366,1970.9841,276.32007
IMG_4958 copy 17.png,1416.6123,1629.4694,176.99135,1430.6578,1609.3416,195.82108,1428.0312,1605.5244,195.85498,1425.3257,1601.4784,195.96774,1434.7332,1610.8193,123.47203,1435.1108,1607.8379,123.64206,1435.3794,1604.7571,123.88181,1405.3431,1569.9636,327.89133,1418.3965,1578.5184,-5.4490542,1389.5306,1622.0804,241.07526,1396.8029,1622.8245,142.86937,1249.7183,1531.102,570.3156,1351.4584,1596.5872,-190.43478,1203.8915,1739.9028,803.6819,1537.4152,1688.0498,-368.25537,1256.9315,1861.1929,684.05835,1719.1621,1723.0679,-302.2763,1296.6655,1873.091,706.83887,1772.0219,1731.071,-377.3328,1305.963,1871.8992,608.9751,1776.7709,1717.2914,-320.4033,1292.0839,1869.6167,644.1362,1753.8413,1716.7727,-279.34506,884.14667,1591.4054,217.6182,903.4058,1657.5854,-218.9178,572.40686,1557.2667,242.53433,866.42645,1954.3788,-108.05965,268.96378,1467.5571,202.6726,594.3196,1892.5989,146.00188,229.27554,1429.2924,204.85657,561.1003,1844.1017,181.95746,161.42097,1544.5912,176.51994,464.22366,1970.9841,276.32007
IMG_4958 copy 18.png,1416.6123,1629.4694,176.99135,1430.6578,1609.3416,195.82108,1428.0312,1605.5244,195.85498,1425.3257,1601.4784,195.96774,1434.7332,1610.8193,123.47203,1435.1108,1607.8379,123.64206,1435.3794,1604.7571,123.88181,1405.3431,1569.9636,327.89133,1418.3965,1578.5184,-5.4490542,1389.5306,1622.0804,241.07526,1396.8029,1622.8245,142.86937,1249.7183,1531.102,570.3156,1351.4584,1596.5872,-190.43478,1203.8915,1739.9028,803.6819,1537.4152,1688.0498,-368.25537,1256.9315,1861.1929,684.05835,1719.1621,1723.0679,-302.2763,1296.6655,1873.091,706.83887,1772.0219,1731.071,-377.3328,1305.963,1871.8992,608.9751,1776.7709,1717.2914,-320.4033,1292.0839,1869.6167,644.1362,1753.8413,1716.7727,-279.34506,884.14667,1591.4054,217.6182,903.4058,1657.5854,-218.9178,572.40686,1557.2667,242.53433,866.42645,1954.3788,-108.05965,268.96378,1467.5571,202.6726,594.3196,1892.5989,146.00188,229.27554,1429.2924,204.85657,561.1003,1844.1017,181.95746,161.42097,1544.5912,176.51994,464.22366,1970.9841,276.32007
IMG_4958 copy 19.png,1416.6123,1629.4694,176.99135,1430.6578,1609.3416,195.82108,1428.0312,1605.5244,195.85498,1425.3257,1601.4784,195.96774,1434.7332,1610.8193,123.47203,1435.1108,1607.8379,123.64206,1435.3794,1604.7571,123.88181,1405.3431,1569.9636,327.89133,1418.3965,1578.5184,-5.4490542,1389.5306,1622.0804,241.07526,1396.8029,1622.8245,142.86937,1249.7183,1531.102,570.3156,1351.4584,1596.5872,-190.43478,1203.8915,1739.9028,803.6819,1537.4152,1688.0498,-368.25537,1256.9315,1861.1929,684.05835,1719.1621,1723.0679,-302.2763,1296.6655,1873.091,706.83887,1772.0219,1731.071,-377.3328,1305.963,1871.8992,608.9751,1776.7709,1717.2914,-320.4033,1292.0839,1869.6167,644.1362,1753.8413,1716.7727,-279.34506,884.14667,1591.4054,217.6182,903.4058,1657.5854,-218.9178,572.40686,1557.2667,242.53433,866.42645,1954.3788,-108.05965,268.96378,1467.5571,202.6726,594.3196,1892.5989,146.00188,229.27554,1429.2924,204.85657,561.1003,1844.1017,181.95746,161.42097,1544.5912,176.51994,464.22366,1970.9841,276.32007
IMG_4958 copy 2.png,1416.6123,1629.4694,176.99135,1430.6578,1609.3416,195.82108,1428.0312,1605.5244,195.85498,1425.3257,1601.4784,195.96774,1434.7332,1610.8193,123.47203,1435.1108,1607.8379,123.64206,1435.3794,1604.7571,123.88181,1405.3431,1569.9636,327.89133,1418.3965,1578.5184,-5.4490542,1389.5306,1622.0804,241.07526,1396.8029,1622.8245,142.86937,1249.7183,1531.102,570.3156,1351.4584,1596.5872,-190.43478,1203.8915,1739.9028,803.6819,1537.4152,1688.0498,-368.25537,1256.9315,1861.1929,684.05835,1719.1621,1723.0679,-302.2763,1296.6655,1873.091,706.83887,1772.0219,1731.071,-377.3328,1305.963,1871.8992,608.9751,1776.7709,1717.2914,-320.4033,1292.0839,1869.6167,644.1362,1753.8413,1716.7727,-279.34506,884.14667,1591.4054,217.6182,903.4058,1657.5854,-218.9178,572.40686,1557.2667,242.53433,866.42645,1954.3788,-108.05965,268.96378,1467.5571,202.6726,594.3196,1892.5989,146.00188,229.27554,1429.2924,204.85657,561.1003,1844.1017,181.95746,161.42097,1544.5912,176.51994,464.22366,1970.9841,276.32007
IMG_4958 copy 20.png,1416.6123,1629.4694,176.99135,1430.6578,1609.3416,195.82108,1428.0312,1605.5244,195.85498,1425.3257,1601.4784,195.96774,1434.7332,1610.8193,123.47203,1435.1108,1607.8379,123.64206,1435.3794,1604.7571,123.88181,1405.3431,1569.9636,327.89133,1418.3965,1578.5184,-5.4490542,1389.5306,1622.0804,241.07526,1396.8029,1622.8245,142.86937,1249.7183,1531.102,570.3156,1351.4584,1596.5872,-190.43478,1203.8915,1739.9028,803.6819,1537.4152,1688.0498,-368.25537,1256.9315,1861.1929,684.05835,1719.1621,1723.0679,-302.2763,1296.6655,1873.091,706.83887,1772.0219,1731.071,-377.3328,1305.963,1871.8992,608.9751,1776.7709,1717.2914,-320.4033,1292.0839,1869.6167,644.1362,1753.8413,1716.7727,-279.34506,884.14667,1591.4054,217.6182,903.4058,1657.5854,-218.9178,572.40686,1557.2667,242.53433,866.42645,1954.3788,-108.05965,268.96378,1467.5571,202.6726,594.3196,1892.5989,146.00188,229.27554,1429.2924,204.85657,561.1003,1844.1017,181.95746,161.42097,1544.5912,176.51994,464.22366,1970.9841,276.32007
IMG_4958 copy 21.png,1416.6123,1629.4694,176.99135,1430.6578,1609.3416,195.82108,1428.0312,1605.5244,195.85498,1425.3257,1601.4784,195.96774,1434.7332,1610.8193,123.47203,1435.1108,1607.8379,123.64206,1435.3794,1604.7571,123.88181,1405.3431,1569.9636,327.89133,1418.3965,1578.5184,-5.4490542,1389.5306,1622.0804,241.07526,1396.8029,1622.8245,142.86937,1249.7183,1531.102,570.3156,1351.4584,1596.5872,-190.43478,1203.8915,1739.9028,803.6819,1537.4152,1688.0498,-368.25537,1256.9315,1861.1929,684.05835,1719.1621,1723.0679,-302.2763,1296.6655,1873.091,706.83887,1772.0219,1731.071,-377.3328,1305.963,1871.8992,608.9751,1776.7709,1717.2914,-320.4033,1292.0839,1869.6167,644.1362,1753.8413,1716.7727,-279.34506,884.14667,1591.4054,217.6182,903.4058,1657.5854,-218.9178,572.40686,1557.2667,242.53433,866.42645,1954.3788,-108.05965,268.96378,1467.5571,202.6726,594.3196,1892.5989,146.00188,229.27554,1429.2924,204.85657,561.1003,1844.1017,181.95746,161.42097,1544.5912,176.51994,464.22366,1970.9841,276.32007
IMG_4958 copy 22.png,1416.6123,1629.4694,176.99135,1430.6578,1609.3416,195.82108,1428.0312,1605.5244,195.85498,1425.3257,1601.4784,195.96774,1434.7332,1610.8193,123.47203,1435.1108,1607.8379,123.64206,1435.3794,1604.7571,123.88181,1405.3431,1569.9636,327.89133,1418.3965,1578.5184,-5.4490542,1389.5306,1622.0804,241.07526,1396.8029,1622.8245,142.86937,1249.7183,1531.102,570.3156,1351.4584,1596.5872,-190.43478,1203.8915,1739.9028,803.6819,1537.4152,1688.0498,-368.25537,1256.9315,1861.1929,684.05835,1719.1621,1723.0679,-302.2763,1296.6655,1873.091,706.83887,1772.0219,1731.071,-377.3328,1305.963,1871.8992,608.9751,1776.7709,1717.2914,-320.4033,1292.0839,1869.6167,644.1362,1753.8413,1716.7727,-279.34506,884.14667,1591.4054,217.6182,903.4058,1657.5854,-218.9178,572.40686,1557.2667,242.53433,866.42645,1954.3788,-108.05965,268.96378,1467.5571,202.6726,594.3196,1892.5989,146.00188,229.27554,1429.2924,204.85657,561.1003,1844.1017,181.95746,161.42097,1544.5912,176.51994,464.22366,1970.9841,276.32007
IMG_4958 copy 23.png,1416.6123,1629.4694,176.99135,1430.6578,1609.3416,195.82108,1428.0312,1605.5244,195.85498,1425.3257,1601.4784,195.96774,1434.7332,1610.8193,123.47203,1435.1108,1607.8379,123.64206,1435.3794,1604.7571,123.88181,1405.3431,1569.9636,327.89133,1418.3965,1578.5184,-5.4490542,1389.5306,1622.0804,241.07526,1396.8029,1622.8245,142.86937,1249.7183,1531.102,570.3156,1351.4584,1596.5872,-190.43478,1203.8915,1739.9028,803.6819,1537.4152,1688.0498,-368.25537,1256.9315,1861.1929,684.05835,1719.1621,1723.0679,-302.2763,1296.6655,1873.091,706.83887,1772.0219,1731.071,-377.3328,1305.963,1871.8992,608.9751,1776.7709,1717.2914,-320.4033,1292.0839,1869.6167,644.1362,1753.8413,1716.7727,-279.34506,884.14667,1591.4054,217.6182,903.4058,1657.5854,-218.9178,572.40686,1557.2667,242.53433,866.42645,1954.3788,-108.05965,268.96378,1467.5571,202.6726,594.3196,1892.5989,146.00188,229.27554,1429.2924,204.85657,561.1003,1844.1017,181.95746,161.42097,1544.5912,176.51994,464.22366,1970.9841,276.32007
IMG_4958 copy 24.png,1416.6123,1629.4694,176.99135,1430.6578,1609.3416,195.82108,1428.0312,1605.5244,195.85498,1425.3257,1601.4784,195.96774,1434.7332,1610.8193,123.47203,1435.1108,1607.8379,123.64206,1435.3794,1604.7571,123.88181,1405.3431,1569.9636,327.89133,1418.3965,1578.5184,-5.4490542,1389.5306,1622.0804,241.07526,1396.8029,1622.8245,142.86937,1249.7183,1531.102,570.3156,1351.4584,1596.5872,-190.43478,1203.8915,1739.9028,803.6819,1537.4152,1688.0498,-368.25537,1256.9315,1861.1929,684.05835,1719.1621,1723.0679,-302.2763,1296.6655,1873.091,706.83887,1772.0219,1731.071,-377.3328,1305.963,1871.8992,608.9751,1776.7709,1717.2914,-320.4033,1292.0839,1869.6167,644.1362,1753.8413,1716.7727,-279.34506,884.14667,1591.4054,217.6182,903.4058,1657.5854,-218.9178,572.40686,1557.2667,242.53433,866.42645,1954.3788,-108.05965,268.96378,1467.5571,202.6726,594.3196,1892.5989,146.00188,229.27554,1429.2924,204.85657,561.1003,1844.1017,181.95746,161.42097,1544.5912,176.51994,464.22366,1970.9841,276.32007
IMG_4958 copy 25.png,1416.6123,1629.4694,176.99135,1430.6578,1609.3416,195.82108,1428.0312,1605.5244,195.85498,1425.3257,1601.4784,195.96774,1434.7332,1610.8193,123.47203,1435.1108,1607.8379,123.64206,1435.3794,1604.7571,123.88181,1405.3431,1569.9636,327.89133,1418.3965,1578.5184,-5.4490542,1389.5306,1622.0804,241.07526,1396.8029,1622.8245,142.86937,1249.7183,1531.102,570.3156,1351.4584,1596.5872,-190.43478,1203.8915,1739.9028,803.6819,1537.4152,1688.0498,-368.25537,1256.9315,1861.1929,684.05835,1719.1621,1723.0679,-302.2763,1296.6655,1873.091,706.83887,1772.0219,1731.071,-377.3328,1305.963,1871.8992,608.9751,1776.7709,1717.2914,-320.4033,1292.0839,1869.6167,644.1362,1753.8413,1716.7727,-279.34506,884.14667,1591.4054,217.6182,903.4058,1657.5854,-218.9178,572.40686,1557.2667,242.53433,866.42645,1954.3788,-108.05965,268.96378,1467.5571,202.6726,594.3196,1892.5989,146.00188,229.27554,1429.2924,204.85657,561.1003,1844.1017,181.95746,161.42097,1544.5912,176.51994,464.22366,1970.9841,276.32007
IMG_4958 copy 26.png,1416.6123,1629.4694,176.99135,1430.6578,1609.3416,195.82108,1428.0312,1605.5244,195.85498,1425.3257,1601.4784,195.96774,1434.7332,1610.8193,123.47203,1435.1108,1607.8379,123.64206,1435.3794,1604.7571,123.88181,1405.3431,1569.9636,327.89133,1418.3965,1578.5184,-5.4490542,1389.5306,1622.0804,241.07526,1396.8029,1622.8245,142.86937,1249.7183,1531.102,570.3156,1351.4584,1596.5872,-190.43478,1203.8915,1739.9028,803.6819,1537.4152,1688.0498,-368.25537,1256.9315,1861.1929,684.05835,1719.1621,1723.0679,-302.2763,1296.6655,1873.091,706.83887,1772.0219,1731.071,-377.3328,1305.963,1871.8992,608.9751,1776.7709,1717.2914,-320.4033,1292.0839,1869.6167,644.1362,1753.8413,1716.7727,-279.34506,884.14667,1591.4054,217.6182,903.4058,1657.5854,-218.9178,572.40686,1557.2667,242.53433,866.42645,1954.3788,-108.05965,268.96378,1467.5571,202.6726,594.3196,1892.5989,146.00188,229.27554,1429.2924,204.85657,561.1003,1844.1017,181.95746,161.42097,1544.5912,176.51994,464.22366,1970.9841,276.32007
IMG_4958 copy 3.png,1416.6123,1629.4694,176.99135,1430.6578,1609.3416,195.82108,1428.0312,1605.5244,195.85498,1425.3257,1601.4784,195.96774,1434.7332,1610.8193,123.47203,1435.1108,1607.8379,123.64206,1435.3794,1604.7571,123.88181,1405.3431,1569.9636,327.89133,1418.3965,1578.5184,-5.4490542,1389.5306,1622.0804,241.07526,1396.8029,1622.8245,142.86937,1249.7183,1531.102,570.3156,1351.4584,1596.5872,-190.43478,1203.8915,1739.9028,803.6819,1537.4152,1688.0498,-368.25537,1256.9315,1861.1929,684.05835,1719.1621,1723.0679,-302.2763,1296.6655,1873.091,706.83887,1772.0219,1731.071,-377.3328,1305.963,1871.8992,608.9751,1776.7709,1717.2914,-320.4033,1292.0839,1869.6167,644.1362,1753.8413,1716.7727,-279.34506,884.14667,1591.4054,217.6182,903.4058,1657.5854,-218.9178,572.40686,1557.2667,242.53433,866.42645,1954.3788,-108.05965,268.96378,1467.5571,202.6726,594.3196,1892.5989,146.00188,229.27554,1429.2924,204.85657,561.1003,1844.1017,181.95746,161.42097,1544.5912,176.51994,464.22366,1970.9841,276.32007
IMG_4958 copy 4.png,1416.6123,1629.4694,176.99135,1430.6578,1609.3416,195.82108,1428.0312,1605.5244,195.85498,1425.3257,1601.4784,195.96774,1434.7332,1610.8193,123.47203,1435.1108,1607.8379,123.64206,1435.3794,1604.7571,123.88181,1405.3431,1569.9636,327.89133,1418.3965,1578.5184,-5.4490542,1389.5306,1622.0804,241.07526,1396.8029,1622.8245,142.86937,1249.7183,1531.102,570.3156,1351.4584,1596.5872,-190.43478,1203.8915,1739.9028,803.6819,1537.4152,1688.0498,-368.25537,1256.9315,1861.1929,684.05835,1719.1621,1723.0679,-302.2763,1296.6655,1873.091,706.83887,1772.0219,1731.071,-377.3328,1305.963,1871.8992,608.9751,1776.7709,1717.2914,-320.4033,1292.0839,1869.6167,644.1362,1753.8413,1716.7727,-279.34506,884.14667,1591.4054,217.6182,903.4058,1657.5854,-218.9178,572.40686,1557.2667,242.53433,866.42645,1954.3788,-108.05965,268.96378,1467.5571,202.6726,594.3196,1892.5989,146.00188,229.27554,1429.2924,204.85657,561.1003,1844.1017,181.95746,161.42097,1544.5912,176.51994,464.22366,1970.9841,276.32007
IMG_4958 copy 5.png,1416.6123,1629.4694,176.99135,1430.6578,1609.3416,195.82108,1428.0312,1605.5244,195.85498,1425.3257,1601.4784,195.96774,1434.7332,1610.8193,123.47203,1435.1108,1607.8379,123.64206,1435.3794,1604.7571,123.88181,1405.3431,1569.9636,327.89133,1418.3965,1578.5184,-5.4490542,1389.5306,1622.0804,241.07526,1396.8029,1622.8245,142.86937,1249.7183,1531.102,570.3156,1351.4584,1596.5872,-190.43478,1203.8915,1739.9028,803.6819,1537.4152,1688.0498,-368.25537,1256.9315,1861.1929,684.05835,1719.1621,1723.0679,-302.2763,1296.6655,1873.091,706.83887,1772.0219,1731.071,-377.3328,1305.963,1871.8992,608.9751,1776.7709,1717.2914,-320.4033,1292.0839,1869.6167,644.1362,1753.8413,1716.7727,-279.34506,884.14667,1591.4054,217.6182,903.4058,1657.5854,-218.9178,572.40686,1557.2667,242.53433,866.42645,1954.3788,-108.05965,268.96378,1467.5571,202.6726,594.3196,1892.5989,146.00188,229.27554,1429.2924,204.85657,561.1003,1844.1017,181.95746,161.42097,1544.5912,176.51994,464.22366,1970.9841,276.32007
IMG_4958 copy 6.png,1416.6123,1629.4694,176.99135,1430.6578,1609.3416,195.82108,1428.0312,1605.5244,195.85498,1425.3257,1601.4784,195.96774,1434.7332,1610.8193,123.47203,1435.1108,1607.8379,123.64206,1435.3794,1604.7571,123.88181,1405.3431,1569.9636,327.89133,1418.3965,1578.5184,-5.4490542,1389.5306,1622.0804,241.07526,1396.8029,1622.8245,142.86937,1249.7183,1531.102,570.3156,1351.4584,1596.5872,-190.43478,1203.8915,1739.9028,803.6819,1537.4152,1688.0498,-368.25537,1256.9315,1861.1929,684.05835,1719.1621,1723.0679,-302.2763,1296.6655,1873.091,706.83887,1772.0219,1731.071,-377.3328,1305.963,1871.8992,608.9751,1776.7709,1717.2914,-320.4033,1292.0839,1869.6167,644.1362,1753.8413,1716.7727,-279.34506,884.14667,1591.4054,217.6182,903.4058,1657.5854,-218.9178,572.40686,1557.2667,242.53433,866.42645,1954.3788,-108.05965,268.96378,1467.5571,202.6726,594.3196,1892.5989,146.00188,229.27554,1429.2924,204.85657,561.1003,1844.1017,181.95746,161.42097,1544.5912,176.51994,464.22366,1970.9841,276.32007
IMG_4958 copy 7.png,1416.6123,1629.4694,176.99135,1430.6578,1609.3416,195.82108,1428.0312,1605.5244,195.85498,1425.3257,1601.4784,195.96774,1434.7332,1610.8193,123.47203,1435.1108,1607.8379,123.64206,1435.3794,1604.7571,123.88181,1405.3431,1569.9636,327.89133,1418.3965,1578.5184,-5.4490542,1389.5306,1622.0804,241.07526,1396.8029,1622.8245,142.86937,1249.7183,1531.102,570.3156,1351.4584,1596.5872,-190.43478,1203.8915,1739.9028,803.6819,1537.4152,1688.0498,-368.25537,1256.9315,1861.1929,684.05835,1719.1621,1723.0679,-302.2763,1296.6655,1873.091,706.83887,1772.0219,1731.071,-377.3328,1305.963,1871.8992,608.9751,1776.7709,1717.2914,-320.4033,1292.0839,1869.6167,644.1362,1753.8413,1716.7727,-279.34506,884.14667,1591.4054,217.6182,903.4058,1657.5854,-218.9178,572.40686,1557.2667,242.53433,866.42645,1954.3788,-108.05965,268.96378,1467.5571,202.6726,594.3196,1892.5989,146.00188,229.27554,1429.2924,204.85657,561.1003,1844.1017,181.95746,161.42097,1544.5912,176.51994,464.22366,1970.9841,276.32007
IMG_4958 copy 8.png,1416.6123,1629.4694,176.99135,1430.6578,1609.3416,195.82108,1428.0312,1605.5244,195.85498,1425.3257,1601.4784,195.96774,1434.7332,1610.8193,123.47203,1435.1108,1607.8379,123.64206,1435.3794,1604.7571,123.88181,1405.3431,1569.9636,327.89133,1418.3965,1578.5184,-5.4490542,1389.5306,1622.0804,241.07526,1396.8029,1622.8245,142.86937,1249.7183,1531.102,570.3156,1351.4584,1596.5872,-190.43478,1203.8915,1739.9028,803.6819,1537.4152,1688.0498,-368.25537,1256.9315,1861.1929,684.05835,1719.1621,1723.0679,-302.2763,1296.6655,1873.091,706.83887,1772.0219,1731.071,-377.3328,1305.963,1871.8992,608.9751,1776.7709,1717.2914,-320.4033,1292.0839,1869.6167,644.1362,1753.8413,1716.7727,-279.34506,884.14667,1591.4054,217.6182,903.4058,1657.5854,-218.9178,572.40686,1557.2667,242.53433,866.42645,1954.3788,-108.05965,268.96378,1467.5571,202.6726,594.3196,1892.5989,146.00188,229.27554,1429.2924,204.85657,561.1003,1844.1017,181.95746,161.42097,1544.5912,176.51994,464.22366,1970.9841,276.32007
IMG_4958 copy 9.png,1416.6123,1629.4694,176.99135,1430.6578,1609.3416,195.82108,1428.0312,1605.5244,195.85498,1425.3257,1601.4784,195.96774,1434.7332,1610.8193,123.47203,1435.1108,1607.8379,123.64206,1435.3794,1604.7571,123.88181,1405.3431,1569.9636,327.89133,1418.3965,1578.5184,-5.4490542,1389.5306,1622.0804,241.07526,1396.8029,1622.8245,142.86937,1249.7183,1531.102,570.3156,1351.4584,1596.5872,-190.43478,1203.8915,1739.9028,803.6819,1537.4152,1688.0498,-368.25537,1256.9315,1861.1929,684.05835,1719.1621,1723.0679,-302.2763,1296.6655,1873.091,706.83887,1772.0219,1731.071,-377.3328,1305.963,1871.8992,608.9751,1776.7709,1717.2914,-320.4033,1292.0839,1869.6167,644.1362,1753.8413,1716.7727,-279.34506,884.14667,1591.4054,217.6182,903.4058,1657.5854,-218.9178,572.40686,1557.2667,242.53433,866.42645,1954.3788,-108.05965,268.96378,1467.5571,202.6726,594.3196,1892.5989,146.00188,229.27554,1429.2924,204.85657,561.1003,1844.1017,181.95746,161.42097,1544.5912,176.51994,464.22366,1970.9841,276.32007
IMG_4958 copy.png,1416.6123,1629.4694,176.99135,1430.6578,1609.3416,195.82108,1428.0312,1605.5244,195.85498,1425.3257,1601.4784,195.96774,1434.7332,1610.8193,123.47203,1435.1108,1607.8379,123.64206,1435.3794,1604.7571,123.88181,1405.3431,1569.9636,327.89133,1418.3965,1578.5184,-5.4490542,1389.5306,1622.0804,241.07526,1396.8029,1622.8245,142.86937,1249.7183,1531.102,570.3156,1351.4584,1596.5872,-190.43478,1203.8915,1739.9028,803.6819,1537.4152,1688.0498,-368.25537,1256.9315,1861.1929,684.05835,1719.1621,1723.0679,-302.2763,1296.6655,1873.091,706.83887,1772.0219,1731.071,-377.3328,1305.963,1871.8992,608.9751,1776.7709,1717.2914,-320.4033,1292.0839,1869.6167,644.1362,1753.8413,1716.7727,-279.34506,884.14667,1591.4054,217.6182,903.4058,1657.5854,-218.9178,572.40686,1557.2667,242.53433,866.42645,1954.3788,-108.05965,268.96378,1467.5571,202.6726,594.3196,1892.5989,146.00188,229.27554,1429.2924,204.85657,561.1003,1844.1017,181.95746,161.42097,1544.5912,176.51994,464.22366,1970.9841,276.32007
IMG_4958.png,1416.6123,1629.4694,176.99135,1430.6578,1609.3416,195.82108,1428.0312,1605.5244,195.85498,1425.3257,1601.4784,195.96774,1434.7332,1610.8193,123.47203,1435.1108,1607.8379,123.64206,1435.3794,1604.7571,123.88181,1405.3431,1569.9636,327.89133,1418.3965,1578.5184,-5.4490542,1389.5306,1622.0804,241.07526,1396.8029,1622.8245,142.86937,1249.7183,1531.102,570.3156,1351.4584,1596.5872,-190.43478,1203.8915,1739.9028,803.6819,1537.4152,1688.0498,-368.25537,1256.9315,1861.1929,684.05835,1719.1621,1723.0679,-302.2763,1296.6655,1873.091,706.83887,1772.0219,1731.071,-377.3328,1305.963,1871.8992,608.9751,1776.7709,1717.2914,-320.4033,1292.0839,1869.6167,644.1362,1753.8413,1716.7727,-279.34506,884.14667,1591.4054,217.6182,903.4058,1657.5854,-218.9178,572.40686,1557.2667,242.53433,866.42645,1954.3788,-108.05965,268.96378,1467.5571,202.6726,594.3196,1892.5989,146.00188,229.27554,1429.2924,204.85657,561.1003,1844.1017,181.95746,161.42097,1544.5912,176.51994,464.22366,1970.9841,276.32007
IMG_4959.JPG,1459.8936,1418.0854,2012.7821,1451.2826,1401.5741,2078.989,1444.1346,1401.0037,2079.3198,1436.7734,1399.7441,2079.5107,1466.9264,1398.8905,2011.1582,1470.9314,1396.7999,2011.1565,1475.237,1394.7958,2010.4753,1410.4529,1402.8964,2074.8875,1468.0555,1405.7703,1763.1259,1441.7769,1437.1774,1989.1022,1461.5559,1434.8312,1898.2042,1259.9199,1465.032,1843.844,1476.2012,1460.8427,1284.0125,1357.8922,1522.5227,2062.533,1604.9683,1470.4839,1282.958,1447.7683,1477.6422,2474.1575,1669.3726,1456.1355,1871.7982,1462.0881,1454.6836,2520.5376,1710.9812,1435.2332,1968.5405,1472.7859,1444.6143,2594.2495,1692.9685,1434.9066,1987.6683,1471.4121,1452.6459,2504.4668,1672.8661,1443.1898,1900.7291,1133.0665,1691.5494,169.20506,1315.9869,1710.1072,-171.71071,861.75104,1895.4169,-235.24915,1275.0101,1957.3564,-579.46375,492.44742,2024.6714,-1618.8019,1197.0236,2248.7139,-1973.0597,431.3544,2003.1003,-1774.8441,1187.4786,2254.8867,-2118.0312,366.65228,2196.3516,-2055.976,1056.743,2460.73,-2365.0796
IMG_4976.JPG,516.8505,1650.0845,928.0272,503.01373,1621.1031,890.65674,501.81067,1619.8179,890.61804,500.46964,1618.8885,890.9791,510.87265,1617.448,951.73615,516.1073,1613.3832,951.7713,521.5013,1609.2762,951.74567,520.99854,1607.523,710.1042,552.48724,1590.9991,981.643,535.6055,1659.835,859.34515,545.7518,1655.5948,938.2242,565.983,1699.5046,345.75525,705.7986,1608.7205,1059.7083,544.27814,1957.9803,208.581,789.3478,1739.3247,1196.4375,505.5243,2162.0793,406.8762,732.8101,1913.1433,1328.5958,462.29367,2173.4138,416.88632,716.5376,1931.5986,1414.0188,457.35593,2158.2075,469.28412,700.4327,1946.964,1381.7897,475.7001,2157.6562,443.90173,703.9793,1941.4838,1322.4867,989.1046,1834.1176,-213.26288,1053.789,1778.2942,211.58165,1144.7747,2129.1038,-577.01404,1228.9384,1954.1554,313.21115,1489.436,2138.5466,-1676.4808,1520.6718,1968.6976,-653.1866,1484.8556,2122.8147,-1791.073,1570.2986,1942.2213,-761.0491,1559.8325,2297.0505,-1941.34,1608.6348,2029.152,-792.64655
IMG_4977.JPG,533.4525,1660.2603,1186.0712,520.8079,1629.5599,1147.3854,520.1148,1628.0676,1147.3141,519.45624,1626.8938,1147.6423,529.381,1626.0818,1215.7709,535.7914,1621.874,1215.7896,542.6546,1617.4673,1215.6692,546.5365,1613.2794,945.2338,577.70575,1599.2158,1249.7396,553.5385,1672.3489,1107.3511,562.1192,1668.4998,1195.5084,590.5325,1692.6246,542.4942,753.7125,1635.7687,1269.3546,557.7405,1941.4324,325.3556,824.0462,1786.7373,1390.1625,525.0126,2151.7324,402.23706,760.7237,1979.594,1525.9268,486.65924,2174.4092,392.35806,741.36194,1991.8483,1592.8722,481.04187,2162.065,434.84222,727.3331,2011.3324,1556.1823,498.18875,2158.2527,431.23587,730.6967,2011.6101,1516.9349,987.0043,1840.785,-196.24533,1104.0762,1812.0024,194.95709,1155.2969,2124.4565,-631.57794,1236.9779,2069.5662,-1.1918513,1523.5918,2117.245,-1691.8599,1539.2214,2039.4504,-1095.5741,1539.949,2107.6282,-1808.6531,1596.2277,2017.2468,-1220.8025,1605.2175,2178.1091,-1975.8524,1614.936,2095.239,-1316.4435
IMG_4978.JPG,562.48456,1599.7849,1182.1427,553.87067,1571.7668,1124.2146,553.3637,1571.8632,1124.1633,553.01086,1572.218,1124.6492,562.49426,1566.6141,1185.4879,568.95917,1562.7883,1185.4196,576.4382,1558.7906,1185.1785,578.95233,1566.0717,877.48456,612.47797,1546.7122,1147.1833,580.7096,1615.3605,1092.4362,591.5812,1610.362,1170.7252,622.35187,1673.4827,469.02454,789.71735,1580.0278,1180.5367,594.67285,1918.2979,330.67734,820.0344,1731.4944,1359.8339,558.60626,2120.4314,497.92694,700.9943,1905.2253,1585.2842,513.51776,2132.8523,515.03217,645.0551,1903.6849,1688.348,507.58023,2118.193,560.98474,634.7516,1917.5881,1659.6974,526.06116,2118.3914,531.22766,645.08167,1920.9259,1584.3389,1037.1329,1830.995,-227.94357,1129.7346,1767.535,226.685,1170.7262,2145.5244,-350.65854,1288.8588,2043.9565,318.1343,1486.608,2163.1167,-1631.5615,1595.1669,2062.4478,-966.7811,1564.5348,2129.3594,-1761.6427,1651.0292,2049.29,-1104.2354,1628.8646,2236.4734,-1811.7463,1680.6898,2123.3223,-1129.5767
IMG_4979.JPG,413.42163,1758.691,610.66144,388.86148,1750.6696,537.5641,385.40515,1751.9594,537.5148,381.10852,1753.4628,537.82214,394.90784,1737.765,620.19946,396.3692,1730.4391,620.2208,397.3413,1723.1248,619.9829,377.37308,1729.6545,259.54898,402.94098,1686.6036,631.6769,429.7974,1759.5468,514.31555,438.1371,1744.3732,621.9549,431.74396,1733.8707,-78.43029,567.6157,1606.6368,740.0944,396.9133,1978.2649,-223.61642,687.833,1725.9932,1039.0669,368.36142,2226.032,70.81306,697.9324,1932.3225,1280.562,310.48798,2249.566,74.538345,691.2773,1961.3962,1369.6779,304.96924,2220.7974,147.28189,680.07306,1976.0535,1312.2152,330.76367,2214.263,112.83341,679.6734,1968.4203,1264.7435,926.5236,1863.0782,-267.88678,987.5557,1790.7014,266.1405,1156.3796,2109.291,-602.93555,1162.3262,2106.7676,-0.6018002,1585.2407,2133.0024,-1182.0035,1521.363,2177.654,-476.43796,1647.0148,2094.5623,-1233.7834,1531.186,2157.6108,-529.6079,1720.339,2243.52,-1345.9081,1615.3342,2299.6133,-624.027
IMG_4980.JPG,136.84496,1811.6989,889.2096,109.5304,1801.2803,818.91797,104.1356,1806.6492,818.87396,97.551895,1812.1238,819.1443,125.30281,1781.8635,907.61224,132.5882,1769.5568,907.6107,136.22554,1761.3652,907.20734,92.95925,1802.8105,503.9601,146.55199,1736.1273,903.5973,153.36725,1822.0869,766.60144,171.65135,1802.3099,881.6932,148.4707,1821.2733,49.557247,294.97754,1690.8585,956.3063,80.48254,2092.8354,114.278984,412.92184,1809.4984,1283.3583,53.00111,2300.7202,729.5085,391.4908,2012.4169,1495.6193,10.482878,2339.2107,778.6856,369.28018,2032.5088,1578.2385,15.335155,2299.8018,803.2154,356.13983,2052.839,1520.7603,37.842747,2298.043,762.2793,363.73618,2037.5798,1479.9413,700.12085,1887.5477,-316.02576,772.2501,1871.7057,314.07874,962.9839,2120.4521,-985.1325,847.5658,2288.0063,-90.33665,1471.2075,2173.805,-1654.3048,1236.5074,2272.911,-443.5329,1558.6956,2140.6248,-1715.1917,1292.2365,2228.545,-487.71823,1634.2847,2395.742,-1865.0963,1401.4886,2433.943,-512.1191
IMG_4982.JPG,830.7892,2191.0806,-1594.5963,858.3683,2166.2708,-1683.0367,875.66174,2160.676,-1682.821,892.7843,2156.5603,-1683.0916,824.97095,2168.879,-1635.8668,817.3146,2164.7634,-1636.6843,809.53436,2161.2139,-1637.2527,932.8929,2118.9639,-1796.6959,829.95996,2117.3005,-1586.5862,878.32697,2171.7625,-1610.2408,839.244,2172.8328,-1547.7463,1185.9404,2055.727,-1564.3085,743.71454,1995.441,-1415.2517,1272.5059,2331.6062,-1537.0302,502.97195,2162.4717,-1242.5092,1151.352,2620.8975,-1790.8466,274.69235,2383.4158,-1503.9148,1131.1799,2685.4773,-2046.2084,147.61356,2411.9795,-1703.2292,1085.8247,2665.3457,-2087.3345,182.93196,2440.1602,-1779.8792,1092.0829,2642.8135,-1834.7689,238.81677,2437.182,-1549.3579,1339.044,1907.2565,-156.44888,1161.1559,1961.3302,154.01111,1510.1089,1877.2566,1013.74506,1186.5906,2082.153,997.05457,1613.9186,1816.3723,2279.9614,1303.2365,2094.9214,2091.8005,1635.2897,1761.4065,2410.6648,1318.2002,2080.6929,2204.0723,1717.0814,1870.8279,2275.053,1354.35,2142.2827,2129.313
IMG_5345.JPG,2031.5912,798.1146,266.9775,2049.262,775.66815,314.32864,2047.3048,773.03064,314.4555,2045.3546,769.89734,314.57962,2049.0547,770.73254,225.34026,2047.3325,765.06067,225.48665,2045.7784,758.8854,225.74889,2013.6943,737.7825,522.59625,2017.3765,725.4725,121.758644,1999.6477,799.1572,355.4824,2001.1636,793.2752,238.1475,1843.1299,784.1204,824.8984,1913.0491,732.94507,-157.20734,1823.3082,1025.6016,1067.7908,2169.5505,731.34247,-433.2611,1839.9282,1248.414,846.9833,2419.512,719.4283,-431.07446,1890.0541,1259.0823,867.4791,2449.1626,710.5082,-529.4612,1896.1125,1259.4926,744.4882,2447.1836,716.3339,-468.6432,1872.947,1258.425,787.8567,2438.5266,721.6029,-411.86334,1382.2871,828.9686,315.4739,1402.8369,892.17847,-317.03336,1039.0626,761.3003,434.4669,1366.1716,1257.8026,-243.99992,683.93665,595.4947,494.32788,956.4061,1181.9885,87.25176,639.188,557.5838,506.1534,889.8958,1129.5692,128.57945,570.3076,689.14703,460.91434,887.9313,1290.6438,174.30109
IMG_5346.JPG,1746.5913,680.47925,587.8652,1758.4021,650.63214,634.86993,1753.6163,647.9178,634.9258,1748.7935,644.992,634.94366,1762.6564,646.86926,557.63666,1761.2827,642.4898,557.7991,1759.8982,637.89343,558.01807,1708.8765,613.85815,815.6963,1723.2983,611.90515,463.17197,1703.3046,683.188,665.91895,1709.9054,676.73267,562.2847,1521.3395,665.2557,1091.0433,1638.4316,625.10205,109.81165,1523.7034,918.3555,1428.5803,1902.5499,621.0166,-129.72977,1569.0077,1156.4062,1410.9526,2173.1394,599.9399,31.99501,1627.9242,1160.125,1459.3256,2236.2898,573.75714,-27.267355,1637.7965,1149.1124,1329.3903,2229.9243,582.42883,21.99845,1618.4662,1150.2858,1356.5176,2203.0276,593.99646,54.38233,1061.3771,745.7468,293.03674,1110.3511,813.39545,-294.57874,663.4265,713.4653,155.55669,1119.3062,1203.9854,-409.51877,270.36496,558.1426,-44.340324,671.29553,1168.7765,-415.19766,214.86646,507.25397,-56.07378,611.6798,1117.0574,-400.94986,108.032,638.5789,-119.68645,532.1756,1277.5505,-354.66098
IMG_5347.JPG,1491.0381,498.53885,991.54474,1502.1403,468.43225,1026.6163,1497.7173,466.6898,1026.5084,1493.1351,464.80478,1026.2628,1509.0166,463.21997,973.31995,1509.8159,458.7293,973.3341,1510.7965,454.5828,973.0667,1462.1941,440.637,1098.6412,1485.4509,431.36313,857.5694,1454.1451,502.71442,1025.5205,1459.8018,493.8083,953.3214,1275.8171,485.592,1264.0261,1433.7677,442.74536,399.84094,1274.4779,739.7988,1511.2046,1670.5643,461.594,186.18706,1344.8022,961.64703,1535.9385,1930.155,434.6105,345.6056,1394.3097,984.30743,1563.8442,1993.9497,410.6543,303.247,1407.9863,977.8781,1461.3889,1992.5546,406.73853,320.31796,1384.7896,974.08014,1489.769,1964.7189,416.45065,354.94254,836.4364,557.4797,296.0751,939.3665,636.2719,-297.24048,418.22546,551.065,-92.629524,955.8191,1052.9141,-493.1517,22.17585,423.81995,-416.82892,473.77606,1044.8373,-592.64484,-94.817116,364.42987,-447.2175,398.5074,1008.83203,-592.0999,-29.368187,520.83685,-561.5089,482.8771,1210.1859,-606.65985
IMG_5351.JPG,1031.5049,674.7088,946.4272,1001.1901,635.81146,937.49774,997.5385,629.05505,937.34094,993.3989,622.8655,937.64355,1006.8934,641.04425,1015.1719,1007.93256,637.8348,1015.1512,1009.13684,634.88715,1015.0586,1005.4739,591.575,923.1633,1032.9391,603.2626,1265.6595,1058.9846,666.74554,938.4207,1067.0375,669.977,1037.9688,1085.262,620.0288,570.85175,1225.2258,599.7323,1463.0352,1173.5563,911.8174,338.95364,1301.3258,858.93097,1466.889,1248.6394,1222.705,432.6885,1275.2815,1111.1461,1306.3452,1206.354,1245.1449,361.60596,1261.5518,1160.9221,1308.946,1197.3492,1234.0533,393.9436,1250.3196,1162.6946,1241.4911,1218.2657,1229.0067,457.5716,1258.6731,1149.4781,1272.4683,1600.8175,674.4778,-252.54634,1703.75,763.43134,252.12608,1872.8881,620.21173,-2036.4215,1876.2448,1113.2682,435.82294,2406.6255,302.33917,-3279.0967,2275.5918,1092.9799,289.64157,2556.382,240.73514,-3400.1436,2371.9534,1027.5437,248.44427,2589.9531,329.93414,-3834.5032,2305.215,1295.7816,129.62279
IMG_5353 copy 2.JPG,745.04877,1221.1088,-295.61484,716.8756,1174.6208,-374.57074,721.8779,1167.2048,-374.54773,727.79767,1157.741,-374.4819,711.6641,1176.6952,-256.7909,712.23956,1171.8278,-256.88254,713.2569,1166.5789,-256.59744,777.3994,1099.0452,-547.8376,754.49286,1115.5438,4.1140423,800.8247,1214.1772,-345.06082,794.2741,1218.5779,-186.44803,1011.88635,1138.1423,-862.14325,980.8036,1115.6542,363.9505,1070.9421,1475.7378,-1045.2734,646.0788,1135.9385,557.5033,1079.4567,1833.1548,-987.01733,360.6424,1177.2249,261.47086,996.95386,1880.4928,-1135.9222,280.16055,1179.2319,178.4465,982.99976,1852.1978,-1051.0842,276.58783,1170.5618,97.335594,1010.5784,1837.7511,-953.0232,306.58466,1170.5204,206.35498,1678.1472,1198.5295,-417.93152,1633.8644,1290.946,416.35223,2146.044,1125.5676,-340.47424,1718.9845,1664.3394,200.52402,2614.6614,949.6779,58.8263,2184.0352,1542.7034,781.01447,2663.9941,905.1317,92.92969,2251.1924,1474.9749,822.38226,2854.6697,1035.3151,-290.43005,2322.2349,1669.1909,749.1987
IMG_5353 copy 3.JPG,745.04877,1221.1088,-295.61484,716.8756,1174.6208,-374.57074,721.8779,1167.2048,-374.54773,727.79767,1157.741,-374.4819,711.6641,1176.6952,-256.7909,712.23956,1171.8278,-256.88254,713.2569,1166.5789,-256.59744,777.3994,1099.0452,-547.8376,754.49286,1115.5438,4.1140423,800.8247,1214.1772,-345.06082,794.2741,1218.5779,-186.44803,1011.88635,1138.1423,-862.14325,980.8036,1115.6542,363.9505,1070.9421,1475.7378,-1045.2734,646.0788,1135.9385,557.5033,1079.4567,1833.1548,-987.01733,360.6424,1177.2249,261.47086,996.95386,1880.4928,-1135.9222,280.16055,1179.2319,178.4465,982.99976,1852.1978,-1051.0842,276.58783,1170.5618,97.335594,1010.5784,1837.7511,-953.0232,306.58466,1170.5204,206.35498,1678.1472,1198.5295,-417.93152,1633.8644,1290.946,416.35223,2146.044,1125.5676,-340.47424,1718.9845,1664.3394,200.52402,2614.6614,949.6779,58.8263,2184.0352,1542.7034,781.01447,2663.9941,905.1317,92.92969,2251.1924,1474.9749,822.38226,2854.6697,1035.3151,-290.43005,2322.2349,1669.1909,749.1987
IMG_5353 copy 4.JPG,745.04877,1221.1088,-295.61484,716.8756,1174.6208,-374.57074,721.8779,1167.2048,-374.54773,727.79767,1157.741,-374.4819,711.6641,1176.6952,-256.7909,712.23956,1171.8278,-256.88254,713.2569,1166.5789,-256.59744,777.3994,1099.0452,-547.8376,754.49286,1115.5438,4.1140423,800.8247,1214.1772,-345.06082,794.2741,1218.5779,-186.44803,1011.88635,1138.1423,-862.14325,980.8036,1115.6542,363.9505,1070.9421,1475.7378,-1045.2734,646.0788,1135.9385,557.5033,1079.4567,1833.1548,-987.01733,360.6424,1177.2249,261.47086,996.95386,1880.4928,-1135.9222,280.16055,1179.2319,178.4465,982.99976,1852.1978,-1051.0842,276.58783,1170.5618,97.335594,1010.5784,1837.7511,-953.0232,306.58466,1170.5204,206.35498,1678.1472,1198.5295,-417.93152,1633.8644,1290.946,416.35223,2146.044,1125.5676,-340.47424,1718.9845,1664.3394,200.52402,2614.6614,949.6779,58.8263,2184.0352,1542.7034,781.01447,2663.9941,905.1317,92.92969,2251.1924,1474.9749,822.38226,2854.6697,1035.3151,-290.43005,2322.2349,1669.1909,749.1987
IMG_5353 copy 5.JPG,745.04877,1221.1088,-295.61484,716.8756,1174.6208,-374.57074,721.8779,1167.2048,-374.54773,727.79767,1157.741,-374.4819,711.6641,1176.6952,-256.7909,712.23956,1171.8278,-256.88254,713.2569,1166.5789,-256.59744,777.3994,1099.0452,-547.8376,754.49286,1115.5438,4.1140423,800.8247,1214.1772,-345.06082,794.2741,1218.5779,-186.44803,1011.88635,1138.1423,-862.14325,980.8036,1115.6542,363.9505,1070.9421,1475.7378,-1045.2734,646.0788,1135.9385,557.5033,1079.4567,1833.1548,-987.01733,360.6424,1177.2249,261.47086,996.95386,1880.4928,-1135.9222,280.16055,1179.2319,178.4465,982.99976,1852.1978,-1051.0842,276.58783,1170.5618,97.335594,1010.5784,1837.7511,-953.0232,306.58466,1170.5204,206.35498,1678.1472,1198.5295,-417.93152,1633.8644,1290.946,416.35223,2146.044,1125.5676,-340.47424,1718.9845,1664.3394,200.52402,2614.6614,949.6779,58.8263,2184.0352,1542.7034,781.01447,2663.9941,905.1317,92.92969,2251.1924,1474.9749,822.38226,2854.6697,1035.3151,-290.43005,2322.2349,1669.1909,749.1987
IMG_5353 copy 6.JPG,745.04877,1221.1088,-295.61484,716.8756,1174.6208,-374.57074,721.8779,1167.2048,-374.54773,727.79767,1157.741,-374.4819,711.6641,1176.6952,-256.7909,712.23956,1171.8278,-256.88254,713.2569,1166.5789,-256.59744,777.3994,1099.0452,-547.8376,754.49286,1115.5438,4.1140423,800.8247,1214.1772,-345.06082,794.2741,1218.5779,-186.44803,1011.88635,1138.1423,-862.14325,980.8036,1115.6542,363.9505,1070.9421,1475.7378,-1045.2734,646.0788,1135.9385,557.5033,1079.4567,1833.1548,-987.01733,360.6424,1177.2249,261.47086,996.95386,1880.4928,-1135.9222,280.16055,1179.2319,178.4465,982.99976,1852.1978,-1051.0842,276.58783,1170.5618,97.335594,1010.5784,1837.7511,-953.0232,306.58466,1170.5204,206.35498,1678.1472,1198.5295,-417.93152,1633.8644,1290.946,416.35223,2146.044,1125.5676,-340.47424,1718.9845,1664.3394,200.52402,2614.6614,949.6779,58.8263,2184.0352,1542.7034,781.01447,2663.9941,905.1317,92.92969,2251.1924,1474.9749,822.38226,2854.6697,1035.3151,-290.43005,2322.2349,1669.1909,749.1987
IMG_5353 copy 7.JPG,745.04877,1221.1088,-295.61484,716.8756,1174.6208,-374.57074,721.8779,1167.2048,-374.54773,727.79767,1157.741,-374.4819,711.6641,1176.6952,-256.7909,712.23956,1171.8278,-256.88254,713.2569,1166.5789,-256.59744,777.3994,1099.0452,-547.8376,754.49286,1115.5438,4.1140423,800.8247,1214.1772,-345.06082,794.2741,1218.5779,-186.44803,1011.88635,1138.1423,-862.14325,980.8036,1115.6542,363.9505,1070.9421,1475.7378,-1045.2734,646.0788,1135.9385,557.5033,1079.4567,1833.1548,-987.01733,360.6424,1177.2249,261.47086,996.95386,1880.4928,-1135.9222,280.16055,1179.2319,178.4465,982.99976,1852.1978,-1051.0842,276.58783,1170.5618,97.335594,1010.5784,1837.7511,-953.0232,306.58466,1170.5204,206.35498,1678.1472,1198.5295,-417.93152,1633.8644,1290.946,416.35223,2146.044,1125.5676,-340.47424,1718.9845,1664.3394,200.52402,2614.6614,949.6779,58.8263,2184.0352,1542.7034,781.01447,2663.9941,905.1317,92.92969,2251.1924,1474.9749,822.38226,2854.6697,1035.3151,-290.43005,2322.2349,1669.1909,749.1987
IMG_5353 copy 8.JPG,745.04877,1221.1088,-295.61484,716.8756,1174.6208,-374.57074,721.8779,1167.2048,-374.54773,727.79767,1157.741,-374.4819,711.6641,1176.6952,-256.7909,712.23956,1171.8278,-256.88254,713.2569,1166.5789,-256.59744,777.3994,1099.0452,-547.8376,754.49286,1115.5438,4.1140423,800.8247,1214.1772,-345.06082,794.2741,1218.5779,-186.44803,1011.88635,1138.1423,-862.14325,980.8036,1115.6542,363.9505,1070.9421,1475.7378,-1045.2734,646.0788,1135.9385,557.5033,1079.4567,1833.1548,-987.01733,360.6424,1177.2249,261.47086,996.95386,1880.4928,-1135.9222,280.16055,1179.2319,178.4465,982.99976,1852.1978,-1051.0842,276.58783,1170.5618,97.335594,1010.5784,1837.7511,-953.0232,306.58466,1170.5204,206.35498,1678.1472,1198.5295,-417.93152,1633.8644,1290.946,416.35223,2146.044,1125.5676,-340.47424,1718.9845,1664.3394,200.52402,2614.6614,949.6779,58.8263,2184.0352,1542.7034,781.01447,2663.9941,905.1317,92.92969,2251.1924,1474.9749,822.38226,2854.6697,1035.3151,-290.43005,2322.2349,1669.1909,749.1987
IMG_5353 copy 9.JPG,745.04877,1221.1088,-295.61484,716.8756,1174.6208,-374.57074,721.8779,1167.2048,-374.54773,727.79767,1157.741,-374.4819,711.6641,1176.6952,-256.7909,712.23956,1171.8278,-256.88254,713.2569,1166.5789,-256.59744,777.3994,1099.0452,-547.8376,754.49286,1115.5438,4.1140423,800.8247,1214.1772,-345.06082,794.2741,1218.5779,-186.44803,1011.88635,1138.1423,-862.14325,980.8036,1115.6542,363.9505,1070.9421,1475.7378,-1045.2734,646.0788,1135.9385,557.5033,1079.4567,1833.1548,-987.01733,360.6424,1177.2249,261.47086,996.95386,1880.4928,-1135.9222,280.16055,1179.2319,178.4465,982.99976,1852.1978,-1051.0842,276.58783,1170.5618,97.335594,1010.5784,1837.7511,-953.0232,306.58466,1170.5204,206.35498,1678.1472,1198.5295,-417.93152,1633.8644,1290.946,416.35223,2146.044,1125.5676,-340.47424,1718.9845,1664.3394,200.52402,2614.6614,949.6779,58.8263,2184.0352,1542.7034,781.01447,2663.9941,905.1317,92.92969,2251.1924,1474.9749,822.38226,2854.6697,1035.3151,-290.43005,2322.2349,1669.1909,749.1987
IMG_5353 copy.JPG,745.04877,1221.1088,-295.61484,716.8756,1174.6208,-374.57074,721.8779,1167.2048,-374.54773,727.79767,1157.741,-374.4819,711.6641,1176.6952,-256.7909,712.23956,1171.8278,-256.88254,713.2569,1166.5789,-256.59744,777.3994,1099.0452,-547.8376,754.49286,1115.5438,4.1140423,800.8247,1214.1772,-345.06082,794.2741,1218.5779,-186.44803,1011.88635,1138.1423,-862.14325,980.8036,1115.6542,363.9505,1070.9421,1475.7378,-1045.2734,646.0788,1135.9385,557.5033,1079.4567,1833.1548,-987.01733,360.6424,1177.2249,261.47086,996.95386,1880.4928,-1135.9222,280.16055,1179.2319,178.4465,982.99976,1852.1978,-1051.0842,276.58783,1170.5618,97.335594,1010.5784,1837.7511,-953.0232,306.58466,1170.5204,206.35498,1678.1472,1198.5295,-417.93152,1633.8644,1290.946,416.35223,2146.044,1125.5676,-340.47424,1718.9845,1664.3394,200.52402,2614.6614,949.6779,58.8263,2184.0352,1542.7034,781.01447,2663.9941,905.1317,92.92969,2251.1924,1474.9749,822.38226,2854.6697,1035.3151,-290.43005,2322.2349,1669.1909,749.1987
IMG_5353.JPG,745.04877,1221.1088,-295.61484,716.8756,1174.6208,-374.57074,721.8779,1167.2048,-374.54773,727.79767,1157.741,-374.4819,711.6641,1176.6952,-256.7909,712.23956,1171.8278,-256.88254,713.2569,1166.5789,-256.59744,777.3994,1099.0452,-547.8376,754.49286,1115.5438,4.1140423,800.8247,1214.1772,-345.06082,794.2741,1218.5779,-186.44803,1011.88635,1138.1423,-862.14325,980.8036,1115.6542,363.9505,1070.9421,1475.7378,-1045.2734,646.0788,1135.9385,557.5033,1079.4567,1833.1548,-987.01733,360.6424,1177.2249,261.47086,996.95386,1880.4928,-1135.9222,280.16055,1179.2319,178.4465,982.99976,1852.1978,-1051.0842,276.58783,1170.5618,97.335594,1010.5784,1837.7511,-953.0232,306.58466,1170.5204,206.35498,1678.1472,1198.5295,-417.93152,1633.8644,1290.946,416.35223,2146.044,1125.5676,-340.47424,1718.9845,1664.3394,200.52402,2614.6614,949.6779,58.8263,2184.0352,1542.7034,781.01447,2663.9941,905.1317,92.92969,2251.1924,1474.9749,822.38226,2854.6697,1035.3151,-290.43005,2322.2349,1669.1909,749.1987
IMG_5982 copy 10.JPG,1029.3337,625.5053,-594.6373,1047.1166,568.55347,-676.09033,1055.016,565.6227,-676.068,1063.9773,562.31085,-675.9477,1041.9784,568.91785,-541.99896,1046.0369,566.5096,-541.9574,1050.9694,563.2364,-541.27716,1140.0957,556.5054,-831.05804,1111.5444,553.5992,-203.2527,1071.6182,659.0703,-637.7467,1060.589,657.1379,-458.69,1344.6333,743.8825,-1174.4661,1281.9812,677.7859,258.9724,1230.0321,1163.9612,-1350.1115,945.50836,720.97455,429.415,1194.8737,1537.5273,-1299.4731,696.2804,789.8036,208.52872,1113.3483,1583.078,-1513.4403,602.57367,781.3603,151.36693,1093.5865,1560.8483,-1397.848,597.1372,788.63617,45.93446,1131.2386,1550.0546,-1262.3351,636.2036,796.4796,149.4031,2032.0126,748.9699,-485.27917,1970.293,854.43994,484.09338,2552.8115,585.3594,-588.00555,2066.7734,1311.851,380.98932,3084.2644,247.35974,-361.20374,2524.448,1202.9121,1180.349,3118.0083,148.87227,-341.57117,2553.5857,1135.8242,1251.95,3357.25,377.9979,-857.06506,2802.604,1255.6683,1124.9712
IMG_5982 copy 11.JPG,1029.3337,625.5053,-594.6373,1047.1166,568.55347,-676.09033,1055.016,565.6227,-676.068,1063.9773,562.31085,-675.9477,1041.9784,568.91785,-541.99896,1046.0369,566.5096,-541.9574,1050.9694,563.2364,-541.27716,1140.0957,556.5054,-831.05804,1111.5444,553.5992,-203.2527,1071.6182,659.0703,-637.7467,1060.589,657.1379,-458.69,1344.6333,743.8825,-1174.4661,1281.9812,677.7859,258.9724,1230.0321,1163.9612,-1350.1115,945.50836,720.97455,429.415,1194.8737,1537.5273,-1299.4731,696.2804,789.8036,208.52872,1113.3483,1583.078,-1513.4403,602.57367,781.3603,151.36693,1093.5865,1560.8483,-1397.848,597.1372,788.63617,45.93446,1131.2386,1550.0546,-1262.3351,636.2036,796.4796,149.4031,2032.0126,748.9699,-485.27917,1970.293,854.43994,484.09338,2552.8115,585.3594,-588.00555,2066.7734,1311.851,380.98932,3084.2644,247.35974,-361.20374,2524.448,1202.9121,1180.349,3118.0083,148.87227,-341.57117,2553.5857,1135.8242,1251.95,3357.25,377.9979,-857.06506,2802.604,1255.6683,1124.9712
IMG_5982 copy 12.JPG,1029.3337,625.5053,-594.6373,1047.1166,568.55347,-676.09033,1055.016,565.6227,-676.068,1063.9773,562.31085,-675.9477,1041.9784,568.91785,-541.99896,1046.0369,566.5096,-541.9574,1050.9694,563.2364,-541.27716,1140.0957,556.5054,-831.05804,1111.5444,553.5992,-203.2527,1071.6182,659.0703,-637.7467,1060.589,657.1379,-458.69,1344.6333,743.8825,-1174.4661,1281.9812,677.7859,258.9724,1230.0321,1163.9612,-1350.1115,945.50836,720.97455,429.415,1194.8737,1537.5273,-1299.4731,696.2804,789.8036,208.52872,1113.3483,1583.078,-1513.4403,602.57367,781.3603,151.36693,1093.5865,1560.8483,-1397.848,597.1372,788.63617,45.93446,1131.2386,1550.0546,-1262.3351,636.2036,796.4796,149.4031,2032.0126,748.9699,-485.27917,1970.293,854.43994,484.09338,2552.8115,585.3594,-588.00555,2066.7734,1311.851,380.98932,3084.2644,247.35974,-361.20374,2524.448,1202.9121,1180.349,3118.0083,148.87227,-341.57117,2553.5857,1135.8242,1251.95,3357.25,377.9979,-857.06506,2802.604,1255.6683,1124.9712
IMG_5982 copy 13.JPG,1029.3337,625.5053,-594.6373,1047.1166,568.55347,-676.09033,1055.016,565.6227,-676.068,1063.9773,562.31085,-675.9477,1041.9784,568.91785,-541.99896,1046.0369,566.5096,-541.9574,1050.9694,563.2364,-541.27716,1140.0957,556.5054,-831.05804,1111.5444,553.5992,-203.2527,1071.6182,659.0703,-637.7467,1060.589,657.1379,-458.69,1344.6333,743.8825,-1174.4661,1281.9812,677.7859,258.9724,1230.0321,1163.9612,-1350.1115,945.50836,720.97455,429.415,1194.8737,1537.5273,-1299.4731,696.2804,789.8036,208.52872,1113.3483,1583.078,-1513.4403,602.57367,781.3603,151.36693,1093.5865,1560.8483,-1397.848,597.1372,788.63617,45.93446,1131.2386,1550.0546,-1262.3351,636.2036,796.4796,149.4031,2032.0126,748.9699,-485.27917,1970.293,854.43994,484.09338,2552.8115,585.3594,-588.00555,2066.7734,1311.851,380.98932,3084.2644,247.35974,-361.20374,2524.448,1202.9121,1180.349,3118.0083,148.87227,-341.57117,2553.5857,1135.8242,1251.95,3357.25,377.9979,-857.06506,2802.604,1255.6683,1124.9712
IMG_5982 copy 14.JPG,1029.3337,625.5053,-594.6373,1047.1166,568.55347,-676.09033,1055.016,565.6227,-676.068,1063.9773,562.31085,-675.9477,1041.9784,568.91785,-541.99896,1046.0369,566.5096,-541.9574,1050.9694,563.2364,-541.27716,1140.0957,556.5054,-831.05804,1111.5444,553.5992,-203.2527,1071.6182,659.0703,-637.7467,1060.589,657.1379,-458.69,1344.6333,743.8825,-1174.4661,1281.9812,677.7859,258.9724,1230.0321,1163.9612,-1350.1115,945.50836,720.97455,429.415,1194.8737,1537.5273,-1299.4731,696.2804,789.8036,208.52872,1113.3483,1583.078,-1513.4403,602.57367,781.3603,151.36693,1093.5865,1560.8483,-1397.848,597.1372,788.63617,45.93446,1131.2386,1550.0546,-1262.3351,636.2036,796.4796,149.4031,2032.0126,748.9699,-485.27917,1970.293,854.43994,484.09338,2552.8115,585.3594,-588.00555,2066.7734,1311.851,380.98932,3084.2644,247.35974,-361.20374,2524.448,1202.9121,1180.349,3118.0083,148.87227,-341.57117,2553.5857,1135.8242,1251.95,3357.25,377.9979,-857.06506,2802.604,1255.6683,1124.9712
IMG_5982 copy 15.JPG,1029.3337,625.5053,-594.6373,1047.1166,568.55347,-676.09033,1055.016,565.6227,-676.068,1063.9773,562.31085,-675.9477,1041.9784,568.91785,-541.99896,1046.0369,566.5096,-541.9574,1050.9694,563.2364,-541.27716,1140.0957,556.5054,-831.05804,1111.5444,553.5992,-203.2527,1071.6182,659.0703,-637.7467,1060.589,657.1379,-458.69,1344.6333,743.8825,-1174.4661,1281.9812,677.7859,258.9724,1230.0321,1163.9612,-1350.1115,945.50836,720.97455,429.415,1194.8737,1537.5273,-1299.4731,696.2804,789.8036,208.52872,1113.3483,1583.078,-1513.4403,602.57367,781.3603,151.36693,1093.5865,1560.8483,-1397.848,597.1372,788.63617,45.93446,1131.2386,1550.0546,-1262.3351,636.2036,796.4796,149.4031,2032.0126,748.9699,-485.27917,1970.293,854.43994,484.09338,2552.8115,585.3594,-588.00555,2066.7734,1311.851,380.98932,3084.2644,247.35974,-361.20374,2524.448,1202.9121,1180.349,3118.0083,148.87227,-341.57117,2553.5857,1135.8242,1251.95,3357.25,377.9979,-857.06506,2802.604,1255.6683,1124.9712
IMG_5982 copy 16.JPG,1029.3337,625.5053,-594.6373,1047.1166,568.55347,-676.09033,1055.016,565.6227,-676.068,1063.9773,562.31085,-675.9477,1041.9784,568.91785,-541.99896,1046.0369,566.5096,-541.9574,1050.9694,563.2364,-541.27716,1140.0957,556.5054,-831.05804,1111.5444,553.5992,-203.2527,1071.6182,659.0703,-637.7467,1060.589,657.1379,-458.69,1344.6333,743.8825,-1174.4661,1281.9812,677.7859,258.9724,1230.0321,1163.9612,-1350.1115,945.50836,720.97455,429.415,1194.8737,1537.5273,-1299.4731,696.2804,789.8036,208.52872,1113.3483,1583.078,-1513.4403,602.57367,781.3603,151.36693,1093.5865,1560.8483,-1397.848,597.1372,788.63617,45.93446,1131.2386,1550.0546,-1262.3351,636.2036,796.4796,149.4031,2032.0126,748.9699,-485.27917,1970.293,854.43994,484.09338,2552.8115,585.3594,-588.00555,2066.7734,1311.851,380.98932,3084.2644,247.35974,-361.20374,2524.448,1202.9121,1180.349,3118.0083,148.87227,-341.57117,2553.5857,1135.8242,1251.95,3357.25,377.9979,-857.06506,2802.604,1255.6683,1124.9712
IMG_5982 copy 17.JPG,1029.3337,625.5053,-594.6373,1047.1166,568.55347,-676.09033,1055.016,565.6227,-676.068,1063.9773,562.31085,-675.9477,1041.9784,568.91785,-541.99896,1046.0369,566.5096,-541.9574,1050.9694,563.2364,-541.27716,1140.0957,556.5054,-831.05804,1111.5444,553.5992,-203.2527,1071.6182,659.0703,-637.7467,1060.589,657.1379,-458.69,1344.6333,743.8825,-1174.4661,1281.9812,677.7859,258.9724,1230.0321,1163.9612,-1350.1115,945.50836,720.97455,429.415,1194.8737,1537.5273,-1299.4731,696.2804,789.8036,208.52872,1113.3483,1583.078,-1513.4403,602.57367,781.3603,151.36693,1093.5865,1560.8483,-1397.848,597.1372,788.63617,45.93446,1131.2386,1550.0546,-1262.3351,636.2036,796.4796,149.4031,2032.0126,748.9699,-485.27917,1970.293,854.43994,484.09338,2552.8115,585.3594,-588.00555,2066.7734,1311.851,380.98932,3084.2644,247.35974,-361.20374,2524.448,1202.9121,1180.349,3118.0083,148.87227,-341.57117,2553.5857,1135.8242,1251.95,3357.25,377.9979,-857.06506,2802.604,1255.6683,1124.9712
IMG_5982 copy 18.JPG,1029.3337,625.5053,-594.6373,1047.1166,568.55347,-676.09033,1055.016,565.6227,-676.068,1063.9773,562.31085,-675.9477,1041.9784,568.91785,-541.99896,1046.0369,566.5096,-541.9574,1050.9694,563.2364,-541.27716,1140.0957,556.5054,-831.05804,1111.5444,553.5992,-203.2527,1071.6182,659.0703,-637.7467,1060.589,657.1379,-458.69,1344.6333,743.8825,-1174.4661,1281.9812,677.7859,258.9724,1230.0321,1163.9612,-1350.1115,945.50836,720.97455,429.415,1194.8737,1537.5273,-1299.4731,696.2804,789.8036,208.52872,1113.3483,1583.078,-1513.4403,602.57367,781.3603,151.36693,1093.5865,1560.8483,-1397.848,597.1372,788.63617,45.93446,1131.2386,1550.0546,-1262.3351,636.2036,796.4796,149.4031,2032.0126,748.9699,-485.27917,1970.293,854.43994,484.09338,2552.8115,585.3594,-588.00555,2066.7734,1311.851,380.98932,3084.2644,247.35974,-361.20374,2524.448,1202.9121,1180.349,3118.0083,148.87227,-341.57117,2553.5857,1135.8242,1251.95,3357.25,377.9979,-857.06506,2802.604,1255.6683,1124.9712
IMG_5982 copy 19.JPG,1029.3337,625.5053,-594.6373,1047.1166,568.55347,-676.09033,1055.016,565.6227,-676.068,1063.9773,562.31085,-675.9477,1041.9784,568.91785,-541.99896,1046.0369,566.5096,-541.9574,1050.9694,563.2364,-541.27716,1140.0957,556.5054,-831.05804,1111.5444,553.5992,-203.2527,1071.6182,659.0703,-637.7467,1060.589,657.1379,-458.69,1344.6333,743.8825,-1174.4661,1281.9812,677.7859,258.9724,1230.0321,1163.9612,-1350.1115,945.50836,720.97455,429.415,1194.8737,1537.5273,-1299.4731,696.2804,789.8036,208.52872,1113.3483,1583.078,-1513.4403,602.57367,781.3603,151.36693,1093.5865,1560.8483,-1397.848,597.1372,788.63617,45.93446,1131.2386,1550.0546,-1262.3351,636.2036,796.4796,149.4031,2032.0126,748.9699,-485.27917,1970.293,854.43994,484.09338,2552.8115,585.3594,-588.00555,2066.7734,1311.851,380.98932,3084.2644,247.35974,-361.20374,2524.448,1202.9121,1180.349,3118.0083,148.87227,-341.57117,2553.5857,1135.8242,1251.95,3357.25,377.9979,-857.06506,2802.604,1255.6683,1124.9712
IMG_5982 copy 2.JPG,1029.3337,625.5053,-594.6373,1047.1166,568.55347,-676.09033,1055.016,565.6227,-676.068,1063.9773,562.31085,-675.9477,1041.9784,568.91785,-541.99896,1046.0369,566.5096,-541.9574,1050.9694,563.2364,-541.27716,1140.0957,556.5054,-831.05804,1111.5444,553.5992,-203.2527,1071.6182,659.0703,-637.7467,1060.589,657.1379,-458.69,1344.6333,743.8825,-1174.4661,1281.9812,677.7859,258.9724,1230.0321,1163.9612,-1350.1115,945.50836,720.97455,429.415,1194.8737,1537.5273,-1299.4731,696.2804,789.8036,208.52872,1113.3483,1583.078,-1513.4403,602.57367,781.3603,151.36693,1093.5865,1560.8483,-1397.848,597.1372,788.63617,45.93446,1131.2386,1550.0546,-1262.3351,636.2036,796.4796,149.4031,2032.0126,748.9699,-485.27917,1970.293,854.43994,484.09338,2552.8115,585.3594,-588.00555,2066.7734,1311.851,380.98932,3084.2644,247.35974,-361.20374,2524.448,1202.9121,1180.349,3118.0083,148.87227,-341.57117,2553.5857,1135.8242,1251.95,3357.25,377.9979,-857.06506,2802.604,1255.6683,1124.9712
IMG_5982 copy 3.JPG,1029.3337,625.5053,-594.6373,1047.1166,568.55347,-676.09033,1055.016,565.6227,-676.068,1063.9773,562.31085,-675.9477,1041.9784,568.91785,-541.99896,1046.0369,566.5096,-541.9574,1050.9694,563.2364,-541.27716,1140.0957,556.5054,-831.05804,1111.5444,553.5992,-203.2527,1071.6182,659.0703,-637.7467,1060.589,657.1379,-458.69,1344.6333,743.8825,-1174.4661,1281.9812,677.7859,258.9724,1230.0321,1163.9612,-1350.1115,945.50836,720.97455,429.415,1194.8737,1537.5273,-1299.4731,696.2804,789.8036,208.52872,1113.3483,1583.078,-1513.4403,602.57367,781.3603,151.36693,1093.5865,1560.8483,-1397.848,597.1372,788.63617,45.93446,1131.2386,1550.0546,-1262.3351,636.2036,796.4796,149.4031,2032.0126,748.9699,-485.27917,1970.293,854.43994,484.09338,2552.8115,585.3594,-588.00555,2066.7734,1311.851,380.98932,3084.2644,247.35974,-361.20374,2524.448,1202.9121,1180.349,3118.0083,148.87227,-341.57117,2553.5857,1135.8242,1251.95,3357.25,377.9979,-857.06506,2802.604,1255.6683,1124.9712
IMG_5982 copy 4.JPG,1029.3337,625.5053,-594.6373,1047.1166,568.55347,-676.09033,1055.016,565.6227,-676.068,1063.9773,562.31085,-675.9477,1041.9784,568.91785,-541.99896,1046.0369,566.5096,-541.9574,1050.9694,563.2364,-541.27716,1140.0957,556.5054,-831.05804,1111.5444,553.5992,-203.2527,1071.6182,659.0703,-637.7467,1060.589,657.1379,-458.69,1344.6333,743.8825,-1174.4661,1281.9812,677.7859,258.9724,1230.0321,1163.9612,-1350.1115,945.50836,720.97455,429.415,1194.8737,1537.5273,-1299.4731,696.2804,789.8036,208.52872,1113.3483,1583.078,-1513.4403,602.57367,781.3603,151.36693,1093.5865,1560.8483,-1397.848,597.1372,788.63617,45.93446,1131.2386,1550.0546,-1262.3351,636.2036,796.4796,149.4031,2032.0126,748.9699,-485.27917,1970.293,854.43994,484.09338,2552.8115,585.3594,-588.00555,2066.7734,1311.851,380.98932,3084.2644,247.35974,-361.20374,2524.448,1202.9121,1180.349,3118.0083,148.87227,-341.57117,2553.5857,1135.8242,1251.95,3357.25,377.9979,-857.06506,2802.604,1255.6683,1124.9712
IMG_5982 copy 5.JPG,1029.3337,625.5053,-594.6373,1047.1166,568.55347,-676.09033,1055.016,565.6227,-676.068,1063.9773,562.31085,-675.9477,1041.9784,568.91785,-541.99896,1046.0369,566.5096,-541.9574,1050.9694,563.2364,-541.27716,1140.0957,556.5054,-831.05804,1111.5444,553.5992,-203.2527,1071.6182,659.0703,-637.7467,1060.589,657.1379,-458.69,1344.6333,743.8825,-1174.4661,1281.9812,677.7859,258.9724,1230.0321,1163.9612,-1350.1115,945.50836,720.97455,429.415,1194.8737,1537.5273,-1299.4731,696.2804,789.8036,208.52872,1113.3483,1583.078,-1513.4403,602.57367,781.3603,151.36693,1093.5865,1560.8483,-1397.848,597.1372,788.63617,45.93446,1131.2386,1550.0546,-1262.3351,636.2036,796.4796,149.4031,2032.0126,748.9699,-485.27917,1970.293,854.43994,484.09338,2552.8115,585.3594,-588.00555,2066.7734,1311.851,380.98932,3084.2644,247.35974,-361.20374,2524.448,1202.9121,1180.349,3118.0083,148.87227,-341.57117,2553.5857,1135.8242,1251.95,3357.25,377.9979,-857.06506,2802.604,1255.6683,1124.9712
IMG_5982 copy 6.JPG,1029.3337,625.5053,-594.6373,1047.1166,568.55347,-676.09033,1055.016,565.6227,-676.068,1063.9773,562.31085,-675.9477,1041.9784,568.91785,-541.99896,1046.0369,566.5096,-541.9574,1050.9694,563.2364,-541.27716,1140.0957,556.5054,-831.05804,1111.5444,553.5992,-203.2527,1071.6182,659.0703,-637.7467,1060.589,657.1379,-458.69,1344.6333,743.8825,-1174.4661,1281.9812,677.7859,258.9724,1230.0321,1163.9612,-1350.1115,945.50836,720.97455,429.415,1194.8737,1537.5273,-1299.4731,696.2804,789.8036,208.52872,1113.3483,1583.078,-1513.4403,602.57367,781.3603,151.36693,1093.5865,1560.8483,-1397.848,597.1372,788.63617,45.93446,1131.2386,1550.0546,-1262.3351,636.2036,796.4796,149.4031,2032.0126,748.9699,-485.27917,1970.293,854.43994,484.09338,2552.8115,585.3594,-588.00555,2066.7734,1311.851,380.98932,3084.2644,247.35974,-361.20374,2524.448,1202.9121,1180.349,3118.0083,148.87227,-341.57117,2553.5857,1135.8242,1251.95,3357.25,377.9979,-857.06506,2802.604,1255.6683,1124.9712
IMG_5982 copy 7.JPG,1029.3337,625.5053,-594.6373,1047.1166,568.55347,-676.09033,1055.016,565.6227,-676.068,1063.9773,562.31085,-675.9477,1041.9784,568.91785,-541.99896,1046.0369,566.5096,-541.9574,1050.9694,563.2364,-541.27716,1140.0957,556.5054,-831.05804,1111.5444,553.5992,-203.2527,1071.6182,659.0703,-637.7467,1060.589,657.1379,-458.69,1344.6333,743.8825,-1174.4661,1281.9812,677.7859,258.9724,1230.0321,1163.9612,-1350.1115,945.50836,720.97455,429.415,1194.8737,1537.5273,-1299.4731,696.2804,789.8036,208.52872,1113.3483,1583.078,-1513.4403,602.57367,781.3603,151.36693,1093.5865,1560.8483,-1397.848,597.1372,788.63617,45.93446,1131.2386,1550.0546,-1262.3351,636.2036,796.4796,149.4031,2032.0126,748.9699,-485.27917,1970.293,854.43994,484.09338,2552.8115,585.3594,-588.00555,2066.7734,1311.851,380.98932,3084.2644,247.35974,-361.20374,2524.448,1202.9121,1180.349,3118.0083,148.87227,-341.57117,2553.5857,1135.8242,1251.95,3357.25,377.9979,-857.06506,2802.604,1255.6683,1124.9712
IMG_5982 copy 8.JPG,1029.3337,625.5053,-594.6373,1047.1166,568.55347,-676.09033,1055.016,565.6227,-676.068,1063.9773,562.31085,-675.9477,1041.9784,568.91785,-541.99896,1046.0369,566.5096,-541.9574,1050.9694,563.2364,-541.27716,1140.0957,556.5054,-831.05804,1111.5444,553.5992,-203.2527,1071.6182,659.0703,-637.7467,1060.589,657.1379,-458.69,1344.6333,743.8825,-1174.4661,1281.9812,677.7859,258.9724,1230.0321,1163.9612,-1350.1115,945.50836,720.97455,429.415,1194.8737,1537.5273,-1299.4731,696.2804,789.8036,208.52872,1113.3483,1583.078,-1513.4403,602.57367,781.3603,151.36693,1093.5865,1560.8483,-1397.848,597.1372,788.63617,45.93446,1131.2386,1550.0546,-1262.3351,636.2036,796.4796,149.4031,2032.0126,748.9699,-485.27917,1970.293,854.43994,484.09338,2552.8115,585.3594,-588.00555,2066.7734,1311.851,380.98932,3084.2644,247.35974,-361.20374,2524.448,1202.9121,1180.349,3118.0083,148.87227,-341.57117,2553.5857,1135.8242,1251.95,3357.25,377.9979,-857.06506,2802.604,1255.6683,1124.9712
IMG_5982 copy 9.JPG,1029.3337,625.5053,-594.6373,1047.1166,568.55347,-676.09033,1055.016,565.6227,-676.068,1063.9773,562.31085,-675.9477,1041.9784,568.91785,-541.99896,1046.0369,566.5096,-541.9574,1050.9694,563.2364,-541.27716,1140.0957,556.5054,-831.05804,1111.5444,553.5992,-203.2527,1071.6182,659.0703,-637.7467,1060.589,657.1379,-458.69,1344.6333,743.8825,-1174.4661,1281.9812,677.7859,258.9724,1230.0321,1163.9612,-1350.1115,945.50836,720.97455,429.415,1194.8737,1537.5273,-1299.4731,696.2804,789.8036,208.52872,1113.3483,1583.078,-1513.4403,602.57367,781.3603,151.36693,1093.5865,1560.8483,-1397.848,597.1372,788.63617,45.93446,1131.2386,1550.0546,-1262.3351,636.2036,796.4796,149.4031,2032.0126,748.9699,-485.27917,1970.293,854.43994,484.09338,2552.8115,585.3594,-588.00555,2066.7734,1311.851,380.98932,3084.2644,247.35974,-361.20374,2524.448,1202.9121,1180.349,3118.0083,148.87227,-341.57117,2553.5857,1135.8242,1251.95,3357.25,377.9979,-857.06506,2802.604,1255.6683,1124.9712
IMG_5982 copy.JPG,1029.3337,625.5053,-594.6373,1047.1166,568.55347,-676.09033,1055.016,565.6227,-676.068,1063.9773,562.31085,-675.9477,1041.9784,568.91785,-541.99896,1046.0369,566.5096,-541.9574,1050.9694,563.2364,-541.27716,1140.0957,556.5054,-831.05804,1111.5444,553.5992,-203.2527,1071.6182,659.0703,-637.7467,1060.589,657.1379,-458.69,1344.6333,743.8825,-1174.4661,1281.9812,677.7859,258.9724,1230.0321,1163.9612,-1350.1115,945.50836,720.97455,429.415,1194.8737,1537.5273,-1299.4731,696.2804,789.8036,208.52872,1113.3483,1583.078,-1513.4403,602.57367,781.3603,151.36693,1093.5865,1560.8483,-1397.848,597.1372,788.63617,45.93446,1131.2386,1550.0546,-1262.3351,636.2036,796.4796,149.4031,2032.0126,748.9699,-485.27917,1970.293,854.43994,484.09338,2552.8115,585.3594,-588.00555,2066.7734,1311.851,380.98932,3084.2644,247.35974,-361.20374,2524.448,1202.9121,1180.349,3118.0083,148.87227,-341.57117,2553.5857,1135.8242,1251.95,3357.25,377.9979,-857.06506,2802.604,1255.6683,1124.9712
IMG_5982.JPG,1029.3337,625.5053,-594.6373,1047.1166,568.55347,-676.09033,1055.016,565.6227,-676.068,1063.9773,562.31085,-675.9477,1041.9784,568.91785,-541.99896,1046.0369,566.5096,-541.9574,1050.9694,563.2364,-541.27716,1140.0957,556.5054,-831.05804,1111.5444,553.5992,-203.2527,1071.6182,659.0703,-637.7467,1060.589,657.1379,-458.69,1344.6333,743.8825,-1174.4661,1281.9812,677.7859,258.9724,1230.0321,1163.9612,-1350.1115,945.50836,720.97455,429.415,1194.8737,1537.5273,-1299.4731,696.2804,789.8036,208.52872,1113.3483,1583.078,-1513.4403,602.57367,781.3603,151.36693,1093.5865,1560.8483,-1397.848,597.1372,788.63617,45.93446,1131.2386,1550.0546,-1262.3351,636.2036,796.4796,149.4031,2032.0126,748.9699,-485.27917,1970.293,854.43994,484.09338,2552.8115,585.3594,-588.00555,2066.7734,1311.851,380.98932,3084.2644,247.35974,-361.20374,2524.448,1202.9121,1180.349,3118.0083,148.87227,-341.57117,2553.5857,1135.8242,1251.95,3357.25,377.9979,-857.06506,2802.604,1255.6683,1124.9712
IMG_5983.JPG,395.9862,394.64877,-152.53983,405.4795,344.3834,-262.69632,411.51263,341.39963,-262.84106,417.78854,338.68204,-262.66733,406.57208,343.67453,-114.16602,413.13614,340.88562,-113.927284,420.19754,338.06598,-113.32393,486.65005,326.6895,-543.2237,488.16727,318.64078,146.67976,438.1264,418.7777,-239.38727,440.62637,418.7753,-42.274178,655.714,530.1567,-992.99493,690.8234,450.67114,599.36835,560.5008,950.8394,-1272.0593,419.50226,437.8009,871.6839,507.9542,1419.5901,-1181.9558,129.90305,545.8588,790.6195,408.4165,1460.5665,-1379.846,53.8086,524.52765,770.8985,391.00378,1434.3807,-1248.9419,38.037624,529.8781,660.03564,438.38132,1424.6831,-1132.2717,74.4827,548.99725,733.2965,1487.8456,590.1625,-522.94586,1457.2385,701.4037,521.95605,2096.9473,503.6833,-938.3451,1587.9038,1201.2423,221.9835,2725.199,183.73923,-965.0478,2134.1655,1141.4243,791.33606,2782.734,74.5409,-964.8679,2182.4253,1054.9463,833.5324,3054.8435,316.03104,-1490.1239,2411.1958,1275.0526,674.5793
IMG_5984.JPG,683.77936,296.05328,963.96155,686.4388,242.36351,885.14526,687.8192,241.53766,884.8722,689.13666,240.57422,884.95807,697.45526,239.25919,979.91486,705.88983,236.0715,980.048,714.7712,232.59224,980.12305,725.75494,245.51259,638.9926,763.3738,230.89345,1070.6571,707.84265,329.42578,882.51465,721.2539,323.11215,1005.3018,745.55096,432.25894,162.73929,933.1493,348.10968,1328.1366,692.4141,824.9558,99.33657,1098.2257,414.32352,1738.9216,657.2707,1244.3679,353.2957,1009.1284,456.42755,2173.149,571.3697,1245.9679,307.96967,991.8186,397.31567,2271.0305,566.09033,1227.7693,383.6901,945.8538,414.9677,2221.7979,595.7078,1227.648,395.91815,947.85645,446.98193,2163.1511,1529.938,543.5477,-367.8253,1586.6521,632.1198,366.10226,2206.5603,420.11084,-990.83105,1671.0574,1190.0121,226.5291,2897.231,67.09484,-1394.3424,2214.3542,1250.4607,269.58566,2968.3933,53.23189,-1411.9878,2282.3086,1128.9753,268.5341,3185.1033,60.771008,-1665.1437,2444.9214,1430.6068,241.91104
IMG_5986.JPG,580.04614,523.1354,262.09332,580.01044,474.2453,186.39948,583.27893,470.5128,186.09122,586.68506,466.1175,186.18527,581.6771,476.2588,287.7596,586.2961,474.13666,287.95996,591.3543,471.37372,288.17242,628.46625,458.60608,6.2404,637.0987,460.86398,463.20023,608.4326,543.6182,206.95647,611.14954,545.70654,338.5515,712.9648,582.156,-352.12552,851.61426,523.5341,828.3422,716.14166,924.655,-518.1638,967.2874,618.4679,1173.522,709.9116,1221.9797,-340.9676,961.0075,783.0978,1338.7229,640.42346,1236.7965,-424.31558,948.51587,786.6116,1413.3882,633.78516,1225.6145,-342.8799,935.7673,797.9941,1320.4635,664.79755,1223.7219,-300.5787,940.91473,799.3424,1304.7156,1301.0286,686.35474,-361.55722,1323.7793,778.2723,360.99762,1687.4133,797.64166,-1021.0988,1427.4999,1173.8132,416.38293,2197.2866,708.43274,-1372.5214,1798.0563,1012.2104,756.98065,2274.9067,639.35754,-1403.8013,1867.0782,963.81305,791.6941,2392.6074,876.5726,-1729.0724,1854.4849,1234.5443,799.07153
IMG_5987.JPG,819.42633,453.27917,1332.4448,813.7532,403.81076,1332.7296,811.9421,402.79245,1332.3047,810.48145,402.67706,1332.498,826.8301,401.37183,1399.8484,834.45435,398.8248,1399.9604,842.91656,397.0327,1399.6792,843.4291,405.4194,1265.5046,893.1392,389.80045,1568.1136,845.13477,485.97202,1290.4569,860.63464,480.96768,1377.4065,870.9243,596.0178,662.0479,1120.7817,501.49432,1662.914,899.5344,971.34814,382.86465,1340.406,680.6053,1587.2217,916.3769,1295.9185,336.9689,1492.7661,928.82367,1439.0092,870.6222,1321.2523,265.60455,1541.4646,976.332,1453.3164,869.73413,1302.6328,337.56662,1525.5245,998.64124,1376.7709,898.6718,1295.5093,375.1385,1507.7097,972.40924,1405.6986,1502.3812,740.8467,-304.39685,1624.803,807.1378,303.1605,1889.6362,926.80255,-1921.5061,1728.1288,1307.0555,-59.508488,2622.175,875.11707,-3046.8982,2128.6323,1192.5897,-275.05756,2739.8484,801.16095,-3156.5703,2221.194,1111.628,-314.21558,2851.4712,1103.4033,-3586.6394,2237.8308,1420.9415,-383.0914
IMG_5993 copy 2.JPG,2325.0647,553.6568,-499.76416,2313.5737,514.31116,-445.7373,2309.507,512.8973,-445.58215,2305.1482,511.84518,-445.4578,2309.5862,513.02655,-562.22656,2303.244,510.32263,-562.0701,2296.3684,507.5872,-561.90027,2246.708,502.74216,-174.39345,2241.3447,498.3855,-689.5712,2299.2898,580.68616,-383.6695,2296.6611,575.28534,-533.5113,2130.726,608.6946,226.5434,2165.5989,601.26337,-967.3645,2157.2856,881.6114,373.42422,2419.2024,662.2924,-1329.2438,2175.2275,1150.4133,95.6801,2667.0293,685.38983,-1357.8673,2240.3345,1177.5786,94.11401,2753.6292,704.47076,-1533.7358,2245.2231,1180.4963,-47.019886,2763.0652,701.37994,-1441.7096,2217.1,1174.2312,27.038347,2734.219,697.31104,-1333.0862,1619.1501,643.0997,358.30423,1599.12,695.30304,-359.22705,1356.2515,558.8536,995.3696,1510.2645,1015.8303,-121.173294,1137.4569,454.90768,1592.9221,1213.4489,914.7112,495.93445,1102.4489,415.70178,1661.9332,1174.4983,867.0925,568.2894,1059.787,444.5139,1657.5734,1125.7019,921.35956,542.1177
IMG_5993 copy 3.JPG,2325.0647,553.6568,-499.76416,2313.5737,514.31116,-445.7373,2309.507,512.8973,-445.58215,2305.1482,511.84518,-445.4578,2309.5862,513.02655,-562.22656,2303.244,510.32263,-562.0701,2296.3684,507.5872,-561.90027,2246.708,502.74216,-174.39345,2241.3447,498.3855,-689.5712,2299.2898,580.68616,-383.6695,2296.6611,575.28534,-533.5113,2130.726,608.6946,226.5434,2165.5989,601.26337,-967.3645,2157.2856,881.6114,373.42422,2419.2024,662.2924,-1329.2438,2175.2275,1150.4133,95.6801,2667.0293,685.38983,-1357.8673,2240.3345,1177.5786,94.11401,2753.6292,704.47076,-1533.7358,2245.2231,1180.4963,-47.019886,2763.0652,701.37994,-1441.7096,2217.1,1174.2312,27.038347,2734.219,697.31104,-1333.0862,1619.1501,643.0997,358.30423,1599.12,695.30304,-359.22705,1356.2515,558.8536,995.3696,1510.2645,1015.8303,-121.173294,1137.4569,454.90768,1592.9221,1213.4489,914.7112,495.93445,1102.4489,415.70178,1661.9332,1174.4983,867.0925,568.2894,1059.787,444.5139,1657.5734,1125.7019,921.35956,542.1177
IMG_5993 copy 4.JPG,2325.0647,553.6568,-499.76416,2313.5737,514.31116,-445.7373,2309.507,512.8973,-445.58215,2305.1482,511.84518,-445.4578,2309.5862,513.02655,-562.22656,2303.244,510.32263,-562.0701,2296.3684,507.5872,-561.90027,2246.708,502.74216,-174.39345,2241.3447,498.3855,-689.5712,2299.2898,580.68616,-383.6695,2296.6611,575.28534,-533.5113,2130.726,608.6946,226.5434,2165.5989,601.26337,-967.3645,2157.2856,881.6114,373.42422,2419.2024,662.2924,-1329.2438,2175.2275,1150.4133,95.6801,2667.0293,685.38983,-1357.8673,2240.3345,1177.5786,94.11401,2753.6292,704.47076,-1533.7358,2245.2231,1180.4963,-47.019886,2763.0652,701.37994,-1441.7096,2217.1,1174.2312,27.038347,2734.219,697.31104,-1333.0862,1619.1501,643.0997,358.30423,1599.12,695.30304,-359.22705,1356.2515,558.8536,995.3696,1510.2645,1015.8303,-121.173294,1137.4569,454.90768,1592.9221,1213.4489,914.7112,495.93445,1102.4489,415.70178,1661.9332,1174.4983,867.0925,568.2894,1059.787,444.5139,1657.5734,1125.7019,921.35956,542.1177
IMG_5993 copy 5.JPG,2325.0647,553.6568,-499.76416,2313.5737,514.31116,-445.7373,2309.507,512.8973,-445.58215,2305.1482,511.84518,-445.4578,2309.5862,513.02655,-562.22656,2303.244,510.32263,-562.0701,2296.3684,507.5872,-561.90027,2246.708,502.74216,-174.39345,2241.3447,498.3855,-689.5712,2299.2898,580.68616,-383.6695,2296.6611,575.28534,-533.5113,2130.726,608.6946,226.5434,2165.5989,601.26337,-967.3645,2157.2856,881.6114,373.42422,2419.2024,662.2924,-1329.2438,2175.2275,1150.4133,95.6801,2667.0293,685.38983,-1357.8673,2240.3345,1177.5786,94.11401,2753.6292,704.47076,-1533.7358,2245.2231,1180.4963,-47.019886,2763.0652,701.37994,-1441.7096,2217.1,1174.2312,27.038347,2734.219,697.31104,-1333.0862,1619.1501,643.0997,358.30423,1599.12,695.30304,-359.22705,1356.2515,558.8536,995.3696,1510.2645,1015.8303,-121.173294,1137.4569,454.90768,1592.9221,1213.4489,914.7112,495.93445,1102.4489,415.70178,1661.9332,1174.4983,867.0925,568.2894,1059.787,444.5139,1657.5734,1125.7019,921.35956,542.1177
IMG_5993 copy 6.JPG,2325.0647,553.6568,-499.76416,2313.5737,514.31116,-445.7373,2309.507,512.8973,-445.58215,2305.1482,511.84518,-445.4578,2309.5862,513.02655,-562.22656,2303.244,510.32263,-562.0701,2296.3684,507.5872,-561.90027,2246.708,502.74216,-174.39345,2241.3447,498.3855,-689.5712,2299.2898,580.68616,-383.6695,2296.6611,575.28534,-533.5113,2130.726,608.6946,226.5434,2165.5989,601.26337,-967.3645,2157.2856,881.6114,373.42422,2419.2024,662.2924,-1329.2438,2175.2275,1150.4133,95.6801,2667.0293,685.38983,-1357.8673,2240.3345,1177.5786,94.11401,2753.6292,704.47076,-1533.7358,2245.2231,1180.4963,-47.019886,2763.0652,701.37994,-1441.7096,2217.1,1174.2312,27.038347,2734.219,697.31104,-1333.0862,1619.1501,643.0997,358.30423,1599.12,695.30304,-359.22705,1356.2515,558.8536,995.3696,1510.2645,1015.8303,-121.173294,1137.4569,454.90768,1592.9221,1213.4489,914.7112,495.93445,1102.4489,415.70178,1661.9332,1174.4983,867.0925,568.2894,1059.787,444.5139,1657.5734,1125.7019,921.35956,542.1177
IMG_5993 copy 7.JPG,2325.0647,553.6568,-499.76416,2313.5737,514.31116,-445.7373,2309.507,512.8973,-445.58215,2305.1482,511.84518,-445.4578,2309.5862,513.02655,-562.22656,2303.244,510.32263,-562.0701,2296.3684,507.5872,-561.90027,2246.708,502.74216,-174.39345,2241.3447,498.3855,-689.5712,2299.2898,580.68616,-383.6695,2296.6611,575.28534,-533.5113,2130.726,608.6946,226.5434,2165.5989,601.26337,-967.3645,2157.2856,881.6114,373.42422,2419.2024,662.2924,-1329.2438,2175.2275,1150.4133,95.6801,2667.0293,685.38983,-1357.8673,2240.3345,1177.5786,94.11401,2753.6292,704.47076,-1533.7358,2245.2231,1180.4963,-47.019886,2763.0652,701.37994,-1441.7096,2217.1,1174.2312,27.038347,2734.219,697.31104,-1333.0862,1619.1501,643.0997,358.30423,1599.12,695.30304,-359.22705,1356.2515,558.8536,995.3696,1510.2645,1015.8303,-121.173294,1137.4569,454.90768,1592.9221,1213.4489,914.7112,495.93445,1102.4489,415.70178,1661.9332,1174.4983,867.0925,568.2894,1059.787,444.5139,1657.5734,1125.7019,921.35956,542.1177
IMG_5993 copy.JPG,2325.0647,553.6568,-499.76416,2313.5737,514.31116,-445.7373,2309.507,512.8973,-445.58215,2305.1482,511.84518,-445.4578,2309.5862,513.02655,-562.22656,2303.244,510.32263,-562.0701,2296.3684,507.5872,-561.90027,2246.708,502.74216,-174.39345,2241.3447,498.3855,-689.5712,2299.2898,580.68616,-383.6695,2296.6611,575.28534,-533.5113,2130.726,608.6946,226.5434,2165.5989,601.26337,-967.3645,2157.2856,881.6114,373.42422,2419.2024,662.2924,-1329.2438,2175.2275,1150.4133,95.6801,2667.0293,685.38983,-1357.8673,2240.3345,1177.5786,94.11401,2753.6292,704.47076,-1533.7358,2245.2231,1180.4963,-47.019886,2763.0652,701.37994,-1441.7096,2217.1,1174.2312,27.038347,2734.219,697.31104,-1333.0862,1619.1501,643.0997,358.30423,1599.12,695.30304,-359.22705,1356.2515,558.8536,995.3696,1510.2645,1015.8303,-121.173294,1137.4569,454.90768,1592.9221,1213.4489,914.7112,495.93445,1102.4489,415.70178,1661.9332,1174.4983,867.0925,568.2894,1059.787,444.5139,1657.5734,1125.7019,921.35956,542.1177
IMG_5993.JPG,2325.0647,553.6568,-499.76416,2313.5737,514.31116,-445.7373,2309.507,512.8973,-445.58215,2305.1482,511.84518,-445.4578,2309.5862,513.02655,-562.22656,2303.244,510.32263,-562.0701,2296.3684,507.5872,-561.90027,2246.708,502.74216,-174.39345,2241.3447,498.3855,-689.5712,2299.2898,580.68616,-383.6695,2296.6611,575.28534,-533.5113,2130.726,608.6946,226.5434,2165.5989,601.26337,-967.3645,2157.2856,881.6114,373.42422,2419.2024,662.2924,-1329.2438,2175.2275,1150.4133,95.6801,2667.0293,685.38983,-1357.8673,2240.3345,1177.5786,94.11401,2753.6292,704.47076,-1533.7358,2245.2231,1180.4963,-47.019886,2763.0652,701.37994,-1441.7096,2217.1,1174.2312,27.038347,2734.219,697.31104,-1333.0862,1619.1501,643.0997,358.30423,1599.12,695.30304,-359.22705,1356.2515,558.8536,995.3696,1510.2645,1015.8303,-121.173294,1137.4569,454.90768,1592.9221,1213.4489,914.7112,495.93445,1102.4489,415.70178,1661.9332,1174.4983,867.0925,568.2894,1059.787,444.5139,1657.5734,1125.7019,921.35956,542.1177
Screenshot_20230220_022712 copy 10.png,305.29544,341.6852,-221.2939,310.3068,334.45428,-213.72525,310.9337,333.51434,-213.74704,311.5773,332.553,-213.83623,308.58032,334.12268,-231.86671,307.95874,332.9655,-231.84225,307.28146,331.74506,-231.77788,305.7544,323.28226,-158.14764,300.30057,323.30792,-239.85074,299.29248,341.86618,-196.35277,296.90497,340.51654,-219.83543,278.06357,325.96417,-88.24531,268.53568,327.4894,-258.42343,306.73242,391.3507,-71.65228,309.7578,356.56192,-360.3804,311.93048,449.43024,-149.57599,365.38855,363.4589,-419.0925,325.14218,453.80353,-170.37047,385.244,362.30356,-468.47537,326.62845,454.21307,-201.84065,385.19333,359.20724,-460.15442,320.56573,453.31683,-165.51108,376.63336,359.86963,-421.50516,165.00508,340.36694,63.716393,154.55318,358.27896,-64.02472,145.14464,337.07343,290.6815,129.56084,433.6746,28.464441,105.75274,311.87396,498.46423,94.04422,431.89185,238.43352,104.51875,302.80588,521.2285,90.78251,422.69678,263.0515,86.80403,306.93887,538.6468,86.36527,432.07648,286.14917
Screenshot_20230220_022712 copy 11.png,305.29544,341.6852,-221.2939,310.3068,334.45428,-213.72525,310.9337,333.51434,-213.74704,311.5773,332.553,-213.83623,308.58032,334.12268,-231.86671,307.95874,332.9655,-231.84225,307.28146,331.74506,-231.77788,305.7544,323.28226,-158.14764,300.30057,323.30792,-239.85074,299.29248,341.86618,-196.35277,296.90497,340.51654,-219.83543,278.06357,325.96417,-88.24531,268.53568,327.4894,-258.42343,306.73242,391.3507,-71.65228,309.7578,356.56192,-360.3804,311.93048,449.43024,-149.57599,365.38855,363.4589,-419.0925,325.14218,453.80353,-170.37047,385.244,362.30356,-468.47537,326.62845,454.21307,-201.84065,385.19333,359.20724,-460.15442,320.56573,453.31683,-165.51108,376.63336,359.86963,-421.50516,165.00508,340.36694,63.716393,154.55318,358.27896,-64.02472,145.14464,337.07343,290.6815,129.56084,433.6746,28.464441,105.75274,311.87396,498.46423,94.04422,431.89185,238.43352,104.51875,302.80588,521.2285,90.78251,422.69678,263.0515,86.80403,306.93887,538.6468,86.36527,432.07648,286.14917
Screenshot_20230220_022712 copy 2.png,305.29544,341.6852,-221.2939,310.3068,334.45428,-213.72525,310.9337,333.51434,-213.74704,311.5773,332.553,-213.83623,308.58032,334.12268,-231.86671,307.95874,332.9655,-231.84225,307.28146,331.74506,-231.77788,305.7544,323.28226,-158.14764,300.30057,323.30792,-239.85074,299.29248,341.86618,-196.35277,296.90497,340.51654,-219.83543,278.06357,325.96417,-88.24531,268.53568,327.4894,-258.42343,306.73242,391.3507,-71.65228,309.7578,356.56192,-360.3804,311.93048,449.43024,-149.57599,365.38855,363.4589,-419.0925,325.14218,453.80353,-170.37047,385.244,362.30356,-468.47537,326.62845,454.21307,-201.84065,385.19333,359.20724,-460.15442,320.56573,453.31683,-165.51108,376.63336,359.86963,-421.50516,165.00508,340.36694,63.716393,154.55318,358.27896,-64.02472,145.14464,337.07343,290.6815,129.56084,433.6746,28.464441,105.75274,311.87396,498.46423,94.04422,431.89185,238.43352,104.51875,302.80588,521.2285,90.78251,422.69678,263.0515,86.80403,306.93887,538.6468,86.36527,432.07648,286.14917
Screenshot_20230220_022712 copy 3.png,305.29544,341.6852,-221.2939,310.3068,334.45428,-213.72525,310.9337,333.51434,-213.74704,311.5773,332.553,-213.83623,308.58032,334.12268,-231.86671,307.95874,332.9655,-231.84225,307.28146,331.74506,-231.77788,305.7544,323.28226,-158.14764,300.30057,323.30792,-239.85074,299.29248,341.86618,-196.35277,296.90497,340.51654,-219.83543,278.06357,325.96417,-88.24531,268.53568,327.4894,-258.42343,306.73242,391.3507,-71.65228,309.7578,356.56192,-360.3804,311.93048,449.43024,-149.57599,365.38855,363.4589,-419.0925,325.14218,453.80353,-170.37047,385.244,362.30356,-468.47537,326.62845,454.21307,-201.84065,385.19333,359.20724,-460.15442,320.56573,453.31683,-165.51108,376.63336,359.86963,-421.50516,165.00508,340.36694,63.716393,154.55318,358.27896,-64.02472,145.14464,337.07343,290.6815,129.56084,433.6746,28.464441,105.75274,311.87396,498.46423,94.04422,431.89185,238.43352,104.51875,302.80588,521.2285,90.78251,422.69678,263.0515,86.80403,306.93887,538.6468,86.36527,432.07648,286.14917
Screenshot_20230220_022712 copy 4.png,305.29544,341.6852,-221.2939,310.3068,334.45428,-213.72525,310.9337,333.51434,-213.74704,311.5773,332.553,-213.83623,308.58032,334.12268,-231.86671,307.95874,332.9655,-231.84225,307.28146,331.74506,-231.77788,305.7544,323.28226,-158.14764,300.30057,323.30792,-239.85074,299.29248,341.86618,-196.35277,296.90497,340.51654,-219.83543,278.06357,325.96417,-88.24531,268.53568,327.4894,-258.42343,306.73242,391.3507,-71.65228,309.7578,356.56192,-360.3804,311.93048,449.43024,-149.57599,365.38855,363.4589,-419.0925,325.14218,453.80353,-170.37047,385.244,362.30356,-468.47537,326.62845,454.21307,-201.84065,385.19333,359.20724,-460.15442,320.56573,453.31683,-165.51108,376.63336,359.86963,-421.50516,165.00508,340.36694,63.716393,154.55318,358.27896,-64.02472,145.14464,337.07343,290.6815,129.56084,433.6746,28.464441,105.75274,311.87396,498.46423,94.04422,431.89185,238.43352,104.51875,302.80588,521.2285,90.78251,422.69678,263.0515,86.80403,306.93887,538.6468,86.36527,432.07648,286.14917
Screenshot_20230220_022712 copy 5.png,305.29544,341.6852,-221.2939,310.3068,334.45428,-213.72525,310.9337,333.51434,-213.74704,311.5773,332.553,-213.83623,308.58032,334.12268,-231.86671,307.95874,332.9655,-231.84225,307.28146,331.74506,-231.77788,305.7544,323.28226,-158.14764,300.30057,323.30792,-239.85074,299.29248,341.86618,-196.35277,296.90497,340.51654,-219.83543,278.06357,325.96417,-88.24531,268.53568,327.4894,-258.42343,306.73242,391.3507,-71.65228,309.7578,356.56192,-360.3804,311.93048,449.43024,-149.57599,365.38855,363.4589,-419.0925,325.14218,453.80353,-170.37047,385.244,362.30356,-468.47537,326.62845,454.21307,-201.84065,385.19333,359.20724,-460.15442,320.56573,453.31683,-165.51108,376.63336,359.86963,-421.50516,165.00508,340.36694,63.716393,154.55318,358.27896,-64.02472,145.14464,337.07343,290.6815,129.56084,433.6746,28.464441,105.75274,311.87396,498.46423,94.04422,431.89185,238.43352,104.51875,302.80588,521.2285,90.78251,422.69678,263.0515,86.80403,306.93887,538.6468,86.36527,432.07648,286.14917
Screenshot_20230220_022712 copy 6.png,305.29544,341.6852,-221.2939,310.3068,334.45428,-213.72525,310.9337,333.51434,-213.74704,311.5773,332.553,-213.83623,308.58032,334.12268,-231.86671,307.95874,332.9655,-231.84225,307.28146,331.74506,-231.77788,305.7544,323.28226,-158.14764,300.30057,323.30792,-239.85074,299.29248,341.86618,-196.35277,296.90497,340.51654,-219.83543,278.06357,325.96417,-88.24531,268.53568,327.4894,-258.42343,306.73242,391.3507,-71.65228,309.7578,356.56192,-360.3804,311.93048,449.43024,-149.57599,365.38855,363.4589,-419.0925,325.14218,453.80353,-170.37047,385.244,362.30356,-468.47537,326.62845,454.21307,-201.84065,385.19333,359.20724,-460.15442,320.56573,453.31683,-165.51108,376.63336,359.86963,-421.50516,165.00508,340.36694,63.716393,154.55318,358.27896,-64.02472,145.14464,337.07343,290.6815,129.56084,433.6746,28.464441,105.75274,311.87396,498.46423,94.04422,431.89185,238.43352,104.51875,302.80588,521.2285,90.78251,422.69678,263.0515,86.80403,306.93887,538.6468,86.36527,432.07648,286.14917
Screenshot_20230220_022712 copy 7.png,305.29544,341.6852,-221.2939,310.3068,334.45428,-213.72525,310.9337,333.51434,-213.74704,311.5773,332.553,-213.83623,308.58032,334.12268,-231.86671,307.95874,332.9655,-231.84225,307.28146,331.74506,-231.77788,305.7544,323.28226,-158.14764,300.30057,323.30792,-239.85074,299.29248,341.86618,-196.35277,296.90497,340.51654,-219.83543,278.06357,325.96417,-88.24531,268.53568,327.4894,-258.42343,306.73242,391.3507,-71.65228,309.7578,356.56192,-360.3804,311.93048,449.43024,-149.57599,365.38855,363.4589,-419.0925,325.14218,453.80353,-170.37047,385.244,362.30356,-468.47537,326.62845,454.21307,-201.84065,385.19333,359.20724,-460.15442,320.56573,453.31683,-165.51108,376.63336,359.86963,-421.50516,165.00508,340.36694,63.716393,154.55318,358.27896,-64.02472,145.14464,337.07343,290.6815,129.56084,433.6746,28.464441,105.75274,311.87396,498.46423,94.04422,431.89185,238.43352,104.51875,302.80588,521.2285,90.78251,422.69678,263.0515,86.80403,306.93887,538.6468,86.36527,432.07648,286.14917
Screenshot_20230220_022712 copy 8.png,305.29544,341.6852,-221.2939,310.3068,334.45428,-213.72525,310.9337,333.51434,-213.74704,311.5773,332.553,-213.83623,308.58032,334.12268,-231.86671,307.95874,332.9655,-231.84225,307.28146,331.74506,-231.77788,305.7544,323.28226,-158.14764,300.30057,323.30792,-239.85074,299.29248,341.86618,-196.35277,296.90497,340.51654,-219.83543,278.06357,325.96417,-88.24531,268.53568,327.4894,-258.42343,306.73242,391.3507,-71.65228,309.7578,356.56192,-360.3804,311.93048,449.43024,-149.57599,365.38855,363.4589,-419.0925,325.14218,453.80353,-170.37047,385.244,362.30356,-468.47537,326.62845,454.21307,-201.84065,385.19333,359.20724,-460.15442,320.56573,453.31683,-165.51108,376.63336,359.86963,-421.50516,165.00508,340.36694,63.716393,154.55318,358.27896,-64.02472,145.14464,337.07343,290.6815,129.56084,433.6746,28.464441,105.75274,311.87396,498.46423,94.04422,431.89185,238.43352,104.51875,302.80588,521.2285,90.78251,422.69678,263.0515,86.80403,306.93887,538.6468,86.36527,432.07648,286.14917
Screenshot_20230220_022712 copy 9.png,305.29544,341.6852,-221.2939,310.3068,334.45428,-213.72525,310.9337,333.51434,-213.74704,311.5773,332.553,-213.83623,308.58032,334.12268,-231.86671,307.95874,332.9655,-231.84225,307.28146,331.74506,-231.77788,305.7544,323.28226,-158.14764,300.30057,323.30792,-239.85074,299.29248,341.86618,-196.35277,296.90497,340.51654,-219.83543,278.06357,325.96417,-88.24531,268.53568,327.4894,-258.42343,306.73242,391.3507,-71.65228,309.7578,356.56192,-360.3804,311.93048,449.43024,-149.57599,365.38855,363.4589,-419.0925,325.14218,453.80353,-170.37047,385.244,362.30356,-468.47537,326.62845,454.21307,-201.84065,385.19333,359.20724,-460.15442,320.56573,453.31683,-165.51108,376.63336,359.86963,-421.50516,165.00508,340.36694,63.716393,154.55318,358.27896,-64.02472,145.14464,337.07343,290.6815,129.56084,433.6746,28.464441,105.75274,311.87396,498.46423,94.04422,431.89185,238.43352,104.51875,302.80588,521.2285,90.78251,422.69678,263.0515,86.80403,306.93887,538.6468,86.36527,432.07648,286.14917
Screenshot_20230220_022712 copy.png,305.29544,341.6852,-221.2939,310.3068,334.45428,-213.72525,310.9337,333.51434,-213.74704,311.5773,332.553,-213.83623,308.58032,334.12268,-231.86671,307.95874,332.9655,-231.84225,307.28146,331.74506,-231.77788,305.7544,323.28226,-158.14764,300.30057,323.30792,-239.85074,299.29248,341.86618,-196.35277,296.90497,340.51654,-219.83543,278.06357,325.96417,-88.24531,268.53568,327.4894,-258.42343,306.73242,391.3507,-71.65228,309.7578,356.56192,-360.3804,311.93048,449.43024,-149.57599,365.38855,363.4589,-419.0925,325.14218,453.80353,-170.37047,385.244,362.30356,-468.47537,326.62845,454.21307,-201.84065,385.19333,359.20724,-460.15442,320.56573,453.31683,-165.51108,376.63336,359.86963,-421.50516,165.00508,340.36694,63.716393,154.55318,358.27896,-64.02472,145.14464,337.07343,290.6815,129.56084,433.6746,28.464441,105.75274,311.87396,498.46423,94.04422,431.89185,238.43352,104.51875,302.80588,521.2285,90.78251,422.69678,263.0515,86.80403,306.93887,538.6468,86.36527,432.07648,286.14917
Screenshot_20230220_022712.png,305.29544,341.6852,-221.2939,310.3068,334.45428,-213.72525,310.9337,333.51434,-213.74704,311.5773,332.553,-213.83623,308.58032,334.12268,-231.86671,307.95874,332.9655,-231.84225,307.28146,331.74506,-231.77788,305.7544,323.28226,-158.14764,300.30057,323.30792,-239.85074,299.29248,341.86618,-196.35277,296.90497,340.51654,-219.83543,278.06357,325.96417,-88.24531,268.53568,327.4894,-258.42343,306.73242,391.3507,-71.65228,309.7578,356.56192,-360.3804,311.93048,449.43024,-149.57599,365.38855,363.4589,-419.0925,325.14218,453.80353,-170.37047,385.244,362.30356,-468.47537,326.62845,454.21307,-201.84065,385.19333,359.20724,-460.15442,320.56573,453.31683,-165.51108,376.63336,359.86963,-421.50516,165.00508,340.36694,63.716393,154.55318,358.27896,-64.02472,145.14464,337.07343,290.6815,129.56084,433.6746,28.464441,105.75274,311.87396,498.46423,94.04422,431.89185,238.43352,104.51875,302.80588,521.2285,90.78251,422.69678,263.0515,86.80403,306.93887,538.6468,86.36527,432.07648,286.14917
Screenshot_20230220_022730 copy 10.png,306.6377,332.91867,-165.64287,313.0624,325.85168,-166.63834,313.7194,323.75305,-166.64973,314.3473,321.56494,-166.73766,311.1987,328.80402,-185.94713,310.55505,328.9666,-185.91702,309.8347,329.2079,-185.90506,310.87277,312.67786,-133.795,305.9865,323.67828,-220.33226,301.58102,330.4108,-146.07503,299.81793,332.13104,-171.15674,280.19424,288.14978,-46.06432,270.67523,331.62524,-240.51888,292.48215,350.5241,1.0081238,323.3903,376.86816,-291.8517,292.14163,410.58118,-62.397278,391.37256,400.72247,-296.7934,300.73477,418.92865,-71.24904,410.27432,405.4404,-333.13986,303.0483,419.73532,-101.38975,412.81027,400.0898,-321.88095,298.6333,417.48163,-76.81404,407.04163,398.7621,-295.08167,166.69464,298.24515,66.62527,161.08405,330.9627,-67.148,118.37401,293.17126,270.80316,158.73692,403.50446,22.380173,64.58444,265.6342,443.72574,103.8845,368.49686,193.60094,53.205803,257.97043,463.13937,94.732216,356.01318,214.33224,56.014416,273.70282,478.63095,92.784325,384.1824,245.53722
Screenshot_20230220_022730 copy 11.png,306.6377,332.91867,-165.64287,313.0624,325.85168,-166.63834,313.7194,323.75305,-166.64973,314.3473,321.56494,-166.73766,311.1987,328.80402,-185.94713,310.55505,328.9666,-185.91702,309.8347,329.2079,-185.90506,310.87277,312.67786,-133.795,305.9865,323.67828,-220.33226,301.58102,330.4108,-146.07503,299.81793,332.13104,-171.15674,280.19424,288.14978,-46.06432,270.67523,331.62524,-240.51888,292.48215,350.5241,1.0081238,323.3903,376.86816,-291.8517,292.14163,410.58118,-62.397278,391.37256,400.72247,-296.7934,300.73477,418.92865,-71.24904,410.27432,405.4404,-333.13986,303.0483,419.73532,-101.38975,412.81027,400.0898,-321.88095,298.6333,417.48163,-76.81404,407.04163,398.7621,-295.08167,166.69464,298.24515,66.62527,161.08405,330.9627,-67.148,118.37401,293.17126,270.80316,158.73692,403.50446,22.380173,64.58444,265.6342,443.72574,103.8845,368.49686,193.60094,53.205803,257.97043,463.13937,94.732216,356.01318,214.33224,56.014416,273.70282,478.63095,92.784325,384.1824,245.53722
Screenshot_20230220_022730 copy 12.png,306.6377,332.91867,-165.64287,313.0624,325.85168,-166.63834,313.7194,323.75305,-166.64973,314.3473,321.56494,-166.73766,311.1987,328.80402,-185.94713,310.55505,328.9666,-185.91702,309.8347,329.2079,-185.90506,310.87277,312.67786,-133.795,305.9865,323.67828,-220.33226,301.58102,330.4108,-146.07503,299.81793,332.13104,-171.15674,280.19424,288.14978,-46.06432,270.67523,331.62524,-240.51888,292.48215,350.5241,1.0081238,323.3903,376.86816,-291.8517,292.14163,410.58118,-62.397278,391.37256,400.72247,-296.7934,300.73477,418.92865,-71.24904,410.27432,405.4404,-333.13986,303.0483,419.73532,-101.38975,412.81027,400.0898,-321.88095,298.6333,417.48163,-76.81404,407.04163,398.7621,-295.08167,166.69464,298.24515,66.62527,161.08405,330.9627,-67.148,118.37401,293.17126,270.80316,158.73692,403.50446,22.380173,64.58444,265.6342,443.72574,103.8845,368.49686,193.60094,53.205803,257.97043,463.13937,94.732216,356.01318,214.33224,56.014416,273.70282,478.63095,92.784325,384.1824,245.53722
Screenshot_20230220_022730 copy 2.png,306.6377,332.91867,-165.64287,313.0624,325.85168,-166.63834,313.7194,323.75305,-166.64973,314.3473,321.56494,-166.73766,311.1987,328.80402,-185.94713,310.55505,328.9666,-185.91702,309.8347,329.2079,-185.90506,310.87277,312.67786,-133.795,305.9865,323.67828,-220.33226,301.58102,330.4108,-146.07503,299.81793,332.13104,-171.15674,280.19424,288.14978,-46.06432,270.67523,331.62524,-240.51888,292.48215,350.5241,1.0081238,323.3903,376.86816,-291.8517,292.14163,410.58118,-62.397278,391.37256,400.72247,-296.7934,300.73477,418.92865,-71.24904,410.27432,405.4404,-333.13986,303.0483,419.73532,-101.38975,412.81027,400.0898,-321.88095,298.6333,417.48163,-76.81404,407.04163,398.7621,-295.08167,166.69464,298.24515,66.62527,161.08405,330.9627,-67.148,118.37401,293.17126,270.80316,158.73692,403.50446,22.380173,64.58444,265.6342,443.72574,103.8845,368.49686,193.60094,53.205803,257.97043,463.13937,94.732216,356.01318,214.33224,56.014416,273.70282,478.63095,92.784325,384.1824,245.53722
Screenshot_20230220_022730 copy 3.png,306.6377,332.91867,-165.64287,313.0624,325.85168,-166.63834,313.7194,323.75305,-166.64973,314.3473,321.56494,-166.73766,311.1987,328.80402,-185.94713,310.55505,328.9666,-185.91702,309.8347,329.2079,-185.90506,310.87277,312.67786,-133.795,305.9865,323.67828,-220.33226,301.58102,330.4108,-146.07503,299.81793,332.13104,-171.15674,280.19424,288.14978,-46.06432,270.67523,331.62524,-240.51888,292.48215,350.5241,1.0081238,323.3903,376.86816,-291.8517,292.14163,410.58118,-62.397278,391.37256,400.72247,-296.7934,300.73477,418.92865,-71.24904,410.27432,405.4404,-333.13986,303.0483,419.73532,-101.38975,412.81027,400.0898,-321.88095,298.6333,417.48163,-76.81404,407.04163,398.7621,-295.08167,166.69464,298.24515,66.62527,161.08405,330.9627,-67.148,118.37401,293.17126,270.80316,158.73692,403.50446,22.380173,64.58444,265.6342,443.72574,103.8845,368.49686,193.60094,53.205803,257.97043,463.13937,94.732216,356.01318,214.33224,56.014416,273.70282,478.63095,92.784325,384.1824,245.53722
Screenshot_20230220_022730 copy 4.png,306.6377,332.91867,-165.64287,313.0624,325.85168,-166.63834,313.7194,323.75305,-166.64973,314.3473,321.56494,-166.73766,311.1987,328.80402,-185.94713,310.55505,328.9666,-185.91702,309.8347,329.2079,-185.90506,310.87277,312.67786,-133.795,305.9865,323.67828,-220.33226,301.58102,330.4108,-146.07503,299.81793,332.13104,-171.15674,280.19424,288.14978,-46.06432,270.67523,331.62524,-240.51888,292.48215,350.5241,1.0081238,323.3903,376.86816,-291.8517,292.14163,410.58118,-62.397278,391.37256,400.72247,-296.7934,300.73477,418.92865,-71.24904,410.27432,405.4404,-333.13986,303.0483,419.73532,-101.38975,412.81027,400.0898,-321.88095,298.6333,417.48163,-76.81404,407.04163,398.7621,-295.08167,166.69464,298.24515,66.62527,161.08405,330.9627,-67.148,118.37401,293.17126,270.80316,158.73692,403.50446,22.380173,64.58444,265.6342,443.72574,103.8845,368.49686,193.60094,53.205803,257.97043,463.13937,94.732216,356.01318,214.33224,56.014416,273.70282,478.63095,92.784325,384.1824,245.53722
Screenshot_20230220_022730 copy 5.png,306.6377,332.91867,-165.64287,313.0624,325.85168,-166.63834,313.7194,323.75305,-166.64973,314.3473,321.56494,-166.73766,311.1987,328.80402,-185.94713,310.55505,328.9666,-185.91702,309.8347,329.2079,-185.90506,310.87277,312.67786,-133.795,305.9865,323.67828,-220.33226,301.58102,330.4108,-146.07503,299.81793,332.13104,-171.15674,280.19424,288.14978,-46.06432,270.67523,331.62524,-240.51888,292.48215,350.5241,1.0081238,323.3903,376.86816,-291.8517,292.14163,410.58118,-62.397278,391.37256,400.72247,-296.7934,300.73477,418.92865,-71.24904,410.27432,405.4404,-333.13986,303.0483,419.73532,-101.38975,412.81027,400.0898,-321.88095,298.6333,417.48163,-76.81404,407.04163,398.7621,-295.08167,166.69464,298.24515,66.62527,161.08405,330.9627,-67.148,118.37401,293.17126,270.80316,158.73692,403.50446,22.380173,64.58444,265.6342,443.72574,103.8845,368.49686,193.60094,53.205803,257.97043,463.13937,94.732216,356.01318,214.33224,56.014416,273.70282,478.63095,92.784325,384.1824,245.53722
Screenshot_20230220_022730 copy 6.png,306.6377,332.91867,-165.64287,313.0624,325.85168,-166.63834,313.7194,323.75305,-166.64973,314.3473,321.56494,-166.73766,311.1987,328.80402,-185.94713,310.55505,328.9666,-185.91702,309.8347,329.2079,-185.90506,310.87277,312.67786,-133.795,305.9865,323.67828,-220.33226,301.58102,330.4108,-146.07503,299.81793,332.13104,-171.15674,280.19424,288.14978,-46.06432,270.67523,331.62524,-240.51888,292.48215,350.5241,1.0081238,323.3903,376.86816,-291.8517,292.14163,410.58118,-62.397278,391.37256,400.72247,-296.7934,300.73477,418.92865,-71.24904,410.27432,405.4404,-333.13986,303.0483,419.73532,-101.38975,412.81027,400.0898,-321.88095,298.6333,417.48163,-76.81404,407.04163,398.7621,-295.08167,166.69464,298.24515,66.62527,161.08405,330.9627,-67.148,118.37401,293.17126,270.80316,158.73692,403.50446,22.380173,64.58444,265.6342,443.72574,103.8845,368.49686,193.60094,53.205803,257.97043,463.13937,94.732216,356.01318,214.33224,56.014416,273.70282,478.63095,92.784325,384.1824,245.53722
Screenshot_20230220_022730 copy 7.png,306.6377,332.91867,-165.64287,313.0624,325.85168,-166.63834,313.7194,323.75305,-166.64973,314.3473,321.56494,-166.73766,311.1987,328.80402,-185.94713,310.55505,328.9666,-185.91702,309.8347,329.2079,-185.90506,310.87277,312.67786,-133.795,305.9865,323.67828,-220.33226,301.58102,330.4108,-146.07503,299.81793,332.13104,-171.15674,280.19424,288.14978,-46.06432,270.67523,331.62524,-240.51888,292.48215,350.5241,1.0081238,323.3903,376.86816,-291.8517,292.14163,410.58118,-62.397278,391.37256,400.72247,-296.7934,300.73477,418.92865,-71.24904,410.27432,405.4404,-333.13986,303.0483,419.73532,-101.38975,412.81027,400.0898,-321.88095,298.6333,417.48163,-76.81404,407.04163,398.7621,-295.08167,166.69464,298.24515,66.62527,161.08405,330.9627,-67.148,118.37401,293.17126,270.80316,158.73692,403.50446,22.380173,64.58444,265.6342,443.72574,103.8845,368.49686,193.60094,53.205803,257.97043,463.13937,94.732216,356.01318,214.33224,56.014416,273.70282,478.63095,92.784325,384.1824,245.53722
Screenshot_20230220_022730 copy 8.png,306.6377,332.91867,-165.64287,313.0624,325.85168,-166.63834,313.7194,323.75305,-166.64973,314.3473,321.56494,-166.73766,311.1987,328.80402,-185.94713,310.55505,328.9666,-185.91702,309.8347,329.2079,-185.90506,310.87277,312.67786,-133.795,305.9865,323.67828,-220.33226,301.58102,330.4108,-146.07503,299.81793,332.13104,-171.15674,280.19424,288.14978,-46.06432,270.67523,331.62524,-240.51888,292.48215,350.5241,1.0081238,323.3903,376.86816,-291.8517,292.14163,410.58118,-62.397278,391.37256,400.72247,-296.7934,300.73477,418.92865,-71.24904,410.27432,405.4404,-333.13986,303.0483,419.73532,-101.38975,412.81027,400.0898,-321.88095,298.6333,417.48163,-76.81404,407.04163,398.7621,-295.08167,166.69464,298.24515,66.62527,161.08405,330.9627,-67.148,118.37401,293.17126,270.80316,158.73692,403.50446,22.380173,64.58444,265.6342,443.72574,103.8845,368.49686,193.60094,53.205803,257.97043,463.13937,94.732216,356.01318,214.33224,56.014416,273.70282,478.63095,92.784325,384.1824,245.53722
Screenshot_20230220_022730 copy 9.png,306.6377,332.91867,-165.64287,313.0624,325.85168,-166.63834,313.7194,323.75305,-166.64973,314.3473,321.56494,-166.73766,311.1987,328.80402,-185.94713,310.55505,328.9666,-185.91702,309.8347,329.2079,-185.90506,310.87277,312.67786,-133.795,305.9865,323.67828,-220.33226,301.58102,330.4108,-146.07503,299.81793,332.13104,-171.15674,280.19424,288.14978,-46.06432,270.67523,331.62524,-240.51888,292.48215,350.5241,1.0081238,323.3903,376.86816,-291.8517,292.14163,410.58118,-62.397278,391.37256,400.72247,-296.7934,300.73477,418.92865,-71.24904,410.27432,405.4404,-333.13986,303.0483,419.73532,-101.38975,412.81027,400.0898,-321.88095,298.6333,417.48163,-76.81404,407.04163,398.7621,-295.08167,166.69464,298.24515,66.62527,161.08405,330.9627,-67.148,118.37401,293.17126,270.80316,158.73692,403.50446,22.380173,64.58444,265.6342,443.72574,103.8845,368.49686,193.60094,53.205803,257.97043,463.13937,94.732216,356.01318,214.33224,56.014416,273.70282,478.63095,92.784325,384.1824,245.53722
Screenshot_20230220_022730 copy.png,306.6377,332.91867,-165.64287,313.0624,325.85168,-166.63834,313.7194,323.75305,-166.64973,314.3473,321.56494,-166.73766,311.1987,328.80402,-185.94713,310.55505,328.9666,-185.91702,309.8347,329.2079,-185.90506,310.87277,312.67786,-133.795,305.9865,323.67828,-220.33226,301.58102,330.4108,-146.07503,299.81793,332.13104,-171.15674,280.19424,288.14978,-46.06432,270.67523,331.62524,-240.51888,292.48215,350.5241,1.0081238,323.3903,376.86816,-291.8517,292.14163,410.58118,-62.397278,391.37256,400.72247,-296.7934,300.73477,418.92865,-71.24904,410.27432,405.4404,-333.13986,303.0483,419.73532,-101.38975,412.81027,400.0898,-321.88095,298.6333,417.48163,-76.81404,407.04163,398.7621,-295.08167,166.69464,298.24515,66.62527,161.08405,330.9627,-67.148,118.37401,293.17126,270.80316,158.73692,403.50446,22.380173,64.58444,265.6342,443.72574,103.8845,368.49686,193.60094,53.205803,257.97043,463.13937,94.732216,356.01318,214.33224,56.014416,273.70282,478.63095,92.784325,384.1824,245.53722
Screenshot_20230220_022730.png,306.6377,332.91867,-165.64287,313.0624,325.85168,-166.63834,313.7194,323.75305,-166.64973,314.3473,321.56494,-166.73766,311.1987,328.80402,-185.94713,310.55505,328.9666,-185.91702,309.8347,329.2079,-185.90506,310.87277,312.67786,-133.795,305.9865,323.67828,-220.33226,301.58102,330.4108,-146.07503,299.81793,332.13104,-171.15674,280.19424,288.14978,-46.06432,270.67523,331.62524,-240.51888,292.48215,350.5241,1.0081238,323.3903,376.86816,-291.8517,292.14163,410.58118,-62.397278,391.37256,400.72247,-296.7934,300.73477,418.92865,-71.24904,410.27432,405.4404,-333.13986,303.0483,419.73532,-101.38975,412.81027,400.0898,-321.88095,298.6333,417.48163,-76.81404,407.04163,398.7621,-295.08167,166.69464,298.24515,66.62527,161.08405,330.9627,-67.148,118.37401,293.17126,270.80316,158.73692,403.50446,22.380173,64.58444,265.6342,443.72574,103.8845,368.49686,193.60094,53.205803,257.97043,463.13937,94.732216,356.01318,214.33224,56.014416,273.70282,478.63095,92.784325,384.1824,245.53722
Screenshot_20230220_023005 copy 2.png,313.1047,374.0493,-47.289146,319.41766,368.23706,-44.754326,319.66382,366.32117,-44.772064,319.9297,364.54672,-44.80148,319.02374,371.3436,-67.8281,318.91104,371.5373,-67.78213,318.85846,371.85312,-67.76785,318.2076,356.92285,-15.062142,317.47772,366.06567,-119.81968,307.25183,370.0844,-30.884567,306.99765,372.55612,-61.288303,287.0725,328.33322,62.212963,287.18884,354.92896,-162.15558,292.56924,383.86667,136.6825,330.37665,405.96655,-232.9492,294.4787,431.6056,89.086815,393.853,438.85794,-234.19005,306.54425,442.14795,90.78343,414.49478,445.96106,-262.80505,309.62567,442.55222,62.29353,416.95374,443.15842,-247.3788,303.94604,439.59772,75.89219,408.56677,441.1647,-229.54391,159.3587,325.87643,72.43386,159.65607,357.94995,-73.054855,110.52926,305.61835,237.98415,166.51244,432.4553,13.351717,53.360985,271.68442,300.1257,112.47443,392.324,144.6245,43.734142,262.5454,308.7595,104.809715,376.84195,161.98383,32.04691,284.63278,327.38446,94.63363,402.2492,208.47162
Screenshot_20230220_023005 copy 3.png,313.1047,374.0493,-47.289146,319.41766,368.23706,-44.754326,319.66382,366.32117,-44.772064,319.9297,364.54672,-44.80148,319.02374,371.3436,-67.8281,318.91104,371.5373,-67.78213,318.85846,371.85312,-67.76785,318.2076,356.92285,-15.062142,317.47772,366.06567,-119.81968,307.25183,370.0844,-30.884567,306.99765,372.55612,-61.288303,287.0725,328.33322,62.212963,287.18884,354.92896,-162.15558,292.56924,383.86667,136.6825,330.37665,405.96655,-232.9492,294.4787,431.6056,89.086815,393.853,438.85794,-234.19005,306.54425,442.14795,90.78343,414.49478,445.96106,-262.80505,309.62567,442.55222,62.29353,416.95374,443.15842,-247.3788,303.94604,439.59772,75.89219,408.56677,441.1647,-229.54391,159.3587,325.87643,72.43386,159.65607,357.94995,-73.054855,110.52926,305.61835,237.98415,166.51244,432.4553,13.351717,53.360985,271.68442,300.1257,112.47443,392.324,144.6245,43.734142,262.5454,308.7595,104.809715,376.84195,161.98383,32.04691,284.63278,327.38446,94.63363,402.2492,208.47162
Screenshot_20230220_023005 copy 4.png,313.1047,374.0493,-47.289146,319.41766,368.23706,-44.754326,319.66382,366.32117,-44.772064,319.9297,364.54672,-44.80148,319.02374,371.3436,-67.8281,318.91104,371.5373,-67.78213,318.85846,371.85312,-67.76785,318.2076,356.92285,-15.062142,317.47772,366.06567,-119.81968,307.25183,370.0844,-30.884567,306.99765,372.55612,-61.288303,287.0725,328.33322,62.212963,287.18884,354.92896,-162.15558,292.56924,383.86667,136.6825,330.37665,405.96655,-232.9492,294.4787,431.6056,89.086815,393.853,438.85794,-234.19005,306.54425,442.14795,90.78343,414.49478,445.96106,-262.80505,309.62567,442.55222,62.29353,416.95374,443.15842,-247.3788,303.94604,439.59772,75.89219,408.56677,441.1647,-229.54391,159.3587,325.87643,72.43386,159.65607,357.94995,-73.054855,110.52926,305.61835,237.98415,166.51244,432.4553,13.351717,53.360985,271.68442,300.1257,112.47443,392.324,144.6245,43.734142,262.5454,308.7595,104.809715,376.84195,161.98383,32.04691,284.63278,327.38446,94.63363,402.2492,208.47162
Screenshot_20230220_023005 copy 5.png,313.1047,374.0493,-47.289146,319.41766,368.23706,-44.754326,319.66382,366.32117,-44.772064,319.9297,364.54672,-44.80148,319.02374,371.3436,-67.8281,318.91104,371.5373,-67.78213,318.85846,371.85312,-67.76785,318.2076,356.92285,-15.062142,317.47772,366.06567,-119.81968,307.25183,370.0844,-30.884567,306.99765,372.55612,-61.288303,287.0725,328.33322,62.212963,287.18884,354.92896,-162.15558,292.56924,383.86667,136.6825,330.37665,405.96655,-232.9492,294.4787,431.6056,89.086815,393.853,438.85794,-234.19005,306.54425,442.14795,90.78343,414.49478,445.96106,-262.80505,309.62567,442.55222,62.29353,416.95374,443.15842,-247.3788,303.94604,439.59772,75.89219,408.56677,441.1647,-229.54391,159.3587,325.87643,72.43386,159.65607,357.94995,-73.054855,110.52926,305.61835,237.98415,166.51244,432.4553,13.351717,53.360985,271.68442,300.1257,112.47443,392.324,144.6245,43.734142,262.5454,308.7595,104.809715,376.84195,161.98383,32.04691,284.63278,327.38446,94.63363,402.2492,208.47162
Screenshot_20230220_023005 copy 6.png,313.1047,374.0493,-47.289146,319.41766,368.23706,-44.754326,319.66382,366.32117,-44.772064,319.9297,364.54672,-44.80148,319.02374,371.3436,-67.8281,318.91104,371.5373,-67.78213,318.85846,371.85312,-67.76785,318.2076,356.92285,-15.062142,317.47772,366.06567,-119.81968,307.25183,370.0844,-30.884567,306.99765,372.55612,-61.288303,287.0725,328.33322,62.212963,287.18884,354.92896,-162.15558,292.56924,383.86667,136.6825,330.37665,405.96655,-232.9492,294.4787,431.6056,89.086815,393.853,438.85794,-234.19005,306.54425,442.14795,90.78343,414.49478,445.96106,-262.80505,309.62567,442.55222,62.29353,416.95374,443.15842,-247.3788,303.94604,439.59772,75.89219,408.56677,441.1647,-229.54391,159.3587,325.87643,72.43386,159.65607,357.94995,-73.054855,110.52926,305.61835,237.98415,166.51244,432.4553,13.351717,53.360985,271.68442,300.1257,112.47443,392.324,144.6245,43.734142,262.5454,308.7595,104.809715,376.84195,161.98383,32.04691,284.63278,327.38446,94.63363,402.2492,208.47162
Screenshot_20230220_023005 copy 7.png,313.1047,374.0493,-47.289146,319.41766,368.23706,-44.754326,319.66382,366.32117,-44.772064,319.9297,364.54672,-44.80148,319.02374,371.3436,-67.8281,318.91104,371.5373,-67.78213,318.85846,371.85312,-67.76785,318.2076,356.92285,-15.062142,317.47772,366.06567,-119.81968,307.25183,370.0844,-30.884567,306.99765,372.55612,-61.288303,287.0725,328.33322,62.212963,287.18884,354.92896,-162.15558,292.56924,383.86667,136.6825,330.37665,405.96655,-232.9492,294.4787,431.6056,89.086815,393.853,438.85794,-234.19005,306.54425,442.14795,90.78343,414.49478,445.96106,-262.80505,309.62567,442.55222,62.29353,416.95374,443.15842,-247.3788,303.94604,439.59772,75.89219,408.56677,441.1647,-229.54391,159.3587,325.87643,72.43386,159.65607,357.94995,-73.054855,110.52926,305.61835,237.98415,166.51244,432.4553,13.351717,53.360985,271.68442,300.1257,112.47443,392.324,144.6245,43.734142,262.5454,308.7595,104.809715,376.84195,161.98383,32.04691,284.63278,327.38446,94.63363,402.2492,208.47162
Screenshot_20230220_023005 copy 8.png,313.1047,374.0493,-47.289146,319.41766,368.23706,-44.754326,319.66382,366.32117,-44.772064,319.9297,364.54672,-44.80148,319.02374,371.3436,-67.8281,318.91104,371.5373,-67.78213,318.85846,371.85312,-67.76785,318.2076,356.92285,-15.062142,317.47772,366.06567,-119.81968,307.25183,370.0844,-30.884567,306.99765,372.55612,-61.288303,287.0725,328.33322,62.212963,287.18884,354.92896,-162.15558,292.56924,383.86667,136.6825,330.37665,405.96655,-232.9492,294.4787,431.6056,89.086815,393.853,438.85794,-234.19005,306.54425,442.14795,90.78343,414.49478,445.96106,-262.80505,309.62567,442.55222,62.29353,416.95374,443.15842,-247.3788,303.94604,439.59772,75.89219,408.56677,441.1647,-229.54391,159.3587,325.87643,72.43386,159.65607,357.94995,-73.054855,110.52926,305.61835,237.98415,166.51244,432.4553,13.351717,53.360985,271.68442,300.1257,112.47443,392.324,144.6245,43.734142,262.5454,308.7595,104.809715,376.84195,161.98383,32.04691,284.63278,327.38446,94.63363,402.2492,208.47162
Screenshot_20230220_023005 copy 9.png,313.1047,374.0493,-47.289146,319.41766,368.23706,-44.754326,319.66382,366.32117,-44.772064,319.9297,364.54672,-44.80148,319.02374,371.3436,-67.8281,318.91104,371.5373,-67.78213,318.85846,371.85312,-67.76785,318.2076,356.92285,-15.062142,317.47772,366.06567,-119.81968,307.25183,370.0844,-30.884567,306.99765,372.55612,-61.288303,287.0725,328.33322,62.212963,287.18884,354.92896,-162.15558,292.56924,383.86667,136.6825,330.37665,405.96655,-232.9492,294.4787,431.6056,89.086815,393.853,438.85794,-234.19005,306.54425,442.14795,90.78343,414.49478,445.96106,-262.80505,309.62567,442.55222,62.29353,416.95374,443.15842,-247.3788,303.94604,439.59772,75.89219,408.56677,441.1647,-229.54391,159.3587,325.87643,72.43386,159.65607,357.94995,-73.054855,110.52926,305.61835,237.98415,166.51244,432.4553,13.351717,53.360985,271.68442,300.1257,112.47443,392.324,144.6245,43.734142,262.5454,308.7595,104.809715,376.84195,161.98383,32.04691,284.63278,327.38446,94.63363,402.2492,208.47162
Screenshot_20230220_023005 copy.png,313.1047,374.0493,-47.289146,319.41766,368.23706,-44.754326,319.66382,366.32117,-44.772064,319.9297,364.54672,-44.80148,319.02374,371.3436,-67.8281,318.91104,371.5373,-67.78213,318.85846,371.85312,-67.76785,318.2076,356.92285,-15.062142,317.47772,366.06567,-119.81968,307.25183,370.0844,-30.884567,306.99765,372.55612,-61.288303,287.0725,328.33322,62.212963,287.18884,354.92896,-162.15558,292.56924,383.86667,136.6825,330.37665,405.96655,-232.9492,294.4787,431.6056,89.086815,393.853,438.85794,-234.19005,306.54425,442.14795,90.78343,414.49478,445.96106,-262.80505,309.62567,442.55222,62.29353,416.95374,443.15842,-247.3788,303.94604,439.59772,75.89219,408.56677,441.1647,-229.54391,159.3587,325.87643,72.43386,159.65607,357.94995,-73.054855,110.52926,305.61835,237.98415,166.51244,432.4553,13.351717,53.360985,271.68442,300.1257,112.47443,392.324,144.6245,43.734142,262.5454,308.7595,104.809715,376.84195,161.98383,32.04691,284.63278,327.38446,94.63363,402.2492,208.47162
Screenshot_20230220_023005.png,313.1047,374.0493,-47.289146,319.41766,368.23706,-44.754326,319.66382,366.32117,-44.772064,319.9297,364.54672,-44.80148,319.02374,371.3436,-67.8281,318.91104,371.5373,-67.78213,318.85846,371.85312,-67.76785,318.2076,356.92285,-15.062142,317.47772,366.06567,-119.81968,307.25183,370.0844,-30.884567,306.99765,372.55612,-61.288303,287.0725,328.33322,62.212963,287.18884,354.92896,-162.15558,292.56924,383.86667,136.6825,330.37665,405.96655,-232.9492,294.4787,431.6056,89.086815,393.853,438.85794,-234.19005,306.54425,442.14795,90.78343,414.49478,445.96106,-262.80505,309.62567,442.55222,62.29353,416.95374,443.15842,-247.3788,303.94604,439.59772,75.89219,408.56677,441.1647,-229.54391,159.3587,325.87643,72.43386,159.65607,357.94995,-73.054855,110.52926,305.61835,237.98415,166.51244,432.4553,13.351717,53.360985,271.68442,300.1257,112.47443,392.324,144.6245,43.734142,262.5454,308.7595,104.809715,376.84195,161.98383,32.04691,284.63278,327.38446,94.63363,402.2492,208.47162
Screenshot_20230220_023053 copy 2.png,313.45746,295.73727,35.137783,317.6687,290.40024,44.17932,317.30203,290.05368,44.18487,316.8729,289.7192,44.192726,317.9048,289.45197,24.568275,317.7637,288.4178,24.587051,317.56763,287.36536,24.630306,310.69052,284.1123,85.31315,311.55954,281.6886,-2.9254482,306.4185,296.5253,53.43693,306.84454,295.26422,27.616915,277.27448,292.12695,153.37393,292.1316,284.79416,-63.937893,276.09833,335.65695,225.64767,341.52722,292.38983,-137.09773,291.71362,373.73154,204.64482,392.67404,295.2119,-123.45509,300.5164,378.51053,214.54465,404.6956,293.29276,-145.2856,302.2555,378.29126,187.43286,406.29074,290.333,-127.7275,298.74252,377.03287,192.39919,401.887,291.34888,-117.81866,176.11153,307.22516,66.2033,183.22852,318.68787,-66.47372,114.621475,306.25787,115.88367,170.86783,386.76907,-30.086597,50.433468,292.33603,154.64764,102.229706,394.3197,29.49653,38.92971,284.25555,159.86848,90.972534,384.56073,37.27097,25.538233,314.63226,151.42589,76.087715,404.45053,36.225964
Screenshot_20230220_023053 copy 3.png,313.45746,295.73727,35.137783,317.6687,290.40024,44.17932,317.30203,290.05368,44.18487,316.8729,289.7192,44.192726,317.9048,289.45197,24.568275,317.7637,288.4178,24.587051,317.56763,287.36536,24.630306,310.69052,284.1123,85.31315,311.55954,281.6886,-2.9254482,306.4185,296.5253,53.43693,306.84454,295.26422,27.616915,277.27448,292.12695,153.37393,292.1316,284.79416,-63.937893,276.09833,335.65695,225.64767,341.52722,292.38983,-137.09773,291.71362,373.73154,204.64482,392.67404,295.2119,-123.45509,300.5164,378.51053,214.54465,404.6956,293.29276,-145.2856,302.2555,378.29126,187.43286,406.29074,290.333,-127.7275,298.74252,377.03287,192.39919,401.887,291.34888,-117.81866,176.11153,307.22516,66.2033,183.22852,318.68787,-66.47372,114.621475,306.25787,115.88367,170.86783,386.76907,-30.086597,50.433468,292.33603,154.64764,102.229706,394.3197,29.49653,38.92971,284.25555,159.86848,90.972534,384.56073,37.27097,25.538233,314.63226,151.42589,76.087715,404.45053,36.225964
Screenshot_20230220_023053 copy 4.png,313.45746,295.73727,35.137783,317.6687,290.40024,44.17932,317.30203,290.05368,44.18487,316.8729,289.7192,44.192726,317.9048,289.45197,24.568275,317.7637,288.4178,24.587051,317.56763,287.36536,24.630306,310.69052,284.1123,85.31315,311.55954,281.6886,-2.9254482,306.4185,296.5253,53.43693,306.84454,295.26422,27.616915,277.27448,292.12695,153.37393,292.1316,284.79416,-63.937893,276.09833,335.65695,225.64767,341.52722,292.38983,-137.09773,291.71362,373.73154,204.64482,392.67404,295.2119,-123.45509,300.5164,378.51053,214.54465,404.6956,293.29276,-145.2856,302.2555,378.29126,187.43286,406.29074,290.333,-127.7275,298.74252,377.03287,192.39919,401.887,291.34888,-117.81866,176.11153,307.22516,66.2033,183.22852,318.68787,-66.47372,114.621475,306.25787,115.88367,170.86783,386.76907,-30.086597,50.433468,292.33603,154.64764,102.229706,394.3197,29.49653,38.92971,284.25555,159.86848,90.972534,384.56073,37.27097,25.538233,314.63226,151.42589,76.087715,404.45053,36.225964
Screenshot_20230220_023053 copy 5.png,313.45746,295.73727,35.137783,317.6687,290.40024,44.17932,317.30203,290.05368,44.18487,316.8729,289.7192,44.192726,317.9048,289.45197,24.568275,317.7637,288.4178,24.587051,317.56763,287.36536,24.630306,310.69052,284.1123,85.31315,311.55954,281.6886,-2.9254482,306.4185,296.5253,53.43693,306.84454,295.26422,27.616915,277.27448,292.12695,153.37393,292.1316,284.79416,-63.937893,276.09833,335.65695,225.64767,341.52722,292.38983,-137.09773,291.71362,373.73154,204.64482,392.67404,295.2119,-123.45509,300.5164,378.51053,214.54465,404.6956,293.29276,-145.2856,302.2555,378.29126,187.43286,406.29074,290.333,-127.7275,298.74252,377.03287,192.39919,401.887,291.34888,-117.81866,176.11153,307.22516,66.2033,183.22852,318.68787,-66.47372,114.621475,306.25787,115.88367,170.86783,386.76907,-30.086597,50.433468,292.33603,154.64764,102.229706,394.3197,29.49653,38.92971,284.25555,159.86848,90.972534,384.56073,37.27097,25.538233,314.63226,151.42589,76.087715,404.45053,36.225964
Screenshot_20230220_023053 copy 6.png,313.45746,295.73727,35.137783,317.6687,290.40024,44.17932,317.30203,290.05368,44.18487,316.8729,289.7192,44.192726,317.9048,289.45197,24.568275,317.7637,288.4178,24.587051,317.56763,287.36536,24.630306,310.69052,284.1123,85.31315,311.55954,281.6886,-2.9254482,306.4185,296.5253,53.43693,306.84454,295.26422,27.616915,277.27448,292.12695,153.37393,292.1316,284.79416,-63.937893,276.09833,335.65695,225.64767,341.52722,292.38983,-137.09773,291.71362,373.73154,204.64482,392.67404,295.2119,-123.45509,300.5164,378.51053,214.54465,404.6956,293.29276,-145.2856,302.2555,378.29126,187.43286,406.29074,290.333,-127.7275,298.74252,377.03287,192.39919,401.887,291.34888,-117.81866,176.11153,307.22516,66.2033,183.22852,318.68787,-66.47372,114.621475,306.25787,115.88367,170.86783,386.76907,-30.086597,50.433468,292.33603,154.64764,102.229706,394.3197,29.49653,38.92971,284.25555,159.86848,90.972534,384.56073,37.27097,25.538233,314.63226,151.42589,76.087715,404.45053,36.225964
Screenshot_20230220_023053 copy 7.png,313.45746,295.73727,35.137783,317.6687,290.40024,44.17932,317.30203,290.05368,44.18487,316.8729,289.7192,44.192726,317.9048,289.45197,24.568275,317.7637,288.4178,24.587051,317.56763,287.36536,24.630306,310.69052,284.1123,85.31315,311.55954,281.6886,-2.9254482,306.4185,296.5253,53.43693,306.84454,295.26422,27.616915,277.27448,292.12695,153.37393,292.1316,284.79416,-63.937893,276.09833,335.65695,225.64767,341.52722,292.38983,-137.09773,291.71362,373.73154,204.64482,392.67404,295.2119,-123.45509,300.5164,378.51053,214.54465,404.6956,293.29276,-145.2856,302.2555,378.29126,187.43286,406.29074,290.333,-127.7275,298.74252,377.03287,192.39919,401.887,291.34888,-117.81866,176.11153,307.22516,66.2033,183.22852,318.68787,-66.47372,114.621475,306.25787,115.88367,170.86783,386.76907,-30.086597,50.433468,292.33603,154.64764,102.229706,394.3197,29.49653,38.92971,284.25555,159.86848,90.972534,384.56073,37.27097,25.538233,314.63226,151.42589,76.087715,404.45053,36.225964
Screenshot_20230220_023053 copy 8.png,313.45746,295.73727,35.137783,317.6687,290.40024,44.17932,317.30203,290.05368,44.18487,316.8729,289.7192,44.192726,317.9048,289.45197,24.568275,317.7637,288.4178,24.587051,317.56763,287.36536,24.630306,310.69052,284.1123,85.31315,311.55954,281.6886,-2.9254482,306.4185,296.5253,53.43693,306.84454,295.26422,27.616915,277.27448,292.12695,153.37393,292.1316,284.79416,-63.937893,276.09833,335.65695,225.64767,341.52722,292.38983,-137.09773,291.71362,373.73154,204.64482,392.67404,295.2119,-123.45509,300.5164,378.51053,214.54465,404.6956,293.29276,-145.2856,302.2555,378.29126,187.43286,406.29074,290.333,-127.7275,298.74252,377.03287,192.39919,401.887,291.34888,-117.81866,176.11153,307.22516,66.2033,183.22852,318.68787,-66.47372,114.621475,306.25787,115.88367,170.86783,386.76907,-30.086597,50.433468,292.33603,154.64764,102.229706,394.3197,29.49653,38.92971,284.25555,159.86848,90.972534,384.56073,37.27097,25.538233,314.63226,151.42589,76.087715,404.45053,36.225964
Screenshot_20230220_023053 copy.png,313.45746,295.73727,35.137783,317.6687,290.40024,44.17932,317.30203,290.05368,44.18487,316.8729,289.7192,44.192726,317.9048,289.45197,24.568275,317.7637,288.4178,24.587051,317.56763,287.36536,24.630306,310.69052,284.1123,85.31315,311.55954,281.6886,-2.9254482,306.4185,296.5253,53.43693,306.84454,295.26422,27.616915,277.27448,292.12695,153.37393,292.1316,284.79416,-63.937893,276.09833,335.65695,225.64767,341.52722,292.38983,-137.09773,291.71362,373.73154,204.64482,392.67404,295.2119,-123.45509,300.5164,378.51053,214.54465,404.6956,293.29276,-145.2856,302.2555,378.29126,187.43286,406.29074,290.333,-127.7275,298.74252,377.03287,192.39919,401.887,291.34888,-117.81866,176.11153,307.22516,66.2033,183.22852,318.68787,-66.47372,114.621475,306.25787,115.88367,170.86783,386.76907,-30.086597,50.433468,292.33603,154.64764,102.229706,394.3197,29.49653,38.92971,284.25555,159.86848,90.972534,384.56073,37.27097,25.538233,314.63226,151.42589,76.087715,404.45053,36.225964
Screenshot_20230220_023053.png,313.45746,295.73727,35.137783,317.6687,290.40024,44.17932,317.30203,290.05368,44.18487,316.8729,289.7192,44.192726,317.9048,289.45197,24.568275,317.7637,288.4178,24.587051,317.56763,287.36536,24.630306,310.69052,284.1123,85.31315,311.55954,281.6886,-2.9254482,306.4185,296.5253,53.43693,306.84454,295.26422,27.616915,277.27448,292.12695,153.37393,292.1316,284.79416,-63.937893,276.09833,335.65695,225.64767,341.52722,292.38983,-137.09773,291.71362,373.73154,204.64482,392.67404,295.2119,-123.45509,300.5164,378.51053,214.54465,404.6956,293.29276,-145.2856,302.2555,378.29126,187.43286,406.29074,290.333,-127.7275,298.74252,377.03287,192.39919,401.887,291.34888,-117.81866,176.11153,307.22516,66.2033,183.22852,318.68787,-66.47372,114.621475,306.25787,115.88367,170.86783,386.76907,-30.086597,50.433468,292.33603,154.64764,102.229706,394.3197,29.49653,38.92971,284.25555,159.86848,90.972534,384.56073,37.27097,25.538233,314.63226,151.42589,76.087715,404.45053,36.225964
Screenshot_20230220_023108 copy 10.png,322.4918,291.6436,68.549446,326.64685,287.58633,78.09758,326.32837,287.16156,78.0903,325.94595,286.78012,78.08892,327.28616,286.99176,56.996346,327.46634,286.12848,57.0317,327.56277,285.31586,57.11524,320.3506,281.13553,120.975586,322.21368,280.71213,24.722845,315.39023,291.85938,87.66657,315.76898,290.7701,59.464493,281.7328,285.69977,190.05489,298.8043,283.87503,-41.6728,276.61142,331.95038,274.82858,348.00656,293.79065,-120.517395,288.80472,377.46194,260.5827,395.54022,297.32336,-107.942665,296.69614,383.6843,276.35715,409.68893,296.81024,-128.41971,299.16068,384.33536,245.15897,410.75323,293.623,-108.47728,295.56284,382.41068,247.66644,404.3331,294.2103,-100.598724,187.75267,313.95416,69.9546,202.27327,322.75073,-70.240845,122.53652,332.58594,85.6692,200.98817,395.85785,-54.092094,48.6094,318.90924,67.26321,130.68317,385.7898,-46.30231,36.669666,310.05563,66.71501,123.284836,375.59616,-43.45497,19.74645,340.9722,50.672974,103.59352,404.8842,-37.582664
Screenshot_20230220_023108 copy 2.png,322.4918,291.6436,68.549446,326.64685,287.58633,78.09758,326.32837,287.16156,78.0903,325.94595,286.78012,78.08892,327.28616,286.99176,56.996346,327.46634,286.12848,57.0317,327.56277,285.31586,57.11524,320.3506,281.13553,120.975586,322.21368,280.71213,24.722845,315.39023,291.85938,87.66657,315.76898,290.7701,59.464493,281.7328,285.69977,190.05489,298.8043,283.87503,-41.6728,276.61142,331.95038,274.82858,348.00656,293.79065,-120.517395,288.80472,377.46194,260.5827,395.54022,297.32336,-107.942665,296.69614,383.6843,276.35715,409.68893,296.81024,-128.41971,299.16068,384.33536,245.15897,410.75323,293.623,-108.47728,295.56284,382.41068,247.66644,404.3331,294.2103,-100.598724,187.75267,313.95416,69.9546,202.27327,322.75073,-70.240845,122.53652,332.58594,85.6692,200.98817,395.85785,-54.092094,48.6094,318.90924,67.26321,130.68317,385.7898,-46.30231,36.669666,310.05563,66.71501,123.284836,375.59616,-43.45497,19.74645,340.9722,50.672974,103.59352,404.8842,-37.582664
Screenshot_20230220_023108 copy 3.png,322.4918,291.6436,68.549446,326.64685,287.58633,78.09758,326.32837,287.16156,78.0903,325.94595,286.78012,78.08892,327.28616,286.99176,56.996346,327.46634,286.12848,57.0317,327.56277,285.31586,57.11524,320.3506,281.13553,120.975586,322.21368,280.71213,24.722845,315.39023,291.85938,87.66657,315.76898,290.7701,59.464493,281.7328,285.69977,190.05489,298.8043,283.87503,-41.6728,276.61142,331.95038,274.82858,348.00656,293.79065,-120.517395,288.80472,377.46194,260.5827,395.54022,297.32336,-107.942665,296.69614,383.6843,276.35715,409.68893,296.81024,-128.41971,299.16068,384.33536,245.15897,410.75323,293.623,-108.47728,295.56284,382.41068,247.66644,404.3331,294.2103,-100.598724,187.75267,313.95416,69.9546,202.27327,322.75073,-70.240845,122.53652,332.58594,85.6692,200.98817,395.85785,-54.092094,48.6094,318.90924,67.26321,130.68317,385.7898,-46.30231,36.669666,310.05563,66.71501,123.284836,375.59616,-43.45497,19.74645,340.9722,50.672974,103.59352,404.8842,-37.582664
Screenshot_20230220_023108 copy 4.png,322.4918,291.6436,68.549446,326.64685,287.58633,78.09758,326.32837,287.16156,78.0903,325.94595,286.78012,78.08892,327.28616,286.99176,56.996346,327.46634,286.12848,57.0317,327.56277,285.31586,57.11524,320.3506,281.13553,120.975586,322.21368,280.71213,24.722845,315.39023,291.85938,87.66657,315.76898,290.7701,59.464493,281.7328,285.69977,190.05489,298.8043,283.87503,-41.6728,276.61142,331.95038,274.82858,348.00656,293.79065,-120.517395,288.80472,377.46194,260.5827,395.54022,297.32336,-107.942665,296.69614,383.6843,276.35715,409.68893,296.81024,-128.41971,299.16068,384.33536,245.15897,410.75323,293.623,-108.47728,295.56284,382.41068,247.66644,404.3331,294.2103,-100.598724,187.75267,313.95416,69.9546,202.27327,322.75073,-70.240845,122.53652,332.58594,85.6692,200.98817,395.85785,-54.092094,48.6094,318.90924,67.26321,130.68317,385.7898,-46.30231,36.669666,310.05563,66.71501,123.284836,375.59616,-43.45497,19.74645,340.9722,50.672974,103.59352,404.8842,-37.582664
Screenshot_20230220_023108 copy 5.png,322.4918,291.6436,68.549446,326.64685,287.58633,78.09758,326.32837,287.16156,78.0903,325.94595,286.78012,78.08892,327.28616,286.99176,56.996346,327.46634,286.12848,57.0317,327.56277,285.31586,57.11524,320.3506,281.13553,120.975586,322.21368,280.71213,24.722845,315.39023,291.85938,87.66657,315.76898,290.7701,59.464493,281.7328,285.69977,190.05489,298.8043,283.87503,-41.6728,276.61142,331.95038,274.82858,348.00656,293.79065,-120.517395,288.80472,377.46194,260.5827,395.54022,297.32336,-107.942665,296.69614,383.6843,276.35715,409.68893,296.81024,-128.41971,299.16068,384.33536,245.15897,410.75323,293.623,-108.47728,295.56284,382.41068,247.66644,404.3331,294.2103,-100.598724,187.75267,313.95416,69.9546,202.27327,322.75073,-70.240845,122.53652,332.58594,85.6692,200.98817,395.85785,-54.092094,48.6094,318.90924,67.26321,130.68317,385.7898,-46.30231,36.669666,310.05563,66.71501,123.284836,375.59616,-43.45497,19.74645,340.9722,50.672974,103.59352,404.8842,-37.582664
Screenshot_20230220_023108 copy 6.png,322.4918,291.6436,68.549446,326.64685,287.58633,78.09758,326.32837,287.16156,78.0903,325.94595,286.78012,78.08892,327.28616,286.99176,56.996346,327.46634,286.12848,57.0317,327.56277,285.31586,57.11524,320.3506,281.13553,120.975586,322.21368,280.71213,24.722845,315.39023,291.85938,87.66657,315.76898,290.7701,59.464493,281.7328,285.69977,190.05489,298.8043,283.87503,-41.6728,276.61142,331.95038,274.82858,348.00656,293.79065,-120.517395,288.80472,377.46194,260.5827,395.54022,297.32336,-107.942665,296.69614,383.6843,276.35715,409.68893,296.81024,-128.41971,299.16068,384.33536,245.15897,410.75323,293.623,-108.47728,295.56284,382.41068,247.66644,404.3331,294.2103,-100.598724,187.75267,313.95416,69.9546,202.27327,322.75073,-70.240845,122.53652,332.58594,85.6692,200.98817,395.85785,-54.092094,48.6094,318.90924,67.26321,130.68317,385.7898,-46.30231,36.669666,310.05563,66.71501,123.284836,375.59616,-43.45497,19.74645,340.9722,50.672974,103.59352,404.8842,-37.582664
Screenshot_20230220_023108 copy 7.png,322.4918,291.6436,68.549446,326.64685,287.58633,78.09758,326.32837,287.16156,78.0903,325.94595,286.78012,78.08892,327.28616,286.99176,56.996346,327.46634,286.12848,57.0317,327.56277,285.31586,57.11524,320.3506,281.13553,120.975586,322.21368,280.71213,24.722845,315.39023,291.85938,87.66657,315.76898,290.7701,59.464493,281.7328,285.69977,190.05489,298.8043,283.87503,-41.6728,276.61142,331.95038,274.82858,348.00656,293.79065,-120.517395,288.80472,377.46194,260.5827,395.54022,297.32336,-107.942665,296.69614,383.6843,276.35715,409.68893,296.81024,-128.41971,299.16068,384.33536,245.15897,410.75323,293.623,-108.47728,295.56284,382.41068,247.66644,404.3331,294.2103,-100.598724,187.75267,313.95416,69.9546,202.27327,322.75073,-70.240845,122.53652,332.58594,85.6692,200.98817,395.85785,-54.092094,48.6094,318.90924,67.26321,130.68317,385.7898,-46.30231,36.669666,310.05563,66.71501,123.284836,375.59616,-43.45497,19.74645,340.9722,50.672974,103.59352,404.8842,-37.582664
Screenshot_20230220_023108 copy 8.png,322.4918,291.6436,68.549446,326.64685,287.58633,78.09758,326.32837,287.16156,78.0903,325.94595,286.78012,78.08892,327.28616,286.99176,56.996346,327.46634,286.12848,57.0317,327.56277,285.31586,57.11524,320.3506,281.13553,120.975586,322.21368,280.71213,24.722845,315.39023,291.85938,87.66657,315.76898,290.7701,59.464493,281.7328,285.69977,190.05489,298.8043,283.87503,-41.6728,276.61142,331.95038,274.82858,348.00656,293.79065,-120.517395,288.80472,377.46194,260.5827,395.54022,297.32336,-107.942665,296.69614,383.6843,276.35715,409.68893,296.81024,-128.41971,299.16068,384.33536,245.15897,410.75323,293.623,-108.47728,295.56284,382.41068,247.66644,404.3331,294.2103,-100.598724,187.75267,313.95416,69.9546,202.27327,322.75073,-70.240845,122.53652,332.58594,85.6692,200.98817,395.85785,-54.092094,48.6094,318.90924,67.26321,130.68317,385.7898,-46.30231,36.669666,310.05563,66.71501,123.284836,375.59616,-43.45497,19.74645,340.9722,50.672974,103.59352,404.8842,-37.582664
Screenshot_20230220_023108 copy 9.png,322.4918,291.6436,68.549446,326.64685,287.58633,78.09758,326.32837,287.16156,78.0903,325.94595,286.78012,78.08892,327.28616,286.99176,56.996346,327.46634,286.12848,57.0317,327.56277,285.31586,57.11524,320.3506,281.13553,120.975586,322.21368,280.71213,24.722845,315.39023,291.85938,87.66657,315.76898,290.7701,59.464493,281.7328,285.69977,190.05489,298.8043,283.87503,-41.6728,276.61142,331.95038,274.82858,348.00656,293.79065,-120.517395,288.80472,377.46194,260.5827,395.54022,297.32336,-107.942665,296.69614,383.6843,276.35715,409.68893,296.81024,-128.41971,299.16068,384.33536,245.15897,410.75323,293.623,-108.47728,295.56284,382.41068,247.66644,404.3331,294.2103,-100.598724,187.75267,313.95416,69.9546,202.27327,322.75073,-70.240845,122.53652,332.58594,85.6692,200.98817,395.85785,-54.092094,48.6094,318.90924,67.26321,130.68317,385.7898,-46.30231,36.669666,310.05563,66.71501,123.284836,375.59616,-43.45497,19.74645,340.9722,50.672974,103.59352,404.8842,-37.582664
Screenshot_20230220_023108 copy.png,322.4918,291.6436,68.549446,326.64685,287.58633,78.09758,326.32837,287.16156,78.0903,325.94595,286.78012,78.08892,327.28616,286.99176,56.996346,327.46634,286.12848,57.0317,327.56277,285.31586,57.11524,320.3506,281.13553,120.975586,322.21368,280.71213,24.722845,315.39023,291.85938,87.66657,315.76898,290.7701,59.464493,281.7328,285.69977,190.05489,298.8043,283.87503,-41.6728,276.61142,331.95038,274.82858,348.00656,293.79065,-120.517395,288.80472,377.46194,260.5827,395.54022,297.32336,-107.942665,296.69614,383.6843,276.35715,409.68893,296.81024,-128.41971,299.16068,384.33536,245.15897,410.75323,293.623,-108.47728,295.56284,382.41068,247.66644,404.3331,294.2103,-100.598724,187.75267,313.95416,69.9546,202.27327,322.75073,-70.240845,122.53652,332.58594,85.6692,200.98817,395.85785,-54.092094,48.6094,318.90924,67.26321,130.68317,385.7898,-46.30231,36.669666,310.05563,66.71501,123.284836,375.59616,-43.45497,19.74645,340.9722,50.672974,103.59352,404.8842,-37.582664
Screenshot_20230220_023108.png,322.4918,291.6436,68.549446,326.64685,287.58633,78.09758,326.32837,287.16156,78.0903,325.94595,286.78012,78.08892,327.28616,286.99176,56.996346,327.46634,286.12848,57.0317,327.56277,285.31586,57.11524,320.3506,281.13553,120.975586,322.21368,280.71213,24.722845,315.39023,291.85938,87.66657,315.76898,290.7701,59.464493,281.7328,285.69977,190.05489,298.8043,283.87503,-41.6728,276.61142,331.95038,274.82858,348.00656,293.79065,-120.517395,288.80472,377.46194,260.5827,395.54022,297.32336,-107.942665,296.69614,383.6843,276.35715,409.68893,296.81024,-128.41971,299.16068,384.33536,245.15897,410.75323,293.623,-108.47728,295.56284,382.41068,247.66644,404.3331,294.2103,-100.598724,187.75267,313.95416,69.9546,202.27327,322.75073,-70.240845,122.53652,332.58594,85.6692,200.98817,395.85785,-54.092094,48.6094,318.90924,67.26321,130.68317,385.7898,-46.30231,36.669666,310.05563,66.71501,123.284836,375.59616,-43.45497,19.74645,340.9722,50.672974,103.59352,404.8842,-37.582664
Screenshot_20230220_023225 copy 2.png,325.25116,287.98596,45.649315,329.58075,283.38602,55.977398,329.37683,282.95132,55.97819,329.19632,282.3732,55.996166,329.60562,282.224,32.290295,329.3783,281.0505,32.33994,329.14423,279.7147,32.38765,323.84692,274.99567,101.8692,323.5101,273.29248,-5.3781796,318.56912,288.1362,65.392105,318.77917,285.86655,34.16705,286.13403,276.5561,172.40512,298.3432,271.56635,-77.32754,277.83206,323.0941,243.1466,349.2898,278.03488,-167.08676,289.55,367.17633,183.99635,400.48907,283.09427,-160.40013,300.08347,372.18402,184.81798,413.25156,283.36618,-187.20871,301.55756,371.4868,153.48666,414.16132,280.55328,-174.69467,297.72333,370.6163,168.68617,410.15347,280.5862,-156.6977,187.73964,297.6231,81.22655,192.29803,309.66983,-81.52623,110.86106,300.49805,105.25352,206.34692,379.96368,-44.799282,34.43935,278.20892,125.98002,128.90514,368.5365,67.79459,26.054348,270.3012,128.81927,119.598465,359.69223,81.12605,5.346501,297.19778,115.82141,116.64067,394.32858,100.570015
Screenshot_20230220_023225 copy 3.png,325.25116,287.98596,45.649315,329.58075,283.38602,55.977398,329.37683,282.95132,55.97819,329.19632,282.3732,55.996166,329.60562,282.224,32.290295,329.3783,281.0505,32.33994,329.14423,279.7147,32.38765,323.84692,274.99567,101.8692,323.5101,273.29248,-5.3781796,318.56912,288.1362,65.392105,318.77917,285.86655,34.16705,286.13403,276.5561,172.40512,298.3432,271.56635,-77.32754,277.83206,323.0941,243.1466,349.2898,278.03488,-167.08676,289.55,367.17633,183.99635,400.48907,283.09427,-160.40013,300.08347,372.18402,184.81798,413.25156,283.36618,-187.20871,301.55756,371.4868,153.48666,414.16132,280.55328,-174.69467,297.72333,370.6163,168.68617,410.15347,280.5862,-156.6977,187.73964,297.6231,81.22655,192.29803,309.66983,-81.52623,110.86106,300.49805,105.25352,206.34692,379.96368,-44.799282,34.43935,278.20892,125.98002,128.90514,368.5365,67.79459,26.054348,270.3012,128.81927,119.598465,359.69223,81.12605,5.346501,297.19778,115.82141,116.64067,394.32858,100.570015
Screenshot_20230220_023225 copy 4.png,325.25116,287.98596,45.649315,329.58075,283.38602,55.977398,329.37683,282.95132,55.97819,329.19632,282.3732,55.996166,329.60562,282.224,32.290295,329.3783,281.0505,32.33994,329.14423,279.7147,32.38765,323.84692,274.99567,101.8692,323.5101,273.29248,-5.3781796,318.56912,288.1362,65.392105,318.77917,285.86655,34.16705,286.13403,276.5561,172.40512,298.3432,271.56635,-77.32754,277.83206,323.0941,243.1466,349.2898,278.03488,-167.08676,289.55,367.17633,183.99635,400.48907,283.09427,-160.40013,300.08347,372.18402,184.81798,413.25156,283.36618,-187.20871,301.55756,371.4868,153.48666,414.16132,280.55328,-174.69467,297.72333,370.6163,168.68617,410.15347,280.5862,-156.6977,187.73964,297.6231,81.22655,192.29803,309.66983,-81.52623,110.86106,300.49805,105.25352,206.34692,379.96368,-44.799282,34.43935,278.20892,125.98002,128.90514,368.5365,67.79459,26.054348,270.3012,128.81927,119.598465,359.69223,81.12605,5.346501,297.19778,115.82141,116.64067,394.32858,100.570015
Screenshot_20230220_023225 copy 5.png,325.25116,287.98596,45.649315,329.58075,283.38602,55.977398,329.37683,282.95132,55.97819,329.19632,282.3732,55.996166,329.60562,282.224,32.290295,329.3783,281.0505,32.33994,329.14423,279.7147,32.38765,323.84692,274.99567,101.8692,323.5101,273.29248,-5.3781796,318.56912,288.1362,65.392105,318.77917,285.86655,34.16705,286.13403,276.5561,172.40512,298.3432,271.56635,-77.32754,277.83206,323.0941,243.1466,349.2898,278.03488,-167.08676,289.55,367.17633,183.99635,400.48907,283.09427,-160.40013,300.08347,372.18402,184.81798,413.25156,283.36618,-187.20871,301.55756,371.4868,153.48666,414.16132,280.55328,-174.69467,297.72333,370.6163,168.68617,410.15347,280.5862,-156.6977,187.73964,297.6231,81.22655,192.29803,309.66983,-81.52623,110.86106,300.49805,105.25352,206.34692,379.96368,-44.799282,34.43935,278.20892,125.98002,128.90514,368.5365,67.79459,26.054348,270.3012,128.81927,119.598465,359.69223,81.12605,5.346501,297.19778,115.82141,116.64067,394.32858,100.570015
Screenshot_20230220_023225 copy 6.png,325.25116,287.98596,45.649315,329.58075,283.38602,55.977398,329.37683,282.95132,55.97819,329.19632,282.3732,55.996166,329.60562,282.224,32.290295,329.3783,281.0505,32.33994,329.14423,279.7147,32.38765,323.84692,274.99567,101.8692,323.5101,273.29248,-5.3781796,318.56912,288.1362,65.392105,318.77917,285.86655,34.16705,286.13403,276.5561,172.40512,298.3432,271.56635,-77.32754,277.83206,323.0941,243.1466,349.2898,278.03488,-167.08676,289.55,367.17633,183.99635,400.48907,283.09427,-160.40013,300.08347,372.18402,184.81798,413.25156,283.36618,-187.20871,301.55756,371.4868,153.48666,414.16132,280.55328,-174.69467,297.72333,370.6163,168.68617,410.15347,280.5862,-156.6977,187.73964,297.6231,81.22655,192.29803,309.66983,-81.52623,110.86106,300.49805,105.25352,206.34692,379.96368,-44.799282,34.43935,278.20892,125.98002,128.90514,368.5365,67.79459,26.054348,270.3012,128.81927,119.598465,359.69223,81.12605,5.346501,297.19778,115.82141,116.64067,394.32858,100.570015
Screenshot_20230220_023225 copy 7.png,325.25116,287.98596,45.649315,329.58075,283.38602,55.977398,329.37683,282.95132,55.97819,329.19632,282.3732,55.996166,329.60562,282.224,32.290295,329.3783,281.0505,32.33994,329.14423,279.7147,32.38765,323.84692,274.99567,101.8692,323.5101,273.29248,-5.3781796,318.56912,288.1362,65.392105,318.77917,285.86655,34.16705,286.13403,276.5561,172.40512,298.3432,271.56635,-77.32754,277.83206,323.0941,243.1466,349.2898,278.03488,-167.08676,289.55,367.17633,183.99635,400.48907,283.09427,-160.40013,300.08347,372.18402,184.81798,413.25156,283.36618,-187.20871,301.55756,371.4868,153.48666,414.16132,280.55328,-174.69467,297.72333,370.6163,168.68617,410.15347,280.5862,-156.6977,187.73964,297.6231,81.22655,192.29803,309.66983,-81.52623,110.86106,300.49805,105.25352,206.34692,379.96368,-44.799282,34.43935,278.20892,125.98002,128.90514,368.5365,67.79459,26.054348,270.3012,128.81927,119.598465,359.69223,81.12605,5.346501,297.19778,115.82141,116.64067,394.32858,100.570015
Screenshot_20230220_023225 copy.png,325.25116,287.98596,45.649315,329.58075,283.38602,55.977398,329.37683,282.95132,55.97819,329.19632,282.3732,55.996166,329.60562,282.224,32.290295,329.3783,281.0505,32.33994,329.14423,279.7147,32.38765,323.84692,274.99567,101.8692,323.5101,273.29248,-5.3781796,318.56912,288.1362,65.392105,318.77917,285.86655,34.16705,286.13403,276.5561,172.40512,298.3432,271.56635,-77.32754,277.83206,323.0941,243.1466,349.2898,278.03488,-167.08676,289.55,367.17633,183.99635,400.48907,283.09427,-160.40013,300.08347,372.18402,184.81798,413.25156,283.36618,-187.20871,301.55756,371.4868,153.48666,414.16132,280.55328,-174.69467,297.72333,370.6163,168.68617,410.15347,280.5862,-156.6977,187.73964,297.6231,81.22655,192.29803,309.66983,-81.52623,110.86106,300.49805,105.25352,206.34692,379.96368,-44.799282,34.43935,278.20892,125.98002,128.90514,368.5365,67.79459,26.054348,270.3012,128.81927,119.598465,359.69223,81.12605,5.346501,297.19778,115.82141,116.64067,394.32858,100.570015
Screenshot_20230220_023225.png,325.25116,287.98596,45.649315,329.58075,283.38602,55.977398,329.37683,282.95132,55.97819,329.19632,282.3732,55.996166,329.60562,282.224,32.290295,329.3783,281.0505,32.33994,329.14423,279.7147,32.38765,323.84692,274.99567,101.8692,323.5101,273.29248,-5.3781796,318.56912,288.1362,65.392105,318.77917,285.86655,34.16705,286.13403,276.5561,172.40512,298.3432,271.56635,-77.32754,277.83206,323.0941,243.1466,349.2898,278.03488,-167.08676,289.55,367.17633,183.99635,400.48907,283.09427,-160.40013,300.08347,372.18402,184.81798,413.25156,283.36618,-187.20871,301.55756,371.4868,153.48666,414.16132,280.55328,-174.69467,297.72333,370.6163,168.68617,410.15347,280.5862,-156.6977,187.73964,297.6231,81.22655,192.29803,309.66983,-81.52623,110.86106,300.49805,105.25352,206.34692,379.96368,-44.799282,34.43935,278.20892,125.98002,128.90514,368.5365,67.79459,26.054348,270.3012,128.81927,119.598465,359.69223,81.12605,5.346501,297.19778,115.82141,116.64067,394.32858,100.570015
