IMG_5110.JPG,818.6714,2144.049,-870.65924,820.89105,2136.662,-958.6427,829.6612,2134.17,-959.2435,838.48755,2131.306,-958.9556,799.0494,2128.5159,-929.3285,789.89557,2120.179,-930.04645,779.8363,2109.0955,-930.3486,869.13855,2094.2234,-1135.3732,781.2482,2071.6702,-1001.1381,847.87305,2131.9653,-899.99817,826.1512,2127.8462,-865.23535,1050.4463,2057.2864,-981.8298,776.80066,1902.7582,-828.66046,1287.4833,2042.5619,-841.6234,719.85315,1882.0812,-390.28232,1183.8162,2226.4385,-717.256,719.84247,2048.3926,18.175152,1181.5685,2273.5007,-761.8701,678.3333,2094.0962,29.740505,1144.5428,2257.7998,-787.78925,703.3212,2093.9258,-8.611088,1145.3536,2241.2754,-723.8707,722.8276,2083.6902,8.947489,1223.496,1913.9166,-79.69092,1101.6938,1855.6105,79.03535,1404.6187,1801.7439,557.8992,1223.9795,1761.2827,958.96643,1537.824,1686.9707,1095.3293,1323.3086,1651.985,1671.2084,1572.4222,1648.982,1144.3076,1359.3661,1633.5671,1746.1414,1548.4805,1742.8873,1049.8093,1329.6046,1704.8938,1744.6593
IMG_5111.JPG,901.9351,2058.1118,-1307.5739,907.4185,2047.9254,-1382.6995,919.7234,2045.1304,-1383.3708,934.2839,2040.1066,-1383.0569,884.6834,2042.3074,-1348.7489,878.60645,2036.5524,-1349.4021,871.8421,2031.3074,-1349.6317,981.27386,1992.0852,-1443.1965,875.5714,1991.4818,-1287.2122,931.7463,2054.2253,-1289.2604,905.7544,2048.9724,-1248.2185,1181.9194,1956.3137,-1212.8799,840.12195,1849.5063,-1003.1362,1378.6964,2035.3912,-1115.2151,785.67773,1901.3246,-540.4688,1272.0297,2232.7607,-1072.0259,782.8132,2092.4983,-286.46988,1275.6564,2284.776,-1156.8531,745.8712,2130.441,-299.68802,1231.9854,2271.2983,-1185.4432,763.7778,2131.026,-344.75333,1231.5272,2254.054,-1083.9904,788.29126,2115.3354,-300.72208,1316.9585,1834.679,-125.869415,1174.4241,1785.2505,125.12168,1491.4281,1751.9004,790.7532,1300.4332,1740.4934,1133.2463,1579.954,1668.8141,1646.0819,1391.5671,1632.968,2016.8176,1608.8975,1626.061,1727.7585,1418.7008,1597.9895,2111.5806,1586.512,1769.208,1604.9408,1391.761,1723.2969,2050.2766
IMG_5112.JPG,972.6807,2187.2458,-1204.8508,990.07635,2174.7153,-1316.1033,1002.63727,2168.0776,-1316.8191,1014.4219,2159.614,-1316.5652,948.33813,2176.1086,-1270.3954,932.6771,2168.8772,-1271.0875,917.1584,2159.8645,-1271.4392,1034.527,2107.0762,-1499.9261,907.4478,2104.1245,-1289.4393,1000.61127,2170.4717,-1222.3848,953.18787,2175.5771,-1164.7019,1220.1898,2005.8192,-1303.4292,840.14307,1923.692,-1115.9796,1441.3945,2120.4927,-1207.5106,762.1311,2023.7427,-591.7006,1343.3246,2340.14,-1179.1432,784.8124,2236.0115,-338.38684,1365.0433,2402.3599,-1287.793,744.18866,2283.085,-373.58597,1306.9221,2389.171,-1323.003,764.12396,2284.9902,-424.07483,1302.8027,2371.6233,-1197.1418,795.89514,2264.78,-355.38214,1299.6573,1879.2272,-126.40683,1156.1606,1840.7833,125.3547,1444.7656,1790.7126,986.1402,1221.7517,1795.8994,1277.232,1509.9948,1710.5938,1945.4772,1270.8606,1709.3901,2287.0273,1528.7448,1666.836,2041.8967,1291.1415,1677.199,2401.5308,1513.778,1817.9307,1963.6615,1290.8156,1791.2892,2391.852
IMG_5113.JPG,850.82007,2267.378,-1387.8168,869.46796,2275.0176,-1468.1133,884.92163,2274.0452,-1468.8688,900.3451,2272.081,-1468.809,827.8118,2265.7227,-1480.9088,814.4033,2259.572,-1481.4573,802.36005,2254.2615,-1481.7543,944.7407,2235.306,-1460.0315,783.2557,2211.3552,-1511.3486,878.9667,2236.6733,-1327.5647,832.1273,2234.9734,-1347.7385,1131.6781,2082.3948,-1260.9243,686.648,2074.5186,-1198.8611,1313.6803,2182.3254,-1088.2921,544.4759,2126.6726,-1011.1888,1254.3491,2422.764,-1169.3032,590.8165,2386.6113,-1076.3978,1288.157,2478.5454,-1289.1802,545.985,2445.3015,-1202.738,1242.153,2480.088,-1330.2252,595.803,2443.3765,-1248.3876,1221.7308,2454.6626,-1185.8157,621.6385,2419.5354,-1099.5253,1027.701,1923.8889,-22.166061,857.54596,1914.9698,22.395988,1099.7596,1819.3544,868.9644,910.6449,1813.4625,925.19574,1138.8628,1710.4944,1816.6475,896.9778,1681.7318,1884.9468,1149.783,1668.5328,1924.2916,895.02814,1638.9724,1997.8688,1145.4094,1802.7029,2033.5187,899.461,1764.304,2097.6357
IMG_5116.JPG,813.8004,2194.2952,-1470.8445,833.30524,2171.1594,-1567.1361,851.194,2160.602,-1568.0653,865.8729,2151.3787,-1567.7782,786.78986,2173.8364,-1516.775,770.66144,2167.2004,-1517.8408,754.7827,2160.9065,-1518.3933,897.0416,2084.459,-1690.1241,744.11774,2097.75,-1458.2166,849.0967,2173.383,-1467.17,799.3137,2184.8582,-1404.825,1115.044,1964.5955,-1468.0138,700.63055,1875.069,-1187.5674,1362.2615,2097.8474,-1421.2932,600.42,2035.5436,-726.4472,1334.9104,2385.7246,-1448.1613,616.8901,2291.1665,-555.0195,1363.842,2454.0479,-1590.4761,563.82117,2342.5518,-610.7752,1306.6979,2450.2598,-1627.0083,598.6192,2343.581,-676.00653,1293.7395,2427.6194,-1469.307,632.67786,2320.154,-581.84064,1239.1488,1793.0352,-153.72018,1039.0581,1750.0768,152.53888,1375.5966,1733.561,1017.4088,1101.664,1706.4497,1404.8481,1467.441,1640.2109,2140.3447,1163.4869,1651.6984,2501.0105,1489.2903,1603.4076,2247.5808,1210.5908,1608.5117,2619.9377,1468.3461,1763.6947,2123.8464,1228.4426,1750.0553,2564.348
IMG_5117.JPG,929.44196,2398.083,-1626.9364,963.0317,2371.2573,-1735.3837,981.9716,2359.2202,-1736.6481,998.1868,2352.4727,-1736.2871,894.32904,2380.2793,-1744.1093,867.6175,2376.8484,-1745.4238,843.1305,2368.6616,-1746.157,1034.694,2279.839,-1789.9574,797.62427,2300.1926,-1823.995,959.4471,2342.487,-1577.0992,882.79315,2353.1448,-1595.0535,1233.9838,2093.5576,-1429.2595,598.2968,2106.9092,-1563.4578,1468.3586,2169.7063,-1104.3882,429.77545,2213.4236,-1201.3433,1435.6782,2486.9155,-1126.3213,495.82635,2534.8584,-1135.1293,1488.0771,2567.9434,-1255.4857,443.24023,2605.005,-1294.5425,1416.7976,2581.4307,-1349.6835,513.9243,2602.2375,-1365.9233,1395.8706,2548.1853,-1164.6152,543.4929,2575.5688,-1170.2784,1087.0426,1788.3098,32.130775,838.2356,1790.8143,-32.6326,1125.3866,1694.1566,1397.3363,872.7314,1682.0962,1277.1174,1178.4323,1566.7969,2697.233,859.82935,1560.982,2590.0305,1174.8999,1513.3328,2833.1677,861.0305,1508.7372,2736.922,1188.5399,1604.8525,2841.5706,939.56274,1665.8038,2738.8738
IMG_5118.JPG,1660.5996,2304.2983,-764.88556,1712.6207,2305.5117,-843.38043,1728.7279,2297.66,-844.53766,1747.5815,2285.8633,-844.4544,1650.0637,2306.0645,-888.98785,1627.4152,2303.772,-890.1342,1607.2979,2302.188,-890.753,1777.6249,2213.381,-972.74835,1543.7473,2245.5378,-1176.6361,1655.5242,2215.815,-759.7225,1588.7349,2219.024,-827.9838,1772.9636,1907.3387,-801.3173,1174.2262,2074.9932,-1079.6279,1823.6089,1907.8815,-237.88953,964.6066,2280.6785,-873.3211,1837.5991,2281.3152,71.98982,1039.6248,2652.0479,-741.40845,1913.8759,2347.7708,37.58127,1023.48975,2745.5564,-896.98816,1863.6561,2361.1567,-59.44496,1098.822,2740.1243,-911.3743,1827.3467,2334.469,43.4962,1115.2046,2703.9592,-757.1715,1199.6975,1684.8558,128.74986,992.1988,1767.2615,-129.67456,1022.0537,1591.7645,1429.6313,735.64966,1666.4491,803.85626,899.5162,1473.0963,2604.8904,550.27185,1562.9498,1952.3818,855.3274,1419.9875,2725.0054,492.2381,1507.2448,2078.649,880.2961,1532.8676,2777.926,591.0137,1718.6007,2095.8328
IMG_5119.JPG,1651.7347,2098.1653,-1014.88617,1704.297,2092.0674,-1058.3435,1715.1946,2077.8542,-1059.7404,1725.4796,2065.768,-1059.6993,1660.2039,2110.4534,-1150.7632,1644.454,2111.3726,-1152.1417,1631.4086,2113.0461,-1152.9291,1702.8977,1956.8555,-1055.6486,1589.8025,2070.5479,-1474.5133,1617.6897,2052.1057,-965.64087,1588.0813,2073.3743,-1096.141,1624.7267,1731.576,-736.5184,1186.5967,2014.4395,-1384.5259,1622.8353,1852.7281,-25.040005,977.1837,2302.8074,-1470.2363,1771.8871,2127.3809,443.08517,1089.709,2656.6616,-1548.2089,1826.3569,2152.8635,448.60083,1103.6859,2754.2898,-1770.9387,1786.6617,2168.3672,320.24786,1176.9257,2713.5476,-1744.1947,1747.0645,2157.4272,404.0018,1175.3606,2680.2732,-1556.9792,962.1825,1647.0157,232.70628,805.81476,1780.8763,-233.53792,694.69684,1579.1832,1421.565,457.3845,1719.5398,632.27875,473.9905,1479.8912,2579.4062,183.02171,1646.846,1642.7511,408.6039,1447.4595,2690.6648,108.486244,1603.0326,1743.96,474.91138,1650.3396,2731.2146,263.85223,1786.3157,1678.09
IMG_5121 copy 2.png,1492.6191,1602.0643,224.4999,1517.5035,1588.6964,235.32314,1517.5498,1583.7618,234.71132,1517.4279,1578.4275,234.82156,1518.6993,1590.5409,166.54129,1519.4164,1587.5043,165.86426,1520.1414,1584.3705,165.74933,1514.8135,1542.389,299.6523,1514.3992,1549.4485,-15.8170185,1468.1747,1589.5048,267.7679,1469.867,1592.4623,172.02853,1352.9406,1413.8468,403.05496,1416.146,1521.0665,-131.0702,1146.8656,1426.8945,687.40497,1322.7177,1606.7169,-512.91547,1175.7385,1390.3651,961.9532,1404.9963,1793.1447,-860.06537,1243.2887,1348.2953,1007.94147,1456.5917,1817.7395,-970.80524,1248.39,1358.8923,974.761,1456.7291,1796.0941,-883.61835,1245.7838,1378.4236,960.4115,1434.8844,1790.7513,-837.28204,1032.5491,1540.5698,184.5137,1049.5607,1614.2992,-185.2073,743.4088,1624.5743,248.86298,747.2177,1695.6969,-235.9941,463.6832,1655.3901,286.22476,449.4384,1722.9276,-274.85278,399.2369,1639.3892,280.7797,382.26898,1693.8728,-277.83374,431.44763,1773.2208,181.35762,415.1076,1839.6848,-412.21857
IMG_5121 copy 3.png,1492.6191,1602.0643,224.4999,1517.5035,1588.6964,235.32314,1517.5498,1583.7618,234.71132,1517.4279,1578.4275,234.82156,1518.6993,1590.5409,166.54129,1519.4164,1587.5043,165.86426,1520.1414,1584.3705,165.74933,1514.8135,1542.389,299.6523,1514.3992,1549.4485,-15.8170185,1468.1747,1589.5048,267.7679,1469.867,1592.4623,172.02853,1352.9406,1413.8468,403.05496,1416.146,1521.0665,-131.0702,1146.8656,1426.8945,687.40497,1322.7177,1606.7169,-512.91547,1175.7385,1390.3651,961.9532,1404.9963,1793.1447,-860.06537,1243.2887,1348.2953,1007.94147,1456.5917,1817.7395,-970.80524,1248.39,1358.8923,974.761,1456.7291,1796.0941,-883.61835,1245.7838,1378.4236,960.4115,1434.8844,1790.7513,-837.28204,1032.5491,1540.5698,184.5137,1049.5607,1614.2992,-185.2073,743.4088,1624.5743,248.86298,747.2177,1695.6969,-235.9941,463.6832,1655.3901,286.22476,449.4384,1722.9276,-274.85278,399.2369,1639.3892,280.7797,382.26898,1693.8728,-277.83374,431.44763,1773.2208,181.35762,415.1076,1839.6848,-412.21857
IMG_5121 copy 4.png,1492.6191,1602.0643,224.4999,1517.5035,1588.6964,235.32314,1517.5498,1583.7618,234.71132,1517.4279,1578.4275,234.82156,1518.6993,1590.5409,166.54129,1519.4164,1587.5043,165.86426,1520.1414,1584.3705,165.74933,1514.8135,1542.389,299.6523,1514.3992,1549.4485,-15.8170185,1468.1747,1589.5048,267.7679,1469.867,1592.4623,172.02853,1352.9406,1413.8468,403.05496,1416.146,1521.0665,-131.0702,1146.8656,1426.8945,687.40497,1322.7177,1606.7169,-512.91547,1175.7385,1390.3651,961.9532,1404.9963,1793.1447,-860.06537,1243.2887,1348.2953,1007.94147,1456.5917,1817.7395,-970.80524,1248.39,1358.8923,974.761,1456.7291,1796.0941,-883.61835,1245.7838,1378.4236,960.4115,1434.8844,1790.7513,-837.28204,1032.5491,1540.5698,184.5137,1049.5607,1614.2992,-185.2073,743.4088,1624.5743,248.86298,747.2177,1695.6969,-235.9941,463.6832,1655.3901,286.22476,449.4384,1722.9276,-274.85278,399.2369,1639.3892,280.7797,382.26898,1693.8728,-277.83374,431.44763,1773.2208,181.35762,415.1076,1839.6848,-412.21857
IMG_5121 copy 5.png,1492.6191,1602.0643,224.4999,1517.5035,1588.6964,235.32314,1517.5498,1583.7618,234.71132,1517.4279,1578.4275,234.82156,1518.6993,1590.5409,166.54129,1519.4164,1587.5043,165.86426,1520.1414,1584.3705,165.74933,1514.8135,1542.389,299.6523,1514.3992,1549.4485,-15.8170185,1468.1747,1589.5048,267.7679,1469.867,1592.4623,172.02853,1352.9406,1413.8468,403.05496,1416.146,1521.0665,-131.0702,1146.8656,1426.8945,687.40497,1322.7177,1606.7169,-512.91547,1175.7385,1390.3651,961.9532,1404.9963,1793.1447,-860.06537,1243.2887,1348.2953,1007.94147,1456.5917,1817.7395,-970.80524,1248.39,1358.8923,974.761,1456.7291,1796.0941,-883.61835,1245.7838,1378.4236,960.4115,1434.8844,1790.7513,-837.28204,1032.5491,1540.5698,184.5137,1049.5607,1614.2992,-185.2073,743.4088,1624.5743,248.86298,747.2177,1695.6969,-235.9941,463.6832,1655.3901,286.22476,449.4384,1722.9276,-274.85278,399.2369,1639.3892,280.7797,382.26898,1693.8728,-277.83374,431.44763,1773.2208,181.35762,415.1076,1839.6848,-412.21857
IMG_5121 copy 6.png,1492.6191,1602.0643,224.4999,1517.5035,1588.6964,235.32314,1517.5498,1583.7618,234.71132,1517.4279,1578.4275,234.82156,1518.6993,1590.5409,166.54129,1519.4164,1587.5043,165.86426,1520.1414,1584.3705,165.74933,1514.8135,1542.389,299.6523,1514.3992,1549.4485,-15.8170185,1468.1747,1589.5048,267.7679,1469.867,1592.4623,172.02853,1352.9406,1413.8468,403.05496,1416.146,1521.0665,-131.0702,1146.8656,1426.8945,687.40497,1322.7177,1606.7169,-512.91547,1175.7385,1390.3651,961.9532,1404.9963,1793.1447,-860.06537,1243.2887,1348.2953,1007.94147,1456.5917,1817.7395,-970.80524,1248.39,1358.8923,974.761,1456.7291,1796.0941,-883.61835,1245.7838,1378.4236,960.4115,1434.8844,1790.7513,-837.28204,1032.5491,1540.5698,184.5137,1049.5607,1614.2992,-185.2073,743.4088,1624.5743,248.86298,747.2177,1695.6969,-235.9941,463.6832,1655.3901,286.22476,449.4384,1722.9276,-274.85278,399.2369,1639.3892,280.7797,382.26898,1693.8728,-277.83374,431.44763,1773.2208,181.35762,415.1076,1839.6848,-412.21857
IMG_5121 copy 7.png,1492.6191,1602.0643,224.4999,1517.5035,1588.6964,235.32314,1517.5498,1583.7618,234.71132,1517.4279,1578.4275,234.82156,1518.6993,1590.5409,166.54129,1519.4164,1587.5043,165.86426,1520.1414,1584.3705,165.74933,1514.8135,1542.389,299.6523,1514.3992,1549.4485,-15.8170185,1468.1747,1589.5048,267.7679,1469.867,1592.4623,172.02853,1352.9406,1413.8468,403.05496,1416.146,1521.0665,-131.0702,1146.8656,1426.8945,687.40497,1322.7177,1606.7169,-512.91547,1175.7385,1390.3651,961.9532,1404.9963,1793.1447,-860.06537,1243.2887,1348.2953,1007.94147,1456.5917,1817.7395,-970.80524,1248.39,1358.8923,974.761,1456.7291,1796.0941,-883.61835,1245.7838,1378.4236,960.4115,1434.8844,1790.7513,-837.28204,1032.5491,1540.5698,184.5137,1049.5607,1614.2992,-185.2073,743.4088,1624.5743,248.86298,747.2177,1695.6969,-235.9941,463.6832,1655.3901,286.22476,449.4384,1722.9276,-274.85278,399.2369,1639.3892,280.7797,382.26898,1693.8728,-277.83374,431.44763,1773.2208,181.35762,415.1076,1839.6848,-412.21857
IMG_5121 copy 8.png,1492.6191,1602.0643,224.4999,1517.5035,1588.6964,235.32314,1517.5498,1583.7618,234.71132,1517.4279,1578.4275,234.82156,1518.6993,1590.5409,166.54129,1519.4164,1587.5043,165.86426,1520.1414,1584.3705,165.74933,1514.8135,1542.389,299.6523,1514.3992,1549.4485,-15.8170185,1468.1747,1589.5048,267.7679,1469.867,1592.4623,172.02853,1352.9406,1413.8468,403.05496,1416.146,1521.0665,-131.0702,1146.8656,1426.8945,687.40497,1322.7177,1606.7169,-512.91547,1175.7385,1390.3651,961.9532,1404.9963,1793.1447,-860.06537,1243.2887,1348.2953,1007.94147,1456.5917,1817.7395,-970.80524,1248.39,1358.8923,974.761,1456.7291,1796.0941,-883.61835,1245.7838,1378.4236,960.4115,1434.8844,1790.7513,-837.28204,1032.5491,1540.5698,184.5137,1049.5607,1614.2992,-185.2073,743.4088,1624.5743,248.86298,747.2177,1695.6969,-235.9941,463.6832,1655.3901,286.22476,449.4384,1722.9276,-274.85278,399.2369,1639.3892,280.7797,382.26898,1693.8728,-277.83374,431.44763,1773.2208,181.35762,415.1076,1839.6848,-412.21857
IMG_5121 copy.png,1492.6191,1602.0643,224.4999,1517.5035,1588.6964,235.32314,1517.5498,1583.7618,234.71132,1517.4279,1578.4275,234.82156,1518.6993,1590.5409,166.54129,1519.4164,1587.5043,165.86426,1520.1414,1584.3705,165.74933,1514.8135,1542.389,299.6523,1514.3992,1549.4485,-15.8170185,1468.1747,1589.5048,267.7679,1469.867,1592.4623,172.02853,1352.9406,1413.8468,403.05496,1416.146,1521.0665,-131.0702,1146.8656,1426.8945,687.40497,1322.7177,1606.7169,-512.91547,1175.7385,1390.3651,961.9532,1404.9963,1793.1447,-860.06537,1243.2887,1348.2953,1007.94147,1456.5917,1817.7395,-970.80524,1248.39,1358.8923,974.761,1456.7291,1796.0941,-883.61835,1245.7838,1378.4236,960.4115,1434.8844,1790.7513,-837.28204,1032.5491,1540.5698,184.5137,1049.5607,1614.2992,-185.2073,743.4088,1624.5743,248.86298,747.2177,1695.6969,-235.9941,463.6832,1655.3901,286.22476,449.4384,1722.9276,-274.85278,399.2369,1639.3892,280.7797,382.26898,1693.8728,-277.83374,431.44763,1773.2208,181.35762,415.1076,1839.6848,-412.21857
IMG_5121.png,1492.6191,1602.0643,224.4999,1517.5035,1588.6964,235.32314,1517.5498,1583.7618,234.71132,1517.4279,1578.4275,234.82156,1518.6993,1590.5409,166.54129,1519.4164,1587.5043,165.86426,1520.1414,1584.3705,165.74933,1514.8135,1542.389,299.6523,1514.3992,1549.4485,-15.8170185,1468.1747,1589.5048,267.7679,1469.867,1592.4623,172.02853,1352.9406,1413.8468,403.05496,1416.146,1521.0665,-131.0702,1146.8656,1426.8945,687.40497,1322.7177,1606.7169,-512.91547,1175.7385,1390.3651,961.9532,1404.9963,1793.1447,-860.06537,1243.2887,1348.2953,1007.94147,1456.5917,1817.7395,-970.80524,1248.39,1358.8923,974.761,1456.7291,1796.0941,-883.61835,1245.7838,1378.4236,960.4115,1434.8844,1790.7513,-837.28204,1032.5491,1540.5698,184.5137,1049.5607,1614.2992,-185.2073,743.4088,1624.5743,248.86298,747.2177,1695.6969,-235.9941,463.6832,1655.3901,286.22476,449.4384,1722.9276,-274.85278,399.2369,1639.3892,280.7797,382.26898,1693.8728,-277.83374,431.44763,1773.2208,181.35762,415.1076,1839.6848,-412.21857
IMG_5122.png,1526.3909,1609.2949,178.76595,1553.3434,1598.8658,188.98326,1553.7172,1595.884,188.44035,1554.1359,1592.5865,188.5181,1555.5552,1598.8042,128.66112,1557.3334,1596.1709,127.92296,1559.2347,1593.5947,127.77794,1553.7224,1557.4479,260.5694,1557.2311,1561.1367,-15.083998,1504.9087,1600.4988,224.32649,1507.8318,1602.129,140.02263,1402.3265,1437.412,369.97504,1474.5198,1528.404,-109.781364,1243.9856,1505.1262,573.14813,1427.8013,1627.8256,-423.8182,1248.0157,1645.138,729.5,1463.6819,1827.1854,-698.9639,1271.3491,1647.4692,757.179,1521.0516,1841.8878,-796.27264,1281.9443,1663.0139,704.222,1515.5691,1828.8822,-740.97534,1275.5039,1671.6553,712.7772,1491.9733,1823.8732,-687.33093,1087.4493,1564.7139,142.87842,1106.2758,1634.474,-143.70895,778.61707,1650.4569,163.89526,789.51447,1730.5687,-215.9949,482.77414,1696.171,170.89204,485.58524,1773.3461,-266.8758,421.86716,1688.0948,161.78136,421.21835,1751.9331,-273.7796,473.9786,1789.076,62.813858,450.25696,1885.8109,-408.18954
IMG_5123.png,1434.9937,1553.2461,558.62506,1451.4147,1543.9452,583.8967,1451.3723,1545.5642,583.5282,1451.556,1547.7773,583.6568,1452.7123,1534.2523,522.06226,1453.6481,1528.3273,521.4556,1455.1084,1522.2645,521.4949,1443.6685,1533.8601,672.99194,1446.7751,1496.925,390.07938,1417.4928,1560.0323,605.96075,1416.4833,1549.5442,520.3362,1287.3905,1427.8038,726.4243,1374.7529,1479.7771,113.83528,1110.7084,1402.008,685.47375,1370.5746,1577.9624,-304.5374,1009.4522,1509.7222,582.24097,1408.431,1764.1112,-511.4123,990.8621,1512.9517,578.72064,1462.0225,1789.0923,-600.8211,1009.77765,1530.6764,548.8497,1459.8838,1778.3049,-519.6086,1020.3875,1534.6167,568.0444,1434.4939,1772.3838,-485.7089,1004.9321,1580.0902,198.85738,1037.8099,1604.6249,-199.7474,718.5542,1689.835,83.59247,735.4035,1709.1289,-336.09692,404.16748,1742.4169,-116.90816,410.54788,1759.106,-530.79333,340.16965,1726.7096,-144.69258,347.24606,1749.069,-549.997,383.50302,1857.4669,-249.41827,394.48227,1921.8635,-687.81805
IMG_5125.JPG,1322.8394,1198.0006,1480.3201,1328.7736,1196.8708,1513.4293,1331.185,1197.6984,1512.7079,1333.5284,1197.8809,1513.0519,1319.5978,1196.5033,1511.1598,1315.6199,1196.8673,1510.1855,1311.4862,1195.9026,1510.0725,1330.7356,1213.5297,1516.832,1305.9457,1203.8066,1500.0765,1324.9727,1211.7981,1484.2244,1312.5859,1211.3384,1472.7377,1218.9309,1292.7649,1204.6804,1175.105,1283.0883,1177.7649,1013.0083,1482.8862,1033.754,1400.3552,1514.885,900.61285,982.8951,1663.1857,763.0257,1605.7941,1692.063,661.0881,971.38806,1709.5754,701.27625,1626.7561,1738.964,572.26385,1006.40204,1701.5546,705.4585,1576.2382,1733.9597,598.84326,1024.9763,1689.7075,769.2003,1547.7413,1715.3684,662.2508,1264.084,1628.3657,9.740511,1240.0874,1608.7448,-12.009054,1267.2538,2095.9326,-569.1251,1123.4115,2001.7042,-756.2737,923.4505,2488.7937,-1124.0934,1182.7053,2469.3154,-1243.1292,890.3948,2570.7,-1192.6296,1187.312,2522.9487,-1296.0181,937.71344,2639.7637,-1655.6456,1196.7096,2677.4465,-1726.1143
IMG_5126.JPG,1365.6958,1203.2928,1606.2255,1373.1276,1204.0593,1602.7618,1379.236,1204.0961,1602.181,1385.0554,1203.8828,1602.4482,1355.4536,1208.4745,1635.6779,1349.415,1210.8942,1634.7648,1342.8363,1211.7947,1634.7838,1392.614,1229.2662,1453.7224,1334.9424,1223.8384,1598.9329,1375.8551,1215.957,1559.4469,1359.1694,1219.0432,1595.1415,1300.2798,1298.8285,1022.9766,1452.5139,1325.2269,1353.6176,1065.7759,1533.7192,753.7808,1511.9601,1527.3458,1113.7368,1057.048,1709.0585,584.6426,1661.2991,1699.5984,874.1414,1038.2968,1738.2273,524.5198,1677.1897,1755.6312,801.6608,1076.3853,1729.327,556.23694,1646.023,1752.5265,825.9909,1098.1647,1717.7588,605.2831,1623.909,1736.8173,871.50653,1308.0358,1595.211,-123.303085,1396.2974,1603.7573,120.97498,1258.7509,2089.01,-513.6724,1441.4641,1999.1322,-228.57161,1118.7673,2488.7905,-1158.8158,1630.5546,2511.1218,-802.0278,1112.5646,2568.7092,-1237.8535,1637.0233,2577.0764,-870.1804,1106.6597,2609.8184,-1668.5186,1615.4106,2623.0076,-1261.6968
IMG_5127.JPG,1261.6962,1488.0223,1771.2822,1249.9424,1475.2433,1746.7085,1240.7943,1473.7861,1746.7549,1232.6893,1472.3119,1746.6317,1284.2006,1479.9509,1753.3168,1296.322,1480.9198,1752.4075,1312.2198,1480.8999,1753.0934,1215.0027,1487.8546,1529.8219,1333.3651,1469.3888,1547.5402,1253.8945,1492.1436,1696.6025,1288.221,1498.2397,1699.9081,1101.2915,1528.5189,1166.5145,1474.5334,1514.0487,1136.263,962.92,1660.2241,1213.4519,1619.5482,1694.3019,1005.81476,1008.14703,1840.3801,1547.7744,1563.5769,1866.8159,1255.632,1021.33673,1883.0728,1608.055,1562.7588,1886.0741,1273.5067,1055.0546,1869.4329,1583.6194,1528.7635,1875.9634,1296.1348,1055.525,1855.3778,1549.5032,1522.104,1867.2976,1263.1401,1187.7219,1901.857,-2.760577,1409.4938,1899.4655,1.1021451,1155.7415,2252.3308,-506.5601,1428.6614,2275.5735,-333.39743,1065.6007,2676.4382,-1582.6323,1541.798,2689.0713,-1415.0786,1071.5529,2729.3784,-1696.4495,1555.8845,2733.5522,-1533.7865,1041.3287,2917.8708,-1825.6184,1563.4437,2905.9204,-1690.765
IMG_5128.JPG,1247.4039,1570.606,1659.2612,1238.1288,1556.0342,1624.0419,1227.845,1554.0574,1624.0117,1217.3618,1551.7479,1623.964,1269.4664,1556.4633,1636.5526,1279.7396,1553.8145,1635.4966,1289.9938,1549.783,1636.0243,1201.8177,1562.2737,1404.1721,1318.3207,1544.7277,1451.2181,1237.9703,1566.8849,1589.759,1268.1478,1569.7421,1600.3904,1113.6315,1579.3489,1083.2479,1489.1605,1547.5669,1037.1809,969.69653,1680.8544,1022.82874,1625.6176,1739.9241,867.38586,977.39215,1852.8425,1196.4088,1551.561,1913.4752,1025.8213,979.79987,1901.3303,1233.191,1544.7012,1924.3519,1026.3704,1016.5822,1900.7968,1208.498,1512.0676,1918.1959,1034.5746,1025.4563,1888.819,1195.5845,1507.4769,1912.8616,1025.7743,1194.5114,1959.2571,1.1759241,1419.6799,1942.8645,-3.3887813,1213.8287,2308.826,-534.75684,1484.2279,2320.0308,-314.35663,1171.7721,2739.8716,-1564.144,1635.4266,2742.405,-1186.7408,1170.2234,2822.1853,-1674.9438,1623.5632,2794.5845,-1278.1405,1137.8871,2953.7952,-1866.4801,1651.6174,2908.647,-1428.2426
IMG_5130.png,624.33685,1552.6649,408.36963,607.04236,1549.7747,357.93387,605.84235,1548.2949,357.72775,604.2607,1547.1354,358.07697,608.82355,1544.406,402.391,608.8348,1538.7781,401.61124,608.40875,1532.9055,401.45004,603.3512,1525.898,173.19096,610.5155,1501.3615,380.48163,639.3667,1541.8354,357.40292,641.7218,1535.9689,412.6761,644.9815,1481.4353,3.6815736,731.6408,1412.868,418.16953,617.84125,1630.5931,-85.916466,838.16876,1530.1003,512.2937,615.372,1779.9104,6.8130937,780.96515,1646.043,600.1741,570.8239,1797.7454,-2.6097238,744.35345,1646.6412,616.0157,572.0741,1784.7141,12.179793,734.16986,1652.6261,598.9177,596.845,1780.4242,21.642813,742.70856,1654.7213,590.941,937.6464,1621.3053,-138.83388,990.268,1559.2374,138.05103,1225.6444,1703.1221,-150.61546,1264.6821,1653.783,72.8739,1508.6016,1769.616,-314.99146,1560.2843,1687.1603,-36.566635,1582.4138,1768.5837,-335.63107,1615.7883,1693.0648,-47.759678,1454.9122,1878.5535,-429.73843,1511.0001,1788.7721,-89.84469
IMG_5132.JPG,701.33673,2287.287,-1276.1389,708.9255,2259.8796,-1353.2286,715.6912,2257.3103,-1353.8008,723.0977,2254.4854,-1353.5468,689.34796,2264.612,-1303.8544,684.7588,2258.3965,-1304.5896,680.5237,2252.3315,-1305.0798,774.2098,2218.676,-1463.3943,695.5107,2208.205,-1238.1116,743.54266,2264.7776,-1283.17,713.2783,2271.7795,-1222.6792,965.49585,2124.9587,-1272.9786,713.95197,2028.8778,-973.7724,1232.7418,2043.8313,-1202.5184,652.8429,1922.0684,-536.904,1217.9325,2292.6594,-1180.3364,665.1206,2132.4473,-190.41026,1210.846,2342.2002,-1252.1276,618.7433,2169.518,-194.29561,1168.569,2331.3765,-1271.9967,645.7229,2182.313,-241.7391,1169.0667,2315.4211,-1184.5812,668.90173,2171.4531,-205.39653,1143.3292,2016.2911,-140.39943,1031.8411,1961.3127,139.90582,1358.7994,1879.0396,592.83276,1228.0717,1848.7211,918.80817,1493.3475,1748.683,1285.4282,1344.0287,1719.3473,1695.8652,1526.1547,1699.0131,1347.7319,1378.6964,1687.6709,1778.4781,1505.064,1861.713,1213.5593,1356.4071,1801.5746,1742.9142
IMG_5133.JPG,776.32007,2193.3865,-1409.6571,777.2255,2177.835,-1489.069,786.66583,2165.7678,-1489.7854,797.83875,2152.0754,-1489.3864,750.8835,2188.0398,-1430.819,740.94183,2185.5933,-1431.686,729.62415,2183.7642,-1432.1576,821.52106,2091.8386,-1559.9146,728.6689,2134.5479,-1297.6127,800.32477,2167.815,-1394.3871,774.244,2181.196,-1322.8965,1042.2043,2039.6521,-1355.0513,703.5178,1986.6201,-959.94806,1246.9028,2133.367,-1341.5409,654.25867,2039.8094,-394.7692,1223.0449,2377.531,-1363.0156,650.28955,2226.0137,-88.95874,1224.2119,2435.241,-1478.5686,602.07513,2260.7393,-93.86808,1173.7411,2423.333,-1492.7386,618.58057,2266.0483,-156.76712,1173.4337,2405.5186,-1370.5105,650.7237,2252.533,-109.208626,1210.5088,1962.5989,-179.12833,1039.4707,1918.6647,178.44249,1323.4619,1927.375,793.73553,1189.101,1890.0742,1156.0645,1457.5098,1813.9486,1690.846,1271.8558,1794.8468,2089.4907,1484.9058,1763.5,1775.4144,1295.7617,1752.5038,2190.1956,1456.1678,1935.7709,1620.9768,1311.6178,1890.4695,2110.7012
IMG_5134.JPG,803.7394,2204.9658,-1372.7643,803.6897,2197.7742,-1458.5098,811.137,2191.2812,-1459.2231,818.87427,2184.4316,-1458.9152,779.74884,2199.2002,-1401.376,769.87854,2194.692,-1402.2094,759.80225,2190.7693,-1402.6388,837.33887,2130.909,-1550.9196,748.3702,2147.6658,-1289.2859,823.13654,2184.7827,-1363.4462,801.7675,2187.8328,-1292.0594,1051.2811,2041.628,-1365.3329,689.32495,1983.4296,-960.194,1263.7233,2146.7112,-1397.5062,652.748,2058.487,-373.62512,1223.9866,2387.301,-1467.4658,651.41626,2232.1816,-44.250927,1223.3339,2452.672,-1595.5377,605.4656,2269.3596,-46.526257,1173.6754,2433.6821,-1609.9495,628.49176,2272.3987,-110.884735,1171.8441,2413.7485,-1477.0944,652.199,2260.6404,-64.40921,1219.1609,1950.7859,-181.80478,1056.0096,1899.4756,181.01169,1347.7415,1895.1149,812.3022,1226.5583,1842.5116,1163.3325,1474.1329,1807.0204,1730.1172,1318.5626,1769.9225,2090.7349,1506.3472,1760.6691,1816.7198,1357.5209,1735.6394,2190.711,1470.6215,1926.2058,1671.6284,1325.3749,1869.5017,2112.6653
IMG_5135.JPG,878.9358,2226.0906,-1211.1667,875.51025,2221.6875,-1320.634,883.13257,2217.3047,-1321.3522,891.0713,2212.0798,-1321.098,851.73114,2219.0308,-1272.383,841.7357,2212.844,-1273.0898,831.3226,2205.6821,-1273.3573,911.68994,2162.2727,-1501.6097,825.3224,2157.12,-1277.9736,902.77856,2206.4849,-1227.8969,880.0175,2205.1519,-1166.7694,1136.5769,2078.524,-1348.6925,787.85376,1977.25,-1057.8615,1354.832,2164.1077,-1330.8368,666.40137,2050.9563,-523.2666,1297.1544,2410.9543,-1363.4128,702.8221,2256.2148,-221.14687,1301.031,2471.6155,-1485.4069,641.9329,2300.1567,-239.64601,1251.9751,2456.668,-1507.8405,672.7464,2300.8071,-292.0259,1245.7323,2433.9595,-1376.2996,704.7523,2284.938,-237.77254,1274.9644,1980.1364,-155.90468,1119.102,1908.7449,154.9715,1399.0966,1908.5192,928.06433,1262.7572,1855.8165,1233.6354,1511.4688,1808.1769,1888.3959,1343.0663,1781.3746,2194.9404,1536.9702,1756.9646,1982.7885,1382.1702,1742.5309,2302.0518,1509.8042,1932.551,1889.3561,1343.2527,1879.407,2265.791
IMG_5136.JPG,828.0273,2270.0034,-1305.5953,838.9505,2273.441,-1396.7749,851.81006,2271.0654,-1397.4912,862.42365,2267.2605,-1397.3508,795.6488,2262.1143,-1369.108,784.0971,2255.8157,-1369.7316,771.3018,2244.4153,-1370.1488,876.8666,2200.3135,-1501.9012,772.33466,2205.7585,-1370.9371,863.6678,2245.7383,-1296.5842,822.98895,2256.7976,-1262.9401,1069.3558,2106.6501,-1317.4744,716.1062,2023.0812,-1129.0244,1326.2543,2135.9128,-1211.2023,563.027,2059.9116,-694.08234,1282.7479,2375.8853,-1182.3667,609.9675,2293.4055,-478.8423,1295.5851,2437.2732,-1291.6583,566.6309,2336.408,-540.2059,1240.8922,2426.8804,-1323.4971,599.037,2341.0916,-592.36066,1234.9822,2403.5518,-1197.4047,631.4116,2322.208,-499.88266,1117.417,1930.5983,-108.569214,967.1143,1900.3131,108.056015,1223.8625,1866.6212,934.1034,1063.6045,1851.0906,1170.4086,1293.4875,1759.4601,1952.5809,1138.5388,1749.315,2176.7632,1306.821,1714.7777,2058.9326,1157.3883,1709.9471,2288.114,1309.2997,1871.4382,2058.2253,1147.3225,1845.5831,2303.1648
IMG_5137.JPG,1246.2308,2483.2256,-1082.6266,1273.6698,2467.078,-1180.2188,1292.0476,2461.4814,-1180.9161,1310.1746,2455.4377,-1180.8198,1221.3661,2475.5261,-1184.1881,1203.6218,2475.4446,-1184.7561,1186.1019,2475.7368,-1185.2104,1323.9501,2407.9604,-1265.8776,1147.2256,2439.807,-1277.5515,1265.7352,2452.4834,-1055.801,1210.3516,2461.7205,-1064.6265,1387.1307,2228.6853,-1107.2325,998.24725,2276.3142,-1121.8024,1617.6189,2294.2078,-880.49817,774.81335,2348.7847,-876.5665,1570.151,2532.738,-851.98315,821.0219,2584.744,-790.6229,1619.1289,2580.0415,-926.56335,794.38556,2629.561,-882.6317,1567.1166,2596.1519,-958.12225,838.995,2634.8699,-909.56006,1541.6719,2576.3833,-858.37335,857.2191,2616.4875,-799.22485,1212.2443,2091.8745,10.171873,1047.612,2113.9663,-9.885916,1180.641,2002.9498,938.9446,1018.11993,2023.0386,824.1431,1158.9891,1894.4557,1729.9371,985.44904,1918.9615,1701.7566,1147.008,1867.8367,1826.6381,984.43524,1880.1981,1814.2645,1151.6877,1979.7933,1977.421,996.5221,2014.2401,1988.8754
IMG_5138.JPG,1466.5278,2526.6157,-1265.8306,1486.6232,2526.1357,-1343.3373,1498.0352,2520.7834,-1344.2717,1509.3693,2514.1462,-1344.2351,1446.5713,2530.0076,-1353.8914,1428.6499,2522.7727,-1354.6754,1412.0312,2518.0781,-1355.2422,1529.8093,2453.415,-1385.3104,1370.3721,2471.904,-1427.574,1483.5687,2489.7173,-1231.2345,1431.2559,2522.4727,-1249.5676,1591.7468,2241.3984,-1172.4092,1187.8683,2299.8296,-1204.175,1805.0269,2296.847,-857.8065,948.2947,2348.357,-916.45496,1757.6519,2541.0493,-804.1333,996.78845,2610.6516,-857.72894,1805.5776,2596.3774,-890.75415,970.7504,2664.9585,-976.41583,1759.0701,2609.1438,-958.5046,1024.6293,2664.8625,-1030.4835,1733.5917,2581.6895,-828.2746,1037.7429,2645.6484,-883.32355,1349.8663,2089.8784,20.492268,1192.7021,2120.0466,-20.715275,1315.927,2034.4532,1055.0403,1144.2158,2050.0012,895.48865,1268.5209,1919.2001,2043.1599,1086.2498,1930.7435,1926.7242,1258.0294,1890.0137,2148.378,1081.46,1898.5098,2043.438,1268.2673,2036.9803,2189.2053,1080.0016,2044.5521,2086.3975
IMG_5139.JPG,1419.1962,2314.1484,-901.61597,1456.3391,2305.8694,-957.5928,1466.3474,2298.788,-958.5934,1476.9631,2290.644,-958.76746,1424.045,2314.715,-998.5683,1412.1654,2310.9675,-999.2417,1401.2118,2307.388,-999.7763,1487.3264,2237.779,-1075.4985,1384.2983,2263.1396,-1261.9165,1423.3544,2282.8455,-912.6884,1385.8961,2281.3447,-972.77057,1506.6088,2048.1267,-969.0216,1196.6488,2152.461,-1155.1272,1666.2833,2123.1455,-627.8612,922.6822,2236.4797,-1148.5637,1620.8195,2343.312,-484.16074,961.01086,2486.6873,-1289.4523,1669.6963,2381.3582,-546.7283,958.28326,2547.277,-1450.0605,1642.2018,2390.1016,-626.1998,1009.7234,2540.7134,-1462.9069,1618.4573,2376.2666,-513.2833,1022.19415,2517.0264,-1308.2643,1154.8877,1967.6205,112.258766,1012.6579,1998.9583,-112.944435,1049.4634,1898.7491,1226.4279,889.5819,1929.9814,865.685,953.2923,1817.6243,2254.8206,795.6663,1841.0116,1932.1954,922.2226,1782.6683,2352.4397,783.16547,1798.3186,2040.511,949.94745,1917.3466,2330.6934,801.3114,1963.3079,2009.2969
IMG_5140.JPG,1579.737,2271.6213,-1486.1296,1605.4552,2245.9468,-1491.2112,1612.6295,2239.85,-1492.0668,1618.9413,2233.8833,-1492.0883,1590.1381,2246.9294,-1563.2651,1579.9357,2245.754,-1563.924,1572.3326,2243.4436,-1564.384,1618.6798,2171.6792,-1310.1041,1550.049,2198.8071,-1637.2015,1564.1509,2244.3027,-1384.502,1544.706,2247.0327,-1484.2162,1605.9937,2049.8743,-915.3955,1287.7501,2091.3853,-1424.4767,1657.2015,2105.2322,-397.07672,1057.6943,2222.064,-1479.4526,1687.4863,2296.0742,-209.79256,1101.3801,2463.5261,-1649.5671,1735.4674,2323.1309,-251.74506,1110.7955,2508.6382,-1834.7035,1721.3401,2330.9995,-347.86722,1160.6353,2501.549,-1838.5825,1689.6956,2318.757,-244.25958,1163.0536,2485.099,-1663.6362,1257.0968,1984.1943,186.86539,1126.5614,2018.4749,-187.25745,1047.7853,1905.137,1156.1095,925.6802,1954.37,590.26385,894.9197,1807.5651,2154.949,744.1389,1847.8491,1530.5679,860.8653,1780.9275,2249.3445,721.70404,1804.4426,1622.8025,897.0096,1900.9316,2191.412,758.5993,1961.3287,1506.4327
IMG_5141.JPG,1018.8114,2348.9958,-1808.3932,1042.2251,2332.8328,-1874.4596,1059.8453,2326.2947,-1875.462,1076.1147,2318.0945,-1875.168,991.22125,2333.3528,-1895.0773,971.9565,2326.94,-1895.9053,954.50616,2320.8774,-1896.5212,1124.8569,2252.222,-1758.703,915.08264,2253.7546,-1845.2052,1048.6036,2315.13,-1702.15,983.1495,2314.6987,-1734.6714,1285.5154,2039.7157,-1355.0674,704.71027,2043.4137,-1511.0946,1420.7666,2131.5154,-957.0619,518.17786,2154.1377,-1158.709,1394.9584,2433.0884,-962.674,509.91644,2474.6338,-1064.9058,1443.6702,2493.9365,-1054.6053,491.98956,2546.0562,-1192.42,1387.0042,2501.293,-1125.8202,545.695,2543.3296,-1241.7935,1365.2585,2473.092,-984.1562,565.5405,2512.3127,-1083.023,1019.5222,1825.4867,62.581936,824.1897,1836.0626,-62.509403,973.0498,1712.7228,1250.2118,780.0346,1745.685,1028.0443,924.6566,1560.116,2352.0356,741.08075,1563.5809,2199.1206,905.937,1526.1626,2475.1526,743.16406,1519.4944,2338.178,920.0232,1696.9932,2545.902,757.55334,1689.821,2424.1787
IMG_5142.JPG,1275.0358,2450.3823,-1426.9,1312.2213,2445.5508,-1481.0944,1332.4929,2429.9043,-1482.1362,1349.7273,2416.8835,-1482.3912,1258.0792,2451.2644,-1529.7195,1262.8885,2440.103,-1530.4749,1252.5409,2438.8235,-1530.9985,1381.2772,2348.1042,-1526.1338,1191.6685,2357.8318,-1745.6,1276.7162,2395.734,-1402.2712,1245.5939,2409.19,-1472.414,1464.4631,2050.6294,-1376.622,951.7815,2155.5793,-1451.4424,1611.1986,2178.038,-940.8859,675.12317,2291.2747,-1355.8639,1574.5769,2485.8943,-732.1364,672.41644,2633.2578,-1502.5713,1616.994,2553.0728,-832.5525,656.4762,2702.4104,-1705.123,1573.0282,2559.4854,-923.9625,726.76385,2699.9373,-1741.6827,1542.1543,2528.9453,-765.64557,741.4711,2675.2336,-1534.7754,1063.4491,1936.469,44.500095,883.2721,1971.197,-45.38385,1011.8197,1798.4667,1304.1,778.27057,1809.2521,1099.413,918.32983,1645.7231,2575.9475,724.38306,1663.4904,2427.1738,882.4613,1590.1001,2700.3318,717.7635,1616.5641,2560.592,914.63605,1750.4413,2672.8918,741.84094,1777.778,2513.0815
IMG_5145.png,1534.2316,1576.7109,86.80392,1559.0187,1561.9945,93.211,1560.0891,1554.1149,92.75823,1561.2566,1546.8164,92.83275,1559.9141,1567.1337,26.582747,1561.4319,1563.8427,25.88238,1562.9768,1560.4127,25.732174,1558.0746,1516.5925,176.12581,1556.0267,1527.84,-128.90651,1511.935,1558.142,139.94177,1513.3627,1563.7145,46.79417,1418.2705,1406.4951,375.02573,1447.0164,1495.6499,-236.18677,1329.7655,1507.4038,651.2821,1380.4469,1665.7787,-546.4618,1384.1409,1640.0316,839.93475,1414.7897,1846.7817,-778.40155,1418.2977,1639.2478,879.45245,1463.1687,1869.065,-886.5209,1423.5594,1651.1887,814.62805,1471.8342,1848.8175,-823.48145,1404.9048,1655.3064,818.8497,1451.3735,1841.6698,-763.72565,1053.448,1553.6816,190.30864,1068.8633,1634.5583,-190.85568,724.9519,1621.6343,203.34406,732.9864,1694.1584,-273.8733,411.5163,1628.2081,261.6773,389.3851,1698.0587,-314.5654,345.45,1617.7006,257.41266,322.62744,1676.7192,-323.11124,397.94968,1742.4579,138.63976,380.60068,1826.8801,-490.29623
IMG_5148.png,1430.4666,1307.6893,1059.6449,1433.751,1284.2614,1050.9921,1428.226,1280.1813,1050.4758,1423.2242,1277.7245,1050.6445,1450.6322,1291.4856,1003.5119,1456.343,1292.2739,1002.75885,1461.766,1292.8013,1002.7061,1404.0151,1264.2612,978.81885,1459.3141,1287.8174,757.3316,1408.2871,1309.7277,1048.9811,1429.2551,1318.0735,980.2964,1225.2659,1258.4095,874.4801,1461.097,1314.6228,407.28738,1066.9069,1364.4727,792.5441,1550.7227,1488.8638,252.88208,1088.2183,1497.8066,707.1641,1534.8319,1648.596,358.7985,1095.196,1533.8645,719.4739,1576.7606,1655.7786,322.4548,1120.6953,1531.6222,686.4406,1551.5059,1651.9844,366.6546,1118.2451,1518.0693,695.40375,1526.1876,1652.3756,374.9293,1091.1089,1502.904,123.34384,1197.3706,1563.428,-125.09097,796.52686,1725.4933,-35.433346,895.5402,1785.3314,-313.19662,443.14017,1916.0134,-445.68103,611.7522,1966.2576,-728.214,382.389,1933.3226,-484.51718,544.014,1981.952,-764.91534,441.8215,2059.3083,-592.9282,626.4539,2129.423,-896.79755
IMG_5152.JPG,734.69666,2273.3748,-1352.5654,734.024,2263.278,-1435.3267,743.2476,2258.8303,-1436.0328,754.182,2253.3367,-1435.5831,713.1742,2256.7703,-1385.7323,706.09186,2248.953,-1386.6273,698.51886,2241.8806,-1387.106,796.0177,2196.975,-1545.0852,698.251,2193.202,-1316.8168,770.5198,2255.3762,-1351.0853,743.35486,2253.9736,-1290.0835,1068.5952,2087.2368,-1381.7129,690.58813,1968.0978,-1053.7448,1360.1516,2209.9282,-1500.5929,531.27234,2011.0231,-566.2304,1320.2389,2502.9246,-1640.6127,555.7854,2269.3416,-250.85614,1312.7031,2573.1255,-1787.3517,486.1826,2311.4802,-276.43002,1254.902,2546.1929,-1802.2412,517.4059,2318.5884,-332.38672,1258.3147,2523.535,-1654.2643,556.28595,2305.8323,-270.4629,1269.1483,1926.8591,-174.08093,1089.7961,1858.4662,173.06432,1420.8563,1868.3807,917.03156,1229.0219,1816.6487,1301.6486,1579.4661,1802.3492,1954.1005,1330.3468,1775.1649,2342.731,1617.9333,1763.3018,2054.0125,1350.427,1743.0023,2456.0747,1575.235,1944.5823,1941.133,1343.525,1868.9979,2422.5945
IMG_5153.JPG,781.4294,2306.46,-1556.0924,784.7466,2292.0513,-1630.2264,796.9481,2285.1587,-1631.1003,808.3685,2278.991,-1630.4803,753.2482,2294.5493,-1573.2148,743.23914,2288.564,-1574.4285,733.245,2282.6135,-1575.124,838.3734,2223.7617,-1686.7491,735.1878,2233.6416,-1429.1221,826.7925,2280.1384,-1534.1499,787.4938,2289.1257,-1465.7318,1084.3704,2127.0398,-1494.7937,697.6322,2027.3383,-1085.7731,1387.6724,2238.6465,-1575.3417,552.1243,2040.5985,-532.2471,1350.4783,2535.0464,-1710.8947,569.35016,2299.4253,-169.4707,1347.0594,2606.804,-1866.3126,505.4001,2345.0278,-189.36324,1276.6622,2587.0688,-1887.1304,540.9929,2349.7693,-263.31116,1277.1445,2559.6323,-1726.2292,577.43317,2336.159,-195.73688,1304.1023,1948.2434,-194.64215,1142.7667,1877.7115,193.78468,1466.0228,1901.8955,979.62915,1290.8969,1850.7123,1383.5546,1602.9982,1828.1942,2067.501,1376.3878,1790.2083,2465.7017,1641.0881,1779.2043,2168.5005,1402.8829,1760.022,2578.3687,1593.6394,1967.7358,2013.7357,1437.0272,1920.3748,2501.1973
IMG_5154.JPG,856.52924,2331.7815,-1474.0931,862.9219,2315.9119,-1544.1649,878.44415,2309.659,-1545.0259,893.51263,2303.1333,-1544.38,830.26227,2314.4854,-1488.4586,821.69415,2307.9631,-1489.6818,813.63245,2302.1492,-1490.3405,932.62537,2242.4595,-1601.4299,815.6776,2254.8994,-1351.7551,905.84216,2313.1497,-1454.4305,864.5046,2318.1865,-1388.4575,1180.2638,2132.149,-1422.7203,769.0759,2067.705,-1022.13043,1498.4163,2229.2537,-1489.4955,629.237,2056.1042,-479.451,1456.9326,2530.9111,-1612.2275,643.35516,2322.0947,-125.10298,1460.9452,2602.463,-1763.3042,575.30145,2368.9746,-148.08229,1387.501,2585.3223,-1783.4535,614.35,2374.1226,-220.19753,1386.0458,2559.1062,-1626.4994,659.8153,2355.5386,-151.66951,1369.7803,1946.9436,-188.05092,1217.3154,1881.3485,187.24698,1534.4061,1888.8158,969.104,1367.8003,1844.1113,1326.8489,1641.1211,1816.576,2056.0483,1436.9746,1788.0374,2415.792,1680.4303,1768.7471,2157.6384,1452.2247,1750.1265,2529.977,1643.9131,1956.7257,2019.8619,1505.0452,1918.1238,2468.6628
IMG_5155.JPG,830.56067,2401.8762,-1595.0754,850.35345,2393.885,-1692.2158,866.0969,2387.8452,-1693.2633,882.48694,2380.2993,-1693.0421,804.84045,2391.356,-1695.9385,784.8285,2383.9844,-1696.8145,763.98004,2375.7173,-1697.4502,931.3472,2302.0283,-1729.98,705.6517,2313.0266,-1742.262,851.9978,2372.069,-1545.4009,794.99,2367.1003,-1556.0629,1089.674,2086.3276,-1427.5142,541.2676,2138.1145,-1504.8816,1342.5281,2131.3489,-1110.2861,248.39645,2167.9104,-1186.5629,1328.0043,2413.2673,-1112.0074,284.17053,2479.96,-1108.0739,1365.48,2482.4,-1225.412,243.56383,2546.3853,-1246.1705,1298.3038,2489.8796,-1291.4796,308.472,2551.9836,-1300.804,1280.7616,2455.4248,-1134.7249,344.84842,2522.0493,-1132.3806,947.6334,1808.7727,21.176622,686.12274,1814.444,-21.405752,939.0803,1780.9242,1283.4801,675.0212,1791.6309,1116.6167,949.4791,1676.5682,2448.4697,656.40265,1693.1909,2359.4028,937.55334,1636.0287,2578.3503,655.49664,1647.9087,2507.6963,921.04016,1790.7118,2699.3726,628.4195,1789.1661,2656.3066
IMG_5156.JPG,969.9476,2401.8147,-1433.576,991.6076,2400.1924,-1558.2042,1006.10736,2393.0464,-1559.3251,1021.46265,2386.191,-1559.0366,948.8351,2406.5923,-1568.3523,928.9073,2403.1729,-1569.4518,906.45746,2399.0635,-1570.2877,1066.4973,2315.8003,-1688.3606,840.83167,2345.4226,-1729.6405,985.83514,2355.1697,-1408.3849,932.4595,2368.1926,-1428.1652,1203.2678,2087.1453,-1408.389,624.10205,2170.0488,-1571.4448,1442.9681,2117.151,-1002.93713,327.1013,2206.5244,-1202.3851,1417.8732,2404.5369,-905.021,375.73737,2508.1667,-1045.4537,1465.5164,2474.1582,-999.0617,337.65735,2572.44,-1187.0012,1398.2294,2482.0874,-1081.3127,410.62408,2577.453,-1237.6189,1373.5945,2454.4094,-932.50415,442.973,2546.4636,-1067.1683,985.0117,1802.1625,47.326366,735.01056,1836.1875,-47.521404,987.0719,1771.0038,1419.7018,703.4608,1754.8015,1216.7017,942.02155,1665.8369,2665.6938,668.1425,1674.5863,2585.2034,922.2228,1633.4938,2805.9255,660.06323,1634.9281,2749.656,918.68713,1764.3187,2934.6433,667.18475,1765.6667,2913.6367
IMG_5157.JPG,1090.2173,2330.9084,-1187.76,1110.7732,2338.8987,-1313.6218,1124.9177,2331.0193,-1314.8102,1141.8485,2322.8767,-1314.653,1071.9113,2354.857,-1324.2499,1055.5968,2356.754,-1325.4802,1037.8661,2358.3625,-1326.3356,1181.3989,2270.383,-1497.4409,989.4472,2313.5437,-1539.1425,1105.6472,2278.9253,-1186.3317,1057.5509,2301.5444,-1206.5565,1289.6395,2036.391,-1248.8906,727.11127,2131.6033,-1420.2848,1511.8402,2080.1323,-868.54584,427.23825,2184.701,-1133.3713,1506.2468,2367.764,-795.8937,467.8641,2507.4563,-1066.0931,1553.9801,2429.5068,-897.2968,442.05136,2567.5422,-1229.0016,1490.0126,2443.3318,-983.8785,516.2267,2571.5469,-1274.1074,1456.9834,2418.763,-828.7246,541.4877,2543.2659,-1090.5713,1010.9615,1771.2933,57.112827,772.82465,1810.4062,-57.557674,983.591,1736.6166,1364.915,703.2893,1755.5834,1126.3058,913.52026,1657.7694,2617.9072,651.37286,1691.1346,2462.4397,895.6865,1620.2041,2753.3333,641.7017,1654.1526,2617.9873,905.15173,1761.6241,2819.7112,656.3654,1820.2916,2707.748
IMG_5158.JPG,1522.1412,2378.8875,-1166.7843,1559.9034,2364.4248,-1206.9506,1568.7325,2354.9902,-1208.0841,1578.999,2346.1943,-1208.1404,1528.0673,2372.3098,-1256.796,1513.3634,2368.319,-1257.8472,1498.4066,2363.502,-1258.3611,1578.4932,2273.2378,-1161.0094,1455.05,2310.4707,-1382.7007,1488.4678,2323.9436,-1104.6978,1464.4127,2333.5542,-1176.8094,1575.3848,2014.1339,-896.3539,1125.5626,2247.2585,-1180.4897,1702.7457,2045.4553,-379.00208,817.617,2350.3213,-1056.9597,1681.2977,2298.6282,-180.60742,902.26776,2668.0303,-1081.1698,1738.617,2355.5679,-236.49892,904.61884,2742.7188,-1247.6411,1687.6519,2369.5715,-337.51627,972.3669,2719.2673,-1262.7991,1659.6412,2344.7905,-214.36317,981.92535,2685.7488,-1098.5618,1075.8218,1878.0646,131.68213,887.29407,1947.122,-132.57567,860.51056,1852.9816,1247.0043,684.14374,1936.6437,760.5471,738.6003,1788.578,2348.0906,494.48386,1878.9297,1764.3208,707.3626,1757.6046,2459.6794,448.46826,1850.7673,1872.0571,744.0924,1926.4257,2501.5334,507.7349,2028.5759,1852.618
IMG_5159.png,1473.846,1823.1764,-1074.8412,1504.6327,1795.4329,-1066.7808,1514.2073,1783.9708,-1067.6547,1524.285,1772.2017,-1067.5396,1478.9967,1802.931,-1133.8032,1468.326,1798.6704,-1134.7039,1457.5442,1792.557,-1135.1228,1498.2075,1696.4009,-883.7451,1405.4459,1728.2778,-1180.8406,1436.6359,1798.3431,-975.4047,1420.3672,1795.5128,-1068.6001,1444.4768,1482.7081,-592.6061,1097.4753,1694.0776,-1008.07855,1436.2493,1505.2274,-138.52376,774.4243,1804.3533,-1015.1056,1519.8856,1749.9208,86.68529,855.46643,2102.0103,-1069.7312,1573.9094,1786.5701,61.62899,864.8037,2182.522,-1227.4723,1539.7733,1793.8224,-27.952442,936.46277,2142.2175,-1222.3573,1498.0255,1775.2656,57.840992,931.37756,2117.019,-1081.1954,966.9071,1366.9741,180.3416,816.66486,1443.5958,-180.86186,668.66046,1350.4614,891.08,495.9166,1430.1516,240.52328,485.185,1301.5594,1630.3713,250.0212,1385.0818,825.9661,439.3078,1275.7878,1699.628,201.10184,1358.3444,887.03894,498.85184,1411.0188,1688.1735,270.1078,1531.1841,808.4032
IMG_5161.png,1636.0314,1656.8365,39.686295,1671.5,1646.826,36.957264,1673.5835,1638.248,36.162785,1675.5286,1630.6145,36.510063,1673.1722,1652.4598,-35.413006,1675.4143,1649.0195,-36.400223,1677.3043,1645.8202,-36.543385,1683.1061,1587.8954,112.68361,1677.7346,1603.5338,-212.91066,1612.1119,1632.5538,97.88779,1612.2789,1638.3602,-3.3105016,1537.7175,1425.2373,322.0494,1541.3468,1556.4952,-306.01355,1450.6271,1502.5928,672.97394,1445.4708,1719.7676,-667.8469,1495.5868,1662.6732,970.1484,1501.4714,1957.532,-960.40533,1542.3944,1675.4592,1030.1401,1550.3258,2000.9067,-1093.3136,1547.7039,1684.8247,943.9877,1573.008,1965.6569,-1004.059,1527.7773,1682.423,946.5277,1555.3982,1946.969,-939.5586,1060.8583,1446.6222,196.37062,1054.4371,1546.5046,-196.9865,710.707,1545.0787,399.20346,683.1298,1634.4695,-244.03374,403.9698,1566.2863,589.5384,288.25418,1691.003,-247.805,328.86105,1544.9934,594.91406,204.6453,1669.5087,-246.22057,404.20648,1697.6937,501.4156,301.5567,1848.8081,-367.44897
IMG_5162.png,1706.6836,1588.0748,207.03557,1741.4906,1578.7489,197.44678,1743.6532,1572.7572,196.76318,1744.9021,1567.2559,197.07802,1743.7113,1584.452,120.75541,1746.7751,1583.5403,119.6943,1749.4498,1583.3789,119.41851,1748.1056,1532.9318,232.71176,1749.7072,1557.9827,-115.64828,1685.6007,1570.1306,249.82701,1687.8336,1576.9773,141.65263,1608.6282,1370.6194,405.3805,1622.6606,1504.2931,-281.36478,1508.8151,1442.4524,785.68884,1565.5536,1661.8757,-578.7039,1546.4753,1568.8624,1145.2688,1591.3406,1884.0383,-692.54877,1571.9629,1572.8906,1229.83,1640.1528,1914.6931,-798.0184,1578.3429,1575.7616,1146.5004,1657.2689,1887.4554,-723.2994,1556.07,1592.217,1124.2057,1638.6055,1875.1816,-673.0726,1138.7452,1383.8994,210.57356,1148.2646,1471.3927,-210.919,788.25793,1489.5192,507.5233,771.3112,1560.6584,-368.2265,466.74484,1504.9734,735.2829,382.81952,1623.0963,-522.489,389.8124,1482.8328,748.0537,284.30536,1586.2128,-533.88715,471.05466,1641.7217,713.20984,387.25586,1773.9598,-649.56146
IMG_5163.png,1776.2041,1674.9242,275.3512,1800.9609,1665.2502,267.16458,1800.2953,1658.057,266.34702,1799.9231,1650.463,266.64572,1804.1221,1677.5775,203.42917,1805.2819,1680.0942,202.38007,1806.4049,1682.6042,202.14081,1794.5416,1620.0511,289.68417,1795.4962,1669.9384,1.1509197,1747.5205,1661.8173,311.45538,1751.1191,1672.4905,221.23328,1635.2767,1478.5472,405.9701,1689.0422,1652.8993,-154.13817,1471.1046,1481.5048,744.4912,1650.9158,1778.8599,-606.9911,1439.7717,1589.9602,1144.4944,1678.1296,2006.4188,-978.4487,1462.2498,1584.8606,1218.1001,1731.3066,2039.5889,-1110.3923,1467.9161,1600.1157,1147.8086,1741.0381,2009.0077,-1026.7802,1459.1748,1619.8613,1130.5228,1720.126,1996.3479,-962.7571,1185.6637,1505.0247,164.69998,1208.1991,1613.0325,-165.54213,821.3422,1623.3932,255.63573,819.81415,1703.828,-253.46828,460.1321,1671.8027,317.225,421.7822,1764.6586,-356.92148,378.43594,1645.586,310.57465,307.51724,1747.6946,-365.113,458.38293,1809.4739,210.64233,418.67703,1927.5425,-503.45734
IMG_5164.png,1821.468,1649.4039,400.14365,1844.2866,1639.2032,389.0181,1843.574,1631.4149,388.2242,1842.9584,1622.9261,388.54556,1850.8298,1651.9213,318.10324,1853.7538,1654.2264,317.01306,1856.1028,1656.6307,316.70462,1838.2477,1585.3239,381.0895,1845.6724,1633.3601,61.252987,1800.1715,1634.9131,426.40045,1803.6245,1648.988,325.74225,1697.7866,1406.5522,461.81445,1770.6653,1589.8076,-90.54149,1554.1337,1451.3054,784.3332,1740.855,1719.3928,-322.33572,1568.9152,1572.8177,1101.2295,1752.1431,1930.9622,-361.96405,1590.0007,1576.7278,1163.5311,1806.9087,1942.6475,-444.80698,1598.7434,1603.332,1093.0607,1799.599,1923.3394,-401.40945,1594.2001,1613.9307,1083.5317,1774.1423,1916.5872,-352.65903,1268.4175,1464.3507,165.60912,1289.6002,1583.267,-166.66495,870.06775,1547.003,329.37302,886.2473,1636.5734,-152.67834,495.48453,1606.5529,327.40826,484.7681,1696.1394,-267.89908,418.37238,1585.0281,315.30505,386.14117,1694.0042,-283.23526,501.24374,1744.7233,274.27588,492.81897,1853.3701,-383.85797
IMG_5165.png,1638.3364,1483.0261,732.11475,1654.1829,1465.8439,724.64307,1652.3544,1460.7118,723.9916,1650.539,1455.9717,724.1946,1659.9528,1477.6127,672.76434,1662.2737,1480.7339,671.63324,1665.0466,1484.518,671.29205,1637.7426,1430.6368,699.25555,1660.687,1480.7719,460.86932,1613.2345,1478.1804,743.5864,1622.2743,1490.0308,667.56256,1455.5919,1343.4849,744.08167,1618.0776,1500.8429,182.03252,1340.6577,1386.9749,1066.1263,1630.5303,1639.4309,-275.89587,1412.7417,1464.2896,1464.697,1660.4478,1782.1233,-578.10474,1411.6895,1477.9713,1544.7681,1708.36,1812.0314,-692.73724,1422.0765,1500.4011,1487.5751,1700.6028,1782.5452,-636.3928,1417.4106,1511.3088,1454.6052,1678.7037,1777.428,-569.62775,1087.2432,1418.9187,153.2731,1171.7666,1531.2467,-154.63646,715.9139,1604.314,46.95351,775.93335,1696.4683,-387.28183,345.80963,1740.807,-299.42938,374.3187,1825.7404,-638.87244,245.99274,1734.3691,-345.12668,266.92923,1834.225,-660.5638,358.14105,1897.4421,-426.3711,410.54785,2008.2843,-737.73975
IMG_5166.png,1540.4136,1428.0599,873.9346,1550.28,1412.3262,865.60626,1545.9988,1406.8567,865.05225,1541.973,1401.372,865.17566,1562.8176,1427.5282,810.3006,1566.9252,1431.9753,809.1789,1571.0005,1436.0665,808.8644,1537.6465,1389.3994,819.25714,1570.0359,1434.2406,563.3427,1516.7218,1425.5748,877.2737,1533.2255,1440.5836,797.0743,1378.9309,1320.1198,850.2409,1544.652,1445.1072,220.72058,1245.4707,1346.9924,1175.8346,1563.0526,1585.6149,-218.91098,1305.1583,1435.9244,1593.6245,1603.6344,1741.9562,-491.55142,1325.5448,1434.0051,1677.1259,1664.7383,1764.2092,-597.78595,1342.8488,1455.3757,1625.073,1653.4087,1739.1824,-531.6562,1343.9427,1467.9232,1584.8329,1624.0577,1726.6884,-476.9829,1011.3631,1390.8752,181.69807,1102.8829,1486.226,-183.07297,661.1304,1590.1122,92.91754,741.6694,1673.102,-402.09854,286.63214,1751.6816,-245.49635,370.7777,1836.9097,-670.5939,189.6399,1743.5574,-287.88852,248.4213,1853.432,-691.2523,268.1408,1899.1067,-359.01352,374.50125,2020.1381,-760.4486
IMG_5167.png,1534.6527,1388.1536,959.4795,1525.4829,1367.9424,966.80444,1521.9342,1358.042,966.08307,1516.6086,1351.1766,966.4902,1541.9552,1385.1876,925.6278,1549.2853,1389.7544,924.4403,1563.5034,1394.9172,924.2559,1505.73,1334.5515,985.7229,1566.8862,1386.9644,791.4639,1519.0076,1369.8141,984.9367,1537.0858,1379.1766,921.381,1425.7942,1286.1505,956.196,1668.8845,1394.7288,503.38748,1312.8337,1284.6039,1004.8277,1724.732,1543.7218,129.67863,1313.1415,1396.6381,1049.9408,1757.8041,1632.9863,-0.6782903,1314.2081,1406.8229,1071.4772,1815.8848,1638.3363,-70.81366,1324.0883,1434.3573,1036.4519,1788.9241,1612.9332,-28.575565,1330.9038,1438.5651,1039.1888,1761.0685,1611.1799,7.3787436,1157.496,1336.8157,119.34794,1299.6509,1413.7468,-121.87493,857.0738,1594.6255,-1.6204197,973.7416,1669.8615,-520.3251,458.0743,1787.3982,-500.03107,613.8142,1881.9935,-894.93854,342.94415,1795.4769,-559.7935,469.60782,1876.5173,-922.35266,458.3358,1956.0009,-657.34344,603.9027,2058.6196,-969.8518
IMG_5170.JPG,1204.1891,1576.686,2081.111,1187.6177,1571.5243,2075.3662,1174.4204,1569.2797,2075.777,1161.4447,1567.7979,2075.9512,1217.5542,1574.2649,2046.8806,1228.6655,1574.6263,2046.1669,1240.2588,1574.5004,2046.526,1137.9329,1554.6776,1864.8206,1261.4702,1566.9817,1725.411,1159.8317,1600.6229,1996.1375,1222.8419,1576.1388,1958.673,976.3894,1533.6392,1485.4756,1382.019,1556.7223,1163.4796,770.9261,1675.652,1209.0798,1577.7498,1642.2048,720.79456,807.56714,1881.1415,1182.8252,1557.4634,1847.0651,828.2276,822.8579,1877.3447,1149.2534,1547.9833,1842.6267,755.2267,864.1965,1877.1544,1156.152,1523.5956,1838.5438,829.27893,874.6338,1882.3275,1181.3883,1512.566,1837.0729,851.8434,1027.8538,1820.0499,98.5498,1270.4584,1752.9735,-98.97687,1118.022,2155.8352,-528.7908,1255.8082,2083.6704,-776.09875,1153.2218,2531.6519,-1440.6316,1265.3452,2557.743,-1860.4468,1157.5775,2612.1606,-1547.6271,1265.531,2633.0562,-1979.5459,1132.3607,2641.1401,-1463.8748,1284.0887,2664.2197,-1956.6641
IMG_5384.JPG,1803.8397,853.4936,304.57117,1823.1586,820.3951,347.7989,1821.1298,814.09186,347.09427,1819.3345,809.6879,347.3407,1823.2543,822.3251,241.96959,1821.0188,816.8835,240.76643,1819.1763,812.205,240.60292,1796.3529,778.4003,535.822,1793.6516,776.43567,65.15656,1772.7686,851.89557,396.12158,1773.1722,852.6778,255.24712,1585.5972,721.5407,794.8562,1660.4421,768.7924,-209.42291,1339.8468,679.63074,822.9844,1448.9436,714.093,-497.53455,1405.864,856.64087,526.3519,1519.1539,926.1786,-720.10376,1465.1897,853.6515,494.94675,1582.7225,942.9197,-826.84503,1472.424,856.2728,425.07098,1590.9563,924.2823,-753.3831,1455.3256,862.4551,488.2579,1571.4734,922.6626,-695.31177,1160.5594,806.1482,323.18384,1182.1527,837.9178,-324.35696,756.93787,882.41986,189.73384,753.93146,887.996,-418.87823,314.36707,883.1506,141.78273,293.1288,903.9709,-510.14975,223.84044,879.2929,121.06679,208.18706,899.21545,-516.4092,360.23505,1034.3701,-46.57445,359.90765,1057.3665,-719.3172
IMG_5385.JPG,1816.6688,908.92206,726.04767,1828.6866,878.5915,782.2503,1825.1656,873.6251,781.4386,1821.3796,868.2298,781.6343,1828.96,879.844,669.02136,1825.5869,876.24133,667.70844,1821.8134,871.6151,667.5522,1794.8357,838.50287,965.1126,1794.4783,834.6132,454.0951,1780.1533,910.25604,810.88666,1778.7455,914.8865,657.8995,1579.2018,797.6584,1142.6484,1683.6992,842.3807,78.58104,1341.3727,784.9408,1498.1766,1495.0588,795.47614,-428.3878,1395.4791,924.241,1728.4113,1572.9928,996.2234,-828.0148,1432.6975,923.7853,1799.1147,1630.7233,1004.2375,-954.39124,1436.8586,926.9943,1704.0957,1640.318,990.81335,-843.89264,1430.6085,933.61993,1695.9926,1619.0892,989.7805,-795.14435,1180.0581,878.15015,345.92767,1234.3528,920.4059,-347.08472,760.5721,945.00525,121.86694,810.382,1004.7568,-570.3913,299.19815,1035.2501,-130.55205,294.23938,1063.8627,-938.7816,203.10287,1045.2686,-171.95972,201.01917,1071.9618,-972.4002,382.45004,1190.7029,-309.66333,384.69406,1225.6038,-1156.3666
IMG_5386.png,2504.7832,837.998,566.4586,2511.552,815.2912,606.8835,2509.502,812.3662,606.15845,2507.5452,810.6127,606.3125,2510.3188,810.02106,528.6486,2507.5522,802.9376,527.44867,2504.5251,795.90125,527.2755,2484.0596,784.96533,754.3665,2477.6343,759.3897,401.20566,2474.2703,841.82465,636.32526,2472.4883,836.66046,528.4293,2258.795,770.1371,895.0255,2379.7876,757.4181,144.87578,2089.993,774.31915,1243.0522,2264.4548,743.4618,-313.0481,2141.8665,896.16235,1547.9302,2373.6475,943.34753,-702.15424,2154.1465,897.24713,1612.0991,2415.9272,972.47406,-830.0572,2174.9563,909.64453,1536.965,2423.2156,962.2237,-742.0421,2171.7393,921.9016,1526.868,2404.4917,956.64294,-680.823,1874.7526,871.215,237.06017,1961.1501,866.90216,-238.12955,1468.215,1046.0422,41.340454,1534.5089,1014.4565,-467.4531,999.68066,1113.0034,-318.003,1005.97186,1131.9208,-759.29846,897.2542,1124.0957,-367.0838,903.2504,1118.9475,-786.58435,1088.8231,1272.7152,-489.7517,1104.9493,1292.7437,-930.1694
IMG_5389.png,588.8758,896.4372,557.9125,559.6342,844.33154,499.75467,560.17267,838.4366,499.272,561.3135,833.4956,499.7272,562.411,846.95337,583.5666,565.1129,843.35364,582.11444,568.15283,840.2664,582.0748,600.72107,801.01184,331.22424,605.43945,808.50433,711.3814,627.0006,900.436,520.35754,630.54376,903.9879,618.62726,756.68085,853.15265,-32.635723,928.7716,705.3231,915.1049,1066.8257,769.3869,-464.7381,1322.9097,622.3267,1202.0479,917.6344,1125.1141,-765.1316,1127.5481,839.51953,1539.3271,828.2522,1170.5692,-844.8596,1054.6422,850.13696,1600.4716,811.73004,1137.7987,-765.0368,1035.0978,871.53296,1540.3098,841.6031,1124.4581,-722.372,1051.7594,874.6883,1514.6881,1484.8982,879.58856,-319.20816,1545.3077,749.3749,318.4096,2124.7937,857.6217,-311.98987,2156.8733,802.1548,65.77586,2912.1797,853.17456,-675.3867,2901.5103,819.63464,-266.06445,3057.6724,816.17865,-720.47186,3054.4958,779.7298,-310.78125,2877.4438,1125.154,-920.8564,2867.1138,1100.3763,-424.31146
IMG_5390.JPG,629.3283,1141.342,-253.83449,575.5524,1090.0171,-348.3336,574.48193,1080.5875,-349.4802,574.16187,1072.6238,-349.11813,576.9858,1091.8727,-216.88062,577.5823,1083.8417,-218.4937,577.9414,1076.1042,-219.26231,609.74554,999.50543,-529.91455,606.8133,1006.40094,56.315838,675.44495,1126.1866,-286.57675,687.2961,1129.3921,-127.95806,912.63116,939.142,-770.8746,915.70245,917.98145,511.7338,1350.1665,793.46924,-808.15656,1322.5852,823.1108,268.4177,1219.2207,1196.8047,-548.39197,1196.8616,1091.1222,-567.559,1129.405,1252.6641,-587.00885,1110.5267,1128.385,-684.32666,1093.4059,1215.3,-570.2936,1093.9175,1141.7074,-733.1872,1117.5176,1203.0233,-516.9893,1119.1727,1140.9143,-622.8232,1744.0621,913.329,-431.31888,1728.7405,871.0321,431.66046,2316.951,855.8803,-193.50475,2266.2637,847.49347,542.4964,3011.5781,815.5417,-128.62006,2892.4028,822.10876,796.8267,3118.48,785.60944,-142.80205,3032.2363,779.87836,803.09546,3003.0881,1040.0931,-503.26303,2916.6675,1011.2215,583.79333
IMG_6094 copy 10.JPG,804.142,709.3806,283.589,755.1529,671.6212,173.41489,754.9545,665.284,172.87672,755.2425,660.19604,173.35002,755.6672,669.6286,299.5602,756.73865,662.54236,298.06824,758.4168,655.12146,298.02872,774.7095,604.96155,-127.26073,782.4755,596.76776,447.9242,851.21484,696.7688,211.54832,853.7262,692.25775,368.48114,981.221,624.5925,-445.2787,1077.5449,505.20517,867.7799,1097.7332,904.41113,-609.453,1278.8861,767.3489,1068.7399,975.99426,1256.2074,-423.94473,1212.2094,1060.3802,900.62396,893.07135,1290.596,-521.09595,1134.7562,1063.0916,897.8676,874.2516,1268.4696,-455.04138,1126.4363,1077.7305,800.38354,911.05963,1262.6244,-385.4613,1151.888,1088.7485,845.53973,1740.7981,778.8502,-408.39273,1743.5964,653.7715,407.96582,2334.0217,934.2312,-304.27426,2308.4387,824.07477,635.681,2994.9758,899.8455,-440.43262,2860.5886,832.444,899.0008,3122.3494,866.6238,-474.37683,2986.4365,796.97723,916.50244,2957.869,1159.2817,-791.3263,2837.0854,1044.9641,781.1301
IMG_6094 copy 11.JPG,804.142,709.3806,283.589,755.1529,671.6212,173.41489,754.9545,665.284,172.87672,755.2425,660.19604,173.35002,755.6672,669.6286,299.5602,756.73865,662.54236,298.06824,758.4168,655.12146,298.02872,774.7095,604.96155,-127.26073,782.4755,596.76776,447.9242,851.21484,696.7688,211.54832,853.7262,692.25775,368.48114,981.221,624.5925,-445.2787,1077.5449,505.20517,867.7799,1097.7332,904.41113,-609.453,1278.8861,767.3489,1068.7399,975.99426,1256.2074,-423.94473,1212.2094,1060.3802,900.62396,893.07135,1290.596,-521.09595,1134.7562,1063.0916,897.8676,874.2516,1268.4696,-455.04138,1126.4363,1077.7305,800.38354,911.05963,1262.6244,-385.4613,1151.888,1088.7485,845.53973,1740.7981,778.8502,-408.39273,1743.5964,653.7715,407.96582,2334.0217,934.2312,-304.27426,2308.4387,824.07477,635.681,2994.9758,899.8455,-440.43262,2860.5886,832.444,899.0008,3122.3494,866.6238,-474.37683,2986.4365,796.97723,916.50244,2957.869,1159.2817,-791.3263,2837.0854,1044.9641,781.1301
IMG_6094 copy 12.JPG,804.142,709.3806,283.589,755.1529,671.6212,173.41489,754.9545,665.284,172.87672,755.2425,660.19604,173.35002,755.6672,669.6286,299.5602,756.73865,662.54236,298.06824,758.4168,655.12146,298.02872,774.7095,604.96155,-127.26073,782.4755,596.76776,447.9242,851.21484,696.7688,211.54832,853.7262,692.25775,368.48114,981.221,624.5925,-445.2787,1077.5449,505.20517,867.7799,1097.7332,904.41113,-609.453,1278.8861,767.3489,1068.7399,975.99426,1256.2074,-423.94473,1212.2094,1060.3802,900.62396,893.07135,1290.596,-521.09595,1134.7562,1063.0916,897.8676,874.2516,1268.4696,-455.04138,1126.4363,1077.7305,800.38354,911.05963,1262.6244,-385.4613,1151.888,1088.7485,845.53973,1740.7981,778.8502,-408.39273,1743.5964,653.7715,407.96582,2334.0217,934.2312,-304.27426,2308.4387,824.07477,635.681,2994.9758,899.8455,-440.43262,2860.5886,832.444,899.0008,3122.3494,866.6238,-474.37683,2986.4365,796.97723,916.50244,2957.869,1159.2817,-791.3263,2837.0854,1044.9641,781.1301
IMG_6094 copy 2.JPG,804.142,709.3806,283.589,755.1529,671.6212,173.41489,754.9545,665.284,172.87672,755.2425,660.19604,173.35002,755.6672,669.6286,299.5602,756.73865,662.54236,298.06824,758.4168,655.12146,298.02872,774.7095,604.96155,-127.26073,782.4755,596.76776,447.9242,851.21484,696.7688,211.54832,853.7262,692.25775,368.48114,981.221,624.5925,-445.2787,1077.5449,505.20517,867.7799,1097.7332,904.41113,-609.453,1278.8861,767.3489,1068.7399,975.99426,1256.2074,-423.94473,1212.2094,1060.3802,900.62396,893.07135,1290.596,-521.09595,1134.7562,1063.0916,897.8676,874.2516,1268.4696,-455.04138,1126.4363,1077.7305,800.38354,911.05963,1262.6244,-385.4613,1151.888,1088.7485,845.53973,1740.7981,778.8502,-408.39273,1743.5964,653.7715,407.96582,2334.0217,934.2312,-304.27426,2308.4387,824.07477,635.681,2994.9758,899.8455,-440.43262,2860.5886,832.444,899.0008,3122.3494,866.6238,-474.37683,2986.4365,796.97723,916.50244,2957.869,1159.2817,-791.3263,2837.0854,1044.9641,781.1301
IMG_6094 copy 3.JPG,804.142,709.3806,283.589,755.1529,671.6212,173.41489,754.9545,665.284,172.87672,755.2425,660.19604,173.35002,755.6672,669.6286,299.5602,756.73865,662.54236,298.06824,758.4168,655.12146,298.02872,774.7095,604.96155,-127.26073,782.4755,596.76776,447.9242,851.21484,696.7688,211.54832,853.7262,692.25775,368.48114,981.221,624.5925,-445.2787,1077.5449,505.20517,867.7799,1097.7332,904.41113,-609.453,1278.8861,767.3489,1068.7399,975.99426,1256.2074,-423.94473,1212.2094,1060.3802,900.62396,893.07135,1290.596,-521.09595,1134.7562,1063.0916,897.8676,874.2516,1268.4696,-455.04138,1126.4363,1077.7305,800.38354,911.05963,1262.6244,-385.4613,1151.888,1088.7485,845.53973,1740.7981,778.8502,-408.39273,1743.5964,653.7715,407.96582,2334.0217,934.2312,-304.27426,2308.4387,824.07477,635.681,2994.9758,899.8455,-440.43262,2860.5886,832.444,899.0008,3122.3494,866.6238,-474.37683,2986.4365,796.97723,916.50244,2957.869,1159.2817,-791.3263,2837.0854,1044.9641,781.1301
IMG_6094 copy 4.JPG,804.142,709.3806,283.589,755.1529,671.6212,173.41489,754.9545,665.284,172.87672,755.2425,660.19604,173.35002,755.6672,669.6286,299.5602,756.73865,662.54236,298.06824,758.4168,655.12146,298.02872,774.7095,604.96155,-127.26073,782.4755,596.76776,447.9242,851.21484,696.7688,211.54832,853.7262,692.25775,368.48114,981.221,624.5925,-445.2787,1077.5449,505.20517,867.7799,1097.7332,904.41113,-609.453,1278.8861,767.3489,1068.7399,975.99426,1256.2074,-423.94473,1212.2094,1060.3802,900.62396,893.07135,1290.596,-521.09595,1134.7562,1063.0916,897.8676,874.2516,1268.4696,-455.04138,1126.4363,1077.7305,800.38354,911.05963,1262.6244,-385.4613,1151.888,1088.7485,845.53973,1740.7981,778.8502,-408.39273,1743.5964,653.7715,407.96582,2334.0217,934.2312,-304.27426,2308.4387,824.07477,635.681,2994.9758,899.8455,-440.43262,2860.5886,832.444,899.0008,3122.3494,866.6238,-474.37683,2986.4365,796.97723,916.50244,2957.869,1159.2817,-791.3263,2837.0854,1044.9641,781.1301
IMG_6094 copy 5.JPG,804.142,709.3806,283.589,755.1529,671.6212,173.41489,754.9545,665.284,172.87672,755.2425,660.19604,173.35002,755.6672,669.6286,299.5602,756.73865,662.54236,298.06824,758.4168,655.12146,298.02872,774.7095,604.96155,-127.26073,782.4755,596.76776,447.9242,851.21484,696.7688,211.54832,853.7262,692.25775,368.48114,981.221,624.5925,-445.2787,1077.5449,505.20517,867.7799,1097.7332,904.41113,-609.453,1278.8861,767.3489,1068.7399,975.99426,1256.2074,-423.94473,1212.2094,1060.3802,900.62396,893.07135,1290.596,-521.09595,1134.7562,1063.0916,897.8676,874.2516,1268.4696,-455.04138,1126.4363,1077.7305,800.38354,911.05963,1262.6244,-385.4613,1151.888,1088.7485,845.53973,1740.7981,778.8502,-408.39273,1743.5964,653.7715,407.96582,2334.0217,934.2312,-304.27426,2308.4387,824.07477,635.681,2994.9758,899.8455,-440.43262,2860.5886,832.444,899.0008,3122.3494,866.6238,-474.37683,2986.4365,796.97723,916.50244,2957.869,1159.2817,-791.3263,2837.0854,1044.9641,781.1301
IMG_6094 copy 6.JPG,804.142,709.3806,283.589,755.1529,671.6212,173.41489,754.9545,665.284,172.87672,755.2425,660.19604,173.35002,755.6672,669.6286,299.5602,756.73865,662.54236,298.06824,758.4168,655.12146,298.02872,774.7095,604.96155,-127.26073,782.4755,596.76776,447.9242,851.21484,696.7688,211.54832,853.7262,692.25775,368.48114,981.221,624.5925,-445.2787,1077.5449,505.20517,867.7799,1097.7332,904.41113,-609.453,1278.8861,767.3489,1068.7399,975.99426,1256.2074,-423.94473,1212.2094,1060.3802,900.62396,893.07135,1290.596,-521.09595,1134.7562,1063.0916,897.8676,874.2516,1268.4696,-455.04138,1126.4363,1077.7305,800.38354,911.05963,1262.6244,-385.4613,1151.888,1088.7485,845.53973,1740.7981,778.8502,-408.39273,1743.5964,653.7715,407.96582,2334.0217,934.2312,-304.27426,2308.4387,824.07477,635.681,2994.9758,899.8455,-440.43262,2860.5886,832.444,899.0008,3122.3494,866.6238,-474.37683,2986.4365,796.97723,916.50244,2957.869,1159.2817,-791.3263,2837.0854,1044.9641,781.1301
IMG_6094 copy 7.JPG,804.142,709.3806,283.589,755.1529,671.6212,173.41489,754.9545,665.284,172.87672,755.2425,660.19604,173.35002,755.6672,669.6286,299.5602,756.73865,662.54236,298.06824,758.4168,655.12146,298.02872,774.7095,604.96155,-127.26073,782.4755,596.76776,447.9242,851.21484,696.7688,211.54832,853.7262,692.25775,368.48114,981.221,624.5925,-445.2787,1077.5449,505.20517,867.7799,1097.7332,904.41113,-609.453,1278.8861,767.3489,1068.7399,975.99426,1256.2074,-423.94473,1212.2094,1060.3802,900.62396,893.07135,1290.596,-521.09595,1134.7562,1063.0916,897.8676,874.2516,1268.4696,-455.04138,1126.4363,1077.7305,800.38354,911.05963,1262.6244,-385.4613,1151.888,1088.7485,845.53973,1740.7981,778.8502,-408.39273,1743.5964,653.7715,407.96582,2334.0217,934.2312,-304.27426,2308.4387,824.07477,635.681,2994.9758,899.8455,-440.43262,2860.5886,832.444,899.0008,3122.3494,866.6238,-474.37683,2986.4365,796.97723,916.50244,2957.869,1159.2817,-791.3263,2837.0854,1044.9641,781.1301
IMG_6094 copy 8.JPG,804.142,709.3806,283.589,755.1529,671.6212,173.41489,754.9545,665.284,172.87672,755.2425,660.19604,173.35002,755.6672,669.6286,299.5602,756.73865,662.54236,298.06824,758.4168,655.12146,298.02872,774.7095,604.96155,-127.26073,782.4755,596.76776,447.9242,851.21484,696.7688,211.54832,853.7262,692.25775,368.48114,981.221,624.5925,-445.2787,1077.5449,505.20517,867.7799,1097.7332,904.41113,-609.453,1278.8861,767.3489,1068.7399,975.99426,1256.2074,-423.94473,1212.2094,1060.3802,900.62396,893.07135,1290.596,-521.09595,1134.7562,1063.0916,897.8676,874.2516,1268.4696,-455.04138,1126.4363,1077.7305,800.38354,911.05963,1262.6244,-385.4613,1151.888,1088.7485,845.53973,1740.7981,778.8502,-408.39273,1743.5964,653.7715,407.96582,2334.0217,934.2312,-304.27426,2308.4387,824.07477,635.681,2994.9758,899.8455,-440.43262,2860.5886,832.444,899.0008,3122.3494,866.6238,-474.37683,2986.4365,796.97723,916.50244,2957.869,1159.2817,-791.3263,2837.0854,1044.9641,781.1301
IMG_6094 copy 9.JPG,804.142,709.3806,283.589,755.1529,671.6212,173.41489,754.9545,665.284,172.87672,755.2425,660.19604,173.35002,755.6672,669.6286,299.5602,756.73865,662.54236,298.06824,758.4168,655.12146,298.02872,774.7095,604.96155,-127.26073,782.4755,596.76776,447.9242,851.21484,696.7688,211.54832,853.7262,692.25775,368.48114,981.221,624.5925,-445.2787,1077.5449,505.20517,867.7799,1097.7332,904.41113,-609.453,1278.8861,767.3489,1068.7399,975.99426,1256.2074,-423.94473,1212.2094,1060.3802,900.62396,893.07135,1290.596,-521.09595,1134.7562,1063.0916,897.8676,874.2516,1268.4696,-455.04138,1126.4363,1077.7305,800.38354,911.05963,1262.6244,-385.4613,1151.888,1088.7485,845.53973,1740.7981,778.8502,-408.39273,1743.5964,653.7715,407.96582,2334.0217,934.2312,-304.27426,2308.4387,824.07477,635.681,2994.9758,899.8455,-440.43262,2860.5886,832.444,899.0008,3122.3494,866.6238,-474.37683,2986.4365,796.97723,916.50244,2957.869,1159.2817,-791.3263,2837.0854,1044.9641,781.1301
IMG_6094 copy.JPG,804.142,709.3806,283.589,755.1529,671.6212,173.41489,754.9545,665.284,172.87672,755.2425,660.19604,173.35002,755.6672,669.6286,299.5602,756.73865,662.54236,298.06824,758.4168,655.12146,298.02872,774.7095,604.96155,-127.26073,782.4755,596.76776,447.9242,851.21484,696.7688,211.54832,853.7262,692.25775,368.48114,981.221,624.5925,-445.2787,1077.5449,505.20517,867.7799,1097.7332,904.41113,-609.453,1278.8861,767.3489,1068.7399,975.99426,1256.2074,-423.94473,1212.2094,1060.3802,900.62396,893.07135,1290.596,-521.09595,1134.7562,1063.0916,897.8676,874.2516,1268.4696,-455.04138,1126.4363,1077.7305,800.38354,911.05963,1262.6244,-385.4613,1151.888,1088.7485,845.53973,1740.7981,778.8502,-408.39273,1743.5964,653.7715,407.96582,2334.0217,934.2312,-304.27426,2308.4387,824.07477,635.681,2994.9758,899.8455,-440.43262,2860.5886,832.444,899.0008,3122.3494,866.6238,-474.37683,2986.4365,796.97723,916.50244,2957.869,1159.2817,-791.3263,2837.0854,1044.9641,781.1301
IMG_6094.JPG,804.142,709.3806,283.589,755.1529,671.6212,173.41489,754.9545,665.284,172.87672,755.2425,660.19604,173.35002,755.6672,669.6286,299.5602,756.73865,662.54236,298.06824,758.4168,655.12146,298.02872,774.7095,604.96155,-127.26073,782.4755,596.76776,447.9242,851.21484,696.7688,211.54832,853.7262,692.25775,368.48114,981.221,624.5925,-445.2787,1077.5449,505.20517,867.7799,1097.7332,904.41113,-609.453,1278.8861,767.3489,1068.7399,975.99426,1256.2074,-423.94473,1212.2094,1060.3802,900.62396,893.07135,1290.596,-521.09595,1134.7562,1063.0916,897.8676,874.2516,1268.4696,-455.04138,1126.4363,1077.7305,800.38354,911.05963,1262.6244,-385.4613,1151.888,1088.7485,845.53973,1740.7981,778.8502,-408.39273,1743.5964,653.7715,407.96582,2334.0217,934.2312,-304.27426,2308.4387,824.07477,635.681,2994.9758,899.8455,-440.43262,2860.5886,832.444,899.0008,3122.3494,866.6238,-474.37683,2986.4365,796.97723,916.50244,2957.869,1159.2817,-791.3263,2837.0854,1044.9641,781.1301
IMG_6095 copy 10.png,1198.3345,953.1827,-104.10336,1175.9363,929.054,-113.69381,1177.6149,919.9127,-113.91118,1179.4596,911.5463,-113.604294,1174.081,941.61334,-70.2882,1173.917,943.5339,-70.99979,1173.8221,945.8415,-71.04317,1195.3845,881.5294,-92.16594,1186.3531,925.5356,106.81625,1220.7229,941.4097,-84.06289,1221.2708,954.04517,-30.679089,1276.584,867.6438,-134.07649,1328.0284,852.1721,296.30197,1303.8422,968.31934,-265.26215,1437.1624,928.96454,372.02603,1317.1575,1123.223,-349.2008,1410.4032,1078.5135,292.64758,1283.8226,1132.317,-404.01865,1371.4264,1082.7657,282.1843,1284.6493,1125.049,-383.66037,1367.1019,1088.0232,232.87851,1299.4755,1123.4192,-340.88626,1375.3484,1090.002,266.58014,1580.8755,920.9489,-137.22357,1594.6475,901.0313,137.04704,1833.081,987.39685,-98.80279,1833.8911,970.086,72.53764,2074.267,1008.131,-143.41599,2062.6372,997.82794,96.02805,2139.8606,1002.4336,-156.51068,2131.5386,992.4683,94.10713,2055.5203,1111.6205,-256.88986,2050.447,1097.0901,34.64436
IMG_6095 copy 11.png,1198.3345,953.1827,-104.10336,1175.9363,929.054,-113.69381,1177.6149,919.9127,-113.91118,1179.4596,911.5463,-113.604294,1174.081,941.61334,-70.2882,1173.917,943.5339,-70.99979,1173.8221,945.8415,-71.04317,1195.3845,881.5294,-92.16594,1186.3531,925.5356,106.81625,1220.7229,941.4097,-84.06289,1221.2708,954.04517,-30.679089,1276.584,867.6438,-134.07649,1328.0284,852.1721,296.30197,1303.8422,968.31934,-265.26215,1437.1624,928.96454,372.02603,1317.1575,1123.223,-349.2008,1410.4032,1078.5135,292.64758,1283.8226,1132.317,-404.01865,1371.4264,1082.7657,282.1843,1284.6493,1125.049,-383.66037,1367.1019,1088.0232,232.87851,1299.4755,1123.4192,-340.88626,1375.3484,1090.002,266.58014,1580.8755,920.9489,-137.22357,1594.6475,901.0313,137.04704,1833.081,987.39685,-98.80279,1833.8911,970.086,72.53764,2074.267,1008.131,-143.41599,2062.6372,997.82794,96.02805,2139.8606,1002.4336,-156.51068,2131.5386,992.4683,94.10713,2055.5203,1111.6205,-256.88986,2050.447,1097.0901,34.64436
IMG_6095 copy 12.png,1198.3345,953.1827,-104.10336,1175.9363,929.054,-113.69381,1177.6149,919.9127,-113.91118,1179.4596,911.5463,-113.604294,1174.081,941.61334,-70.2882,1173.917,943.5339,-70.99979,1173.8221,945.8415,-71.04317,1195.3845,881.5294,-92.16594,1186.3531,925.5356,106.81625,1220.7229,941.4097,-84.06289,1221.2708,954.04517,-30.679089,1276.584,867.6438,-134.07649,1328.0284,852.1721,296.30197,1303.8422,968.31934,-265.26215,1437.1624,928.96454,372.02603,1317.1575,1123.223,-349.2008,1410.4032,1078.5135,292.64758,1283.8226,1132.317,-404.01865,1371.4264,1082.7657,282.1843,1284.6493,1125.049,-383.66037,1367.1019,1088.0232,232.87851,1299.4755,1123.4192,-340.88626,1375.3484,1090.002,266.58014,1580.8755,920.9489,-137.22357,1594.6475,901.0313,137.04704,1833.081,987.39685,-98.80279,1833.8911,970.086,72.53764,2074.267,1008.131,-143.41599,2062.6372,997.82794,96.02805,2139.8606,1002.4336,-156.51068,2131.5386,992.4683,94.10713,2055.5203,1111.6205,-256.88986,2050.447,1097.0901,34.64436
IMG_6095 copy 2.png,1198.3345,953.1827,-104.10336,1175.9363,929.054,-113.69381,1177.6149,919.9127,-113.91118,1179.4596,911.5463,-113.604294,1174.081,941.61334,-70.2882,1173.917,943.5339,-70.99979,1173.8221,945.8415,-71.04317,1195.3845,881.5294,-92.16594,1186.3531,925.5356,106.81625,1220.7229,941.4097,-84.06289,1221.2708,954.04517,-30.679089,1276.584,867.6438,-134.07649,1328.0284,852.1721,296.30197,1303.8422,968.31934,-265.26215,1437.1624,928.96454,372.02603,1317.1575,1123.223,-349.2008,1410.4032,1078.5135,292.64758,1283.8226,1132.317,-404.01865,1371.4264,1082.7657,282.1843,1284.6493,1125.049,-383.66037,1367.1019,1088.0232,232.87851,1299.4755,1123.4192,-340.88626,1375.3484,1090.002,266.58014,1580.8755,920.9489,-137.22357,1594.6475,901.0313,137.04704,1833.081,987.39685,-98.80279,1833.8911,970.086,72.53764,2074.267,1008.131,-143.41599,2062.6372,997.82794,96.02805,2139.8606,1002.4336,-156.51068,2131.5386,992.4683,94.10713,2055.5203,1111.6205,-256.88986,2050.447,1097.0901,34.64436
IMG_6095 copy 3.png,1198.3345,953.1827,-104.10336,1175.9363,929.054,-113.69381,1177.6149,919.9127,-113.91118,1179.4596,911.5463,-113.604294,1174.081,941.61334,-70.2882,1173.917,943.5339,-70.99979,1173.8221,945.8415,-71.04317,1195.3845,881.5294,-92.16594,1186.3531,925.5356,106.81625,1220.7229,941.4097,-84.06289,1221.2708,954.04517,-30.679089,1276.584,867.6438,-134.07649,1328.0284,852.1721,296.30197,1303.8422,968.31934,-265.26215,1437.1624,928.96454,372.02603,1317.1575,1123.223,-349.2008,1410.4032,1078.5135,292.64758,1283.8226,1132.317,-404.01865,1371.4264,1082.7657,282.1843,1284.6493,1125.049,-383.66037,1367.1019,1088.0232,232.87851,1299.4755,1123.4192,-340.88626,1375.3484,1090.002,266.58014,1580.8755,920.9489,-137.22357,1594.6475,901.0313,137.04704,1833.081,987.39685,-98.80279,1833.8911,970.086,72.53764,2074.267,1008.131,-143.41599,2062.6372,997.82794,96.02805,2139.8606,1002.4336,-156.51068,2131.5386,992.4683,94.10713,2055.5203,1111.6205,-256.88986,2050.447,1097.0901,34.64436
IMG_6095 copy 4.png,1198.3345,953.1827,-104.10336,1175.9363,929.054,-113.69381,1177.6149,919.9127,-113.91118,1179.4596,911.5463,-113.604294,1174.081,941.61334,-70.2882,1173.917,943.5339,-70.99979,1173.8221,945.8415,-71.04317,1195.3845,881.5294,-92.16594,1186.3531,925.5356,106.81625,1220.7229,941.4097,-84.06289,1221.2708,954.04517,-30.679089,1276.584,867.6438,-134.07649,1328.0284,852.1721,296.30197,1303.8422,968.31934,-265.26215,1437.1624,928.96454,372.02603,1317.1575,1123.223,-349.2008,1410.4032,1078.5135,292.64758,1283.8226,1132.317,-404.01865,1371.4264,1082.7657,282.1843,1284.6493,1125.049,-383.66037,1367.1019,1088.0232,232.87851,1299.4755,1123.4192,-340.88626,1375.3484,1090.002,266.58014,1580.8755,920.9489,-137.22357,1594.6475,901.0313,137.04704,1833.081,987.39685,-98.80279,1833.8911,970.086,72.53764,2074.267,1008.131,-143.41599,2062.6372,997.82794,96.02805,2139.8606,1002.4336,-156.51068,2131.5386,992.4683,94.10713,2055.5203,1111.6205,-256.88986,2050.447,1097.0901,34.64436
IMG_6095 copy 5.png,1198.3345,953.1827,-104.10336,1175.9363,929.054,-113.69381,1177.6149,919.9127,-113.91118,1179.4596,911.5463,-113.604294,1174.081,941.61334,-70.2882,1173.917,943.5339,-70.99979,1173.8221,945.8415,-71.04317,1195.3845,881.5294,-92.16594,1186.3531,925.5356,106.81625,1220.7229,941.4097,-84.06289,1221.2708,954.04517,-30.679089,1276.584,867.6438,-134.07649,1328.0284,852.1721,296.30197,1303.8422,968.31934,-265.26215,1437.1624,928.96454,372.02603,1317.1575,1123.223,-349.2008,1410.4032,1078.5135,292.64758,1283.8226,1132.317,-404.01865,1371.4264,1082.7657,282.1843,1284.6493,1125.049,-383.66037,1367.1019,1088.0232,232.87851,1299.4755,1123.4192,-340.88626,1375.3484,1090.002,266.58014,1580.8755,920.9489,-137.22357,1594.6475,901.0313,137.04704,1833.081,987.39685,-98.80279,1833.8911,970.086,72.53764,2074.267,1008.131,-143.41599,2062.6372,997.82794,96.02805,2139.8606,1002.4336,-156.51068,2131.5386,992.4683,94.10713,2055.5203,1111.6205,-256.88986,2050.447,1097.0901,34.64436
IMG_6095 copy 6.png,1198.3345,953.1827,-104.10336,1175.9363,929.054,-113.69381,1177.6149,919.9127,-113.91118,1179.4596,911.5463,-113.604294,1174.081,941.61334,-70.2882,1173.917,943.5339,-70.99979,1173.8221,945.8415,-71.04317,1195.3845,881.5294,-92.16594,1186.3531,925.5356,106.81625,1220.7229,941.4097,-84.06289,1221.2708,954.04517,-30.679089,1276.584,867.6438,-134.07649,1328.0284,852.1721,296.30197,1303.8422,968.31934,-265.26215,1437.1624,928.96454,372.02603,1317.1575,1123.223,-349.2008,1410.4032,1078.5135,292.64758,1283.8226,1132.317,-404.01865,1371.4264,1082.7657,282.1843,1284.6493,1125.049,-383.66037,1367.1019,1088.0232,232.87851,1299.4755,1123.4192,-340.88626,1375.3484,1090.002,266.58014,1580.8755,920.9489,-137.22357,1594.6475,901.0313,137.04704,1833.081,987.39685,-98.80279,1833.8911,970.086,72.53764,2074.267,1008.131,-143.41599,2062.6372,997.82794,96.02805,2139.8606,1002.4336,-156.51068,2131.5386,992.4683,94.10713,2055.5203,1111.6205,-256.88986,2050.447,1097.0901,34.64436
IMG_6095 copy 7.png,1198.3345,953.1827,-104.10336,1175.9363,929.054,-113.69381,1177.6149,919.9127,-113.91118,1179.4596,911.5463,-113.604294,1174.081,941.61334,-70.2882,1173.917,943.5339,-70.99979,1173.8221,945.8415,-71.04317,1195.3845,881.5294,-92.16594,1186.3531,925.5356,106.81625,1220.7229,941.4097,-84.06289,1221.2708,954.04517,-30.679089,1276.584,867.6438,-134.07649,1328.0284,852.1721,296.30197,1303.8422,968.31934,-265.26215,1437.1624,928.96454,372.02603,1317.1575,1123.223,-349.2008,1410.4032,1078.5135,292.64758,1283.8226,1132.317,-404.01865,1371.4264,1082.7657,282.1843,1284.6493,1125.049,-383.66037,1367.1019,1088.0232,232.87851,1299.4755,1123.4192,-340.88626,1375.3484,1090.002,266.58014,1580.8755,920.9489,-137.22357,1594.6475,901.0313,137.04704,1833.081,987.39685,-98.80279,1833.8911,970.086,72.53764,2074.267,1008.131,-143.41599,2062.6372,997.82794,96.02805,2139.8606,1002.4336,-156.51068,2131.5386,992.4683,94.10713,2055.5203,1111.6205,-256.88986,2050.447,1097.0901,34.64436
IMG_6095 copy 8.png,1198.3345,953.1827,-104.10336,1175.9363,929.054,-113.69381,1177.6149,919.9127,-113.91118,1179.4596,911.5463,-113.604294,1174.081,941.61334,-70.2882,1173.917,943.5339,-70.99979,1173.8221,945.8415,-71.04317,1195.3845,881.5294,-92.16594,1186.3531,925.5356,106.81625,1220.7229,941.4097,-84.06289,1221.2708,954.04517,-30.679089,1276.584,867.6438,-134.07649,1328.0284,852.1721,296.30197,1303.8422,968.31934,-265.26215,1437.1624,928.96454,372.02603,1317.1575,1123.223,-349.2008,1410.4032,1078.5135,292.64758,1283.8226,1132.317,-404.01865,1371.4264,1082.7657,282.1843,1284.6493,1125.049,-383.66037,1367.1019,1088.0232,232.87851,1299.4755,1123.4192,-340.88626,1375.3484,1090.002,266.58014,1580.8755,920.9489,-137.22357,1594.6475,901.0313,137.04704,1833.081,987.39685,-98.80279,1833.8911,970.086,72.53764,2074.267,1008.131,-143.41599,2062.6372,997.82794,96.02805,2139.8606,1002.4336,-156.51068,2131.5386,992.4683,94.10713,2055.5203,1111.6205,-256.88986,2050.447,1097.0901,34.64436
IMG_6095 copy 9.png,1198.3345,953.1827,-104.10336,1175.9363,929.054,-113.69381,1177.6149,919.9127,-113.91118,1179.4596,911.5463,-113.604294,1174.081,941.61334,-70.2882,1173.917,943.5339,-70.99979,1173.8221,945.8415,-71.04317,1195.3845,881.5294,-92.16594,1186.3531,925.5356,106.81625,1220.7229,941.4097,-84.06289,1221.2708,954.04517,-30.679089,1276.584,867.6438,-134.07649,1328.0284,852.1721,296.30197,1303.8422,968.31934,-265.26215,1437.1624,928.96454,372.02603,1317.1575,1123.223,-349.2008,1410.4032,1078.5135,292.64758,1283.8226,1132.317,-404.01865,1371.4264,1082.7657,282.1843,1284.6493,1125.049,-383.66037,1367.1019,1088.0232,232.87851,1299.4755,1123.4192,-340.88626,1375.3484,1090.002,266.58014,1580.8755,920.9489,-137.22357,1594.6475,901.0313,137.04704,1833.081,987.39685,-98.80279,1833.8911,970.086,72.53764,2074.267,1008.131,-143.41599,2062.6372,997.82794,96.02805,2139.8606,1002.4336,-156.51068,2131.5386,992.4683,94.10713,2055.5203,1111.6205,-256.88986,2050.447,1097.0901,34.64436
IMG_6095 copy.png,1198.3345,953.1827,-104.10336,1175.9363,929.054,-113.69381,1177.6149,919.9127,-113.91118,1179.4596,911.5463,-113.604294,1174.081,941.61334,-70.2882,1173.917,943.5339,-70.99979,1173.8221,945.8415,-71.04317,1195.3845,881.5294,-92.16594,1186.3531,925.5356,106.81625,1220.7229,941.4097,-84.06289,1221.2708,954.04517,-30.679089,1276.584,867.6438,-134.07649,1328.0284,852.1721,296.30197,1303.8422,968.31934,-265.26215,1437.1624,928.96454,372.02603,1317.1575,1123.223,-349.2008,1410.4032,1078.5135,292.64758,1283.8226,1132.317,-404.01865,1371.4264,1082.7657,282.1843,1284.6493,1125.049,-383.66037,1367.1019,1088.0232,232.87851,1299.4755,1123.4192,-340.88626,1375.3484,1090.002,266.58014,1580.8755,920.9489,-137.22357,1594.6475,901.0313,137.04704,1833.081,987.39685,-98.80279,1833.8911,970.086,72.53764,2074.267,1008.131,-143.41599,2062.6372,997.82794,96.02805,2139.8606,1002.4336,-156.51068,2131.5386,992.4683,94.10713,2055.5203,1111.6205,-256.88986,2050.447,1097.0901,34.64436
IMG_6095.png,1198.3345,953.1827,-104.10336,1175.9363,929.054,-113.69381,1177.6149,919.9127,-113.91118,1179.4596,911.5463,-113.604294,1174.081,941.61334,-70.2882,1173.917,943.5339,-70.99979,1173.8221,945.8415,-71.04317,1195.3845,881.5294,-92.16594,1186.3531,925.5356,106.81625,1220.7229,941.4097,-84.06289,1221.2708,954.04517,-30.679089,1276.584,867.6438,-134.07649,1328.0284,852.1721,296.30197,1303.8422,968.31934,-265.26215,1437.1624,928.96454,372.02603,1317.1575,1123.223,-349.2008,1410.4032,1078.5135,292.64758,1283.8226,1132.317,-404.01865,1371.4264,1082.7657,282.1843,1284.6493,1125.049,-383.66037,1367.1019,1088.0232,232.87851,1299.4755,1123.4192,-340.88626,1375.3484,1090.002,266.58014,1580.8755,920.9489,-137.22357,1594.6475,901.0313,137.04704,1833.081,987.39685,-98.80279,1833.8911,970.086,72.53764,2074.267,1008.131,-143.41599,2062.6372,997.82794,96.02805,2139.8606,1002.4336,-156.51068,2131.5386,992.4683,94.10713,2055.5203,1111.6205,-256.88986,2050.447,1097.0901,34.64436
IMG_6096 copy 10.png,1360.339,938.451,305.3399,1338.1273,923.3938,259.51114,1335.3423,921.08356,259.21902,1332.8474,919.3379,259.536,1343.9532,920.45514,315.47656,1345.2751,916.6392,314.6562,1346.2788,913.1909,314.5719,1340.0908,893.7363,101.3089,1353.2877,884.847,362.48083,1374.3542,934.2939,260.91888,1379.8724,930.4744,332.21246,1420.5667,873.2625,-44.490246,1485.3344,816.32056,458.32068,1429.0575,991.1276,-68.191574,1597.951,930.21484,552.0184,1419.2689,1116.6362,57.074642,1575.6287,1065.939,505.5031,1383.7247,1122.903,34.99023,1543.7976,1076.9038,500.55362,1385.358,1109.8856,38.273926,1532.8341,1080.6444,449.64102,1397.4628,1112.9434,65.39812,1541.6792,1079.5563,478.0861,1752.7568,917.44775,-167.01709,1776.1995,887.1294,166.56485,2045.3916,992.2073,-139.15645,2047.7478,980.4144,64.95363,2329.8945,1035.7306,-247.8043,2310.666,1022.9414,49.285263,2402.4475,1027.1438,-267.75632,2387.5989,1017.98376,44.267406,2289.2983,1152.6047,-365.94415,2289.5757,1137.7358,3.3421557
IMG_6096 copy 11.png,1360.339,938.451,305.3399,1338.1273,923.3938,259.51114,1335.3423,921.08356,259.21902,1332.8474,919.3379,259.536,1343.9532,920.45514,315.47656,1345.2751,916.6392,314.6562,1346.2788,913.1909,314.5719,1340.0908,893.7363,101.3089,1353.2877,884.847,362.48083,1374.3542,934.2939,260.91888,1379.8724,930.4744,332.21246,1420.5667,873.2625,-44.490246,1485.3344,816.32056,458.32068,1429.0575,991.1276,-68.191574,1597.951,930.21484,552.0184,1419.2689,1116.6362,57.074642,1575.6287,1065.939,505.5031,1383.7247,1122.903,34.99023,1543.7976,1076.9038,500.55362,1385.358,1109.8856,38.273926,1532.8341,1080.6444,449.64102,1397.4628,1112.9434,65.39812,1541.6792,1079.5563,478.0861,1752.7568,917.44775,-167.01709,1776.1995,887.1294,166.56485,2045.3916,992.2073,-139.15645,2047.7478,980.4144,64.95363,2329.8945,1035.7306,-247.8043,2310.666,1022.9414,49.285263,2402.4475,1027.1438,-267.75632,2387.5989,1017.98376,44.267406,2289.2983,1152.6047,-365.94415,2289.5757,1137.7358,3.3421557
IMG_6096 copy 12.png,1360.339,938.451,305.3399,1338.1273,923.3938,259.51114,1335.3423,921.08356,259.21902,1332.8474,919.3379,259.536,1343.9532,920.45514,315.47656,1345.2751,916.6392,314.6562,1346.2788,913.1909,314.5719,1340.0908,893.7363,101.3089,1353.2877,884.847,362.48083,1374.3542,934.2939,260.91888,1379.8724,930.4744,332.21246,1420.5667,873.2625,-44.490246,1485.3344,816.32056,458.32068,1429.0575,991.1276,-68.191574,1597.951,930.21484,552.0184,1419.2689,1116.6362,57.074642,1575.6287,1065.939,505.5031,1383.7247,1122.903,34.99023,1543.7976,1076.9038,500.55362,1385.358,1109.8856,38.273926,1532.8341,1080.6444,449.64102,1397.4628,1112.9434,65.39812,1541.6792,1079.5563,478.0861,1752.7568,917.44775,-167.01709,1776.1995,887.1294,166.56485,2045.3916,992.2073,-139.15645,2047.7478,980.4144,64.95363,2329.8945,1035.7306,-247.8043,2310.666,1022.9414,49.285263,2402.4475,1027.1438,-267.75632,2387.5989,1017.98376,44.267406,2289.2983,1152.6047,-365.94415,2289.5757,1137.7358,3.3421557
IMG_6096 copy 13.png,1360.339,938.451,305.3399,1338.1273,923.3938,259.51114,1335.3423,921.08356,259.21902,1332.8474,919.3379,259.536,1343.9532,920.45514,315.47656,1345.2751,916.6392,314.6562,1346.2788,913.1909,314.5719,1340.0908,893.7363,101.3089,1353.2877,884.847,362.48083,1374.3542,934.2939,260.91888,1379.8724,930.4744,332.21246,1420.5667,873.2625,-44.490246,1485.3344,816.32056,458.32068,1429.0575,991.1276,-68.191574,1597.951,930.21484,552.0184,1419.2689,1116.6362,57.074642,1575.6287,1065.939,505.5031,1383.7247,1122.903,34.99023,1543.7976,1076.9038,500.55362,1385.358,1109.8856,38.273926,1532.8341,1080.6444,449.64102,1397.4628,1112.9434,65.39812,1541.6792,1079.5563,478.0861,1752.7568,917.44775,-167.01709,1776.1995,887.1294,166.56485,2045.3916,992.2073,-139.15645,2047.7478,980.4144,64.95363,2329.8945,1035.7306,-247.8043,2310.666,1022.9414,49.285263,2402.4475,1027.1438,-267.75632,2387.5989,1017.98376,44.267406,2289.2983,1152.6047,-365.94415,2289.5757,1137.7358,3.3421557
IMG_6096 copy 14.png,1360.339,938.451,305.3399,1338.1273,923.3938,259.51114,1335.3423,921.08356,259.21902,1332.8474,919.3379,259.536,1343.9532,920.45514,315.47656,1345.2751,916.6392,314.6562,1346.2788,913.1909,314.5719,1340.0908,893.7363,101.3089,1353.2877,884.847,362.48083,1374.3542,934.2939,260.91888,1379.8724,930.4744,332.21246,1420.5667,873.2625,-44.490246,1485.3344,816.32056,458.32068,1429.0575,991.1276,-68.191574,1597.951,930.21484,552.0184,1419.2689,1116.6362,57.074642,1575.6287,1065.939,505.5031,1383.7247,1122.903,34.99023,1543.7976,1076.9038,500.55362,1385.358,1109.8856,38.273926,1532.8341,1080.6444,449.64102,1397.4628,1112.9434,65.39812,1541.6792,1079.5563,478.0861,1752.7568,917.44775,-167.01709,1776.1995,887.1294,166.56485,2045.3916,992.2073,-139.15645,2047.7478,980.4144,64.95363,2329.8945,1035.7306,-247.8043,2310.666,1022.9414,49.285263,2402.4475,1027.1438,-267.75632,2387.5989,1017.98376,44.267406,2289.2983,1152.6047,-365.94415,2289.5757,1137.7358,3.3421557
IMG_6096 copy 15.png,1360.339,938.451,305.3399,1338.1273,923.3938,259.51114,1335.3423,921.08356,259.21902,1332.8474,919.3379,259.536,1343.9532,920.45514,315.47656,1345.2751,916.6392,314.6562,1346.2788,913.1909,314.5719,1340.0908,893.7363,101.3089,1353.2877,884.847,362.48083,1374.3542,934.2939,260.91888,1379.8724,930.4744,332.21246,1420.5667,873.2625,-44.490246,1485.3344,816.32056,458.32068,1429.0575,991.1276,-68.191574,1597.951,930.21484,552.0184,1419.2689,1116.6362,57.074642,1575.6287,1065.939,505.5031,1383.7247,1122.903,34.99023,1543.7976,1076.9038,500.55362,1385.358,1109.8856,38.273926,1532.8341,1080.6444,449.64102,1397.4628,1112.9434,65.39812,1541.6792,1079.5563,478.0861,1752.7568,917.44775,-167.01709,1776.1995,887.1294,166.56485,2045.3916,992.2073,-139.15645,2047.7478,980.4144,64.95363,2329.8945,1035.7306,-247.8043,2310.666,1022.9414,49.285263,2402.4475,1027.1438,-267.75632,2387.5989,1017.98376,44.267406,2289.2983,1152.6047,-365.94415,2289.5757,1137.7358,3.3421557
IMG_6096 copy 2.png,1360.339,938.451,305.3399,1338.1273,923.3938,259.51114,1335.3423,921.08356,259.21902,1332.8474,919.3379,259.536,1343.9532,920.45514,315.47656,1345.2751,916.6392,314.6562,1346.2788,913.1909,314.5719,1340.0908,893.7363,101.3089,1353.2877,884.847,362.48083,1374.3542,934.2939,260.91888,1379.8724,930.4744,332.21246,1420.5667,873.2625,-44.490246,1485.3344,816.32056,458.32068,1429.0575,991.1276,-68.191574,1597.951,930.21484,552.0184,1419.2689,1116.6362,57.074642,1575.6287,1065.939,505.5031,1383.7247,1122.903,34.99023,1543.7976,1076.9038,500.55362,1385.358,1109.8856,38.273926,1532.8341,1080.6444,449.64102,1397.4628,1112.9434,65.39812,1541.6792,1079.5563,478.0861,1752.7568,917.44775,-167.01709,1776.1995,887.1294,166.56485,2045.3916,992.2073,-139.15645,2047.7478,980.4144,64.95363,2329.8945,1035.7306,-247.8043,2310.666,1022.9414,49.285263,2402.4475,1027.1438,-267.75632,2387.5989,1017.98376,44.267406,2289.2983,1152.6047,-365.94415,2289.5757,1137.7358,3.3421557
IMG_6096 copy 3.png,1360.339,938.451,305.3399,1338.1273,923.3938,259.51114,1335.3423,921.08356,259.21902,1332.8474,919.3379,259.536,1343.9532,920.45514,315.47656,1345.2751,916.6392,314.6562,1346.2788,913.1909,314.5719,1340.0908,893.7363,101.3089,1353.2877,884.847,362.48083,1374.3542,934.2939,260.91888,1379.8724,930.4744,332.21246,1420.5667,873.2625,-44.490246,1485.3344,816.32056,458.32068,1429.0575,991.1276,-68.191574,1597.951,930.21484,552.0184,1419.2689,1116.6362,57.074642,1575.6287,1065.939,505.5031,1383.7247,1122.903,34.99023,1543.7976,1076.9038,500.55362,1385.358,1109.8856,38.273926,1532.8341,1080.6444,449.64102,1397.4628,1112.9434,65.39812,1541.6792,1079.5563,478.0861,1752.7568,917.44775,-167.01709,1776.1995,887.1294,166.56485,2045.3916,992.2073,-139.15645,2047.7478,980.4144,64.95363,2329.8945,1035.7306,-247.8043,2310.666,1022.9414,49.285263,2402.4475,1027.1438,-267.75632,2387.5989,1017.98376,44.267406,2289.2983,1152.6047,-365.94415,2289.5757,1137.7358,3.3421557
IMG_6096 copy 4.png,1360.339,938.451,305.3399,1338.1273,923.3938,259.51114,1335.3423,921.08356,259.21902,1332.8474,919.3379,259.536,1343.9532,920.45514,315.47656,1345.2751,916.6392,314.6562,1346.2788,913.1909,314.5719,1340.0908,893.7363,101.3089,1353.2877,884.847,362.48083,1374.3542,934.2939,260.91888,1379.8724,930.4744,332.21246,1420.5667,873.2625,-44.490246,1485.3344,816.32056,458.32068,1429.0575,991.1276,-68.191574,1597.951,930.21484,552.0184,1419.2689,1116.6362,57.074642,1575.6287,1065.939,505.5031,1383.7247,1122.903,34.99023,1543.7976,1076.9038,500.55362,1385.358,1109.8856,38.273926,1532.8341,1080.6444,449.64102,1397.4628,1112.9434,65.39812,1541.6792,1079.5563,478.0861,1752.7568,917.44775,-167.01709,1776.1995,887.1294,166.56485,2045.3916,992.2073,-139.15645,2047.7478,980.4144,64.95363,2329.8945,1035.7306,-247.8043,2310.666,1022.9414,49.285263,2402.4475,1027.1438,-267.75632,2387.5989,1017.98376,44.267406,2289.2983,1152.6047,-365.94415,2289.5757,1137.7358,3.3421557
IMG_6096 copy 5.png,1360.339,938.451,305.3399,1338.1273,923.3938,259.51114,1335.3423,921.08356,259.21902,1332.8474,919.3379,259.536,1343.9532,920.45514,315.47656,1345.2751,916.6392,314.6562,1346.2788,913.1909,314.5719,1340.0908,893.7363,101.3089,1353.2877,884.847,362.48083,1374.3542,934.2939,260.91888,1379.8724,930.4744,332.21246,1420.5667,873.2625,-44.490246,1485.3344,816.32056,458.32068,1429.0575,991.1276,-68.191574,1597.951,930.21484,552.0184,1419.2689,1116.6362,57.074642,1575.6287,1065.939,505.5031,1383.7247,1122.903,34.99023,1543.7976,1076.9038,500.55362,1385.358,1109.8856,38.273926,1532.8341,1080.6444,449.64102,1397.4628,1112.9434,65.39812,1541.6792,1079.5563,478.0861,1752.7568,917.44775,-167.01709,1776.1995,887.1294,166.56485,2045.3916,992.2073,-139.15645,2047.7478,980.4144,64.95363,2329.8945,1035.7306,-247.8043,2310.666,1022.9414,49.285263,2402.4475,1027.1438,-267.75632,2387.5989,1017.98376,44.267406,2289.2983,1152.6047,-365.94415,2289.5757,1137.7358,3.3421557
IMG_6096 copy 6.png,1360.339,938.451,305.3399,1338.1273,923.3938,259.51114,1335.3423,921.08356,259.21902,1332.8474,919.3379,259.536,1343.9532,920.45514,315.47656,1345.2751,916.6392,314.6562,1346.2788,913.1909,314.5719,1340.0908,893.7363,101.3089,1353.2877,884.847,362.48083,1374.3542,934.2939,260.91888,1379.8724,930.4744,332.21246,1420.5667,873.2625,-44.490246,1485.3344,816.32056,458.32068,1429.0575,991.1276,-68.191574,1597.951,930.21484,552.0184,1419.2689,1116.6362,57.074642,1575.6287,1065.939,505.5031,1383.7247,1122.903,34.99023,1543.7976,1076.9038,500.55362,1385.358,1109.8856,38.273926,1532.8341,1080.6444,449.64102,1397.4628,1112.9434,65.39812,1541.6792,1079.5563,478.0861,1752.7568,917.44775,-167.01709,1776.1995,887.1294,166.56485,2045.3916,992.2073,-139.15645,2047.7478,980.4144,64.95363,2329.8945,1035.7306,-247.8043,2310.666,1022.9414,49.285263,2402.4475,1027.1438,-267.75632,2387.5989,1017.98376,44.267406,2289.2983,1152.6047,-365.94415,2289.5757,1137.7358,3.3421557
IMG_6096 copy 7.png,1360.339,938.451,305.3399,1338.1273,923.3938,259.51114,1335.3423,921.08356,259.21902,1332.8474,919.3379,259.536,1343.9532,920.45514,315.47656,1345.2751,916.6392,314.6562,1346.2788,913.1909,314.5719,1340.0908,893.7363,101.3089,1353.2877,884.847,362.48083,1374.3542,934.2939,260.91888,1379.8724,930.4744,332.21246,1420.5667,873.2625,-44.490246,1485.3344,816.32056,458.32068,1429.0575,991.1276,-68.191574,1597.951,930.21484,552.0184,1419.2689,1116.6362,57.074642,1575.6287,1065.939,505.5031,1383.7247,1122.903,34.99023,1543.7976,1076.9038,500.55362,1385.358,1109.8856,38.273926,1532.8341,1080.6444,449.64102,1397.4628,1112.9434,65.39812,1541.6792,1079.5563,478.0861,1752.7568,917.44775,-167.01709,1776.1995,887.1294,166.56485,2045.3916,992.2073,-139.15645,2047.7478,980.4144,64.95363,2329.8945,1035.7306,-247.8043,2310.666,1022.9414,49.285263,2402.4475,1027.1438,-267.75632,2387.5989,1017.98376,44.267406,2289.2983,1152.6047,-365.94415,2289.5757,1137.7358,3.3421557
IMG_6096 copy 8.png,1360.339,938.451,305.3399,1338.1273,923.3938,259.51114,1335.3423,921.08356,259.21902,1332.8474,919.3379,259.536,1343.9532,920.45514,315.47656,1345.2751,916.6392,314.6562,1346.2788,913.1909,314.5719,1340.0908,893.7363,101.3089,1353.2877,884.847,362.48083,1374.3542,934.2939,260.91888,1379.8724,930.4744,332.21246,1420.5667,873.2625,-44.490246,1485.3344,816.32056,458.32068,1429.0575,991.1276,-68.191574,1597.951,930.21484,552.0184,1419.2689,1116.6362,57.074642,1575.6287,1065.939,505.5031,1383.7247,1122.903,34.99023,1543.7976,1076.9038,500.55362,1385.358,1109.8856,38.273926,1532.8341,1080.6444,449.64102,1397.4628,1112.9434,65.39812,1541.6792,1079.5563,478.0861,1752.7568,917.44775,-167.01709,1776.1995,887.1294,166.56485,2045.3916,992.2073,-139.15645,2047.7478,980.4144,64.95363,2329.8945,1035.7306,-247.8043,2310.666,1022.9414,49.285263,2402.4475,1027.1438,-267.75632,2387.5989,1017.98376,44.267406,2289.2983,1152.6047,-365.94415,2289.5757,1137.7358,3.3421557
IMG_6096 copy 9.png,1360.339,938.451,305.3399,1338.1273,923.3938,259.51114,1335.3423,921.08356,259.21902,1332.8474,919.3379,259.536,1343.9532,920.45514,315.47656,1345.2751,916.6392,314.6562,1346.2788,913.1909,314.5719,1340.0908,893.7363,101.3089,1353.2877,884.847,362.48083,1374.3542,934.2939,260.91888,1379.8724,930.4744,332.21246,1420.5667,873.2625,-44.490246,1485.3344,816.32056,458.32068,1429.0575,991.1276,-68.191574,1597.951,930.21484,552.0184,1419.2689,1116.6362,57.074642,1575.6287,1065.939,505.5031,1383.7247,1122.903,34.99023,1543.7976,1076.9038,500.55362,1385.358,1109.8856,38.273926,1532.8341,1080.6444,449.64102,1397.4628,1112.9434,65.39812,1541.6792,1079.5563,478.0861,1752.7568,917.44775,-167.01709,1776.1995,887.1294,166.56485,2045.3916,992.2073,-139.15645,2047.7478,980.4144,64.95363,2329.8945,1035.7306,-247.8043,2310.666,1022.9414,49.285263,2402.4475,1027.1438,-267.75632,2387.5989,1017.98376,44.267406,2289.2983,1152.6047,-365.94415,2289.5757,1137.7358,3.3421557
IMG_6096 copy.png,1360.339,938.451,305.3399,1338.1273,923.3938,259.51114,1335.3423,921.08356,259.21902,1332.8474,919.3379,259.536,1343.9532,920.45514,315.47656,1345.2751,916.6392,314.6562,1346.2788,913.1909,314.5719,1340.0908,893.7363,101.3089,1353.2877,884.847,362.48083,1374.3542,934.2939,260.91888,1379.8724,930.4744,332.21246,1420.5667,873.2625,-44.490246,1485.3344,816.32056,458.32068,1429.0575,991.1276,-68.191574,1597.951,930.21484,552.0184,1419.2689,1116.6362,57.074642,1575.6287,1065.939,505.5031,1383.7247,1122.903,34.99023,1543.7976,1076.9038,500.55362,1385.358,1109.8856,38.273926,1532.8341,1080.6444,449.64102,1397.4628,1112.9434,65.39812,1541.6792,1079.5563,478.0861,1752.7568,917.44775,-167.01709,1776.1995,887.1294,166.56485,2045.3916,992.2073,-139.15645,2047.7478,980.4144,64.95363,2329.8945,1035.7306,-247.8043,2310.666,1022.9414,49.285263,2402.4475,1027.1438,-267.75632,2387.5989,1017.98376,44.267406,2289.2983,1152.6047,-365.94415,2289.5757,1137.7358,3.3421557
IMG_6096.png,1360.339,938.451,305.3399,1338.1273,923.3938,259.51114,1335.3423,921.08356,259.21902,1332.8474,919.3379,259.536,1343.9532,920.45514,315.47656,1345.2751,916.6392,314.6562,1346.2788,913.1909,314.5719,1340.0908,893.7363,101.3089,1353.2877,884.847,362.48083,1374.3542,934.2939,260.91888,1379.8724,930.4744,332.21246,1420.5667,873.2625,-44.490246,1485.3344,816.32056,458.32068,1429.0575,991.1276,-68.191574,1597.951,930.21484,552.0184,1419.2689,1116.6362,57.074642,1575.6287,1065.939,505.5031,1383.7247,1122.903,34.99023,1543.7976,1076.9038,500.55362,1385.358,1109.8856,38.273926,1532.8341,1080.6444,449.64102,1397.4628,1112.9434,65.39812,1541.6792,1079.5563,478.0861,1752.7568,917.44775,-167.01709,1776.1995,887.1294,166.56485,2045.3916,992.2073,-139.15645,2047.7478,980.4144,64.95363,2329.8945,1035.7306,-247.8043,2310.666,1022.9414,49.285263,2402.4475,1027.1438,-267.75632,2387.5989,1017.98376,44.267406,2289.2983,1152.6047,-365.94415,2289.5757,1137.7358,3.3421557
IMG_6098 copy 10.JPG,837.11426,933.5889,1776.732,805.22974,952.0881,1737.9749,798.242,959.65784,1737.3077,790.65485,966.0811,1737.9015,835.3487,917.29553,1816.3252,849.4166,903.84576,1815.4805,861.41077,889.4909,1815.9158,795.5656,953.4574,1475.9113,883.247,847.01984,1841.3586,839.0587,937.4078,1694.2821,866.1827,913.2452,1794.1572,786.9956,906.0788,896.36346,1025.4967,817.27936,1705.0702,699.00183,1094.1874,504.20975,1251.3193,945.9966,1435.1865,781.9612,1343.8293,485.51996,1297.1453,1197.479,1073.7352,749.35693,1378.8904,445.91092,1282.5493,1226.1619,1034.566,754.05615,1351.5953,492.90878,1264.2356,1239.8086,1004.9725,774.7164,1341.6458,518.6891,1272.1483,1229.9885,1040.9995,1242.7882,935.74225,-263.66794,1353.9945,865.4939,260.7573,1690.063,1106.4569,-459.4843,1736.6718,1039.5868,67.868126,2188.027,1228.8451,-1118.4718,2225.4749,1134.3896,-296.17145,2324.8452,1233.4214,-1203.1434,2360.234,1127.4474,-344.21954,2108.4622,1448.1676,-1592.8682,2198.2417,1312.4688,-599.3087
IMG_6098 copy 11.JPG,837.11426,933.5889,1776.732,805.22974,952.0881,1737.9749,798.242,959.65784,1737.3077,790.65485,966.0811,1737.9015,835.3487,917.29553,1816.3252,849.4166,903.84576,1815.4805,861.41077,889.4909,1815.9158,795.5656,953.4574,1475.9113,883.247,847.01984,1841.3586,839.0587,937.4078,1694.2821,866.1827,913.2452,1794.1572,786.9956,906.0788,896.36346,1025.4967,817.27936,1705.0702,699.00183,1094.1874,504.20975,1251.3193,945.9966,1435.1865,781.9612,1343.8293,485.51996,1297.1453,1197.479,1073.7352,749.35693,1378.8904,445.91092,1282.5493,1226.1619,1034.566,754.05615,1351.5953,492.90878,1264.2356,1239.8086,1004.9725,774.7164,1341.6458,518.6891,1272.1483,1229.9885,1040.9995,1242.7882,935.74225,-263.66794,1353.9945,865.4939,260.7573,1690.063,1106.4569,-459.4843,1736.6718,1039.5868,67.868126,2188.027,1228.8451,-1118.4718,2225.4749,1134.3896,-296.17145,2324.8452,1233.4214,-1203.1434,2360.234,1127.4474,-344.21954,2108.4622,1448.1676,-1592.8682,2198.2417,1312.4688,-599.3087
IMG_6098 copy 12.JPG,837.11426,933.5889,1776.732,805.22974,952.0881,1737.9749,798.242,959.65784,1737.3077,790.65485,966.0811,1737.9015,835.3487,917.29553,1816.3252,849.4166,903.84576,1815.4805,861.41077,889.4909,1815.9158,795.5656,953.4574,1475.9113,883.247,847.01984,1841.3586,839.0587,937.4078,1694.2821,866.1827,913.2452,1794.1572,786.9956,906.0788,896.36346,1025.4967,817.27936,1705.0702,699.00183,1094.1874,504.20975,1251.3193,945.9966,1435.1865,781.9612,1343.8293,485.51996,1297.1453,1197.479,1073.7352,749.35693,1378.8904,445.91092,1282.5493,1226.1619,1034.566,754.05615,1351.5953,492.90878,1264.2356,1239.8086,1004.9725,774.7164,1341.6458,518.6891,1272.1483,1229.9885,1040.9995,1242.7882,935.74225,-263.66794,1353.9945,865.4939,260.7573,1690.063,1106.4569,-459.4843,1736.6718,1039.5868,67.868126,2188.027,1228.8451,-1118.4718,2225.4749,1134.3896,-296.17145,2324.8452,1233.4214,-1203.1434,2360.234,1127.4474,-344.21954,2108.4622,1448.1676,-1592.8682,2198.2417,1312.4688,-599.3087
IMG_6098 copy 13.JPG,837.11426,933.5889,1776.732,805.22974,952.0881,1737.9749,798.242,959.65784,1737.3077,790.65485,966.0811,1737.9015,835.3487,917.29553,1816.3252,849.4166,903.84576,1815.4805,861.41077,889.4909,1815.9158,795.5656,953.4574,1475.9113,883.247,847.01984,1841.3586,839.0587,937.4078,1694.2821,866.1827,913.2452,1794.1572,786.9956,906.0788,896.36346,1025.4967,817.27936,1705.0702,699.00183,1094.1874,504.20975,1251.3193,945.9966,1435.1865,781.9612,1343.8293,485.51996,1297.1453,1197.479,1073.7352,749.35693,1378.8904,445.91092,1282.5493,1226.1619,1034.566,754.05615,1351.5953,492.90878,1264.2356,1239.8086,1004.9725,774.7164,1341.6458,518.6891,1272.1483,1229.9885,1040.9995,1242.7882,935.74225,-263.66794,1353.9945,865.4939,260.7573,1690.063,1106.4569,-459.4843,1736.6718,1039.5868,67.868126,2188.027,1228.8451,-1118.4718,2225.4749,1134.3896,-296.17145,2324.8452,1233.4214,-1203.1434,2360.234,1127.4474,-344.21954,2108.4622,1448.1676,-1592.8682,2198.2417,1312.4688,-599.3087
IMG_6098 copy 14.JPG,837.11426,933.5889,1776.732,805.22974,952.0881,1737.9749,798.242,959.65784,1737.3077,790.65485,966.0811,1737.9015,835.3487,917.29553,1816.3252,849.4166,903.84576,1815.4805,861.41077,889.4909,1815.9158,795.5656,953.4574,1475.9113,883.247,847.01984,1841.3586,839.0587,937.4078,1694.2821,866.1827,913.2452,1794.1572,786.9956,906.0788,896.36346,1025.4967,817.27936,1705.0702,699.00183,1094.1874,504.20975,1251.3193,945.9966,1435.1865,781.9612,1343.8293,485.51996,1297.1453,1197.479,1073.7352,749.35693,1378.8904,445.91092,1282.5493,1226.1619,1034.566,754.05615,1351.5953,492.90878,1264.2356,1239.8086,1004.9725,774.7164,1341.6458,518.6891,1272.1483,1229.9885,1040.9995,1242.7882,935.74225,-263.66794,1353.9945,865.4939,260.7573,1690.063,1106.4569,-459.4843,1736.6718,1039.5868,67.868126,2188.027,1228.8451,-1118.4718,2225.4749,1134.3896,-296.17145,2324.8452,1233.4214,-1203.1434,2360.234,1127.4474,-344.21954,2108.4622,1448.1676,-1592.8682,2198.2417,1312.4688,-599.3087
IMG_6098 copy 15.JPG,837.11426,933.5889,1776.732,805.22974,952.0881,1737.9749,798.242,959.65784,1737.3077,790.65485,966.0811,1737.9015,835.3487,917.29553,1816.3252,849.4166,903.84576,1815.4805,861.41077,889.4909,1815.9158,795.5656,953.4574,1475.9113,883.247,847.01984,1841.3586,839.0587,937.4078,1694.2821,866.1827,913.2452,1794.1572,786.9956,906.0788,896.36346,1025.4967,817.27936,1705.0702,699.00183,1094.1874,504.20975,1251.3193,945.9966,1435.1865,781.9612,1343.8293,485.51996,1297.1453,1197.479,1073.7352,749.35693,1378.8904,445.91092,1282.5493,1226.1619,1034.566,754.05615,1351.5953,492.90878,1264.2356,1239.8086,1004.9725,774.7164,1341.6458,518.6891,1272.1483,1229.9885,1040.9995,1242.7882,935.74225,-263.66794,1353.9945,865.4939,260.7573,1690.063,1106.4569,-459.4843,1736.6718,1039.5868,67.868126,2188.027,1228.8451,-1118.4718,2225.4749,1134.3896,-296.17145,2324.8452,1233.4214,-1203.1434,2360.234,1127.4474,-344.21954,2108.4622,1448.1676,-1592.8682,2198.2417,1312.4688,-599.3087
IMG_6098 copy 16.JPG,837.11426,933.5889,1776.732,805.22974,952.0881,1737.9749,798.242,959.65784,1737.3077,790.65485,966.0811,1737.9015,835.3487,917.29553,1816.3252,849.4166,903.84576,1815.4805,861.41077,889.4909,1815.9158,795.5656,953.4574,1475.9113,883.247,847.01984,1841.3586,839.0587,937.4078,1694.2821,866.1827,913.2452,1794.1572,786.9956,906.0788,896.36346,1025.4967,817.27936,1705.0702,699.00183,1094.1874,504.20975,1251.3193,945.9966,1435.1865,781.9612,1343.8293,485.51996,1297.1453,1197.479,1073.7352,749.35693,1378.8904,445.91092,1282.5493,1226.1619,1034.566,754.05615,1351.5953,492.90878,1264.2356,1239.8086,1004.9725,774.7164,1341.6458,518.6891,1272.1483,1229.9885,1040.9995,1242.7882,935.74225,-263.66794,1353.9945,865.4939,260.7573,1690.063,1106.4569,-459.4843,1736.6718,1039.5868,67.868126,2188.027,1228.8451,-1118.4718,2225.4749,1134.3896,-296.17145,2324.8452,1233.4214,-1203.1434,2360.234,1127.4474,-344.21954,2108.4622,1448.1676,-1592.8682,2198.2417,1312.4688,-599.3087
IMG_6098 copy 17.JPG,837.11426,933.5889,1776.732,805.22974,952.0881,1737.9749,798.242,959.65784,1737.3077,790.65485,966.0811,1737.9015,835.3487,917.29553,1816.3252,849.4166,903.84576,1815.4805,861.41077,889.4909,1815.9158,795.5656,953.4574,1475.9113,883.247,847.01984,1841.3586,839.0587,937.4078,1694.2821,866.1827,913.2452,1794.1572,786.9956,906.0788,896.36346,1025.4967,817.27936,1705.0702,699.00183,1094.1874,504.20975,1251.3193,945.9966,1435.1865,781.9612,1343.8293,485.51996,1297.1453,1197.479,1073.7352,749.35693,1378.8904,445.91092,1282.5493,1226.1619,1034.566,754.05615,1351.5953,492.90878,1264.2356,1239.8086,1004.9725,774.7164,1341.6458,518.6891,1272.1483,1229.9885,1040.9995,1242.7882,935.74225,-263.66794,1353.9945,865.4939,260.7573,1690.063,1106.4569,-459.4843,1736.6718,1039.5868,67.868126,2188.027,1228.8451,-1118.4718,2225.4749,1134.3896,-296.17145,2324.8452,1233.4214,-1203.1434,2360.234,1127.4474,-344.21954,2108.4622,1448.1676,-1592.8682,2198.2417,1312.4688,-599.3087
IMG_6098 copy 18.JPG,837.11426,933.5889,1776.732,805.22974,952.0881,1737.9749,798.242,959.65784,1737.3077,790.65485,966.0811,1737.9015,835.3487,917.29553,1816.3252,849.4166,903.84576,1815.4805,861.41077,889.4909,1815.9158,795.5656,953.4574,1475.9113,883.247,847.01984,1841.3586,839.0587,937.4078,1694.2821,866.1827,913.2452,1794.1572,786.9956,906.0788,896.36346,1025.4967,817.27936,1705.0702,699.00183,1094.1874,504.20975,1251.3193,945.9966,1435.1865,781.9612,1343.8293,485.51996,1297.1453,1197.479,1073.7352,749.35693,1378.8904,445.91092,1282.5493,1226.1619,1034.566,754.05615,1351.5953,492.90878,1264.2356,1239.8086,1004.9725,774.7164,1341.6458,518.6891,1272.1483,1229.9885,1040.9995,1242.7882,935.74225,-263.66794,1353.9945,865.4939,260.7573,1690.063,1106.4569,-459.4843,1736.6718,1039.5868,67.868126,2188.027,1228.8451,-1118.4718,2225.4749,1134.3896,-296.17145,2324.8452,1233.4214,-1203.1434,2360.234,1127.4474,-344.21954,2108.4622,1448.1676,-1592.8682,2198.2417,1312.4688,-599.3087
IMG_6098 copy 2.JPG,837.11426,933.5889,1776.732,805.22974,952.0881,1737.9749,798.242,959.65784,1737.3077,790.65485,966.0811,1737.9015,835.3487,917.29553,1816.3252,849.4166,903.84576,1815.4805,861.41077,889.4909,1815.9158,795.5656,953.4574,1475.9113,883.247,847.01984,1841.3586,839.0587,937.4078,1694.2821,866.1827,913.2452,1794.1572,786.9956,906.0788,896.36346,1025.4967,817.27936,1705.0702,699.00183,1094.1874,504.20975,1251.3193,945.9966,1435.1865,781.9612,1343.8293,485.51996,1297.1453,1197.479,1073.7352,749.35693,1378.8904,445.91092,1282.5493,1226.1619,1034.566,754.05615,1351.5953,492.90878,1264.2356,1239.8086,1004.9725,774.7164,1341.6458,518.6891,1272.1483,1229.9885,1040.9995,1242.7882,935.74225,-263.66794,1353.9945,865.4939,260.7573,1690.063,1106.4569,-459.4843,1736.6718,1039.5868,67.868126,2188.027,1228.8451,-1118.4718,2225.4749,1134.3896,-296.17145,2324.8452,1233.4214,-1203.1434,2360.234,1127.4474,-344.21954,2108.4622,1448.1676,-1592.8682,2198.2417,1312.4688,-599.3087
IMG_6098 copy 3.JPG,837.11426,933.5889,1776.732,805.22974,952.0881,1737.9749,798.242,959.65784,1737.3077,790.65485,966.0811,1737.9015,835.3487,917.29553,1816.3252,849.4166,903.84576,1815.4805,861.41077,889.4909,1815.9158,795.5656,953.4574,1475.9113,883.247,847.01984,1841.3586,839.0587,937.4078,1694.2821,866.1827,913.2452,1794.1572,786.9956,906.0788,896.36346,1025.4967,817.27936,1705.0702,699.00183,1094.1874,504.20975,1251.3193,945.9966,1435.1865,781.9612,1343.8293,485.51996,1297.1453,1197.479,1073.7352,749.35693,1378.8904,445.91092,1282.5493,1226.1619,1034.566,754.05615,1351.5953,492.90878,1264.2356,1239.8086,1004.9725,774.7164,1341.6458,518.6891,1272.1483,1229.9885,1040.9995,1242.7882,935.74225,-263.66794,1353.9945,865.4939,260.7573,1690.063,1106.4569,-459.4843,1736.6718,1039.5868,67.868126,2188.027,1228.8451,-1118.4718,2225.4749,1134.3896,-296.17145,2324.8452,1233.4214,-1203.1434,2360.234,1127.4474,-344.21954,2108.4622,1448.1676,-1592.8682,2198.2417,1312.4688,-599.3087
IMG_6098 copy 4.JPG,837.11426,933.5889,1776.732,805.22974,952.0881,1737.9749,798.242,959.65784,1737.3077,790.65485,966.0811,1737.9015,835.3487,917.29553,1816.3252,849.4166,903.84576,1815.4805,861.41077,889.4909,1815.9158,795.5656,953.4574,1475.9113,883.247,847.01984,1841.3586,839.0587,937.4078,1694.2821,866.1827,913.2452,1794.1572,786.9956,906.0788,896.36346,1025.4967,817.27936,1705.0702,699.00183,1094.1874,504.20975,1251.3193,945.9966,1435.1865,781.9612,1343.8293,485.51996,1297.1453,1197.479,1073.7352,749.35693,1378.8904,445.91092,1282.5493,1226.1619,1034.566,754.05615,1351.5953,492.90878,1264.2356,1239.8086,1004.9725,774.7164,1341.6458,518.6891,1272.1483,1229.9885,1040.9995,1242.7882,935.74225,-263.66794,1353.9945,865.4939,260.7573,1690.063,1106.4569,-459.4843,1736.6718,1039.5868,67.868126,2188.027,1228.8451,-1118.4718,2225.4749,1134.3896,-296.17145,2324.8452,1233.4214,-1203.1434,2360.234,1127.4474,-344.21954,2108.4622,1448.1676,-1592.8682,2198.2417,1312.4688,-599.3087
IMG_6098 copy 5.JPG,837.11426,933.5889,1776.732,805.22974,952.0881,1737.9749,798.242,959.65784,1737.3077,790.65485,966.0811,1737.9015,835.3487,917.29553,1816.3252,849.4166,903.84576,1815.4805,861.41077,889.4909,1815.9158,795.5656,953.4574,1475.9113,883.247,847.01984,1841.3586,839.0587,937.4078,1694.2821,866.1827,913.2452,1794.1572,786.9956,906.0788,896.36346,1025.4967,817.27936,1705.0702,699.00183,1094.1874,504.20975,1251.3193,945.9966,1435.1865,781.9612,1343.8293,485.51996,1297.1453,1197.479,1073.7352,749.35693,1378.8904,445.91092,1282.5493,1226.1619,1034.566,754.05615,1351.5953,492.90878,1264.2356,1239.8086,1004.9725,774.7164,1341.6458,518.6891,1272.1483,1229.9885,1040.9995,1242.7882,935.74225,-263.66794,1353.9945,865.4939,260.7573,1690.063,1106.4569,-459.4843,1736.6718,1039.5868,67.868126,2188.027,1228.8451,-1118.4718,2225.4749,1134.3896,-296.17145,2324.8452,1233.4214,-1203.1434,2360.234,1127.4474,-344.21954,2108.4622,1448.1676,-1592.8682,2198.2417,1312.4688,-599.3087
IMG_6098 copy 6.JPG,837.11426,933.5889,1776.732,805.22974,952.0881,1737.9749,798.242,959.65784,1737.3077,790.65485,966.0811,1737.9015,835.3487,917.29553,1816.3252,849.4166,903.84576,1815.4805,861.41077,889.4909,1815.9158,795.5656,953.4574,1475.9113,883.247,847.01984,1841.3586,839.0587,937.4078,1694.2821,866.1827,913.2452,1794.1572,786.9956,906.0788,896.36346,1025.4967,817.27936,1705.0702,699.00183,1094.1874,504.20975,1251.3193,945.9966,1435.1865,781.9612,1343.8293,485.51996,1297.1453,1197.479,1073.7352,749.35693,1378.8904,445.91092,1282.5493,1226.1619,1034.566,754.05615,1351.5953,492.90878,1264.2356,1239.8086,1004.9725,774.7164,1341.6458,518.6891,1272.1483,1229.9885,1040.9995,1242.7882,935.74225,-263.66794,1353.9945,865.4939,260.7573,1690.063,1106.4569,-459.4843,1736.6718,1039.5868,67.868126,2188.027,1228.8451,-1118.4718,2225.4749,1134.3896,-296.17145,2324.8452,1233.4214,-1203.1434,2360.234,1127.4474,-344.21954,2108.4622,1448.1676,-1592.8682,2198.2417,1312.4688,-599.3087
IMG_6098 copy 7.JPG,837.11426,933.5889,1776.732,805.22974,952.0881,1737.9749,798.242,959.65784,1737.3077,790.65485,966.0811,1737.9015,835.3487,917.29553,1816.3252,849.4166,903.84576,1815.4805,861.41077,889.4909,1815.9158,795.5656,953.4574,1475.9113,883.247,847.01984,1841.3586,839.0587,937.4078,1694.2821,866.1827,913.2452,1794.1572,786.9956,906.0788,896.36346,1025.4967,817.27936,1705.0702,699.00183,1094.1874,504.20975,1251.3193,945.9966,1435.1865,781.9612,1343.8293,485.51996,1297.1453,1197.479,1073.7352,749.35693,1378.8904,445.91092,1282.5493,1226.1619,1034.566,754.05615,1351.5953,492.90878,1264.2356,1239.8086,1004.9725,774.7164,1341.6458,518.6891,1272.1483,1229.9885,1040.9995,1242.7882,935.74225,-263.66794,1353.9945,865.4939,260.7573,1690.063,1106.4569,-459.4843,1736.6718,1039.5868,67.868126,2188.027,1228.8451,-1118.4718,2225.4749,1134.3896,-296.17145,2324.8452,1233.4214,-1203.1434,2360.234,1127.4474,-344.21954,2108.4622,1448.1676,-1592.8682,2198.2417,1312.4688,-599.3087
IMG_6098 copy 8.JPG,837.11426,933.5889,1776.732,805.22974,952.0881,1737.9749,798.242,959.65784,1737.3077,790.65485,966.0811,1737.9015,835.3487,917.29553,1816.3252,849.4166,903.84576,1815.4805,861.41077,889.4909,1815.9158,795.5656,953.4574,1475.9113,883.247,847.01984,1841.3586,839.0587,937.4078,1694.2821,866.1827,913.2452,1794.1572,786.9956,906.0788,896.36346,1025.4967,817.27936,1705.0702,699.00183,1094.1874,504.20975,1251.3193,945.9966,1435.1865,781.9612,1343.8293,485.51996,1297.1453,1197.479,1073.7352,749.35693,1378.8904,445.91092,1282.5493,1226.1619,1034.566,754.05615,1351.5953,492.90878,1264.2356,1239.8086,1004.9725,774.7164,1341.6458,518.6891,1272.1483,1229.9885,1040.9995,1242.7882,935.74225,-263.66794,1353.9945,865.4939,260.7573,1690.063,1106.4569,-459.4843,1736.6718,1039.5868,67.868126,2188.027,1228.8451,-1118.4718,2225.4749,1134.3896,-296.17145,2324.8452,1233.4214,-1203.1434,2360.234,1127.4474,-344.21954,2108.4622,1448.1676,-1592.8682,2198.2417,1312.4688,-599.3087
IMG_6098 copy 9.JPG,837.11426,933.5889,1776.732,805.22974,952.0881,1737.9749,798.242,959.65784,1737.3077,790.65485,966.0811,1737.9015,835.3487,917.29553,1816.3252,849.4166,903.84576,1815.4805,861.41077,889.4909,1815.9158,795.5656,953.4574,1475.9113,883.247,847.01984,1841.3586,839.0587,937.4078,1694.2821,866.1827,913.2452,1794.1572,786.9956,906.0788,896.36346,1025.4967,817.27936,1705.0702,699.00183,1094.1874,504.20975,1251.3193,945.9966,1435.1865,781.9612,1343.8293,485.51996,1297.1453,1197.479,1073.7352,749.35693,1378.8904,445.91092,1282.5493,1226.1619,1034.566,754.05615,1351.5953,492.90878,1264.2356,1239.8086,1004.9725,774.7164,1341.6458,518.6891,1272.1483,1229.9885,1040.9995,1242.7882,935.74225,-263.66794,1353.9945,865.4939,260.7573,1690.063,1106.4569,-459.4843,1736.6718,1039.5868,67.868126,2188.027,1228.8451,-1118.4718,2225.4749,1134.3896,-296.17145,2324.8452,1233.4214,-1203.1434,2360.234,1127.4474,-344.21954,2108.4622,1448.1676,-1592.8682,2198.2417,1312.4688,-599.3087
IMG_6098 copy.JPG,837.11426,933.5889,1776.732,805.22974,952.0881,1737.9749,798.242,959.65784,1737.3077,790.65485,966.0811,1737.9015,835.3487,917.29553,1816.3252,849.4166,903.84576,1815.4805,861.41077,889.4909,1815.9158,795.5656,953.4574,1475.9113,883.247,847.01984,1841.3586,839.0587,937.4078,1694.2821,866.1827,913.2452,1794.1572,786.9956,906.0788,896.36346,1025.4967,817.27936,1705.0702,699.00183,1094.1874,504.20975,1251.3193,945.9966,1435.1865,781.9612,1343.8293,485.51996,1297.1453,1197.479,1073.7352,749.35693,1378.8904,445.91092,1282.5493,1226.1619,1034.566,754.05615,1351.5953,492.90878,1264.2356,1239.8086,1004.9725,774.7164,1341.6458,518.6891,1272.1483,1229.9885,1040.9995,1242.7882,935.74225,-263.66794,1353.9945,865.4939,260.7573,1690.063,1106.4569,-459.4843,1736.6718,1039.5868,67.868126,2188.027,1228.8451,-1118.4718,2225.4749,1134.3896,-296.17145,2324.8452,1233.4214,-1203.1434,2360.234,1127.4474,-344.21954,2108.4622,1448.1676,-1592.8682,2198.2417,1312.4688,-599.3087
IMG_6098.JPG,837.11426,933.5889,1776.732,805.22974,952.0881,1737.9749,798.242,959.65784,1737.3077,790.65485,966.0811,1737.9015,835.3487,917.29553,1816.3252,849.4166,903.84576,1815.4805,861.41077,889.4909,1815.9158,795.5656,953.4574,1475.9113,883.247,847.01984,1841.3586,839.0587,937.4078,1694.2821,866.1827,913.2452,1794.1572,786.9956,906.0788,896.36346,1025.4967,817.27936,1705.0702,699.00183,1094.1874,504.20975,1251.3193,945.9966,1435.1865,781.9612,1343.8293,485.51996,1297.1453,1197.479,1073.7352,749.35693,1378.8904,445.91092,1282.5493,1226.1619,1034.566,754.05615,1351.5953,492.90878,1264.2356,1239.8086,1004.9725,774.7164,1341.6458,518.6891,1272.1483,1229.9885,1040.9995,1242.7882,935.74225,-263.66794,1353.9945,865.4939,260.7573,1690.063,1106.4569,-459.4843,1736.6718,1039.5868,67.868126,2188.027,1228.8451,-1118.4718,2225.4749,1134.3896,-296.17145,2324.8452,1233.4214,-1203.1434,2360.234,1127.4474,-344.21954,2108.4622,1448.1676,-1592.8682,2198.2417,1312.4688,-599.3087
IMG_6103.png,2377.616,937.59766,-264.58557,2401.15,911.35956,-252.74744,2401.9875,905.0512,-253.77144,2402.3713,899.66077,-253.73944,2393.7324,906.6774,-318.844,2390.0527,898.8885,-319.76154,2386.0837,890.8004,-320.09778,2374.2615,852.8409,-126.55246,2360.6165,839.2191,-423.96408,2343.8323,925.28064,-197.4636,2333.7126,918.4339,-289.01117,2262.174,851.6112,82.38933,2183.6328,819.865,-470.15356,2151.5232,990.67944,305.94485,2003.7723,965.8141,-610.51044,2217.6697,1137.5781,364.00616,2052.8342,1183.7238,-671.01953,2275.4797,1151.2509,376.1477,2092.1453,1212.1246,-755.60254,2277.757,1158.6893,307.7546,2116.7473,1204.226,-721.8208,2247.0452,1154.39,338.43436,2110.4048,1192.9325,-664.3529,1802.0087,995.6444,188.78587,1768.7389,1013.5489,-189.07544,1526.4062,1047.793,473.10916,1472.9347,1077.8351,-153.12639,1281.3859,955.7388,737.3846,1131.6311,959.2314,-133.29218,1226.9081,913.0108,753.8731,1085.3275,910.2838,-134.55774,1225.0315,1064.1133,669.09174,1040.741,1095.938,-313.08728
IMG_6105.JPG,568.44403,864.66693,-631.7878,504.5148,834.10236,-761.47064,500.8933,821.22894,-762.668,497.62418,810.8656,-761.6742,501.60635,835.944,-630.15936,496.37415,823.8098,-632.3227,490.60483,812.45905,-633.06366,504.55762,706.92224,-1023.19946,498.05606,706.40155,-426.94415,624.655,823.1662,-674.9418,627.38055,821.4977,-513.3792,810.55566,597.0584,-1025.6139,784.3761,457.3386,87.147026,1339.9247,676.96246,-877.516,1270.9863,519.5958,318.75616,1379.8596,1149.6938,-519.16724,1248.9281,930.29486,-48.150158,1286.4761,1223.2345,-566.1777,1131.918,991.4784,-125.712166,1245.5474,1184.1825,-569.5041,1132.6667,1007.91797,-207.81595,1280.405,1154.351,-494.87988,1184.6322,992.306,-100.188126,1755.6487,614.32996,-383.06662,1696.8861,538.9486,382.95,2396.67,666.96655,280.88852,2313.7703,609.8421,870.4956,3013.521,631.08997,796.2293,2753.445,593.98663,1531.3887,3158.3813,584.96533,827.2133,2827.7273,549.1568,1593.7236,3056.0217,892.94977,566.66785,2777.9414,809.22345,1504.6368
IMG_6106.JPG,497.71997,612.43524,-420.75192,419.80292,575.7139,-553.69904,417.0261,566.4836,-554.6991,414.65674,555.18414,-553.9789,418.13995,575.56134,-408.94156,415.24503,567.6173,-411.02133,412.1724,557.99744,-411.78595,421.40878,444.94583,-839.42084,422.26416,445.7017,-181.65727,549.691,571.0458,-472.3024,549.0897,568.2915,-293.54184,721.5354,335.9335,-937.10803,742.7495,191.45158,368.0754,1219.8374,476.02713,-893.5635,1244.0657,249.96965,554.48083,1253.7218,934.41266,-517.1953,1233.0536,646.6295,247.59145,1139.7803,1019.52576,-566.47485,1132.7943,685.2643,199.36855,1104.6874,955.6005,-536.98944,1115.2405,708.7209,119.09839,1148.9161,915.65094,-479.6904,1149.6323,703.9493,194.68112,1721.3165,352.00952,-422.42618,1681.3127,269.47034,422.37088,2466.5933,466.0435,-71.2174,2366.7046,375.81015,850.25165,3175.9536,455.87253,111.17629,2892.9434,375.24173,1424.5771,3324.7415,406.0031,104.995,2998.6064,336.93433,1473.62,3199.2156,739.3745,-284.84692,2908.2249,612.34644,1330.067
IMG_6107.JPG,727.7272,603.86914,233.10901,661.9174,568.5485,86.76368,657.3975,556.2194,85.884514,652.3545,544.9467,86.566,664.6644,566.79767,259.65582,663.05804,553.0644,257.69168,661.29065,538.3873,257.34985,645.2142,447.50015,-308.39334,653.0161,441.5834,478.16025,776.3674,560.37006,138.3845,786.11035,548.7164,353.84207,861.726,360.60962,-616.40424,998.69696,202.80536,965.76544,1300.866,558.9191,-868.664,1463.8085,318.3609,1122.3457,1353.5303,1016.70105,-728.66254,1449.9598,693.59436,871.32416,1215.0006,1082.2726,-842.10675,1355.757,702.3938,850.58636,1196.8457,1033.1819,-757.1289,1338.2269,721.7718,747.9169,1242.7001,1011.2011,-678.5665,1373.9722,734.5352,808.8358,1932.3546,444.8424,-483.83252,1930.182,310.86478,483.71347,2695.6482,626.19305,-176.38853,2645.7231,469.89865,648.6707,3519.702,684.33276,-77.109375,3303.3938,501.77283,956.00494,3580.3455,603.80853,-90.09737,3447.136,466.19293,973.4258,3504.7175,1035.9626,-416.6999,3312.0842,798.4473,803.7001
IMG_6119 copy 10.png,2318.8337,1004.8109,-392.49768,2346.3157,980.79456,-374.55206,2347.7517,976.1157,-375.4532,2349.2764,972.2504,-375.28375,2342.7798,975.35144,-440.42587,2340.6514,966.5937,-441.3811,2337.8582,959.06494,-441.6892,2326.0432,924.688,-215.1196,2316.92,910.1523,-507.14902,2291.4355,992.53076,-310.96228,2288.0823,985.674,-401.48535,2200.2976,864.79333,5.8729134,2132.6138,827.3551,-472.11942,2017.5936,880.8643,218.10236,1884.598,828.863,-483.73187,2048.6394,1040.5726,192.72514,1909.5839,1068.3884,-425.04227,2101.3901,1062.0475,181.44174,1946.6711,1103.7039,-494.71408,2100.3506,1067.2865,120.67686,1980.1947,1095.5656,-465.7709,2070.0564,1060.6327,168.51389,1971.3315,1084.4742,-416.63007,1709.3241,878.42255,182.22983,1674.4714,856.1848,-182.58519,1410.5275,888.5592,499.37604,1348.0693,878.9082,4.513567,1224.7058,871.64264,825.2164,1060.9989,861.2913,220.93373,1174.4241,840.8914,848.50226,995.8218,833.5751,239.44882,1191.5138,973.6789,752.3409,1054.6235,999.9609,70.8547
IMG_6119 copy 11.png,2318.8337,1004.8109,-392.49768,2346.3157,980.79456,-374.55206,2347.7517,976.1157,-375.4532,2349.2764,972.2504,-375.28375,2342.7798,975.35144,-440.42587,2340.6514,966.5937,-441.3811,2337.8582,959.06494,-441.6892,2326.0432,924.688,-215.1196,2316.92,910.1523,-507.14902,2291.4355,992.53076,-310.96228,2288.0823,985.674,-401.48535,2200.2976,864.79333,5.8729134,2132.6138,827.3551,-472.11942,2017.5936,880.8643,218.10236,1884.598,828.863,-483.73187,2048.6394,1040.5726,192.72514,1909.5839,1068.3884,-425.04227,2101.3901,1062.0475,181.44174,1946.6711,1103.7039,-494.71408,2100.3506,1067.2865,120.67686,1980.1947,1095.5656,-465.7709,2070.0564,1060.6327,168.51389,1971.3315,1084.4742,-416.63007,1709.3241,878.42255,182.22983,1674.4714,856.1848,-182.58519,1410.5275,888.5592,499.37604,1348.0693,878.9082,4.513567,1224.7058,871.64264,825.2164,1060.9989,861.2913,220.93373,1174.4241,840.8914,848.50226,995.8218,833.5751,239.44882,1191.5138,973.6789,752.3409,1054.6235,999.9609,70.8547
IMG_6119 copy 12.png,2318.8337,1004.8109,-392.49768,2346.3157,980.79456,-374.55206,2347.7517,976.1157,-375.4532,2349.2764,972.2504,-375.28375,2342.7798,975.35144,-440.42587,2340.6514,966.5937,-441.3811,2337.8582,959.06494,-441.6892,2326.0432,924.688,-215.1196,2316.92,910.1523,-507.14902,2291.4355,992.53076,-310.96228,2288.0823,985.674,-401.48535,2200.2976,864.79333,5.8729134,2132.6138,827.3551,-472.11942,2017.5936,880.8643,218.10236,1884.598,828.863,-483.73187,2048.6394,1040.5726,192.72514,1909.5839,1068.3884,-425.04227,2101.3901,1062.0475,181.44174,1946.6711,1103.7039,-494.71408,2100.3506,1067.2865,120.67686,1980.1947,1095.5656,-465.7709,2070.0564,1060.6327,168.51389,1971.3315,1084.4742,-416.63007,1709.3241,878.42255,182.22983,1674.4714,856.1848,-182.58519,1410.5275,888.5592,499.37604,1348.0693,878.9082,4.513567,1224.7058,871.64264,825.2164,1060.9989,861.2913,220.93373,1174.4241,840.8914,848.50226,995.8218,833.5751,239.44882,1191.5138,973.6789,752.3409,1054.6235,999.9609,70.8547
IMG_6119 copy 13.png,2318.8337,1004.8109,-392.49768,2346.3157,980.79456,-374.55206,2347.7517,976.1157,-375.4532,2349.2764,972.2504,-375.28375,2342.7798,975.35144,-440.42587,2340.6514,966.5937,-441.3811,2337.8582,959.06494,-441.6892,2326.0432,924.688,-215.1196,2316.92,910.1523,-507.14902,2291.4355,992.53076,-310.96228,2288.0823,985.674,-401.48535,2200.2976,864.79333,5.8729134,2132.6138,827.3551,-472.11942,2017.5936,880.8643,218.10236,1884.598,828.863,-483.73187,2048.6394,1040.5726,192.72514,1909.5839,1068.3884,-425.04227,2101.3901,1062.0475,181.44174,1946.6711,1103.7039,-494.71408,2100.3506,1067.2865,120.67686,1980.1947,1095.5656,-465.7709,2070.0564,1060.6327,168.51389,1971.3315,1084.4742,-416.63007,1709.3241,878.42255,182.22983,1674.4714,856.1848,-182.58519,1410.5275,888.5592,499.37604,1348.0693,878.9082,4.513567,1224.7058,871.64264,825.2164,1060.9989,861.2913,220.93373,1174.4241,840.8914,848.50226,995.8218,833.5751,239.44882,1191.5138,973.6789,752.3409,1054.6235,999.9609,70.8547
IMG_6119 copy 14.png,2318.8337,1004.8109,-392.49768,2346.3157,980.79456,-374.55206,2347.7517,976.1157,-375.4532,2349.2764,972.2504,-375.28375,2342.7798,975.35144,-440.42587,2340.6514,966.5937,-441.3811,2337.8582,959.06494,-441.6892,2326.0432,924.688,-215.1196,2316.92,910.1523,-507.14902,2291.4355,992.53076,-310.96228,2288.0823,985.674,-401.48535,2200.2976,864.79333,5.8729134,2132.6138,827.3551,-472.11942,2017.5936,880.8643,218.10236,1884.598,828.863,-483.73187,2048.6394,1040.5726,192.72514,1909.5839,1068.3884,-425.04227,2101.3901,1062.0475,181.44174,1946.6711,1103.7039,-494.71408,2100.3506,1067.2865,120.67686,1980.1947,1095.5656,-465.7709,2070.0564,1060.6327,168.51389,1971.3315,1084.4742,-416.63007,1709.3241,878.42255,182.22983,1674.4714,856.1848,-182.58519,1410.5275,888.5592,499.37604,1348.0693,878.9082,4.513567,1224.7058,871.64264,825.2164,1060.9989,861.2913,220.93373,1174.4241,840.8914,848.50226,995.8218,833.5751,239.44882,1191.5138,973.6789,752.3409,1054.6235,999.9609,70.8547
IMG_6119 copy 15.png,2318.8337,1004.8109,-392.49768,2346.3157,980.79456,-374.55206,2347.7517,976.1157,-375.4532,2349.2764,972.2504,-375.28375,2342.7798,975.35144,-440.42587,2340.6514,966.5937,-441.3811,2337.8582,959.06494,-441.6892,2326.0432,924.688,-215.1196,2316.92,910.1523,-507.14902,2291.4355,992.53076,-310.96228,2288.0823,985.674,-401.48535,2200.2976,864.79333,5.8729134,2132.6138,827.3551,-472.11942,2017.5936,880.8643,218.10236,1884.598,828.863,-483.73187,2048.6394,1040.5726,192.72514,1909.5839,1068.3884,-425.04227,2101.3901,1062.0475,181.44174,1946.6711,1103.7039,-494.71408,2100.3506,1067.2865,120.67686,1980.1947,1095.5656,-465.7709,2070.0564,1060.6327,168.51389,1971.3315,1084.4742,-416.63007,1709.3241,878.42255,182.22983,1674.4714,856.1848,-182.58519,1410.5275,888.5592,499.37604,1348.0693,878.9082,4.513567,1224.7058,871.64264,825.2164,1060.9989,861.2913,220.93373,1174.4241,840.8914,848.50226,995.8218,833.5751,239.44882,1191.5138,973.6789,752.3409,1054.6235,999.9609,70.8547
IMG_6119 copy 16.png,2318.8337,1004.8109,-392.49768,2346.3157,980.79456,-374.55206,2347.7517,976.1157,-375.4532,2349.2764,972.2504,-375.28375,2342.7798,975.35144,-440.42587,2340.6514,966.5937,-441.3811,2337.8582,959.06494,-441.6892,2326.0432,924.688,-215.1196,2316.92,910.1523,-507.14902,2291.4355,992.53076,-310.96228,2288.0823,985.674,-401.48535,2200.2976,864.79333,5.8729134,2132.6138,827.3551,-472.11942,2017.5936,880.8643,218.10236,1884.598,828.863,-483.73187,2048.6394,1040.5726,192.72514,1909.5839,1068.3884,-425.04227,2101.3901,1062.0475,181.44174,1946.6711,1103.7039,-494.71408,2100.3506,1067.2865,120.67686,1980.1947,1095.5656,-465.7709,2070.0564,1060.6327,168.51389,1971.3315,1084.4742,-416.63007,1709.3241,878.42255,182.22983,1674.4714,856.1848,-182.58519,1410.5275,888.5592,499.37604,1348.0693,878.9082,4.513567,1224.7058,871.64264,825.2164,1060.9989,861.2913,220.93373,1174.4241,840.8914,848.50226,995.8218,833.5751,239.44882,1191.5138,973.6789,752.3409,1054.6235,999.9609,70.8547
IMG_6119 copy 17.png,2318.8337,1004.8109,-392.49768,2346.3157,980.79456,-374.55206,2347.7517,976.1157,-375.4532,2349.2764,972.2504,-375.28375,2342.7798,975.35144,-440.42587,2340.6514,966.5937,-441.3811,2337.8582,959.06494,-441.6892,2326.0432,924.688,-215.1196,2316.92,910.1523,-507.14902,2291.4355,992.53076,-310.96228,2288.0823,985.674,-401.48535,2200.2976,864.79333,5.8729134,2132.6138,827.3551,-472.11942,2017.5936,880.8643,218.10236,1884.598,828.863,-483.73187,2048.6394,1040.5726,192.72514,1909.5839,1068.3884,-425.04227,2101.3901,1062.0475,181.44174,1946.6711,1103.7039,-494.71408,2100.3506,1067.2865,120.67686,1980.1947,1095.5656,-465.7709,2070.0564,1060.6327,168.51389,1971.3315,1084.4742,-416.63007,1709.3241,878.42255,182.22983,1674.4714,856.1848,-182.58519,1410.5275,888.5592,499.37604,1348.0693,878.9082,4.513567,1224.7058,871.64264,825.2164,1060.9989,861.2913,220.93373,1174.4241,840.8914,848.50226,995.8218,833.5751,239.44882,1191.5138,973.6789,752.3409,1054.6235,999.9609,70.8547
IMG_6119 copy 18.png,2318.8337,1004.8109,-392.49768,2346.3157,980.79456,-374.55206,2347.7517,976.1157,-375.4532,2349.2764,972.2504,-375.28375,2342.7798,975.35144,-440.42587,2340.6514,966.5937,-441.3811,2337.8582,959.06494,-441.6892,2326.0432,924.688,-215.1196,2316.92,910.1523,-507.14902,2291.4355,992.53076,-310.96228,2288.0823,985.674,-401.48535,2200.2976,864.79333,5.8729134,2132.6138,827.3551,-472.11942,2017.5936,880.8643,218.10236,1884.598,828.863,-483.73187,2048.6394,1040.5726,192.72514,1909.5839,1068.3884,-425.04227,2101.3901,1062.0475,181.44174,1946.6711,1103.7039,-494.71408,2100.3506,1067.2865,120.67686,1980.1947,1095.5656,-465.7709,2070.0564,1060.6327,168.51389,1971.3315,1084.4742,-416.63007,1709.3241,878.42255,182.22983,1674.4714,856.1848,-182.58519,1410.5275,888.5592,499.37604,1348.0693,878.9082,4.513567,1224.7058,871.64264,825.2164,1060.9989,861.2913,220.93373,1174.4241,840.8914,848.50226,995.8218,833.5751,239.44882,1191.5138,973.6789,752.3409,1054.6235,999.9609,70.8547
IMG_6119 copy 2.png,2318.8337,1004.8109,-392.49768,2346.3157,980.79456,-374.55206,2347.7517,976.1157,-375.4532,2349.2764,972.2504,-375.28375,2342.7798,975.35144,-440.42587,2340.6514,966.5937,-441.3811,2337.8582,959.06494,-441.6892,2326.0432,924.688,-215.1196,2316.92,910.1523,-507.14902,2291.4355,992.53076,-310.96228,2288.0823,985.674,-401.48535,2200.2976,864.79333,5.8729134,2132.6138,827.3551,-472.11942,2017.5936,880.8643,218.10236,1884.598,828.863,-483.73187,2048.6394,1040.5726,192.72514,1909.5839,1068.3884,-425.04227,2101.3901,1062.0475,181.44174,1946.6711,1103.7039,-494.71408,2100.3506,1067.2865,120.67686,1980.1947,1095.5656,-465.7709,2070.0564,1060.6327,168.51389,1971.3315,1084.4742,-416.63007,1709.3241,878.42255,182.22983,1674.4714,856.1848,-182.58519,1410.5275,888.5592,499.37604,1348.0693,878.9082,4.513567,1224.7058,871.64264,825.2164,1060.9989,861.2913,220.93373,1174.4241,840.8914,848.50226,995.8218,833.5751,239.44882,1191.5138,973.6789,752.3409,1054.6235,999.9609,70.8547
IMG_6119 copy 3.png,2318.8337,1004.8109,-392.49768,2346.3157,980.79456,-374.55206,2347.7517,976.1157,-375.4532,2349.2764,972.2504,-375.28375,2342.7798,975.35144,-440.42587,2340.6514,966.5937,-441.3811,2337.8582,959.06494,-441.6892,2326.0432,924.688,-215.1196,2316.92,910.1523,-507.14902,2291.4355,992.53076,-310.96228,2288.0823,985.674,-401.48535,2200.2976,864.79333,5.8729134,2132.6138,827.3551,-472.11942,2017.5936,880.8643,218.10236,1884.598,828.863,-483.73187,2048.6394,1040.5726,192.72514,1909.5839,1068.3884,-425.04227,2101.3901,1062.0475,181.44174,1946.6711,1103.7039,-494.71408,2100.3506,1067.2865,120.67686,1980.1947,1095.5656,-465.7709,2070.0564,1060.6327,168.51389,1971.3315,1084.4742,-416.63007,1709.3241,878.42255,182.22983,1674.4714,856.1848,-182.58519,1410.5275,888.5592,499.37604,1348.0693,878.9082,4.513567,1224.7058,871.64264,825.2164,1060.9989,861.2913,220.93373,1174.4241,840.8914,848.50226,995.8218,833.5751,239.44882,1191.5138,973.6789,752.3409,1054.6235,999.9609,70.8547
IMG_6119 copy 4.png,2318.8337,1004.8109,-392.49768,2346.3157,980.79456,-374.55206,2347.7517,976.1157,-375.4532,2349.2764,972.2504,-375.28375,2342.7798,975.35144,-440.42587,2340.6514,966.5937,-441.3811,2337.8582,959.06494,-441.6892,2326.0432,924.688,-215.1196,2316.92,910.1523,-507.14902,2291.4355,992.53076,-310.96228,2288.0823,985.674,-401.48535,2200.2976,864.79333,5.8729134,2132.6138,827.3551,-472.11942,2017.5936,880.8643,218.10236,1884.598,828.863,-483.73187,2048.6394,1040.5726,192.72514,1909.5839,1068.3884,-425.04227,2101.3901,1062.0475,181.44174,1946.6711,1103.7039,-494.71408,2100.3506,1067.2865,120.67686,1980.1947,1095.5656,-465.7709,2070.0564,1060.6327,168.51389,1971.3315,1084.4742,-416.63007,1709.3241,878.42255,182.22983,1674.4714,856.1848,-182.58519,1410.5275,888.5592,499.37604,1348.0693,878.9082,4.513567,1224.7058,871.64264,825.2164,1060.9989,861.2913,220.93373,1174.4241,840.8914,848.50226,995.8218,833.5751,239.44882,1191.5138,973.6789,752.3409,1054.6235,999.9609,70.8547
IMG_6119 copy 5.png,2318.8337,1004.8109,-392.49768,2346.3157,980.79456,-374.55206,2347.7517,976.1157,-375.4532,2349.2764,972.2504,-375.28375,2342.7798,975.35144,-440.42587,2340.6514,966.5937,-441.3811,2337.8582,959.06494,-441.6892,2326.0432,924.688,-215.1196,2316.92,910.1523,-507.14902,2291.4355,992.53076,-310.96228,2288.0823,985.674,-401.48535,2200.2976,864.79333,5.8729134,2132.6138,827.3551,-472.11942,2017.5936,880.8643,218.10236,1884.598,828.863,-483.73187,2048.6394,1040.5726,192.72514,1909.5839,1068.3884,-425.04227,2101.3901,1062.0475,181.44174,1946.6711,1103.7039,-494.71408,2100.3506,1067.2865,120.67686,1980.1947,1095.5656,-465.7709,2070.0564,1060.6327,168.51389,1971.3315,1084.4742,-416.63007,1709.3241,878.42255,182.22983,1674.4714,856.1848,-182.58519,1410.5275,888.5592,499.37604,1348.0693,878.9082,4.513567,1224.7058,871.64264,825.2164,1060.9989,861.2913,220.93373,1174.4241,840.8914,848.50226,995.8218,833.5751,239.44882,1191.5138,973.6789,752.3409,1054.6235,999.9609,70.8547
IMG_6119 copy 6.png,2318.8337,1004.8109,-392.49768,2346.3157,980.79456,-374.55206,2347.7517,976.1157,-375.4532,2349.2764,972.2504,-375.28375,2342.7798,975.35144,-440.42587,2340.6514,966.5937,-441.3811,2337.8582,959.06494,-441.6892,2326.0432,924.688,-215.1196,2316.92,910.1523,-507.14902,2291.4355,992.53076,-310.96228,2288.0823,985.674,-401.48535,2200.2976,864.79333,5.8729134,2132.6138,827.3551,-472.11942,2017.5936,880.8643,218.10236,1884.598,828.863,-483.73187,2048.6394,1040.5726,192.72514,1909.5839,1068.3884,-425.04227,2101.3901,1062.0475,181.44174,1946.6711,1103.7039,-494.71408,2100.3506,1067.2865,120.67686,1980.1947,1095.5656,-465.7709,2070.0564,1060.6327,168.51389,1971.3315,1084.4742,-416.63007,1709.3241,878.42255,182.22983,1674.4714,856.1848,-182.58519,1410.5275,888.5592,499.37604,1348.0693,878.9082,4.513567,1224.7058,871.64264,825.2164,1060.9989,861.2913,220.93373,1174.4241,840.8914,848.50226,995.8218,833.5751,239.44882,1191.5138,973.6789,752.3409,1054.6235,999.9609,70.8547
IMG_6119 copy 7.png,2318.8337,1004.8109,-392.49768,2346.3157,980.79456,-374.55206,2347.7517,976.1157,-375.4532,2349.2764,972.2504,-375.28375,2342.7798,975.35144,-440.42587,2340.6514,966.5937,-441.3811,2337.8582,959.06494,-441.6892,2326.0432,924.688,-215.1196,2316.92,910.1523,-507.14902,2291.4355,992.53076,-310.96228,2288.0823,985.674,-401.48535,2200.2976,864.79333,5.8729134,2132.6138,827.3551,-472.11942,2017.5936,880.8643,218.10236,1884.598,828.863,-483.73187,2048.6394,1040.5726,192.72514,1909.5839,1068.3884,-425.04227,2101.3901,1062.0475,181.44174,1946.6711,1103.7039,-494.71408,2100.3506,1067.2865,120.67686,1980.1947,1095.5656,-465.7709,2070.0564,1060.6327,168.51389,1971.3315,1084.4742,-416.63007,1709.3241,878.42255,182.22983,1674.4714,856.1848,-182.58519,1410.5275,888.5592,499.37604,1348.0693,878.9082,4.513567,1224.7058,871.64264,825.2164,1060.9989,861.2913,220.93373,1174.4241,840.8914,848.50226,995.8218,833.5751,239.44882,1191.5138,973.6789,752.3409,1054.6235,999.9609,70.8547
IMG_6119 copy 8.png,2318.8337,1004.8109,-392.49768,2346.3157,980.79456,-374.55206,2347.7517,976.1157,-375.4532,2349.2764,972.2504,-375.28375,2342.7798,975.35144,-440.42587,2340.6514,966.5937,-441.3811,2337.8582,959.06494,-441.6892,2326.0432,924.688,-215.1196,2316.92,910.1523,-507.14902,2291.4355,992.53076,-310.96228,2288.0823,985.674,-401.48535,2200.2976,864.79333,5.8729134,2132.6138,827.3551,-472.11942,2017.5936,880.8643,218.10236,1884.598,828.863,-483.73187,2048.6394,1040.5726,192.72514,1909.5839,1068.3884,-425.04227,2101.3901,1062.0475,181.44174,1946.6711,1103.7039,-494.71408,2100.3506,1067.2865,120.67686,1980.1947,1095.5656,-465.7709,2070.0564,1060.6327,168.51389,1971.3315,1084.4742,-416.63007,1709.3241,878.42255,182.22983,1674.4714,856.1848,-182.58519,1410.5275,888.5592,499.37604,1348.0693,878.9082,4.513567,1224.7058,871.64264,825.2164,1060.9989,861.2913,220.93373,1174.4241,840.8914,848.50226,995.8218,833.5751,239.44882,1191.5138,973.6789,752.3409,1054.6235,999.9609,70.8547
IMG_6119 copy 9.png,2318.8337,1004.8109,-392.49768,2346.3157,980.79456,-374.55206,2347.7517,976.1157,-375.4532,2349.2764,972.2504,-375.28375,2342.7798,975.35144,-440.42587,2340.6514,966.5937,-441.3811,2337.8582,959.06494,-441.6892,2326.0432,924.688,-215.1196,2316.92,910.1523,-507.14902,2291.4355,992.53076,-310.96228,2288.0823,985.674,-401.48535,2200.2976,864.79333,5.8729134,2132.6138,827.3551,-472.11942,2017.5936,880.8643,218.10236,1884.598,828.863,-483.73187,2048.6394,1040.5726,192.72514,1909.5839,1068.3884,-425.04227,2101.3901,1062.0475,181.44174,1946.6711,1103.7039,-494.71408,2100.3506,1067.2865,120.67686,1980.1947,1095.5656,-465.7709,2070.0564,1060.6327,168.51389,1971.3315,1084.4742,-416.63007,1709.3241,878.42255,182.22983,1674.4714,856.1848,-182.58519,1410.5275,888.5592,499.37604,1348.0693,878.9082,4.513567,1224.7058,871.64264,825.2164,1060.9989,861.2913,220.93373,1174.4241,840.8914,848.50226,995.8218,833.5751,239.44882,1191.5138,973.6789,752.3409,1054.6235,999.9609,70.8547
IMG_6119 copy.png,2318.8337,1004.8109,-392.49768,2346.3157,980.79456,-374.55206,2347.7517,976.1157,-375.4532,2349.2764,972.2504,-375.28375,2342.7798,975.35144,-440.42587,2340.6514,966.5937,-441.3811,2337.8582,959.06494,-441.6892,2326.0432,924.688,-215.1196,2316.92,910.1523,-507.14902,2291.4355,992.53076,-310.96228,2288.0823,985.674,-401.48535,2200.2976,864.79333,5.8729134,2132.6138,827.3551,-472.11942,2017.5936,880.8643,218.10236,1884.598,828.863,-483.73187,2048.6394,1040.5726,192.72514,1909.5839,1068.3884,-425.04227,2101.3901,1062.0475,181.44174,1946.6711,1103.7039,-494.71408,2100.3506,1067.2865,120.67686,1980.1947,1095.5656,-465.7709,2070.0564,1060.6327,168.51389,1971.3315,1084.4742,-416.63007,1709.3241,878.42255,182.22983,1674.4714,856.1848,-182.58519,1410.5275,888.5592,499.37604,1348.0693,878.9082,4.513567,1224.7058,871.64264,825.2164,1060.9989,861.2913,220.93373,1174.4241,840.8914,848.50226,995.8218,833.5751,239.44882,1191.5138,973.6789,752.3409,1054.6235,999.9609,70.8547
IMG_6119.png,2318.8337,1004.8109,-392.49768,2346.3157,980.79456,-374.55206,2347.7517,976.1157,-375.4532,2349.2764,972.2504,-375.28375,2342.7798,975.35144,-440.42587,2340.6514,966.5937,-441.3811,2337.8582,959.06494,-441.6892,2326.0432,924.688,-215.1196,2316.92,910.1523,-507.14902,2291.4355,992.53076,-310.96228,2288.0823,985.674,-401.48535,2200.2976,864.79333,5.8729134,2132.6138,827.3551,-472.11942,2017.5936,880.8643,218.10236,1884.598,828.863,-483.73187,2048.6394,1040.5726,192.72514,1909.5839,1068.3884,-425.04227,2101.3901,1062.0475,181.44174,1946.6711,1103.7039,-494.71408,2100.3506,1067.2865,120.67686,1980.1947,1095.5656,-465.7709,2070.0564,1060.6327,168.51389,1971.3315,1084.4742,-416.63007,1709.3241,878.42255,182.22983,1674.4714,856.1848,-182.58519,1410.5275,888.5592,499.37604,1348.0693,878.9082,4.513567,1224.7058,871.64264,825.2164,1060.9989,861.2913,220.93373,1174.4241,840.8914,848.50226,995.8218,833.5751,239.44882,1191.5138,973.6789,752.3409,1054.6235,999.9609,70.8547
Screenshot 2023-02-19 231244 copy 10.png,85.530396,339.20343,201.88196,80.54425,335.3023,192.27203,79.879234,335.35516,192.18372,79.31552,335.59067,192.22379,82.20481,333.37796,211.31432,82.71418,332.07883,211.16615,83.30082,330.86847,211.2062,79.646484,332.5163,149.27942,84.738045,324.95923,237.25732,88.77805,338.91803,188.52751,90.95551,337.3481,212.66388,87.95048,324.53207,46.644573,122.07569,313.0705,255.51817,99.45319,330.68564,-98.99209,162.08748,317.58212,238.2032,93.34984,374.31836,-188.1096,182.24007,336.17267,188.5516,82.838585,378.09424,-214.19922,185.26254,338.65216,185.40721,81.969444,373.92303,-196.74806,182.93645,345.16217,175.74391,86.2822,373.6058,-181.22894,180.57639,346.0963,180.89073,178.88559,337.11798,-64.40721,194.76244,321.39673,64.098495,247.07472,359.96027,-151.93597,258.30414,348.69806,-27.886398,335.88947,363.4218,-231.09425,349.61032,352.77612,-109.435455,349.41965,355.014,-241.73846,363.76825,347.40027,-119.89373,357.2893,394.24268,-314.84937,365.6892,381.13663,-175.7515
Screenshot 2023-02-19 231244 copy 11.png,85.530396,339.20343,201.88196,80.54425,335.3023,192.27203,79.879234,335.35516,192.18372,79.31552,335.59067,192.22379,82.20481,333.37796,211.31432,82.71418,332.07883,211.16615,83.30082,330.86847,211.2062,79.646484,332.5163,149.27942,84.738045,324.95923,237.25732,88.77805,338.91803,188.52751,90.95551,337.3481,212.66388,87.95048,324.53207,46.644573,122.07569,313.0705,255.51817,99.45319,330.68564,-98.99209,162.08748,317.58212,238.2032,93.34984,374.31836,-188.1096,182.24007,336.17267,188.5516,82.838585,378.09424,-214.19922,185.26254,338.65216,185.40721,81.969444,373.92303,-196.74806,182.93645,345.16217,175.74391,86.2822,373.6058,-181.22894,180.57639,346.0963,180.89073,178.88559,337.11798,-64.40721,194.76244,321.39673,64.098495,247.07472,359.96027,-151.93597,258.30414,348.69806,-27.886398,335.88947,363.4218,-231.09425,349.61032,352.77612,-109.435455,349.41965,355.014,-241.73846,363.76825,347.40027,-119.89373,357.2893,394.24268,-314.84937,365.6892,381.13663,-175.7515
Screenshot 2023-02-19 231244 copy 12.png,85.530396,339.20343,201.88196,80.54425,335.3023,192.27203,79.879234,335.35516,192.18372,79.31552,335.59067,192.22379,82.20481,333.37796,211.31432,82.71418,332.07883,211.16615,83.30082,330.86847,211.2062,79.646484,332.5163,149.27942,84.738045,324.95923,237.25732,88.77805,338.91803,188.52751,90.95551,337.3481,212.66388,87.95048,324.53207,46.644573,122.07569,313.0705,255.51817,99.45319,330.68564,-98.99209,162.08748,317.58212,238.2032,93.34984,374.31836,-188.1096,182.24007,336.17267,188.5516,82.838585,378.09424,-214.19922,185.26254,338.65216,185.40721,81.969444,373.92303,-196.74806,182.93645,345.16217,175.74391,86.2822,373.6058,-181.22894,180.57639,346.0963,180.89073,178.88559,337.11798,-64.40721,194.76244,321.39673,64.098495,247.07472,359.96027,-151.93597,258.30414,348.69806,-27.886398,335.88947,363.4218,-231.09425,349.61032,352.77612,-109.435455,349.41965,355.014,-241.73846,363.76825,347.40027,-119.89373,357.2893,394.24268,-314.84937,365.6892,381.13663,-175.7515
Screenshot 2023-02-19 231244 copy 13.png,85.530396,339.20343,201.88196,80.54425,335.3023,192.27203,79.879234,335.35516,192.18372,79.31552,335.59067,192.22379,82.20481,333.37796,211.31432,82.71418,332.07883,211.16615,83.30082,330.86847,211.2062,79.646484,332.5163,149.27942,84.738045,324.95923,237.25732,88.77805,338.91803,188.52751,90.95551,337.3481,212.66388,87.95048,324.53207,46.644573,122.07569,313.0705,255.51817,99.45319,330.68564,-98.99209,162.08748,317.58212,238.2032,93.34984,374.31836,-188.1096,182.24007,336.17267,188.5516,82.838585,378.09424,-214.19922,185.26254,338.65216,185.40721,81.969444,373.92303,-196.74806,182.93645,345.16217,175.74391,86.2822,373.6058,-181.22894,180.57639,346.0963,180.89073,178.88559,337.11798,-64.40721,194.76244,321.39673,64.098495,247.07472,359.96027,-151.93597,258.30414,348.69806,-27.886398,335.88947,363.4218,-231.09425,349.61032,352.77612,-109.435455,349.41965,355.014,-241.73846,363.76825,347.40027,-119.89373,357.2893,394.24268,-314.84937,365.6892,381.13663,-175.7515
Screenshot 2023-02-19 231244 copy 14.png,85.530396,339.20343,201.88196,80.54425,335.3023,192.27203,79.879234,335.35516,192.18372,79.31552,335.59067,192.22379,82.20481,333.37796,211.31432,82.71418,332.07883,211.16615,83.30082,330.86847,211.2062,79.646484,332.5163,149.27942,84.738045,324.95923,237.25732,88.77805,338.91803,188.52751,90.95551,337.3481,212.66388,87.95048,324.53207,46.644573,122.07569,313.0705,255.51817,99.45319,330.68564,-98.99209,162.08748,317.58212,238.2032,93.34984,374.31836,-188.1096,182.24007,336.17267,188.5516,82.838585,378.09424,-214.19922,185.26254,338.65216,185.40721,81.969444,373.92303,-196.74806,182.93645,345.16217,175.74391,86.2822,373.6058,-181.22894,180.57639,346.0963,180.89073,178.88559,337.11798,-64.40721,194.76244,321.39673,64.098495,247.07472,359.96027,-151.93597,258.30414,348.69806,-27.886398,335.88947,363.4218,-231.09425,349.61032,352.77612,-109.435455,349.41965,355.014,-241.73846,363.76825,347.40027,-119.89373,357.2893,394.24268,-314.84937,365.6892,381.13663,-175.7515
Screenshot 2023-02-19 231244 copy 15.png,85.530396,339.20343,201.88196,80.54425,335.3023,192.27203,79.879234,335.35516,192.18372,79.31552,335.59067,192.22379,82.20481,333.37796,211.31432,82.71418,332.07883,211.16615,83.30082,330.86847,211.2062,79.646484,332.5163,149.27942,84.738045,324.95923,237.25732,88.77805,338.91803,188.52751,90.95551,337.3481,212.66388,87.95048,324.53207,46.644573,122.07569,313.0705,255.51817,99.45319,330.68564,-98.99209,162.08748,317.58212,238.2032,93.34984,374.31836,-188.1096,182.24007,336.17267,188.5516,82.838585,378.09424,-214.19922,185.26254,338.65216,185.40721,81.969444,373.92303,-196.74806,182.93645,345.16217,175.74391,86.2822,373.6058,-181.22894,180.57639,346.0963,180.89073,178.88559,337.11798,-64.40721,194.76244,321.39673,64.098495,247.07472,359.96027,-151.93597,258.30414,348.69806,-27.886398,335.88947,363.4218,-231.09425,349.61032,352.77612,-109.435455,349.41965,355.014,-241.73846,363.76825,347.40027,-119.89373,357.2893,394.24268,-314.84937,365.6892,381.13663,-175.7515
Screenshot 2023-02-19 231244 copy 16.png,85.530396,339.20343,201.88196,80.54425,335.3023,192.27203,79.879234,335.35516,192.18372,79.31552,335.59067,192.22379,82.20481,333.37796,211.31432,82.71418,332.07883,211.16615,83.30082,330.86847,211.2062,79.646484,332.5163,149.27942,84.738045,324.95923,237.25732,88.77805,338.91803,188.52751,90.95551,337.3481,212.66388,87.95048,324.53207,46.644573,122.07569,313.0705,255.51817,99.45319,330.68564,-98.99209,162.08748,317.58212,238.2032,93.34984,374.31836,-188.1096,182.24007,336.17267,188.5516,82.838585,378.09424,-214.19922,185.26254,338.65216,185.40721,81.969444,373.92303,-196.74806,182.93645,345.16217,175.74391,86.2822,373.6058,-181.22894,180.57639,346.0963,180.89073,178.88559,337.11798,-64.40721,194.76244,321.39673,64.098495,247.07472,359.96027,-151.93597,258.30414,348.69806,-27.886398,335.88947,363.4218,-231.09425,349.61032,352.77612,-109.435455,349.41965,355.014,-241.73846,363.76825,347.40027,-119.89373,357.2893,394.24268,-314.84937,365.6892,381.13663,-175.7515
Screenshot 2023-02-19 231244 copy 17.png,85.530396,339.20343,201.88196,80.54425,335.3023,192.27203,79.879234,335.35516,192.18372,79.31552,335.59067,192.22379,82.20481,333.37796,211.31432,82.71418,332.07883,211.16615,83.30082,330.86847,211.2062,79.646484,332.5163,149.27942,84.738045,324.95923,237.25732,88.77805,338.91803,188.52751,90.95551,337.3481,212.66388,87.95048,324.53207,46.644573,122.07569,313.0705,255.51817,99.45319,330.68564,-98.99209,162.08748,317.58212,238.2032,93.34984,374.31836,-188.1096,182.24007,336.17267,188.5516,82.838585,378.09424,-214.19922,185.26254,338.65216,185.40721,81.969444,373.92303,-196.74806,182.93645,345.16217,175.74391,86.2822,373.6058,-181.22894,180.57639,346.0963,180.89073,178.88559,337.11798,-64.40721,194.76244,321.39673,64.098495,247.07472,359.96027,-151.93597,258.30414,348.69806,-27.886398,335.88947,363.4218,-231.09425,349.61032,352.77612,-109.435455,349.41965,355.014,-241.73846,363.76825,347.40027,-119.89373,357.2893,394.24268,-314.84937,365.6892,381.13663,-175.7515
Screenshot 2023-02-19 231244 copy 2.png,85.530396,339.20343,201.88196,80.54425,335.3023,192.27203,79.879234,335.35516,192.18372,79.31552,335.59067,192.22379,82.20481,333.37796,211.31432,82.71418,332.07883,211.16615,83.30082,330.86847,211.2062,79.646484,332.5163,149.27942,84.738045,324.95923,237.25732,88.77805,338.91803,188.52751,90.95551,337.3481,212.66388,87.95048,324.53207,46.644573,122.07569,313.0705,255.51817,99.45319,330.68564,-98.99209,162.08748,317.58212,238.2032,93.34984,374.31836,-188.1096,182.24007,336.17267,188.5516,82.838585,378.09424,-214.19922,185.26254,338.65216,185.40721,81.969444,373.92303,-196.74806,182.93645,345.16217,175.74391,86.2822,373.6058,-181.22894,180.57639,346.0963,180.89073,178.88559,337.11798,-64.40721,194.76244,321.39673,64.098495,247.07472,359.96027,-151.93597,258.30414,348.69806,-27.886398,335.88947,363.4218,-231.09425,349.61032,352.77612,-109.435455,349.41965,355.014,-241.73846,363.76825,347.40027,-119.89373,357.2893,394.24268,-314.84937,365.6892,381.13663,-175.7515
Screenshot 2023-02-19 231244 copy 3.png,85.530396,339.20343,201.88196,80.54425,335.3023,192.27203,79.879234,335.35516,192.18372,79.31552,335.59067,192.22379,82.20481,333.37796,211.31432,82.71418,332.07883,211.16615,83.30082,330.86847,211.2062,79.646484,332.5163,149.27942,84.738045,324.95923,237.25732,88.77805,338.91803,188.52751,90.95551,337.3481,212.66388,87.95048,324.53207,46.644573,122.07569,313.0705,255.51817,99.45319,330.68564,-98.99209,162.08748,317.58212,238.2032,93.34984,374.31836,-188.1096,182.24007,336.17267,188.5516,82.838585,378.09424,-214.19922,185.26254,338.65216,185.40721,81.969444,373.92303,-196.74806,182.93645,345.16217,175.74391,86.2822,373.6058,-181.22894,180.57639,346.0963,180.89073,178.88559,337.11798,-64.40721,194.76244,321.39673,64.098495,247.07472,359.96027,-151.93597,258.30414,348.69806,-27.886398,335.88947,363.4218,-231.09425,349.61032,352.77612,-109.435455,349.41965,355.014,-241.73846,363.76825,347.40027,-119.89373,357.2893,394.24268,-314.84937,365.6892,381.13663,-175.7515
Screenshot 2023-02-19 231244 copy 4.png,85.530396,339.20343,201.88196,80.54425,335.3023,192.27203,79.879234,335.35516,192.18372,79.31552,335.59067,192.22379,82.20481,333.37796,211.31432,82.71418,332.07883,211.16615,83.30082,330.86847,211.2062,79.646484,332.5163,149.27942,84.738045,324.95923,237.25732,88.77805,338.91803,188.52751,90.95551,337.3481,212.66388,87.95048,324.53207,46.644573,122.07569,313.0705,255.51817,99.45319,330.68564,-98.99209,162.08748,317.58212,238.2032,93.34984,374.31836,-188.1096,182.24007,336.17267,188.5516,82.838585,378.09424,-214.19922,185.26254,338.65216,185.40721,81.969444,373.92303,-196.74806,182.93645,345.16217,175.74391,86.2822,373.6058,-181.22894,180.57639,346.0963,180.89073,178.88559,337.11798,-64.40721,194.76244,321.39673,64.098495,247.07472,359.96027,-151.93597,258.30414,348.69806,-27.886398,335.88947,363.4218,-231.09425,349.61032,352.77612,-109.435455,349.41965,355.014,-241.73846,363.76825,347.40027,-119.89373,357.2893,394.24268,-314.84937,365.6892,381.13663,-175.7515
Screenshot 2023-02-19 231244 copy 5.png,85.530396,339.20343,201.88196,80.54425,335.3023,192.27203,79.879234,335.35516,192.18372,79.31552,335.59067,192.22379,82.20481,333.37796,211.31432,82.71418,332.07883,211.16615,83.30082,330.86847,211.2062,79.646484,332.5163,149.27942,84.738045,324.95923,237.25732,88.77805,338.91803,188.52751,90.95551,337.3481,212.66388,87.95048,324.53207,46.644573,122.07569,313.0705,255.51817,99.45319,330.68564,-98.99209,162.08748,317.58212,238.2032,93.34984,374.31836,-188.1096,182.24007,336.17267,188.5516,82.838585,378.09424,-214.19922,185.26254,338.65216,185.40721,81.969444,373.92303,-196.74806,182.93645,345.16217,175.74391,86.2822,373.6058,-181.22894,180.57639,346.0963,180.89073,178.88559,337.11798,-64.40721,194.76244,321.39673,64.098495,247.07472,359.96027,-151.93597,258.30414,348.69806,-27.886398,335.88947,363.4218,-231.09425,349.61032,352.77612,-109.435455,349.41965,355.014,-241.73846,363.76825,347.40027,-119.89373,357.2893,394.24268,-314.84937,365.6892,381.13663,-175.7515
Screenshot 2023-02-19 231244 copy 6.png,85.530396,339.20343,201.88196,80.54425,335.3023,192.27203,79.879234,335.35516,192.18372,79.31552,335.59067,192.22379,82.20481,333.37796,211.31432,82.71418,332.07883,211.16615,83.30082,330.86847,211.2062,79.646484,332.5163,149.27942,84.738045,324.95923,237.25732,88.77805,338.91803,188.52751,90.95551,337.3481,212.66388,87.95048,324.53207,46.644573,122.07569,313.0705,255.51817,99.45319,330.68564,-98.99209,162.08748,317.58212,238.2032,93.34984,374.31836,-188.1096,182.24007,336.17267,188.5516,82.838585,378.09424,-214.19922,185.26254,338.65216,185.40721,81.969444,373.92303,-196.74806,182.93645,345.16217,175.74391,86.2822,373.6058,-181.22894,180.57639,346.0963,180.89073,178.88559,337.11798,-64.40721,194.76244,321.39673,64.098495,247.07472,359.96027,-151.93597,258.30414,348.69806,-27.886398,335.88947,363.4218,-231.09425,349.61032,352.77612,-109.435455,349.41965,355.014,-241.73846,363.76825,347.40027,-119.89373,357.2893,394.24268,-314.84937,365.6892,381.13663,-175.7515
Screenshot 2023-02-19 231244 copy 7.png,85.530396,339.20343,201.88196,80.54425,335.3023,192.27203,79.879234,335.35516,192.18372,79.31552,335.59067,192.22379,82.20481,333.37796,211.31432,82.71418,332.07883,211.16615,83.30082,330.86847,211.2062,79.646484,332.5163,149.27942,84.738045,324.95923,237.25732,88.77805,338.91803,188.52751,90.95551,337.3481,212.66388,87.95048,324.53207,46.644573,122.07569,313.0705,255.51817,99.45319,330.68564,-98.99209,162.08748,317.58212,238.2032,93.34984,374.31836,-188.1096,182.24007,336.17267,188.5516,82.838585,378.09424,-214.19922,185.26254,338.65216,185.40721,81.969444,373.92303,-196.74806,182.93645,345.16217,175.74391,86.2822,373.6058,-181.22894,180.57639,346.0963,180.89073,178.88559,337.11798,-64.40721,194.76244,321.39673,64.098495,247.07472,359.96027,-151.93597,258.30414,348.69806,-27.886398,335.88947,363.4218,-231.09425,349.61032,352.77612,-109.435455,349.41965,355.014,-241.73846,363.76825,347.40027,-119.89373,357.2893,394.24268,-314.84937,365.6892,381.13663,-175.7515
Screenshot 2023-02-19 231244 copy 8.png,85.530396,339.20343,201.88196,80.54425,335.3023,192.27203,79.879234,335.35516,192.18372,79.31552,335.59067,192.22379,82.20481,333.37796,211.31432,82.71418,332.07883,211.16615,83.30082,330.86847,211.2062,79.646484,332.5163,149.27942,84.738045,324.95923,237.25732,88.77805,338.91803,188.52751,90.95551,337.3481,212.66388,87.95048,324.53207,46.644573,122.07569,313.0705,255.51817,99.45319,330.68564,-98.99209,162.08748,317.58212,238.2032,93.34984,374.31836,-188.1096,182.24007,336.17267,188.5516,82.838585,378.09424,-214.19922,185.26254,338.65216,185.40721,81.969444,373.92303,-196.74806,182.93645,345.16217,175.74391,86.2822,373.6058,-181.22894,180.57639,346.0963,180.89073,178.88559,337.11798,-64.40721,194.76244,321.39673,64.098495,247.07472,359.96027,-151.93597,258.30414,348.69806,-27.886398,335.88947,363.4218,-231.09425,349.61032,352.77612,-109.435455,349.41965,355.014,-241.73846,363.76825,347.40027,-119.89373,357.2893,394.24268,-314.84937,365.6892,381.13663,-175.7515
Screenshot 2023-02-19 231244 copy 9.png,85.530396,339.20343,201.88196,80.54425,335.3023,192.27203,79.879234,335.35516,192.18372,79.31552,335.59067,192.22379,82.20481,333.37796,211.31432,82.71418,332.07883,211.16615,83.30082,330.86847,211.2062,79.646484,332.5163,149.27942,84.738045,324.95923,237.25732,88.77805,338.91803,188.52751,90.95551,337.3481,212.66388,87.95048,324.53207,46.644573,122.07569,313.0705,255.51817,99.45319,330.68564,-98.99209,162.08748,317.58212,238.2032,93.34984,374.31836,-188.1096,182.24007,336.17267,188.5516,82.838585,378.09424,-214.19922,185.26254,338.65216,185.40721,81.969444,373.92303,-196.74806,182.93645,345.16217,175.74391,86.2822,373.6058,-181.22894,180.57639,346.0963,180.89073,178.88559,337.11798,-64.40721,194.76244,321.39673,64.098495,247.07472,359.96027,-151.93597,258.30414,348.69806,-27.886398,335.88947,363.4218,-231.09425,349.61032,352.77612,-109.435455,349.41965,355.014,-241.73846,363.76825,347.40027,-119.89373,357.2893,394.24268,-314.84937,365.6892,381.13663,-175.7515
Screenshot 2023-02-19 231244 copy.png,85.530396,339.20343,201.88196,80.54425,335.3023,192.27203,79.879234,335.35516,192.18372,79.31552,335.59067,192.22379,82.20481,333.37796,211.31432,82.71418,332.07883,211.16615,83.30082,330.86847,211.2062,79.646484,332.5163,149.27942,84.738045,324.95923,237.25732,88.77805,338.91803,188.52751,90.95551,337.3481,212.66388,87.95048,324.53207,46.644573,122.07569,313.0705,255.51817,99.45319,330.68564,-98.99209,162.08748,317.58212,238.2032,93.34984,374.31836,-188.1096,182.24007,336.17267,188.5516,82.838585,378.09424,-214.19922,185.26254,338.65216,185.40721,81.969444,373.92303,-196.74806,182.93645,345.16217,175.74391,86.2822,373.6058,-181.22894,180.57639,346.0963,180.89073,178.88559,337.11798,-64.40721,194.76244,321.39673,64.098495,247.07472,359.96027,-151.93597,258.30414,348.69806,-27.886398,335.88947,363.4218,-231.09425,349.61032,352.77612,-109.435455,349.41965,355.014,-241.73846,363.76825,347.40027,-119.89373,357.2893,394.24268,-314.84937,365.6892,381.13663,-175.7515
Screenshot 2023-02-19 231244.png,85.530396,339.20343,201.88196,80.54425,335.3023,192.27203,79.879234,335.35516,192.18372,79.31552,335.59067,192.22379,82.20481,333.37796,211.31432,82.71418,332.07883,211.16615,83.30082,330.86847,211.2062,79.646484,332.5163,149.27942,84.738045,324.95923,237.25732,88.77805,338.91803,188.52751,90.95551,337.3481,212.66388,87.95048,324.53207,46.644573,122.07569,313.0705,255.51817,99.45319,330.68564,-98.99209,162.08748,317.58212,238.2032,93.34984,374.31836,-188.1096,182.24007,336.17267,188.5516,82.838585,378.09424,-214.19922,185.26254,338.65216,185.40721,81.969444,373.92303,-196.74806,182.93645,345.16217,175.74391,86.2822,373.6058,-181.22894,180.57639,346.0963,180.89073,178.88559,337.11798,-64.40721,194.76244,321.39673,64.098495,247.07472,359.96027,-151.93597,258.30414,348.69806,-27.886398,335.88947,363.4218,-231.09425,349.61032,352.77612,-109.435455,349.41965,355.014,-241.73846,363.76825,347.40027,-119.89373,357.2893,394.24268,-314.84937,365.6892,381.13663,-175.7515
Screenshot 2023-02-19 231304.png,69.56629,362.072,234.35333,65.29676,357.97522,221.01596,64.52716,357.7541,220.9237,63.720882,357.7084,220.96584,67.19121,355.98715,241.1017,67.78663,354.26175,240.95784,68.37344,352.59393,241.0207,65.04122,352.60294,163.85562,71.97183,345.42517,256.34143,73.60697,362.29095,216.64078,75.86733,360.3266,242.16518,78.232735,356.22906,52.215225,114.83625,334.0776,265.57935,75.35437,399.67175,-92.29407,160.34515,344.58508,232.04904,82.596115,417.39392,-176.38095,179.87067,368.9387,168.56174,73.31729,422.10028,-204.81285,184.88208,371.75894,161.81828,73.93364,418.27377,-192.28317,183.11406,378.71927,153.15936,79.44745,416.3781,-171.63446,179.50018,379.23425,161.05681,174.25139,374.80826,-67.052216,193.17656,355.31082,66.69425,257.31042,411.85812,-149.46167,267.95068,397.3311,8.43663,346.30304,442.50696,-217.63025,354.03394,423.8841,-59.391506,362.92712,440.83008,-227.76244,369.95804,422.53754,-69.21231,360.76187,480.83936,-305.03214,368.83212,460.3493,-126.58548
Screenshot 2023-02-19 231323.png,66.53343,295.9702,231.76642,61.160946,292.39746,215.88261,60.50055,292.29626,215.76776,59.908188,292.32776,215.80429,63.34541,290.48633,232.90294,64.20121,289.02148,232.69527,65.07539,287.5556,232.64566,61.40572,287.35144,149.5316,67.42677,279.48642,228.14784,70.850334,295.31833,211.58298,73.377716,293.19547,233.01895,74.55097,287.1057,58.464443,110.52217,266.49908,230.3962,63.927807,340.32245,16.14563,147.05772,293.45093,211.81567,67.96495,358.69873,60.63068,144.9145,316.27798,182.84804,57.50778,362.7508,59.50046,141.1932,320.09875,183.38713,60.934402,356.87134,64.041885,138.36067,327.96625,177.61914,66.68737,356.63766,65.815,137.19302,328.14297,177.4891,171.3935,314.66803,-54.180656,190.61755,296.8712,53.83484,253.70665,358.48926,-107.28075,263.84607,343.7599,-8.634734,347.45377,390.01056,-209.00294,354.69156,371.06924,-80.99203,365.4222,386.24564,-222.11334,371.15036,370.23007,-89.8552,358.70105,431.12863,-278.90582,365.78308,408.8504,-125.734436
Screenshot 2023-02-19 231406 copy 10.png,39.52812,336.98,227.91338,34.56357,330.58908,214.4676,34.06974,329.94495,214.36621,33.56689,329.47784,214.41263,36.2456,329.5528,236.73994,36.885548,328.30518,236.51213,37.529396,327.10483,236.46002,35.353043,323.2334,156.87466,40.00579,318.69968,258.42065,44.519176,336.53128,210.57951,46.691467,335.4899,238.39853,52.441605,324.80118,54.593254,94.163506,304.5261,262.8945,61.485607,342.42108,-51.906837,158.42964,313.77478,225.16422,49.35473,390.8596,-89.40968,141.67448,348.93228,154.86914,36.024612,394.02692,-103.53054,137.1827,354.0756,150.20555,35.913258,388.46875,-89.94218,129.57812,358.4166,143.72609,41.422043,389.25467,-82.16779,131.06427,356.45697,147.99744,159.44298,359.08395,-69.66496,180.1028,339.4251,69.35253,258.45724,378.31314,-102.054214,276.50583,361.09198,7.282996,363.14417,401.7724,-170.91473,379.44788,386.17703,-43.448925,381.40237,397.06885,-180.41478,395.37177,386.9063,-50.692245,375.05035,443.25217,-239.21976,394.61456,433.1492,-91.083244
Screenshot 2023-02-19 231406 copy 11.png,39.52812,336.98,227.91338,34.56357,330.58908,214.4676,34.06974,329.94495,214.36621,33.56689,329.47784,214.41263,36.2456,329.5528,236.73994,36.885548,328.30518,236.51213,37.529396,327.10483,236.46002,35.353043,323.2334,156.87466,40.00579,318.69968,258.42065,44.519176,336.53128,210.57951,46.691467,335.4899,238.39853,52.441605,324.80118,54.593254,94.163506,304.5261,262.8945,61.485607,342.42108,-51.906837,158.42964,313.77478,225.16422,49.35473,390.8596,-89.40968,141.67448,348.93228,154.86914,36.024612,394.02692,-103.53054,137.1827,354.0756,150.20555,35.913258,388.46875,-89.94218,129.57812,358.4166,143.72609,41.422043,389.25467,-82.16779,131.06427,356.45697,147.99744,159.44298,359.08395,-69.66496,180.1028,339.4251,69.35253,258.45724,378.31314,-102.054214,276.50583,361.09198,7.282996,363.14417,401.7724,-170.91473,379.44788,386.17703,-43.448925,381.40237,397.06885,-180.41478,395.37177,386.9063,-50.692245,375.05035,443.25217,-239.21976,394.61456,433.1492,-91.083244
Screenshot 2023-02-19 231406 copy 12.png,39.52812,336.98,227.91338,34.56357,330.58908,214.4676,34.06974,329.94495,214.36621,33.56689,329.47784,214.41263,36.2456,329.5528,236.73994,36.885548,328.30518,236.51213,37.529396,327.10483,236.46002,35.353043,323.2334,156.87466,40.00579,318.69968,258.42065,44.519176,336.53128,210.57951,46.691467,335.4899,238.39853,52.441605,324.80118,54.593254,94.163506,304.5261,262.8945,61.485607,342.42108,-51.906837,158.42964,313.77478,225.16422,49.35473,390.8596,-89.40968,141.67448,348.93228,154.86914,36.024612,394.02692,-103.53054,137.1827,354.0756,150.20555,35.913258,388.46875,-89.94218,129.57812,358.4166,143.72609,41.422043,389.25467,-82.16779,131.06427,356.45697,147.99744,159.44298,359.08395,-69.66496,180.1028,339.4251,69.35253,258.45724,378.31314,-102.054214,276.50583,361.09198,7.282996,363.14417,401.7724,-170.91473,379.44788,386.17703,-43.448925,381.40237,397.06885,-180.41478,395.37177,386.9063,-50.692245,375.05035,443.25217,-239.21976,394.61456,433.1492,-91.083244
Screenshot 2023-02-19 231406 copy 13.png,39.52812,336.98,227.91338,34.56357,330.58908,214.4676,34.06974,329.94495,214.36621,33.56689,329.47784,214.41263,36.2456,329.5528,236.73994,36.885548,328.30518,236.51213,37.529396,327.10483,236.46002,35.353043,323.2334,156.87466,40.00579,318.69968,258.42065,44.519176,336.53128,210.57951,46.691467,335.4899,238.39853,52.441605,324.80118,54.593254,94.163506,304.5261,262.8945,61.485607,342.42108,-51.906837,158.42964,313.77478,225.16422,49.35473,390.8596,-89.40968,141.67448,348.93228,154.86914,36.024612,394.02692,-103.53054,137.1827,354.0756,150.20555,35.913258,388.46875,-89.94218,129.57812,358.4166,143.72609,41.422043,389.25467,-82.16779,131.06427,356.45697,147.99744,159.44298,359.08395,-69.66496,180.1028,339.4251,69.35253,258.45724,378.31314,-102.054214,276.50583,361.09198,7.282996,363.14417,401.7724,-170.91473,379.44788,386.17703,-43.448925,381.40237,397.06885,-180.41478,395.37177,386.9063,-50.692245,375.05035,443.25217,-239.21976,394.61456,433.1492,-91.083244
Screenshot 2023-02-19 231406 copy 14.png,39.52812,336.98,227.91338,34.56357,330.58908,214.4676,34.06974,329.94495,214.36621,33.56689,329.47784,214.41263,36.2456,329.5528,236.73994,36.885548,328.30518,236.51213,37.529396,327.10483,236.46002,35.353043,323.2334,156.87466,40.00579,318.69968,258.42065,44.519176,336.53128,210.57951,46.691467,335.4899,238.39853,52.441605,324.80118,54.593254,94.163506,304.5261,262.8945,61.485607,342.42108,-51.906837,158.42964,313.77478,225.16422,49.35473,390.8596,-89.40968,141.67448,348.93228,154.86914,36.024612,394.02692,-103.53054,137.1827,354.0756,150.20555,35.913258,388.46875,-89.94218,129.57812,358.4166,143.72609,41.422043,389.25467,-82.16779,131.06427,356.45697,147.99744,159.44298,359.08395,-69.66496,180.1028,339.4251,69.35253,258.45724,378.31314,-102.054214,276.50583,361.09198,7.282996,363.14417,401.7724,-170.91473,379.44788,386.17703,-43.448925,381.40237,397.06885,-180.41478,395.37177,386.9063,-50.692245,375.05035,443.25217,-239.21976,394.61456,433.1492,-91.083244
Screenshot 2023-02-19 231406 copy 15.png,39.52812,336.98,227.91338,34.56357,330.58908,214.4676,34.06974,329.94495,214.36621,33.56689,329.47784,214.41263,36.2456,329.5528,236.73994,36.885548,328.30518,236.51213,37.529396,327.10483,236.46002,35.353043,323.2334,156.87466,40.00579,318.69968,258.42065,44.519176,336.53128,210.57951,46.691467,335.4899,238.39853,52.441605,324.80118,54.593254,94.163506,304.5261,262.8945,61.485607,342.42108,-51.906837,158.42964,313.77478,225.16422,49.35473,390.8596,-89.40968,141.67448,348.93228,154.86914,36.024612,394.02692,-103.53054,137.1827,354.0756,150.20555,35.913258,388.46875,-89.94218,129.57812,358.4166,143.72609,41.422043,389.25467,-82.16779,131.06427,356.45697,147.99744,159.44298,359.08395,-69.66496,180.1028,339.4251,69.35253,258.45724,378.31314,-102.054214,276.50583,361.09198,7.282996,363.14417,401.7724,-170.91473,379.44788,386.17703,-43.448925,381.40237,397.06885,-180.41478,395.37177,386.9063,-50.692245,375.05035,443.25217,-239.21976,394.61456,433.1492,-91.083244
Screenshot 2023-02-19 231406 copy 2.png,39.52812,336.98,227.91338,34.56357,330.58908,214.4676,34.06974,329.94495,214.36621,33.56689,329.47784,214.41263,36.2456,329.5528,236.73994,36.885548,328.30518,236.51213,37.529396,327.10483,236.46002,35.353043,323.2334,156.87466,40.00579,318.69968,258.42065,44.519176,336.53128,210.57951,46.691467,335.4899,238.39853,52.441605,324.80118,54.593254,94.163506,304.5261,262.8945,61.485607,342.42108,-51.906837,158.42964,313.77478,225.16422,49.35473,390.8596,-89.40968,141.67448,348.93228,154.86914,36.024612,394.02692,-103.53054,137.1827,354.0756,150.20555,35.913258,388.46875,-89.94218,129.57812,358.4166,143.72609,41.422043,389.25467,-82.16779,131.06427,356.45697,147.99744,159.44298,359.08395,-69.66496,180.1028,339.4251,69.35253,258.45724,378.31314,-102.054214,276.50583,361.09198,7.282996,363.14417,401.7724,-170.91473,379.44788,386.17703,-43.448925,381.40237,397.06885,-180.41478,395.37177,386.9063,-50.692245,375.05035,443.25217,-239.21976,394.61456,433.1492,-91.083244
Screenshot 2023-02-19 231406 copy 3.png,39.52812,336.98,227.91338,34.56357,330.58908,214.4676,34.06974,329.94495,214.36621,33.56689,329.47784,214.41263,36.2456,329.5528,236.73994,36.885548,328.30518,236.51213,37.529396,327.10483,236.46002,35.353043,323.2334,156.87466,40.00579,318.69968,258.42065,44.519176,336.53128,210.57951,46.691467,335.4899,238.39853,52.441605,324.80118,54.593254,94.163506,304.5261,262.8945,61.485607,342.42108,-51.906837,158.42964,313.77478,225.16422,49.35473,390.8596,-89.40968,141.67448,348.93228,154.86914,36.024612,394.02692,-103.53054,137.1827,354.0756,150.20555,35.913258,388.46875,-89.94218,129.57812,358.4166,143.72609,41.422043,389.25467,-82.16779,131.06427,356.45697,147.99744,159.44298,359.08395,-69.66496,180.1028,339.4251,69.35253,258.45724,378.31314,-102.054214,276.50583,361.09198,7.282996,363.14417,401.7724,-170.91473,379.44788,386.17703,-43.448925,381.40237,397.06885,-180.41478,395.37177,386.9063,-50.692245,375.05035,443.25217,-239.21976,394.61456,433.1492,-91.083244
Screenshot 2023-02-19 231406 copy 4.png,39.52812,336.98,227.91338,34.56357,330.58908,214.4676,34.06974,329.94495,214.36621,33.56689,329.47784,214.41263,36.2456,329.5528,236.73994,36.885548,328.30518,236.51213,37.529396,327.10483,236.46002,35.353043,323.2334,156.87466,40.00579,318.69968,258.42065,44.519176,336.53128,210.57951,46.691467,335.4899,238.39853,52.441605,324.80118,54.593254,94.163506,304.5261,262.8945,61.485607,342.42108,-51.906837,158.42964,313.77478,225.16422,49.35473,390.8596,-89.40968,141.67448,348.93228,154.86914,36.024612,394.02692,-103.53054,137.1827,354.0756,150.20555,35.913258,388.46875,-89.94218,129.57812,358.4166,143.72609,41.422043,389.25467,-82.16779,131.06427,356.45697,147.99744,159.44298,359.08395,-69.66496,180.1028,339.4251,69.35253,258.45724,378.31314,-102.054214,276.50583,361.09198,7.282996,363.14417,401.7724,-170.91473,379.44788,386.17703,-43.448925,381.40237,397.06885,-180.41478,395.37177,386.9063,-50.692245,375.05035,443.25217,-239.21976,394.61456,433.1492,-91.083244
Screenshot 2023-02-19 231406 copy 5.png,39.52812,336.98,227.91338,34.56357,330.58908,214.4676,34.06974,329.94495,214.36621,33.56689,329.47784,214.41263,36.2456,329.5528,236.73994,36.885548,328.30518,236.51213,37.529396,327.10483,236.46002,35.353043,323.2334,156.87466,40.00579,318.69968,258.42065,44.519176,336.53128,210.57951,46.691467,335.4899,238.39853,52.441605,324.80118,54.593254,94.163506,304.5261,262.8945,61.485607,342.42108,-51.906837,158.42964,313.77478,225.16422,49.35473,390.8596,-89.40968,141.67448,348.93228,154.86914,36.024612,394.02692,-103.53054,137.1827,354.0756,150.20555,35.913258,388.46875,-89.94218,129.57812,358.4166,143.72609,41.422043,389.25467,-82.16779,131.06427,356.45697,147.99744,159.44298,359.08395,-69.66496,180.1028,339.4251,69.35253,258.45724,378.31314,-102.054214,276.50583,361.09198,7.282996,363.14417,401.7724,-170.91473,379.44788,386.17703,-43.448925,381.40237,397.06885,-180.41478,395.37177,386.9063,-50.692245,375.05035,443.25217,-239.21976,394.61456,433.1492,-91.083244
Screenshot 2023-02-19 231406 copy 6.png,39.52812,336.98,227.91338,34.56357,330.58908,214.4676,34.06974,329.94495,214.36621,33.56689,329.47784,214.41263,36.2456,329.5528,236.73994,36.885548,328.30518,236.51213,37.529396,327.10483,236.46002,35.353043,323.2334,156.87466,40.00579,318.69968,258.42065,44.519176,336.53128,210.57951,46.691467,335.4899,238.39853,52.441605,324.80118,54.593254,94.163506,304.5261,262.8945,61.485607,342.42108,-51.906837,158.42964,313.77478,225.16422,49.35473,390.8596,-89.40968,141.67448,348.93228,154.86914,36.024612,394.02692,-103.53054,137.1827,354.0756,150.20555,35.913258,388.46875,-89.94218,129.57812,358.4166,143.72609,41.422043,389.25467,-82.16779,131.06427,356.45697,147.99744,159.44298,359.08395,-69.66496,180.1028,339.4251,69.35253,258.45724,378.31314,-102.054214,276.50583,361.09198,7.282996,363.14417,401.7724,-170.91473,379.44788,386.17703,-43.448925,381.40237,397.06885,-180.41478,395.37177,386.9063,-50.692245,375.05035,443.25217,-239.21976,394.61456,433.1492,-91.083244
Screenshot 2023-02-19 231406 copy 7.png,39.52812,336.98,227.91338,34.56357,330.58908,214.4676,34.06974,329.94495,214.36621,33.56689,329.47784,214.41263,36.2456,329.5528,236.73994,36.885548,328.30518,236.51213,37.529396,327.10483,236.46002,35.353043,323.2334,156.87466,40.00579,318.69968,258.42065,44.519176,336.53128,210.57951,46.691467,335.4899,238.39853,52.441605,324.80118,54.593254,94.163506,304.5261,262.8945,61.485607,342.42108,-51.906837,158.42964,313.77478,225.16422,49.35473,390.8596,-89.40968,141.67448,348.93228,154.86914,36.024612,394.02692,-103.53054,137.1827,354.0756,150.20555,35.913258,388.46875,-89.94218,129.57812,358.4166,143.72609,41.422043,389.25467,-82.16779,131.06427,356.45697,147.99744,159.44298,359.08395,-69.66496,180.1028,339.4251,69.35253,258.45724,378.31314,-102.054214,276.50583,361.09198,7.282996,363.14417,401.7724,-170.91473,379.44788,386.17703,-43.448925,381.40237,397.06885,-180.41478,395.37177,386.9063,-50.692245,375.05035,443.25217,-239.21976,394.61456,433.1492,-91.083244
Screenshot 2023-02-19 231406 copy 8.png,39.52812,336.98,227.91338,34.56357,330.58908,214.4676,34.06974,329.94495,214.36621,33.56689,329.47784,214.41263,36.2456,329.5528,236.73994,36.885548,328.30518,236.51213,37.529396,327.10483,236.46002,35.353043,323.2334,156.87466,40.00579,318.69968,258.42065,44.519176,336.53128,210.57951,46.691467,335.4899,238.39853,52.441605,324.80118,54.593254,94.163506,304.5261,262.8945,61.485607,342.42108,-51.906837,158.42964,313.77478,225.16422,49.35473,390.8596,-89.40968,141.67448,348.93228,154.86914,36.024612,394.02692,-103.53054,137.1827,354.0756,150.20555,35.913258,388.46875,-89.94218,129.57812,358.4166,143.72609,41.422043,389.25467,-82.16779,131.06427,356.45697,147.99744,159.44298,359.08395,-69.66496,180.1028,339.4251,69.35253,258.45724,378.31314,-102.054214,276.50583,361.09198,7.282996,363.14417,401.7724,-170.91473,379.44788,386.17703,-43.448925,381.40237,397.06885,-180.41478,395.37177,386.9063,-50.692245,375.05035,443.25217,-239.21976,394.61456,433.1492,-91.083244
Screenshot 2023-02-19 231406 copy 9.png,39.52812,336.98,227.91338,34.56357,330.58908,214.4676,34.06974,329.94495,214.36621,33.56689,329.47784,214.41263,36.2456,329.5528,236.73994,36.885548,328.30518,236.51213,37.529396,327.10483,236.46002,35.353043,323.2334,156.87466,40.00579,318.69968,258.42065,44.519176,336.53128,210.57951,46.691467,335.4899,238.39853,52.441605,324.80118,54.593254,94.163506,304.5261,262.8945,61.485607,342.42108,-51.906837,158.42964,313.77478,225.16422,49.35473,390.8596,-89.40968,141.67448,348.93228,154.86914,36.024612,394.02692,-103.53054,137.1827,354.0756,150.20555,35.913258,388.46875,-89.94218,129.57812,358.4166,143.72609,41.422043,389.25467,-82.16779,131.06427,356.45697,147.99744,159.44298,359.08395,-69.66496,180.1028,339.4251,69.35253,258.45724,378.31314,-102.054214,276.50583,361.09198,7.282996,363.14417,401.7724,-170.91473,379.44788,386.17703,-43.448925,381.40237,397.06885,-180.41478,395.37177,386.9063,-50.692245,375.05035,443.25217,-239.21976,394.61456,433.1492,-91.083244
Screenshot 2023-02-19 231406 copy.png,39.52812,336.98,227.91338,34.56357,330.58908,214.4676,34.06974,329.94495,214.36621,33.56689,329.47784,214.41263,36.2456,329.5528,236.73994,36.885548,328.30518,236.51213,37.529396,327.10483,236.46002,35.353043,323.2334,156.87466,40.00579,318.69968,258.42065,44.519176,336.53128,210.57951,46.691467,335.4899,238.39853,52.441605,324.80118,54.593254,94.163506,304.5261,262.8945,61.485607,342.42108,-51.906837,158.42964,313.77478,225.16422,49.35473,390.8596,-89.40968,141.67448,348.93228,154.86914,36.024612,394.02692,-103.53054,137.1827,354.0756,150.20555,35.913258,388.46875,-89.94218,129.57812,358.4166,143.72609,41.422043,389.25467,-82.16779,131.06427,356.45697,147.99744,159.44298,359.08395,-69.66496,180.1028,339.4251,69.35253,258.45724,378.31314,-102.054214,276.50583,361.09198,7.282996,363.14417,401.7724,-170.91473,379.44788,386.17703,-43.448925,381.40237,397.06885,-180.41478,395.37177,386.9063,-50.692245,375.05035,443.25217,-239.21976,394.61456,433.1492,-91.083244
Screenshot 2023-02-19 231406.png,39.52812,336.98,227.91338,34.56357,330.58908,214.4676,34.06974,329.94495,214.36621,33.56689,329.47784,214.41263,36.2456,329.5528,236.73994,36.885548,328.30518,236.51213,37.529396,327.10483,236.46002,35.353043,323.2334,156.87466,40.00579,318.69968,258.42065,44.519176,336.53128,210.57951,46.691467,335.4899,238.39853,52.441605,324.80118,54.593254,94.163506,304.5261,262.8945,61.485607,342.42108,-51.906837,158.42964,313.77478,225.16422,49.35473,390.8596,-89.40968,141.67448,348.93228,154.86914,36.024612,394.02692,-103.53054,137.1827,354.0756,150.20555,35.913258,388.46875,-89.94218,129.57812,358.4166,143.72609,41.422043,389.25467,-82.16779,131.06427,356.45697,147.99744,159.44298,359.08395,-69.66496,180.1028,339.4251,69.35253,258.45724,378.31314,-102.054214,276.50583,361.09198,7.282996,363.14417,401.7724,-170.91473,379.44788,386.17703,-43.448925,381.40237,397.06885,-180.41478,395.37177,386.9063,-50.692245,375.05035,443.25217,-239.21976,394.61456,433.1492,-91.083244
Screenshot 2023-02-19 231424.png,89.070694,330.41562,225.95007,84.49819,325.32465,213.5813,83.7114,325.02536,213.49643,82.9614,324.87402,213.5353,86.34781,323.8158,231.22453,86.961006,322.52124,231.01442,87.473854,321.28238,230.95586,84.73344,321.70447,157.05798,91.0031,314.87823,237.73999,93.05846,332.0864,208.52475,95.099335,330.15436,230.50566,97.71899,329.16278,61.98905,139.91046,302.95685,234.6606,103.279366,353.9885,8.360488,192.21861,313.58878,246.77254,94.43542,387.6697,34.123753,174.59651,345.9675,259.43137,84.32132,389.57605,34.59747,167.65208,353.46112,269.84494,84.4729,385.37506,42.330505,164.63055,355.4713,262.49768,89.61224,385.50613,40.39059,166.21922,353.40662,255.1057,192.57973,368.05255,-59.965405,211.13368,345.65405,59.630817,269.66376,394.11783,-106.145744,292.70587,373.72205,-28.522343,351.23434,427.77905,-191.22446,382.5293,397.615,-130.10876,366.6962,426.56036,-201.33583,395.94244,399.41183,-141.10982,359.86176,465.93033,-247.48296,390.1994,434.79193,-176.12534
Screenshot 2023-02-19 231455.png,77.78067,460.208,-40.308952,70.49817,455.7068,-54.029972,70.539925,454.7353,-54.173546,70.57782,453.85226,-54.122936,69.950455,455.8329,-29.991951,69.738495,455.00928,-30.144358,69.53708,454.18555,-30.203577,73.602844,444.9559,-82.41203,73.37376,445.13345,26.006933,83.21674,458.0679,-46.635807,84.03881,458.66666,-16.62656,101.19561,434.59866,-135.36894,106.15938,429.4082,103.71841,141.64629,428.3797,-233.86935,152.4702,425.19284,79.715775,137.98947,473.45575,-303.71222,142.65787,462.38168,-55.262104,125.12682,477.72626,-333.61536,130.23923,466.20337,-73.259575,122.403755,475.43497,-324.1336,129.33559,466.76196,-85.66868,127.28797,474.07257,-299.74072,132.89594,466.63394,-65.83986,203.85881,432.78885,-74.767715,203.21997,426.73584,74.754524,274.9547,438.34305,-57.297916,273.3087,435.5546,76.907196,346.08218,425.98016,-27.579077,340.53714,425.0616,112.84008,357.3401,418.8908,-28.455826,350.6682,416.5572,112.85114,362.621,448.9139,-93.72912,355.60007,447.1731,63.090145
Screenshot 2023-02-19 231511.png,77.68269,446.8993,-28.371658,70.6499,443.44885,-42.5695,70.1417,442.21616,-42.7111,69.60391,441.0817,-42.665176,70.793335,443.9534,-19.876875,70.430534,443.11823,-20.047632,70.05338,442.23587,-20.063251,70.016205,431.66312,-76.98718,70.638695,432.65878,26.293152,83.25752,442.97995,-36.47162,83.6518,443.07193,-7.9799476,100.573265,420.677,-123.47974,105.79444,413.2134,112.37782,139.17255,426.16486,-211.22089,147.13943,418.20853,166.59612,135.13019,470.46356,-272.77463,141.71567,452.82852,132.13101,121.18097,477.0589,-303.19727,131.90544,456.42316,131.18845,119.34467,474.9541,-289.53818,129.77557,457.2301,111.34718,125.25267,472.7989,-267.70126,133.53954,457.48236,121.223076,198.54118,420.39304,-71.819435,198.88942,416.05566,71.80671,275.1568,433.6698,-65.30369,275.34363,428.42792,76.543976,350.42505,427.8593,-35.83839,346.91547,424.9343,97.56432,360.32904,420.61472,-36.287704,357.1123,417.0848,96.677635,374.8376,450.33957,-97.35806,369.85538,446.7149,43.906055
Screenshot 2023-02-19 231528.png,80.737015,400.85904,-15.814324,74.34686,396.77402,-29.626455,74.015434,395.3295,-29.754763,73.68479,393.87656,-29.713245,74.185745,396.91367,-4.4309955,73.94364,395.76157,-4.606033,73.716675,394.535,-4.632857,74.56844,382.6835,-65.82836,75.345474,384.04276,48.64161,87.8503,397.0628,-25.335587,88.24747,396.82306,6.522522,109.57478,370.20804,-117.48785,114.28321,370.75742,132.14522,136.13893,405.7832,-194.54025,145.03526,397.31473,146.22025,118.27561,442.47278,-233.41197,132.83633,427.74664,52.21702,104.13884,444.33456,-263.2541,120.54632,431.39807,42.306202,101.106674,442.98267,-250.20276,118.78373,432.08652,25.705812,106.14884,442.39417,-228.19331,122.696556,431.6931,40.95829,199.88327,381.6242,-75.55046,201.70512,377.9656,75.49661,274.92328,403.03778,-57.75785,276.12024,399.36322,78.04933,351.4012,402.89407,-23.526527,349.57343,401.2912,108.976685,362.49985,396.48627,-23.911156,360.64877,394.24124,109.324684,369.78635,424.9387,-86.44187,365.844,423.45914,57.2294
Screenshot 2023-02-19 231545 copy 10.png,69.29454,435.9705,-42.02032,63.341045,430.12988,-55.759594,63.630928,429.15454,-55.921314,63.949684,428.3399,-55.869293,63.056908,429.87573,-33.105576,63.28061,428.7706,-33.29631,63.546196,427.75864,-33.397373,69.49982,420.66968,-83.2387,69.2981,419.733,18.304327,77.43179,433.93118,-47.77518,77.64526,433.60037,-19.873196,106.47329,416.80408,-127.85684,107.25771,409.60764,94.44315,153.45285,422.49677,-161.55872,152.5521,418.52182,43.785595,129.90865,466.12094,-151.17561,131.05284,455.4302,-124.871635,117.29666,469.2302,-165.0654,119.94878,457.71854,-149.4337,114.716286,466.48956,-161.49069,118.55805,458.49814,-158.22267,119.588356,465.70834,-146.8021,121.86589,458.63345,-135.34335,207.69092,434.47806,-71.009384,207.0396,429.6252,71.05376,286.8473,434.5781,-26.775955,285.04745,431.56726,84.640076,361.0303,431.69095,9.446515,353.15222,432.6008,121.434875,373.99127,427.62317,8.761166,366.37518,428.21362,121.40058,374.6608,462.4868,-57.25476,363.6609,459.28506,71.43801
Screenshot 2023-02-19 231545 copy 11.png,69.29454,435.9705,-42.02032,63.341045,430.12988,-55.759594,63.630928,429.15454,-55.921314,63.949684,428.3399,-55.869293,63.056908,429.87573,-33.105576,63.28061,428.7706,-33.29631,63.546196,427.75864,-33.397373,69.49982,420.66968,-83.2387,69.2981,419.733,18.304327,77.43179,433.93118,-47.77518,77.64526,433.60037,-19.873196,106.47329,416.80408,-127.85684,107.25771,409.60764,94.44315,153.45285,422.49677,-161.55872,152.5521,418.52182,43.785595,129.90865,466.12094,-151.17561,131.05284,455.4302,-124.871635,117.29666,469.2302,-165.0654,119.94878,457.71854,-149.4337,114.716286,466.48956,-161.49069,118.55805,458.49814,-158.22267,119.588356,465.70834,-146.8021,121.86589,458.63345,-135.34335,207.69092,434.47806,-71.009384,207.0396,429.6252,71.05376,286.8473,434.5781,-26.775955,285.04745,431.56726,84.640076,361.0303,431.69095,9.446515,353.15222,432.6008,121.434875,373.99127,427.62317,8.761166,366.37518,428.21362,121.40058,374.6608,462.4868,-57.25476,363.6609,459.28506,71.43801
Screenshot 2023-02-19 231545 copy 2.png,69.29454,435.9705,-42.02032,63.341045,430.12988,-55.759594,63.630928,429.15454,-55.921314,63.949684,428.3399,-55.869293,63.056908,429.87573,-33.105576,63.28061,428.7706,-33.29631,63.546196,427.75864,-33.397373,69.49982,420.66968,-83.2387,69.2981,419.733,18.304327,77.43179,433.93118,-47.77518,77.64526,433.60037,-19.873196,106.47329,416.80408,-127.85684,107.25771,409.60764,94.44315,153.45285,422.49677,-161.55872,152.5521,418.52182,43.785595,129.90865,466.12094,-151.17561,131.05284,455.4302,-124.871635,117.29666,469.2302,-165.0654,119.94878,457.71854,-149.4337,114.716286,466.48956,-161.49069,118.55805,458.49814,-158.22267,119.588356,465.70834,-146.8021,121.86589,458.63345,-135.34335,207.69092,434.47806,-71.009384,207.0396,429.6252,71.05376,286.8473,434.5781,-26.775955,285.04745,431.56726,84.640076,361.0303,431.69095,9.446515,353.15222,432.6008,121.434875,373.99127,427.62317,8.761166,366.37518,428.21362,121.40058,374.6608,462.4868,-57.25476,363.6609,459.28506,71.43801
Screenshot 2023-02-19 231545 copy 3.png,69.29454,435.9705,-42.02032,63.341045,430.12988,-55.759594,63.630928,429.15454,-55.921314,63.949684,428.3399,-55.869293,63.056908,429.87573,-33.105576,63.28061,428.7706,-33.29631,63.546196,427.75864,-33.397373,69.49982,420.66968,-83.2387,69.2981,419.733,18.304327,77.43179,433.93118,-47.77518,77.64526,433.60037,-19.873196,106.47329,416.80408,-127.85684,107.25771,409.60764,94.44315,153.45285,422.49677,-161.55872,152.5521,418.52182,43.785595,129.90865,466.12094,-151.17561,131.05284,455.4302,-124.871635,117.29666,469.2302,-165.0654,119.94878,457.71854,-149.4337,114.716286,466.48956,-161.49069,118.55805,458.49814,-158.22267,119.588356,465.70834,-146.8021,121.86589,458.63345,-135.34335,207.69092,434.47806,-71.009384,207.0396,429.6252,71.05376,286.8473,434.5781,-26.775955,285.04745,431.56726,84.640076,361.0303,431.69095,9.446515,353.15222,432.6008,121.434875,373.99127,427.62317,8.761166,366.37518,428.21362,121.40058,374.6608,462.4868,-57.25476,363.6609,459.28506,71.43801
Screenshot 2023-02-19 231545 copy 4.png,69.29454,435.9705,-42.02032,63.341045,430.12988,-55.759594,63.630928,429.15454,-55.921314,63.949684,428.3399,-55.869293,63.056908,429.87573,-33.105576,63.28061,428.7706,-33.29631,63.546196,427.75864,-33.397373,69.49982,420.66968,-83.2387,69.2981,419.733,18.304327,77.43179,433.93118,-47.77518,77.64526,433.60037,-19.873196,106.47329,416.80408,-127.85684,107.25771,409.60764,94.44315,153.45285,422.49677,-161.55872,152.5521,418.52182,43.785595,129.90865,466.12094,-151.17561,131.05284,455.4302,-124.871635,117.29666,469.2302,-165.0654,119.94878,457.71854,-149.4337,114.716286,466.48956,-161.49069,118.55805,458.49814,-158.22267,119.588356,465.70834,-146.8021,121.86589,458.63345,-135.34335,207.69092,434.47806,-71.009384,207.0396,429.6252,71.05376,286.8473,434.5781,-26.775955,285.04745,431.56726,84.640076,361.0303,431.69095,9.446515,353.15222,432.6008,121.434875,373.99127,427.62317,8.761166,366.37518,428.21362,121.40058,374.6608,462.4868,-57.25476,363.6609,459.28506,71.43801
Screenshot 2023-02-19 231545 copy 5.png,69.29454,435.9705,-42.02032,63.341045,430.12988,-55.759594,63.630928,429.15454,-55.921314,63.949684,428.3399,-55.869293,63.056908,429.87573,-33.105576,63.28061,428.7706,-33.29631,63.546196,427.75864,-33.397373,69.49982,420.66968,-83.2387,69.2981,419.733,18.304327,77.43179,433.93118,-47.77518,77.64526,433.60037,-19.873196,106.47329,416.80408,-127.85684,107.25771,409.60764,94.44315,153.45285,422.49677,-161.55872,152.5521,418.52182,43.785595,129.90865,466.12094,-151.17561,131.05284,455.4302,-124.871635,117.29666,469.2302,-165.0654,119.94878,457.71854,-149.4337,114.716286,466.48956,-161.49069,118.55805,458.49814,-158.22267,119.588356,465.70834,-146.8021,121.86589,458.63345,-135.34335,207.69092,434.47806,-71.009384,207.0396,429.6252,71.05376,286.8473,434.5781,-26.775955,285.04745,431.56726,84.640076,361.0303,431.69095,9.446515,353.15222,432.6008,121.434875,373.99127,427.62317,8.761166,366.37518,428.21362,121.40058,374.6608,462.4868,-57.25476,363.6609,459.28506,71.43801
Screenshot 2023-02-19 231545 copy 6.png,69.29454,435.9705,-42.02032,63.341045,430.12988,-55.759594,63.630928,429.15454,-55.921314,63.949684,428.3399,-55.869293,63.056908,429.87573,-33.105576,63.28061,428.7706,-33.29631,63.546196,427.75864,-33.397373,69.49982,420.66968,-83.2387,69.2981,419.733,18.304327,77.43179,433.93118,-47.77518,77.64526,433.60037,-19.873196,106.47329,416.80408,-127.85684,107.25771,409.60764,94.44315,153.45285,422.49677,-161.55872,152.5521,418.52182,43.785595,129.90865,466.12094,-151.17561,131.05284,455.4302,-124.871635,117.29666,469.2302,-165.0654,119.94878,457.71854,-149.4337,114.716286,466.48956,-161.49069,118.55805,458.49814,-158.22267,119.588356,465.70834,-146.8021,121.86589,458.63345,-135.34335,207.69092,434.47806,-71.009384,207.0396,429.6252,71.05376,286.8473,434.5781,-26.775955,285.04745,431.56726,84.640076,361.0303,431.69095,9.446515,353.15222,432.6008,121.434875,373.99127,427.62317,8.761166,366.37518,428.21362,121.40058,374.6608,462.4868,-57.25476,363.6609,459.28506,71.43801
Screenshot 2023-02-19 231545 copy 7.png,69.29454,435.9705,-42.02032,63.341045,430.12988,-55.759594,63.630928,429.15454,-55.921314,63.949684,428.3399,-55.869293,63.056908,429.87573,-33.105576,63.28061,428.7706,-33.29631,63.546196,427.75864,-33.397373,69.49982,420.66968,-83.2387,69.2981,419.733,18.304327,77.43179,433.93118,-47.77518,77.64526,433.60037,-19.873196,106.47329,416.80408,-127.85684,107.25771,409.60764,94.44315,153.45285,422.49677,-161.55872,152.5521,418.52182,43.785595,129.90865,466.12094,-151.17561,131.05284,455.4302,-124.871635,117.29666,469.2302,-165.0654,119.94878,457.71854,-149.4337,114.716286,466.48956,-161.49069,118.55805,458.49814,-158.22267,119.588356,465.70834,-146.8021,121.86589,458.63345,-135.34335,207.69092,434.47806,-71.009384,207.0396,429.6252,71.05376,286.8473,434.5781,-26.775955,285.04745,431.56726,84.640076,361.0303,431.69095,9.446515,353.15222,432.6008,121.434875,373.99127,427.62317,8.761166,366.37518,428.21362,121.40058,374.6608,462.4868,-57.25476,363.6609,459.28506,71.43801
Screenshot 2023-02-19 231545 copy 8.png,69.29454,435.9705,-42.02032,63.341045,430.12988,-55.759594,63.630928,429.15454,-55.921314,63.949684,428.3399,-55.869293,63.056908,429.87573,-33.105576,63.28061,428.7706,-33.29631,63.546196,427.75864,-33.397373,69.49982,420.66968,-83.2387,69.2981,419.733,18.304327,77.43179,433.93118,-47.77518,77.64526,433.60037,-19.873196,106.47329,416.80408,-127.85684,107.25771,409.60764,94.44315,153.45285,422.49677,-161.55872,152.5521,418.52182,43.785595,129.90865,466.12094,-151.17561,131.05284,455.4302,-124.871635,117.29666,469.2302,-165.0654,119.94878,457.71854,-149.4337,114.716286,466.48956,-161.49069,118.55805,458.49814,-158.22267,119.588356,465.70834,-146.8021,121.86589,458.63345,-135.34335,207.69092,434.47806,-71.009384,207.0396,429.6252,71.05376,286.8473,434.5781,-26.775955,285.04745,431.56726,84.640076,361.0303,431.69095,9.446515,353.15222,432.6008,121.434875,373.99127,427.62317,8.761166,366.37518,428.21362,121.40058,374.6608,462.4868,-57.25476,363.6609,459.28506,71.43801
Screenshot 2023-02-19 231545 copy 9.png,69.29454,435.9705,-42.02032,63.341045,430.12988,-55.759594,63.630928,429.15454,-55.921314,63.949684,428.3399,-55.869293,63.056908,429.87573,-33.105576,63.28061,428.7706,-33.29631,63.546196,427.75864,-33.397373,69.49982,420.66968,-83.2387,69.2981,419.733,18.304327,77.43179,433.93118,-47.77518,77.64526,433.60037,-19.873196,106.47329,416.80408,-127.85684,107.25771,409.60764,94.44315,153.45285,422.49677,-161.55872,152.5521,418.52182,43.785595,129.90865,466.12094,-151.17561,131.05284,455.4302,-124.871635,117.29666,469.2302,-165.0654,119.94878,457.71854,-149.4337,114.716286,466.48956,-161.49069,118.55805,458.49814,-158.22267,119.588356,465.70834,-146.8021,121.86589,458.63345,-135.34335,207.69092,434.47806,-71.009384,207.0396,429.6252,71.05376,286.8473,434.5781,-26.775955,285.04745,431.56726,84.640076,361.0303,431.69095,9.446515,353.15222,432.6008,121.434875,373.99127,427.62317,8.761166,366.37518,428.21362,121.40058,374.6608,462.4868,-57.25476,363.6609,459.28506,71.43801
Screenshot 2023-02-19 231545 copy.png,69.29454,435.9705,-42.02032,63.341045,430.12988,-55.759594,63.630928,429.15454,-55.921314,63.949684,428.3399,-55.869293,63.056908,429.87573,-33.105576,63.28061,428.7706,-33.29631,63.546196,427.75864,-33.397373,69.49982,420.66968,-83.2387,69.2981,419.733,18.304327,77.43179,433.93118,-47.77518,77.64526,433.60037,-19.873196,106.47329,416.80408,-127.85684,107.25771,409.60764,94.44315,153.45285,422.49677,-161.55872,152.5521,418.52182,43.785595,129.90865,466.12094,-151.17561,131.05284,455.4302,-124.871635,117.29666,469.2302,-165.0654,119.94878,457.71854,-149.4337,114.716286,466.48956,-161.49069,118.55805,458.49814,-158.22267,119.588356,465.70834,-146.8021,121.86589,458.63345,-135.34335,207.69092,434.47806,-71.009384,207.0396,429.6252,71.05376,286.8473,434.5781,-26.775955,285.04745,431.56726,84.640076,361.0303,431.69095,9.446515,353.15222,432.6008,121.434875,373.99127,427.62317,8.761166,366.37518,428.21362,121.40058,374.6608,462.4868,-57.25476,363.6609,459.28506,71.43801
Screenshot 2023-02-19 231545.png,69.29454,435.9705,-42.02032,63.341045,430.12988,-55.759594,63.630928,429.15454,-55.921314,63.949684,428.3399,-55.869293,63.056908,429.87573,-33.105576,63.28061,428.7706,-33.29631,63.546196,427.75864,-33.397373,69.49982,420.66968,-83.2387,69.2981,419.733,18.304327,77.43179,433.93118,-47.77518,77.64526,433.60037,-19.873196,106.47329,416.80408,-127.85684,107.25771,409.60764,94.44315,153.45285,422.49677,-161.55872,152.5521,418.52182,43.785595,129.90865,466.12094,-151.17561,131.05284,455.4302,-124.871635,117.29666,469.2302,-165.0654,119.94878,457.71854,-149.4337,114.716286,466.48956,-161.49069,118.55805,458.49814,-158.22267,119.588356,465.70834,-146.8021,121.86589,458.63345,-135.34335,207.69092,434.47806,-71.009384,207.0396,429.6252,71.05376,286.8473,434.5781,-26.775955,285.04745,431.56726,84.640076,361.0303,431.69095,9.446515,353.15222,432.6008,121.434875,373.99127,427.62317,8.761166,366.37518,428.21362,121.40058,374.6608,462.4868,-57.25476,363.6609,459.28506,71.43801
Screenshot 2023-02-19 231638.png,227.30272,399.36377,-365.22083,230.51913,393.08075,-376.86493,232.32957,392.04645,-376.97623,234.19847,391.19885,-376.93005,222.7005,395.1308,-377.5095,220.34668,395.09302,-377.7018,217.97246,395.06647,-377.8135,234.0082,380.5044,-356.98138,207.72821,387.1636,-358.67587,227.60628,395.86304,-348.12296,221.30167,396.92026,-349.23175,241.35918,367.60654,-297.35587,177.68314,379.22906,-291.63815,276.43253,387.95258,-294.67,147.73903,405.10535,-296.3546,316.3568,434.5932,-314.68658,122.55687,436.69476,-319.44214,321.7232,444.32742,-339.86676,125.1781,444.53552,-347.94193,314.45734,445.1516,-355.78012,131.01483,443.69287,-361.34213,309.656,441.90317,-322.57755,131.84396,441.10413,-326.99875,231.88774,386.20374,3.4076374,201.17668,399.51797,-3.6325874,228.12909,382.91248,235.96683,213.25142,405.10767,192.25172,196.922,377.2626,457.71164,231.17046,396.4614,406.1604,191.83357,377.14954,481.81918,232.03928,393.6542,430.30096,193.16757,378.70383,492.50528,239.34528,400.6223,434.34158
Screenshot 2023-02-19 231708.png,215.3288,490.58365,-462.0485,223.24294,485.09137,-476.8498,226.32956,485.16797,-477.09863,229.19147,485.12567,-477.04794,209.90263,484.29968,-473.27335,206.4846,483.09946,-473.51907,203.11555,482.00385,-473.77655,222.37425,477.16376,-462.98645,192.14885,473.00018,-444.66992,216.54709,488.575,-445.75424,207.73071,486.55832,-441.22708,243.21526,448.15424,-345.36987,153.08522,453.83984,-352.649,295.2735,443.13452,-246.76141,105.082695,455.78885,-252.4024,320.04797,511.96283,-182.65741,64.416046,504.8924,-179.511,326.78134,527.0167,-198.34877,55.379242,521.9239,-200.62213,318.75674,527.341,-203.95776,66.67394,526.25195,-198.11252,314.38898,521.75323,-183.54738,74.79591,520.2786,-177.98904,222.72092,406.57626,0.46176037,181.64449,413.0162,-0.618657,241.03339,410.05795,262.2691,180.15419,423.5594,273.89023,219.14287,395.79614,588.0981,188.16881,399.3693,598.2955,213.12857,389.76953,624.47986,192.49792,393.1345,634.93494,214.11945,417.8753,657.0539,185.15747,419.73657,661.3571
Screenshot 2023-02-19 231728.png,214.15286,358.64758,-361.48264,217.12076,350.38943,-373.8395,220.89531,348.266,-374.01172,224.59352,346.03693,-374.0727,205.71567,354.76917,-376.09457,201.9546,355.4748,-376.2337,198.29465,356.19113,-376.32462,230.23178,333.51965,-358.60025,190.96434,348.9927,-366.5986,220.08241,351.51862,-345.23886,208.53323,356.20193,-348.2545,249.82469,299.15256,-299.62552,156.86029,328.77286,-296.4787,294.73477,310.23083,-269.6048,104.21687,336.08765,-256.53607,297.50607,375.38153,-263.7979,83.2575,382.7189,-246.16208,315.01807,390.79126,-287.6147,72.823006,384.22903,-272.05344,310.1035,393.31238,-288.92615,80.57269,384.60294,-272.97525,289.2517,386.2736,-263.57712,95.22647,388.17184,-246.08215,212.39865,277.53418,1.2176114,172.41515,288.63556,-1.2740979,218.58542,283.04257,218.63483,170.9523,300.73538,201.00902,202.77104,270.23816,443.66992,174.12321,295.1064,427.40387,197.40569,263.53265,470.7725,174.52142,286.39508,455.7003,208.54893,293.68765,516.0286,184.89674,327.29218,502.77243
Screenshot 2023-02-19 231747.png,219.37038,345.11383,-269.1051,227.78098,330.89896,-279.4497,232.2668,328.86633,-279.56525,241.38438,331.20813,-279.50256,212.51775,336.51907,-279.5626,208.4858,333.77203,-279.8147,203.70377,328.12344,-279.9277,250.34264,315.15686,-255.83255,193.95741,312.1424,-255.37611,230.22023,336.56604,-250.52437,215.07848,337.03653,-251.59293,283.98203,292.3389,-197.83972,157.97429,299.0835,-196.411,337.45032,330.93372,-153.5162,97.67471,335.76132,-157.75647,332.30807,412.56976,-154.43385,110.30817,416.65836,-162.47404,342.31863,426.69208,-165.88715,100.16985,430.54565,-178.75249,325.49533,428.11682,-178.42506,115.517815,431.03894,-187.62506,319.0077,424.5334,-158.34166,121.89359,426.98343,-166.31085,252.35712,340.05603,1.0934603,184.86256,341.33243,-1.4319476,245.01416,363.7385,162.66867,184.92297,354.79306,133.54552,238.81467,351.6584,315.4413,189.4769,353.74414,292.1329,235.26273,345.49893,332.13342,189.90149,341.41943,311.16,226.0471,370.23868,322.9944,189.77844,365.4376,307.35092
Screenshot 2023-02-19 231823.png,212.13481,506.57904,-502.39615,217.11726,498.07922,-513.6339,221.30528,495.81485,-513.7186,224.35736,493.35754,-513.718,204.91788,498.69623,-513.4507,201.54527,497.19394,-513.633,197.84735,494.56595,-513.8188,229.9961,479.15994,-467.09378,187.35138,479.2916,-465.00208,218.96259,503.098,-473.28836,204.74881,503.19357,-473.21164,248.31926,458.52448,-360.68658,163.31091,470.7024,-354.35464,303.53717,467.42105,-280.55048,94.912636,475.13083,-268.26495,295.30856,535.8107,-239.58664,105.03116,535.8471,-227.16328,306.08865,540.1238,-251.73026,97.60743,544.2854,-243.0562,297.56854,544.5908,-269.01697,109.150764,544.29565,-258.96323,289.6538,544.10077,-244.23413,113.50412,541.38086,-231.80885,230.12762,487.6619,-2.5562668,176.57497,492.36942,2.5344458,222.77434,502.37213,262.1757,180.84923,496.8883,276.04465,206.27107,478.04428,569.05347,176.8506,479.28998,566.0969,204.46762,469.2574,603.1322,176.72621,474.55542,599.4141,199.7422,490.11768,608.4798,173.31192,485.85565,605.5183
