IMG_4724.JPG,1262.5734,1857.8013,-1700.8711,1289.0321,1875.6724,-1707.769,1295.1127,1877.3484,-1709.057,1276.6417,1901.9102,-1709.363,1269.7205,1847.6898,-1767.853,1270.2628,1825.8937,-1768.9688,1266.8699,1819.7792,-1769.5294,1327.6687,1879.7561,-1463.3821,1326.4581,1775.7965,-1722.0656,1253.2543,1814.4037,-1568.8353,1245.7256,1777.2192,-1650.5203,1422.3142,1912.798,-1121.9894,1194.5815,1474.9149,-1409.8043,1417.4203,2154.8157,-858.48694,920.73376,1371.7874,-1285.6743,1240.0525,2324.789,-945.25305,670.21075,1445.4144,-1258.3685,1172.0531,2363.3315,-1001.0675,603.208,1447.9341,-1348.9008,1157.607,2312.3872,-1096.808,622.7768,1483.9376,-1421.6946,1171.7543,2288.4836,-984.14545,651.304,1491.607,-1288.4396,889.0491,1735.209,115.48996,830.8555,1525.2695,-116.59505,545.6333,1784.3906,456.5486,462.53687,1639.8961,-40.645,645.32983,1631.0089,1566.376,523.6671,1481.535,1330.9283,679.2894,1601.9868,1686.2085,495.85632,1425.3593,1489.5292,533.1603,1555.8741,1765.5201,382.94714,1407.8928,1629.7618
IMG_4725 copy 10.png,1504.7604,1662.0786,-292.74442,1534.6932,1662.0669,-245.12047,1537.6211,1664.6835,-245.90393,1540.5511,1667.9222,-245.96336,1533.041,1640.4413,-289.5278,1536.5325,1627.7284,-290.36197,1540.4506,1613.9569,-290.65652,1543.1786,1637.7332,18.480112,1546.2922,1562.8246,-178.40308,1480.5609,1658.1558,-183.99173,1479.7633,1632.7991,-247.01373,1427.8713,1704.103,135.2724,1331.2977,1427.666,-124.15794,1359.0359,1855.7141,-84.52613,1086.6528,1471.7452,-132.13792,1378.2865,1942.921,-686.1697,883.666,1550.2203,-210.21732,1386.8047,1986.3998,-797.8056,814.784,1568.9546,-263.04474,1385.3215,1961.6426,-838.5595,825.17145,1587.9811,-324.45676,1374.6257,1942.0159,-719.05255,849.4989,1589.5095,-236.50423,982.8125,1796.2952,98.71087,935.06915,1642.5773,-99.55443,708.11584,1963.4454,-139.3059,673.87726,1893.2773,-430.7658,430.73215,1843.4043,359.4359,398.1106,1779.5533,42.138584,424.34793,1792.2969,401.407,396.66388,1738.293,89.34449,263.66882,1830.4702,236.3223,227.13223,1792.1938,-66.89555
IMG_4725 copy 11.png,1504.7604,1662.0786,-292.74442,1534.6932,1662.0669,-245.12047,1537.6211,1664.6835,-245.90393,1540.5511,1667.9222,-245.96336,1533.041,1640.4413,-289.5278,1536.5325,1627.7284,-290.36197,1540.4506,1613.9569,-290.65652,1543.1786,1637.7332,18.480112,1546.2922,1562.8246,-178.40308,1480.5609,1658.1558,-183.99173,1479.7633,1632.7991,-247.01373,1427.8713,1704.103,135.2724,1331.2977,1427.666,-124.15794,1359.0359,1855.7141,-84.52613,1086.6528,1471.7452,-132.13792,1378.2865,1942.921,-686.1697,883.666,1550.2203,-210.21732,1386.8047,1986.3998,-797.8056,814.784,1568.9546,-263.04474,1385.3215,1961.6426,-838.5595,825.17145,1587.9811,-324.45676,1374.6257,1942.0159,-719.05255,849.4989,1589.5095,-236.50423,982.8125,1796.2952,98.71087,935.06915,1642.5773,-99.55443,708.11584,1963.4454,-139.3059,673.87726,1893.2773,-430.7658,430.73215,1843.4043,359.4359,398.1106,1779.5533,42.138584,424.34793,1792.2969,401.407,396.66388,1738.293,89.34449,263.66882,1830.4702,236.3223,227.13223,1792.1938,-66.89555
IMG_4725 copy 12.png,1504.7604,1662.0786,-292.74442,1534.6932,1662.0669,-245.12047,1537.6211,1664.6835,-245.90393,1540.5511,1667.9222,-245.96336,1533.041,1640.4413,-289.5278,1536.5325,1627.7284,-290.36197,1540.4506,1613.9569,-290.65652,1543.1786,1637.7332,18.480112,1546.2922,1562.8246,-178.40308,1480.5609,1658.1558,-183.99173,1479.7633,1632.7991,-247.01373,1427.8713,1704.103,135.2724,1331.2977,1427.666,-124.15794,1359.0359,1855.7141,-84.52613,1086.6528,1471.7452,-132.13792,1378.2865,1942.921,-686.1697,883.666,1550.2203,-210.21732,1386.8047,1986.3998,-797.8056,814.784,1568.9546,-263.04474,1385.3215,1961.6426,-838.5595,825.17145,1587.9811,-324.45676,1374.6257,1942.0159,-719.05255,849.4989,1589.5095,-236.50423,982.8125,1796.2952,98.71087,935.06915,1642.5773,-99.55443,708.11584,1963.4454,-139.3059,673.87726,1893.2773,-430.7658,430.73215,1843.4043,359.4359,398.1106,1779.5533,42.138584,424.34793,1792.2969,401.407,396.66388,1738.293,89.34449,263.66882,1830.4702,236.3223,227.13223,1792.1938,-66.89555
IMG_4725 copy 13.png,1504.7604,1662.0786,-292.74442,1534.6932,1662.0669,-245.12047,1537.6211,1664.6835,-245.90393,1540.5511,1667.9222,-245.96336,1533.041,1640.4413,-289.5278,1536.5325,1627.7284,-290.36197,1540.4506,1613.9569,-290.65652,1543.1786,1637.7332,18.480112,1546.2922,1562.8246,-178.40308,1480.5609,1658.1558,-183.99173,1479.7633,1632.7991,-247.01373,1427.8713,1704.103,135.2724,1331.2977,1427.666,-124.15794,1359.0359,1855.7141,-84.52613,1086.6528,1471.7452,-132.13792,1378.2865,1942.921,-686.1697,883.666,1550.2203,-210.21732,1386.8047,1986.3998,-797.8056,814.784,1568.9546,-263.04474,1385.3215,1961.6426,-838.5595,825.17145,1587.9811,-324.45676,1374.6257,1942.0159,-719.05255,849.4989,1589.5095,-236.50423,982.8125,1796.2952,98.71087,935.06915,1642.5773,-99.55443,708.11584,1963.4454,-139.3059,673.87726,1893.2773,-430.7658,430.73215,1843.4043,359.4359,398.1106,1779.5533,42.138584,424.34793,1792.2969,401.407,396.66388,1738.293,89.34449,263.66882,1830.4702,236.3223,227.13223,1792.1938,-66.89555
IMG_4725 copy 14.png,1504.7604,1662.0786,-292.74442,1534.6932,1662.0669,-245.12047,1537.6211,1664.6835,-245.90393,1540.5511,1667.9222,-245.96336,1533.041,1640.4413,-289.5278,1536.5325,1627.7284,-290.36197,1540.4506,1613.9569,-290.65652,1543.1786,1637.7332,18.480112,1546.2922,1562.8246,-178.40308,1480.5609,1658.1558,-183.99173,1479.7633,1632.7991,-247.01373,1427.8713,1704.103,135.2724,1331.2977,1427.666,-124.15794,1359.0359,1855.7141,-84.52613,1086.6528,1471.7452,-132.13792,1378.2865,1942.921,-686.1697,883.666,1550.2203,-210.21732,1386.8047,1986.3998,-797.8056,814.784,1568.9546,-263.04474,1385.3215,1961.6426,-838.5595,825.17145,1587.9811,-324.45676,1374.6257,1942.0159,-719.05255,849.4989,1589.5095,-236.50423,982.8125,1796.2952,98.71087,935.06915,1642.5773,-99.55443,708.11584,1963.4454,-139.3059,673.87726,1893.2773,-430.7658,430.73215,1843.4043,359.4359,398.1106,1779.5533,42.138584,424.34793,1792.2969,401.407,396.66388,1738.293,89.34449,263.66882,1830.4702,236.3223,227.13223,1792.1938,-66.89555
IMG_4725 copy 15.png,1504.7604,1662.0786,-292.74442,1534.6932,1662.0669,-245.12047,1537.6211,1664.6835,-245.90393,1540.5511,1667.9222,-245.96336,1533.041,1640.4413,-289.5278,1536.5325,1627.7284,-290.36197,1540.4506,1613.9569,-290.65652,1543.1786,1637.7332,18.480112,1546.2922,1562.8246,-178.40308,1480.5609,1658.1558,-183.99173,1479.7633,1632.7991,-247.01373,1427.8713,1704.103,135.2724,1331.2977,1427.666,-124.15794,1359.0359,1855.7141,-84.52613,1086.6528,1471.7452,-132.13792,1378.2865,1942.921,-686.1697,883.666,1550.2203,-210.21732,1386.8047,1986.3998,-797.8056,814.784,1568.9546,-263.04474,1385.3215,1961.6426,-838.5595,825.17145,1587.9811,-324.45676,1374.6257,1942.0159,-719.05255,849.4989,1589.5095,-236.50423,982.8125,1796.2952,98.71087,935.06915,1642.5773,-99.55443,708.11584,1963.4454,-139.3059,673.87726,1893.2773,-430.7658,430.73215,1843.4043,359.4359,398.1106,1779.5533,42.138584,424.34793,1792.2969,401.407,396.66388,1738.293,89.34449,263.66882,1830.4702,236.3223,227.13223,1792.1938,-66.89555
IMG_4725 copy 2.png,1504.7604,1662.0786,-292.74442,1534.6932,1662.0669,-245.12047,1537.6211,1664.6835,-245.90393,1540.5511,1667.9222,-245.96336,1533.041,1640.4413,-289.5278,1536.5325,1627.7284,-290.36197,1540.4506,1613.9569,-290.65652,1543.1786,1637.7332,18.480112,1546.2922,1562.8246,-178.40308,1480.5609,1658.1558,-183.99173,1479.7633,1632.7991,-247.01373,1427.8713,1704.103,135.2724,1331.2977,1427.666,-124.15794,1359.0359,1855.7141,-84.52613,1086.6528,1471.7452,-132.13792,1378.2865,1942.921,-686.1697,883.666,1550.2203,-210.21732,1386.8047,1986.3998,-797.8056,814.784,1568.9546,-263.04474,1385.3215,1961.6426,-838.5595,825.17145,1587.9811,-324.45676,1374.6257,1942.0159,-719.05255,849.4989,1589.5095,-236.50423,982.8125,1796.2952,98.71087,935.06915,1642.5773,-99.55443,708.11584,1963.4454,-139.3059,673.87726,1893.2773,-430.7658,430.73215,1843.4043,359.4359,398.1106,1779.5533,42.138584,424.34793,1792.2969,401.407,396.66388,1738.293,89.34449,263.66882,1830.4702,236.3223,227.13223,1792.1938,-66.89555
IMG_4725 copy 3.png,1504.7604,1662.0786,-292.74442,1534.6932,1662.0669,-245.12047,1537.6211,1664.6835,-245.90393,1540.5511,1667.9222,-245.96336,1533.041,1640.4413,-289.5278,1536.5325,1627.7284,-290.36197,1540.4506,1613.9569,-290.65652,1543.1786,1637.7332,18.480112,1546.2922,1562.8246,-178.40308,1480.5609,1658.1558,-183.99173,1479.7633,1632.7991,-247.01373,1427.8713,1704.103,135.2724,1331.2977,1427.666,-124.15794,1359.0359,1855.7141,-84.52613,1086.6528,1471.7452,-132.13792,1378.2865,1942.921,-686.1697,883.666,1550.2203,-210.21732,1386.8047,1986.3998,-797.8056,814.784,1568.9546,-263.04474,1385.3215,1961.6426,-838.5595,825.17145,1587.9811,-324.45676,1374.6257,1942.0159,-719.05255,849.4989,1589.5095,-236.50423,982.8125,1796.2952,98.71087,935.06915,1642.5773,-99.55443,708.11584,1963.4454,-139.3059,673.87726,1893.2773,-430.7658,430.73215,1843.4043,359.4359,398.1106,1779.5533,42.138584,424.34793,1792.2969,401.407,396.66388,1738.293,89.34449,263.66882,1830.4702,236.3223,227.13223,1792.1938,-66.89555
IMG_4725 copy 4.png,1504.7604,1662.0786,-292.74442,1534.6932,1662.0669,-245.12047,1537.6211,1664.6835,-245.90393,1540.5511,1667.9222,-245.96336,1533.041,1640.4413,-289.5278,1536.5325,1627.7284,-290.36197,1540.4506,1613.9569,-290.65652,1543.1786,1637.7332,18.480112,1546.2922,1562.8246,-178.40308,1480.5609,1658.1558,-183.99173,1479.7633,1632.7991,-247.01373,1427.8713,1704.103,135.2724,1331.2977,1427.666,-124.15794,1359.0359,1855.7141,-84.52613,1086.6528,1471.7452,-132.13792,1378.2865,1942.921,-686.1697,883.666,1550.2203,-210.21732,1386.8047,1986.3998,-797.8056,814.784,1568.9546,-263.04474,1385.3215,1961.6426,-838.5595,825.17145,1587.9811,-324.45676,1374.6257,1942.0159,-719.05255,849.4989,1589.5095,-236.50423,982.8125,1796.2952,98.71087,935.06915,1642.5773,-99.55443,708.11584,1963.4454,-139.3059,673.87726,1893.2773,-430.7658,430.73215,1843.4043,359.4359,398.1106,1779.5533,42.138584,424.34793,1792.2969,401.407,396.66388,1738.293,89.34449,263.66882,1830.4702,236.3223,227.13223,1792.1938,-66.89555
IMG_4725 copy 5.png,1504.7604,1662.0786,-292.74442,1534.6932,1662.0669,-245.12047,1537.6211,1664.6835,-245.90393,1540.5511,1667.9222,-245.96336,1533.041,1640.4413,-289.5278,1536.5325,1627.7284,-290.36197,1540.4506,1613.9569,-290.65652,1543.1786,1637.7332,18.480112,1546.2922,1562.8246,-178.40308,1480.5609,1658.1558,-183.99173,1479.7633,1632.7991,-247.01373,1427.8713,1704.103,135.2724,1331.2977,1427.666,-124.15794,1359.0359,1855.7141,-84.52613,1086.6528,1471.7452,-132.13792,1378.2865,1942.921,-686.1697,883.666,1550.2203,-210.21732,1386.8047,1986.3998,-797.8056,814.784,1568.9546,-263.04474,1385.3215,1961.6426,-838.5595,825.17145,1587.9811,-324.45676,1374.6257,1942.0159,-719.05255,849.4989,1589.5095,-236.50423,982.8125,1796.2952,98.71087,935.06915,1642.5773,-99.55443,708.11584,1963.4454,-139.3059,673.87726,1893.2773,-430.7658,430.73215,1843.4043,359.4359,398.1106,1779.5533,42.138584,424.34793,1792.2969,401.407,396.66388,1738.293,89.34449,263.66882,1830.4702,236.3223,227.13223,1792.1938,-66.89555
IMG_4725 copy 6.png,1504.7604,1662.0786,-292.74442,1534.6932,1662.0669,-245.12047,1537.6211,1664.6835,-245.90393,1540.5511,1667.9222,-245.96336,1533.041,1640.4413,-289.5278,1536.5325,1627.7284,-290.36197,1540.4506,1613.9569,-290.65652,1543.1786,1637.7332,18.480112,1546.2922,1562.8246,-178.40308,1480.5609,1658.1558,-183.99173,1479.7633,1632.7991,-247.01373,1427.8713,1704.103,135.2724,1331.2977,1427.666,-124.15794,1359.0359,1855.7141,-84.52613,1086.6528,1471.7452,-132.13792,1378.2865,1942.921,-686.1697,883.666,1550.2203,-210.21732,1386.8047,1986.3998,-797.8056,814.784,1568.9546,-263.04474,1385.3215,1961.6426,-838.5595,825.17145,1587.9811,-324.45676,1374.6257,1942.0159,-719.05255,849.4989,1589.5095,-236.50423,982.8125,1796.2952,98.71087,935.06915,1642.5773,-99.55443,708.11584,1963.4454,-139.3059,673.87726,1893.2773,-430.7658,430.73215,1843.4043,359.4359,398.1106,1779.5533,42.138584,424.34793,1792.2969,401.407,396.66388,1738.293,89.34449,263.66882,1830.4702,236.3223,227.13223,1792.1938,-66.89555
IMG_4725 copy 7.png,1504.7604,1662.0786,-292.74442,1534.6932,1662.0669,-245.12047,1537.6211,1664.6835,-245.90393,1540.5511,1667.9222,-245.96336,1533.041,1640.4413,-289.5278,1536.5325,1627.7284,-290.36197,1540.4506,1613.9569,-290.65652,1543.1786,1637.7332,18.480112,1546.2922,1562.8246,-178.40308,1480.5609,1658.1558,-183.99173,1479.7633,1632.7991,-247.01373,1427.8713,1704.103,135.2724,1331.2977,1427.666,-124.15794,1359.0359,1855.7141,-84.52613,1086.6528,1471.7452,-132.13792,1378.2865,1942.921,-686.1697,883.666,1550.2203,-210.21732,1386.8047,1986.3998,-797.8056,814.784,1568.9546,-263.04474,1385.3215,1961.6426,-838.5595,825.17145,1587.9811,-324.45676,1374.6257,1942.0159,-719.05255,849.4989,1589.5095,-236.50423,982.8125,1796.2952,98.71087,935.06915,1642.5773,-99.55443,708.11584,1963.4454,-139.3059,673.87726,1893.2773,-430.7658,430.73215,1843.4043,359.4359,398.1106,1779.5533,42.138584,424.34793,1792.2969,401.407,396.66388,1738.293,89.34449,263.66882,1830.4702,236.3223,227.13223,1792.1938,-66.89555
IMG_4725 copy 8.png,1504.7604,1662.0786,-292.74442,1534.6932,1662.0669,-245.12047,1537.6211,1664.6835,-245.90393,1540.5511,1667.9222,-245.96336,1533.041,1640.4413,-289.5278,1536.5325,1627.7284,-290.36197,1540.4506,1613.9569,-290.65652,1543.1786,1637.7332,18.480112,1546.2922,1562.8246,-178.40308,1480.5609,1658.1558,-183.99173,1479.7633,1632.7991,-247.01373,1427.8713,1704.103,135.2724,1331.2977,1427.666,-124.15794,1359.0359,1855.7141,-84.52613,1086.6528,1471.7452,-132.13792,1378.2865,1942.921,-686.1697,883.666,1550.2203,-210.21732,1386.8047,1986.3998,-797.8056,814.784,1568.9546,-263.04474,1385.3215,1961.6426,-838.5595,825.17145,1587.9811,-324.45676,1374.6257,1942.0159,-719.05255,849.4989,1589.5095,-236.50423,982.8125,1796.2952,98.71087,935.06915,1642.5773,-99.55443,708.11584,1963.4454,-139.3059,673.87726,1893.2773,-430.7658,430.73215,1843.4043,359.4359,398.1106,1779.5533,42.138584,424.34793,1792.2969,401.407,396.66388,1738.293,89.34449,263.66882,1830.4702,236.3223,227.13223,1792.1938,-66.89555
IMG_4725 copy 9.png,1504.7604,1662.0786,-292.74442,1534.6932,1662.0669,-245.12047,1537.6211,1664.6835,-245.90393,1540.5511,1667.9222,-245.96336,1533.041,1640.4413,-289.5278,1536.5325,1627.7284,-290.36197,1540.4506,1613.9569,-290.65652,1543.1786,1637.7332,18.480112,1546.2922,1562.8246,-178.40308,1480.5609,1658.1558,-183.99173,1479.7633,1632.7991,-247.01373,1427.8713,1704.103,135.2724,1331.2977,1427.666,-124.15794,1359.0359,1855.7141,-84.52613,1086.6528,1471.7452,-132.13792,1378.2865,1942.921,-686.1697,883.666,1550.2203,-210.21732,1386.8047,1986.3998,-797.8056,814.784,1568.9546,-263.04474,1385.3215,1961.6426,-838.5595,825.17145,1587.9811,-324.45676,1374.6257,1942.0159,-719.05255,849.4989,1589.5095,-236.50423,982.8125,1796.2952,98.71087,935.06915,1642.5773,-99.55443,708.11584,1963.4454,-139.3059,673.87726,1893.2773,-430.7658,430.73215,1843.4043,359.4359,398.1106,1779.5533,42.138584,424.34793,1792.2969,401.407,396.66388,1738.293,89.34449,263.66882,1830.4702,236.3223,227.13223,1792.1938,-66.89555
IMG_4725 copy.png,1504.7604,1662.0786,-292.74442,1534.6932,1662.0669,-245.12047,1537.6211,1664.6835,-245.90393,1540.5511,1667.9222,-245.96336,1533.041,1640.4413,-289.5278,1536.5325,1627.7284,-290.36197,1540.4506,1613.9569,-290.65652,1543.1786,1637.7332,18.480112,1546.2922,1562.8246,-178.40308,1480.5609,1658.1558,-183.99173,1479.7633,1632.7991,-247.01373,1427.8713,1704.103,135.2724,1331.2977,1427.666,-124.15794,1359.0359,1855.7141,-84.52613,1086.6528,1471.7452,-132.13792,1378.2865,1942.921,-686.1697,883.666,1550.2203,-210.21732,1386.8047,1986.3998,-797.8056,814.784,1568.9546,-263.04474,1385.3215,1961.6426,-838.5595,825.17145,1587.9811,-324.45676,1374.6257,1942.0159,-719.05255,849.4989,1589.5095,-236.50423,982.8125,1796.2952,98.71087,935.06915,1642.5773,-99.55443,708.11584,1963.4454,-139.3059,673.87726,1893.2773,-430.7658,430.73215,1843.4043,359.4359,398.1106,1779.5533,42.138584,424.34793,1792.2969,401.407,396.66388,1738.293,89.34449,263.66882,1830.4702,236.3223,227.13223,1792.1938,-66.89555
IMG_4725.png,1504.7604,1662.0786,-292.74442,1534.6932,1662.0669,-245.12047,1537.6211,1664.6835,-245.90393,1540.5511,1667.9222,-245.96336,1533.041,1640.4413,-289.5278,1536.5325,1627.7284,-290.36197,1540.4506,1613.9569,-290.65652,1543.1786,1637.7332,18.480112,1546.2922,1562.8246,-178.40308,1480.5609,1658.1558,-183.99173,1479.7633,1632.7991,-247.01373,1427.8713,1704.103,135.2724,1331.2977,1427.666,-124.15794,1359.0359,1855.7141,-84.52613,1086.6528,1471.7452,-132.13792,1378.2865,1942.921,-686.1697,883.666,1550.2203,-210.21732,1386.8047,1986.3998,-797.8056,814.784,1568.9546,-263.04474,1385.3215,1961.6426,-838.5595,825.17145,1587.9811,-324.45676,1374.6257,1942.0159,-719.05255,849.4989,1589.5095,-236.50423,982.8125,1796.2952,98.71087,935.06915,1642.5773,-99.55443,708.11584,1963.4454,-139.3059,673.87726,1893.2773,-430.7658,430.73215,1843.4043,359.4359,398.1106,1779.5533,42.138584,424.34793,1792.2969,401.407,396.66388,1738.293,89.34449,263.66882,1830.4702,236.3223,227.13223,1792.1938,-66.89555
IMG_4726.JPG,1542.3032,1170.3666,520.3968,1571.4092,1148.0774,596.8111,1569.3871,1143.1982,596.28546,1567.8129,1138.6558,596.25183,1572.4734,1141.4839,464.31946,1571.1056,1131.1733,463.15228,1569.7451,1120.4089,463.09067,1552.084,1083.5424,940.69867,1547.8494,1058.0721,329.89886,1500.2999,1161.9277,664.48126,1502.8907,1152.6136,482.19525,1375.4388,1147.0427,1292.0585,1346.0446,1002.1527,-0.3833016,1315.9335,1405.3811,1638.3772,1086.6571,1149.9552,-496.4947,1559.7627,1497.1333,1567.0336,992.9464,1439.4628,-911.25696,1606.959,1524.0884,1576.4862,939.3476,1508.4966,-1054.1415,1625.4631,1520.099,1487.0334,995.5256,1538.056,-1042.4169,1603.6154,1508.2833,1522.1434,1010.63965,1521.2115,-914.5576,976.0968,1525.6423,414.1043,933.29004,1431.258,-415.3476,863.6392,1975.0026,2.3308249,802.3754,1937.3667,-860.78986,305.98874,1949.6764,-116.9487,248.53383,1924.948,-1163.8605,196.55905,1916.7454,-138.5562,126.81278,1880.5615,-1192.6057,264.61792,2181.7285,-327.6507,207.65363,2182.2478,-1458.0173
IMG_4727 copy 10.png,1603.2035,1437.9637,84.20607,1628.8892,1424.5503,127.65149,1627.2627,1425.2084,126.99609,1625.9817,1426.2279,126.801544,1629.5901,1407.9525,65.70486,1627.7069,1395.6111,64.698204,1625.8353,1383.1652,64.483215,1609.8994,1389.114,353.4555,1604.7317,1335.8721,65.04497,1565.5552,1436.507,178.78416,1565.3478,1413.453,89.652756,1447.5425,1500.1908,497.13034,1401.5819,1272.4628,39.72519,1343.3923,1706.934,692.6544,1172.8247,1388.1371,-155.43114,1518.2207,1772.1869,670.106,1013.2684,1565.8549,-377.94727,1559.3685,1799.2697,674.58856,955.7419,1616.1836,-432.27972,1578.3989,1793.0433,607.1923,988.1661,1641.058,-459.13824,1562.943,1779.7192,640.887,1011.24133,1631.8721,-394.1526,1160.1992,1740.7167,143.98616,1092.0485,1628.9543,-144.98119,995.3999,2059.9158,-70.902916,963.52277,1987.7227,-498.53516,553.3663,2062.7854,104.5815,522.05383,2025.3025,-493.56738,505.22134,1991.3175,112.59741,479.2329,1963.8724,-491.96115,354.66568,2142.7996,-23.548334,328.20825,2126.7236,-647.64636
IMG_4727 copy 11.png,1603.2035,1437.9637,84.20607,1628.8892,1424.5503,127.65149,1627.2627,1425.2084,126.99609,1625.9817,1426.2279,126.801544,1629.5901,1407.9525,65.70486,1627.7069,1395.6111,64.698204,1625.8353,1383.1652,64.483215,1609.8994,1389.114,353.4555,1604.7317,1335.8721,65.04497,1565.5552,1436.507,178.78416,1565.3478,1413.453,89.652756,1447.5425,1500.1908,497.13034,1401.5819,1272.4628,39.72519,1343.3923,1706.934,692.6544,1172.8247,1388.1371,-155.43114,1518.2207,1772.1869,670.106,1013.2684,1565.8549,-377.94727,1559.3685,1799.2697,674.58856,955.7419,1616.1836,-432.27972,1578.3989,1793.0433,607.1923,988.1661,1641.058,-459.13824,1562.943,1779.7192,640.887,1011.24133,1631.8721,-394.1526,1160.1992,1740.7167,143.98616,1092.0485,1628.9543,-144.98119,995.3999,2059.9158,-70.902916,963.52277,1987.7227,-498.53516,553.3663,2062.7854,104.5815,522.05383,2025.3025,-493.56738,505.22134,1991.3175,112.59741,479.2329,1963.8724,-491.96115,354.66568,2142.7996,-23.548334,328.20825,2126.7236,-647.64636
IMG_4727 copy 12.png,1603.2035,1437.9637,84.20607,1628.8892,1424.5503,127.65149,1627.2627,1425.2084,126.99609,1625.9817,1426.2279,126.801544,1629.5901,1407.9525,65.70486,1627.7069,1395.6111,64.698204,1625.8353,1383.1652,64.483215,1609.8994,1389.114,353.4555,1604.7317,1335.8721,65.04497,1565.5552,1436.507,178.78416,1565.3478,1413.453,89.652756,1447.5425,1500.1908,497.13034,1401.5819,1272.4628,39.72519,1343.3923,1706.934,692.6544,1172.8247,1388.1371,-155.43114,1518.2207,1772.1869,670.106,1013.2684,1565.8549,-377.94727,1559.3685,1799.2697,674.58856,955.7419,1616.1836,-432.27972,1578.3989,1793.0433,607.1923,988.1661,1641.058,-459.13824,1562.943,1779.7192,640.887,1011.24133,1631.8721,-394.1526,1160.1992,1740.7167,143.98616,1092.0485,1628.9543,-144.98119,995.3999,2059.9158,-70.902916,963.52277,1987.7227,-498.53516,553.3663,2062.7854,104.5815,522.05383,2025.3025,-493.56738,505.22134,1991.3175,112.59741,479.2329,1963.8724,-491.96115,354.66568,2142.7996,-23.548334,328.20825,2126.7236,-647.64636
IMG_4727 copy 13.png,1603.2035,1437.9637,84.20607,1628.8892,1424.5503,127.65149,1627.2627,1425.2084,126.99609,1625.9817,1426.2279,126.801544,1629.5901,1407.9525,65.70486,1627.7069,1395.6111,64.698204,1625.8353,1383.1652,64.483215,1609.8994,1389.114,353.4555,1604.7317,1335.8721,65.04497,1565.5552,1436.507,178.78416,1565.3478,1413.453,89.652756,1447.5425,1500.1908,497.13034,1401.5819,1272.4628,39.72519,1343.3923,1706.934,692.6544,1172.8247,1388.1371,-155.43114,1518.2207,1772.1869,670.106,1013.2684,1565.8549,-377.94727,1559.3685,1799.2697,674.58856,955.7419,1616.1836,-432.27972,1578.3989,1793.0433,607.1923,988.1661,1641.058,-459.13824,1562.943,1779.7192,640.887,1011.24133,1631.8721,-394.1526,1160.1992,1740.7167,143.98616,1092.0485,1628.9543,-144.98119,995.3999,2059.9158,-70.902916,963.52277,1987.7227,-498.53516,553.3663,2062.7854,104.5815,522.05383,2025.3025,-493.56738,505.22134,1991.3175,112.59741,479.2329,1963.8724,-491.96115,354.66568,2142.7996,-23.548334,328.20825,2126.7236,-647.64636
IMG_4727 copy 14.png,1603.2035,1437.9637,84.20607,1628.8892,1424.5503,127.65149,1627.2627,1425.2084,126.99609,1625.9817,1426.2279,126.801544,1629.5901,1407.9525,65.70486,1627.7069,1395.6111,64.698204,1625.8353,1383.1652,64.483215,1609.8994,1389.114,353.4555,1604.7317,1335.8721,65.04497,1565.5552,1436.507,178.78416,1565.3478,1413.453,89.652756,1447.5425,1500.1908,497.13034,1401.5819,1272.4628,39.72519,1343.3923,1706.934,692.6544,1172.8247,1388.1371,-155.43114,1518.2207,1772.1869,670.106,1013.2684,1565.8549,-377.94727,1559.3685,1799.2697,674.58856,955.7419,1616.1836,-432.27972,1578.3989,1793.0433,607.1923,988.1661,1641.058,-459.13824,1562.943,1779.7192,640.887,1011.24133,1631.8721,-394.1526,1160.1992,1740.7167,143.98616,1092.0485,1628.9543,-144.98119,995.3999,2059.9158,-70.902916,963.52277,1987.7227,-498.53516,553.3663,2062.7854,104.5815,522.05383,2025.3025,-493.56738,505.22134,1991.3175,112.59741,479.2329,1963.8724,-491.96115,354.66568,2142.7996,-23.548334,328.20825,2126.7236,-647.64636
IMG_4727 copy 15.png,1603.2035,1437.9637,84.20607,1628.8892,1424.5503,127.65149,1627.2627,1425.2084,126.99609,1625.9817,1426.2279,126.801544,1629.5901,1407.9525,65.70486,1627.7069,1395.6111,64.698204,1625.8353,1383.1652,64.483215,1609.8994,1389.114,353.4555,1604.7317,1335.8721,65.04497,1565.5552,1436.507,178.78416,1565.3478,1413.453,89.652756,1447.5425,1500.1908,497.13034,1401.5819,1272.4628,39.72519,1343.3923,1706.934,692.6544,1172.8247,1388.1371,-155.43114,1518.2207,1772.1869,670.106,1013.2684,1565.8549,-377.94727,1559.3685,1799.2697,674.58856,955.7419,1616.1836,-432.27972,1578.3989,1793.0433,607.1923,988.1661,1641.058,-459.13824,1562.943,1779.7192,640.887,1011.24133,1631.8721,-394.1526,1160.1992,1740.7167,143.98616,1092.0485,1628.9543,-144.98119,995.3999,2059.9158,-70.902916,963.52277,1987.7227,-498.53516,553.3663,2062.7854,104.5815,522.05383,2025.3025,-493.56738,505.22134,1991.3175,112.59741,479.2329,1963.8724,-491.96115,354.66568,2142.7996,-23.548334,328.20825,2126.7236,-647.64636
IMG_4727 copy 16.png,1603.2035,1437.9637,84.20607,1628.8892,1424.5503,127.65149,1627.2627,1425.2084,126.99609,1625.9817,1426.2279,126.801544,1629.5901,1407.9525,65.70486,1627.7069,1395.6111,64.698204,1625.8353,1383.1652,64.483215,1609.8994,1389.114,353.4555,1604.7317,1335.8721,65.04497,1565.5552,1436.507,178.78416,1565.3478,1413.453,89.652756,1447.5425,1500.1908,497.13034,1401.5819,1272.4628,39.72519,1343.3923,1706.934,692.6544,1172.8247,1388.1371,-155.43114,1518.2207,1772.1869,670.106,1013.2684,1565.8549,-377.94727,1559.3685,1799.2697,674.58856,955.7419,1616.1836,-432.27972,1578.3989,1793.0433,607.1923,988.1661,1641.058,-459.13824,1562.943,1779.7192,640.887,1011.24133,1631.8721,-394.1526,1160.1992,1740.7167,143.98616,1092.0485,1628.9543,-144.98119,995.3999,2059.9158,-70.902916,963.52277,1987.7227,-498.53516,553.3663,2062.7854,104.5815,522.05383,2025.3025,-493.56738,505.22134,1991.3175,112.59741,479.2329,1963.8724,-491.96115,354.66568,2142.7996,-23.548334,328.20825,2126.7236,-647.64636
IMG_4727 copy 17.png,1603.2035,1437.9637,84.20607,1628.8892,1424.5503,127.65149,1627.2627,1425.2084,126.99609,1625.9817,1426.2279,126.801544,1629.5901,1407.9525,65.70486,1627.7069,1395.6111,64.698204,1625.8353,1383.1652,64.483215,1609.8994,1389.114,353.4555,1604.7317,1335.8721,65.04497,1565.5552,1436.507,178.78416,1565.3478,1413.453,89.652756,1447.5425,1500.1908,497.13034,1401.5819,1272.4628,39.72519,1343.3923,1706.934,692.6544,1172.8247,1388.1371,-155.43114,1518.2207,1772.1869,670.106,1013.2684,1565.8549,-377.94727,1559.3685,1799.2697,674.58856,955.7419,1616.1836,-432.27972,1578.3989,1793.0433,607.1923,988.1661,1641.058,-459.13824,1562.943,1779.7192,640.887,1011.24133,1631.8721,-394.1526,1160.1992,1740.7167,143.98616,1092.0485,1628.9543,-144.98119,995.3999,2059.9158,-70.902916,963.52277,1987.7227,-498.53516,553.3663,2062.7854,104.5815,522.05383,2025.3025,-493.56738,505.22134,1991.3175,112.59741,479.2329,1963.8724,-491.96115,354.66568,2142.7996,-23.548334,328.20825,2126.7236,-647.64636
IMG_4727 copy 18.png,1603.2035,1437.9637,84.20607,1628.8892,1424.5503,127.65149,1627.2627,1425.2084,126.99609,1625.9817,1426.2279,126.801544,1629.5901,1407.9525,65.70486,1627.7069,1395.6111,64.698204,1625.8353,1383.1652,64.483215,1609.8994,1389.114,353.4555,1604.7317,1335.8721,65.04497,1565.5552,1436.507,178.78416,1565.3478,1413.453,89.652756,1447.5425,1500.1908,497.13034,1401.5819,1272.4628,39.72519,1343.3923,1706.934,692.6544,1172.8247,1388.1371,-155.43114,1518.2207,1772.1869,670.106,1013.2684,1565.8549,-377.94727,1559.3685,1799.2697,674.58856,955.7419,1616.1836,-432.27972,1578.3989,1793.0433,607.1923,988.1661,1641.058,-459.13824,1562.943,1779.7192,640.887,1011.24133,1631.8721,-394.1526,1160.1992,1740.7167,143.98616,1092.0485,1628.9543,-144.98119,995.3999,2059.9158,-70.902916,963.52277,1987.7227,-498.53516,553.3663,2062.7854,104.5815,522.05383,2025.3025,-493.56738,505.22134,1991.3175,112.59741,479.2329,1963.8724,-491.96115,354.66568,2142.7996,-23.548334,328.20825,2126.7236,-647.64636
IMG_4727 copy 19.png,1603.2035,1437.9637,84.20607,1628.8892,1424.5503,127.65149,1627.2627,1425.2084,126.99609,1625.9817,1426.2279,126.801544,1629.5901,1407.9525,65.70486,1627.7069,1395.6111,64.698204,1625.8353,1383.1652,64.483215,1609.8994,1389.114,353.4555,1604.7317,1335.8721,65.04497,1565.5552,1436.507,178.78416,1565.3478,1413.453,89.652756,1447.5425,1500.1908,497.13034,1401.5819,1272.4628,39.72519,1343.3923,1706.934,692.6544,1172.8247,1388.1371,-155.43114,1518.2207,1772.1869,670.106,1013.2684,1565.8549,-377.94727,1559.3685,1799.2697,674.58856,955.7419,1616.1836,-432.27972,1578.3989,1793.0433,607.1923,988.1661,1641.058,-459.13824,1562.943,1779.7192,640.887,1011.24133,1631.8721,-394.1526,1160.1992,1740.7167,143.98616,1092.0485,1628.9543,-144.98119,995.3999,2059.9158,-70.902916,963.52277,1987.7227,-498.53516,553.3663,2062.7854,104.5815,522.05383,2025.3025,-493.56738,505.22134,1991.3175,112.59741,479.2329,1963.8724,-491.96115,354.66568,2142.7996,-23.548334,328.20825,2126.7236,-647.64636
IMG_4727 copy 2.png,1603.2035,1437.9637,84.20607,1628.8892,1424.5503,127.65149,1627.2627,1425.2084,126.99609,1625.9817,1426.2279,126.801544,1629.5901,1407.9525,65.70486,1627.7069,1395.6111,64.698204,1625.8353,1383.1652,64.483215,1609.8994,1389.114,353.4555,1604.7317,1335.8721,65.04497,1565.5552,1436.507,178.78416,1565.3478,1413.453,89.652756,1447.5425,1500.1908,497.13034,1401.5819,1272.4628,39.72519,1343.3923,1706.934,692.6544,1172.8247,1388.1371,-155.43114,1518.2207,1772.1869,670.106,1013.2684,1565.8549,-377.94727,1559.3685,1799.2697,674.58856,955.7419,1616.1836,-432.27972,1578.3989,1793.0433,607.1923,988.1661,1641.058,-459.13824,1562.943,1779.7192,640.887,1011.24133,1631.8721,-394.1526,1160.1992,1740.7167,143.98616,1092.0485,1628.9543,-144.98119,995.3999,2059.9158,-70.902916,963.52277,1987.7227,-498.53516,553.3663,2062.7854,104.5815,522.05383,2025.3025,-493.56738,505.22134,1991.3175,112.59741,479.2329,1963.8724,-491.96115,354.66568,2142.7996,-23.548334,328.20825,2126.7236,-647.64636
IMG_4727 copy 20.png,1603.2035,1437.9637,84.20607,1628.8892,1424.5503,127.65149,1627.2627,1425.2084,126.99609,1625.9817,1426.2279,126.801544,1629.5901,1407.9525,65.70486,1627.7069,1395.6111,64.698204,1625.8353,1383.1652,64.483215,1609.8994,1389.114,353.4555,1604.7317,1335.8721,65.04497,1565.5552,1436.507,178.78416,1565.3478,1413.453,89.652756,1447.5425,1500.1908,497.13034,1401.5819,1272.4628,39.72519,1343.3923,1706.934,692.6544,1172.8247,1388.1371,-155.43114,1518.2207,1772.1869,670.106,1013.2684,1565.8549,-377.94727,1559.3685,1799.2697,674.58856,955.7419,1616.1836,-432.27972,1578.3989,1793.0433,607.1923,988.1661,1641.058,-459.13824,1562.943,1779.7192,640.887,1011.24133,1631.8721,-394.1526,1160.1992,1740.7167,143.98616,1092.0485,1628.9543,-144.98119,995.3999,2059.9158,-70.902916,963.52277,1987.7227,-498.53516,553.3663,2062.7854,104.5815,522.05383,2025.3025,-493.56738,505.22134,1991.3175,112.59741,479.2329,1963.8724,-491.96115,354.66568,2142.7996,-23.548334,328.20825,2126.7236,-647.64636
IMG_4727 copy 3.png,1603.2035,1437.9637,84.20607,1628.8892,1424.5503,127.65149,1627.2627,1425.2084,126.99609,1625.9817,1426.2279,126.801544,1629.5901,1407.9525,65.70486,1627.7069,1395.6111,64.698204,1625.8353,1383.1652,64.483215,1609.8994,1389.114,353.4555,1604.7317,1335.8721,65.04497,1565.5552,1436.507,178.78416,1565.3478,1413.453,89.652756,1447.5425,1500.1908,497.13034,1401.5819,1272.4628,39.72519,1343.3923,1706.934,692.6544,1172.8247,1388.1371,-155.43114,1518.2207,1772.1869,670.106,1013.2684,1565.8549,-377.94727,1559.3685,1799.2697,674.58856,955.7419,1616.1836,-432.27972,1578.3989,1793.0433,607.1923,988.1661,1641.058,-459.13824,1562.943,1779.7192,640.887,1011.24133,1631.8721,-394.1526,1160.1992,1740.7167,143.98616,1092.0485,1628.9543,-144.98119,995.3999,2059.9158,-70.902916,963.52277,1987.7227,-498.53516,553.3663,2062.7854,104.5815,522.05383,2025.3025,-493.56738,505.22134,1991.3175,112.59741,479.2329,1963.8724,-491.96115,354.66568,2142.7996,-23.548334,328.20825,2126.7236,-647.64636
IMG_4727 copy 4.png,1603.2035,1437.9637,84.20607,1628.8892,1424.5503,127.65149,1627.2627,1425.2084,126.99609,1625.9817,1426.2279,126.801544,1629.5901,1407.9525,65.70486,1627.7069,1395.6111,64.698204,1625.8353,1383.1652,64.483215,1609.8994,1389.114,353.4555,1604.7317,1335.8721,65.04497,1565.5552,1436.507,178.78416,1565.3478,1413.453,89.652756,1447.5425,1500.1908,497.13034,1401.5819,1272.4628,39.72519,1343.3923,1706.934,692.6544,1172.8247,1388.1371,-155.43114,1518.2207,1772.1869,670.106,1013.2684,1565.8549,-377.94727,1559.3685,1799.2697,674.58856,955.7419,1616.1836,-432.27972,1578.3989,1793.0433,607.1923,988.1661,1641.058,-459.13824,1562.943,1779.7192,640.887,1011.24133,1631.8721,-394.1526,1160.1992,1740.7167,143.98616,1092.0485,1628.9543,-144.98119,995.3999,2059.9158,-70.902916,963.52277,1987.7227,-498.53516,553.3663,2062.7854,104.5815,522.05383,2025.3025,-493.56738,505.22134,1991.3175,112.59741,479.2329,1963.8724,-491.96115,354.66568,2142.7996,-23.548334,328.20825,2126.7236,-647.64636
IMG_4727 copy 5.png,1603.2035,1437.9637,84.20607,1628.8892,1424.5503,127.65149,1627.2627,1425.2084,126.99609,1625.9817,1426.2279,126.801544,1629.5901,1407.9525,65.70486,1627.7069,1395.6111,64.698204,1625.8353,1383.1652,64.483215,1609.8994,1389.114,353.4555,1604.7317,1335.8721,65.04497,1565.5552,1436.507,178.78416,1565.3478,1413.453,89.652756,1447.5425,1500.1908,497.13034,1401.5819,1272.4628,39.72519,1343.3923,1706.934,692.6544,1172.8247,1388.1371,-155.43114,1518.2207,1772.1869,670.106,1013.2684,1565.8549,-377.94727,1559.3685,1799.2697,674.58856,955.7419,1616.1836,-432.27972,1578.3989,1793.0433,607.1923,988.1661,1641.058,-459.13824,1562.943,1779.7192,640.887,1011.24133,1631.8721,-394.1526,1160.1992,1740.7167,143.98616,1092.0485,1628.9543,-144.98119,995.3999,2059.9158,-70.902916,963.52277,1987.7227,-498.53516,553.3663,2062.7854,104.5815,522.05383,2025.3025,-493.56738,505.22134,1991.3175,112.59741,479.2329,1963.8724,-491.96115,354.66568,2142.7996,-23.548334,328.20825,2126.7236,-647.64636
IMG_4727 copy 6.png,1603.2035,1437.9637,84.20607,1628.8892,1424.5503,127.65149,1627.2627,1425.2084,126.99609,1625.9817,1426.2279,126.801544,1629.5901,1407.9525,65.70486,1627.7069,1395.6111,64.698204,1625.8353,1383.1652,64.483215,1609.8994,1389.114,353.4555,1604.7317,1335.8721,65.04497,1565.5552,1436.507,178.78416,1565.3478,1413.453,89.652756,1447.5425,1500.1908,497.13034,1401.5819,1272.4628,39.72519,1343.3923,1706.934,692.6544,1172.8247,1388.1371,-155.43114,1518.2207,1772.1869,670.106,1013.2684,1565.8549,-377.94727,1559.3685,1799.2697,674.58856,955.7419,1616.1836,-432.27972,1578.3989,1793.0433,607.1923,988.1661,1641.058,-459.13824,1562.943,1779.7192,640.887,1011.24133,1631.8721,-394.1526,1160.1992,1740.7167,143.98616,1092.0485,1628.9543,-144.98119,995.3999,2059.9158,-70.902916,963.52277,1987.7227,-498.53516,553.3663,2062.7854,104.5815,522.05383,2025.3025,-493.56738,505.22134,1991.3175,112.59741,479.2329,1963.8724,-491.96115,354.66568,2142.7996,-23.548334,328.20825,2126.7236,-647.64636
IMG_4727 copy 7.png,1603.2035,1437.9637,84.20607,1628.8892,1424.5503,127.65149,1627.2627,1425.2084,126.99609,1625.9817,1426.2279,126.801544,1629.5901,1407.9525,65.70486,1627.7069,1395.6111,64.698204,1625.8353,1383.1652,64.483215,1609.8994,1389.114,353.4555,1604.7317,1335.8721,65.04497,1565.5552,1436.507,178.78416,1565.3478,1413.453,89.652756,1447.5425,1500.1908,497.13034,1401.5819,1272.4628,39.72519,1343.3923,1706.934,692.6544,1172.8247,1388.1371,-155.43114,1518.2207,1772.1869,670.106,1013.2684,1565.8549,-377.94727,1559.3685,1799.2697,674.58856,955.7419,1616.1836,-432.27972,1578.3989,1793.0433,607.1923,988.1661,1641.058,-459.13824,1562.943,1779.7192,640.887,1011.24133,1631.8721,-394.1526,1160.1992,1740.7167,143.98616,1092.0485,1628.9543,-144.98119,995.3999,2059.9158,-70.902916,963.52277,1987.7227,-498.53516,553.3663,2062.7854,104.5815,522.05383,2025.3025,-493.56738,505.22134,1991.3175,112.59741,479.2329,1963.8724,-491.96115,354.66568,2142.7996,-23.548334,328.20825,2126.7236,-647.64636
IMG_4727 copy 8.png,1603.2035,1437.9637,84.20607,1628.8892,1424.5503,127.65149,1627.2627,1425.2084,126.99609,1625.9817,1426.2279,126.801544,1629.5901,1407.9525,65.70486,1627.7069,1395.6111,64.698204,1625.8353,1383.1652,64.483215,1609.8994,1389.114,353.4555,1604.7317,1335.8721,65.04497,1565.5552,1436.507,178.78416,1565.3478,1413.453,89.652756,1447.5425,1500.1908,497.13034,1401.5819,1272.4628,39.72519,1343.3923,1706.934,692.6544,1172.8247,1388.1371,-155.43114,1518.2207,1772.1869,670.106,1013.2684,1565.8549,-377.94727,1559.3685,1799.2697,674.58856,955.7419,1616.1836,-432.27972,1578.3989,1793.0433,607.1923,988.1661,1641.058,-459.13824,1562.943,1779.7192,640.887,1011.24133,1631.8721,-394.1526,1160.1992,1740.7167,143.98616,1092.0485,1628.9543,-144.98119,995.3999,2059.9158,-70.902916,963.52277,1987.7227,-498.53516,553.3663,2062.7854,104.5815,522.05383,2025.3025,-493.56738,505.22134,1991.3175,112.59741,479.2329,1963.8724,-491.96115,354.66568,2142.7996,-23.548334,328.20825,2126.7236,-647.64636
IMG_4727 copy 9.png,1603.2035,1437.9637,84.20607,1628.8892,1424.5503,127.65149,1627.2627,1425.2084,126.99609,1625.9817,1426.2279,126.801544,1629.5901,1407.9525,65.70486,1627.7069,1395.6111,64.698204,1625.8353,1383.1652,64.483215,1609.8994,1389.114,353.4555,1604.7317,1335.8721,65.04497,1565.5552,1436.507,178.78416,1565.3478,1413.453,89.652756,1447.5425,1500.1908,497.13034,1401.5819,1272.4628,39.72519,1343.3923,1706.934,692.6544,1172.8247,1388.1371,-155.43114,1518.2207,1772.1869,670.106,1013.2684,1565.8549,-377.94727,1559.3685,1799.2697,674.58856,955.7419,1616.1836,-432.27972,1578.3989,1793.0433,607.1923,988.1661,1641.058,-459.13824,1562.943,1779.7192,640.887,1011.24133,1631.8721,-394.1526,1160.1992,1740.7167,143.98616,1092.0485,1628.9543,-144.98119,995.3999,2059.9158,-70.902916,963.52277,1987.7227,-498.53516,553.3663,2062.7854,104.5815,522.05383,2025.3025,-493.56738,505.22134,1991.3175,112.59741,479.2329,1963.8724,-491.96115,354.66568,2142.7996,-23.548334,328.20825,2126.7236,-647.64636
IMG_4727 copy.png,1603.2035,1437.9637,84.20607,1628.8892,1424.5503,127.65149,1627.2627,1425.2084,126.99609,1625.9817,1426.2279,126.801544,1629.5901,1407.9525,65.70486,1627.7069,1395.6111,64.698204,1625.8353,1383.1652,64.483215,1609.8994,1389.114,353.4555,1604.7317,1335.8721,65.04497,1565.5552,1436.507,178.78416,1565.3478,1413.453,89.652756,1447.5425,1500.1908,497.13034,1401.5819,1272.4628,39.72519,1343.3923,1706.934,692.6544,1172.8247,1388.1371,-155.43114,1518.2207,1772.1869,670.106,1013.2684,1565.8549,-377.94727,1559.3685,1799.2697,674.58856,955.7419,1616.1836,-432.27972,1578.3989,1793.0433,607.1923,988.1661,1641.058,-459.13824,1562.943,1779.7192,640.887,1011.24133,1631.8721,-394.1526,1160.1992,1740.7167,143.98616,1092.0485,1628.9543,-144.98119,995.3999,2059.9158,-70.902916,963.52277,1987.7227,-498.53516,553.3663,2062.7854,104.5815,522.05383,2025.3025,-493.56738,505.22134,1991.3175,112.59741,479.2329,1963.8724,-491.96115,354.66568,2142.7996,-23.548334,328.20825,2126.7236,-647.64636
IMG_4727.png,1603.2035,1437.9637,84.20607,1628.8892,1424.5503,127.65149,1627.2627,1425.2084,126.99609,1625.9817,1426.2279,126.801544,1629.5901,1407.9525,65.70486,1627.7069,1395.6111,64.698204,1625.8353,1383.1652,64.483215,1609.8994,1389.114,353.4555,1604.7317,1335.8721,65.04497,1565.5552,1436.507,178.78416,1565.3478,1413.453,89.652756,1447.5425,1500.1908,497.13034,1401.5819,1272.4628,39.72519,1343.3923,1706.934,692.6544,1172.8247,1388.1371,-155.43114,1518.2207,1772.1869,670.106,1013.2684,1565.8549,-377.94727,1559.3685,1799.2697,674.58856,955.7419,1616.1836,-432.27972,1578.3989,1793.0433,607.1923,988.1661,1641.058,-459.13824,1562.943,1779.7192,640.887,1011.24133,1631.8721,-394.1526,1160.1992,1740.7167,143.98616,1092.0485,1628.9543,-144.98119,995.3999,2059.9158,-70.902916,963.52277,1987.7227,-498.53516,553.3663,2062.7854,104.5815,522.05383,2025.3025,-493.56738,505.22134,1991.3175,112.59741,479.2329,1963.8724,-491.96115,354.66568,2142.7996,-23.548334,328.20825,2126.7236,-647.64636
IMG_4728.png,693.772,1079.4736,1192.9095,664.0194,1069.6827,1177.2726,653.2415,1078.3057,1177.1376,642.7107,1086.5253,1177.0836,690.85626,1042.9636,1145.6027,699.56146,1034.2532,1144.6545,707.60205,1026.4343,1145.023,626.16547,1104.7969,1087.7482,717.7229,1021.795,940.5588,689.3178,1110.6874,1174.9177,711.7692,1082.1923,1128.5355,593.9455,1270.4977,971.68353,799.0538,998.71826,519.9213,573.08984,1483.9956,746.18384,949.2201,1173.7894,218.00229,722.00287,1413.4926,598.63214,1146.0859,1389.9574,243.39046,749.4558,1437.939,583.42035,1208.3228,1443.0929,213.91554,778.78827,1394.4419,576.0007,1196.1401,1463.3317,235.11084,775.42957,1393.1833,590.85394,1164.1772,1446.2052,249.89053,857.89185,1572.6865,164.68973,986.08466,1442.2461,-166.55069,1172.9156,1826.7764,-275.40195,1346.2151,1753.3782,-438.9944,1297.2106,2025.1802,-1067.3567,1313.1222,2050.0337,-1375.7472,1292.2474,2115.6865,-1156.0114,1248.9943,2108.222,-1471.3247,1363.2991,2142.4014,-1305.8228,1505.7295,2147.6553,-1646.6265
IMG_4729.JPG,782.9002,891.8873,1284.584,741.22516,884.7584,1310.6147,734.21,891.3196,1310.24,726.9499,898.32715,1310.4327,751.2326,866.119,1243.7217,750.86383,859.98627,1242.5026,749.268,853.8751,1242.6279,709.0245,909.8681,1363.5873,737.848,849.1555,1054.4486,783.74176,922.9376,1316.025,793.1383,898.60095,1221.2344,679.5192,1079.2113,1318.083,809.41473,853.2443,507.84558,710.5615,1438.9286,1147.5228,933.8029,1131.6317,-144.88554,940.6583,1448.5947,1008.6015,1148.9283,1384.1659,-485.878,988.2991,1467.312,1010.01526,1183.8507,1463.8906,-614.3672,972.9994,1464.4426,977.01013,1236.6206,1446.7522,-534.8357,981.993,1453.1167,992.21765,1229.0396,1429.7404,-466.4549,939.00146,1545.6451,268.5763,989.5757,1424.9434,-270.64197,1417.5555,1800.8583,-47.86547,1492.5905,1738.732,-677.70404,1452.8795,2326.8547,-787.74945,1548.7394,2183.394,-1647.9452,1441.8301,2403.2559,-873.29224,1449.9374,2315.1538,-1740.2019,1611.9967,2413.9197,-1091.6014,1713.7815,2363.8562,-1978.1456
IMG_4730.png,413.2917,1444.4172,228.16751,387.062,1444.0293,141.81207,383.1157,1451.8478,141.23137,379.76434,1458.9993,141.31677,397.27344,1417.9286,148.56438,401.15793,1407.8396,147.5541,405.47256,1398.1302,147.12166,386.37262,1465.5674,-117.246735,424.10794,1388.6876,-87.34754,430.41965,1466.3612,164.50807,442.03607,1439.0323,168.53297,464.33737,1620.605,-137.22372,607.0683,1327.0267,-207.24576,429.1051,1830.6019,86.12187,880.94025,1415.014,-240.75642,469.20068,1741.1947,441.8128,1072.9344,1520.4471,-201.46204,500.3842,1747.5287,479.26376,1129.483,1541.683,-221.86153,513.89075,1715.9037,434.13556,1122.0724,1558.3683,-258.97583,515.81177,1710.0719,435.14264,1099.65,1557.807,-217.401,941.6033,1757.0333,43.264187,1010.2371,1609.2799,-44.198376,1239.7161,1805.4036,464.569,1297.5757,1698.0695,352.10794,1524.7145,1900.3058,701.52454,1549.85,1839.068,532.35345,1561.9177,1932.5781,719.6911,1581.7012,1887.2349,549.16754,1608.4698,1913.486,694.37103,1665.7397,1842.6135,488.86743
IMG_4731.png,317.0413,1669.6901,-159.48045,287.44293,1691.3966,-256.7433,290.49997,1702.6042,-257.4391,293.4277,1714.2595,-257.3047,279.722,1654.4758,-250.19832,278.25156,1639.1897,-251.42923,278.0238,1623.4836,-252.02501,320.78574,1729.6687,-524.3917,304.54575,1577.8868,-495.37012,365.03806,1679.6428,-221.47177,356.112,1639.0007,-218.16199,545.8489,1836.325,-504.39322,596.3992,1362.7078,-531.3605,641.9296,2108.9607,-218.04001,907.7281,1353.7202,-362.6159,431.22995,1945.9292,131.53883,1108.6202,1392.3065,-175.3219,378.4284,1943.2451,126.09021,1137.9417,1391.0156,-215.05666,383.2291,1901.3915,50.02712,1131.7039,1405.1965,-288.52725,410.43283,1891.9114,107.21947,1118.7792,1407.82,-205.67009,1063.3981,1687.0607,13.702493,1077.8857,1505.8647,-14.708023,1217.9587,1613.499,824.6916,1238.5979,1497.7028,782.5524,1513.8878,1593.9266,1449.7087,1539.1571,1467.1,1445.887,1577.867,1586.222,1509.8766,1599.1238,1473.5397,1514.5847,1563.3105,1555.4307,1546.1014,1584.7135,1483.6807,1546.8229
IMG_4743.JPG,1485.5065,1655.7065,-2131.6494,1533.6412,1655.7308,-2109.7334,1547.407,1661.1394,-2110.984,1559.492,1665.8713,-2111.1855,1505.8221,1620.4323,-2182.9734,1500.3118,1600.7332,-2184.1765,1495.9265,1581.3406,-2184.7803,1601.1683,1635.0162,-1716.1765,1528.5232,1503.6903,-2025.7286,1481.3064,1653.6505,-1943.3031,1458.7279,1618.1046,-2039.8926,1601.5753,1729.7278,-1241.0538,1333.8555,1257.732,-1625.4951,1618.5754,2003.2537,-918.17096,1050.4944,1271.3192,-1409.0312,1443.5983,2175.7717,-1000.0277,766.5577,1280.5444,-1257.9417,1387.4182,2248.1765,-1038.4978,690.3863,1269.7421,-1329.4373,1359.129,2206.2,-1164.6488,684.3943,1284.9236,-1431.9985,1369.9783,2172.709,-1048.8362,708.9632,1298.1519,-1294.9304,1012.24316,1668.119,97.1195,959.29974,1435.3881,-97.82573,523.5563,1641.746,192.97661,460.67117,1490.927,-362.22318,784.1342,1459.798,1445.1675,711.0951,1242.7566,1071.3987,790.04083,1416.2697,1582.225,756.4303,1246.834,1243.0496,670.68054,1325.391,1753.9991,603.1953,1177.1415,1511.7026
IMG_4744.png,1481.7699,1583.845,-148.69127,1517.3732,1582.0792,-128.01779,1523.1604,1588.6431,-128.63382,1528.5033,1593.7316,-128.7824,1505.4264,1554.4661,-153.4424,1501.7955,1541.0239,-154.20312,1497.6163,1525.2152,-154.42351,1532.3467,1574.0217,56.412434,1491.7959,1480.29,-48.03715,1459.0192,1595.1499,-62.710022,1447.3768,1563.1995,-98.15685,1470.646,1665.9436,143.89082,1341.9988,1403.0398,10.013339,1489.4896,1855.7094,-33.547096,1088.2886,1463.5212,107.86474,1482.9521,1958.9015,-507.58813,874.50824,1528.2712,157.0516,1465.2432,1998.5483,-595.3396,815.63336,1562.232,137.8495,1448.1042,1970.3767,-625.0851,822.39276,1578.2501,70.17095,1443.462,1948.5283,-531.50574,844.7789,1572.2026,131.83061,1020.2117,1781.3679,53.044662,966.36847,1616.3306,-53.947678,645.5919,1916.7528,-111.5251,621.74725,1844.0839,-289.478,558.68866,1744.3224,561.8703,553.3312,1694.0853,483.75177,573.36774,1703.524,634.3891,569.0872,1648.2579,574.3403,420.1084,1713.7831,624.6111,418.22055,1693.4462,621.5792
IMG_4745.png,1772.0145,1394.6948,22.854525,1809.3568,1356.3704,82.31926,1810.9098,1354.1261,81.237854,1812.9027,1352.7695,80.808525,1802.2218,1341.8569,-12.565983,1798.0828,1327.5286,-13.783805,1792.5139,1310.8777,-14.304625,1768.8955,1302.1853,338.01852,1740.8707,1236.8066,-89.90263,1722.6781,1395.2524,129.65112,1715.4376,1379.7511,-1.2063878,1563.1621,1475.7827,520.26794,1406.4708,1195.6948,-234.63106,1580.526,1690.5902,942.2029,1006.9005,1339.2078,-353.0061,1686.2809,1882.4922,1105.017,675.67114,1487.8715,-441.82596,1735.0758,1937.139,1148.7924,571.8711,1537.9423,-508.6837,1734.5883,1932.9562,1034.1078,592.729,1571.6473,-575.9794,1705.435,1914.6963,1059.124,628.2683,1569.0953,-471.30264,973.861,1778.7585,212.91103,865.84076,1590.2184,-213.92294,434.87256,2032.1084,217.01451,354.253,1926.1279,-632.99445,278.5351,1761.6235,1056.6427,192.98207,1664.9342,450.6219,303.72864,1695.3779,1140.133,198.73064,1589.7118,576.28845,119.498314,1743.4327,1164.016,50.686203,1695.4253,661.2598
IMG_4746 copy 10.png,1391.3623,1504.6571,231.9763,1417.8145,1492.9645,285.1925,1421.8674,1497.9454,284.70792,1425.3043,1502.5032,284.59082,1410.6499,1476.1328,230.83778,1405.4318,1465.8894,230.09148,1401.8711,1456.7488,229.86266,1405.3019,1475.175,522.62164,1376.2748,1407.9973,273.0089,1365.23,1516.2113,326.5339,1352.5117,1491.4176,249.938,1316.0637,1579.2078,638.25555,1205.7552,1374.0956,196.4227,1296.1766,1740.7191,659.68005,1031.119,1494.252,88.800476,1406.2538,1817.8356,403.67456,854.47894,1625.7258,-0.3926098,1438.3723,1851.3463,378.78418,810.1517,1683.1378,-39.26935,1442.9917,1841.7019,333.37833,828.9828,1692.364,-62.409344,1426.7202,1826.1415,376.67148,848.0704,1678.8962,-11.5059395,1031.6345,1822.786,140.40077,947.3398,1697.5813,-141.24016,773.92255,2076.551,100.583305,715.1518,2004.7161,-380.95508,558.55786,1916.3068,507.88535,509.23453,1866.1926,106.80498,555.04974,1867.3574,546.33954,502.42917,1824.6259,163.62918,433.03824,1946.7521,493.47647,345.3981,1902.3661,140.61635
IMG_4746 copy 11.png,1391.3623,1504.6571,231.9763,1417.8145,1492.9645,285.1925,1421.8674,1497.9454,284.70792,1425.3043,1502.5032,284.59082,1410.6499,1476.1328,230.83778,1405.4318,1465.8894,230.09148,1401.8711,1456.7488,229.86266,1405.3019,1475.175,522.62164,1376.2748,1407.9973,273.0089,1365.23,1516.2113,326.5339,1352.5117,1491.4176,249.938,1316.0637,1579.2078,638.25555,1205.7552,1374.0956,196.4227,1296.1766,1740.7191,659.68005,1031.119,1494.252,88.800476,1406.2538,1817.8356,403.67456,854.47894,1625.7258,-0.3926098,1438.3723,1851.3463,378.78418,810.1517,1683.1378,-39.26935,1442.9917,1841.7019,333.37833,828.9828,1692.364,-62.409344,1426.7202,1826.1415,376.67148,848.0704,1678.8962,-11.5059395,1031.6345,1822.786,140.40077,947.3398,1697.5813,-141.24016,773.92255,2076.551,100.583305,715.1518,2004.7161,-380.95508,558.55786,1916.3068,507.88535,509.23453,1866.1926,106.80498,555.04974,1867.3574,546.33954,502.42917,1824.6259,163.62918,433.03824,1946.7521,493.47647,345.3981,1902.3661,140.61635
IMG_4746 copy 12.png,1391.3623,1504.6571,231.9763,1417.8145,1492.9645,285.1925,1421.8674,1497.9454,284.70792,1425.3043,1502.5032,284.59082,1410.6499,1476.1328,230.83778,1405.4318,1465.8894,230.09148,1401.8711,1456.7488,229.86266,1405.3019,1475.175,522.62164,1376.2748,1407.9973,273.0089,1365.23,1516.2113,326.5339,1352.5117,1491.4176,249.938,1316.0637,1579.2078,638.25555,1205.7552,1374.0956,196.4227,1296.1766,1740.7191,659.68005,1031.119,1494.252,88.800476,1406.2538,1817.8356,403.67456,854.47894,1625.7258,-0.3926098,1438.3723,1851.3463,378.78418,810.1517,1683.1378,-39.26935,1442.9917,1841.7019,333.37833,828.9828,1692.364,-62.409344,1426.7202,1826.1415,376.67148,848.0704,1678.8962,-11.5059395,1031.6345,1822.786,140.40077,947.3398,1697.5813,-141.24016,773.92255,2076.551,100.583305,715.1518,2004.7161,-380.95508,558.55786,1916.3068,507.88535,509.23453,1866.1926,106.80498,555.04974,1867.3574,546.33954,502.42917,1824.6259,163.62918,433.03824,1946.7521,493.47647,345.3981,1902.3661,140.61635
IMG_4746 copy 13.png,1391.3623,1504.6571,231.9763,1417.8145,1492.9645,285.1925,1421.8674,1497.9454,284.70792,1425.3043,1502.5032,284.59082,1410.6499,1476.1328,230.83778,1405.4318,1465.8894,230.09148,1401.8711,1456.7488,229.86266,1405.3019,1475.175,522.62164,1376.2748,1407.9973,273.0089,1365.23,1516.2113,326.5339,1352.5117,1491.4176,249.938,1316.0637,1579.2078,638.25555,1205.7552,1374.0956,196.4227,1296.1766,1740.7191,659.68005,1031.119,1494.252,88.800476,1406.2538,1817.8356,403.67456,854.47894,1625.7258,-0.3926098,1438.3723,1851.3463,378.78418,810.1517,1683.1378,-39.26935,1442.9917,1841.7019,333.37833,828.9828,1692.364,-62.409344,1426.7202,1826.1415,376.67148,848.0704,1678.8962,-11.5059395,1031.6345,1822.786,140.40077,947.3398,1697.5813,-141.24016,773.92255,2076.551,100.583305,715.1518,2004.7161,-380.95508,558.55786,1916.3068,507.88535,509.23453,1866.1926,106.80498,555.04974,1867.3574,546.33954,502.42917,1824.6259,163.62918,433.03824,1946.7521,493.47647,345.3981,1902.3661,140.61635
IMG_4746 copy 14.png,1391.3623,1504.6571,231.9763,1417.8145,1492.9645,285.1925,1421.8674,1497.9454,284.70792,1425.3043,1502.5032,284.59082,1410.6499,1476.1328,230.83778,1405.4318,1465.8894,230.09148,1401.8711,1456.7488,229.86266,1405.3019,1475.175,522.62164,1376.2748,1407.9973,273.0089,1365.23,1516.2113,326.5339,1352.5117,1491.4176,249.938,1316.0637,1579.2078,638.25555,1205.7552,1374.0956,196.4227,1296.1766,1740.7191,659.68005,1031.119,1494.252,88.800476,1406.2538,1817.8356,403.67456,854.47894,1625.7258,-0.3926098,1438.3723,1851.3463,378.78418,810.1517,1683.1378,-39.26935,1442.9917,1841.7019,333.37833,828.9828,1692.364,-62.409344,1426.7202,1826.1415,376.67148,848.0704,1678.8962,-11.5059395,1031.6345,1822.786,140.40077,947.3398,1697.5813,-141.24016,773.92255,2076.551,100.583305,715.1518,2004.7161,-380.95508,558.55786,1916.3068,507.88535,509.23453,1866.1926,106.80498,555.04974,1867.3574,546.33954,502.42917,1824.6259,163.62918,433.03824,1946.7521,493.47647,345.3981,1902.3661,140.61635
IMG_4746 copy 15.png,1391.3623,1504.6571,231.9763,1417.8145,1492.9645,285.1925,1421.8674,1497.9454,284.70792,1425.3043,1502.5032,284.59082,1410.6499,1476.1328,230.83778,1405.4318,1465.8894,230.09148,1401.8711,1456.7488,229.86266,1405.3019,1475.175,522.62164,1376.2748,1407.9973,273.0089,1365.23,1516.2113,326.5339,1352.5117,1491.4176,249.938,1316.0637,1579.2078,638.25555,1205.7552,1374.0956,196.4227,1296.1766,1740.7191,659.68005,1031.119,1494.252,88.800476,1406.2538,1817.8356,403.67456,854.47894,1625.7258,-0.3926098,1438.3723,1851.3463,378.78418,810.1517,1683.1378,-39.26935,1442.9917,1841.7019,333.37833,828.9828,1692.364,-62.409344,1426.7202,1826.1415,376.67148,848.0704,1678.8962,-11.5059395,1031.6345,1822.786,140.40077,947.3398,1697.5813,-141.24016,773.92255,2076.551,100.583305,715.1518,2004.7161,-380.95508,558.55786,1916.3068,507.88535,509.23453,1866.1926,106.80498,555.04974,1867.3574,546.33954,502.42917,1824.6259,163.62918,433.03824,1946.7521,493.47647,345.3981,1902.3661,140.61635
IMG_4746 copy 16.png,1391.3623,1504.6571,231.9763,1417.8145,1492.9645,285.1925,1421.8674,1497.9454,284.70792,1425.3043,1502.5032,284.59082,1410.6499,1476.1328,230.83778,1405.4318,1465.8894,230.09148,1401.8711,1456.7488,229.86266,1405.3019,1475.175,522.62164,1376.2748,1407.9973,273.0089,1365.23,1516.2113,326.5339,1352.5117,1491.4176,249.938,1316.0637,1579.2078,638.25555,1205.7552,1374.0956,196.4227,1296.1766,1740.7191,659.68005,1031.119,1494.252,88.800476,1406.2538,1817.8356,403.67456,854.47894,1625.7258,-0.3926098,1438.3723,1851.3463,378.78418,810.1517,1683.1378,-39.26935,1442.9917,1841.7019,333.37833,828.9828,1692.364,-62.409344,1426.7202,1826.1415,376.67148,848.0704,1678.8962,-11.5059395,1031.6345,1822.786,140.40077,947.3398,1697.5813,-141.24016,773.92255,2076.551,100.583305,715.1518,2004.7161,-380.95508,558.55786,1916.3068,507.88535,509.23453,1866.1926,106.80498,555.04974,1867.3574,546.33954,502.42917,1824.6259,163.62918,433.03824,1946.7521,493.47647,345.3981,1902.3661,140.61635
IMG_4746 copy 17.png,1391.3623,1504.6571,231.9763,1417.8145,1492.9645,285.1925,1421.8674,1497.9454,284.70792,1425.3043,1502.5032,284.59082,1410.6499,1476.1328,230.83778,1405.4318,1465.8894,230.09148,1401.8711,1456.7488,229.86266,1405.3019,1475.175,522.62164,1376.2748,1407.9973,273.0089,1365.23,1516.2113,326.5339,1352.5117,1491.4176,249.938,1316.0637,1579.2078,638.25555,1205.7552,1374.0956,196.4227,1296.1766,1740.7191,659.68005,1031.119,1494.252,88.800476,1406.2538,1817.8356,403.67456,854.47894,1625.7258,-0.3926098,1438.3723,1851.3463,378.78418,810.1517,1683.1378,-39.26935,1442.9917,1841.7019,333.37833,828.9828,1692.364,-62.409344,1426.7202,1826.1415,376.67148,848.0704,1678.8962,-11.5059395,1031.6345,1822.786,140.40077,947.3398,1697.5813,-141.24016,773.92255,2076.551,100.583305,715.1518,2004.7161,-380.95508,558.55786,1916.3068,507.88535,509.23453,1866.1926,106.80498,555.04974,1867.3574,546.33954,502.42917,1824.6259,163.62918,433.03824,1946.7521,493.47647,345.3981,1902.3661,140.61635
IMG_4746 copy 18.png,1391.3623,1504.6571,231.9763,1417.8145,1492.9645,285.1925,1421.8674,1497.9454,284.70792,1425.3043,1502.5032,284.59082,1410.6499,1476.1328,230.83778,1405.4318,1465.8894,230.09148,1401.8711,1456.7488,229.86266,1405.3019,1475.175,522.62164,1376.2748,1407.9973,273.0089,1365.23,1516.2113,326.5339,1352.5117,1491.4176,249.938,1316.0637,1579.2078,638.25555,1205.7552,1374.0956,196.4227,1296.1766,1740.7191,659.68005,1031.119,1494.252,88.800476,1406.2538,1817.8356,403.67456,854.47894,1625.7258,-0.3926098,1438.3723,1851.3463,378.78418,810.1517,1683.1378,-39.26935,1442.9917,1841.7019,333.37833,828.9828,1692.364,-62.409344,1426.7202,1826.1415,376.67148,848.0704,1678.8962,-11.5059395,1031.6345,1822.786,140.40077,947.3398,1697.5813,-141.24016,773.92255,2076.551,100.583305,715.1518,2004.7161,-380.95508,558.55786,1916.3068,507.88535,509.23453,1866.1926,106.80498,555.04974,1867.3574,546.33954,502.42917,1824.6259,163.62918,433.03824,1946.7521,493.47647,345.3981,1902.3661,140.61635
IMG_4746 copy 19.png,1391.3623,1504.6571,231.9763,1417.8145,1492.9645,285.1925,1421.8674,1497.9454,284.70792,1425.3043,1502.5032,284.59082,1410.6499,1476.1328,230.83778,1405.4318,1465.8894,230.09148,1401.8711,1456.7488,229.86266,1405.3019,1475.175,522.62164,1376.2748,1407.9973,273.0089,1365.23,1516.2113,326.5339,1352.5117,1491.4176,249.938,1316.0637,1579.2078,638.25555,1205.7552,1374.0956,196.4227,1296.1766,1740.7191,659.68005,1031.119,1494.252,88.800476,1406.2538,1817.8356,403.67456,854.47894,1625.7258,-0.3926098,1438.3723,1851.3463,378.78418,810.1517,1683.1378,-39.26935,1442.9917,1841.7019,333.37833,828.9828,1692.364,-62.409344,1426.7202,1826.1415,376.67148,848.0704,1678.8962,-11.5059395,1031.6345,1822.786,140.40077,947.3398,1697.5813,-141.24016,773.92255,2076.551,100.583305,715.1518,2004.7161,-380.95508,558.55786,1916.3068,507.88535,509.23453,1866.1926,106.80498,555.04974,1867.3574,546.33954,502.42917,1824.6259,163.62918,433.03824,1946.7521,493.47647,345.3981,1902.3661,140.61635
IMG_4746 copy 2.png,1391.3623,1504.6571,231.9763,1417.8145,1492.9645,285.1925,1421.8674,1497.9454,284.70792,1425.3043,1502.5032,284.59082,1410.6499,1476.1328,230.83778,1405.4318,1465.8894,230.09148,1401.8711,1456.7488,229.86266,1405.3019,1475.175,522.62164,1376.2748,1407.9973,273.0089,1365.23,1516.2113,326.5339,1352.5117,1491.4176,249.938,1316.0637,1579.2078,638.25555,1205.7552,1374.0956,196.4227,1296.1766,1740.7191,659.68005,1031.119,1494.252,88.800476,1406.2538,1817.8356,403.67456,854.47894,1625.7258,-0.3926098,1438.3723,1851.3463,378.78418,810.1517,1683.1378,-39.26935,1442.9917,1841.7019,333.37833,828.9828,1692.364,-62.409344,1426.7202,1826.1415,376.67148,848.0704,1678.8962,-11.5059395,1031.6345,1822.786,140.40077,947.3398,1697.5813,-141.24016,773.92255,2076.551,100.583305,715.1518,2004.7161,-380.95508,558.55786,1916.3068,507.88535,509.23453,1866.1926,106.80498,555.04974,1867.3574,546.33954,502.42917,1824.6259,163.62918,433.03824,1946.7521,493.47647,345.3981,1902.3661,140.61635
IMG_4746 copy 3.png,1391.3623,1504.6571,231.9763,1417.8145,1492.9645,285.1925,1421.8674,1497.9454,284.70792,1425.3043,1502.5032,284.59082,1410.6499,1476.1328,230.83778,1405.4318,1465.8894,230.09148,1401.8711,1456.7488,229.86266,1405.3019,1475.175,522.62164,1376.2748,1407.9973,273.0089,1365.23,1516.2113,326.5339,1352.5117,1491.4176,249.938,1316.0637,1579.2078,638.25555,1205.7552,1374.0956,196.4227,1296.1766,1740.7191,659.68005,1031.119,1494.252,88.800476,1406.2538,1817.8356,403.67456,854.47894,1625.7258,-0.3926098,1438.3723,1851.3463,378.78418,810.1517,1683.1378,-39.26935,1442.9917,1841.7019,333.37833,828.9828,1692.364,-62.409344,1426.7202,1826.1415,376.67148,848.0704,1678.8962,-11.5059395,1031.6345,1822.786,140.40077,947.3398,1697.5813,-141.24016,773.92255,2076.551,100.583305,715.1518,2004.7161,-380.95508,558.55786,1916.3068,507.88535,509.23453,1866.1926,106.80498,555.04974,1867.3574,546.33954,502.42917,1824.6259,163.62918,433.03824,1946.7521,493.47647,345.3981,1902.3661,140.61635
IMG_4746 copy 4.png,1391.3623,1504.6571,231.9763,1417.8145,1492.9645,285.1925,1421.8674,1497.9454,284.70792,1425.3043,1502.5032,284.59082,1410.6499,1476.1328,230.83778,1405.4318,1465.8894,230.09148,1401.8711,1456.7488,229.86266,1405.3019,1475.175,522.62164,1376.2748,1407.9973,273.0089,1365.23,1516.2113,326.5339,1352.5117,1491.4176,249.938,1316.0637,1579.2078,638.25555,1205.7552,1374.0956,196.4227,1296.1766,1740.7191,659.68005,1031.119,1494.252,88.800476,1406.2538,1817.8356,403.67456,854.47894,1625.7258,-0.3926098,1438.3723,1851.3463,378.78418,810.1517,1683.1378,-39.26935,1442.9917,1841.7019,333.37833,828.9828,1692.364,-62.409344,1426.7202,1826.1415,376.67148,848.0704,1678.8962,-11.5059395,1031.6345,1822.786,140.40077,947.3398,1697.5813,-141.24016,773.92255,2076.551,100.583305,715.1518,2004.7161,-380.95508,558.55786,1916.3068,507.88535,509.23453,1866.1926,106.80498,555.04974,1867.3574,546.33954,502.42917,1824.6259,163.62918,433.03824,1946.7521,493.47647,345.3981,1902.3661,140.61635
IMG_4746 copy 5.png,1391.3623,1504.6571,231.9763,1417.8145,1492.9645,285.1925,1421.8674,1497.9454,284.70792,1425.3043,1502.5032,284.59082,1410.6499,1476.1328,230.83778,1405.4318,1465.8894,230.09148,1401.8711,1456.7488,229.86266,1405.3019,1475.175,522.62164,1376.2748,1407.9973,273.0089,1365.23,1516.2113,326.5339,1352.5117,1491.4176,249.938,1316.0637,1579.2078,638.25555,1205.7552,1374.0956,196.4227,1296.1766,1740.7191,659.68005,1031.119,1494.252,88.800476,1406.2538,1817.8356,403.67456,854.47894,1625.7258,-0.3926098,1438.3723,1851.3463,378.78418,810.1517,1683.1378,-39.26935,1442.9917,1841.7019,333.37833,828.9828,1692.364,-62.409344,1426.7202,1826.1415,376.67148,848.0704,1678.8962,-11.5059395,1031.6345,1822.786,140.40077,947.3398,1697.5813,-141.24016,773.92255,2076.551,100.583305,715.1518,2004.7161,-380.95508,558.55786,1916.3068,507.88535,509.23453,1866.1926,106.80498,555.04974,1867.3574,546.33954,502.42917,1824.6259,163.62918,433.03824,1946.7521,493.47647,345.3981,1902.3661,140.61635
IMG_4746 copy 6.png,1391.3623,1504.6571,231.9763,1417.8145,1492.9645,285.1925,1421.8674,1497.9454,284.70792,1425.3043,1502.5032,284.59082,1410.6499,1476.1328,230.83778,1405.4318,1465.8894,230.09148,1401.8711,1456.7488,229.86266,1405.3019,1475.175,522.62164,1376.2748,1407.9973,273.0089,1365.23,1516.2113,326.5339,1352.5117,1491.4176,249.938,1316.0637,1579.2078,638.25555,1205.7552,1374.0956,196.4227,1296.1766,1740.7191,659.68005,1031.119,1494.252,88.800476,1406.2538,1817.8356,403.67456,854.47894,1625.7258,-0.3926098,1438.3723,1851.3463,378.78418,810.1517,1683.1378,-39.26935,1442.9917,1841.7019,333.37833,828.9828,1692.364,-62.409344,1426.7202,1826.1415,376.67148,848.0704,1678.8962,-11.5059395,1031.6345,1822.786,140.40077,947.3398,1697.5813,-141.24016,773.92255,2076.551,100.583305,715.1518,2004.7161,-380.95508,558.55786,1916.3068,507.88535,509.23453,1866.1926,106.80498,555.04974,1867.3574,546.33954,502.42917,1824.6259,163.62918,433.03824,1946.7521,493.47647,345.3981,1902.3661,140.61635
IMG_4746 copy 7.png,1391.3623,1504.6571,231.9763,1417.8145,1492.9645,285.1925,1421.8674,1497.9454,284.70792,1425.3043,1502.5032,284.59082,1410.6499,1476.1328,230.83778,1405.4318,1465.8894,230.09148,1401.8711,1456.7488,229.86266,1405.3019,1475.175,522.62164,1376.2748,1407.9973,273.0089,1365.23,1516.2113,326.5339,1352.5117,1491.4176,249.938,1316.0637,1579.2078,638.25555,1205.7552,1374.0956,196.4227,1296.1766,1740.7191,659.68005,1031.119,1494.252,88.800476,1406.2538,1817.8356,403.67456,854.47894,1625.7258,-0.3926098,1438.3723,1851.3463,378.78418,810.1517,1683.1378,-39.26935,1442.9917,1841.7019,333.37833,828.9828,1692.364,-62.409344,1426.7202,1826.1415,376.67148,848.0704,1678.8962,-11.5059395,1031.6345,1822.786,140.40077,947.3398,1697.5813,-141.24016,773.92255,2076.551,100.583305,715.1518,2004.7161,-380.95508,558.55786,1916.3068,507.88535,509.23453,1866.1926,106.80498,555.04974,1867.3574,546.33954,502.42917,1824.6259,163.62918,433.03824,1946.7521,493.47647,345.3981,1902.3661,140.61635
IMG_4746 copy 8.png,1391.3623,1504.6571,231.9763,1417.8145,1492.9645,285.1925,1421.8674,1497.9454,284.70792,1425.3043,1502.5032,284.59082,1410.6499,1476.1328,230.83778,1405.4318,1465.8894,230.09148,1401.8711,1456.7488,229.86266,1405.3019,1475.175,522.62164,1376.2748,1407.9973,273.0089,1365.23,1516.2113,326.5339,1352.5117,1491.4176,249.938,1316.0637,1579.2078,638.25555,1205.7552,1374.0956,196.4227,1296.1766,1740.7191,659.68005,1031.119,1494.252,88.800476,1406.2538,1817.8356,403.67456,854.47894,1625.7258,-0.3926098,1438.3723,1851.3463,378.78418,810.1517,1683.1378,-39.26935,1442.9917,1841.7019,333.37833,828.9828,1692.364,-62.409344,1426.7202,1826.1415,376.67148,848.0704,1678.8962,-11.5059395,1031.6345,1822.786,140.40077,947.3398,1697.5813,-141.24016,773.92255,2076.551,100.583305,715.1518,2004.7161,-380.95508,558.55786,1916.3068,507.88535,509.23453,1866.1926,106.80498,555.04974,1867.3574,546.33954,502.42917,1824.6259,163.62918,433.03824,1946.7521,493.47647,345.3981,1902.3661,140.61635
IMG_4746 copy 9.png,1391.3623,1504.6571,231.9763,1417.8145,1492.9645,285.1925,1421.8674,1497.9454,284.70792,1425.3043,1502.5032,284.59082,1410.6499,1476.1328,230.83778,1405.4318,1465.8894,230.09148,1401.8711,1456.7488,229.86266,1405.3019,1475.175,522.62164,1376.2748,1407.9973,273.0089,1365.23,1516.2113,326.5339,1352.5117,1491.4176,249.938,1316.0637,1579.2078,638.25555,1205.7552,1374.0956,196.4227,1296.1766,1740.7191,659.68005,1031.119,1494.252,88.800476,1406.2538,1817.8356,403.67456,854.47894,1625.7258,-0.3926098,1438.3723,1851.3463,378.78418,810.1517,1683.1378,-39.26935,1442.9917,1841.7019,333.37833,828.9828,1692.364,-62.409344,1426.7202,1826.1415,376.67148,848.0704,1678.8962,-11.5059395,1031.6345,1822.786,140.40077,947.3398,1697.5813,-141.24016,773.92255,2076.551,100.583305,715.1518,2004.7161,-380.95508,558.55786,1916.3068,507.88535,509.23453,1866.1926,106.80498,555.04974,1867.3574,546.33954,502.42917,1824.6259,163.62918,433.03824,1946.7521,493.47647,345.3981,1902.3661,140.61635
IMG_4746 copy.png,1391.3623,1504.6571,231.9763,1417.8145,1492.9645,285.1925,1421.8674,1497.9454,284.70792,1425.3043,1502.5032,284.59082,1410.6499,1476.1328,230.83778,1405.4318,1465.8894,230.09148,1401.8711,1456.7488,229.86266,1405.3019,1475.175,522.62164,1376.2748,1407.9973,273.0089,1365.23,1516.2113,326.5339,1352.5117,1491.4176,249.938,1316.0637,1579.2078,638.25555,1205.7552,1374.0956,196.4227,1296.1766,1740.7191,659.68005,1031.119,1494.252,88.800476,1406.2538,1817.8356,403.67456,854.47894,1625.7258,-0.3926098,1438.3723,1851.3463,378.78418,810.1517,1683.1378,-39.26935,1442.9917,1841.7019,333.37833,828.9828,1692.364,-62.409344,1426.7202,1826.1415,376.67148,848.0704,1678.8962,-11.5059395,1031.6345,1822.786,140.40077,947.3398,1697.5813,-141.24016,773.92255,2076.551,100.583305,715.1518,2004.7161,-380.95508,558.55786,1916.3068,507.88535,509.23453,1866.1926,106.80498,555.04974,1867.3574,546.33954,502.42917,1824.6259,163.62918,433.03824,1946.7521,493.47647,345.3981,1902.3661,140.61635
IMG_4746.png,1391.3623,1504.6571,231.9763,1417.8145,1492.9645,285.1925,1421.8674,1497.9454,284.70792,1425.3043,1502.5032,284.59082,1410.6499,1476.1328,230.83778,1405.4318,1465.8894,230.09148,1401.8711,1456.7488,229.86266,1405.3019,1475.175,522.62164,1376.2748,1407.9973,273.0089,1365.23,1516.2113,326.5339,1352.5117,1491.4176,249.938,1316.0637,1579.2078,638.25555,1205.7552,1374.0956,196.4227,1296.1766,1740.7191,659.68005,1031.119,1494.252,88.800476,1406.2538,1817.8356,403.67456,854.47894,1625.7258,-0.3926098,1438.3723,1851.3463,378.78418,810.1517,1683.1378,-39.26935,1442.9917,1841.7019,333.37833,828.9828,1692.364,-62.409344,1426.7202,1826.1415,376.67148,848.0704,1678.8962,-11.5059395,1031.6345,1822.786,140.40077,947.3398,1697.5813,-141.24016,773.92255,2076.551,100.583305,715.1518,2004.7161,-380.95508,558.55786,1916.3068,507.88535,509.23453,1866.1926,106.80498,555.04974,1867.3574,546.33954,502.42917,1824.6259,163.62918,433.03824,1946.7521,493.47647,345.3981,1902.3661,140.61635
IMG_4747.png,1260.1078,1089.1758,686.24146,1259.7745,1050.4238,738.46893,1255.0437,1047.1029,737.79596,1250.3352,1044.2056,737.75653,1258.111,1043.6285,673.5947,1250.7639,1035.4419,672.6383,1243.0331,1028.0011,672.748,1207.8049,1023.02246,969.5982,1193.9572,1004.3465,673.01953,1226.8146,1106.7428,782.6076,1224.2092,1099.0182,690.95905,1143.1292,1215.944,1095.4324,1055.661,1050.3363,429.575,1093.8018,1467.1233,885.6688,967.37726,1329.0165,-89.64361,1269.1558,1516.7478,369.7624,933.68616,1588.6401,-583.99066,1326.5636,1522.9404,296.72208,898.196,1674.359,-706.6224,1350.7588,1506.6086,253.53348,962.39557,1682.5608,-691.0127,1334.8412,1500.7424,337.02838,976.49945,1663.9634,-591.32227,916.1649,1677.8195,234.24498,921.26263,1633.7474,-235.69234,995.74414,2168.3718,-66.78718,1008.48456,2123.013,-725.3382,409.32626,2220.7107,-280.1945,404.6149,2209.6858,-1110.9594,315.17786,2157.2817,-316.9846,307.23737,2154.8162,-1148.4489,192.84105,2408.2192,-511.38834,205.06567,2428.5273,-1338.4246
IMG_4748.JPG,668.96594,806.3241,1105.1654,630.34766,797.8884,1106.0146,621.70953,804.1781,1105.9386,613.5072,811.4269,1105.8865,643.34125,783.7795,1059.5426,644.181,779.27576,1058.7067,644.17163,774.66486,1059.0428,596.3966,837.1747,1042.4436,635.45984,782.7744,830.8148,671.3776,833.1322,1093.1428,684.94446,817.0184,1028.334,603.8141,1045.0085,1001.2001,742.35815,832.9197,352.6157,604.14844,1303.1542,963.3408,917.6244,1060.7341,-0.23463812,816.27686,1235.7041,974.7578,1159.5938,1237.513,-43.443832,850.3721,1221.3737,996.7285,1210.3315,1301.53,-105.254524,857.8667,1204.8456,959.8776,1238.2958,1297.7693,-60.914364,851.1585,1206.078,959.4439,1224.2279,1283.467,-28.543139,913.534,1385.4675,233.3922,1015.5276,1260.553,-234.98178,1254.7377,1697.8022,-7.7817073,1402.1047,1548.499,-523.63617,1172.4728,1985.4315,-390.76413,1250.0085,1849.1873,-1161.7515,1154.3962,2003.5175,-432.8654,1217.884,1903.7657,-1223.1614,1188.6133,2120.3215,-512.58405,1346.1189,1932.6385,-1344.7792
IMG_4749.JPG,910.7784,926.45764,1177.0903,880.8898,896.54004,1189.358,871.4517,896.1657,1188.8918,862.00964,895.96954,1188.6663,888.3096,890.2489,1112.2789,885.14777,885.7338,1111.3346,882.2109,880.8473,1111.5061,814.8596,897.9253,1199.4412,844.9807,876.76556,840.8528,899.54236,953.17267,1196.8005,906.5295,947.3761,1088.3518,717.10205,1154.4058,1110.8595,841.2876,970.2275,394.271,730.539,1452.8685,917.991,1028.3915,1205.4778,-155.37177,962.3228,1405.3529,697.9982,1264.3221,1459.5645,-438.74423,984.706,1364.98,672.9575,1324.1605,1533.3378,-543.97656,982.7947,1343.5205,628.6028,1368.8473,1504.6647,-500.47748,981.9406,1351.1202,671.3083,1355.3423,1480.8728,-429.9879,1148.9384,1609.1514,246.63971,1237.9792,1478.0536,-248.53064,1477.9286,1839.106,113.28842,1707.1909,1774.6094,-543.8612,1250.5288,2232.8982,-107.0025,1324.6041,2115.1582,-1003.87244,1212.2429,2234.5532,-134.22787,1222.6685,2064.8718,-1044.6128,1247.5621,2408.8438,-187.0993,1316.007,2363.5547,-1127.4105
IMG_4750.png,409.13004,1459.7655,212.34027,373.89642,1466.8483,127.3054,368.14703,1476.5026,126.63843,363.17178,1486.8737,126.53706,387.05374,1445.0488,120.575066,390.22458,1438.7959,119.55069,393.28104,1432.3069,119.34638,368.0944,1517.5679,-145.73709,407.69016,1435.4415,-172.24918,428.3029,1487.8917,141.63144,441.91055,1462.9673,128.88705,461.20352,1695.6754,-174.01846,634.92706,1435.8512,-284.91403,420.62085,1951.5028,43.960064,901.8924,1539.9337,-254.17526,451.40475,1823.9896,413.50842,1145.6788,1608.5558,-210.98428,451.92426,1803.39,451.47678,1211.8536,1640.1489,-220.61551,463.66376,1767.3003,397.69907,1218.1296,1638.2839,-274.7012,464.66574,1778.2825,402.68573,1197.6125,1633.6356,-231.98688,951.9604,1834.7096,52.776463,1004.9201,1694.1947,-53.567204,1286.4569,1868.1117,204.79651,1342.6816,1763.3146,-130.2098,1544.3539,1994.589,-17.913103,1565.0168,1941.6776,-386.8438,1574.128,2043.1892,-53.763,1596.5555,2016.501,-412.0354,1688.0825,2035.4122,-120.568184,1714.7393,1984.4186,-483.0126
IMG_4751.png,304.2877,1494.4187,-580.86914,278.9346,1528.0052,-671.948,279.4701,1540.4542,-673.1055,277.06674,1551.2065,-673.25745,278.78064,1479.2065,-683.25775,280.73352,1466.7233,-684.4458,301.7465,1448.777,-685.03204,316.10168,1581.5212,-891.55383,363.08304,1428.9186,-941.8542,370.18478,1539.1078,-624.7089,392.50494,1501.8264,-645.39514,591.58527,1793.34,-840.79474,641.7138,1310.8777,-830.86444,576.90063,2147.0925,-531.1234,982.48865,1204.354,-555.7296,339.8654,1949.2949,-213.02267,1014.1817,1228.7507,-231.62065,300.7683,1903.4447,-243.17497,1023.5144,1221.7212,-245.12596,320.69138,1876.974,-299.17856,1001.75073,1249.5762,-322.60806,359.2313,1880.0577,-230.26888,988.21814,1262.4165,-262.5043,1051.3679,1529.8202,66.92505,1085.4692,1364.5459,-68.1225,1241.0851,1388.9807,921.13275,1259.1395,1322.1218,630.2241,1519.994,1388.7517,1407.9779,1526.6722,1375.2992,1177.769,1544.5961,1409.6272,1452.9174,1533.5225,1406.093,1236.6295,1670.9823,1387.781,1422.6525,1666.14,1328.1265,1211.804
IMG_4753.png,1724.3082,1367.8539,-139.6032,1752.0369,1349.501,-52.85056,1756.1028,1361.6069,-53.71584,1758.9332,1370.3027,-53.89939,1728.6826,1309.802,-104.64747,1714.6464,1292.5881,-106.050735,1701.2218,1276.9062,-106.64192,1721.6737,1366.9517,323.3424,1642.9698,1242.5023,85.640854,1691.218,1406.704,1.2352952,1665.595,1365.5416,-74.20476,1540.9343,1591.6294,480.6457,1386.2325,1239.591,74.03224,1425.8339,1830.0872,486.9599,1022.66565,1380.7229,-62.127357,1660.7914,1900.9083,238.24004,741.21204,1565.4259,-250.5609,1711.4224,1960.9519,219.04468,649.3579,1631.6488,-294.97357,1721.8499,1947.5072,159.83928,672.1412,1655.544,-350.4689,1700.8818,1920.4539,207.25317,713.5055,1644.9277,-277.4159,1050.0726,1912.9589,130.22954,925.1481,1685.6611,-131.43237,658.6602,2188.3633,9.562126,556.47925,2060.8508,-508.73035,280.75937,2024.8264,592.1336,178.8337,1929.65,42.17919,279.4282,1961.6238,649.62787,171.36664,1865.6826,106.31178,62.808987,2044.811,581.9438,-0.30141592,2002.5239,29.178814
IMG_5253.JPG,2144.6287,196.98979,-495.2984,2179.044,184.7183,-432.92957,2186.9888,195.45976,-433.6936,2192.7104,203.51192,-433.8595,2153.3423,153.73979,-435.70694,2143.4932,144.73491,-436.40897,2133.97,136.73018,-436.6457,2181.3984,211.04709,-130.78719,2101.1023,127.6346,-130.83371,2132.271,233.60829,-379.51627,2101.2427,199.49492,-385.44427,2080.9487,434.4151,-104.67792,1899.168,171.09012,-5.7765703,2098.609,645.94006,-539.75366,1636.4204,312.99033,-73.58368,2140.821,686.8816,-1319.2502,1425.3074,449.05215,-381.79056,2175.3206,712.18085,-1499.339,1362.4191,502.241,-468.89066,2156.1157,685.81793,-1540.3888,1368.8177,513.21936,-569.12366,2131.5193,676.7889,-1358.5465,1393.1353,501.99152,-432.43658,1630.36,644.2405,-54.422607,1553.2588,481.75186,53.62775,1258.3138,805.9018,-134.68759,1218.0886,726.0235,-10.815548,1466.6969,691.22015,909.5509,1418.3999,595.25446,906.4153,1460.4661,680.5915,1026.1213,1427.0686,597.4976,1014.03357,1435.4246,708.38354,1197.8068,1407.0775,600.74304,1178.851
IMG_5254.JPG,2033.4155,194.80983,-179.6456,2060.6343,182.64807,-106.17031,2066.9685,193.25581,-106.7224,2072.3567,201.99895,-106.7939,2041.2594,153.01299,-117.60621,2031.2631,141.82953,-118.39212,2020.9584,132.69676,-118.522545,2056.7896,212.80232,200.64023,1978.3315,127.02108,156.01735,2015.081,231.23708,-66.83776,1989.8335,198.998,-85.084,1938.5422,462.1842,230.92732,1755.013,181.77779,217.79628,1950.7301,679.7256,-107.57534,1498.3489,328.13046,170.86311,2052.3628,701.99664,-770.69867,1274.8325,467.94348,-119.07573,2102.4287,716.7936,-910.8537,1207.8553,525.7017,-193.16406,2090.7263,691.9252,-964.45374,1223.1147,535.80743,-288.2606,2060.9253,688.93225,-813.02167,1253.9429,525.3229,-166.26299,1514.8336,679.0513,-23.656506,1420.9625,512.0463,22.873411,1094.942,872.16364,-261.8875,1055.592,783.8266,-193.34172,1261.2852,743.07214,860.8622,1160.6693,681.4069,773.1914,1262.2086,724.5406,989.88104,1188.8143,671.911,888.8573,1207.9749,759.1357,1187.5475,1158.846,701.35474,1050.6187
IMG_5255.JPG,2044.6823,75.64666,255.11214,2054.0315,74.0061,334.172,2058.391,83.53363,333.73715,2063.098,93.78912,333.8541,2034.2072,54.45284,297.1015,2023.2302,48.486656,296.2164,2011.6332,42.061623,296.01282,2037.6412,131.48573,620.64264,1961.8512,51.00485,449.2919,2029.4982,112.2201,358.52966,2006.8695,87.88499,303.82602,1926.6616,373.11926,735.1585,1757.3032,88.72108,331.78604,1935.0339,635.6498,568.01495,1502.8619,225.47357,285.34393,2123.2664,637.8567,-0.5037541,1299.5626,397.9675,101.82934,2177.119,657.8215,-92.59666,1231.3257,463.5866,26.588282,2178.9773,632.6662,-145.08238,1263.1796,481.85815,-25.09085,2154.582,624.4488,-38.86355,1293.7977,467.54147,76.12509,1561.2883,641.8993,136.12318,1445.2295,466.59558,-136.90517,1157.5903,911.99774,-26.390778,1107.7887,793.4111,-468.50693,1009.46704,827.6765,882.0267,964.6766,772.0653,642.90125,999.0745,791.91077,974.8212,965.88116,739.5964,766.66547,876.7561,867.7022,867.1965,852.20135,855.3593,700.65533
IMG_5256.JPG,1886.5701,69.42143,788.0566,1872.7635,31.778255,914.3173,1869.8397,31.818203,913.5901,1867.496,31.646961,913.8728,1862.6743,26.665455,813.6328,1851.1168,23.840889,812.585,1838.2787,21.08029,812.48395,1811.472,30.55294,1313.4417,1773.7769,18.030136,852.25836,1862.2992,104.93617,925.9402,1847.1548,97.53578,786.89087,1754.0311,320.7066,1392.1117,1632.2556,69.15949,495.55936,1734.4323,637.02893,1189.821,1459.3925,184.76683,-104.354385,2007.0397,624.2073,573.148,1337.4509,411.41165,-751.0437,2071.4429,642.11334,508.21194,1271.93,469.6757,-915.4234,2084.6917,624.8271,423.73514,1333.1643,494.41306,-900.6545,2062.1562,615.41766,517.883,1365.5137,486.81384,-764.03015,1537.6053,711.2914,276.99768,1438.1173,529.8415,-277.81003,1331.9886,984.9059,-49.769226,1310.074,888.1132,-1032.7133,903.0414,964.9993,127.37108,830.5083,897.79865,-913.4609,862.8981,909.2885,135.3368,789.347,850.96814,-893.3753,711.2747,1079.1732,-55.8638,661.73785,1054.8553,-1091.2397
IMG_5258.JPG,1324.405,40.549294,1646.8577,1283.0647,37.058228,1705.6561,1276.5206,45.10092,1705.3092,1270.6328,54.384037,1705.44,1288.5858,23.516165,1627.3291,1286.8136,20.701633,1626.3674,1285.3473,17.547268,1626.8114,1242.0532,99.90704,1759.6322,1263.6096,34.208702,1398.3485,1337.1233,74.40276,1666.6941,1340.4784,58.44837,1557.5863,1269.9788,343.32397,1508.3156,1303.8687,70.283905,817.2038,1413.8375,642.83624,1274.2778,1489.6633,166.44891,200.49867,1644.3317,662.26465,928.3404,1792.9655,302.036,-97.981735,1683.8016,669.2081,899.20795,1883.6832,374.6517,-218.74596,1701.5405,665.09174,871.05316,1891.0789,380.4147,-143.3752,1690.1809,641.63684,909.53577,1855.8203,375.4594,-78.2473,1573.7092,608.4864,185.88959,1595.7596,434.06317,-187.91238,1894.3923,801.91534,-72.25325,1981.4148,536.11176,-643.17426,1537.1575,1008.4057,-413.43515,1771.4784,777.6824,-1077.8278,1475.9235,995.0785,-444.56354,1722.1298,827.86304,-1111.2772,1487.7241,1181.2148,-564.7934,1785.228,817.2685,-1229.6631
IMG_5259.JPG,1037.7454,177.06197,1753.8605,992.1333,189.84158,1734.2303,984.82214,205.76068,1733.605,978.2904,221.48438,1733.2151,1004.63916,148.05603,1646.1993,1005.94635,135.50705,1644.8792,1007.16956,123.777084,1644.8948,974.1773,266.21097,1572.4728,1003.3508,139.59375,1174.8866,1058.3225,212.97876,1722.1293,1071.9689,174.94609,1600.0651,1111.2582,605.55194,1436.9598,1171.3025,106.742485,507.37402,1325.5281,937.94604,1367.312,1621.9631,200.06201,157.471,1455.7506,720.44257,1371.2927,2082.1619,324.32706,267.49994,1493.393,661.07227,1423.943,2222.8916,378.56412,231.06686,1484.8264,618.89594,1349.7999,2238.9626,392.30167,244.80183,1474.1676,642.8002,1341.2415,2186.846,396.35007,275.71463,1820.4014,772.7451,301.36765,1871.6244,491.0263,-303.69165,2559.4763,787.0563,-176.94473,2564.2751,597.7035,-708.2344,2290.6965,1180.6185,-710.34863,2303.116,1085.9288,-1371.0801,2177.2905,1195.0846,-769.97614,2188.9053,1097.6029,-1423.5109,2375.0188,1449.6735,-770.18896,2422.2715,1399.1084,-1379.3762
IMG_5260.JPG,1197.9379,701.1811,-477.81244,1159.8168,707.9731,-624.8241,1155.6577,724.0722,-625.9929,1151.6792,740.1944,-625.3826,1169.894,664.3346,-597.2375,1173.1564,649.4218,-598.7648,1175.603,634.39636,-599.47253,1181.6062,768.3902,-1009.494,1224.7308,606.5983,-892.21,1239.6979,731.75854,-566.6681,1252.2694,692.3349,-540.93945,1431.8973,1026.9691,-1012.6787,1530.2784,529.4447,-789.56226,1529.7657,1418.4568,-692.0415,1841.248,673.65063,-422.29318,1234.8599,1349.1538,-289.9551,1973.3793,795.43414,-94.4338,1174.6919,1372.1029,-323.26633,2044.7378,848.3913,-108.73245,1173.1932,1336.7682,-354.75543,2040.0249,870.7611,-182.82857,1198.4608,1323.6144,-287.38336,2000.2666,848.9338,-117.687065,1975.9982,1136.8057,-90.52041,2031.0525,924.9468,89.33957,2123.3828,1071.1514,1126.3154,2136.5278,969.2988,1101.8867,2476.2273,1080.2021,2042.7998,2539.7676,988.48895,2009.181,2552.5742,1079.9286,2134.3408,2600.1956,999.2607,2107.574,2552.8757,1087.6343,2143.426,2613.8545,1040.1011,2118.5676
IMG_5665.JPG,987.49554,882.35846,-382.69144,950.8699,898.19543,-504.9812,948.064,914.8557,-505.8726,946.2922,930.239,-505.7087,969.7075,842.9962,-517.7173,979.5637,822.5816,-518.8682,989.682,803.97394,-519.31,971.0389,960.16394,-836.65,1037.2452,785.80005,-896.86206,1032.5609,932.89594,-456.83923,1049.562,870.5331,-480.9225,1259.7013,1214.0775,-759.3076,1302.2032,696.6547,-871.3476,1337.478,1587.8503,-499.95038,1616.6593,720.5463,-583.4789,1056.3154,1497.3109,-282.8776,1791.7032,765.2397,-381.1784,992.3313,1494.7771,-350.5973,1846.3185,773.06573,-452.7491,998.4064,1444.3857,-414.25467,1838.6786,782.917,-545.9237,1028.3473,1435.6211,-305.92157,1818.3618,783.9485,-418.09338,1793.6031,1133.6016,79.0994,1802.2504,909.1833,-80.12201,1899.1244,1083.1771,1149.2411,1952.8044,948.5017,957.43774,2285.0298,1028.4374,2061.7432,2342.6475,922.50366,1925.7761,2351.5576,1028.7812,2142.9658,2424.499,938.8087,2021.5635,2256.2366,977.7422,2127.394,2324.8398,862.3578,1990.1254
IMG_5666.JPG,1231.0775,836.6332,-498.2952,1197.8389,845.8287,-618.1547,1196.733,857.941,-619.1995,1195.7659,868.99005,-619.00507,1207.664,802.19653,-617.2155,1214.5724,782.8717,-618.2786,1222.5564,763.2124,-618.6902,1224.0994,890.1116,-921.4085,1273.4778,737.45844,-914.5526,1277.756,872.0863,-560.88306,1287.057,825.3202,-565.761,1495.4166,1151.7295,-839.0117,1566.3551,627.00287,-763.9073,1552.1764,1536.6304,-567.158,1814.247,661.07513,-246.09535,1254.1112,1422.9148,-392.46945,1592.0801,693.61664,228.48575,1193.8573,1423.4071,-476.13528,1531.3228,708.7868,201.51608,1207.3046,1363.7609,-533.8303,1513.3738,732.1045,122.87183,1236.8328,1355.8771,-415.07623,1536.0922,741.6523,199.3559,1999.9662,1080.3926,33.526463,2026.559,858.7753,-34.074104,2075.8472,1023.4823,1036.508,2132.9138,850.69995,965.11523,2448.9788,973.0825,2001.1346,2508.844,862.59216,1922.7004,2514.533,976.1201,2090.6692,2588.9875,882.3273,2020.3044,2399.0383,913.0666,2035.8004,2477.0984,805.00867,1964.6442
IMG_5667.JPG,1328.8373,718.1507,-688.6123,1297.0911,733.31134,-827.70435,1297.4783,752.48956,-828.7345,1298.7375,770.4255,-828.43585,1306.8981,679.7094,-824.65967,1314.029,659.7921,-825.7682,1321.7333,640.61505,-826.3094,1328.7144,801.34094,-1094.6823,1365.358,614.2751,-1079.2711,1383.2535,760.0049,-720.12396,1390.2245,694.8037,-723.78375,1623.0963,1085.6559,-978.69183,1708.8793,508.63193,-895.5178,1668.0042,1491.191,-659.4285,1909.4557,554.7903,-349.61414,1313.7351,1370.6112,-522.8467,1651.9193,600.21136,83.04106,1248.0496,1388.9508,-608.05615,1577.4712,611.86066,53.864635,1250.9923,1314.9315,-655.1416,1563.5533,636.6279,-12.449598,1279.764,1306.0809,-535.45386,1580.2073,657.5445,63.532047,2097.1243,973.40845,34.019535,2148.2373,729.98035,-34.110386,2157.3616,896.811,1090.8016,2294.053,733.6071,983.09143,2483.5244,856.1176,2097.9766,2607.9817,742.0134,1937.4242,2553.8533,864.0333,2205.7878,2669.614,764.8401,2050.7366,2406.4421,811.4556,2254.4097,2508.0596,673.6104,2092.7402
IMG_5668.JPG,1191.269,650.6751,-263.91046,1163.3035,660.98285,-363.43222,1162.0453,673.5736,-364.04727,1160.6311,685.6124,-364.0674,1168.1787,622.7753,-353.22263,1170.5671,608.8323,-354.24667,1172.8873,595.4863,-354.8601,1181.6848,700.1262,-663.60706,1199.5205,578.55237,-621.1387,1226.4446,673.67444,-342.4489,1229.7756,641.5136,-334.40463,1371.4843,852.3779,-665.98456,1466.165,443.9618,-687.35583,1382.8497,1130.4983,-504.80276,1760.5248,460.71915,-522.6852,1227.2783,1008.4728,-236.72768,1977.3319,536.59875,-389.36252,1201.1179,989.96716,-255.49942,2020.5178,566.4229,-437.30722,1205.5734,962.5024,-310.92773,2013.7789,583.1172,-514.0467,1219.9946,964.55865,-254.5376,1993.6207,578.14905,-420.53625,1844.165,839.2959,16.332655,1904.1979,663.0557,-17.264053,1994.3157,862.48193,973.07086,2042.11,721.39935,775.4634,2225.462,914.49,1594.5536,2290.812,838.0616,1401.6748,2274.3323,931.97565,1652.3824,2339.3792,864.0396,1464.1165,2282.379,971.3642,1695.5428,2330.4678,874.94916,1479.5333
IMG_5669.JPG,1222.3972,595.2043,-229.19373,1189.098,606.4547,-338.59988,1189.0957,620.63513,-339.2969,1188.6201,633.40607,-339.22293,1191.6842,563.37506,-331.05524,1193.9253,549.0027,-332.11328,1196.3887,535.99835,-332.77722,1211.4565,646.53845,-673.20776,1226.0654,519.8597,-645.2192,1264.4089,617.9949,-317.50674,1264.2819,583.6274,-313.95834,1422.1862,811.51306,-679.51117,1520.4203,377.32428,-732.8877,1453.6235,1120.7961,-507.09137,1828.7836,394.10428,-563.72437,1255.8318,974.0689,-206.14438,2060.3955,471.23364,-416.56552,1228.2671,951.82355,-222.6413,2104.819,494.1717,-471.0156,1239.4525,915.4925,-281.06796,2095.542,508.8459,-545.9674,1256.1018,918.4916,-224.8092,2075.4187,504.40106,-447.6358,1928.3163,805.8734,26.549543,1989.6549,600.5592,-27.428928,2051.942,812.1744,1082.4269,2099.016,668.5129,872.11444,2302.963,861.79675,1729.8799,2376.9604,776.65216,1542.8379,2354.733,886.9949,1790.1971,2422.3137,800.0561,1610.359,2356.953,941.051,1839.0096,2442.6255,822.2064,1635.4176
IMG_5670.JPG,1261.822,513.7722,-356.11758,1231.4937,535.3343,-480.07318,1233.8916,551.8584,-480.8074,1236.5377,568.2875,-480.8455,1230.774,488.07706,-464.7921,1233.0264,470.69952,-465.98816,1235.8556,453.8343,-466.79083,1272.3762,584.9232,-863.2347,1277.32,417.05225,-795.5517,1315.8619,535.1367,-458.0367,1312.1943,489.56873,-443.74792,1549.9958,739.44855,-857.8205,1591.4427,209.92468,-881.8182,1600.4883,1092.9783,-938.682,1922.597,197.4798,-665.9746,1333.3186,969.59894,-929.3422,2160.2812,252.58185,-459.10547,1277.888,961.93115,-1002.3173,2212.5918,274.94397,-511.9072,1293.8761,903.7625,-1042.8229,2203.1458,298.15695,-598.028,1316.7102,901.70154,-948.78955,2186.1409,295.6468,-492.1099,2056.516,650.9898,14.713684,2100.388,422.41144,-15.88295,2185.7227,651.72815,1129.7719,2242.0623,481.6451,888.7524,2468.8857,690.6776,1774.1555,2527.5798,588.2575,1527.4641,2583.4705,717.32324,1830.6892,2593.9988,605.6266,1589.0891,2531.5273,698.8627,1857.4404,2596.41,620.1425,1589.2421
IMG_5671.JPG,1276.8124,634.89984,-831.3599,1248.0411,660.5767,-992.094,1253.9755,680.89246,-993.0439,1260.3778,701.5322,-993.03625,1242.3094,604.7748,-973.8168,1245.5541,583.2633,-975.0161,1249.415,562.7777,-975.83167,1308.4084,748.5338,-1377.5938,1303.1207,515.0065,-1287.247,1344.2344,655.86774,-906.8368,1342.0057,592.88324,-887.8481,1632.3151,928.3273,-1330.7374,1660.6847,257.62582,-1243.9016,1641.9906,1303.6624,-1184.4092,2021.8391,248.37625,-738.09534,1279.124,1173.626,-1090.5264,2156.5703,322.88135,-346.66568,1200.6049,1175.0713,-1202.1221,2167.8066,339.48898,-399.95267,1219.9225,1097.9673,-1253.6675,2161.2136,369.07684,-516.59485,1247.8639,1088.0836,-1111.8464,2157.6074,367.62585,-385.56152,2101.8457,751.85815,-6.6019735,2123.2888,496.90662,5.73944,2167.3306,723.31915,1530.554,2149.1343,529.01825,1552.1562,2414.0518,745.9777,2773.2468,2451.6873,621.28455,2906.758,2485.5027,769.2474,2904.9006,2505.6504,654.15985,3056.4204,2377.361,722.8783,3026.5046,2383.941,592.8531,3193.7898
IMG_5672.JPG,2362.9333,650.46063,-1667.5404,2412.9087,658.5607,-1639.7585,2424.1746,674.20935,-1640.6584,2433.1528,686.2058,-1640.5482,2394.0364,611.6111,-1642.6047,2390.9739,596.9624,-1643.5453,2390.7422,585.26636,-1643.9795,2455.1147,698.13983,-1247.4299,2402.2278,560.831,-1249.8123,2348.5876,689.16315,-1494.2756,2326.129,636.08014,-1500.5541,2374.926,846.0202,-865.4505,2282.9365,489.5314,-882.5142,2352.133,1049.4108,-1014.57874,2057.2532,492.42252,-748.11816,2267.8584,1133.3069,-1618.4266,1843.9758,537.35364,-938.86633,2227.3118,1177.2678,-1766.7682,1778.3282,552.35376,-1037.6531,2210.014,1137.7012,-1831.5411,1782.816,568.2715,-1132.8147,2214.0269,1112.074,-1655.7645,1800.3276,570.6823,-981.6109,1948.3333,814.96344,32.6662,1909.432,628.7601,-33.01728,1583.6635,843.17834,214.70374,1542.6099,736.0409,-270.4699,1612.4791,664.1649,1406.6704,1587.6691,608.2353,1049.5884,1642.6666,648.20526,1529.3193,1621.3259,581.9564,1201.3079,1505.7527,635.0264,1564.6052,1477.1842,599.2967,1304.7838
IMG_5673.JPG,2318.0918,779.56,-1081.3195,2358.5022,776.9881,-1038.5076,2365.999,788.9534,-1039.3602,2372.9556,799.50726,-1039.1914,2334.99,742.7685,-1037.8445,2329.0532,731.5985,-1038.7312,2324.5247,720.71545,-1039.1132,2385.35,810.03845,-679.36664,2323.3323,705.668,-665.96277,2310.3137,817.07153,-929.67664,2285.2178,774.0065,-932.086,2304.405,964.91095,-412.76697,2199.5225,655.62024,-384.10883,2295.0876,1168.1982,-654.6742,1989.0027,671.1027,-205.02446,2239.3376,1233.5786,-1358.0526,1789.6589,722.40607,-362.4751,2203.8625,1276.2723,-1511.0587,1729.7349,739.8263,-439.3411,2182.4536,1240.8878,-1565.1401,1736.9764,752.23737,-528.09375,2180.4072,1212.2944,-1393.9164,1754.1833,753.03357,-402.5427,1869.9408,979.2216,24.572819,1821.0901,816.75183,-25.063272,1545.0426,1049.4818,19.788328,1520.1772,963.2813,-239.39584,1556.4949,891.5682,1280.9968,1515.6815,838.8216,988.9865,1586.6455,867.4759,1411.2168,1552.8667,810.20337,1125.9702,1443.4706,857.8485,1435.4587,1402.5615,831.25366,1162.6246
IMG_5674.JPG,2405.2117,1105.4614,-1515.8029,2494.2075,1106.6025,-1425.3069,2502.4211,1126.0483,-1426.8906,2510.177,1143.3905,-1427.3353,2471.7224,1038.3098,-1498.3479,2464.8914,1005.0215,-1499.7915,2455.6177,971.4011,-1500.3143,2487.7249,1127.483,-898.64526,2413.217,885.74713,-1208.0728,2350.529,1152.284,-1300.3153,2312.5906,1066.3429,-1399.846,2318.4392,1235.6473,-636.7567,1983.2869,662.80884,-974.04614,2283.6438,1552.0635,-796.6953,1587.8557,575.433,-853.422,2178.071,1762.6874,-1491.0093,1282.5613,574.5541,-787.0245,2138.2373,1854.2123,-1621.9791,1181.9706,585.9699,-842.8349,2105.5698,1781.9525,-1716.092,1193.2892,607.42395,-970.6758,2100.0554,1735.0543,-1544.8323,1225.9677,616.0637,-837.328,1485.2473,1145.9628,130.88402,1370.7117,823.4663,-132.55202,914.0637,1167.457,329.21744,797.6385,941.08966,-437.6691,1270.3568,950.92236,1315.9432,1146.085,763.8961,835.1897,1307.2297,932.25134,1429.5059,1217.7512,757.8165,1000.84625,1231.9181,881.38745,1745.5231,1137.8624,656.6185,1452.5537
IMG_5675.JPG,2782.8516,973.2885,-881.5801,2849.4678,961.8341,-754.63965,2852.861,977.7179,-756.0887,2855.0051,991.4588,-756.3881,2837.933,901.47534,-839.4126,2830.6145,872.2297,-840.84595,2821.068,837.4487,-841.0748,2814.732,962.8731,-191.435,2749.2856,751.07477,-556.65436,2717.548,1005.93256,-668.2262,2691.2214,936.13904,-783.41675,2521.581,1105.369,-3.1663277,2264.8586,548.79694,-530.5038,2481.493,1374.5225,-392.25403,1779.7822,526.6772,-460.51825,2491.6404,1589.1736,-1342.7079,1421.8499,552.94,-416.02585,2502.3066,1681.2203,-1506.7095,1299.7357,568.3617,-462.9925,2465.6206,1631.513,-1595.2383,1309.1798,594.64777,-611.4328,2437.9785,1585.2146,-1406.9299,1344.0702,603.3355,-472.60428,1613.4795,1105.0388,189.82019,1515.4858,781.5403,-191.75688,960.2062,1230.9071,154.67638,856.6401,981.02795,-637.1995,1311.1388,938.6576,1390.4728,1175.6298,747.99884,919.9354,1385.2743,901.95105,1527.2139,1246.6519,709.49817,1115.6729,1212.916,835.0465,1842.3064,1051.2402,680.97754,1567.4462
IMG_5676.JPG,2974.8894,1054.5751,-375.42368,3041.7017,1014.108,-320.2009,3046.5671,1008.5287,-321.80368,3052.4177,1002.08057,-322.29224,3033.965,1004.80054,-445.57712,3032.8184,992.9123,-447.2298,3030.1538,973.5443,-447.77948,2997.775,896.6954,-37.979816,2979.8132,852.676,-596.0715,2903.019,1037.5415,-249.29005,2899.7556,1022.64594,-420.69754,2690.532,1073.0298,179.93547,2520.0493,559.609,-687.36926,2647.2341,1301.5541,508.30316,1969.9021,569.2926,-705.81146,2736.3955,1547.2206,355.6801,1573.0752,613.8984,-739.61957,2788.7427,1629.9265,348.80356,1443.772,637.26526,-811.09705,2772.3455,1616.182,203.35559,1460.8259,675.9725,-920.98627,2732.8867,1583.9589,289.84,1498.1295,681.79584,-782.4304,1777.6522,1181.1361,261.45892,1677.2281,851.62805,-262.81125,1108.3274,1394.1161,194.33974,1006.01465,1134.6237,-744.94525,1222.4519,979.8595,1526.304,1138.1255,823.21075,944.097,1286.041,911.1205,1666.0151,1177.9552,765.89136,1144.1903,1050.4557,885.0845,1825.647,920.3649,822.75757,1407.4032
IMG_5677.JPG,2288.7275,655.19617,-290.50262,2311.3584,642.67487,-217.17746,2313.4604,646.09094,-217.75873,2315.8804,650.1624,-217.56525,2303.7737,622.33514,-261.36203,2299.963,611.04193,-262.2016,2295.435,598.4295,-262.5881,2301.3562,639.71484,129.92719,2271.659,574.03613,-70.90321,2271.3467,666.1434,-157.38971,2256.896,644.8171,-220.36711,2192.686,756.0796,331.15903,2121.551,551.6849,-65.381996,2167.5261,906.7217,108.12059,1922.6025,615.9856,-147.22893,2246.1091,966.25696,-539.9369,1747.6947,703.5534,-355.67487,2275.7612,1001.85364,-644.5914,1694.3982,733.63525,-443.83472,2276.737,984.96936,-698.13904,1706.2893,745.9453,-486.75674,2258.7974,968.27783,-579.4576,1725.3395,742.1145,-377.8056,1846.7905,891.4349,124.348175,1789.494,782.9877,-125.03601,1582.4292,1032.0669,41.800755,1554.0265,971.74164,-378.1762,1374.4972,961.094,625.45667,1376.3752,899.18915,405.31964,1366.5376,924.77985,674.0975,1369.404,876.1899,484.6896,1234.1346,984.0154,487.2908,1242.5568,939.1176,347.322
IMG_5678.JPG,2316.996,646.01807,-185.71771,2337.0618,632.6679,-111.48096,2338.7036,635.8322,-112.05797,2340.1287,639.257,-111.87044,2329.5876,616.75995,-174.66602,2325.4844,607.77185,-175.52335,2319.3506,595.316,-175.8312,2317.7432,625.1555,224.57214,2289.6638,568.0555,-65.105354,2293.2173,657.8801,-56.276554,2284.9478,640.7675,-144.70831,2205.012,752.89575,464.6607,2121.2288,548.04626,-125.95244,2173.339,909.39984,379.64478,1935.0958,623.0921,-236.41273,2259.5132,967.27673,-130.33041,1762.9897,707.75854,-403.42163,2292.392,995.183,-195.05135,1706.6414,747.3697,-484.20023,2297.5903,980.6903,-264.12192,1721.102,757.07056,-517.1186,2279.382,968.5725,-173.35384,1744.4235,751.16974,-420.46582,1865.774,910.8572,181.01543,1802.3794,789.32306,-181.648,1596.762,1047.5349,109.89115,1563.7006,994.8432,-441.41327,1358.5116,980.015,583.39905,1356.6553,920.8708,165.30544,1339.6761,944.316,620.1245,1348.716,895.6589,227.07106,1222.6418,1019.76263,453.43903,1224.6769,966.7337,87.80085
IMG_5679.JPG,2584.996,349.35544,984.5969,2595.748,307.2186,1074.9845,2592.2703,304.3948,1074.4686,2587.964,301.0061,1074.602,2595.2036,299.53555,992.2159,2590.7068,291.11035,991.0961,2584.6472,281.61493,991.3006,2538.9368,269.90503,1405.2936,2532.5386,246.53001,1023.3522,2553.955,368.49677,1109.129,2551.779,360.72333,992.94415,2455.818,510.80685,1538.0356,2431.902,232.80486,637.94434,2334.9385,783.8156,1545.0348,2214.8435,378.07544,-92.25075,2541.374,785.4057,1330.6104,2011.0248,634.0955,-707.71564,2592.746,805.7576,1320.439,1938.1519,705.8963,-861.2362,2603.7073,777.4151,1287.3298,2005.9707,746.0028,-813.63934,2583.6633,765.5382,1310.5178,2023.6093,729.59515,-707.0297,2077.2002,896.7968,307.20743,2082.2773,774.8712,-308.73676,2099.3804,1474.7131,-21.350183,2067.5046,1321.789,-871.4756,1501.1322,1300.0557,-118.82585,1441.6028,1222.2803,-1175.7527,1442.9685,1207.7113,-136.91878,1389.9059,1143.8059,-1199.376,1308.9808,1484.2657,-275.45178,1238.6321,1451.7788,-1354.1782
IMG_5681.JPG,2028.428,365.25946,236.517,2047.0532,341.7693,319.1266,2049.4229,343.77664,318.65512,2051.702,346.5732,318.69153,2032.1338,325.12897,232.17589,2025.7025,318.00986,231.1563,2017.7451,309.1293,231.07503,2011.3975,332.89185,674.62933,1965.4744,276.29886,274.85242,2001.2972,389.30045,374.84964,1987.3923,368.48193,253.72237,1858.289,500.05823,934.7841,1804.6384,275.6342,121.45875,1800.1189,753.7547,1048.6971,1597.5416,428.5351,-146.81581,2000.6793,792.10156,743.68243,1426.1656,627.08417,-454.59137,2050.3381,816.86566,712.9674,1364.6919,683.4643,-550.04553,2068.9763,800.85925,636.2273,1407.1941,708.0582,-577.72784,2050.9346,790.07654,701.33,1432.2466,694.2488,-472.0609,1581.4906,817.51605,257.59302,1492.0189,691.134,-258.60385,1398.15,1162.4551,-65.1961,1330.7435,1089.9592,-732.0845,906.3554,1190.2002,118.25626,835.845,1096.8098,-855.3527,840.2587,1144.5912,125.734695,753.8038,1059.131,-867.85175,747.3935,1316.4579,-88.41835,705.9958,1274.3146,-1149.8458
IMG_5682.JPG,2271.015,372.3668,631.82916,2286.064,342.4823,721.0992,2286.3071,341.5081,720.5128,2287.045,341.21957,720.5524,2274.7737,331.2403,623.3724,2266.646,322.26212,622.4215,2260.3337,315.13275,622.50885,2235.707,315.5784,1073.0524,2202.957,283.51553,623.5191,2241.0215,393.76196,765.93634,2226.7412,378.93222,630.3825,2080.027,493.04907,1244.4744,2041.6584,289.12012,373.19397,2003.3334,785.9006,1190.3088,1864.5718,464.76508,-112.44492,2238.1697,824.005,727.3927,1731.9265,705.5815,-581.7177,2287.9019,849.7803,670.1266,1674.1254,774.073,-706.13544,2312.5803,838.3834,599.973,1730.7795,795.2933,-707.69446,2294.4282,828.066,681.4191,1753.0347,778.7688,-594.7289,1833.0131,864.7201,267.74796,1762.2137,775.4247,-268.99933,1762.9559,1295.8151,-122.324905,1713.6244,1224.1982,-824.5646,1219.1405,1349.5908,-149.25853,1137.9132,1275.1239,-1125.6238,1137.0273,1307.5369,-162.69229,1036.4974,1229.9229,-1153.2388,1072.3481,1536.2445,-377.05023,1026.566,1512.4845,-1403.874
IMG_5683.JPG,2156.5562,353.8342,553.63495,2158.2822,319.48264,640.6596,2157.5308,318.3398,640.1935,2157.4321,317.116,640.2769,2151.5742,315.9412,554.2301,2145.7998,311.59265,553.4035,2136.88,303.7874,553.6417,2112.0916,304.27637,993.3508,2082.4434,284.01422,598.8486,2131.2126,374.911,686.85614,2120.2883,368.33008,567.77893,2006.4158,501.16144,1183.0579,1957.0435,325.51462,351.5653,1960.5549,814.9144,1110.6406,1818.4019,512.192,-168.63997,2157.1611,813.3841,661.4474,1762.7227,746.34357,-700.3403,2204.4321,841.16003,589.26434,1734.4661,823.7957,-843.0237,2223.1104,825.518,539.13586,1788.7076,826.3814,-841.0138,2204.8564,812.93585,624.193,1799.1702,810.4145,-714.4637,1811.6735,887.6917,277.14362,1755.4412,816.4812,-278.18173,1907.5154,1349.8239,-146.27107,1874.8798,1262.774,-768.55164,1397.1748,1491.5249,-281.0759,1310.0916,1381.3198,-1146.1599,1301.1643,1466.5763,-307.67294,1217.1567,1366.2728,-1184.8984,1350.3298,1706.3265,-529.9835,1281.0281,1614.1472,-1440.5369
IMG_5684.png,1541.2802,718.48425,795.6943,1518.042,720.92773,777.8144,1512.5315,726.7355,777.57324,1507.8334,732.04865,777.49963,1532.9497,702.8214,773.83167,1536.9916,696.333,773.19745,1540.367,689.8859,773.3511,1506.6676,744.1839,660.5048,1548.2456,684.35254,641.35614,1549.5217,736.2421,760.3684,1559.051,716.23724,752.0725,1529.2426,869.10455,536.9958,1641.8016,645.21136,341.57166,1493.0006,1050.1105,407.9382,1765.5795,705.3842,159.86418,1572.165,1011.9854,422.03647,1933.9529,813.0945,132.77441,1596.1013,1009.3514,427.8884,1981.0251,839.91595,102.78842,1601.1592,994.1894,419.83875,1985.2513,853.13654,121.482994,1594.499,996.41046,420.85547,1970.024,851.346,137.34645,1762.6207,1014.32135,61.898937,1843.6866,893.62445,-63.25076,1929.8138,1160.0388,57.25001,2178.156,1058.0306,-139.55861,1975.9501,1214.0485,-281.68542,2057.8696,1193.612,-622.8994,1995.153,1213.7476,-319.61542,2034.6377,1250.7856,-666.3533,1986.1927,1243.6484,-345.59787,2117.1157,1309.8468,-704.7301
IMG_5686.JPG,1176.2998,283.2015,1121.1038,1140.9213,272.40033,1089.339,1130.4497,280.69427,1088.9655,1120.0166,289.59427,1088.8926,1157.9147,253.77887,1025.5288,1161.1089,248.53123,1024.4908,1164.387,243.3743,1024.6794,1101.5707,319.89917,955.2697,1158.9594,257.23535,664.6245,1181.1665,320.1018,1098.4241,1197.9238,297.56107,1008.62006,1090.5465,585.9487,927.92474,1307.0985,287.45532,158.97,1156.7534,910.9651,635.5018,1528.6208,524.3955,-173.04633,1307.685,798.43756,339.89246,1812.667,756.8105,-222.45468,1334.8439,798.26324,302.658,1886.03,826.2884,-295.7952,1349.727,718.4856,254.70956,1911.9858,819.659,-296.60806,1341.1917,737.1053,309.77994,1885.8068,804.99884,-226.16994,1584.5575,1025.076,297.70187,1694.8201,870.1493,-299.34647,2093.6992,1227.2596,51.71585,2225.9294,1147.7264,-617.638,2300.0127,1587.2424,-606.955,2281.9995,1567.5474,-1410.0684,2243.1716,1686.9222,-692.12164,2215.8977,1679.1985,-1494.6788,2438.3386,1747.3556,-908.94464,2480.1765,1671.7705,-1738.7104
IMG_5687.JPG,1116.5433,300.76306,1153.8308,1076.1626,299.60837,1086.738,1065.4769,310.83865,1086.3026,1055.164,322.5237,1086.2316,1094.5294,272.34055,1018.7788,1098.2175,263.88574,1017.61804,1102.0951,255.80641,1017.62286,1038.6324,357.79056,841.0494,1099.5269,270.29095,530.9412,1125.93,336.97357,1100.4615,1144.475,307.31827,1004.6116,1068.141,630.209,825.3557,1287.3379,284.10788,-0.7341865,1133.2181,977.88635,545.31116,1574.9348,509.54227,-323.68158,1257.8801,803.5519,217.63052,1890.9899,715.05707,-409.98468,1275.2987,764.76404,167.4521,1978.0559,784.14667,-496.0303,1282.464,729.4843,117.243385,2003.6393,778.5343,-523.7633,1276.1908,744.6698,184.84082,1968.1631,758.95917,-424.03116,1673.273,1019.66986,321.5454,1775.7198,839.3326,-322.8657,2188.6348,1177.5962,143.17514,2297.7847,1077.332,-633.58307,2496.592,1504.0414,-296.94217,2514.177,1483.1661,-1174.0577,2501.4016,1631.5342,-359.219,2498.3694,1614.1091,-1233.6011,2705.1714,1542.8842,-529.2156,2790.349,1505.2822,-1469.6376
IMG_5688.JPG,1412.6721,331.95825,1016.8391,1365.9818,330.06058,913.78436,1355.2245,342.56616,913.1954,1345.2699,355.5913,913.1135,1387.0984,298.2851,866.2121,1391.0363,289.18585,864.5829,1394.9794,280.33362,864.3,1335.5399,392.4967,564.13324,1401.0946,292.85013,346.41284,1424.7734,372.5303,934.75775,1447.2979,338.18304,864.7071,1396.0712,680.9836,586.3715,1634.3636,299.91486,-77.668015,1459.0311,1033.0201,763.84503,1990.1196,518.8521,-309.26196,1577.889,846.2006,983.9572,2337.0334,711.84625,-385.48846,1605.4575,800.9887,1023.4038,2436.3894,774.5691,-454.04364,1606.2434,769.55963,946.643,2451.6355,771.40704,-491.3981,1602.6226,785.3426,959.4354,2411.2266,752.42535,-402.67282,2069.8875,1046.6277,262.34402,2191.729,848.2869,-263.67038,2637.3074,1180.0447,45.326023,2746.307,1052.9006,-620.6592,3071.9753,1501.2457,-409.47964,3121.4702,1474.0209,-950.64685,3107.7488,1617.4543,-474.41107,3146.6255,1605.5164,-989.1273,3305.9414,1512.6685,-629.33264,3412.7346,1444.0044,-1182.4783
IMG_5691.JPG,1245.7228,841.3455,-325.37378,1218.8492,858.6179,-464.43045,1221.0542,872.39954,-465.1327,1223.0938,885.4937,-465.06592,1219.8435,812.61487,-443.2871,1222.0535,794.2907,-444.2179,1223.6514,777.0073,-444.74387,1249.6919,905.25287,-868.5948,1254.4492,747.76953,-774.7566,1289.816,866.42926,-428.21335,1292.361,820.21643,-406.6549,1506.5907,1043.1034,-905.04443,1517.6791,604.8326,-804.29755,1575.2006,1396.1692,-836.04047,1797.161,611.22266,-560.14453,1299.6375,1318.9691,-731.69885,1961.2201,655.32245,-386.81943,1238.3445,1327.3123,-828.2527,1996.398,667.1938,-453.65002,1233.8242,1278.7433,-870.8505,1998.2795,678.25494,-538.26917,1258.2634,1268.8423,-751.1064,1982.8119,674.49207,-422.2287,1976.1003,981.52423,-10.388514,1965.8845,778.6866,9.465309,2089.893,965.5377,1167.1162,2076.6433,801.80524,1171.6276,2331.0159,882.5005,2197.3325,2396.9873,787.14813,2278.5754,2389.5664,878.75397,2291.6667,2469.4536,801.2976,2385.7778,2292.6855,841.29694,2270.1677,2380.3982,725.03827,2359.0037
IMG_5727.JPG,1331.124,620.123,-700.34326,1295.9263,636.9716,-849.0295,1294.3228,654.45795,-850.094,1292.566,670.009,-849.8463,1311.2812,580.235,-844.6634,1321.8688,559.25323,-845.64233,1332.5657,540.5474,-846.2798,1316.8458,704.2185,-1166.6296,1396.806,515.9843,-1143.0126,1379.9833,671.8568,-750.4895,1398.1088,609.06476,-751.75824,1539.191,991.8569,-1116.8501,1733.308,461.70374,-1020.16455,1624.795,1409.9329,-810.47296,1983.6206,465.946,-506.94397,1271.3838,1314.4159,-599.47656,1773.3752,436.87823,5.9328313,1207.3291,1306.379,-673.47626,1726.3474,401.72458,-4.2293105,1208.2072,1252.4119,-693.40765,1689.0149,464.56512,-57.059177,1239.2604,1244.8129,-599.7136,1696.3943,493.55185,-2.9320683,1985.9523,912.35065,13.424634,2026.9265,706.2374,-13.472961,2194.741,797.2143,1039.3383,2111.8835,702.7315,993.4031,2484.6511,770.46277,2023.0111,2527.2485,707.1254,1983.9255,2547.2302,772.859,2132.807,2620.4082,717.0942,2100.8914,2410.455,689.06946,2201.157,2438.59,662.1271,2180.7104
IMG_5728.JPG,1288.4778,773.7085,-821.4107,1253.264,791.0503,-962.68787,1246.2251,811.829,-963.5443,1241.2095,830.4748,-963.2518,1273.2931,736.0894,-946.0762,1281.1565,717.0714,-947.20306,1288.7075,699.4485,-947.8435,1261.3458,870.5473,-1276.4171,1354.7256,671.1569,-1205.1102,1329.1741,822.5264,-880.50226,1344.1052,761.2312,-866.4791,1456.3519,1149.5402,-1155.7328,1638.6407,626.59735,-1087.9779,1576.9629,1583.3995,-925.4507,1818.0977,697.99854,-663.3069,1200.9915,1510.7714,-741.9586,1545.1626,852.9792,-259.39658,1132.5403,1521.9843,-802.26544,1475.4525,845.2426,-269.8863,1133.6824,1454.0928,-825.70074,1451.1332,909.2423,-330.43503,1160.7954,1447.1986,-745.3432,1471.9823,924.7582,-277.38586,1794.0195,1136.889,35.608624,1837.0854,944.6415,-35.824646,2050.1492,983.37103,894.3107,2021.9457,835.6584,785.3885,2305.528,848.4174,1756.5912,2340.143,777.4437,1740.013,2383.2703,854.48865,1848.3422,2405.0637,764.73444,1854.5913,2250.0151,761.7534,1838.895,2282.0454,671.3346,1870.2295
IMG_5731.png,2113.2805,847.1065,-1005.8656,2153.644,827.0806,-988.65186,2164.5083,831.82526,-989.3753,2175.3904,836.0225,-989.51733,2130.7502,803.8441,-1026.2233,2123.1865,791.582,-1027.1201,2115.6587,778.3486,-1027.6349,2178.0962,810.63824,-764.1321,2097.6938,717.7444,-923.77795,2095.552,863.9299,-901.34204,2065.636,833.41534,-952.0245,2111.767,954.90405,-618.9511,1946.5144,603.94257,-752.2376,2101.1267,1203.0267,-760.5104,1682.9875,663.34705,-766.1161,1974.2018,1283.8353,-1100.8395,1457.3112,731.30786,-814.27637,1930.0214,1325.1388,-1183.6564,1382.4973,743.4411,-877.12866,1923.3379,1279.0886,-1226.409,1389.3635,769.6383,-937.7644,1928.9297,1254.1115,-1126.1066,1416.131,772.9403,-840.94183,1666.7139,980.63257,2.7119458,1634.8269,799.8257,-3.4948723,1278.6549,949.22754,140.25589,1254.0945,812.5767,-135.14641,1376.5101,829.4907,746.38336,1374.528,763.66943,687.65894,1437.4279,805.00146,816.0811,1420.5347,746.90936,785.5508,1306.9457,781.0462,869.1758,1288.5071,775.4622,890.7321
IMG_5732.png,2132.409,845.43207,-634.552,2171.7505,824.3221,-608.58026,2180.4634,827.0458,-609.27295,2187.9536,829.0204,-609.4225,2149.059,805.3632,-641.1915,2142.4978,794.9964,-642.0488,2135.967,783.56537,-642.47626,2186.5994,806.5627,-394.5283,2117.4878,730.94885,-533.12067,2116.3896,862.1643,-539.37067,2089.9404,836.18726,-584.08307,2120.582,957.03534,-290.03284,1937.377,655.3571,-426.0386,2125.3005,1182.5458,-469.80658,1682.836,731.45825,-435.81888,2067.2095,1270.0211,-862.3219,1470.274,819.78723,-517.4468,2035.8112,1302.5745,-944.6688,1408.8765,840.7252,-574.82214,2019.136,1267.669,-976.09235,1422.8243,863.2383,-627.9087,2021.6703,1248.3657,-883.8014,1445.6351,861.6507,-541.45917,1665.1504,1031.9022,38.264202,1614.1176,880.42615,-38.95497,1315.8962,1056.7919,168.8054,1282.8093,953.0142,-180.9795,1351.56,895.5275,746.01294,1312.6643,844.0833,545.73474,1342.966,900.7349,810.6577,1319.7314,813.1269,631.42084,1242.2094,879.68805,858.1618,1214.9358,867.4002,713.031
IMG_5733.png,2106.2976,832.942,-264.12488,2137.1958,814.7107,-229.17322,2144.8901,821.3066,-229.8584,2152.3054,825.3948,-230.00836,2118.8801,790.70953,-252.00616,2111.5718,780.817,-252.81326,2102.9692,770.6837,-253.21709,2142.3042,813.36475,-31.417706,2075.1348,741.98376,-127.91079,2094.2642,857.28827,-182.55745,2069.8472,830.8203,-215.12923,2085.3203,961.35205,25.96959,1906.2954,709.2362,-98.08676,2110.6035,1149.3711,-166.80482,1688.1951,795.6846,-119.69401,2091.5068,1233.3169,-569.16907,1500.7029,897.6494,-230.5734,2075.3333,1270.5121,-637.5373,1430.4575,924.4608,-276.6167,2053.3406,1238.2208,-668.39655,1448.8516,943.1475,-327.15155,2047.4626,1225.1176,-589.8134,1471.5765,941.3611,-253.44437,1642.3162,1092.2372,41.868813,1585.5607,957.06433,-42.681396,1345.6713,1140.187,109.56854,1318.5173,1057.8129,-256.0316,1332.9009,989.23413,663.9036,1317.9352,945.2918,422.97464,1353.935,968.80457,724.2337,1336.8685,922.9533,504.1799,1222.8561,983.93823,779.0162,1202.0569,977.75244,598.39215
IMG_5736.png,2245.9482,774.26416,-194.19853,2263.419,754.83685,-149.04056,2266.8184,758.66376,-149.70157,2270.4153,762.1251,-149.81213,2249.2942,741.0898,-183.0182,2241.4717,734.4323,-183.85248,2231.2068,725.04254,-184.2189,2244.359,755.6167,74.54181,2194.1492,704.72437,-74.53524,2227.1099,793.02246,-106.25024,2210.2222,777.6379,-153.5625,2168.7917,908.0267,195.89293,2026.6356,711.86725,-86.02471,2156.4465,1079.7622,83.71265,1831.2765,797.53766,-134.46365,2236.4485,1152.6449,-280.97983,1686.2198,936.338,-260.3152,2264.6182,1182.4407,-338.48312,1629.413,959.69806,-304.28076,2272.0508,1164.2731,-380.76245,1659.5393,984.9072,-348.7959,2254.2854,1151.7507,-309.17664,1680.3961,982.976,-280.9661,1798.9728,1109.5481,86.09929,1746.6062,989.3755,-86.67283,1506.2102,1211.4613,38.940296,1483.4105,1145.3021,-251.09383,1304.5958,1112.4639,444.4012,1296.2717,1038.8015,172.05655,1292.7856,1066.089,480.26627,1286.6553,999.11127,216.67297,1195.5969,1149.9288,391.66766,1173.2605,1095.0837,134.49352
IMG_5737 copy 10.png,2328.9429,713.8243,-134.87808,2340.9983,686.0032,-87.0348,2341.7126,686.2111,-87.69749,2342.787,686.7192,-87.78808,2332.392,677.74854,-147.2944,2327.2383,673.3987,-148.2288,2319.515,666.0213,-148.56824,2302.078,667.19904,141.02377,2265.723,634.8848,-129.49068,2303.4863,732.3858,-42.903793,2290.1536,722.36615,-125.43646,2222.2024,853.14935,313.51242,2069.143,648.4095,-200.23888,2190.7017,1041.4502,264.95743,1873.8126,776.93146,-281.29593,2326.433,1123.9464,-104.0246,1757.2327,957.41095,-410.4162,2370.355,1150.2413,-158.77794,1701.6084,994.62024,-469.67316,2383.556,1135.515,-220.3846,1738.342,1022.7499,-509.37204,2362.3198,1123.9904,-142.90489,1758.6385,1018.3028,-428.05908,1864.2252,1112.7881,141.41763,1792.3527,988.67426,-141.92407,1575.316,1282.7506,32.94429,1559.4385,1200.4988,-516.48535,1293.2374,1184.1838,434.1734,1258.1295,1106.2734,-153.42343,1252.5115,1140.4238,466.74814,1228.1763,1067.1289,-114.99836,1181.0874,1254.648,370.1747,1149.0406,1202.3944,-228.24728
IMG_5737 copy 11.png,2328.9429,713.8243,-134.87808,2340.9983,686.0032,-87.0348,2341.7126,686.2111,-87.69749,2342.787,686.7192,-87.78808,2332.392,677.74854,-147.2944,2327.2383,673.3987,-148.2288,2319.515,666.0213,-148.56824,2302.078,667.19904,141.02377,2265.723,634.8848,-129.49068,2303.4863,732.3858,-42.903793,2290.1536,722.36615,-125.43646,2222.2024,853.14935,313.51242,2069.143,648.4095,-200.23888,2190.7017,1041.4502,264.95743,1873.8126,776.93146,-281.29593,2326.433,1123.9464,-104.0246,1757.2327,957.41095,-410.4162,2370.355,1150.2413,-158.77794,1701.6084,994.62024,-469.67316,2383.556,1135.515,-220.3846,1738.342,1022.7499,-509.37204,2362.3198,1123.9904,-142.90489,1758.6385,1018.3028,-428.05908,1864.2252,1112.7881,141.41763,1792.3527,988.67426,-141.92407,1575.316,1282.7506,32.94429,1559.4385,1200.4988,-516.48535,1293.2374,1184.1838,434.1734,1258.1295,1106.2734,-153.42343,1252.5115,1140.4238,466.74814,1228.1763,1067.1289,-114.99836,1181.0874,1254.648,370.1747,1149.0406,1202.3944,-228.24728
IMG_5737 copy 12.png,2328.9429,713.8243,-134.87808,2340.9983,686.0032,-87.0348,2341.7126,686.2111,-87.69749,2342.787,686.7192,-87.78808,2332.392,677.74854,-147.2944,2327.2383,673.3987,-148.2288,2319.515,666.0213,-148.56824,2302.078,667.19904,141.02377,2265.723,634.8848,-129.49068,2303.4863,732.3858,-42.903793,2290.1536,722.36615,-125.43646,2222.2024,853.14935,313.51242,2069.143,648.4095,-200.23888,2190.7017,1041.4502,264.95743,1873.8126,776.93146,-281.29593,2326.433,1123.9464,-104.0246,1757.2327,957.41095,-410.4162,2370.355,1150.2413,-158.77794,1701.6084,994.62024,-469.67316,2383.556,1135.515,-220.3846,1738.342,1022.7499,-509.37204,2362.3198,1123.9904,-142.90489,1758.6385,1018.3028,-428.05908,1864.2252,1112.7881,141.41763,1792.3527,988.67426,-141.92407,1575.316,1282.7506,32.94429,1559.4385,1200.4988,-516.48535,1293.2374,1184.1838,434.1734,1258.1295,1106.2734,-153.42343,1252.5115,1140.4238,466.74814,1228.1763,1067.1289,-114.99836,1181.0874,1254.648,370.1747,1149.0406,1202.3944,-228.24728
IMG_5737 copy 13.png,2328.9429,713.8243,-134.87808,2340.9983,686.0032,-87.0348,2341.7126,686.2111,-87.69749,2342.787,686.7192,-87.78808,2332.392,677.74854,-147.2944,2327.2383,673.3987,-148.2288,2319.515,666.0213,-148.56824,2302.078,667.19904,141.02377,2265.723,634.8848,-129.49068,2303.4863,732.3858,-42.903793,2290.1536,722.36615,-125.43646,2222.2024,853.14935,313.51242,2069.143,648.4095,-200.23888,2190.7017,1041.4502,264.95743,1873.8126,776.93146,-281.29593,2326.433,1123.9464,-104.0246,1757.2327,957.41095,-410.4162,2370.355,1150.2413,-158.77794,1701.6084,994.62024,-469.67316,2383.556,1135.515,-220.3846,1738.342,1022.7499,-509.37204,2362.3198,1123.9904,-142.90489,1758.6385,1018.3028,-428.05908,1864.2252,1112.7881,141.41763,1792.3527,988.67426,-141.92407,1575.316,1282.7506,32.94429,1559.4385,1200.4988,-516.48535,1293.2374,1184.1838,434.1734,1258.1295,1106.2734,-153.42343,1252.5115,1140.4238,466.74814,1228.1763,1067.1289,-114.99836,1181.0874,1254.648,370.1747,1149.0406,1202.3944,-228.24728
IMG_5737 copy 14.png,2328.9429,713.8243,-134.87808,2340.9983,686.0032,-87.0348,2341.7126,686.2111,-87.69749,2342.787,686.7192,-87.78808,2332.392,677.74854,-147.2944,2327.2383,673.3987,-148.2288,2319.515,666.0213,-148.56824,2302.078,667.19904,141.02377,2265.723,634.8848,-129.49068,2303.4863,732.3858,-42.903793,2290.1536,722.36615,-125.43646,2222.2024,853.14935,313.51242,2069.143,648.4095,-200.23888,2190.7017,1041.4502,264.95743,1873.8126,776.93146,-281.29593,2326.433,1123.9464,-104.0246,1757.2327,957.41095,-410.4162,2370.355,1150.2413,-158.77794,1701.6084,994.62024,-469.67316,2383.556,1135.515,-220.3846,1738.342,1022.7499,-509.37204,2362.3198,1123.9904,-142.90489,1758.6385,1018.3028,-428.05908,1864.2252,1112.7881,141.41763,1792.3527,988.67426,-141.92407,1575.316,1282.7506,32.94429,1559.4385,1200.4988,-516.48535,1293.2374,1184.1838,434.1734,1258.1295,1106.2734,-153.42343,1252.5115,1140.4238,466.74814,1228.1763,1067.1289,-114.99836,1181.0874,1254.648,370.1747,1149.0406,1202.3944,-228.24728
IMG_5737 copy 15.png,2328.9429,713.8243,-134.87808,2340.9983,686.0032,-87.0348,2341.7126,686.2111,-87.69749,2342.787,686.7192,-87.78808,2332.392,677.74854,-147.2944,2327.2383,673.3987,-148.2288,2319.515,666.0213,-148.56824,2302.078,667.19904,141.02377,2265.723,634.8848,-129.49068,2303.4863,732.3858,-42.903793,2290.1536,722.36615,-125.43646,2222.2024,853.14935,313.51242,2069.143,648.4095,-200.23888,2190.7017,1041.4502,264.95743,1873.8126,776.93146,-281.29593,2326.433,1123.9464,-104.0246,1757.2327,957.41095,-410.4162,2370.355,1150.2413,-158.77794,1701.6084,994.62024,-469.67316,2383.556,1135.515,-220.3846,1738.342,1022.7499,-509.37204,2362.3198,1123.9904,-142.90489,1758.6385,1018.3028,-428.05908,1864.2252,1112.7881,141.41763,1792.3527,988.67426,-141.92407,1575.316,1282.7506,32.94429,1559.4385,1200.4988,-516.48535,1293.2374,1184.1838,434.1734,1258.1295,1106.2734,-153.42343,1252.5115,1140.4238,466.74814,1228.1763,1067.1289,-114.99836,1181.0874,1254.648,370.1747,1149.0406,1202.3944,-228.24728
IMG_5737 copy 16.png,2328.9429,713.8243,-134.87808,2340.9983,686.0032,-87.0348,2341.7126,686.2111,-87.69749,2342.787,686.7192,-87.78808,2332.392,677.74854,-147.2944,2327.2383,673.3987,-148.2288,2319.515,666.0213,-148.56824,2302.078,667.19904,141.02377,2265.723,634.8848,-129.49068,2303.4863,732.3858,-42.903793,2290.1536,722.36615,-125.43646,2222.2024,853.14935,313.51242,2069.143,648.4095,-200.23888,2190.7017,1041.4502,264.95743,1873.8126,776.93146,-281.29593,2326.433,1123.9464,-104.0246,1757.2327,957.41095,-410.4162,2370.355,1150.2413,-158.77794,1701.6084,994.62024,-469.67316,2383.556,1135.515,-220.3846,1738.342,1022.7499,-509.37204,2362.3198,1123.9904,-142.90489,1758.6385,1018.3028,-428.05908,1864.2252,1112.7881,141.41763,1792.3527,988.67426,-141.92407,1575.316,1282.7506,32.94429,1559.4385,1200.4988,-516.48535,1293.2374,1184.1838,434.1734,1258.1295,1106.2734,-153.42343,1252.5115,1140.4238,466.74814,1228.1763,1067.1289,-114.99836,1181.0874,1254.648,370.1747,1149.0406,1202.3944,-228.24728
IMG_5737 copy 2.png,2328.9429,713.8243,-134.87808,2340.9983,686.0032,-87.0348,2341.7126,686.2111,-87.69749,2342.787,686.7192,-87.78808,2332.392,677.74854,-147.2944,2327.2383,673.3987,-148.2288,2319.515,666.0213,-148.56824,2302.078,667.19904,141.02377,2265.723,634.8848,-129.49068,2303.4863,732.3858,-42.903793,2290.1536,722.36615,-125.43646,2222.2024,853.14935,313.51242,2069.143,648.4095,-200.23888,2190.7017,1041.4502,264.95743,1873.8126,776.93146,-281.29593,2326.433,1123.9464,-104.0246,1757.2327,957.41095,-410.4162,2370.355,1150.2413,-158.77794,1701.6084,994.62024,-469.67316,2383.556,1135.515,-220.3846,1738.342,1022.7499,-509.37204,2362.3198,1123.9904,-142.90489,1758.6385,1018.3028,-428.05908,1864.2252,1112.7881,141.41763,1792.3527,988.67426,-141.92407,1575.316,1282.7506,32.94429,1559.4385,1200.4988,-516.48535,1293.2374,1184.1838,434.1734,1258.1295,1106.2734,-153.42343,1252.5115,1140.4238,466.74814,1228.1763,1067.1289,-114.99836,1181.0874,1254.648,370.1747,1149.0406,1202.3944,-228.24728
IMG_5737 copy 3.png,2328.9429,713.8243,-134.87808,2340.9983,686.0032,-87.0348,2341.7126,686.2111,-87.69749,2342.787,686.7192,-87.78808,2332.392,677.74854,-147.2944,2327.2383,673.3987,-148.2288,2319.515,666.0213,-148.56824,2302.078,667.19904,141.02377,2265.723,634.8848,-129.49068,2303.4863,732.3858,-42.903793,2290.1536,722.36615,-125.43646,2222.2024,853.14935,313.51242,2069.143,648.4095,-200.23888,2190.7017,1041.4502,264.95743,1873.8126,776.93146,-281.29593,2326.433,1123.9464,-104.0246,1757.2327,957.41095,-410.4162,2370.355,1150.2413,-158.77794,1701.6084,994.62024,-469.67316,2383.556,1135.515,-220.3846,1738.342,1022.7499,-509.37204,2362.3198,1123.9904,-142.90489,1758.6385,1018.3028,-428.05908,1864.2252,1112.7881,141.41763,1792.3527,988.67426,-141.92407,1575.316,1282.7506,32.94429,1559.4385,1200.4988,-516.48535,1293.2374,1184.1838,434.1734,1258.1295,1106.2734,-153.42343,1252.5115,1140.4238,466.74814,1228.1763,1067.1289,-114.99836,1181.0874,1254.648,370.1747,1149.0406,1202.3944,-228.24728
IMG_5737 copy 4.png,2328.9429,713.8243,-134.87808,2340.9983,686.0032,-87.0348,2341.7126,686.2111,-87.69749,2342.787,686.7192,-87.78808,2332.392,677.74854,-147.2944,2327.2383,673.3987,-148.2288,2319.515,666.0213,-148.56824,2302.078,667.19904,141.02377,2265.723,634.8848,-129.49068,2303.4863,732.3858,-42.903793,2290.1536,722.36615,-125.43646,2222.2024,853.14935,313.51242,2069.143,648.4095,-200.23888,2190.7017,1041.4502,264.95743,1873.8126,776.93146,-281.29593,2326.433,1123.9464,-104.0246,1757.2327,957.41095,-410.4162,2370.355,1150.2413,-158.77794,1701.6084,994.62024,-469.67316,2383.556,1135.515,-220.3846,1738.342,1022.7499,-509.37204,2362.3198,1123.9904,-142.90489,1758.6385,1018.3028,-428.05908,1864.2252,1112.7881,141.41763,1792.3527,988.67426,-141.92407,1575.316,1282.7506,32.94429,1559.4385,1200.4988,-516.48535,1293.2374,1184.1838,434.1734,1258.1295,1106.2734,-153.42343,1252.5115,1140.4238,466.74814,1228.1763,1067.1289,-114.99836,1181.0874,1254.648,370.1747,1149.0406,1202.3944,-228.24728
IMG_5737 copy 5.png,2328.9429,713.8243,-134.87808,2340.9983,686.0032,-87.0348,2341.7126,686.2111,-87.69749,2342.787,686.7192,-87.78808,2332.392,677.74854,-147.2944,2327.2383,673.3987,-148.2288,2319.515,666.0213,-148.56824,2302.078,667.19904,141.02377,2265.723,634.8848,-129.49068,2303.4863,732.3858,-42.903793,2290.1536,722.36615,-125.43646,2222.2024,853.14935,313.51242,2069.143,648.4095,-200.23888,2190.7017,1041.4502,264.95743,1873.8126,776.93146,-281.29593,2326.433,1123.9464,-104.0246,1757.2327,957.41095,-410.4162,2370.355,1150.2413,-158.77794,1701.6084,994.62024,-469.67316,2383.556,1135.515,-220.3846,1738.342,1022.7499,-509.37204,2362.3198,1123.9904,-142.90489,1758.6385,1018.3028,-428.05908,1864.2252,1112.7881,141.41763,1792.3527,988.67426,-141.92407,1575.316,1282.7506,32.94429,1559.4385,1200.4988,-516.48535,1293.2374,1184.1838,434.1734,1258.1295,1106.2734,-153.42343,1252.5115,1140.4238,466.74814,1228.1763,1067.1289,-114.99836,1181.0874,1254.648,370.1747,1149.0406,1202.3944,-228.24728
IMG_5737 copy 6.png,2328.9429,713.8243,-134.87808,2340.9983,686.0032,-87.0348,2341.7126,686.2111,-87.69749,2342.787,686.7192,-87.78808,2332.392,677.74854,-147.2944,2327.2383,673.3987,-148.2288,2319.515,666.0213,-148.56824,2302.078,667.19904,141.02377,2265.723,634.8848,-129.49068,2303.4863,732.3858,-42.903793,2290.1536,722.36615,-125.43646,2222.2024,853.14935,313.51242,2069.143,648.4095,-200.23888,2190.7017,1041.4502,264.95743,1873.8126,776.93146,-281.29593,2326.433,1123.9464,-104.0246,1757.2327,957.41095,-410.4162,2370.355,1150.2413,-158.77794,1701.6084,994.62024,-469.67316,2383.556,1135.515,-220.3846,1738.342,1022.7499,-509.37204,2362.3198,1123.9904,-142.90489,1758.6385,1018.3028,-428.05908,1864.2252,1112.7881,141.41763,1792.3527,988.67426,-141.92407,1575.316,1282.7506,32.94429,1559.4385,1200.4988,-516.48535,1293.2374,1184.1838,434.1734,1258.1295,1106.2734,-153.42343,1252.5115,1140.4238,466.74814,1228.1763,1067.1289,-114.99836,1181.0874,1254.648,370.1747,1149.0406,1202.3944,-228.24728
IMG_5737 copy 7.png,2328.9429,713.8243,-134.87808,2340.9983,686.0032,-87.0348,2341.7126,686.2111,-87.69749,2342.787,686.7192,-87.78808,2332.392,677.74854,-147.2944,2327.2383,673.3987,-148.2288,2319.515,666.0213,-148.56824,2302.078,667.19904,141.02377,2265.723,634.8848,-129.49068,2303.4863,732.3858,-42.903793,2290.1536,722.36615,-125.43646,2222.2024,853.14935,313.51242,2069.143,648.4095,-200.23888,2190.7017,1041.4502,264.95743,1873.8126,776.93146,-281.29593,2326.433,1123.9464,-104.0246,1757.2327,957.41095,-410.4162,2370.355,1150.2413,-158.77794,1701.6084,994.62024,-469.67316,2383.556,1135.515,-220.3846,1738.342,1022.7499,-509.37204,2362.3198,1123.9904,-142.90489,1758.6385,1018.3028,-428.05908,1864.2252,1112.7881,141.41763,1792.3527,988.67426,-141.92407,1575.316,1282.7506,32.94429,1559.4385,1200.4988,-516.48535,1293.2374,1184.1838,434.1734,1258.1295,1106.2734,-153.42343,1252.5115,1140.4238,466.74814,1228.1763,1067.1289,-114.99836,1181.0874,1254.648,370.1747,1149.0406,1202.3944,-228.24728
IMG_5737 copy 8.png,2328.9429,713.8243,-134.87808,2340.9983,686.0032,-87.0348,2341.7126,686.2111,-87.69749,2342.787,686.7192,-87.78808,2332.392,677.74854,-147.2944,2327.2383,673.3987,-148.2288,2319.515,666.0213,-148.56824,2302.078,667.19904,141.02377,2265.723,634.8848,-129.49068,2303.4863,732.3858,-42.903793,2290.1536,722.36615,-125.43646,2222.2024,853.14935,313.51242,2069.143,648.4095,-200.23888,2190.7017,1041.4502,264.95743,1873.8126,776.93146,-281.29593,2326.433,1123.9464,-104.0246,1757.2327,957.41095,-410.4162,2370.355,1150.2413,-158.77794,1701.6084,994.62024,-469.67316,2383.556,1135.515,-220.3846,1738.342,1022.7499,-509.37204,2362.3198,1123.9904,-142.90489,1758.6385,1018.3028,-428.05908,1864.2252,1112.7881,141.41763,1792.3527,988.67426,-141.92407,1575.316,1282.7506,32.94429,1559.4385,1200.4988,-516.48535,1293.2374,1184.1838,434.1734,1258.1295,1106.2734,-153.42343,1252.5115,1140.4238,466.74814,1228.1763,1067.1289,-114.99836,1181.0874,1254.648,370.1747,1149.0406,1202.3944,-228.24728
IMG_5737 copy 9.png,2328.9429,713.8243,-134.87808,2340.9983,686.0032,-87.0348,2341.7126,686.2111,-87.69749,2342.787,686.7192,-87.78808,2332.392,677.74854,-147.2944,2327.2383,673.3987,-148.2288,2319.515,666.0213,-148.56824,2302.078,667.19904,141.02377,2265.723,634.8848,-129.49068,2303.4863,732.3858,-42.903793,2290.1536,722.36615,-125.43646,2222.2024,853.14935,313.51242,2069.143,648.4095,-200.23888,2190.7017,1041.4502,264.95743,1873.8126,776.93146,-281.29593,2326.433,1123.9464,-104.0246,1757.2327,957.41095,-410.4162,2370.355,1150.2413,-158.77794,1701.6084,994.62024,-469.67316,2383.556,1135.515,-220.3846,1738.342,1022.7499,-509.37204,2362.3198,1123.9904,-142.90489,1758.6385,1018.3028,-428.05908,1864.2252,1112.7881,141.41763,1792.3527,988.67426,-141.92407,1575.316,1282.7506,32.94429,1559.4385,1200.4988,-516.48535,1293.2374,1184.1838,434.1734,1258.1295,1106.2734,-153.42343,1252.5115,1140.4238,466.74814,1228.1763,1067.1289,-114.99836,1181.0874,1254.648,370.1747,1149.0406,1202.3944,-228.24728
IMG_5737 copy.png,2328.9429,713.8243,-134.87808,2340.9983,686.0032,-87.0348,2341.7126,686.2111,-87.69749,2342.787,686.7192,-87.78808,2332.392,677.74854,-147.2944,2327.2383,673.3987,-148.2288,2319.515,666.0213,-148.56824,2302.078,667.19904,141.02377,2265.723,634.8848,-129.49068,2303.4863,732.3858,-42.903793,2290.1536,722.36615,-125.43646,2222.2024,853.14935,313.51242,2069.143,648.4095,-200.23888,2190.7017,1041.4502,264.95743,1873.8126,776.93146,-281.29593,2326.433,1123.9464,-104.0246,1757.2327,957.41095,-410.4162,2370.355,1150.2413,-158.77794,1701.6084,994.62024,-469.67316,2383.556,1135.515,-220.3846,1738.342,1022.7499,-509.37204,2362.3198,1123.9904,-142.90489,1758.6385,1018.3028,-428.05908,1864.2252,1112.7881,141.41763,1792.3527,988.67426,-141.92407,1575.316,1282.7506,32.94429,1559.4385,1200.4988,-516.48535,1293.2374,1184.1838,434.1734,1258.1295,1106.2734,-153.42343,1252.5115,1140.4238,466.74814,1228.1763,1067.1289,-114.99836,1181.0874,1254.648,370.1747,1149.0406,1202.3944,-228.24728
IMG_5737.png,2328.9429,713.8243,-134.87808,2340.9983,686.0032,-87.0348,2341.7126,686.2111,-87.69749,2342.787,686.7192,-87.78808,2332.392,677.74854,-147.2944,2327.2383,673.3987,-148.2288,2319.515,666.0213,-148.56824,2302.078,667.19904,141.02377,2265.723,634.8848,-129.49068,2303.4863,732.3858,-42.903793,2290.1536,722.36615,-125.43646,2222.2024,853.14935,313.51242,2069.143,648.4095,-200.23888,2190.7017,1041.4502,264.95743,1873.8126,776.93146,-281.29593,2326.433,1123.9464,-104.0246,1757.2327,957.41095,-410.4162,2370.355,1150.2413,-158.77794,1701.6084,994.62024,-469.67316,2383.556,1135.515,-220.3846,1738.342,1022.7499,-509.37204,2362.3198,1123.9904,-142.90489,1758.6385,1018.3028,-428.05908,1864.2252,1112.7881,141.41763,1792.3527,988.67426,-141.92407,1575.316,1282.7506,32.94429,1559.4385,1200.4988,-516.48535,1293.2374,1184.1838,434.1734,1258.1295,1106.2734,-153.42343,1252.5115,1140.4238,466.74814,1228.1763,1067.1289,-114.99836,1181.0874,1254.648,370.1747,1149.0406,1202.3944,-228.24728
IMG_5742.JPG,1542.5688,318.00266,1091.6349,1497.9633,298.9543,1098.4623,1486.4337,304.3535,1098.3776,1473.5369,311.68625,1098.2842,1512.105,285.59183,1032.4246,1513.2545,280.1476,1031.5382,1514.3114,274.73123,1031.7748,1445.8651,341.31888,1071.7799,1503.3796,284.3193,769.2188,1547.0664,346.02512,1097.6731,1557.2509,334.5315,1005.75916,1429.6859,600.27515,1071.195,1587.2141,385.3831,308.48413,1438.5371,902.7875,1192.3024,1778.7332,638.9411,-51.35816,1624.5782,826.5522,1424.2079,2076.1733,873.775,-114.11455,1637.0448,835.1784,1488.6405,2132.5293,959.68134,-196.38475,1667.4486,792.42,1427.9685,2153.717,958.6009,-145.34256,1663.2555,797.6552,1405.9259,2133.402,939.909,-99.34142,1704.3298,1021.305,250.20941,1826.6792,882.8439,-251.68814,2005.2546,1309.6681,17.5576,2232.3389,1268.0651,-557.6037,1953.7721,1748.6154,-348.9054,1929.6957,1628.1655,-1027.0883,1947.5955,1782.257,-392.83374,1898.588,1663.2035,-1070.5393,1946.3087,1882.8553,-497.04648,1987.9927,1722.9999,-1173.2134
IMG_5743.JPG,1515.0215,388.677,963.7384,1466.684,371.77222,933.82263,1456.0935,379.86105,933.5582,1443.8262,390.72745,933.1519,1476.6622,358.37433,860.0505,1475.6348,354.84885,859.18036,1474.6823,351.06717,859.1337,1419.1608,436.29453,783.3168,1465.4785,370.7823,446.87076,1526.3772,422.35352,933.32806,1535.7823,408.85843,831.507,1447.329,740.371,815.2972,1642.0005,443.1731,-18.373796,1465.29,1027.7769,1154.0326,1950.9491,676.58826,-281.86484,1635.2134,897.6395,1657.0613,2308.097,837.1762,-267.0981,1672.7577,864.3814,1739.376,2381.2944,904.6458,-338.646,1678.544,836.98004,1673.1765,2396.851,909.8909,-333.20087,1660.734,851.02997,1639.6692,2368.6958,892.43585,-267.00906,1942.5007,1085.6614,296.34512,2050.2126,926.00604,-297.29446,2377.835,1294.9791,284.5464,2558.563,1210.2784,-400.71603,2529.0247,1737.7972,193.15945,2484.926,1683.8976,-581.97205,2543.7449,1788.5667,172.09091,2453.5469,1752.2627,-600.0244,2613.2146,1803.9435,109.77278,2624.7886,1770.5286,-705.1135
IMG_5744 copy 10.JPG,1147.6777,465.4027,382.5498,1087.1758,465.9506,277.0577,1072.0889,480.59357,276.13922,1056.2065,496.46146,275.90576,1109.8982,436.39407,233.06456,1111.8182,428.74078,231.57971,1112.9111,420.0379,231.36168,1048.7495,544.81775,-51.47407,1120.949,432.2256,-250.97064,1164.7952,508.8105,308.12372,1183.303,482.1916,243.32463,1150.351,891.8657,29.034626,1404.5544,489.96124,-505.78226,1192.2069,1197.4801,560.8038,1839.1548,677.3217,-511.84036,1301.5264,954.1231,1275.469,2196.3196,783.8067,-371.77817,1317.2926,900.9711,1368.9698,2290.802,837.35834,-407.70358,1317.7214,874.9122,1288.1654,2302.6453,847.938,-468.92007,1312.3003,895.02985,1260.9313,2267.4053,838.333,-395.65448,1892.7382,1157.0837,222.91003,1994.1797,950.355,-223.96683,2415.5513,1262.8429,697.2965,2520.4531,1123.8936,-31.183592,2713.8655,1591.4731,804.2428,2779.262,1531.0653,-13.191328,2723.381,1700.8768,800.8976,2800.4614,1639.2332,-11.255533,2914.603,1572.8706,794.87024,3030.6985,1526.0,-100.45694
IMG_5744 copy 11.JPG,1147.6777,465.4027,382.5498,1087.1758,465.9506,277.0577,1072.0889,480.59357,276.13922,1056.2065,496.46146,275.90576,1109.8982,436.39407,233.06456,1111.8182,428.74078,231.57971,1112.9111,420.0379,231.36168,1048.7495,544.81775,-51.47407,1120.949,432.2256,-250.97064,1164.7952,508.8105,308.12372,1183.303,482.1916,243.32463,1150.351,891.8657,29.034626,1404.5544,489.96124,-505.78226,1192.2069,1197.4801,560.8038,1839.1548,677.3217,-511.84036,1301.5264,954.1231,1275.469,2196.3196,783.8067,-371.77817,1317.2926,900.9711,1368.9698,2290.802,837.35834,-407.70358,1317.7214,874.9122,1288.1654,2302.6453,847.938,-468.92007,1312.3003,895.02985,1260.9313,2267.4053,838.333,-395.65448,1892.7382,1157.0837,222.91003,1994.1797,950.355,-223.96683,2415.5513,1262.8429,697.2965,2520.4531,1123.8936,-31.183592,2713.8655,1591.4731,804.2428,2779.262,1531.0653,-13.191328,2723.381,1700.8768,800.8976,2800.4614,1639.2332,-11.255533,2914.603,1572.8706,794.87024,3030.6985,1526.0,-100.45694
IMG_5744 copy 12.JPG,1147.6777,465.4027,382.5498,1087.1758,465.9506,277.0577,1072.0889,480.59357,276.13922,1056.2065,496.46146,275.90576,1109.8982,436.39407,233.06456,1111.8182,428.74078,231.57971,1112.9111,420.0379,231.36168,1048.7495,544.81775,-51.47407,1120.949,432.2256,-250.97064,1164.7952,508.8105,308.12372,1183.303,482.1916,243.32463,1150.351,891.8657,29.034626,1404.5544,489.96124,-505.78226,1192.2069,1197.4801,560.8038,1839.1548,677.3217,-511.84036,1301.5264,954.1231,1275.469,2196.3196,783.8067,-371.77817,1317.2926,900.9711,1368.9698,2290.802,837.35834,-407.70358,1317.7214,874.9122,1288.1654,2302.6453,847.938,-468.92007,1312.3003,895.02985,1260.9313,2267.4053,838.333,-395.65448,1892.7382,1157.0837,222.91003,1994.1797,950.355,-223.96683,2415.5513,1262.8429,697.2965,2520.4531,1123.8936,-31.183592,2713.8655,1591.4731,804.2428,2779.262,1531.0653,-13.191328,2723.381,1700.8768,800.8976,2800.4614,1639.2332,-11.255533,2914.603,1572.8706,794.87024,3030.6985,1526.0,-100.45694
IMG_5744 copy 2.JPG,1147.6777,465.4027,382.5498,1087.1758,465.9506,277.0577,1072.0889,480.59357,276.13922,1056.2065,496.46146,275.90576,1109.8982,436.39407,233.06456,1111.8182,428.74078,231.57971,1112.9111,420.0379,231.36168,1048.7495,544.81775,-51.47407,1120.949,432.2256,-250.97064,1164.7952,508.8105,308.12372,1183.303,482.1916,243.32463,1150.351,891.8657,29.034626,1404.5544,489.96124,-505.78226,1192.2069,1197.4801,560.8038,1839.1548,677.3217,-511.84036,1301.5264,954.1231,1275.469,2196.3196,783.8067,-371.77817,1317.2926,900.9711,1368.9698,2290.802,837.35834,-407.70358,1317.7214,874.9122,1288.1654,2302.6453,847.938,-468.92007,1312.3003,895.02985,1260.9313,2267.4053,838.333,-395.65448,1892.7382,1157.0837,222.91003,1994.1797,950.355,-223.96683,2415.5513,1262.8429,697.2965,2520.4531,1123.8936,-31.183592,2713.8655,1591.4731,804.2428,2779.262,1531.0653,-13.191328,2723.381,1700.8768,800.8976,2800.4614,1639.2332,-11.255533,2914.603,1572.8706,794.87024,3030.6985,1526.0,-100.45694
IMG_5744 copy 3.JPG,1147.6777,465.4027,382.5498,1087.1758,465.9506,277.0577,1072.0889,480.59357,276.13922,1056.2065,496.46146,275.90576,1109.8982,436.39407,233.06456,1111.8182,428.74078,231.57971,1112.9111,420.0379,231.36168,1048.7495,544.81775,-51.47407,1120.949,432.2256,-250.97064,1164.7952,508.8105,308.12372,1183.303,482.1916,243.32463,1150.351,891.8657,29.034626,1404.5544,489.96124,-505.78226,1192.2069,1197.4801,560.8038,1839.1548,677.3217,-511.84036,1301.5264,954.1231,1275.469,2196.3196,783.8067,-371.77817,1317.2926,900.9711,1368.9698,2290.802,837.35834,-407.70358,1317.7214,874.9122,1288.1654,2302.6453,847.938,-468.92007,1312.3003,895.02985,1260.9313,2267.4053,838.333,-395.65448,1892.7382,1157.0837,222.91003,1994.1797,950.355,-223.96683,2415.5513,1262.8429,697.2965,2520.4531,1123.8936,-31.183592,2713.8655,1591.4731,804.2428,2779.262,1531.0653,-13.191328,2723.381,1700.8768,800.8976,2800.4614,1639.2332,-11.255533,2914.603,1572.8706,794.87024,3030.6985,1526.0,-100.45694
IMG_5744 copy 4.JPG,1147.6777,465.4027,382.5498,1087.1758,465.9506,277.0577,1072.0889,480.59357,276.13922,1056.2065,496.46146,275.90576,1109.8982,436.39407,233.06456,1111.8182,428.74078,231.57971,1112.9111,420.0379,231.36168,1048.7495,544.81775,-51.47407,1120.949,432.2256,-250.97064,1164.7952,508.8105,308.12372,1183.303,482.1916,243.32463,1150.351,891.8657,29.034626,1404.5544,489.96124,-505.78226,1192.2069,1197.4801,560.8038,1839.1548,677.3217,-511.84036,1301.5264,954.1231,1275.469,2196.3196,783.8067,-371.77817,1317.2926,900.9711,1368.9698,2290.802,837.35834,-407.70358,1317.7214,874.9122,1288.1654,2302.6453,847.938,-468.92007,1312.3003,895.02985,1260.9313,2267.4053,838.333,-395.65448,1892.7382,1157.0837,222.91003,1994.1797,950.355,-223.96683,2415.5513,1262.8429,697.2965,2520.4531,1123.8936,-31.183592,2713.8655,1591.4731,804.2428,2779.262,1531.0653,-13.191328,2723.381,1700.8768,800.8976,2800.4614,1639.2332,-11.255533,2914.603,1572.8706,794.87024,3030.6985,1526.0,-100.45694
IMG_5744 copy 5.JPG,1147.6777,465.4027,382.5498,1087.1758,465.9506,277.0577,1072.0889,480.59357,276.13922,1056.2065,496.46146,275.90576,1109.8982,436.39407,233.06456,1111.8182,428.74078,231.57971,1112.9111,420.0379,231.36168,1048.7495,544.81775,-51.47407,1120.949,432.2256,-250.97064,1164.7952,508.8105,308.12372,1183.303,482.1916,243.32463,1150.351,891.8657,29.034626,1404.5544,489.96124,-505.78226,1192.2069,1197.4801,560.8038,1839.1548,677.3217,-511.84036,1301.5264,954.1231,1275.469,2196.3196,783.8067,-371.77817,1317.2926,900.9711,1368.9698,2290.802,837.35834,-407.70358,1317.7214,874.9122,1288.1654,2302.6453,847.938,-468.92007,1312.3003,895.02985,1260.9313,2267.4053,838.333,-395.65448,1892.7382,1157.0837,222.91003,1994.1797,950.355,-223.96683,2415.5513,1262.8429,697.2965,2520.4531,1123.8936,-31.183592,2713.8655,1591.4731,804.2428,2779.262,1531.0653,-13.191328,2723.381,1700.8768,800.8976,2800.4614,1639.2332,-11.255533,2914.603,1572.8706,794.87024,3030.6985,1526.0,-100.45694
IMG_5744 copy 6.JPG,1147.6777,465.4027,382.5498,1087.1758,465.9506,277.0577,1072.0889,480.59357,276.13922,1056.2065,496.46146,275.90576,1109.8982,436.39407,233.06456,1111.8182,428.74078,231.57971,1112.9111,420.0379,231.36168,1048.7495,544.81775,-51.47407,1120.949,432.2256,-250.97064,1164.7952,508.8105,308.12372,1183.303,482.1916,243.32463,1150.351,891.8657,29.034626,1404.5544,489.96124,-505.78226,1192.2069,1197.4801,560.8038,1839.1548,677.3217,-511.84036,1301.5264,954.1231,1275.469,2196.3196,783.8067,-371.77817,1317.2926,900.9711,1368.9698,2290.802,837.35834,-407.70358,1317.7214,874.9122,1288.1654,2302.6453,847.938,-468.92007,1312.3003,895.02985,1260.9313,2267.4053,838.333,-395.65448,1892.7382,1157.0837,222.91003,1994.1797,950.355,-223.96683,2415.5513,1262.8429,697.2965,2520.4531,1123.8936,-31.183592,2713.8655,1591.4731,804.2428,2779.262,1531.0653,-13.191328,2723.381,1700.8768,800.8976,2800.4614,1639.2332,-11.255533,2914.603,1572.8706,794.87024,3030.6985,1526.0,-100.45694
IMG_5744 copy 7.JPG,1147.6777,465.4027,382.5498,1087.1758,465.9506,277.0577,1072.0889,480.59357,276.13922,1056.2065,496.46146,275.90576,1109.8982,436.39407,233.06456,1111.8182,428.74078,231.57971,1112.9111,420.0379,231.36168,1048.7495,544.81775,-51.47407,1120.949,432.2256,-250.97064,1164.7952,508.8105,308.12372,1183.303,482.1916,243.32463,1150.351,891.8657,29.034626,1404.5544,489.96124,-505.78226,1192.2069,1197.4801,560.8038,1839.1548,677.3217,-511.84036,1301.5264,954.1231,1275.469,2196.3196,783.8067,-371.77817,1317.2926,900.9711,1368.9698,2290.802,837.35834,-407.70358,1317.7214,874.9122,1288.1654,2302.6453,847.938,-468.92007,1312.3003,895.02985,1260.9313,2267.4053,838.333,-395.65448,1892.7382,1157.0837,222.91003,1994.1797,950.355,-223.96683,2415.5513,1262.8429,697.2965,2520.4531,1123.8936,-31.183592,2713.8655,1591.4731,804.2428,2779.262,1531.0653,-13.191328,2723.381,1700.8768,800.8976,2800.4614,1639.2332,-11.255533,2914.603,1572.8706,794.87024,3030.6985,1526.0,-100.45694
IMG_5744 copy 8.JPG,1147.6777,465.4027,382.5498,1087.1758,465.9506,277.0577,1072.0889,480.59357,276.13922,1056.2065,496.46146,275.90576,1109.8982,436.39407,233.06456,1111.8182,428.74078,231.57971,1112.9111,420.0379,231.36168,1048.7495,544.81775,-51.47407,1120.949,432.2256,-250.97064,1164.7952,508.8105,308.12372,1183.303,482.1916,243.32463,1150.351,891.8657,29.034626,1404.5544,489.96124,-505.78226,1192.2069,1197.4801,560.8038,1839.1548,677.3217,-511.84036,1301.5264,954.1231,1275.469,2196.3196,783.8067,-371.77817,1317.2926,900.9711,1368.9698,2290.802,837.35834,-407.70358,1317.7214,874.9122,1288.1654,2302.6453,847.938,-468.92007,1312.3003,895.02985,1260.9313,2267.4053,838.333,-395.65448,1892.7382,1157.0837,222.91003,1994.1797,950.355,-223.96683,2415.5513,1262.8429,697.2965,2520.4531,1123.8936,-31.183592,2713.8655,1591.4731,804.2428,2779.262,1531.0653,-13.191328,2723.381,1700.8768,800.8976,2800.4614,1639.2332,-11.255533,2914.603,1572.8706,794.87024,3030.6985,1526.0,-100.45694
IMG_5744 copy 9.JPG,1147.6777,465.4027,382.5498,1087.1758,465.9506,277.0577,1072.0889,480.59357,276.13922,1056.2065,496.46146,275.90576,1109.8982,436.39407,233.06456,1111.8182,428.74078,231.57971,1112.9111,420.0379,231.36168,1048.7495,544.81775,-51.47407,1120.949,432.2256,-250.97064,1164.7952,508.8105,308.12372,1183.303,482.1916,243.32463,1150.351,891.8657,29.034626,1404.5544,489.96124,-505.78226,1192.2069,1197.4801,560.8038,1839.1548,677.3217,-511.84036,1301.5264,954.1231,1275.469,2196.3196,783.8067,-371.77817,1317.2926,900.9711,1368.9698,2290.802,837.35834,-407.70358,1317.7214,874.9122,1288.1654,2302.6453,847.938,-468.92007,1312.3003,895.02985,1260.9313,2267.4053,838.333,-395.65448,1892.7382,1157.0837,222.91003,1994.1797,950.355,-223.96683,2415.5513,1262.8429,697.2965,2520.4531,1123.8936,-31.183592,2713.8655,1591.4731,804.2428,2779.262,1531.0653,-13.191328,2723.381,1700.8768,800.8976,2800.4614,1639.2332,-11.255533,2914.603,1572.8706,794.87024,3030.6985,1526.0,-100.45694
IMG_5744 copy.JPG,1147.6777,465.4027,382.5498,1087.1758,465.9506,277.0577,1072.0889,480.59357,276.13922,1056.2065,496.46146,275.90576,1109.8982,436.39407,233.06456,1111.8182,428.74078,231.57971,1112.9111,420.0379,231.36168,1048.7495,544.81775,-51.47407,1120.949,432.2256,-250.97064,1164.7952,508.8105,308.12372,1183.303,482.1916,243.32463,1150.351,891.8657,29.034626,1404.5544,489.96124,-505.78226,1192.2069,1197.4801,560.8038,1839.1548,677.3217,-511.84036,1301.5264,954.1231,1275.469,2196.3196,783.8067,-371.77817,1317.2926,900.9711,1368.9698,2290.802,837.35834,-407.70358,1317.7214,874.9122,1288.1654,2302.6453,847.938,-468.92007,1312.3003,895.02985,1260.9313,2267.4053,838.333,-395.65448,1892.7382,1157.0837,222.91003,1994.1797,950.355,-223.96683,2415.5513,1262.8429,697.2965,2520.4531,1123.8936,-31.183592,2713.8655,1591.4731,804.2428,2779.262,1531.0653,-13.191328,2723.381,1700.8768,800.8976,2800.4614,1639.2332,-11.255533,2914.603,1572.8706,794.87024,3030.6985,1526.0,-100.45694
IMG_5744.JPG,1147.6777,465.4027,382.5498,1087.1758,465.9506,277.0577,1072.0889,480.59357,276.13922,1056.2065,496.46146,275.90576,1109.8982,436.39407,233.06456,1111.8182,428.74078,231.57971,1112.9111,420.0379,231.36168,1048.7495,544.81775,-51.47407,1120.949,432.2256,-250.97064,1164.7952,508.8105,308.12372,1183.303,482.1916,243.32463,1150.351,891.8657,29.034626,1404.5544,489.96124,-505.78226,1192.2069,1197.4801,560.8038,1839.1548,677.3217,-511.84036,1301.5264,954.1231,1275.469,2196.3196,783.8067,-371.77817,1317.2926,900.9711,1368.9698,2290.802,837.35834,-407.70358,1317.7214,874.9122,1288.1654,2302.6453,847.938,-468.92007,1312.3003,895.02985,1260.9313,2267.4053,838.333,-395.65448,1892.7382,1157.0837,222.91003,1994.1797,950.355,-223.96683,2415.5513,1262.8429,697.2965,2520.4531,1123.8936,-31.183592,2713.8655,1591.4731,804.2428,2779.262,1531.0653,-13.191328,2723.381,1700.8768,800.8976,2800.4614,1639.2332,-11.255533,2914.603,1572.8706,794.87024,3030.6985,1526.0,-100.45694
Screenshot_20230220_014016 copy 10.png,281.60645,318.22205,-264.56577,290.85632,316.96756,-260.1156,293.36768,318.87366,-260.2789,295.40393,320.6555,-260.28674,285.5623,311.70493,-253.66559,284.4142,309.8392,-253.79028,283.4499,308.10648,-253.8519,299.14438,326.42545,-200.91656,283.20453,308.88354,-169.78946,281.11975,326.85333,-238.72522,274.76895,319.5346,-230.79008,286.5529,370.9651,-165.31522,244.9827,312.91302,-89.303795,283.7853,421.49228,-216.38844,207.57784,334.99252,-38.60352,261.62955,428.2531,-342.33676,175.79926,357.9937,-58.124996,252.43277,434.505,-379.2814,166.94423,364.901,-71.53973,249.50969,425.97394,-391.75165,166.66962,366.6325,-89.34631,251.20926,423.11795,-350.1352,170.4571,365.11398,-65.91158,202.08592,399.7976,-21.294657,188.6321,365.3275,21.249582,126.61423,418.9707,-20.492556,122.903984,396.43832,38.307037,167.068,400.74072,261.32352,160.81102,383.95935,305.15878,168.48769,396.9793,293.31927,164.46211,383.25003,336.19934,152.92374,403.13568,318.86017,152.15694,389.13867,365.11627
Screenshot_20230220_014016 copy 11.png,281.60645,318.22205,-264.56577,290.85632,316.96756,-260.1156,293.36768,318.87366,-260.2789,295.40393,320.6555,-260.28674,285.5623,311.70493,-253.66559,284.4142,309.8392,-253.79028,283.4499,308.10648,-253.8519,299.14438,326.42545,-200.91656,283.20453,308.88354,-169.78946,281.11975,326.85333,-238.72522,274.76895,319.5346,-230.79008,286.5529,370.9651,-165.31522,244.9827,312.91302,-89.303795,283.7853,421.49228,-216.38844,207.57784,334.99252,-38.60352,261.62955,428.2531,-342.33676,175.79926,357.9937,-58.124996,252.43277,434.505,-379.2814,166.94423,364.901,-71.53973,249.50969,425.97394,-391.75165,166.66962,366.6325,-89.34631,251.20926,423.11795,-350.1352,170.4571,365.11398,-65.91158,202.08592,399.7976,-21.294657,188.6321,365.3275,21.249582,126.61423,418.9707,-20.492556,122.903984,396.43832,38.307037,167.068,400.74072,261.32352,160.81102,383.95935,305.15878,168.48769,396.9793,293.31927,164.46211,383.25003,336.19934,152.92374,403.13568,318.86017,152.15694,389.13867,365.11627
Screenshot_20230220_014016 copy 12.png,281.60645,318.22205,-264.56577,290.85632,316.96756,-260.1156,293.36768,318.87366,-260.2789,295.40393,320.6555,-260.28674,285.5623,311.70493,-253.66559,284.4142,309.8392,-253.79028,283.4499,308.10648,-253.8519,299.14438,326.42545,-200.91656,283.20453,308.88354,-169.78946,281.11975,326.85333,-238.72522,274.76895,319.5346,-230.79008,286.5529,370.9651,-165.31522,244.9827,312.91302,-89.303795,283.7853,421.49228,-216.38844,207.57784,334.99252,-38.60352,261.62955,428.2531,-342.33676,175.79926,357.9937,-58.124996,252.43277,434.505,-379.2814,166.94423,364.901,-71.53973,249.50969,425.97394,-391.75165,166.66962,366.6325,-89.34631,251.20926,423.11795,-350.1352,170.4571,365.11398,-65.91158,202.08592,399.7976,-21.294657,188.6321,365.3275,21.249582,126.61423,418.9707,-20.492556,122.903984,396.43832,38.307037,167.068,400.74072,261.32352,160.81102,383.95935,305.15878,168.48769,396.9793,293.31927,164.46211,383.25003,336.19934,152.92374,403.13568,318.86017,152.15694,389.13867,365.11627
Screenshot_20230220_014016 copy 13.png,281.60645,318.22205,-264.56577,290.85632,316.96756,-260.1156,293.36768,318.87366,-260.2789,295.40393,320.6555,-260.28674,285.5623,311.70493,-253.66559,284.4142,309.8392,-253.79028,283.4499,308.10648,-253.8519,299.14438,326.42545,-200.91656,283.20453,308.88354,-169.78946,281.11975,326.85333,-238.72522,274.76895,319.5346,-230.79008,286.5529,370.9651,-165.31522,244.9827,312.91302,-89.303795,283.7853,421.49228,-216.38844,207.57784,334.99252,-38.60352,261.62955,428.2531,-342.33676,175.79926,357.9937,-58.124996,252.43277,434.505,-379.2814,166.94423,364.901,-71.53973,249.50969,425.97394,-391.75165,166.66962,366.6325,-89.34631,251.20926,423.11795,-350.1352,170.4571,365.11398,-65.91158,202.08592,399.7976,-21.294657,188.6321,365.3275,21.249582,126.61423,418.9707,-20.492556,122.903984,396.43832,38.307037,167.068,400.74072,261.32352,160.81102,383.95935,305.15878,168.48769,396.9793,293.31927,164.46211,383.25003,336.19934,152.92374,403.13568,318.86017,152.15694,389.13867,365.11627
Screenshot_20230220_014016 copy 14.png,281.60645,318.22205,-264.56577,290.85632,316.96756,-260.1156,293.36768,318.87366,-260.2789,295.40393,320.6555,-260.28674,285.5623,311.70493,-253.66559,284.4142,309.8392,-253.79028,283.4499,308.10648,-253.8519,299.14438,326.42545,-200.91656,283.20453,308.88354,-169.78946,281.11975,326.85333,-238.72522,274.76895,319.5346,-230.79008,286.5529,370.9651,-165.31522,244.9827,312.91302,-89.303795,283.7853,421.49228,-216.38844,207.57784,334.99252,-38.60352,261.62955,428.2531,-342.33676,175.79926,357.9937,-58.124996,252.43277,434.505,-379.2814,166.94423,364.901,-71.53973,249.50969,425.97394,-391.75165,166.66962,366.6325,-89.34631,251.20926,423.11795,-350.1352,170.4571,365.11398,-65.91158,202.08592,399.7976,-21.294657,188.6321,365.3275,21.249582,126.61423,418.9707,-20.492556,122.903984,396.43832,38.307037,167.068,400.74072,261.32352,160.81102,383.95935,305.15878,168.48769,396.9793,293.31927,164.46211,383.25003,336.19934,152.92374,403.13568,318.86017,152.15694,389.13867,365.11627
Screenshot_20230220_014016 copy 2.png,281.60645,318.22205,-264.56577,290.85632,316.96756,-260.1156,293.36768,318.87366,-260.2789,295.40393,320.6555,-260.28674,285.5623,311.70493,-253.66559,284.4142,309.8392,-253.79028,283.4499,308.10648,-253.8519,299.14438,326.42545,-200.91656,283.20453,308.88354,-169.78946,281.11975,326.85333,-238.72522,274.76895,319.5346,-230.79008,286.5529,370.9651,-165.31522,244.9827,312.91302,-89.303795,283.7853,421.49228,-216.38844,207.57784,334.99252,-38.60352,261.62955,428.2531,-342.33676,175.79926,357.9937,-58.124996,252.43277,434.505,-379.2814,166.94423,364.901,-71.53973,249.50969,425.97394,-391.75165,166.66962,366.6325,-89.34631,251.20926,423.11795,-350.1352,170.4571,365.11398,-65.91158,202.08592,399.7976,-21.294657,188.6321,365.3275,21.249582,126.61423,418.9707,-20.492556,122.903984,396.43832,38.307037,167.068,400.74072,261.32352,160.81102,383.95935,305.15878,168.48769,396.9793,293.31927,164.46211,383.25003,336.19934,152.92374,403.13568,318.86017,152.15694,389.13867,365.11627
Screenshot_20230220_014016 copy 3.png,281.60645,318.22205,-264.56577,290.85632,316.96756,-260.1156,293.36768,318.87366,-260.2789,295.40393,320.6555,-260.28674,285.5623,311.70493,-253.66559,284.4142,309.8392,-253.79028,283.4499,308.10648,-253.8519,299.14438,326.42545,-200.91656,283.20453,308.88354,-169.78946,281.11975,326.85333,-238.72522,274.76895,319.5346,-230.79008,286.5529,370.9651,-165.31522,244.9827,312.91302,-89.303795,283.7853,421.49228,-216.38844,207.57784,334.99252,-38.60352,261.62955,428.2531,-342.33676,175.79926,357.9937,-58.124996,252.43277,434.505,-379.2814,166.94423,364.901,-71.53973,249.50969,425.97394,-391.75165,166.66962,366.6325,-89.34631,251.20926,423.11795,-350.1352,170.4571,365.11398,-65.91158,202.08592,399.7976,-21.294657,188.6321,365.3275,21.249582,126.61423,418.9707,-20.492556,122.903984,396.43832,38.307037,167.068,400.74072,261.32352,160.81102,383.95935,305.15878,168.48769,396.9793,293.31927,164.46211,383.25003,336.19934,152.92374,403.13568,318.86017,152.15694,389.13867,365.11627
Screenshot_20230220_014016 copy 4.png,281.60645,318.22205,-264.56577,290.85632,316.96756,-260.1156,293.36768,318.87366,-260.2789,295.40393,320.6555,-260.28674,285.5623,311.70493,-253.66559,284.4142,309.8392,-253.79028,283.4499,308.10648,-253.8519,299.14438,326.42545,-200.91656,283.20453,308.88354,-169.78946,281.11975,326.85333,-238.72522,274.76895,319.5346,-230.79008,286.5529,370.9651,-165.31522,244.9827,312.91302,-89.303795,283.7853,421.49228,-216.38844,207.57784,334.99252,-38.60352,261.62955,428.2531,-342.33676,175.79926,357.9937,-58.124996,252.43277,434.505,-379.2814,166.94423,364.901,-71.53973,249.50969,425.97394,-391.75165,166.66962,366.6325,-89.34631,251.20926,423.11795,-350.1352,170.4571,365.11398,-65.91158,202.08592,399.7976,-21.294657,188.6321,365.3275,21.249582,126.61423,418.9707,-20.492556,122.903984,396.43832,38.307037,167.068,400.74072,261.32352,160.81102,383.95935,305.15878,168.48769,396.9793,293.31927,164.46211,383.25003,336.19934,152.92374,403.13568,318.86017,152.15694,389.13867,365.11627
Screenshot_20230220_014016 copy 5.png,281.60645,318.22205,-264.56577,290.85632,316.96756,-260.1156,293.36768,318.87366,-260.2789,295.40393,320.6555,-260.28674,285.5623,311.70493,-253.66559,284.4142,309.8392,-253.79028,283.4499,308.10648,-253.8519,299.14438,326.42545,-200.91656,283.20453,308.88354,-169.78946,281.11975,326.85333,-238.72522,274.76895,319.5346,-230.79008,286.5529,370.9651,-165.31522,244.9827,312.91302,-89.303795,283.7853,421.49228,-216.38844,207.57784,334.99252,-38.60352,261.62955,428.2531,-342.33676,175.79926,357.9937,-58.124996,252.43277,434.505,-379.2814,166.94423,364.901,-71.53973,249.50969,425.97394,-391.75165,166.66962,366.6325,-89.34631,251.20926,423.11795,-350.1352,170.4571,365.11398,-65.91158,202.08592,399.7976,-21.294657,188.6321,365.3275,21.249582,126.61423,418.9707,-20.492556,122.903984,396.43832,38.307037,167.068,400.74072,261.32352,160.81102,383.95935,305.15878,168.48769,396.9793,293.31927,164.46211,383.25003,336.19934,152.92374,403.13568,318.86017,152.15694,389.13867,365.11627
Screenshot_20230220_014016 copy 6.png,281.60645,318.22205,-264.56577,290.85632,316.96756,-260.1156,293.36768,318.87366,-260.2789,295.40393,320.6555,-260.28674,285.5623,311.70493,-253.66559,284.4142,309.8392,-253.79028,283.4499,308.10648,-253.8519,299.14438,326.42545,-200.91656,283.20453,308.88354,-169.78946,281.11975,326.85333,-238.72522,274.76895,319.5346,-230.79008,286.5529,370.9651,-165.31522,244.9827,312.91302,-89.303795,283.7853,421.49228,-216.38844,207.57784,334.99252,-38.60352,261.62955,428.2531,-342.33676,175.79926,357.9937,-58.124996,252.43277,434.505,-379.2814,166.94423,364.901,-71.53973,249.50969,425.97394,-391.75165,166.66962,366.6325,-89.34631,251.20926,423.11795,-350.1352,170.4571,365.11398,-65.91158,202.08592,399.7976,-21.294657,188.6321,365.3275,21.249582,126.61423,418.9707,-20.492556,122.903984,396.43832,38.307037,167.068,400.74072,261.32352,160.81102,383.95935,305.15878,168.48769,396.9793,293.31927,164.46211,383.25003,336.19934,152.92374,403.13568,318.86017,152.15694,389.13867,365.11627
Screenshot_20230220_014016 copy 7.png,281.60645,318.22205,-264.56577,290.85632,316.96756,-260.1156,293.36768,318.87366,-260.2789,295.40393,320.6555,-260.28674,285.5623,311.70493,-253.66559,284.4142,309.8392,-253.79028,283.4499,308.10648,-253.8519,299.14438,326.42545,-200.91656,283.20453,308.88354,-169.78946,281.11975,326.85333,-238.72522,274.76895,319.5346,-230.79008,286.5529,370.9651,-165.31522,244.9827,312.91302,-89.303795,283.7853,421.49228,-216.38844,207.57784,334.99252,-38.60352,261.62955,428.2531,-342.33676,175.79926,357.9937,-58.124996,252.43277,434.505,-379.2814,166.94423,364.901,-71.53973,249.50969,425.97394,-391.75165,166.66962,366.6325,-89.34631,251.20926,423.11795,-350.1352,170.4571,365.11398,-65.91158,202.08592,399.7976,-21.294657,188.6321,365.3275,21.249582,126.61423,418.9707,-20.492556,122.903984,396.43832,38.307037,167.068,400.74072,261.32352,160.81102,383.95935,305.15878,168.48769,396.9793,293.31927,164.46211,383.25003,336.19934,152.92374,403.13568,318.86017,152.15694,389.13867,365.11627
Screenshot_20230220_014016 copy 8.png,281.60645,318.22205,-264.56577,290.85632,316.96756,-260.1156,293.36768,318.87366,-260.2789,295.40393,320.6555,-260.28674,285.5623,311.70493,-253.66559,284.4142,309.8392,-253.79028,283.4499,308.10648,-253.8519,299.14438,326.42545,-200.91656,283.20453,308.88354,-169.78946,281.11975,326.85333,-238.72522,274.76895,319.5346,-230.79008,286.5529,370.9651,-165.31522,244.9827,312.91302,-89.303795,283.7853,421.49228,-216.38844,207.57784,334.99252,-38.60352,261.62955,428.2531,-342.33676,175.79926,357.9937,-58.124996,252.43277,434.505,-379.2814,166.94423,364.901,-71.53973,249.50969,425.97394,-391.75165,166.66962,366.6325,-89.34631,251.20926,423.11795,-350.1352,170.4571,365.11398,-65.91158,202.08592,399.7976,-21.294657,188.6321,365.3275,21.249582,126.61423,418.9707,-20.492556,122.903984,396.43832,38.307037,167.068,400.74072,261.32352,160.81102,383.95935,305.15878,168.48769,396.9793,293.31927,164.46211,383.25003,336.19934,152.92374,403.13568,318.86017,152.15694,389.13867,365.11627
Screenshot_20230220_014016 copy 9.png,281.60645,318.22205,-264.56577,290.85632,316.96756,-260.1156,293.36768,318.87366,-260.2789,295.40393,320.6555,-260.28674,285.5623,311.70493,-253.66559,284.4142,309.8392,-253.79028,283.4499,308.10648,-253.8519,299.14438,326.42545,-200.91656,283.20453,308.88354,-169.78946,281.11975,326.85333,-238.72522,274.76895,319.5346,-230.79008,286.5529,370.9651,-165.31522,244.9827,312.91302,-89.303795,283.7853,421.49228,-216.38844,207.57784,334.99252,-38.60352,261.62955,428.2531,-342.33676,175.79926,357.9937,-58.124996,252.43277,434.505,-379.2814,166.94423,364.901,-71.53973,249.50969,425.97394,-391.75165,166.66962,366.6325,-89.34631,251.20926,423.11795,-350.1352,170.4571,365.11398,-65.91158,202.08592,399.7976,-21.294657,188.6321,365.3275,21.249582,126.61423,418.9707,-20.492556,122.903984,396.43832,38.307037,167.068,400.74072,261.32352,160.81102,383.95935,305.15878,168.48769,396.9793,293.31927,164.46211,383.25003,336.19934,152.92374,403.13568,318.86017,152.15694,389.13867,365.11627
Screenshot_20230220_014016 copy.png,281.60645,318.22205,-264.56577,290.85632,316.96756,-260.1156,293.36768,318.87366,-260.2789,295.40393,320.6555,-260.28674,285.5623,311.70493,-253.66559,284.4142,309.8392,-253.79028,283.4499,308.10648,-253.8519,299.14438,326.42545,-200.91656,283.20453,308.88354,-169.78946,281.11975,326.85333,-238.72522,274.76895,319.5346,-230.79008,286.5529,370.9651,-165.31522,244.9827,312.91302,-89.303795,283.7853,421.49228,-216.38844,207.57784,334.99252,-38.60352,261.62955,428.2531,-342.33676,175.79926,357.9937,-58.124996,252.43277,434.505,-379.2814,166.94423,364.901,-71.53973,249.50969,425.97394,-391.75165,166.66962,366.6325,-89.34631,251.20926,423.11795,-350.1352,170.4571,365.11398,-65.91158,202.08592,399.7976,-21.294657,188.6321,365.3275,21.249582,126.61423,418.9707,-20.492556,122.903984,396.43832,38.307037,167.068,400.74072,261.32352,160.81102,383.95935,305.15878,168.48769,396.9793,293.31927,164.46211,383.25003,336.19934,152.92374,403.13568,318.86017,152.15694,389.13867,365.11627
Screenshot_20230220_014016.png,281.60645,318.22205,-264.56577,290.85632,316.96756,-260.1156,293.36768,318.87366,-260.2789,295.40393,320.6555,-260.28674,285.5623,311.70493,-253.66559,284.4142,309.8392,-253.79028,283.4499,308.10648,-253.8519,299.14438,326.42545,-200.91656,283.20453,308.88354,-169.78946,281.11975,326.85333,-238.72522,274.76895,319.5346,-230.79008,286.5529,370.9651,-165.31522,244.9827,312.91302,-89.303795,283.7853,421.49228,-216.38844,207.57784,334.99252,-38.60352,261.62955,428.2531,-342.33676,175.79926,357.9937,-58.124996,252.43277,434.505,-379.2814,166.94423,364.901,-71.53973,249.50969,425.97394,-391.75165,166.66962,366.6325,-89.34631,251.20926,423.11795,-350.1352,170.4571,365.11398,-65.91158,202.08592,399.7976,-21.294657,188.6321,365.3275,21.249582,126.61423,418.9707,-20.492556,122.903984,396.43832,38.307037,167.068,400.74072,261.32352,160.81102,383.95935,305.15878,168.48769,396.9793,293.31927,164.46211,383.25003,336.19934,152.92374,403.13568,318.86017,152.15694,389.13867,365.11627
Screenshot_20230220_014108 copy 10.png,260.04742,285.3728,-412.00003,270.30493,285.58353,-412.2908,272.53903,287.8675,-412.44077,274.65277,290.01855,-412.43594,265.5239,278.18845,-405.35016,264.4696,275.37918,-405.47083,263.7339,272.78558,-405.53467,280.8354,294.43237,-347.12946,264.64905,269.39542,-313.41946,258.94577,293.9203,-381.40576,253.16844,284.646,-372.5815,268.5863,332.21887,-293.54614,231.06721,264.9038,-192.58266,277.3693,381.5376,-353.3549,194.92047,285.08694,-87.44613,247.23405,391.39035,-463.2247,164.28004,300.90964,-20.606653,238.93939,399.48737,-495.0645,155.80869,306.73474,-20.859043,234.65646,389.1467,-510.1935,155.47372,307.5616,-32.47779,234.90265,385.86053,-471.70508,158.92628,306.7501,-22.970041,188.0285,350.2918,-33.73796,175.41106,315.40668,33.739185,113.08814,365.79333,8.729345,112.37302,343.7779,111.30494,152.96431,356.39777,271.46295,148.56891,335.53876,394.90845,159.08221,352.56186,301.77975,157.99953,333.95328,427.25247,136.77638,354.52057,322.63858,140.82071,339.23477,457.98743
Screenshot_20230220_014108 copy 11.png,260.04742,285.3728,-412.00003,270.30493,285.58353,-412.2908,272.53903,287.8675,-412.44077,274.65277,290.01855,-412.43594,265.5239,278.18845,-405.35016,264.4696,275.37918,-405.47083,263.7339,272.78558,-405.53467,280.8354,294.43237,-347.12946,264.64905,269.39542,-313.41946,258.94577,293.9203,-381.40576,253.16844,284.646,-372.5815,268.5863,332.21887,-293.54614,231.06721,264.9038,-192.58266,277.3693,381.5376,-353.3549,194.92047,285.08694,-87.44613,247.23405,391.39035,-463.2247,164.28004,300.90964,-20.606653,238.93939,399.48737,-495.0645,155.80869,306.73474,-20.859043,234.65646,389.1467,-510.1935,155.47372,307.5616,-32.47779,234.90265,385.86053,-471.70508,158.92628,306.7501,-22.970041,188.0285,350.2918,-33.73796,175.41106,315.40668,33.739185,113.08814,365.79333,8.729345,112.37302,343.7779,111.30494,152.96431,356.39777,271.46295,148.56891,335.53876,394.90845,159.08221,352.56186,301.77975,157.99953,333.95328,427.25247,136.77638,354.52057,322.63858,140.82071,339.23477,457.98743
Screenshot_20230220_014108 copy 12.png,260.04742,285.3728,-412.00003,270.30493,285.58353,-412.2908,272.53903,287.8675,-412.44077,274.65277,290.01855,-412.43594,265.5239,278.18845,-405.35016,264.4696,275.37918,-405.47083,263.7339,272.78558,-405.53467,280.8354,294.43237,-347.12946,264.64905,269.39542,-313.41946,258.94577,293.9203,-381.40576,253.16844,284.646,-372.5815,268.5863,332.21887,-293.54614,231.06721,264.9038,-192.58266,277.3693,381.5376,-353.3549,194.92047,285.08694,-87.44613,247.23405,391.39035,-463.2247,164.28004,300.90964,-20.606653,238.93939,399.48737,-495.0645,155.80869,306.73474,-20.859043,234.65646,389.1467,-510.1935,155.47372,307.5616,-32.47779,234.90265,385.86053,-471.70508,158.92628,306.7501,-22.970041,188.0285,350.2918,-33.73796,175.41106,315.40668,33.739185,113.08814,365.79333,8.729345,112.37302,343.7779,111.30494,152.96431,356.39777,271.46295,148.56891,335.53876,394.90845,159.08221,352.56186,301.77975,157.99953,333.95328,427.25247,136.77638,354.52057,322.63858,140.82071,339.23477,457.98743
Screenshot_20230220_014108 copy 13.png,260.04742,285.3728,-412.00003,270.30493,285.58353,-412.2908,272.53903,287.8675,-412.44077,274.65277,290.01855,-412.43594,265.5239,278.18845,-405.35016,264.4696,275.37918,-405.47083,263.7339,272.78558,-405.53467,280.8354,294.43237,-347.12946,264.64905,269.39542,-313.41946,258.94577,293.9203,-381.40576,253.16844,284.646,-372.5815,268.5863,332.21887,-293.54614,231.06721,264.9038,-192.58266,277.3693,381.5376,-353.3549,194.92047,285.08694,-87.44613,247.23405,391.39035,-463.2247,164.28004,300.90964,-20.606653,238.93939,399.48737,-495.0645,155.80869,306.73474,-20.859043,234.65646,389.1467,-510.1935,155.47372,307.5616,-32.47779,234.90265,385.86053,-471.70508,158.92628,306.7501,-22.970041,188.0285,350.2918,-33.73796,175.41106,315.40668,33.739185,113.08814,365.79333,8.729345,112.37302,343.7779,111.30494,152.96431,356.39777,271.46295,148.56891,335.53876,394.90845,159.08221,352.56186,301.77975,157.99953,333.95328,427.25247,136.77638,354.52057,322.63858,140.82071,339.23477,457.98743
Screenshot_20230220_014108 copy 14.png,260.04742,285.3728,-412.00003,270.30493,285.58353,-412.2908,272.53903,287.8675,-412.44077,274.65277,290.01855,-412.43594,265.5239,278.18845,-405.35016,264.4696,275.37918,-405.47083,263.7339,272.78558,-405.53467,280.8354,294.43237,-347.12946,264.64905,269.39542,-313.41946,258.94577,293.9203,-381.40576,253.16844,284.646,-372.5815,268.5863,332.21887,-293.54614,231.06721,264.9038,-192.58266,277.3693,381.5376,-353.3549,194.92047,285.08694,-87.44613,247.23405,391.39035,-463.2247,164.28004,300.90964,-20.606653,238.93939,399.48737,-495.0645,155.80869,306.73474,-20.859043,234.65646,389.1467,-510.1935,155.47372,307.5616,-32.47779,234.90265,385.86053,-471.70508,158.92628,306.7501,-22.970041,188.0285,350.2918,-33.73796,175.41106,315.40668,33.739185,113.08814,365.79333,8.729345,112.37302,343.7779,111.30494,152.96431,356.39777,271.46295,148.56891,335.53876,394.90845,159.08221,352.56186,301.77975,157.99953,333.95328,427.25247,136.77638,354.52057,322.63858,140.82071,339.23477,457.98743
Screenshot_20230220_014108 copy 15.png,260.04742,285.3728,-412.00003,270.30493,285.58353,-412.2908,272.53903,287.8675,-412.44077,274.65277,290.01855,-412.43594,265.5239,278.18845,-405.35016,264.4696,275.37918,-405.47083,263.7339,272.78558,-405.53467,280.8354,294.43237,-347.12946,264.64905,269.39542,-313.41946,258.94577,293.9203,-381.40576,253.16844,284.646,-372.5815,268.5863,332.21887,-293.54614,231.06721,264.9038,-192.58266,277.3693,381.5376,-353.3549,194.92047,285.08694,-87.44613,247.23405,391.39035,-463.2247,164.28004,300.90964,-20.606653,238.93939,399.48737,-495.0645,155.80869,306.73474,-20.859043,234.65646,389.1467,-510.1935,155.47372,307.5616,-32.47779,234.90265,385.86053,-471.70508,158.92628,306.7501,-22.970041,188.0285,350.2918,-33.73796,175.41106,315.40668,33.739185,113.08814,365.79333,8.729345,112.37302,343.7779,111.30494,152.96431,356.39777,271.46295,148.56891,335.53876,394.90845,159.08221,352.56186,301.77975,157.99953,333.95328,427.25247,136.77638,354.52057,322.63858,140.82071,339.23477,457.98743
Screenshot_20230220_014108 copy 2.png,260.04742,285.3728,-412.00003,270.30493,285.58353,-412.2908,272.53903,287.8675,-412.44077,274.65277,290.01855,-412.43594,265.5239,278.18845,-405.35016,264.4696,275.37918,-405.47083,263.7339,272.78558,-405.53467,280.8354,294.43237,-347.12946,264.64905,269.39542,-313.41946,258.94577,293.9203,-381.40576,253.16844,284.646,-372.5815,268.5863,332.21887,-293.54614,231.06721,264.9038,-192.58266,277.3693,381.5376,-353.3549,194.92047,285.08694,-87.44613,247.23405,391.39035,-463.2247,164.28004,300.90964,-20.606653,238.93939,399.48737,-495.0645,155.80869,306.73474,-20.859043,234.65646,389.1467,-510.1935,155.47372,307.5616,-32.47779,234.90265,385.86053,-471.70508,158.92628,306.7501,-22.970041,188.0285,350.2918,-33.73796,175.41106,315.40668,33.739185,113.08814,365.79333,8.729345,112.37302,343.7779,111.30494,152.96431,356.39777,271.46295,148.56891,335.53876,394.90845,159.08221,352.56186,301.77975,157.99953,333.95328,427.25247,136.77638,354.52057,322.63858,140.82071,339.23477,457.98743
Screenshot_20230220_014108 copy 3.png,260.04742,285.3728,-412.00003,270.30493,285.58353,-412.2908,272.53903,287.8675,-412.44077,274.65277,290.01855,-412.43594,265.5239,278.18845,-405.35016,264.4696,275.37918,-405.47083,263.7339,272.78558,-405.53467,280.8354,294.43237,-347.12946,264.64905,269.39542,-313.41946,258.94577,293.9203,-381.40576,253.16844,284.646,-372.5815,268.5863,332.21887,-293.54614,231.06721,264.9038,-192.58266,277.3693,381.5376,-353.3549,194.92047,285.08694,-87.44613,247.23405,391.39035,-463.2247,164.28004,300.90964,-20.606653,238.93939,399.48737,-495.0645,155.80869,306.73474,-20.859043,234.65646,389.1467,-510.1935,155.47372,307.5616,-32.47779,234.90265,385.86053,-471.70508,158.92628,306.7501,-22.970041,188.0285,350.2918,-33.73796,175.41106,315.40668,33.739185,113.08814,365.79333,8.729345,112.37302,343.7779,111.30494,152.96431,356.39777,271.46295,148.56891,335.53876,394.90845,159.08221,352.56186,301.77975,157.99953,333.95328,427.25247,136.77638,354.52057,322.63858,140.82071,339.23477,457.98743
Screenshot_20230220_014108 copy 4.png,260.04742,285.3728,-412.00003,270.30493,285.58353,-412.2908,272.53903,287.8675,-412.44077,274.65277,290.01855,-412.43594,265.5239,278.18845,-405.35016,264.4696,275.37918,-405.47083,263.7339,272.78558,-405.53467,280.8354,294.43237,-347.12946,264.64905,269.39542,-313.41946,258.94577,293.9203,-381.40576,253.16844,284.646,-372.5815,268.5863,332.21887,-293.54614,231.06721,264.9038,-192.58266,277.3693,381.5376,-353.3549,194.92047,285.08694,-87.44613,247.23405,391.39035,-463.2247,164.28004,300.90964,-20.606653,238.93939,399.48737,-495.0645,155.80869,306.73474,-20.859043,234.65646,389.1467,-510.1935,155.47372,307.5616,-32.47779,234.90265,385.86053,-471.70508,158.92628,306.7501,-22.970041,188.0285,350.2918,-33.73796,175.41106,315.40668,33.739185,113.08814,365.79333,8.729345,112.37302,343.7779,111.30494,152.96431,356.39777,271.46295,148.56891,335.53876,394.90845,159.08221,352.56186,301.77975,157.99953,333.95328,427.25247,136.77638,354.52057,322.63858,140.82071,339.23477,457.98743
Screenshot_20230220_014108 copy 5.png,260.04742,285.3728,-412.00003,270.30493,285.58353,-412.2908,272.53903,287.8675,-412.44077,274.65277,290.01855,-412.43594,265.5239,278.18845,-405.35016,264.4696,275.37918,-405.47083,263.7339,272.78558,-405.53467,280.8354,294.43237,-347.12946,264.64905,269.39542,-313.41946,258.94577,293.9203,-381.40576,253.16844,284.646,-372.5815,268.5863,332.21887,-293.54614,231.06721,264.9038,-192.58266,277.3693,381.5376,-353.3549,194.92047,285.08694,-87.44613,247.23405,391.39035,-463.2247,164.28004,300.90964,-20.606653,238.93939,399.48737,-495.0645,155.80869,306.73474,-20.859043,234.65646,389.1467,-510.1935,155.47372,307.5616,-32.47779,234.90265,385.86053,-471.70508,158.92628,306.7501,-22.970041,188.0285,350.2918,-33.73796,175.41106,315.40668,33.739185,113.08814,365.79333,8.729345,112.37302,343.7779,111.30494,152.96431,356.39777,271.46295,148.56891,335.53876,394.90845,159.08221,352.56186,301.77975,157.99953,333.95328,427.25247,136.77638,354.52057,322.63858,140.82071,339.23477,457.98743
Screenshot_20230220_014108 copy 6.png,260.04742,285.3728,-412.00003,270.30493,285.58353,-412.2908,272.53903,287.8675,-412.44077,274.65277,290.01855,-412.43594,265.5239,278.18845,-405.35016,264.4696,275.37918,-405.47083,263.7339,272.78558,-405.53467,280.8354,294.43237,-347.12946,264.64905,269.39542,-313.41946,258.94577,293.9203,-381.40576,253.16844,284.646,-372.5815,268.5863,332.21887,-293.54614,231.06721,264.9038,-192.58266,277.3693,381.5376,-353.3549,194.92047,285.08694,-87.44613,247.23405,391.39035,-463.2247,164.28004,300.90964,-20.606653,238.93939,399.48737,-495.0645,155.80869,306.73474,-20.859043,234.65646,389.1467,-510.1935,155.47372,307.5616,-32.47779,234.90265,385.86053,-471.70508,158.92628,306.7501,-22.970041,188.0285,350.2918,-33.73796,175.41106,315.40668,33.739185,113.08814,365.79333,8.729345,112.37302,343.7779,111.30494,152.96431,356.39777,271.46295,148.56891,335.53876,394.90845,159.08221,352.56186,301.77975,157.99953,333.95328,427.25247,136.77638,354.52057,322.63858,140.82071,339.23477,457.98743
Screenshot_20230220_014108 copy 7.png,260.04742,285.3728,-412.00003,270.30493,285.58353,-412.2908,272.53903,287.8675,-412.44077,274.65277,290.01855,-412.43594,265.5239,278.18845,-405.35016,264.4696,275.37918,-405.47083,263.7339,272.78558,-405.53467,280.8354,294.43237,-347.12946,264.64905,269.39542,-313.41946,258.94577,293.9203,-381.40576,253.16844,284.646,-372.5815,268.5863,332.21887,-293.54614,231.06721,264.9038,-192.58266,277.3693,381.5376,-353.3549,194.92047,285.08694,-87.44613,247.23405,391.39035,-463.2247,164.28004,300.90964,-20.606653,238.93939,399.48737,-495.0645,155.80869,306.73474,-20.859043,234.65646,389.1467,-510.1935,155.47372,307.5616,-32.47779,234.90265,385.86053,-471.70508,158.92628,306.7501,-22.970041,188.0285,350.2918,-33.73796,175.41106,315.40668,33.739185,113.08814,365.79333,8.729345,112.37302,343.7779,111.30494,152.96431,356.39777,271.46295,148.56891,335.53876,394.90845,159.08221,352.56186,301.77975,157.99953,333.95328,427.25247,136.77638,354.52057,322.63858,140.82071,339.23477,457.98743
Screenshot_20230220_014108 copy 8.png,260.04742,285.3728,-412.00003,270.30493,285.58353,-412.2908,272.53903,287.8675,-412.44077,274.65277,290.01855,-412.43594,265.5239,278.18845,-405.35016,264.4696,275.37918,-405.47083,263.7339,272.78558,-405.53467,280.8354,294.43237,-347.12946,264.64905,269.39542,-313.41946,258.94577,293.9203,-381.40576,253.16844,284.646,-372.5815,268.5863,332.21887,-293.54614,231.06721,264.9038,-192.58266,277.3693,381.5376,-353.3549,194.92047,285.08694,-87.44613,247.23405,391.39035,-463.2247,164.28004,300.90964,-20.606653,238.93939,399.48737,-495.0645,155.80869,306.73474,-20.859043,234.65646,389.1467,-510.1935,155.47372,307.5616,-32.47779,234.90265,385.86053,-471.70508,158.92628,306.7501,-22.970041,188.0285,350.2918,-33.73796,175.41106,315.40668,33.739185,113.08814,365.79333,8.729345,112.37302,343.7779,111.30494,152.96431,356.39777,271.46295,148.56891,335.53876,394.90845,159.08221,352.56186,301.77975,157.99953,333.95328,427.25247,136.77638,354.52057,322.63858,140.82071,339.23477,457.98743
Screenshot_20230220_014108 copy 9.png,260.04742,285.3728,-412.00003,270.30493,285.58353,-412.2908,272.53903,287.8675,-412.44077,274.65277,290.01855,-412.43594,265.5239,278.18845,-405.35016,264.4696,275.37918,-405.47083,263.7339,272.78558,-405.53467,280.8354,294.43237,-347.12946,264.64905,269.39542,-313.41946,258.94577,293.9203,-381.40576,253.16844,284.646,-372.5815,268.5863,332.21887,-293.54614,231.06721,264.9038,-192.58266,277.3693,381.5376,-353.3549,194.92047,285.08694,-87.44613,247.23405,391.39035,-463.2247,164.28004,300.90964,-20.606653,238.93939,399.48737,-495.0645,155.80869,306.73474,-20.859043,234.65646,389.1467,-510.1935,155.47372,307.5616,-32.47779,234.90265,385.86053,-471.70508,158.92628,306.7501,-22.970041,188.0285,350.2918,-33.73796,175.41106,315.40668,33.739185,113.08814,365.79333,8.729345,112.37302,343.7779,111.30494,152.96431,356.39777,271.46295,148.56891,335.53876,394.90845,159.08221,352.56186,301.77975,157.99953,333.95328,427.25247,136.77638,354.52057,322.63858,140.82071,339.23477,457.98743
Screenshot_20230220_014108 copy.png,260.04742,285.3728,-412.00003,270.30493,285.58353,-412.2908,272.53903,287.8675,-412.44077,274.65277,290.01855,-412.43594,265.5239,278.18845,-405.35016,264.4696,275.37918,-405.47083,263.7339,272.78558,-405.53467,280.8354,294.43237,-347.12946,264.64905,269.39542,-313.41946,258.94577,293.9203,-381.40576,253.16844,284.646,-372.5815,268.5863,332.21887,-293.54614,231.06721,264.9038,-192.58266,277.3693,381.5376,-353.3549,194.92047,285.08694,-87.44613,247.23405,391.39035,-463.2247,164.28004,300.90964,-20.606653,238.93939,399.48737,-495.0645,155.80869,306.73474,-20.859043,234.65646,389.1467,-510.1935,155.47372,307.5616,-32.47779,234.90265,385.86053,-471.70508,158.92628,306.7501,-22.970041,188.0285,350.2918,-33.73796,175.41106,315.40668,33.739185,113.08814,365.79333,8.729345,112.37302,343.7779,111.30494,152.96431,356.39777,271.46295,148.56891,335.53876,394.90845,159.08221,352.56186,301.77975,157.99953,333.95328,427.25247,136.77638,354.52057,322.63858,140.82071,339.23477,457.98743
Screenshot_20230220_014108.png,260.04742,285.3728,-412.00003,270.30493,285.58353,-412.2908,272.53903,287.8675,-412.44077,274.65277,290.01855,-412.43594,265.5239,278.18845,-405.35016,264.4696,275.37918,-405.47083,263.7339,272.78558,-405.53467,280.8354,294.43237,-347.12946,264.64905,269.39542,-313.41946,258.94577,293.9203,-381.40576,253.16844,284.646,-372.5815,268.5863,332.21887,-293.54614,231.06721,264.9038,-192.58266,277.3693,381.5376,-353.3549,194.92047,285.08694,-87.44613,247.23405,391.39035,-463.2247,164.28004,300.90964,-20.606653,238.93939,399.48737,-495.0645,155.80869,306.73474,-20.859043,234.65646,389.1467,-510.1935,155.47372,307.5616,-32.47779,234.90265,385.86053,-471.70508,158.92628,306.7501,-22.970041,188.0285,350.2918,-33.73796,175.41106,315.40668,33.739185,113.08814,365.79333,8.729345,112.37302,343.7779,111.30494,152.96431,356.39777,271.46295,148.56891,335.53876,394.90845,159.08221,352.56186,301.77975,157.99953,333.95328,427.25247,136.77638,354.52057,322.63858,140.82071,339.23477,457.98743
Screenshot_20230220_014509.png,331.16208,316.54626,-55.728745,338.38196,315.20374,-39.21923,339.60315,317.7078,-39.408558,341.2242,320.86276,-39.462677,332.65784,307.45282,-42.111073,330.0852,304.80655,-42.333748,327.7287,302.97437,-42.427055,338.6272,323.5005,29.91003,317.0548,300.091,19.642567,326.84598,325.77444,-29.78347,319.2281,317.75363,-34.23697,304.84528,381.77365,40.215557,256.99182,306.94058,33.551796,298.4573,436.06888,-32.013527,190.51244,334.70718,36.16916,306.72906,454.01752,-194.83917,137.07883,361.8366,-14.23192,310.81924,460.7318,-228.42593,122.30468,369.88187,-31.150732,308.30615,451.2918,-237.0623,123.6213,372.38885,-50.585667,304.36115,447.94553,-202.5794,129.39056,371.30667,-23.933731,184.51883,425.2834,2.9523804,163.4557,376.52917,-3.181974,80.71245,456.13715,-31.634655,68.15785,426.88486,-46.753586,97.51268,425.49628,250.0789,69.56074,417.68478,208.98123,91.92029,427.9125,281.51514,75.3929,412.53757,238.50436,60.317665,437.33795,300.8067,46.210842,433.56464,252.43826
Screenshot_20230220_014555 copy 10.png,329.93195,338.18915,-106.67154,338.36206,337.35275,-90.95382,339.51508,340.56226,-91.165085,340.3342,342.66733,-91.22066,333.79504,328.0395,-91.71983,331.51794,324.94543,-91.85848,329.03036,322.12372,-91.90734,335.63528,343.437,-14.902655,320.29953,316.93704,-13.97944,322.4961,347.55914,-77.970856,316.78888,337.00546,-79.26637,299.45316,391.19827,-8.327986,250.37022,310.18997,19.003908,296.91068,440.91046,-132.10342,176.44624,333.5914,41.352596,309.82516,464.53543,-355.5743,120.626564,358.5814,8.240938,319.59265,475.038,-402.70395,103.09019,365.52612,-5.1006494,316.74496,465.99432,-417.52515,104.7264,370.7349,-30.992874,309.83737,460.9158,-367.89902,111.160225,370.8339,-3.1616316,169.6999,422.71317,-3.5942328,150.59721,373.14355,3.476369,54.72422,454.0339,-66.13779,48.94659,423.45663,-54.254658,87.14964,435.76096,278.81525,65.761566,413.57785,280.55945,91.96044,430.19556,317.81372,73.68517,407.5037,319.46786,66.06784,438.2753,369.2524,37.499905,417.67862,372.55704
Screenshot_20230220_014555 copy 11.png,329.93195,338.18915,-106.67154,338.36206,337.35275,-90.95382,339.51508,340.56226,-91.165085,340.3342,342.66733,-91.22066,333.79504,328.0395,-91.71983,331.51794,324.94543,-91.85848,329.03036,322.12372,-91.90734,335.63528,343.437,-14.902655,320.29953,316.93704,-13.97944,322.4961,347.55914,-77.970856,316.78888,337.00546,-79.26637,299.45316,391.19827,-8.327986,250.37022,310.18997,19.003908,296.91068,440.91046,-132.10342,176.44624,333.5914,41.352596,309.82516,464.53543,-355.5743,120.626564,358.5814,8.240938,319.59265,475.038,-402.70395,103.09019,365.52612,-5.1006494,316.74496,465.99432,-417.52515,104.7264,370.7349,-30.992874,309.83737,460.9158,-367.89902,111.160225,370.8339,-3.1616316,169.6999,422.71317,-3.5942328,150.59721,373.14355,3.476369,54.72422,454.0339,-66.13779,48.94659,423.45663,-54.254658,87.14964,435.76096,278.81525,65.761566,413.57785,280.55945,91.96044,430.19556,317.81372,73.68517,407.5037,319.46786,66.06784,438.2753,369.2524,37.499905,417.67862,372.55704
Screenshot_20230220_014555 copy 12.png,329.93195,338.18915,-106.67154,338.36206,337.35275,-90.95382,339.51508,340.56226,-91.165085,340.3342,342.66733,-91.22066,333.79504,328.0395,-91.71983,331.51794,324.94543,-91.85848,329.03036,322.12372,-91.90734,335.63528,343.437,-14.902655,320.29953,316.93704,-13.97944,322.4961,347.55914,-77.970856,316.78888,337.00546,-79.26637,299.45316,391.19827,-8.327986,250.37022,310.18997,19.003908,296.91068,440.91046,-132.10342,176.44624,333.5914,41.352596,309.82516,464.53543,-355.5743,120.626564,358.5814,8.240938,319.59265,475.038,-402.70395,103.09019,365.52612,-5.1006494,316.74496,465.99432,-417.52515,104.7264,370.7349,-30.992874,309.83737,460.9158,-367.89902,111.160225,370.8339,-3.1616316,169.6999,422.71317,-3.5942328,150.59721,373.14355,3.476369,54.72422,454.0339,-66.13779,48.94659,423.45663,-54.254658,87.14964,435.76096,278.81525,65.761566,413.57785,280.55945,91.96044,430.19556,317.81372,73.68517,407.5037,319.46786,66.06784,438.2753,369.2524,37.499905,417.67862,372.55704
Screenshot_20230220_014555 copy 13.png,329.93195,338.18915,-106.67154,338.36206,337.35275,-90.95382,339.51508,340.56226,-91.165085,340.3342,342.66733,-91.22066,333.79504,328.0395,-91.71983,331.51794,324.94543,-91.85848,329.03036,322.12372,-91.90734,335.63528,343.437,-14.902655,320.29953,316.93704,-13.97944,322.4961,347.55914,-77.970856,316.78888,337.00546,-79.26637,299.45316,391.19827,-8.327986,250.37022,310.18997,19.003908,296.91068,440.91046,-132.10342,176.44624,333.5914,41.352596,309.82516,464.53543,-355.5743,120.626564,358.5814,8.240938,319.59265,475.038,-402.70395,103.09019,365.52612,-5.1006494,316.74496,465.99432,-417.52515,104.7264,370.7349,-30.992874,309.83737,460.9158,-367.89902,111.160225,370.8339,-3.1616316,169.6999,422.71317,-3.5942328,150.59721,373.14355,3.476369,54.72422,454.0339,-66.13779,48.94659,423.45663,-54.254658,87.14964,435.76096,278.81525,65.761566,413.57785,280.55945,91.96044,430.19556,317.81372,73.68517,407.5037,319.46786,66.06784,438.2753,369.2524,37.499905,417.67862,372.55704
Screenshot_20230220_014555 copy 2.png,329.93195,338.18915,-106.67154,338.36206,337.35275,-90.95382,339.51508,340.56226,-91.165085,340.3342,342.66733,-91.22066,333.79504,328.0395,-91.71983,331.51794,324.94543,-91.85848,329.03036,322.12372,-91.90734,335.63528,343.437,-14.902655,320.29953,316.93704,-13.97944,322.4961,347.55914,-77.970856,316.78888,337.00546,-79.26637,299.45316,391.19827,-8.327986,250.37022,310.18997,19.003908,296.91068,440.91046,-132.10342,176.44624,333.5914,41.352596,309.82516,464.53543,-355.5743,120.626564,358.5814,8.240938,319.59265,475.038,-402.70395,103.09019,365.52612,-5.1006494,316.74496,465.99432,-417.52515,104.7264,370.7349,-30.992874,309.83737,460.9158,-367.89902,111.160225,370.8339,-3.1616316,169.6999,422.71317,-3.5942328,150.59721,373.14355,3.476369,54.72422,454.0339,-66.13779,48.94659,423.45663,-54.254658,87.14964,435.76096,278.81525,65.761566,413.57785,280.55945,91.96044,430.19556,317.81372,73.68517,407.5037,319.46786,66.06784,438.2753,369.2524,37.499905,417.67862,372.55704
Screenshot_20230220_014555 copy 3.png,329.93195,338.18915,-106.67154,338.36206,337.35275,-90.95382,339.51508,340.56226,-91.165085,340.3342,342.66733,-91.22066,333.79504,328.0395,-91.71983,331.51794,324.94543,-91.85848,329.03036,322.12372,-91.90734,335.63528,343.437,-14.902655,320.29953,316.93704,-13.97944,322.4961,347.55914,-77.970856,316.78888,337.00546,-79.26637,299.45316,391.19827,-8.327986,250.37022,310.18997,19.003908,296.91068,440.91046,-132.10342,176.44624,333.5914,41.352596,309.82516,464.53543,-355.5743,120.626564,358.5814,8.240938,319.59265,475.038,-402.70395,103.09019,365.52612,-5.1006494,316.74496,465.99432,-417.52515,104.7264,370.7349,-30.992874,309.83737,460.9158,-367.89902,111.160225,370.8339,-3.1616316,169.6999,422.71317,-3.5942328,150.59721,373.14355,3.476369,54.72422,454.0339,-66.13779,48.94659,423.45663,-54.254658,87.14964,435.76096,278.81525,65.761566,413.57785,280.55945,91.96044,430.19556,317.81372,73.68517,407.5037,319.46786,66.06784,438.2753,369.2524,37.499905,417.67862,372.55704
Screenshot_20230220_014555 copy 4.png,329.93195,338.18915,-106.67154,338.36206,337.35275,-90.95382,339.51508,340.56226,-91.165085,340.3342,342.66733,-91.22066,333.79504,328.0395,-91.71983,331.51794,324.94543,-91.85848,329.03036,322.12372,-91.90734,335.63528,343.437,-14.902655,320.29953,316.93704,-13.97944,322.4961,347.55914,-77.970856,316.78888,337.00546,-79.26637,299.45316,391.19827,-8.327986,250.37022,310.18997,19.003908,296.91068,440.91046,-132.10342,176.44624,333.5914,41.352596,309.82516,464.53543,-355.5743,120.626564,358.5814,8.240938,319.59265,475.038,-402.70395,103.09019,365.52612,-5.1006494,316.74496,465.99432,-417.52515,104.7264,370.7349,-30.992874,309.83737,460.9158,-367.89902,111.160225,370.8339,-3.1616316,169.6999,422.71317,-3.5942328,150.59721,373.14355,3.476369,54.72422,454.0339,-66.13779,48.94659,423.45663,-54.254658,87.14964,435.76096,278.81525,65.761566,413.57785,280.55945,91.96044,430.19556,317.81372,73.68517,407.5037,319.46786,66.06784,438.2753,369.2524,37.499905,417.67862,372.55704
Screenshot_20230220_014555 copy 5.png,329.93195,338.18915,-106.67154,338.36206,337.35275,-90.95382,339.51508,340.56226,-91.165085,340.3342,342.66733,-91.22066,333.79504,328.0395,-91.71983,331.51794,324.94543,-91.85848,329.03036,322.12372,-91.90734,335.63528,343.437,-14.902655,320.29953,316.93704,-13.97944,322.4961,347.55914,-77.970856,316.78888,337.00546,-79.26637,299.45316,391.19827,-8.327986,250.37022,310.18997,19.003908,296.91068,440.91046,-132.10342,176.44624,333.5914,41.352596,309.82516,464.53543,-355.5743,120.626564,358.5814,8.240938,319.59265,475.038,-402.70395,103.09019,365.52612,-5.1006494,316.74496,465.99432,-417.52515,104.7264,370.7349,-30.992874,309.83737,460.9158,-367.89902,111.160225,370.8339,-3.1616316,169.6999,422.71317,-3.5942328,150.59721,373.14355,3.476369,54.72422,454.0339,-66.13779,48.94659,423.45663,-54.254658,87.14964,435.76096,278.81525,65.761566,413.57785,280.55945,91.96044,430.19556,317.81372,73.68517,407.5037,319.46786,66.06784,438.2753,369.2524,37.499905,417.67862,372.55704
Screenshot_20230220_014555 copy 6.png,329.93195,338.18915,-106.67154,338.36206,337.35275,-90.95382,339.51508,340.56226,-91.165085,340.3342,342.66733,-91.22066,333.79504,328.0395,-91.71983,331.51794,324.94543,-91.85848,329.03036,322.12372,-91.90734,335.63528,343.437,-14.902655,320.29953,316.93704,-13.97944,322.4961,347.55914,-77.970856,316.78888,337.00546,-79.26637,299.45316,391.19827,-8.327986,250.37022,310.18997,19.003908,296.91068,440.91046,-132.10342,176.44624,333.5914,41.352596,309.82516,464.53543,-355.5743,120.626564,358.5814,8.240938,319.59265,475.038,-402.70395,103.09019,365.52612,-5.1006494,316.74496,465.99432,-417.52515,104.7264,370.7349,-30.992874,309.83737,460.9158,-367.89902,111.160225,370.8339,-3.1616316,169.6999,422.71317,-3.5942328,150.59721,373.14355,3.476369,54.72422,454.0339,-66.13779,48.94659,423.45663,-54.254658,87.14964,435.76096,278.81525,65.761566,413.57785,280.55945,91.96044,430.19556,317.81372,73.68517,407.5037,319.46786,66.06784,438.2753,369.2524,37.499905,417.67862,372.55704
Screenshot_20230220_014555 copy 7.png,329.93195,338.18915,-106.67154,338.36206,337.35275,-90.95382,339.51508,340.56226,-91.165085,340.3342,342.66733,-91.22066,333.79504,328.0395,-91.71983,331.51794,324.94543,-91.85848,329.03036,322.12372,-91.90734,335.63528,343.437,-14.902655,320.29953,316.93704,-13.97944,322.4961,347.55914,-77.970856,316.78888,337.00546,-79.26637,299.45316,391.19827,-8.327986,250.37022,310.18997,19.003908,296.91068,440.91046,-132.10342,176.44624,333.5914,41.352596,309.82516,464.53543,-355.5743,120.626564,358.5814,8.240938,319.59265,475.038,-402.70395,103.09019,365.52612,-5.1006494,316.74496,465.99432,-417.52515,104.7264,370.7349,-30.992874,309.83737,460.9158,-367.89902,111.160225,370.8339,-3.1616316,169.6999,422.71317,-3.5942328,150.59721,373.14355,3.476369,54.72422,454.0339,-66.13779,48.94659,423.45663,-54.254658,87.14964,435.76096,278.81525,65.761566,413.57785,280.55945,91.96044,430.19556,317.81372,73.68517,407.5037,319.46786,66.06784,438.2753,369.2524,37.499905,417.67862,372.55704
Screenshot_20230220_014555 copy 8.png,329.93195,338.18915,-106.67154,338.36206,337.35275,-90.95382,339.51508,340.56226,-91.165085,340.3342,342.66733,-91.22066,333.79504,328.0395,-91.71983,331.51794,324.94543,-91.85848,329.03036,322.12372,-91.90734,335.63528,343.437,-14.902655,320.29953,316.93704,-13.97944,322.4961,347.55914,-77.970856,316.78888,337.00546,-79.26637,299.45316,391.19827,-8.327986,250.37022,310.18997,19.003908,296.91068,440.91046,-132.10342,176.44624,333.5914,41.352596,309.82516,464.53543,-355.5743,120.626564,358.5814,8.240938,319.59265,475.038,-402.70395,103.09019,365.52612,-5.1006494,316.74496,465.99432,-417.52515,104.7264,370.7349,-30.992874,309.83737,460.9158,-367.89902,111.160225,370.8339,-3.1616316,169.6999,422.71317,-3.5942328,150.59721,373.14355,3.476369,54.72422,454.0339,-66.13779,48.94659,423.45663,-54.254658,87.14964,435.76096,278.81525,65.761566,413.57785,280.55945,91.96044,430.19556,317.81372,73.68517,407.5037,319.46786,66.06784,438.2753,369.2524,37.499905,417.67862,372.55704
Screenshot_20230220_014555 copy 9.png,329.93195,338.18915,-106.67154,338.36206,337.35275,-90.95382,339.51508,340.56226,-91.165085,340.3342,342.66733,-91.22066,333.79504,328.0395,-91.71983,331.51794,324.94543,-91.85848,329.03036,322.12372,-91.90734,335.63528,343.437,-14.902655,320.29953,316.93704,-13.97944,322.4961,347.55914,-77.970856,316.78888,337.00546,-79.26637,299.45316,391.19827,-8.327986,250.37022,310.18997,19.003908,296.91068,440.91046,-132.10342,176.44624,333.5914,41.352596,309.82516,464.53543,-355.5743,120.626564,358.5814,8.240938,319.59265,475.038,-402.70395,103.09019,365.52612,-5.1006494,316.74496,465.99432,-417.52515,104.7264,370.7349,-30.992874,309.83737,460.9158,-367.89902,111.160225,370.8339,-3.1616316,169.6999,422.71317,-3.5942328,150.59721,373.14355,3.476369,54.72422,454.0339,-66.13779,48.94659,423.45663,-54.254658,87.14964,435.76096,278.81525,65.761566,413.57785,280.55945,91.96044,430.19556,317.81372,73.68517,407.5037,319.46786,66.06784,438.2753,369.2524,37.499905,417.67862,372.55704
Screenshot_20230220_014555 copy.png,329.93195,338.18915,-106.67154,338.36206,337.35275,-90.95382,339.51508,340.56226,-91.165085,340.3342,342.66733,-91.22066,333.79504,328.0395,-91.71983,331.51794,324.94543,-91.85848,329.03036,322.12372,-91.90734,335.63528,343.437,-14.902655,320.29953,316.93704,-13.97944,322.4961,347.55914,-77.970856,316.78888,337.00546,-79.26637,299.45316,391.19827,-8.327986,250.37022,310.18997,19.003908,296.91068,440.91046,-132.10342,176.44624,333.5914,41.352596,309.82516,464.53543,-355.5743,120.626564,358.5814,8.240938,319.59265,475.038,-402.70395,103.09019,365.52612,-5.1006494,316.74496,465.99432,-417.52515,104.7264,370.7349,-30.992874,309.83737,460.9158,-367.89902,111.160225,370.8339,-3.1616316,169.6999,422.71317,-3.5942328,150.59721,373.14355,3.476369,54.72422,454.0339,-66.13779,48.94659,423.45663,-54.254658,87.14964,435.76096,278.81525,65.761566,413.57785,280.55945,91.96044,430.19556,317.81372,73.68517,407.5037,319.46786,66.06784,438.2753,369.2524,37.499905,417.67862,372.55704
Screenshot_20230220_014555.png,329.93195,338.18915,-106.67154,338.36206,337.35275,-90.95382,339.51508,340.56226,-91.165085,340.3342,342.66733,-91.22066,333.79504,328.0395,-91.71983,331.51794,324.94543,-91.85848,329.03036,322.12372,-91.90734,335.63528,343.437,-14.902655,320.29953,316.93704,-13.97944,322.4961,347.55914,-77.970856,316.78888,337.00546,-79.26637,299.45316,391.19827,-8.327986,250.37022,310.18997,19.003908,296.91068,440.91046,-132.10342,176.44624,333.5914,41.352596,309.82516,464.53543,-355.5743,120.626564,358.5814,8.240938,319.59265,475.038,-402.70395,103.09019,365.52612,-5.1006494,316.74496,465.99432,-417.52515,104.7264,370.7349,-30.992874,309.83737,460.9158,-367.89902,111.160225,370.8339,-3.1616316,169.6999,422.71317,-3.5942328,150.59721,373.14355,3.476369,54.72422,454.0339,-66.13779,48.94659,423.45663,-54.254658,87.14964,435.76096,278.81525,65.761566,413.57785,280.55945,91.96044,430.19556,317.81372,73.68517,407.5037,319.46786,66.06784,438.2753,369.2524,37.499905,417.67862,372.55704
Screenshot_20230220_014647 copy 2.png,345.9123,310.84244,-101.10678,356.75546,314.84555,-88.22955,357.83807,319.4925,-88.38447,358.4746,322.26553,-88.377525,354.78082,303.51447,-88.85218,354.53336,300.20834,-89.01168,354.1317,296.80377,-89.04996,357.72015,324.9481,-6.3583007,351.5189,290.3607,-6.8228765,338.48584,319.17392,-67.737236,336.59586,307.0919,-69.42427,320.73123,356.9943,20.466549,296.07858,268.66635,40.175232,330.44946,406.20682,-118.22359,223.50041,250.8199,91.98701,342.82623,418.8725,-364.28442,186.88034,301.36404,99.9621,350.64008,428.75052,-412.06064,175.59152,314.45993,92.44674,345.58026,419.9044,-421.82114,188.06921,316.97696,82.64373,339.45993,415.2979,-374.6679,192.23236,314.06863,97.546974,188.82292,373.34744,3.5813613,175.26561,326.8208,-3.6599839,65.233864,404.70697,-49.020237,58.278725,380.05844,-77.31781,85.96448,384.35403,274.54416,73.35846,366.35474,249.40259,91.50538,375.7405,311.90454,81.195625,362.06342,288.26663,57.905376,383.1808,360.08563,42.526836,374.09244,337.64676
Screenshot_20230220_014647 copy 3.png,345.9123,310.84244,-101.10678,356.75546,314.84555,-88.22955,357.83807,319.4925,-88.38447,358.4746,322.26553,-88.377525,354.78082,303.51447,-88.85218,354.53336,300.20834,-89.01168,354.1317,296.80377,-89.04996,357.72015,324.9481,-6.3583007,351.5189,290.3607,-6.8228765,338.48584,319.17392,-67.737236,336.59586,307.0919,-69.42427,320.73123,356.9943,20.466549,296.07858,268.66635,40.175232,330.44946,406.20682,-118.22359,223.50041,250.8199,91.98701,342.82623,418.8725,-364.28442,186.88034,301.36404,99.9621,350.64008,428.75052,-412.06064,175.59152,314.45993,92.44674,345.58026,419.9044,-421.82114,188.06921,316.97696,82.64373,339.45993,415.2979,-374.6679,192.23236,314.06863,97.546974,188.82292,373.34744,3.5813613,175.26561,326.8208,-3.6599839,65.233864,404.70697,-49.020237,58.278725,380.05844,-77.31781,85.96448,384.35403,274.54416,73.35846,366.35474,249.40259,91.50538,375.7405,311.90454,81.195625,362.06342,288.26663,57.905376,383.1808,360.08563,42.526836,374.09244,337.64676
Screenshot_20230220_014647 copy 4.png,345.9123,310.84244,-101.10678,356.75546,314.84555,-88.22955,357.83807,319.4925,-88.38447,358.4746,322.26553,-88.377525,354.78082,303.51447,-88.85218,354.53336,300.20834,-89.01168,354.1317,296.80377,-89.04996,357.72015,324.9481,-6.3583007,351.5189,290.3607,-6.8228765,338.48584,319.17392,-67.737236,336.59586,307.0919,-69.42427,320.73123,356.9943,20.466549,296.07858,268.66635,40.175232,330.44946,406.20682,-118.22359,223.50041,250.8199,91.98701,342.82623,418.8725,-364.28442,186.88034,301.36404,99.9621,350.64008,428.75052,-412.06064,175.59152,314.45993,92.44674,345.58026,419.9044,-421.82114,188.06921,316.97696,82.64373,339.45993,415.2979,-374.6679,192.23236,314.06863,97.546974,188.82292,373.34744,3.5813613,175.26561,326.8208,-3.6599839,65.233864,404.70697,-49.020237,58.278725,380.05844,-77.31781,85.96448,384.35403,274.54416,73.35846,366.35474,249.40259,91.50538,375.7405,311.90454,81.195625,362.06342,288.26663,57.905376,383.1808,360.08563,42.526836,374.09244,337.64676
Screenshot_20230220_014647 copy 5.png,345.9123,310.84244,-101.10678,356.75546,314.84555,-88.22955,357.83807,319.4925,-88.38447,358.4746,322.26553,-88.377525,354.78082,303.51447,-88.85218,354.53336,300.20834,-89.01168,354.1317,296.80377,-89.04996,357.72015,324.9481,-6.3583007,351.5189,290.3607,-6.8228765,338.48584,319.17392,-67.737236,336.59586,307.0919,-69.42427,320.73123,356.9943,20.466549,296.07858,268.66635,40.175232,330.44946,406.20682,-118.22359,223.50041,250.8199,91.98701,342.82623,418.8725,-364.28442,186.88034,301.36404,99.9621,350.64008,428.75052,-412.06064,175.59152,314.45993,92.44674,345.58026,419.9044,-421.82114,188.06921,316.97696,82.64373,339.45993,415.2979,-374.6679,192.23236,314.06863,97.546974,188.82292,373.34744,3.5813613,175.26561,326.8208,-3.6599839,65.233864,404.70697,-49.020237,58.278725,380.05844,-77.31781,85.96448,384.35403,274.54416,73.35846,366.35474,249.40259,91.50538,375.7405,311.90454,81.195625,362.06342,288.26663,57.905376,383.1808,360.08563,42.526836,374.09244,337.64676
Screenshot_20230220_014647 copy 6.png,345.9123,310.84244,-101.10678,356.75546,314.84555,-88.22955,357.83807,319.4925,-88.38447,358.4746,322.26553,-88.377525,354.78082,303.51447,-88.85218,354.53336,300.20834,-89.01168,354.1317,296.80377,-89.04996,357.72015,324.9481,-6.3583007,351.5189,290.3607,-6.8228765,338.48584,319.17392,-67.737236,336.59586,307.0919,-69.42427,320.73123,356.9943,20.466549,296.07858,268.66635,40.175232,330.44946,406.20682,-118.22359,223.50041,250.8199,91.98701,342.82623,418.8725,-364.28442,186.88034,301.36404,99.9621,350.64008,428.75052,-412.06064,175.59152,314.45993,92.44674,345.58026,419.9044,-421.82114,188.06921,316.97696,82.64373,339.45993,415.2979,-374.6679,192.23236,314.06863,97.546974,188.82292,373.34744,3.5813613,175.26561,326.8208,-3.6599839,65.233864,404.70697,-49.020237,58.278725,380.05844,-77.31781,85.96448,384.35403,274.54416,73.35846,366.35474,249.40259,91.50538,375.7405,311.90454,81.195625,362.06342,288.26663,57.905376,383.1808,360.08563,42.526836,374.09244,337.64676
Screenshot_20230220_014647 copy 7.png,345.9123,310.84244,-101.10678,356.75546,314.84555,-88.22955,357.83807,319.4925,-88.38447,358.4746,322.26553,-88.377525,354.78082,303.51447,-88.85218,354.53336,300.20834,-89.01168,354.1317,296.80377,-89.04996,357.72015,324.9481,-6.3583007,351.5189,290.3607,-6.8228765,338.48584,319.17392,-67.737236,336.59586,307.0919,-69.42427,320.73123,356.9943,20.466549,296.07858,268.66635,40.175232,330.44946,406.20682,-118.22359,223.50041,250.8199,91.98701,342.82623,418.8725,-364.28442,186.88034,301.36404,99.9621,350.64008,428.75052,-412.06064,175.59152,314.45993,92.44674,345.58026,419.9044,-421.82114,188.06921,316.97696,82.64373,339.45993,415.2979,-374.6679,192.23236,314.06863,97.546974,188.82292,373.34744,3.5813613,175.26561,326.8208,-3.6599839,65.233864,404.70697,-49.020237,58.278725,380.05844,-77.31781,85.96448,384.35403,274.54416,73.35846,366.35474,249.40259,91.50538,375.7405,311.90454,81.195625,362.06342,288.26663,57.905376,383.1808,360.08563,42.526836,374.09244,337.64676
Screenshot_20230220_014647 copy.png,345.9123,310.84244,-101.10678,356.75546,314.84555,-88.22955,357.83807,319.4925,-88.38447,358.4746,322.26553,-88.377525,354.78082,303.51447,-88.85218,354.53336,300.20834,-89.01168,354.1317,296.80377,-89.04996,357.72015,324.9481,-6.3583007,351.5189,290.3607,-6.8228765,338.48584,319.17392,-67.737236,336.59586,307.0919,-69.42427,320.73123,356.9943,20.466549,296.07858,268.66635,40.175232,330.44946,406.20682,-118.22359,223.50041,250.8199,91.98701,342.82623,418.8725,-364.28442,186.88034,301.36404,99.9621,350.64008,428.75052,-412.06064,175.59152,314.45993,92.44674,345.58026,419.9044,-421.82114,188.06921,316.97696,82.64373,339.45993,415.2979,-374.6679,192.23236,314.06863,97.546974,188.82292,373.34744,3.5813613,175.26561,326.8208,-3.6599839,65.233864,404.70697,-49.020237,58.278725,380.05844,-77.31781,85.96448,384.35403,274.54416,73.35846,366.35474,249.40259,91.50538,375.7405,311.90454,81.195625,362.06342,288.26663,57.905376,383.1808,360.08563,42.526836,374.09244,337.64676
Screenshot_20230220_014647.png,345.9123,310.84244,-101.10678,356.75546,314.84555,-88.22955,357.83807,319.4925,-88.38447,358.4746,322.26553,-88.377525,354.78082,303.51447,-88.85218,354.53336,300.20834,-89.01168,354.1317,296.80377,-89.04996,357.72015,324.9481,-6.3583007,351.5189,290.3607,-6.8228765,338.48584,319.17392,-67.737236,336.59586,307.0919,-69.42427,320.73123,356.9943,20.466549,296.07858,268.66635,40.175232,330.44946,406.20682,-118.22359,223.50041,250.8199,91.98701,342.82623,418.8725,-364.28442,186.88034,301.36404,99.9621,350.64008,428.75052,-412.06064,175.59152,314.45993,92.44674,345.58026,419.9044,-421.82114,188.06921,316.97696,82.64373,339.45993,415.2979,-374.6679,192.23236,314.06863,97.546974,188.82292,373.34744,3.5813613,175.26561,326.8208,-3.6599839,65.233864,404.70697,-49.020237,58.278725,380.05844,-77.31781,85.96448,384.35403,274.54416,73.35846,366.35474,249.40259,91.50538,375.7405,311.90454,81.195625,362.06342,288.26663,57.905376,383.1808,360.08563,42.526836,374.09244,337.64676
