26RVVGmE2LtwKb9xHARU7i-1200-80.jpg,655.8046,279.0027,-144.62117,669.80963,281.06174,-129.72856,671.17847,285.5779,-129.7188,672.24414,288.9147,-129.65521,665.55884,266.8836,-129.02438,663.9863,261.66748,-129.03218,662.127,256.6449,-129.08539,669.85767,294.5012,-30.737478,655.0712,251.8154,-26.930765,645.56177,291.2024,-105.70934,639.66547,273.19836,-104.61414,622.23773,350.07092,8.546138,586.13745,230.62271,21.142403,628.859,428.2453,-132.33812,498.8702,195.90863,18.620485,628.0845,439.85028,-390.82184,448.988,264.00867,-34.838326,637.9054,452.36588,-432.7076,435.8808,283.0597,-53.792557,628.32184,442.6261,-438.7026,445.1814,289.871,-55.29821,622.3394,436.78696,-398.90994,450.34378,285.22354,-33.06944,439.5036,390.24042,-24.54218,418.95853,325.40866,24.363083,301.4935,407.10574,-66.48166,294.10184,367.0556,-40.34706,161.06245,426.50842,-55.837837,156.80157,405.08987,-23.491882,143.36583,432.1425,-61.92253,140.04433,412.57397,-28.406149,111.82389,429.37646,-190.7456,111.57113,403.36188,-140.74596
647_A.jpg,214.55312,128.29912,-52.181297,217.2683,126.98012,-43.33971,217.45058,127.597,-43.33857,217.65282,128.23633,-43.334435,216.28154,124.52016,-46.181664,215.72646,123.26592,-46.183006,215.06584,121.897675,-46.18273,215.1838,128.04825,-0.18676394,211.15262,119.28463,-13.621739,211.04889,131.20148,-36.74415,209.71344,127.83765,-40.662514,193.16086,146.21686,18.027153,186.37012,113.17724,-1.7889193,194.11278,170.87021,-28.105093,160.30333,99.81163,-16.208925,205.90918,175.75824,-124.73508,145.93709,121.20924,-50.055634,212.33398,178.55827,-143.14793,145.94118,126.91246,-59.08505,212.27005,176.05806,-144.32608,149.11856,127.3928,-61.653233,209.65372,174.86461,-128.22095,149.43303,126.000275,-51.06131,142.40814,155.02798,4.020172,137.10248,135.83105,-4.0411243,104.01024,170.28738,-17.839218,98.41751,153.5312,-15.200349,61.477287,183.30865,1.9284286,59.28271,172.50688,7.5734572,55.00962,183.67764,1.1670855,52.52526,174.43091,6.6517234,50.72901,190.82088,-48.780075,49.40332,180.97374,-42.709846
Core-Strengthening-Exercise-Side-Plank.jpg,795.5367,408.0227,-177.04854,809.9199,412.2477,-156.2564,811.04114,415.7848,-156.2867,812.15845,419.5259,-156.29054,803.33594,398.2883,-147.94525,799.92554,392.23428,-147.91483,796.6146,387.682,-147.89592,809.7379,428.54297,-31.70041,788.4298,382.14908,6.7114205,785.433,421.8744,-130.73743,777.4717,403.07352,-119.765396,738.6783,492.15918,-0.2565644,711.80396,365.35828,104.045815,733.76996,580.31934,-199.28412,623.32074,325.18158,155.92654,730.5534,615.0261,-574.77734,557.3155,377.38193,102.68131,744.6516,627.77747,-638.7761,538.96173,394.46838,86.94004,743.045,622.6312,-651.519,548.05164,399.46124,72.340355,735.4975,618.1011,-588.13885,554.10474,395.988,97.9043,547.16016,507.93124,-44.29467,527.3567,439.2101,44.22374,390.49646,547.7841,-140.4142,377.57587,502.48975,-9.672444,237.37958,588.75574,-92.035965,234.96384,556.1435,78.09673,214.95206,594.68787,-96.7929,215.8967,568.56964,76.90206,201.31738,597.7145,-274.48886,197.39465,560.0651,-76.55638
Forearm-Side-Plank_Exercise.jpg,351.87723,66.80429,-293.90363,363.12045,67.29581,-291.6528,364.85547,70.23494,-291.64597,366.26443,72.41928,-291.70355,358.15906,57.069935,-287.28152,356.78232,53.743855,-287.2551,355.72168,51.368053,-287.20316,368.80905,77.29694,-229.56732,353.90186,48.762234,-206.41194,347.2221,75.88964,-265.7818,342.36945,64.369316,-259.13092,345.10992,121.081345,-162.33359,313.0799,38.081707,-123.045494,345.22717,185.13101,-203.6764,269.49072,11.294969,-66.00075,316.7411,202.10501,-325.89587,229.87617,52.64748,-78.832306,303.10425,208.91833,-349.68958,217.07358,64.4408,-81.9791,299.57642,200.42021,-357.09787,224.37317,66.81028,-91.16555,301.67273,196.1543,-329.14725,228.75471,64.89374,-79.854904,232.69113,130.24939,-13.6402235,219.80934,85.74112,13.571084,162.43495,151.89594,62.716248,153.65396,107.44436,100.55617,105.87815,151.10138,250.00154,104.51576,130.53381,280.88428,102.04488,150.40636,265.58218,103.11352,135.7338,297.03937,74.51256,151.44754,193.47086,75.11642,137.31439,238.5465
Full-Side-Plank_Exercise.jpg,322.1996,57.145042,-401.4167,332.58478,56.32801,-399.18988,334.70752,59.067272,-399.18643,336.40613,61.111217,-399.29187,326.47623,47.40141,-394.00027,324.55365,44.25439,-394.05637,323.03845,41.952663,-394.0033,338.43704,66.336136,-329.65796,319.44034,39.939674,-305.1678,318.61078,67.456924,-371.04727,312.4382,57.025658,-364.0796,311.91672,115.86602,-254.53885,274.69473,35.418705,-194.58229,306.41638,182.69005,-246.25624,235.92973,28.150427,-36.810436,315.05038,244.88228,-335.83356,199.71236,65.821915,46.612076,331.11935,251.51239,-357.90384,188.86076,76.92947,55.11202,330.97137,253.03195,-389.04498,193.47826,79.82791,37.358414,322.49625,251.3281,-350.93628,197.39526,77.82315,42.896442,209.39116,146.04579,-21.472008,186.37415,105.65779,21.495136,149.77621,186.66011,140.6868,132.31998,148.68532,178.44423,99.0619,206.55559,363.0064,92.57662,186.38293,401.57205,96.178604,209.90271,382.09937,92.739296,194.6873,420.96506,68.63762,210.16725,294.96747,62.723473,194.25188,349.66
How-Do-Side-Plank-Pose.jpg,1837.3998,964.84296,-542.1892,1878.0573,973.80725,-476.37958,1881.0269,985.6498,-476.52002,1883.406,996.5261,-476.5481,1869.3816,931.6041,-482.52725,1865.6631,913.4761,-482.28845,1860.6779,894.68396,-482.0104,1877.9636,1002.57825,-62.357594,1841.239,866.65466,-90.304245,1797.3286,992.1445,-381.41193,1786.1611,941.5821,-389.5433,1692.9642,1143.2306,91.67101,1582.6298,781.725,230.13522,1696.6377,1373.4354,-309.11002,1291.9431,667.878,358.79886,1661.2771,1533.9586,-1373.6443,1109.9594,892.92664,145.08618,1643.8359,1583.7034,-1572.7959,1072.0264,938.98627,88.18213,1624.1506,1559.626,-1657.8158,1113.215,961.7676,28.950985,1625.8668,1539.4354,-1433.4531,1128.4824,951.8444,128.84947,1075.9061,1248.6298,-78.586235,1011.3852,1032.886,78.73569,603.56104,1363.603,-252.57597,544.67365,1198.9393,-66.41849,125.500854,1440.7496,4.69032,115.03162,1351.5566,224.7281,66.19324,1455.6978,-1.0830952,66.51489,1376.5284,224.58499,-15.986572,1433.4988,-531.3561,-53.255615,1342.094,-253.60217
IMG_4782 copy 10.JPG,1357.8899,1454.1095,105.57545,1377.6704,1434.8325,153.94992,1376.8776,1432.8862,153.87149,1376.1545,1430.496,153.95537,1377.279,1429.2091,82.56683,1375.9512,1423.2448,82.60023,1374.177,1416.452,82.50342,1355.4148,1399.9603,366.4793,1346.6378,1377.035,33.84097,1325.4594,1452.8209,186.79877,1323.6351,1445.4801,90.07168,1241.7283,1486.3805,392.10593,1174.1576,1300.7087,-4.840824,1183.3245,1606.0862,100.56405,996.0544,1379.1995,-90.43992,1330.5226,1641.6075,-524.228,861.111,1505.1432,-130.5895,1367.7615,1654.9185,-634.7109,801.06305,1537.6199,-145.5825,1370.3394,1646.428,-636.5578,821.0575,1556.4296,-180.17445,1355.4766,1641.9358,-547.07635,844.38983,1553.0148,-135.55435,979.22754,1656.8413,90.03748,908.06995,1554.3551,-89.772896,748.59796,1787.9799,-361.45288,728.63214,1722.2736,-476.85886,485.25244,1936.3998,-594.46313,472.6159,1929.6442,-674.9237,410.61145,1954.2708,-626.8596,395.2619,1959.203,-702.6905,423.10648,2036.3994,-858.6333,395.39267,2025.5568,-940.0428
IMG_4782 copy 11.JPG,1357.8899,1454.1095,105.57545,1377.6704,1434.8325,153.94992,1376.8776,1432.8862,153.87149,1376.1545,1430.496,153.95537,1377.279,1429.2091,82.56683,1375.9512,1423.2448,82.60023,1374.177,1416.452,82.50342,1355.4148,1399.9603,366.4793,1346.6378,1377.035,33.84097,1325.4594,1452.8209,186.79877,1323.6351,1445.4801,90.07168,1241.7283,1486.3805,392.10593,1174.1576,1300.7087,-4.840824,1183.3245,1606.0862,100.56405,996.0544,1379.1995,-90.43992,1330.5226,1641.6075,-524.228,861.111,1505.1432,-130.5895,1367.7615,1654.9185,-634.7109,801.06305,1537.6199,-145.5825,1370.3394,1646.428,-636.5578,821.0575,1556.4296,-180.17445,1355.4766,1641.9358,-547.07635,844.38983,1553.0148,-135.55435,979.22754,1656.8413,90.03748,908.06995,1554.3551,-89.772896,748.59796,1787.9799,-361.45288,728.63214,1722.2736,-476.85886,485.25244,1936.3998,-594.46313,472.6159,1929.6442,-674.9237,410.61145,1954.2708,-626.8596,395.2619,1959.203,-702.6905,423.10648,2036.3994,-858.6333,395.39267,2025.5568,-940.0428
IMG_4782 copy 12.JPG,1357.8899,1454.1095,105.57545,1377.6704,1434.8325,153.94992,1376.8776,1432.8862,153.87149,1376.1545,1430.496,153.95537,1377.279,1429.2091,82.56683,1375.9512,1423.2448,82.60023,1374.177,1416.452,82.50342,1355.4148,1399.9603,366.4793,1346.6378,1377.035,33.84097,1325.4594,1452.8209,186.79877,1323.6351,1445.4801,90.07168,1241.7283,1486.3805,392.10593,1174.1576,1300.7087,-4.840824,1183.3245,1606.0862,100.56405,996.0544,1379.1995,-90.43992,1330.5226,1641.6075,-524.228,861.111,1505.1432,-130.5895,1367.7615,1654.9185,-634.7109,801.06305,1537.6199,-145.5825,1370.3394,1646.428,-636.5578,821.0575,1556.4296,-180.17445,1355.4766,1641.9358,-547.07635,844.38983,1553.0148,-135.55435,979.22754,1656.8413,90.03748,908.06995,1554.3551,-89.772896,748.59796,1787.9799,-361.45288,728.63214,1722.2736,-476.85886,485.25244,1936.3998,-594.46313,472.6159,1929.6442,-674.9237,410.61145,1954.2708,-626.8596,395.2619,1959.203,-702.6905,423.10648,2036.3994,-858.6333,395.39267,2025.5568,-940.0428
IMG_4782 copy 13.JPG,1357.8899,1454.1095,105.57545,1377.6704,1434.8325,153.94992,1376.8776,1432.8862,153.87149,1376.1545,1430.496,153.95537,1377.279,1429.2091,82.56683,1375.9512,1423.2448,82.60023,1374.177,1416.452,82.50342,1355.4148,1399.9603,366.4793,1346.6378,1377.035,33.84097,1325.4594,1452.8209,186.79877,1323.6351,1445.4801,90.07168,1241.7283,1486.3805,392.10593,1174.1576,1300.7087,-4.840824,1183.3245,1606.0862,100.56405,996.0544,1379.1995,-90.43992,1330.5226,1641.6075,-524.228,861.111,1505.1432,-130.5895,1367.7615,1654.9185,-634.7109,801.06305,1537.6199,-145.5825,1370.3394,1646.428,-636.5578,821.0575,1556.4296,-180.17445,1355.4766,1641.9358,-547.07635,844.38983,1553.0148,-135.55435,979.22754,1656.8413,90.03748,908.06995,1554.3551,-89.772896,748.59796,1787.9799,-361.45288,728.63214,1722.2736,-476.85886,485.25244,1936.3998,-594.46313,472.6159,1929.6442,-674.9237,410.61145,1954.2708,-626.8596,395.2619,1959.203,-702.6905,423.10648,2036.3994,-858.6333,395.39267,2025.5568,-940.0428
IMG_4782 copy 14.JPG,1357.8899,1454.1095,105.57545,1377.6704,1434.8325,153.94992,1376.8776,1432.8862,153.87149,1376.1545,1430.496,153.95537,1377.279,1429.2091,82.56683,1375.9512,1423.2448,82.60023,1374.177,1416.452,82.50342,1355.4148,1399.9603,366.4793,1346.6378,1377.035,33.84097,1325.4594,1452.8209,186.79877,1323.6351,1445.4801,90.07168,1241.7283,1486.3805,392.10593,1174.1576,1300.7087,-4.840824,1183.3245,1606.0862,100.56405,996.0544,1379.1995,-90.43992,1330.5226,1641.6075,-524.228,861.111,1505.1432,-130.5895,1367.7615,1654.9185,-634.7109,801.06305,1537.6199,-145.5825,1370.3394,1646.428,-636.5578,821.0575,1556.4296,-180.17445,1355.4766,1641.9358,-547.07635,844.38983,1553.0148,-135.55435,979.22754,1656.8413,90.03748,908.06995,1554.3551,-89.772896,748.59796,1787.9799,-361.45288,728.63214,1722.2736,-476.85886,485.25244,1936.3998,-594.46313,472.6159,1929.6442,-674.9237,410.61145,1954.2708,-626.8596,395.2619,1959.203,-702.6905,423.10648,2036.3994,-858.6333,395.39267,2025.5568,-940.0428
IMG_4782 copy 15.JPG,1357.8899,1454.1095,105.57545,1377.6704,1434.8325,153.94992,1376.8776,1432.8862,153.87149,1376.1545,1430.496,153.95537,1377.279,1429.2091,82.56683,1375.9512,1423.2448,82.60023,1374.177,1416.452,82.50342,1355.4148,1399.9603,366.4793,1346.6378,1377.035,33.84097,1325.4594,1452.8209,186.79877,1323.6351,1445.4801,90.07168,1241.7283,1486.3805,392.10593,1174.1576,1300.7087,-4.840824,1183.3245,1606.0862,100.56405,996.0544,1379.1995,-90.43992,1330.5226,1641.6075,-524.228,861.111,1505.1432,-130.5895,1367.7615,1654.9185,-634.7109,801.06305,1537.6199,-145.5825,1370.3394,1646.428,-636.5578,821.0575,1556.4296,-180.17445,1355.4766,1641.9358,-547.07635,844.38983,1553.0148,-135.55435,979.22754,1656.8413,90.03748,908.06995,1554.3551,-89.772896,748.59796,1787.9799,-361.45288,728.63214,1722.2736,-476.85886,485.25244,1936.3998,-594.46313,472.6159,1929.6442,-674.9237,410.61145,1954.2708,-626.8596,395.2619,1959.203,-702.6905,423.10648,2036.3994,-858.6333,395.39267,2025.5568,-940.0428
IMG_4782 copy 16.JPG,1357.8899,1454.1095,105.57545,1377.6704,1434.8325,153.94992,1376.8776,1432.8862,153.87149,1376.1545,1430.496,153.95537,1377.279,1429.2091,82.56683,1375.9512,1423.2448,82.60023,1374.177,1416.452,82.50342,1355.4148,1399.9603,366.4793,1346.6378,1377.035,33.84097,1325.4594,1452.8209,186.79877,1323.6351,1445.4801,90.07168,1241.7283,1486.3805,392.10593,1174.1576,1300.7087,-4.840824,1183.3245,1606.0862,100.56405,996.0544,1379.1995,-90.43992,1330.5226,1641.6075,-524.228,861.111,1505.1432,-130.5895,1367.7615,1654.9185,-634.7109,801.06305,1537.6199,-145.5825,1370.3394,1646.428,-636.5578,821.0575,1556.4296,-180.17445,1355.4766,1641.9358,-547.07635,844.38983,1553.0148,-135.55435,979.22754,1656.8413,90.03748,908.06995,1554.3551,-89.772896,748.59796,1787.9799,-361.45288,728.63214,1722.2736,-476.85886,485.25244,1936.3998,-594.46313,472.6159,1929.6442,-674.9237,410.61145,1954.2708,-626.8596,395.2619,1959.203,-702.6905,423.10648,2036.3994,-858.6333,395.39267,2025.5568,-940.0428
IMG_4782 copy 17.JPG,1357.8899,1454.1095,105.57545,1377.6704,1434.8325,153.94992,1376.8776,1432.8862,153.87149,1376.1545,1430.496,153.95537,1377.279,1429.2091,82.56683,1375.9512,1423.2448,82.60023,1374.177,1416.452,82.50342,1355.4148,1399.9603,366.4793,1346.6378,1377.035,33.84097,1325.4594,1452.8209,186.79877,1323.6351,1445.4801,90.07168,1241.7283,1486.3805,392.10593,1174.1576,1300.7087,-4.840824,1183.3245,1606.0862,100.56405,996.0544,1379.1995,-90.43992,1330.5226,1641.6075,-524.228,861.111,1505.1432,-130.5895,1367.7615,1654.9185,-634.7109,801.06305,1537.6199,-145.5825,1370.3394,1646.428,-636.5578,821.0575,1556.4296,-180.17445,1355.4766,1641.9358,-547.07635,844.38983,1553.0148,-135.55435,979.22754,1656.8413,90.03748,908.06995,1554.3551,-89.772896,748.59796,1787.9799,-361.45288,728.63214,1722.2736,-476.85886,485.25244,1936.3998,-594.46313,472.6159,1929.6442,-674.9237,410.61145,1954.2708,-626.8596,395.2619,1959.203,-702.6905,423.10648,2036.3994,-858.6333,395.39267,2025.5568,-940.0428
IMG_4782 copy 18.JPG,1357.8899,1454.1095,105.57545,1377.6704,1434.8325,153.94992,1376.8776,1432.8862,153.87149,1376.1545,1430.496,153.95537,1377.279,1429.2091,82.56683,1375.9512,1423.2448,82.60023,1374.177,1416.452,82.50342,1355.4148,1399.9603,366.4793,1346.6378,1377.035,33.84097,1325.4594,1452.8209,186.79877,1323.6351,1445.4801,90.07168,1241.7283,1486.3805,392.10593,1174.1576,1300.7087,-4.840824,1183.3245,1606.0862,100.56405,996.0544,1379.1995,-90.43992,1330.5226,1641.6075,-524.228,861.111,1505.1432,-130.5895,1367.7615,1654.9185,-634.7109,801.06305,1537.6199,-145.5825,1370.3394,1646.428,-636.5578,821.0575,1556.4296,-180.17445,1355.4766,1641.9358,-547.07635,844.38983,1553.0148,-135.55435,979.22754,1656.8413,90.03748,908.06995,1554.3551,-89.772896,748.59796,1787.9799,-361.45288,728.63214,1722.2736,-476.85886,485.25244,1936.3998,-594.46313,472.6159,1929.6442,-674.9237,410.61145,1954.2708,-626.8596,395.2619,1959.203,-702.6905,423.10648,2036.3994,-858.6333,395.39267,2025.5568,-940.0428
IMG_4782 copy 19.JPG,1357.8899,1454.1095,105.57545,1377.6704,1434.8325,153.94992,1376.8776,1432.8862,153.87149,1376.1545,1430.496,153.95537,1377.279,1429.2091,82.56683,1375.9512,1423.2448,82.60023,1374.177,1416.452,82.50342,1355.4148,1399.9603,366.4793,1346.6378,1377.035,33.84097,1325.4594,1452.8209,186.79877,1323.6351,1445.4801,90.07168,1241.7283,1486.3805,392.10593,1174.1576,1300.7087,-4.840824,1183.3245,1606.0862,100.56405,996.0544,1379.1995,-90.43992,1330.5226,1641.6075,-524.228,861.111,1505.1432,-130.5895,1367.7615,1654.9185,-634.7109,801.06305,1537.6199,-145.5825,1370.3394,1646.428,-636.5578,821.0575,1556.4296,-180.17445,1355.4766,1641.9358,-547.07635,844.38983,1553.0148,-135.55435,979.22754,1656.8413,90.03748,908.06995,1554.3551,-89.772896,748.59796,1787.9799,-361.45288,728.63214,1722.2736,-476.85886,485.25244,1936.3998,-594.46313,472.6159,1929.6442,-674.9237,410.61145,1954.2708,-626.8596,395.2619,1959.203,-702.6905,423.10648,2036.3994,-858.6333,395.39267,2025.5568,-940.0428
IMG_4782 copy 2.JPG,1357.8899,1454.1095,105.57545,1377.6704,1434.8325,153.94992,1376.8776,1432.8862,153.87149,1376.1545,1430.496,153.95537,1377.279,1429.2091,82.56683,1375.9512,1423.2448,82.60023,1374.177,1416.452,82.50342,1355.4148,1399.9603,366.4793,1346.6378,1377.035,33.84097,1325.4594,1452.8209,186.79877,1323.6351,1445.4801,90.07168,1241.7283,1486.3805,392.10593,1174.1576,1300.7087,-4.840824,1183.3245,1606.0862,100.56405,996.0544,1379.1995,-90.43992,1330.5226,1641.6075,-524.228,861.111,1505.1432,-130.5895,1367.7615,1654.9185,-634.7109,801.06305,1537.6199,-145.5825,1370.3394,1646.428,-636.5578,821.0575,1556.4296,-180.17445,1355.4766,1641.9358,-547.07635,844.38983,1553.0148,-135.55435,979.22754,1656.8413,90.03748,908.06995,1554.3551,-89.772896,748.59796,1787.9799,-361.45288,728.63214,1722.2736,-476.85886,485.25244,1936.3998,-594.46313,472.6159,1929.6442,-674.9237,410.61145,1954.2708,-626.8596,395.2619,1959.203,-702.6905,423.10648,2036.3994,-858.6333,395.39267,2025.5568,-940.0428
IMG_4782 copy 20.JPG,1357.8899,1454.1095,105.57545,1377.6704,1434.8325,153.94992,1376.8776,1432.8862,153.87149,1376.1545,1430.496,153.95537,1377.279,1429.2091,82.56683,1375.9512,1423.2448,82.60023,1374.177,1416.452,82.50342,1355.4148,1399.9603,366.4793,1346.6378,1377.035,33.84097,1325.4594,1452.8209,186.79877,1323.6351,1445.4801,90.07168,1241.7283,1486.3805,392.10593,1174.1576,1300.7087,-4.840824,1183.3245,1606.0862,100.56405,996.0544,1379.1995,-90.43992,1330.5226,1641.6075,-524.228,861.111,1505.1432,-130.5895,1367.7615,1654.9185,-634.7109,801.06305,1537.6199,-145.5825,1370.3394,1646.428,-636.5578,821.0575,1556.4296,-180.17445,1355.4766,1641.9358,-547.07635,844.38983,1553.0148,-135.55435,979.22754,1656.8413,90.03748,908.06995,1554.3551,-89.772896,748.59796,1787.9799,-361.45288,728.63214,1722.2736,-476.85886,485.25244,1936.3998,-594.46313,472.6159,1929.6442,-674.9237,410.61145,1954.2708,-626.8596,395.2619,1959.203,-702.6905,423.10648,2036.3994,-858.6333,395.39267,2025.5568,-940.0428
IMG_4782 copy 3.JPG,1357.8899,1454.1095,105.57545,1377.6704,1434.8325,153.94992,1376.8776,1432.8862,153.87149,1376.1545,1430.496,153.95537,1377.279,1429.2091,82.56683,1375.9512,1423.2448,82.60023,1374.177,1416.452,82.50342,1355.4148,1399.9603,366.4793,1346.6378,1377.035,33.84097,1325.4594,1452.8209,186.79877,1323.6351,1445.4801,90.07168,1241.7283,1486.3805,392.10593,1174.1576,1300.7087,-4.840824,1183.3245,1606.0862,100.56405,996.0544,1379.1995,-90.43992,1330.5226,1641.6075,-524.228,861.111,1505.1432,-130.5895,1367.7615,1654.9185,-634.7109,801.06305,1537.6199,-145.5825,1370.3394,1646.428,-636.5578,821.0575,1556.4296,-180.17445,1355.4766,1641.9358,-547.07635,844.38983,1553.0148,-135.55435,979.22754,1656.8413,90.03748,908.06995,1554.3551,-89.772896,748.59796,1787.9799,-361.45288,728.63214,1722.2736,-476.85886,485.25244,1936.3998,-594.46313,472.6159,1929.6442,-674.9237,410.61145,1954.2708,-626.8596,395.2619,1959.203,-702.6905,423.10648,2036.3994,-858.6333,395.39267,2025.5568,-940.0428
IMG_4782 copy 4.JPG,1357.8899,1454.1095,105.57545,1377.6704,1434.8325,153.94992,1376.8776,1432.8862,153.87149,1376.1545,1430.496,153.95537,1377.279,1429.2091,82.56683,1375.9512,1423.2448,82.60023,1374.177,1416.452,82.50342,1355.4148,1399.9603,366.4793,1346.6378,1377.035,33.84097,1325.4594,1452.8209,186.79877,1323.6351,1445.4801,90.07168,1241.7283,1486.3805,392.10593,1174.1576,1300.7087,-4.840824,1183.3245,1606.0862,100.56405,996.0544,1379.1995,-90.43992,1330.5226,1641.6075,-524.228,861.111,1505.1432,-130.5895,1367.7615,1654.9185,-634.7109,801.06305,1537.6199,-145.5825,1370.3394,1646.428,-636.5578,821.0575,1556.4296,-180.17445,1355.4766,1641.9358,-547.07635,844.38983,1553.0148,-135.55435,979.22754,1656.8413,90.03748,908.06995,1554.3551,-89.772896,748.59796,1787.9799,-361.45288,728.63214,1722.2736,-476.85886,485.25244,1936.3998,-594.46313,472.6159,1929.6442,-674.9237,410.61145,1954.2708,-626.8596,395.2619,1959.203,-702.6905,423.10648,2036.3994,-858.6333,395.39267,2025.5568,-940.0428
IMG_4782 copy 5.JPG,1357.8899,1454.1095,105.57545,1377.6704,1434.8325,153.94992,1376.8776,1432.8862,153.87149,1376.1545,1430.496,153.95537,1377.279,1429.2091,82.56683,1375.9512,1423.2448,82.60023,1374.177,1416.452,82.50342,1355.4148,1399.9603,366.4793,1346.6378,1377.035,33.84097,1325.4594,1452.8209,186.79877,1323.6351,1445.4801,90.07168,1241.7283,1486.3805,392.10593,1174.1576,1300.7087,-4.840824,1183.3245,1606.0862,100.56405,996.0544,1379.1995,-90.43992,1330.5226,1641.6075,-524.228,861.111,1505.1432,-130.5895,1367.7615,1654.9185,-634.7109,801.06305,1537.6199,-145.5825,1370.3394,1646.428,-636.5578,821.0575,1556.4296,-180.17445,1355.4766,1641.9358,-547.07635,844.38983,1553.0148,-135.55435,979.22754,1656.8413,90.03748,908.06995,1554.3551,-89.772896,748.59796,1787.9799,-361.45288,728.63214,1722.2736,-476.85886,485.25244,1936.3998,-594.46313,472.6159,1929.6442,-674.9237,410.61145,1954.2708,-626.8596,395.2619,1959.203,-702.6905,423.10648,2036.3994,-858.6333,395.39267,2025.5568,-940.0428
IMG_4782 copy 6.JPG,1357.8899,1454.1095,105.57545,1377.6704,1434.8325,153.94992,1376.8776,1432.8862,153.87149,1376.1545,1430.496,153.95537,1377.279,1429.2091,82.56683,1375.9512,1423.2448,82.60023,1374.177,1416.452,82.50342,1355.4148,1399.9603,366.4793,1346.6378,1377.035,33.84097,1325.4594,1452.8209,186.79877,1323.6351,1445.4801,90.07168,1241.7283,1486.3805,392.10593,1174.1576,1300.7087,-4.840824,1183.3245,1606.0862,100.56405,996.0544,1379.1995,-90.43992,1330.5226,1641.6075,-524.228,861.111,1505.1432,-130.5895,1367.7615,1654.9185,-634.7109,801.06305,1537.6199,-145.5825,1370.3394,1646.428,-636.5578,821.0575,1556.4296,-180.17445,1355.4766,1641.9358,-547.07635,844.38983,1553.0148,-135.55435,979.22754,1656.8413,90.03748,908.06995,1554.3551,-89.772896,748.59796,1787.9799,-361.45288,728.63214,1722.2736,-476.85886,485.25244,1936.3998,-594.46313,472.6159,1929.6442,-674.9237,410.61145,1954.2708,-626.8596,395.2619,1959.203,-702.6905,423.10648,2036.3994,-858.6333,395.39267,2025.5568,-940.0428
IMG_4782 copy 7.JPG,1357.8899,1454.1095,105.57545,1377.6704,1434.8325,153.94992,1376.8776,1432.8862,153.87149,1376.1545,1430.496,153.95537,1377.279,1429.2091,82.56683,1375.9512,1423.2448,82.60023,1374.177,1416.452,82.50342,1355.4148,1399.9603,366.4793,1346.6378,1377.035,33.84097,1325.4594,1452.8209,186.79877,1323.6351,1445.4801,90.07168,1241.7283,1486.3805,392.10593,1174.1576,1300.7087,-4.840824,1183.3245,1606.0862,100.56405,996.0544,1379.1995,-90.43992,1330.5226,1641.6075,-524.228,861.111,1505.1432,-130.5895,1367.7615,1654.9185,-634.7109,801.06305,1537.6199,-145.5825,1370.3394,1646.428,-636.5578,821.0575,1556.4296,-180.17445,1355.4766,1641.9358,-547.07635,844.38983,1553.0148,-135.55435,979.22754,1656.8413,90.03748,908.06995,1554.3551,-89.772896,748.59796,1787.9799,-361.45288,728.63214,1722.2736,-476.85886,485.25244,1936.3998,-594.46313,472.6159,1929.6442,-674.9237,410.61145,1954.2708,-626.8596,395.2619,1959.203,-702.6905,423.10648,2036.3994,-858.6333,395.39267,2025.5568,-940.0428
IMG_4782 copy 8.JPG,1357.8899,1454.1095,105.57545,1377.6704,1434.8325,153.94992,1376.8776,1432.8862,153.87149,1376.1545,1430.496,153.95537,1377.279,1429.2091,82.56683,1375.9512,1423.2448,82.60023,1374.177,1416.452,82.50342,1355.4148,1399.9603,366.4793,1346.6378,1377.035,33.84097,1325.4594,1452.8209,186.79877,1323.6351,1445.4801,90.07168,1241.7283,1486.3805,392.10593,1174.1576,1300.7087,-4.840824,1183.3245,1606.0862,100.56405,996.0544,1379.1995,-90.43992,1330.5226,1641.6075,-524.228,861.111,1505.1432,-130.5895,1367.7615,1654.9185,-634.7109,801.06305,1537.6199,-145.5825,1370.3394,1646.428,-636.5578,821.0575,1556.4296,-180.17445,1355.4766,1641.9358,-547.07635,844.38983,1553.0148,-135.55435,979.22754,1656.8413,90.03748,908.06995,1554.3551,-89.772896,748.59796,1787.9799,-361.45288,728.63214,1722.2736,-476.85886,485.25244,1936.3998,-594.46313,472.6159,1929.6442,-674.9237,410.61145,1954.2708,-626.8596,395.2619,1959.203,-702.6905,423.10648,2036.3994,-858.6333,395.39267,2025.5568,-940.0428
IMG_4782 copy 9.JPG,1357.8899,1454.1095,105.57545,1377.6704,1434.8325,153.94992,1376.8776,1432.8862,153.87149,1376.1545,1430.496,153.95537,1377.279,1429.2091,82.56683,1375.9512,1423.2448,82.60023,1374.177,1416.452,82.50342,1355.4148,1399.9603,366.4793,1346.6378,1377.035,33.84097,1325.4594,1452.8209,186.79877,1323.6351,1445.4801,90.07168,1241.7283,1486.3805,392.10593,1174.1576,1300.7087,-4.840824,1183.3245,1606.0862,100.56405,996.0544,1379.1995,-90.43992,1330.5226,1641.6075,-524.228,861.111,1505.1432,-130.5895,1367.7615,1654.9185,-634.7109,801.06305,1537.6199,-145.5825,1370.3394,1646.428,-636.5578,821.0575,1556.4296,-180.17445,1355.4766,1641.9358,-547.07635,844.38983,1553.0148,-135.55435,979.22754,1656.8413,90.03748,908.06995,1554.3551,-89.772896,748.59796,1787.9799,-361.45288,728.63214,1722.2736,-476.85886,485.25244,1936.3998,-594.46313,472.6159,1929.6442,-674.9237,410.61145,1954.2708,-626.8596,395.2619,1959.203,-702.6905,423.10648,2036.3994,-858.6333,395.39267,2025.5568,-940.0428
IMG_4782 copy.JPG,1357.8899,1454.1095,105.57545,1377.6704,1434.8325,153.94992,1376.8776,1432.8862,153.87149,1376.1545,1430.496,153.95537,1377.279,1429.2091,82.56683,1375.9512,1423.2448,82.60023,1374.177,1416.452,82.50342,1355.4148,1399.9603,366.4793,1346.6378,1377.035,33.84097,1325.4594,1452.8209,186.79877,1323.6351,1445.4801,90.07168,1241.7283,1486.3805,392.10593,1174.1576,1300.7087,-4.840824,1183.3245,1606.0862,100.56405,996.0544,1379.1995,-90.43992,1330.5226,1641.6075,-524.228,861.111,1505.1432,-130.5895,1367.7615,1654.9185,-634.7109,801.06305,1537.6199,-145.5825,1370.3394,1646.428,-636.5578,821.0575,1556.4296,-180.17445,1355.4766,1641.9358,-547.07635,844.38983,1553.0148,-135.55435,979.22754,1656.8413,90.03748,908.06995,1554.3551,-89.772896,748.59796,1787.9799,-361.45288,728.63214,1722.2736,-476.85886,485.25244,1936.3998,-594.46313,472.6159,1929.6442,-674.9237,410.61145,1954.2708,-626.8596,395.2619,1959.203,-702.6905,423.10648,2036.3994,-858.6333,395.39267,2025.5568,-940.0428
IMG_4782.JPG,1357.8899,1454.1095,105.57545,1377.6704,1434.8325,153.94992,1376.8776,1432.8862,153.87149,1376.1545,1430.496,153.95537,1377.279,1429.2091,82.56683,1375.9512,1423.2448,82.60023,1374.177,1416.452,82.50342,1355.4148,1399.9603,366.4793,1346.6378,1377.035,33.84097,1325.4594,1452.8209,186.79877,1323.6351,1445.4801,90.07168,1241.7283,1486.3805,392.10593,1174.1576,1300.7087,-4.840824,1183.3245,1606.0862,100.56405,996.0544,1379.1995,-90.43992,1330.5226,1641.6075,-524.228,861.111,1505.1432,-130.5895,1367.7615,1654.9185,-634.7109,801.06305,1537.6199,-145.5825,1370.3394,1646.428,-636.5578,821.0575,1556.4296,-180.17445,1355.4766,1641.9358,-547.07635,844.38983,1553.0148,-135.55435,979.22754,1656.8413,90.03748,908.06995,1554.3551,-89.772896,748.59796,1787.9799,-361.45288,728.63214,1722.2736,-476.85886,485.25244,1936.3998,-594.46313,472.6159,1929.6442,-674.9237,410.61145,1954.2708,-626.8596,395.2619,1959.203,-702.6905,423.10648,2036.3994,-858.6333,395.39267,2025.5568,-940.0428
IMG_4802 copy 10.png,1520.8076,1631.4073,-245.89413,1546.625,1627.8303,-209.36433,1547.136,1629.5829,-209.50912,1547.5745,1631.1504,-209.48383,1546.63,1612.9463,-236.65724,1547.1078,1603.8832,-236.55437,1548.0463,1592.2129,-236.54433,1544.5763,1609.5261,-5.5002747,1542.5914,1543.5549,-130.24179,1495.2725,1626.6881,-167.87,1491.5955,1610.2937,-203.5967,1450.4972,1676.5626,-2.4822803,1358.3152,1446.6351,-42.27416,1479.6277,1825.7217,-362.29068,1148.1344,1485.1919,-22.258085,1496.4307,1909.0867,-942.80035,960.5817,1516.9967,-63.627563,1492.4089,1945.7053,-1043.1136,903.7966,1521.3496,-83.94259,1475.9835,1931.8922,-1061.2634,904.91644,1537.714,-141.77415,1469.4218,1916.1835,-965.8416,924.94275,1540.2291,-81.973175,1071.9231,1713.3735,-21.45682,1036.7843,1584.3616,21.131413,787.7416,1759.1086,-128.85777,773.0063,1678.0889,-120.99121,457.4961,1776.0394,-130.66861,450.97946,1722.9229,-76.62723,419.91138,1770.5922,-144.09828,412.9706,1721.3724,-86.93001,340.8048,1795.5294,-389.32562,340.60614,1744.6686,-317.07068
IMG_4802 copy 11.png,1520.8076,1631.4073,-245.89413,1546.625,1627.8303,-209.36433,1547.136,1629.5829,-209.50912,1547.5745,1631.1504,-209.48383,1546.63,1612.9463,-236.65724,1547.1078,1603.8832,-236.55437,1548.0463,1592.2129,-236.54433,1544.5763,1609.5261,-5.5002747,1542.5914,1543.5549,-130.24179,1495.2725,1626.6881,-167.87,1491.5955,1610.2937,-203.5967,1450.4972,1676.5626,-2.4822803,1358.3152,1446.6351,-42.27416,1479.6277,1825.7217,-362.29068,1148.1344,1485.1919,-22.258085,1496.4307,1909.0867,-942.80035,960.5817,1516.9967,-63.627563,1492.4089,1945.7053,-1043.1136,903.7966,1521.3496,-83.94259,1475.9835,1931.8922,-1061.2634,904.91644,1537.714,-141.77415,1469.4218,1916.1835,-965.8416,924.94275,1540.2291,-81.973175,1071.9231,1713.3735,-21.45682,1036.7843,1584.3616,21.131413,787.7416,1759.1086,-128.85777,773.0063,1678.0889,-120.99121,457.4961,1776.0394,-130.66861,450.97946,1722.9229,-76.62723,419.91138,1770.5922,-144.09828,412.9706,1721.3724,-86.93001,340.8048,1795.5294,-389.32562,340.60614,1744.6686,-317.07068
IMG_4802 copy 12.png,1520.8076,1631.4073,-245.89413,1546.625,1627.8303,-209.36433,1547.136,1629.5829,-209.50912,1547.5745,1631.1504,-209.48383,1546.63,1612.9463,-236.65724,1547.1078,1603.8832,-236.55437,1548.0463,1592.2129,-236.54433,1544.5763,1609.5261,-5.5002747,1542.5914,1543.5549,-130.24179,1495.2725,1626.6881,-167.87,1491.5955,1610.2937,-203.5967,1450.4972,1676.5626,-2.4822803,1358.3152,1446.6351,-42.27416,1479.6277,1825.7217,-362.29068,1148.1344,1485.1919,-22.258085,1496.4307,1909.0867,-942.80035,960.5817,1516.9967,-63.627563,1492.4089,1945.7053,-1043.1136,903.7966,1521.3496,-83.94259,1475.9835,1931.8922,-1061.2634,904.91644,1537.714,-141.77415,1469.4218,1916.1835,-965.8416,924.94275,1540.2291,-81.973175,1071.9231,1713.3735,-21.45682,1036.7843,1584.3616,21.131413,787.7416,1759.1086,-128.85777,773.0063,1678.0889,-120.99121,457.4961,1776.0394,-130.66861,450.97946,1722.9229,-76.62723,419.91138,1770.5922,-144.09828,412.9706,1721.3724,-86.93001,340.8048,1795.5294,-389.32562,340.60614,1744.6686,-317.07068
IMG_4802 copy 13.png,1520.8076,1631.4073,-245.89413,1546.625,1627.8303,-209.36433,1547.136,1629.5829,-209.50912,1547.5745,1631.1504,-209.48383,1546.63,1612.9463,-236.65724,1547.1078,1603.8832,-236.55437,1548.0463,1592.2129,-236.54433,1544.5763,1609.5261,-5.5002747,1542.5914,1543.5549,-130.24179,1495.2725,1626.6881,-167.87,1491.5955,1610.2937,-203.5967,1450.4972,1676.5626,-2.4822803,1358.3152,1446.6351,-42.27416,1479.6277,1825.7217,-362.29068,1148.1344,1485.1919,-22.258085,1496.4307,1909.0867,-942.80035,960.5817,1516.9967,-63.627563,1492.4089,1945.7053,-1043.1136,903.7966,1521.3496,-83.94259,1475.9835,1931.8922,-1061.2634,904.91644,1537.714,-141.77415,1469.4218,1916.1835,-965.8416,924.94275,1540.2291,-81.973175,1071.9231,1713.3735,-21.45682,1036.7843,1584.3616,21.131413,787.7416,1759.1086,-128.85777,773.0063,1678.0889,-120.99121,457.4961,1776.0394,-130.66861,450.97946,1722.9229,-76.62723,419.91138,1770.5922,-144.09828,412.9706,1721.3724,-86.93001,340.8048,1795.5294,-389.32562,340.60614,1744.6686,-317.07068
IMG_4802 copy 14.png,1520.8076,1631.4073,-245.89413,1546.625,1627.8303,-209.36433,1547.136,1629.5829,-209.50912,1547.5745,1631.1504,-209.48383,1546.63,1612.9463,-236.65724,1547.1078,1603.8832,-236.55437,1548.0463,1592.2129,-236.54433,1544.5763,1609.5261,-5.5002747,1542.5914,1543.5549,-130.24179,1495.2725,1626.6881,-167.87,1491.5955,1610.2937,-203.5967,1450.4972,1676.5626,-2.4822803,1358.3152,1446.6351,-42.27416,1479.6277,1825.7217,-362.29068,1148.1344,1485.1919,-22.258085,1496.4307,1909.0867,-942.80035,960.5817,1516.9967,-63.627563,1492.4089,1945.7053,-1043.1136,903.7966,1521.3496,-83.94259,1475.9835,1931.8922,-1061.2634,904.91644,1537.714,-141.77415,1469.4218,1916.1835,-965.8416,924.94275,1540.2291,-81.973175,1071.9231,1713.3735,-21.45682,1036.7843,1584.3616,21.131413,787.7416,1759.1086,-128.85777,773.0063,1678.0889,-120.99121,457.4961,1776.0394,-130.66861,450.97946,1722.9229,-76.62723,419.91138,1770.5922,-144.09828,412.9706,1721.3724,-86.93001,340.8048,1795.5294,-389.32562,340.60614,1744.6686,-317.07068
IMG_4802 copy 15.png,1520.8076,1631.4073,-245.89413,1546.625,1627.8303,-209.36433,1547.136,1629.5829,-209.50912,1547.5745,1631.1504,-209.48383,1546.63,1612.9463,-236.65724,1547.1078,1603.8832,-236.55437,1548.0463,1592.2129,-236.54433,1544.5763,1609.5261,-5.5002747,1542.5914,1543.5549,-130.24179,1495.2725,1626.6881,-167.87,1491.5955,1610.2937,-203.5967,1450.4972,1676.5626,-2.4822803,1358.3152,1446.6351,-42.27416,1479.6277,1825.7217,-362.29068,1148.1344,1485.1919,-22.258085,1496.4307,1909.0867,-942.80035,960.5817,1516.9967,-63.627563,1492.4089,1945.7053,-1043.1136,903.7966,1521.3496,-83.94259,1475.9835,1931.8922,-1061.2634,904.91644,1537.714,-141.77415,1469.4218,1916.1835,-965.8416,924.94275,1540.2291,-81.973175,1071.9231,1713.3735,-21.45682,1036.7843,1584.3616,21.131413,787.7416,1759.1086,-128.85777,773.0063,1678.0889,-120.99121,457.4961,1776.0394,-130.66861,450.97946,1722.9229,-76.62723,419.91138,1770.5922,-144.09828,412.9706,1721.3724,-86.93001,340.8048,1795.5294,-389.32562,340.60614,1744.6686,-317.07068
IMG_4802 copy 16.png,1520.8076,1631.4073,-245.89413,1546.625,1627.8303,-209.36433,1547.136,1629.5829,-209.50912,1547.5745,1631.1504,-209.48383,1546.63,1612.9463,-236.65724,1547.1078,1603.8832,-236.55437,1548.0463,1592.2129,-236.54433,1544.5763,1609.5261,-5.5002747,1542.5914,1543.5549,-130.24179,1495.2725,1626.6881,-167.87,1491.5955,1610.2937,-203.5967,1450.4972,1676.5626,-2.4822803,1358.3152,1446.6351,-42.27416,1479.6277,1825.7217,-362.29068,1148.1344,1485.1919,-22.258085,1496.4307,1909.0867,-942.80035,960.5817,1516.9967,-63.627563,1492.4089,1945.7053,-1043.1136,903.7966,1521.3496,-83.94259,1475.9835,1931.8922,-1061.2634,904.91644,1537.714,-141.77415,1469.4218,1916.1835,-965.8416,924.94275,1540.2291,-81.973175,1071.9231,1713.3735,-21.45682,1036.7843,1584.3616,21.131413,787.7416,1759.1086,-128.85777,773.0063,1678.0889,-120.99121,457.4961,1776.0394,-130.66861,450.97946,1722.9229,-76.62723,419.91138,1770.5922,-144.09828,412.9706,1721.3724,-86.93001,340.8048,1795.5294,-389.32562,340.60614,1744.6686,-317.07068
IMG_4802 copy 17.png,1520.8076,1631.4073,-245.89413,1546.625,1627.8303,-209.36433,1547.136,1629.5829,-209.50912,1547.5745,1631.1504,-209.48383,1546.63,1612.9463,-236.65724,1547.1078,1603.8832,-236.55437,1548.0463,1592.2129,-236.54433,1544.5763,1609.5261,-5.5002747,1542.5914,1543.5549,-130.24179,1495.2725,1626.6881,-167.87,1491.5955,1610.2937,-203.5967,1450.4972,1676.5626,-2.4822803,1358.3152,1446.6351,-42.27416,1479.6277,1825.7217,-362.29068,1148.1344,1485.1919,-22.258085,1496.4307,1909.0867,-942.80035,960.5817,1516.9967,-63.627563,1492.4089,1945.7053,-1043.1136,903.7966,1521.3496,-83.94259,1475.9835,1931.8922,-1061.2634,904.91644,1537.714,-141.77415,1469.4218,1916.1835,-965.8416,924.94275,1540.2291,-81.973175,1071.9231,1713.3735,-21.45682,1036.7843,1584.3616,21.131413,787.7416,1759.1086,-128.85777,773.0063,1678.0889,-120.99121,457.4961,1776.0394,-130.66861,450.97946,1722.9229,-76.62723,419.91138,1770.5922,-144.09828,412.9706,1721.3724,-86.93001,340.8048,1795.5294,-389.32562,340.60614,1744.6686,-317.07068
IMG_4802 copy 18.png,1520.8076,1631.4073,-245.89413,1546.625,1627.8303,-209.36433,1547.136,1629.5829,-209.50912,1547.5745,1631.1504,-209.48383,1546.63,1612.9463,-236.65724,1547.1078,1603.8832,-236.55437,1548.0463,1592.2129,-236.54433,1544.5763,1609.5261,-5.5002747,1542.5914,1543.5549,-130.24179,1495.2725,1626.6881,-167.87,1491.5955,1610.2937,-203.5967,1450.4972,1676.5626,-2.4822803,1358.3152,1446.6351,-42.27416,1479.6277,1825.7217,-362.29068,1148.1344,1485.1919,-22.258085,1496.4307,1909.0867,-942.80035,960.5817,1516.9967,-63.627563,1492.4089,1945.7053,-1043.1136,903.7966,1521.3496,-83.94259,1475.9835,1931.8922,-1061.2634,904.91644,1537.714,-141.77415,1469.4218,1916.1835,-965.8416,924.94275,1540.2291,-81.973175,1071.9231,1713.3735,-21.45682,1036.7843,1584.3616,21.131413,787.7416,1759.1086,-128.85777,773.0063,1678.0889,-120.99121,457.4961,1776.0394,-130.66861,450.97946,1722.9229,-76.62723,419.91138,1770.5922,-144.09828,412.9706,1721.3724,-86.93001,340.8048,1795.5294,-389.32562,340.60614,1744.6686,-317.07068
IMG_4802 copy 19.png,1520.8076,1631.4073,-245.89413,1546.625,1627.8303,-209.36433,1547.136,1629.5829,-209.50912,1547.5745,1631.1504,-209.48383,1546.63,1612.9463,-236.65724,1547.1078,1603.8832,-236.55437,1548.0463,1592.2129,-236.54433,1544.5763,1609.5261,-5.5002747,1542.5914,1543.5549,-130.24179,1495.2725,1626.6881,-167.87,1491.5955,1610.2937,-203.5967,1450.4972,1676.5626,-2.4822803,1358.3152,1446.6351,-42.27416,1479.6277,1825.7217,-362.29068,1148.1344,1485.1919,-22.258085,1496.4307,1909.0867,-942.80035,960.5817,1516.9967,-63.627563,1492.4089,1945.7053,-1043.1136,903.7966,1521.3496,-83.94259,1475.9835,1931.8922,-1061.2634,904.91644,1537.714,-141.77415,1469.4218,1916.1835,-965.8416,924.94275,1540.2291,-81.973175,1071.9231,1713.3735,-21.45682,1036.7843,1584.3616,21.131413,787.7416,1759.1086,-128.85777,773.0063,1678.0889,-120.99121,457.4961,1776.0394,-130.66861,450.97946,1722.9229,-76.62723,419.91138,1770.5922,-144.09828,412.9706,1721.3724,-86.93001,340.8048,1795.5294,-389.32562,340.60614,1744.6686,-317.07068
IMG_4802 copy 2.png,1520.8076,1631.4073,-245.89413,1546.625,1627.8303,-209.36433,1547.136,1629.5829,-209.50912,1547.5745,1631.1504,-209.48383,1546.63,1612.9463,-236.65724,1547.1078,1603.8832,-236.55437,1548.0463,1592.2129,-236.54433,1544.5763,1609.5261,-5.5002747,1542.5914,1543.5549,-130.24179,1495.2725,1626.6881,-167.87,1491.5955,1610.2937,-203.5967,1450.4972,1676.5626,-2.4822803,1358.3152,1446.6351,-42.27416,1479.6277,1825.7217,-362.29068,1148.1344,1485.1919,-22.258085,1496.4307,1909.0867,-942.80035,960.5817,1516.9967,-63.627563,1492.4089,1945.7053,-1043.1136,903.7966,1521.3496,-83.94259,1475.9835,1931.8922,-1061.2634,904.91644,1537.714,-141.77415,1469.4218,1916.1835,-965.8416,924.94275,1540.2291,-81.973175,1071.9231,1713.3735,-21.45682,1036.7843,1584.3616,21.131413,787.7416,1759.1086,-128.85777,773.0063,1678.0889,-120.99121,457.4961,1776.0394,-130.66861,450.97946,1722.9229,-76.62723,419.91138,1770.5922,-144.09828,412.9706,1721.3724,-86.93001,340.8048,1795.5294,-389.32562,340.60614,1744.6686,-317.07068
IMG_4802 copy 20.png,1520.8076,1631.4073,-245.89413,1546.625,1627.8303,-209.36433,1547.136,1629.5829,-209.50912,1547.5745,1631.1504,-209.48383,1546.63,1612.9463,-236.65724,1547.1078,1603.8832,-236.55437,1548.0463,1592.2129,-236.54433,1544.5763,1609.5261,-5.5002747,1542.5914,1543.5549,-130.24179,1495.2725,1626.6881,-167.87,1491.5955,1610.2937,-203.5967,1450.4972,1676.5626,-2.4822803,1358.3152,1446.6351,-42.27416,1479.6277,1825.7217,-362.29068,1148.1344,1485.1919,-22.258085,1496.4307,1909.0867,-942.80035,960.5817,1516.9967,-63.627563,1492.4089,1945.7053,-1043.1136,903.7966,1521.3496,-83.94259,1475.9835,1931.8922,-1061.2634,904.91644,1537.714,-141.77415,1469.4218,1916.1835,-965.8416,924.94275,1540.2291,-81.973175,1071.9231,1713.3735,-21.45682,1036.7843,1584.3616,21.131413,787.7416,1759.1086,-128.85777,773.0063,1678.0889,-120.99121,457.4961,1776.0394,-130.66861,450.97946,1722.9229,-76.62723,419.91138,1770.5922,-144.09828,412.9706,1721.3724,-86.93001,340.8048,1795.5294,-389.32562,340.60614,1744.6686,-317.07068
IMG_4802 copy 21.png,1520.8076,1631.4073,-245.89413,1546.625,1627.8303,-209.36433,1547.136,1629.5829,-209.50912,1547.5745,1631.1504,-209.48383,1546.63,1612.9463,-236.65724,1547.1078,1603.8832,-236.55437,1548.0463,1592.2129,-236.54433,1544.5763,1609.5261,-5.5002747,1542.5914,1543.5549,-130.24179,1495.2725,1626.6881,-167.87,1491.5955,1610.2937,-203.5967,1450.4972,1676.5626,-2.4822803,1358.3152,1446.6351,-42.27416,1479.6277,1825.7217,-362.29068,1148.1344,1485.1919,-22.258085,1496.4307,1909.0867,-942.80035,960.5817,1516.9967,-63.627563,1492.4089,1945.7053,-1043.1136,903.7966,1521.3496,-83.94259,1475.9835,1931.8922,-1061.2634,904.91644,1537.714,-141.77415,1469.4218,1916.1835,-965.8416,924.94275,1540.2291,-81.973175,1071.9231,1713.3735,-21.45682,1036.7843,1584.3616,21.131413,787.7416,1759.1086,-128.85777,773.0063,1678.0889,-120.99121,457.4961,1776.0394,-130.66861,450.97946,1722.9229,-76.62723,419.91138,1770.5922,-144.09828,412.9706,1721.3724,-86.93001,340.8048,1795.5294,-389.32562,340.60614,1744.6686,-317.07068
IMG_4802 copy 3.png,1520.8076,1631.4073,-245.89413,1546.625,1627.8303,-209.36433,1547.136,1629.5829,-209.50912,1547.5745,1631.1504,-209.48383,1546.63,1612.9463,-236.65724,1547.1078,1603.8832,-236.55437,1548.0463,1592.2129,-236.54433,1544.5763,1609.5261,-5.5002747,1542.5914,1543.5549,-130.24179,1495.2725,1626.6881,-167.87,1491.5955,1610.2937,-203.5967,1450.4972,1676.5626,-2.4822803,1358.3152,1446.6351,-42.27416,1479.6277,1825.7217,-362.29068,1148.1344,1485.1919,-22.258085,1496.4307,1909.0867,-942.80035,960.5817,1516.9967,-63.627563,1492.4089,1945.7053,-1043.1136,903.7966,1521.3496,-83.94259,1475.9835,1931.8922,-1061.2634,904.91644,1537.714,-141.77415,1469.4218,1916.1835,-965.8416,924.94275,1540.2291,-81.973175,1071.9231,1713.3735,-21.45682,1036.7843,1584.3616,21.131413,787.7416,1759.1086,-128.85777,773.0063,1678.0889,-120.99121,457.4961,1776.0394,-130.66861,450.97946,1722.9229,-76.62723,419.91138,1770.5922,-144.09828,412.9706,1721.3724,-86.93001,340.8048,1795.5294,-389.32562,340.60614,1744.6686,-317.07068
IMG_4802 copy 4.png,1520.8076,1631.4073,-245.89413,1546.625,1627.8303,-209.36433,1547.136,1629.5829,-209.50912,1547.5745,1631.1504,-209.48383,1546.63,1612.9463,-236.65724,1547.1078,1603.8832,-236.55437,1548.0463,1592.2129,-236.54433,1544.5763,1609.5261,-5.5002747,1542.5914,1543.5549,-130.24179,1495.2725,1626.6881,-167.87,1491.5955,1610.2937,-203.5967,1450.4972,1676.5626,-2.4822803,1358.3152,1446.6351,-42.27416,1479.6277,1825.7217,-362.29068,1148.1344,1485.1919,-22.258085,1496.4307,1909.0867,-942.80035,960.5817,1516.9967,-63.627563,1492.4089,1945.7053,-1043.1136,903.7966,1521.3496,-83.94259,1475.9835,1931.8922,-1061.2634,904.91644,1537.714,-141.77415,1469.4218,1916.1835,-965.8416,924.94275,1540.2291,-81.973175,1071.9231,1713.3735,-21.45682,1036.7843,1584.3616,21.131413,787.7416,1759.1086,-128.85777,773.0063,1678.0889,-120.99121,457.4961,1776.0394,-130.66861,450.97946,1722.9229,-76.62723,419.91138,1770.5922,-144.09828,412.9706,1721.3724,-86.93001,340.8048,1795.5294,-389.32562,340.60614,1744.6686,-317.07068
IMG_4802 copy 5.png,1520.8076,1631.4073,-245.89413,1546.625,1627.8303,-209.36433,1547.136,1629.5829,-209.50912,1547.5745,1631.1504,-209.48383,1546.63,1612.9463,-236.65724,1547.1078,1603.8832,-236.55437,1548.0463,1592.2129,-236.54433,1544.5763,1609.5261,-5.5002747,1542.5914,1543.5549,-130.24179,1495.2725,1626.6881,-167.87,1491.5955,1610.2937,-203.5967,1450.4972,1676.5626,-2.4822803,1358.3152,1446.6351,-42.27416,1479.6277,1825.7217,-362.29068,1148.1344,1485.1919,-22.258085,1496.4307,1909.0867,-942.80035,960.5817,1516.9967,-63.627563,1492.4089,1945.7053,-1043.1136,903.7966,1521.3496,-83.94259,1475.9835,1931.8922,-1061.2634,904.91644,1537.714,-141.77415,1469.4218,1916.1835,-965.8416,924.94275,1540.2291,-81.973175,1071.9231,1713.3735,-21.45682,1036.7843,1584.3616,21.131413,787.7416,1759.1086,-128.85777,773.0063,1678.0889,-120.99121,457.4961,1776.0394,-130.66861,450.97946,1722.9229,-76.62723,419.91138,1770.5922,-144.09828,412.9706,1721.3724,-86.93001,340.8048,1795.5294,-389.32562,340.60614,1744.6686,-317.07068
IMG_4802 copy 6.png,1520.8076,1631.4073,-245.89413,1546.625,1627.8303,-209.36433,1547.136,1629.5829,-209.50912,1547.5745,1631.1504,-209.48383,1546.63,1612.9463,-236.65724,1547.1078,1603.8832,-236.55437,1548.0463,1592.2129,-236.54433,1544.5763,1609.5261,-5.5002747,1542.5914,1543.5549,-130.24179,1495.2725,1626.6881,-167.87,1491.5955,1610.2937,-203.5967,1450.4972,1676.5626,-2.4822803,1358.3152,1446.6351,-42.27416,1479.6277,1825.7217,-362.29068,1148.1344,1485.1919,-22.258085,1496.4307,1909.0867,-942.80035,960.5817,1516.9967,-63.627563,1492.4089,1945.7053,-1043.1136,903.7966,1521.3496,-83.94259,1475.9835,1931.8922,-1061.2634,904.91644,1537.714,-141.77415,1469.4218,1916.1835,-965.8416,924.94275,1540.2291,-81.973175,1071.9231,1713.3735,-21.45682,1036.7843,1584.3616,21.131413,787.7416,1759.1086,-128.85777,773.0063,1678.0889,-120.99121,457.4961,1776.0394,-130.66861,450.97946,1722.9229,-76.62723,419.91138,1770.5922,-144.09828,412.9706,1721.3724,-86.93001,340.8048,1795.5294,-389.32562,340.60614,1744.6686,-317.07068
IMG_4802 copy 7.png,1520.8076,1631.4073,-245.89413,1546.625,1627.8303,-209.36433,1547.136,1629.5829,-209.50912,1547.5745,1631.1504,-209.48383,1546.63,1612.9463,-236.65724,1547.1078,1603.8832,-236.55437,1548.0463,1592.2129,-236.54433,1544.5763,1609.5261,-5.5002747,1542.5914,1543.5549,-130.24179,1495.2725,1626.6881,-167.87,1491.5955,1610.2937,-203.5967,1450.4972,1676.5626,-2.4822803,1358.3152,1446.6351,-42.27416,1479.6277,1825.7217,-362.29068,1148.1344,1485.1919,-22.258085,1496.4307,1909.0867,-942.80035,960.5817,1516.9967,-63.627563,1492.4089,1945.7053,-1043.1136,903.7966,1521.3496,-83.94259,1475.9835,1931.8922,-1061.2634,904.91644,1537.714,-141.77415,1469.4218,1916.1835,-965.8416,924.94275,1540.2291,-81.973175,1071.9231,1713.3735,-21.45682,1036.7843,1584.3616,21.131413,787.7416,1759.1086,-128.85777,773.0063,1678.0889,-120.99121,457.4961,1776.0394,-130.66861,450.97946,1722.9229,-76.62723,419.91138,1770.5922,-144.09828,412.9706,1721.3724,-86.93001,340.8048,1795.5294,-389.32562,340.60614,1744.6686,-317.07068
IMG_4802 copy 8.png,1520.8076,1631.4073,-245.89413,1546.625,1627.8303,-209.36433,1547.136,1629.5829,-209.50912,1547.5745,1631.1504,-209.48383,1546.63,1612.9463,-236.65724,1547.1078,1603.8832,-236.55437,1548.0463,1592.2129,-236.54433,1544.5763,1609.5261,-5.5002747,1542.5914,1543.5549,-130.24179,1495.2725,1626.6881,-167.87,1491.5955,1610.2937,-203.5967,1450.4972,1676.5626,-2.4822803,1358.3152,1446.6351,-42.27416,1479.6277,1825.7217,-362.29068,1148.1344,1485.1919,-22.258085,1496.4307,1909.0867,-942.80035,960.5817,1516.9967,-63.627563,1492.4089,1945.7053,-1043.1136,903.7966,1521.3496,-83.94259,1475.9835,1931.8922,-1061.2634,904.91644,1537.714,-141.77415,1469.4218,1916.1835,-965.8416,924.94275,1540.2291,-81.973175,1071.9231,1713.3735,-21.45682,1036.7843,1584.3616,21.131413,787.7416,1759.1086,-128.85777,773.0063,1678.0889,-120.99121,457.4961,1776.0394,-130.66861,450.97946,1722.9229,-76.62723,419.91138,1770.5922,-144.09828,412.9706,1721.3724,-86.93001,340.8048,1795.5294,-389.32562,340.60614,1744.6686,-317.07068
IMG_4802 copy 9.png,1520.8076,1631.4073,-245.89413,1546.625,1627.8303,-209.36433,1547.136,1629.5829,-209.50912,1547.5745,1631.1504,-209.48383,1546.63,1612.9463,-236.65724,1547.1078,1603.8832,-236.55437,1548.0463,1592.2129,-236.54433,1544.5763,1609.5261,-5.5002747,1542.5914,1543.5549,-130.24179,1495.2725,1626.6881,-167.87,1491.5955,1610.2937,-203.5967,1450.4972,1676.5626,-2.4822803,1358.3152,1446.6351,-42.27416,1479.6277,1825.7217,-362.29068,1148.1344,1485.1919,-22.258085,1496.4307,1909.0867,-942.80035,960.5817,1516.9967,-63.627563,1492.4089,1945.7053,-1043.1136,903.7966,1521.3496,-83.94259,1475.9835,1931.8922,-1061.2634,904.91644,1537.714,-141.77415,1469.4218,1916.1835,-965.8416,924.94275,1540.2291,-81.973175,1071.9231,1713.3735,-21.45682,1036.7843,1584.3616,21.131413,787.7416,1759.1086,-128.85777,773.0063,1678.0889,-120.99121,457.4961,1776.0394,-130.66861,450.97946,1722.9229,-76.62723,419.91138,1770.5922,-144.09828,412.9706,1721.3724,-86.93001,340.8048,1795.5294,-389.32562,340.60614,1744.6686,-317.07068
IMG_4802 copy.png,1520.8076,1631.4073,-245.89413,1546.625,1627.8303,-209.36433,1547.136,1629.5829,-209.50912,1547.5745,1631.1504,-209.48383,1546.63,1612.9463,-236.65724,1547.1078,1603.8832,-236.55437,1548.0463,1592.2129,-236.54433,1544.5763,1609.5261,-5.5002747,1542.5914,1543.5549,-130.24179,1495.2725,1626.6881,-167.87,1491.5955,1610.2937,-203.5967,1450.4972,1676.5626,-2.4822803,1358.3152,1446.6351,-42.27416,1479.6277,1825.7217,-362.29068,1148.1344,1485.1919,-22.258085,1496.4307,1909.0867,-942.80035,960.5817,1516.9967,-63.627563,1492.4089,1945.7053,-1043.1136,903.7966,1521.3496,-83.94259,1475.9835,1931.8922,-1061.2634,904.91644,1537.714,-141.77415,1469.4218,1916.1835,-965.8416,924.94275,1540.2291,-81.973175,1071.9231,1713.3735,-21.45682,1036.7843,1584.3616,21.131413,787.7416,1759.1086,-128.85777,773.0063,1678.0889,-120.99121,457.4961,1776.0394,-130.66861,450.97946,1722.9229,-76.62723,419.91138,1770.5922,-144.09828,412.9706,1721.3724,-86.93001,340.8048,1795.5294,-389.32562,340.60614,1744.6686,-317.07068
IMG_4802.png,1520.8076,1631.4073,-245.89413,1546.625,1627.8303,-209.36433,1547.136,1629.5829,-209.50912,1547.5745,1631.1504,-209.48383,1546.63,1612.9463,-236.65724,1547.1078,1603.8832,-236.55437,1548.0463,1592.2129,-236.54433,1544.5763,1609.5261,-5.5002747,1542.5914,1543.5549,-130.24179,1495.2725,1626.6881,-167.87,1491.5955,1610.2937,-203.5967,1450.4972,1676.5626,-2.4822803,1358.3152,1446.6351,-42.27416,1479.6277,1825.7217,-362.29068,1148.1344,1485.1919,-22.258085,1496.4307,1909.0867,-942.80035,960.5817,1516.9967,-63.627563,1492.4089,1945.7053,-1043.1136,903.7966,1521.3496,-83.94259,1475.9835,1931.8922,-1061.2634,904.91644,1537.714,-141.77415,1469.4218,1916.1835,-965.8416,924.94275,1540.2291,-81.973175,1071.9231,1713.3735,-21.45682,1036.7843,1584.3616,21.131413,787.7416,1759.1086,-128.85777,773.0063,1678.0889,-120.99121,457.4961,1776.0394,-130.66861,450.97946,1722.9229,-76.62723,419.91138,1770.5922,-144.09828,412.9706,1721.3724,-86.93001,340.8048,1795.5294,-389.32562,340.60614,1744.6686,-317.07068
IMG_4804 copy 10.JPG,1443.538,879.8619,150.2306,1456.6537,865.1076,210.52406,1454.7325,865.8959,210.48744,1452.7151,866.1756,210.55281,1457.3462,851.1934,136.64032,1455.7817,841.74756,136.66167,1453.9763,831.39514,136.50624,1426.5457,838.2784,485.3831,1421.1676,789.08435,138.62762,1411.7051,883.8358,253.47896,1412.6455,870.3609,152.66872,1287.3378,953.713,599.7453,1223.6536,728.81824,51.36802,1273.451,1146.2024,321.58133,1035.2522,838.1375,-78.82571,1448.5782,1198.8286,-343.2304,855.21686,941.3119,-233.63472,1484.2772,1221.566,-461.3321,792.79156,976.95935,-253.54959,1493.3365,1206.6876,-457.1542,804.26355,1000.6961,-319.2712,1481.1917,1198.894,-366.10605,828.5662,996.81445,-251.30658,1000.09283,1137.0226,166.41936,932.4919,1014.3152,-166.42664,711.49854,1328.4224,-121.05333,674.6747,1249.7144,-502.8694,361.25006,1511.6117,-243.37622,330.8428,1450.6919,-647.52625,305.41052,1508.7433,-269.92642,270.7753,1456.2096,-672.6279,304.55896,1624.356,-512.4821,278.4736,1593.1533,-963.3452
IMG_4804 copy 11.JPG,1443.538,879.8619,150.2306,1456.6537,865.1076,210.52406,1454.7325,865.8959,210.48744,1452.7151,866.1756,210.55281,1457.3462,851.1934,136.64032,1455.7817,841.74756,136.66167,1453.9763,831.39514,136.50624,1426.5457,838.2784,485.3831,1421.1676,789.08435,138.62762,1411.7051,883.8358,253.47896,1412.6455,870.3609,152.66872,1287.3378,953.713,599.7453,1223.6536,728.81824,51.36802,1273.451,1146.2024,321.58133,1035.2522,838.1375,-78.82571,1448.5782,1198.8286,-343.2304,855.21686,941.3119,-233.63472,1484.2772,1221.566,-461.3321,792.79156,976.95935,-253.54959,1493.3365,1206.6876,-457.1542,804.26355,1000.6961,-319.2712,1481.1917,1198.894,-366.10605,828.5662,996.81445,-251.30658,1000.09283,1137.0226,166.41936,932.4919,1014.3152,-166.42664,711.49854,1328.4224,-121.05333,674.6747,1249.7144,-502.8694,361.25006,1511.6117,-243.37622,330.8428,1450.6919,-647.52625,305.41052,1508.7433,-269.92642,270.7753,1456.2096,-672.6279,304.55896,1624.356,-512.4821,278.4736,1593.1533,-963.3452
IMG_4804 copy 12.JPG,1443.538,879.8619,150.2306,1456.6537,865.1076,210.52406,1454.7325,865.8959,210.48744,1452.7151,866.1756,210.55281,1457.3462,851.1934,136.64032,1455.7817,841.74756,136.66167,1453.9763,831.39514,136.50624,1426.5457,838.2784,485.3831,1421.1676,789.08435,138.62762,1411.7051,883.8358,253.47896,1412.6455,870.3609,152.66872,1287.3378,953.713,599.7453,1223.6536,728.81824,51.36802,1273.451,1146.2024,321.58133,1035.2522,838.1375,-78.82571,1448.5782,1198.8286,-343.2304,855.21686,941.3119,-233.63472,1484.2772,1221.566,-461.3321,792.79156,976.95935,-253.54959,1493.3365,1206.6876,-457.1542,804.26355,1000.6961,-319.2712,1481.1917,1198.894,-366.10605,828.5662,996.81445,-251.30658,1000.09283,1137.0226,166.41936,932.4919,1014.3152,-166.42664,711.49854,1328.4224,-121.05333,674.6747,1249.7144,-502.8694,361.25006,1511.6117,-243.37622,330.8428,1450.6919,-647.52625,305.41052,1508.7433,-269.92642,270.7753,1456.2096,-672.6279,304.55896,1624.356,-512.4821,278.4736,1593.1533,-963.3452
IMG_4804 copy 13.JPG,1443.538,879.8619,150.2306,1456.6537,865.1076,210.52406,1454.7325,865.8959,210.48744,1452.7151,866.1756,210.55281,1457.3462,851.1934,136.64032,1455.7817,841.74756,136.66167,1453.9763,831.39514,136.50624,1426.5457,838.2784,485.3831,1421.1676,789.08435,138.62762,1411.7051,883.8358,253.47896,1412.6455,870.3609,152.66872,1287.3378,953.713,599.7453,1223.6536,728.81824,51.36802,1273.451,1146.2024,321.58133,1035.2522,838.1375,-78.82571,1448.5782,1198.8286,-343.2304,855.21686,941.3119,-233.63472,1484.2772,1221.566,-461.3321,792.79156,976.95935,-253.54959,1493.3365,1206.6876,-457.1542,804.26355,1000.6961,-319.2712,1481.1917,1198.894,-366.10605,828.5662,996.81445,-251.30658,1000.09283,1137.0226,166.41936,932.4919,1014.3152,-166.42664,711.49854,1328.4224,-121.05333,674.6747,1249.7144,-502.8694,361.25006,1511.6117,-243.37622,330.8428,1450.6919,-647.52625,305.41052,1508.7433,-269.92642,270.7753,1456.2096,-672.6279,304.55896,1624.356,-512.4821,278.4736,1593.1533,-963.3452
IMG_4804 copy 14.JPG,1443.538,879.8619,150.2306,1456.6537,865.1076,210.52406,1454.7325,865.8959,210.48744,1452.7151,866.1756,210.55281,1457.3462,851.1934,136.64032,1455.7817,841.74756,136.66167,1453.9763,831.39514,136.50624,1426.5457,838.2784,485.3831,1421.1676,789.08435,138.62762,1411.7051,883.8358,253.47896,1412.6455,870.3609,152.66872,1287.3378,953.713,599.7453,1223.6536,728.81824,51.36802,1273.451,1146.2024,321.58133,1035.2522,838.1375,-78.82571,1448.5782,1198.8286,-343.2304,855.21686,941.3119,-233.63472,1484.2772,1221.566,-461.3321,792.79156,976.95935,-253.54959,1493.3365,1206.6876,-457.1542,804.26355,1000.6961,-319.2712,1481.1917,1198.894,-366.10605,828.5662,996.81445,-251.30658,1000.09283,1137.0226,166.41936,932.4919,1014.3152,-166.42664,711.49854,1328.4224,-121.05333,674.6747,1249.7144,-502.8694,361.25006,1511.6117,-243.37622,330.8428,1450.6919,-647.52625,305.41052,1508.7433,-269.92642,270.7753,1456.2096,-672.6279,304.55896,1624.356,-512.4821,278.4736,1593.1533,-963.3452
IMG_4804 copy 15.JPG,1443.538,879.8619,150.2306,1456.6537,865.1076,210.52406,1454.7325,865.8959,210.48744,1452.7151,866.1756,210.55281,1457.3462,851.1934,136.64032,1455.7817,841.74756,136.66167,1453.9763,831.39514,136.50624,1426.5457,838.2784,485.3831,1421.1676,789.08435,138.62762,1411.7051,883.8358,253.47896,1412.6455,870.3609,152.66872,1287.3378,953.713,599.7453,1223.6536,728.81824,51.36802,1273.451,1146.2024,321.58133,1035.2522,838.1375,-78.82571,1448.5782,1198.8286,-343.2304,855.21686,941.3119,-233.63472,1484.2772,1221.566,-461.3321,792.79156,976.95935,-253.54959,1493.3365,1206.6876,-457.1542,804.26355,1000.6961,-319.2712,1481.1917,1198.894,-366.10605,828.5662,996.81445,-251.30658,1000.09283,1137.0226,166.41936,932.4919,1014.3152,-166.42664,711.49854,1328.4224,-121.05333,674.6747,1249.7144,-502.8694,361.25006,1511.6117,-243.37622,330.8428,1450.6919,-647.52625,305.41052,1508.7433,-269.92642,270.7753,1456.2096,-672.6279,304.55896,1624.356,-512.4821,278.4736,1593.1533,-963.3452
IMG_4804 copy 16.JPG,1443.538,879.8619,150.2306,1456.6537,865.1076,210.52406,1454.7325,865.8959,210.48744,1452.7151,866.1756,210.55281,1457.3462,851.1934,136.64032,1455.7817,841.74756,136.66167,1453.9763,831.39514,136.50624,1426.5457,838.2784,485.3831,1421.1676,789.08435,138.62762,1411.7051,883.8358,253.47896,1412.6455,870.3609,152.66872,1287.3378,953.713,599.7453,1223.6536,728.81824,51.36802,1273.451,1146.2024,321.58133,1035.2522,838.1375,-78.82571,1448.5782,1198.8286,-343.2304,855.21686,941.3119,-233.63472,1484.2772,1221.566,-461.3321,792.79156,976.95935,-253.54959,1493.3365,1206.6876,-457.1542,804.26355,1000.6961,-319.2712,1481.1917,1198.894,-366.10605,828.5662,996.81445,-251.30658,1000.09283,1137.0226,166.41936,932.4919,1014.3152,-166.42664,711.49854,1328.4224,-121.05333,674.6747,1249.7144,-502.8694,361.25006,1511.6117,-243.37622,330.8428,1450.6919,-647.52625,305.41052,1508.7433,-269.92642,270.7753,1456.2096,-672.6279,304.55896,1624.356,-512.4821,278.4736,1593.1533,-963.3452
IMG_4804 copy 17.JPG,1443.538,879.8619,150.2306,1456.6537,865.1076,210.52406,1454.7325,865.8959,210.48744,1452.7151,866.1756,210.55281,1457.3462,851.1934,136.64032,1455.7817,841.74756,136.66167,1453.9763,831.39514,136.50624,1426.5457,838.2784,485.3831,1421.1676,789.08435,138.62762,1411.7051,883.8358,253.47896,1412.6455,870.3609,152.66872,1287.3378,953.713,599.7453,1223.6536,728.81824,51.36802,1273.451,1146.2024,321.58133,1035.2522,838.1375,-78.82571,1448.5782,1198.8286,-343.2304,855.21686,941.3119,-233.63472,1484.2772,1221.566,-461.3321,792.79156,976.95935,-253.54959,1493.3365,1206.6876,-457.1542,804.26355,1000.6961,-319.2712,1481.1917,1198.894,-366.10605,828.5662,996.81445,-251.30658,1000.09283,1137.0226,166.41936,932.4919,1014.3152,-166.42664,711.49854,1328.4224,-121.05333,674.6747,1249.7144,-502.8694,361.25006,1511.6117,-243.37622,330.8428,1450.6919,-647.52625,305.41052,1508.7433,-269.92642,270.7753,1456.2096,-672.6279,304.55896,1624.356,-512.4821,278.4736,1593.1533,-963.3452
IMG_4804 copy 18.JPG,1443.538,879.8619,150.2306,1456.6537,865.1076,210.52406,1454.7325,865.8959,210.48744,1452.7151,866.1756,210.55281,1457.3462,851.1934,136.64032,1455.7817,841.74756,136.66167,1453.9763,831.39514,136.50624,1426.5457,838.2784,485.3831,1421.1676,789.08435,138.62762,1411.7051,883.8358,253.47896,1412.6455,870.3609,152.66872,1287.3378,953.713,599.7453,1223.6536,728.81824,51.36802,1273.451,1146.2024,321.58133,1035.2522,838.1375,-78.82571,1448.5782,1198.8286,-343.2304,855.21686,941.3119,-233.63472,1484.2772,1221.566,-461.3321,792.79156,976.95935,-253.54959,1493.3365,1206.6876,-457.1542,804.26355,1000.6961,-319.2712,1481.1917,1198.894,-366.10605,828.5662,996.81445,-251.30658,1000.09283,1137.0226,166.41936,932.4919,1014.3152,-166.42664,711.49854,1328.4224,-121.05333,674.6747,1249.7144,-502.8694,361.25006,1511.6117,-243.37622,330.8428,1450.6919,-647.52625,305.41052,1508.7433,-269.92642,270.7753,1456.2096,-672.6279,304.55896,1624.356,-512.4821,278.4736,1593.1533,-963.3452
IMG_4804 copy 19.JPG,1443.538,879.8619,150.2306,1456.6537,865.1076,210.52406,1454.7325,865.8959,210.48744,1452.7151,866.1756,210.55281,1457.3462,851.1934,136.64032,1455.7817,841.74756,136.66167,1453.9763,831.39514,136.50624,1426.5457,838.2784,485.3831,1421.1676,789.08435,138.62762,1411.7051,883.8358,253.47896,1412.6455,870.3609,152.66872,1287.3378,953.713,599.7453,1223.6536,728.81824,51.36802,1273.451,1146.2024,321.58133,1035.2522,838.1375,-78.82571,1448.5782,1198.8286,-343.2304,855.21686,941.3119,-233.63472,1484.2772,1221.566,-461.3321,792.79156,976.95935,-253.54959,1493.3365,1206.6876,-457.1542,804.26355,1000.6961,-319.2712,1481.1917,1198.894,-366.10605,828.5662,996.81445,-251.30658,1000.09283,1137.0226,166.41936,932.4919,1014.3152,-166.42664,711.49854,1328.4224,-121.05333,674.6747,1249.7144,-502.8694,361.25006,1511.6117,-243.37622,330.8428,1450.6919,-647.52625,305.41052,1508.7433,-269.92642,270.7753,1456.2096,-672.6279,304.55896,1624.356,-512.4821,278.4736,1593.1533,-963.3452
IMG_4804 copy 2.JPG,1443.538,879.8619,150.2306,1456.6537,865.1076,210.52406,1454.7325,865.8959,210.48744,1452.7151,866.1756,210.55281,1457.3462,851.1934,136.64032,1455.7817,841.74756,136.66167,1453.9763,831.39514,136.50624,1426.5457,838.2784,485.3831,1421.1676,789.08435,138.62762,1411.7051,883.8358,253.47896,1412.6455,870.3609,152.66872,1287.3378,953.713,599.7453,1223.6536,728.81824,51.36802,1273.451,1146.2024,321.58133,1035.2522,838.1375,-78.82571,1448.5782,1198.8286,-343.2304,855.21686,941.3119,-233.63472,1484.2772,1221.566,-461.3321,792.79156,976.95935,-253.54959,1493.3365,1206.6876,-457.1542,804.26355,1000.6961,-319.2712,1481.1917,1198.894,-366.10605,828.5662,996.81445,-251.30658,1000.09283,1137.0226,166.41936,932.4919,1014.3152,-166.42664,711.49854,1328.4224,-121.05333,674.6747,1249.7144,-502.8694,361.25006,1511.6117,-243.37622,330.8428,1450.6919,-647.52625,305.41052,1508.7433,-269.92642,270.7753,1456.2096,-672.6279,304.55896,1624.356,-512.4821,278.4736,1593.1533,-963.3452
IMG_4804 copy 20.JPG,1443.538,879.8619,150.2306,1456.6537,865.1076,210.52406,1454.7325,865.8959,210.48744,1452.7151,866.1756,210.55281,1457.3462,851.1934,136.64032,1455.7817,841.74756,136.66167,1453.9763,831.39514,136.50624,1426.5457,838.2784,485.3831,1421.1676,789.08435,138.62762,1411.7051,883.8358,253.47896,1412.6455,870.3609,152.66872,1287.3378,953.713,599.7453,1223.6536,728.81824,51.36802,1273.451,1146.2024,321.58133,1035.2522,838.1375,-78.82571,1448.5782,1198.8286,-343.2304,855.21686,941.3119,-233.63472,1484.2772,1221.566,-461.3321,792.79156,976.95935,-253.54959,1493.3365,1206.6876,-457.1542,804.26355,1000.6961,-319.2712,1481.1917,1198.894,-366.10605,828.5662,996.81445,-251.30658,1000.09283,1137.0226,166.41936,932.4919,1014.3152,-166.42664,711.49854,1328.4224,-121.05333,674.6747,1249.7144,-502.8694,361.25006,1511.6117,-243.37622,330.8428,1450.6919,-647.52625,305.41052,1508.7433,-269.92642,270.7753,1456.2096,-672.6279,304.55896,1624.356,-512.4821,278.4736,1593.1533,-963.3452
IMG_4804 copy 21.JPG,1443.538,879.8619,150.2306,1456.6537,865.1076,210.52406,1454.7325,865.8959,210.48744,1452.7151,866.1756,210.55281,1457.3462,851.1934,136.64032,1455.7817,841.74756,136.66167,1453.9763,831.39514,136.50624,1426.5457,838.2784,485.3831,1421.1676,789.08435,138.62762,1411.7051,883.8358,253.47896,1412.6455,870.3609,152.66872,1287.3378,953.713,599.7453,1223.6536,728.81824,51.36802,1273.451,1146.2024,321.58133,1035.2522,838.1375,-78.82571,1448.5782,1198.8286,-343.2304,855.21686,941.3119,-233.63472,1484.2772,1221.566,-461.3321,792.79156,976.95935,-253.54959,1493.3365,1206.6876,-457.1542,804.26355,1000.6961,-319.2712,1481.1917,1198.894,-366.10605,828.5662,996.81445,-251.30658,1000.09283,1137.0226,166.41936,932.4919,1014.3152,-166.42664,711.49854,1328.4224,-121.05333,674.6747,1249.7144,-502.8694,361.25006,1511.6117,-243.37622,330.8428,1450.6919,-647.52625,305.41052,1508.7433,-269.92642,270.7753,1456.2096,-672.6279,304.55896,1624.356,-512.4821,278.4736,1593.1533,-963.3452
IMG_4804 copy 3.JPG,1443.538,879.8619,150.2306,1456.6537,865.1076,210.52406,1454.7325,865.8959,210.48744,1452.7151,866.1756,210.55281,1457.3462,851.1934,136.64032,1455.7817,841.74756,136.66167,1453.9763,831.39514,136.50624,1426.5457,838.2784,485.3831,1421.1676,789.08435,138.62762,1411.7051,883.8358,253.47896,1412.6455,870.3609,152.66872,1287.3378,953.713,599.7453,1223.6536,728.81824,51.36802,1273.451,1146.2024,321.58133,1035.2522,838.1375,-78.82571,1448.5782,1198.8286,-343.2304,855.21686,941.3119,-233.63472,1484.2772,1221.566,-461.3321,792.79156,976.95935,-253.54959,1493.3365,1206.6876,-457.1542,804.26355,1000.6961,-319.2712,1481.1917,1198.894,-366.10605,828.5662,996.81445,-251.30658,1000.09283,1137.0226,166.41936,932.4919,1014.3152,-166.42664,711.49854,1328.4224,-121.05333,674.6747,1249.7144,-502.8694,361.25006,1511.6117,-243.37622,330.8428,1450.6919,-647.52625,305.41052,1508.7433,-269.92642,270.7753,1456.2096,-672.6279,304.55896,1624.356,-512.4821,278.4736,1593.1533,-963.3452
IMG_4804 copy 4.JPG,1443.538,879.8619,150.2306,1456.6537,865.1076,210.52406,1454.7325,865.8959,210.48744,1452.7151,866.1756,210.55281,1457.3462,851.1934,136.64032,1455.7817,841.74756,136.66167,1453.9763,831.39514,136.50624,1426.5457,838.2784,485.3831,1421.1676,789.08435,138.62762,1411.7051,883.8358,253.47896,1412.6455,870.3609,152.66872,1287.3378,953.713,599.7453,1223.6536,728.81824,51.36802,1273.451,1146.2024,321.58133,1035.2522,838.1375,-78.82571,1448.5782,1198.8286,-343.2304,855.21686,941.3119,-233.63472,1484.2772,1221.566,-461.3321,792.79156,976.95935,-253.54959,1493.3365,1206.6876,-457.1542,804.26355,1000.6961,-319.2712,1481.1917,1198.894,-366.10605,828.5662,996.81445,-251.30658,1000.09283,1137.0226,166.41936,932.4919,1014.3152,-166.42664,711.49854,1328.4224,-121.05333,674.6747,1249.7144,-502.8694,361.25006,1511.6117,-243.37622,330.8428,1450.6919,-647.52625,305.41052,1508.7433,-269.92642,270.7753,1456.2096,-672.6279,304.55896,1624.356,-512.4821,278.4736,1593.1533,-963.3452
IMG_4804 copy 5.JPG,1443.538,879.8619,150.2306,1456.6537,865.1076,210.52406,1454.7325,865.8959,210.48744,1452.7151,866.1756,210.55281,1457.3462,851.1934,136.64032,1455.7817,841.74756,136.66167,1453.9763,831.39514,136.50624,1426.5457,838.2784,485.3831,1421.1676,789.08435,138.62762,1411.7051,883.8358,253.47896,1412.6455,870.3609,152.66872,1287.3378,953.713,599.7453,1223.6536,728.81824,51.36802,1273.451,1146.2024,321.58133,1035.2522,838.1375,-78.82571,1448.5782,1198.8286,-343.2304,855.21686,941.3119,-233.63472,1484.2772,1221.566,-461.3321,792.79156,976.95935,-253.54959,1493.3365,1206.6876,-457.1542,804.26355,1000.6961,-319.2712,1481.1917,1198.894,-366.10605,828.5662,996.81445,-251.30658,1000.09283,1137.0226,166.41936,932.4919,1014.3152,-166.42664,711.49854,1328.4224,-121.05333,674.6747,1249.7144,-502.8694,361.25006,1511.6117,-243.37622,330.8428,1450.6919,-647.52625,305.41052,1508.7433,-269.92642,270.7753,1456.2096,-672.6279,304.55896,1624.356,-512.4821,278.4736,1593.1533,-963.3452
IMG_4804 copy 6.JPG,1443.538,879.8619,150.2306,1456.6537,865.1076,210.52406,1454.7325,865.8959,210.48744,1452.7151,866.1756,210.55281,1457.3462,851.1934,136.64032,1455.7817,841.74756,136.66167,1453.9763,831.39514,136.50624,1426.5457,838.2784,485.3831,1421.1676,789.08435,138.62762,1411.7051,883.8358,253.47896,1412.6455,870.3609,152.66872,1287.3378,953.713,599.7453,1223.6536,728.81824,51.36802,1273.451,1146.2024,321.58133,1035.2522,838.1375,-78.82571,1448.5782,1198.8286,-343.2304,855.21686,941.3119,-233.63472,1484.2772,1221.566,-461.3321,792.79156,976.95935,-253.54959,1493.3365,1206.6876,-457.1542,804.26355,1000.6961,-319.2712,1481.1917,1198.894,-366.10605,828.5662,996.81445,-251.30658,1000.09283,1137.0226,166.41936,932.4919,1014.3152,-166.42664,711.49854,1328.4224,-121.05333,674.6747,1249.7144,-502.8694,361.25006,1511.6117,-243.37622,330.8428,1450.6919,-647.52625,305.41052,1508.7433,-269.92642,270.7753,1456.2096,-672.6279,304.55896,1624.356,-512.4821,278.4736,1593.1533,-963.3452
IMG_4804 copy 7.JPG,1443.538,879.8619,150.2306,1456.6537,865.1076,210.52406,1454.7325,865.8959,210.48744,1452.7151,866.1756,210.55281,1457.3462,851.1934,136.64032,1455.7817,841.74756,136.66167,1453.9763,831.39514,136.50624,1426.5457,838.2784,485.3831,1421.1676,789.08435,138.62762,1411.7051,883.8358,253.47896,1412.6455,870.3609,152.66872,1287.3378,953.713,599.7453,1223.6536,728.81824,51.36802,1273.451,1146.2024,321.58133,1035.2522,838.1375,-78.82571,1448.5782,1198.8286,-343.2304,855.21686,941.3119,-233.63472,1484.2772,1221.566,-461.3321,792.79156,976.95935,-253.54959,1493.3365,1206.6876,-457.1542,804.26355,1000.6961,-319.2712,1481.1917,1198.894,-366.10605,828.5662,996.81445,-251.30658,1000.09283,1137.0226,166.41936,932.4919,1014.3152,-166.42664,711.49854,1328.4224,-121.05333,674.6747,1249.7144,-502.8694,361.25006,1511.6117,-243.37622,330.8428,1450.6919,-647.52625,305.41052,1508.7433,-269.92642,270.7753,1456.2096,-672.6279,304.55896,1624.356,-512.4821,278.4736,1593.1533,-963.3452
IMG_4804 copy 8.JPG,1443.538,879.8619,150.2306,1456.6537,865.1076,210.52406,1454.7325,865.8959,210.48744,1452.7151,866.1756,210.55281,1457.3462,851.1934,136.64032,1455.7817,841.74756,136.66167,1453.9763,831.39514,136.50624,1426.5457,838.2784,485.3831,1421.1676,789.08435,138.62762,1411.7051,883.8358,253.47896,1412.6455,870.3609,152.66872,1287.3378,953.713,599.7453,1223.6536,728.81824,51.36802,1273.451,1146.2024,321.58133,1035.2522,838.1375,-78.82571,1448.5782,1198.8286,-343.2304,855.21686,941.3119,-233.63472,1484.2772,1221.566,-461.3321,792.79156,976.95935,-253.54959,1493.3365,1206.6876,-457.1542,804.26355,1000.6961,-319.2712,1481.1917,1198.894,-366.10605,828.5662,996.81445,-251.30658,1000.09283,1137.0226,166.41936,932.4919,1014.3152,-166.42664,711.49854,1328.4224,-121.05333,674.6747,1249.7144,-502.8694,361.25006,1511.6117,-243.37622,330.8428,1450.6919,-647.52625,305.41052,1508.7433,-269.92642,270.7753,1456.2096,-672.6279,304.55896,1624.356,-512.4821,278.4736,1593.1533,-963.3452
IMG_4804 copy 9.JPG,1443.538,879.8619,150.2306,1456.6537,865.1076,210.52406,1454.7325,865.8959,210.48744,1452.7151,866.1756,210.55281,1457.3462,851.1934,136.64032,1455.7817,841.74756,136.66167,1453.9763,831.39514,136.50624,1426.5457,838.2784,485.3831,1421.1676,789.08435,138.62762,1411.7051,883.8358,253.47896,1412.6455,870.3609,152.66872,1287.3378,953.713,599.7453,1223.6536,728.81824,51.36802,1273.451,1146.2024,321.58133,1035.2522,838.1375,-78.82571,1448.5782,1198.8286,-343.2304,855.21686,941.3119,-233.63472,1484.2772,1221.566,-461.3321,792.79156,976.95935,-253.54959,1493.3365,1206.6876,-457.1542,804.26355,1000.6961,-319.2712,1481.1917,1198.894,-366.10605,828.5662,996.81445,-251.30658,1000.09283,1137.0226,166.41936,932.4919,1014.3152,-166.42664,711.49854,1328.4224,-121.05333,674.6747,1249.7144,-502.8694,361.25006,1511.6117,-243.37622,330.8428,1450.6919,-647.52625,305.41052,1508.7433,-269.92642,270.7753,1456.2096,-672.6279,304.55896,1624.356,-512.4821,278.4736,1593.1533,-963.3452
IMG_4804 copy.JPG,1443.538,879.8619,150.2306,1456.6537,865.1076,210.52406,1454.7325,865.8959,210.48744,1452.7151,866.1756,210.55281,1457.3462,851.1934,136.64032,1455.7817,841.74756,136.66167,1453.9763,831.39514,136.50624,1426.5457,838.2784,485.3831,1421.1676,789.08435,138.62762,1411.7051,883.8358,253.47896,1412.6455,870.3609,152.66872,1287.3378,953.713,599.7453,1223.6536,728.81824,51.36802,1273.451,1146.2024,321.58133,1035.2522,838.1375,-78.82571,1448.5782,1198.8286,-343.2304,855.21686,941.3119,-233.63472,1484.2772,1221.566,-461.3321,792.79156,976.95935,-253.54959,1493.3365,1206.6876,-457.1542,804.26355,1000.6961,-319.2712,1481.1917,1198.894,-366.10605,828.5662,996.81445,-251.30658,1000.09283,1137.0226,166.41936,932.4919,1014.3152,-166.42664,711.49854,1328.4224,-121.05333,674.6747,1249.7144,-502.8694,361.25006,1511.6117,-243.37622,330.8428,1450.6919,-647.52625,305.41052,1508.7433,-269.92642,270.7753,1456.2096,-672.6279,304.55896,1624.356,-512.4821,278.4736,1593.1533,-963.3452
IMG_4804.JPG,1443.538,879.8619,150.2306,1456.6537,865.1076,210.52406,1454.7325,865.8959,210.48744,1452.7151,866.1756,210.55281,1457.3462,851.1934,136.64032,1455.7817,841.74756,136.66167,1453.9763,831.39514,136.50624,1426.5457,838.2784,485.3831,1421.1676,789.08435,138.62762,1411.7051,883.8358,253.47896,1412.6455,870.3609,152.66872,1287.3378,953.713,599.7453,1223.6536,728.81824,51.36802,1273.451,1146.2024,321.58133,1035.2522,838.1375,-78.82571,1448.5782,1198.8286,-343.2304,855.21686,941.3119,-233.63472,1484.2772,1221.566,-461.3321,792.79156,976.95935,-253.54959,1493.3365,1206.6876,-457.1542,804.26355,1000.6961,-319.2712,1481.1917,1198.894,-366.10605,828.5662,996.81445,-251.30658,1000.09283,1137.0226,166.41936,932.4919,1014.3152,-166.42664,711.49854,1328.4224,-121.05333,674.6747,1249.7144,-502.8694,361.25006,1511.6117,-243.37622,330.8428,1450.6919,-647.52625,305.41052,1508.7433,-269.92642,270.7753,1456.2096,-672.6279,304.55896,1624.356,-512.4821,278.4736,1593.1533,-963.3452
IMG_4806.JPG,911.61786,837.6827,1900.9916,880.81134,832.4796,1886.5112,872.9363,838.5622,1886.4862,864.22565,844.115,1886.3804,899.8684,816.5992,1844.3085,902.2889,811.9935,1844.2822,903.1947,806.82715,1843.5087,854.5769,862.42487,1689.4623,898.4161,809.03174,1505.0151,897.9528,858.4628,1826.3345,913.22046,842.58905,1772.2849,847.5011,1053.5876,1416.6324,949.02057,809.353,888.6096,887.3834,1278.277,1190.9343,1061.6724,972.43243,312.06863,1050.5377,1328.339,980.2442,1223.115,1180.9783,-84.54027,1091.234,1371.6656,927.90497,1274.3365,1237.2043,-154.59264,1118.6843,1360.1843,929.6783,1282.5095,1238.544,-112.110634,1105.5574,1338.3925,963.44867,1264.0208,1218.8938,-72.468765,1042.735,1349.5697,210.88307,1110.3746,1239.3077,-211.56934,1327.5006,1657.9437,-184.08376,1408.0688,1586.3964,-757.5792,1661.2134,2035.106,-907.5453,1681.5892,2006.0422,-1420.7922,1675.6018,2112.595,-1021.318,1649.5819,2093.562,-1505.8131,1821.966,2045.6582,-1294.936,1855.7401,2054.3896,-1817.9846
IMG_4807 copy 10.JPG,828.9751,1120.2144,982.1641,808.9714,1116.2814,936.0329,803.4043,1119.4789,936.0881,797.5177,1122.7036,935.93835,817.47217,1106.4264,908.59216,818.0787,1102.925,908.76514,818.58484,1098.8356,908.55005,782.726,1134.0037,724.9939,815.19696,1097.039,610.8216,827.6499,1133.5494,917.62787,837.19653,1122.5913,883.4318,784.91583,1266.4305,570.0324,880.20996,1075.3907,290.51718,792.1294,1431.2268,769.4693,1001.3961,1147.9816,174.18045,886.12897,1367.9198,1107.8661,1187.6345,1223.6277,206.50455,911.53,1356.1711,1159.7816,1232.1011,1236.7798,220.63893,916.27527,1345.4332,1155.9934,1225.7739,1248.3627,249.68155,911.44336,1345.8593,1112.4464,1207.1411,1250.3813,227.14691,1088.4607,1396.4415,84.28641,1143.3492,1284.6873,-84.82588,1365.3386,1507.9794,-34.402527,1397.45,1421.2705,-24.290306,1645.8912,1582.4486,-199.99675,1653.6208,1538.1403,-147.18774,1686.9963,1613.0746,-224.00061,1698.0809,1573.1868,-156.95045,1706.6088,1531.7379,-309.14682,1726.3738,1499.3885,-216.77405
IMG_4807 copy 11.JPG,828.9751,1120.2144,982.1641,808.9714,1116.2814,936.0329,803.4043,1119.4789,936.0881,797.5177,1122.7036,935.93835,817.47217,1106.4264,908.59216,818.0787,1102.925,908.76514,818.58484,1098.8356,908.55005,782.726,1134.0037,724.9939,815.19696,1097.039,610.8216,827.6499,1133.5494,917.62787,837.19653,1122.5913,883.4318,784.91583,1266.4305,570.0324,880.20996,1075.3907,290.51718,792.1294,1431.2268,769.4693,1001.3961,1147.9816,174.18045,886.12897,1367.9198,1107.8661,1187.6345,1223.6277,206.50455,911.53,1356.1711,1159.7816,1232.1011,1236.7798,220.63893,916.27527,1345.4332,1155.9934,1225.7739,1248.3627,249.68155,911.44336,1345.8593,1112.4464,1207.1411,1250.3813,227.14691,1088.4607,1396.4415,84.28641,1143.3492,1284.6873,-84.82588,1365.3386,1507.9794,-34.402527,1397.45,1421.2705,-24.290306,1645.8912,1582.4486,-199.99675,1653.6208,1538.1403,-147.18774,1686.9963,1613.0746,-224.00061,1698.0809,1573.1868,-156.95045,1706.6088,1531.7379,-309.14682,1726.3738,1499.3885,-216.77405
IMG_4807 copy 12.JPG,828.9751,1120.2144,982.1641,808.9714,1116.2814,936.0329,803.4043,1119.4789,936.0881,797.5177,1122.7036,935.93835,817.47217,1106.4264,908.59216,818.0787,1102.925,908.76514,818.58484,1098.8356,908.55005,782.726,1134.0037,724.9939,815.19696,1097.039,610.8216,827.6499,1133.5494,917.62787,837.19653,1122.5913,883.4318,784.91583,1266.4305,570.0324,880.20996,1075.3907,290.51718,792.1294,1431.2268,769.4693,1001.3961,1147.9816,174.18045,886.12897,1367.9198,1107.8661,1187.6345,1223.6277,206.50455,911.53,1356.1711,1159.7816,1232.1011,1236.7798,220.63893,916.27527,1345.4332,1155.9934,1225.7739,1248.3627,249.68155,911.44336,1345.8593,1112.4464,1207.1411,1250.3813,227.14691,1088.4607,1396.4415,84.28641,1143.3492,1284.6873,-84.82588,1365.3386,1507.9794,-34.402527,1397.45,1421.2705,-24.290306,1645.8912,1582.4486,-199.99675,1653.6208,1538.1403,-147.18774,1686.9963,1613.0746,-224.00061,1698.0809,1573.1868,-156.95045,1706.6088,1531.7379,-309.14682,1726.3738,1499.3885,-216.77405
IMG_4807 copy 13.JPG,828.9751,1120.2144,982.1641,808.9714,1116.2814,936.0329,803.4043,1119.4789,936.0881,797.5177,1122.7036,935.93835,817.47217,1106.4264,908.59216,818.0787,1102.925,908.76514,818.58484,1098.8356,908.55005,782.726,1134.0037,724.9939,815.19696,1097.039,610.8216,827.6499,1133.5494,917.62787,837.19653,1122.5913,883.4318,784.91583,1266.4305,570.0324,880.20996,1075.3907,290.51718,792.1294,1431.2268,769.4693,1001.3961,1147.9816,174.18045,886.12897,1367.9198,1107.8661,1187.6345,1223.6277,206.50455,911.53,1356.1711,1159.7816,1232.1011,1236.7798,220.63893,916.27527,1345.4332,1155.9934,1225.7739,1248.3627,249.68155,911.44336,1345.8593,1112.4464,1207.1411,1250.3813,227.14691,1088.4607,1396.4415,84.28641,1143.3492,1284.6873,-84.82588,1365.3386,1507.9794,-34.402527,1397.45,1421.2705,-24.290306,1645.8912,1582.4486,-199.99675,1653.6208,1538.1403,-147.18774,1686.9963,1613.0746,-224.00061,1698.0809,1573.1868,-156.95045,1706.6088,1531.7379,-309.14682,1726.3738,1499.3885,-216.77405
IMG_4807 copy 14.JPG,828.9751,1120.2144,982.1641,808.9714,1116.2814,936.0329,803.4043,1119.4789,936.0881,797.5177,1122.7036,935.93835,817.47217,1106.4264,908.59216,818.0787,1102.925,908.76514,818.58484,1098.8356,908.55005,782.726,1134.0037,724.9939,815.19696,1097.039,610.8216,827.6499,1133.5494,917.62787,837.19653,1122.5913,883.4318,784.91583,1266.4305,570.0324,880.20996,1075.3907,290.51718,792.1294,1431.2268,769.4693,1001.3961,1147.9816,174.18045,886.12897,1367.9198,1107.8661,1187.6345,1223.6277,206.50455,911.53,1356.1711,1159.7816,1232.1011,1236.7798,220.63893,916.27527,1345.4332,1155.9934,1225.7739,1248.3627,249.68155,911.44336,1345.8593,1112.4464,1207.1411,1250.3813,227.14691,1088.4607,1396.4415,84.28641,1143.3492,1284.6873,-84.82588,1365.3386,1507.9794,-34.402527,1397.45,1421.2705,-24.290306,1645.8912,1582.4486,-199.99675,1653.6208,1538.1403,-147.18774,1686.9963,1613.0746,-224.00061,1698.0809,1573.1868,-156.95045,1706.6088,1531.7379,-309.14682,1726.3738,1499.3885,-216.77405
IMG_4807 copy 15.JPG,828.9751,1120.2144,982.1641,808.9714,1116.2814,936.0329,803.4043,1119.4789,936.0881,797.5177,1122.7036,935.93835,817.47217,1106.4264,908.59216,818.0787,1102.925,908.76514,818.58484,1098.8356,908.55005,782.726,1134.0037,724.9939,815.19696,1097.039,610.8216,827.6499,1133.5494,917.62787,837.19653,1122.5913,883.4318,784.91583,1266.4305,570.0324,880.20996,1075.3907,290.51718,792.1294,1431.2268,769.4693,1001.3961,1147.9816,174.18045,886.12897,1367.9198,1107.8661,1187.6345,1223.6277,206.50455,911.53,1356.1711,1159.7816,1232.1011,1236.7798,220.63893,916.27527,1345.4332,1155.9934,1225.7739,1248.3627,249.68155,911.44336,1345.8593,1112.4464,1207.1411,1250.3813,227.14691,1088.4607,1396.4415,84.28641,1143.3492,1284.6873,-84.82588,1365.3386,1507.9794,-34.402527,1397.45,1421.2705,-24.290306,1645.8912,1582.4486,-199.99675,1653.6208,1538.1403,-147.18774,1686.9963,1613.0746,-224.00061,1698.0809,1573.1868,-156.95045,1706.6088,1531.7379,-309.14682,1726.3738,1499.3885,-216.77405
IMG_4807 copy 16.JPG,828.9751,1120.2144,982.1641,808.9714,1116.2814,936.0329,803.4043,1119.4789,936.0881,797.5177,1122.7036,935.93835,817.47217,1106.4264,908.59216,818.0787,1102.925,908.76514,818.58484,1098.8356,908.55005,782.726,1134.0037,724.9939,815.19696,1097.039,610.8216,827.6499,1133.5494,917.62787,837.19653,1122.5913,883.4318,784.91583,1266.4305,570.0324,880.20996,1075.3907,290.51718,792.1294,1431.2268,769.4693,1001.3961,1147.9816,174.18045,886.12897,1367.9198,1107.8661,1187.6345,1223.6277,206.50455,911.53,1356.1711,1159.7816,1232.1011,1236.7798,220.63893,916.27527,1345.4332,1155.9934,1225.7739,1248.3627,249.68155,911.44336,1345.8593,1112.4464,1207.1411,1250.3813,227.14691,1088.4607,1396.4415,84.28641,1143.3492,1284.6873,-84.82588,1365.3386,1507.9794,-34.402527,1397.45,1421.2705,-24.290306,1645.8912,1582.4486,-199.99675,1653.6208,1538.1403,-147.18774,1686.9963,1613.0746,-224.00061,1698.0809,1573.1868,-156.95045,1706.6088,1531.7379,-309.14682,1726.3738,1499.3885,-216.77405
IMG_4807 copy 17.JPG,828.9751,1120.2144,982.1641,808.9714,1116.2814,936.0329,803.4043,1119.4789,936.0881,797.5177,1122.7036,935.93835,817.47217,1106.4264,908.59216,818.0787,1102.925,908.76514,818.58484,1098.8356,908.55005,782.726,1134.0037,724.9939,815.19696,1097.039,610.8216,827.6499,1133.5494,917.62787,837.19653,1122.5913,883.4318,784.91583,1266.4305,570.0324,880.20996,1075.3907,290.51718,792.1294,1431.2268,769.4693,1001.3961,1147.9816,174.18045,886.12897,1367.9198,1107.8661,1187.6345,1223.6277,206.50455,911.53,1356.1711,1159.7816,1232.1011,1236.7798,220.63893,916.27527,1345.4332,1155.9934,1225.7739,1248.3627,249.68155,911.44336,1345.8593,1112.4464,1207.1411,1250.3813,227.14691,1088.4607,1396.4415,84.28641,1143.3492,1284.6873,-84.82588,1365.3386,1507.9794,-34.402527,1397.45,1421.2705,-24.290306,1645.8912,1582.4486,-199.99675,1653.6208,1538.1403,-147.18774,1686.9963,1613.0746,-224.00061,1698.0809,1573.1868,-156.95045,1706.6088,1531.7379,-309.14682,1726.3738,1499.3885,-216.77405
IMG_4807 copy 18.JPG,828.9751,1120.2144,982.1641,808.9714,1116.2814,936.0329,803.4043,1119.4789,936.0881,797.5177,1122.7036,935.93835,817.47217,1106.4264,908.59216,818.0787,1102.925,908.76514,818.58484,1098.8356,908.55005,782.726,1134.0037,724.9939,815.19696,1097.039,610.8216,827.6499,1133.5494,917.62787,837.19653,1122.5913,883.4318,784.91583,1266.4305,570.0324,880.20996,1075.3907,290.51718,792.1294,1431.2268,769.4693,1001.3961,1147.9816,174.18045,886.12897,1367.9198,1107.8661,1187.6345,1223.6277,206.50455,911.53,1356.1711,1159.7816,1232.1011,1236.7798,220.63893,916.27527,1345.4332,1155.9934,1225.7739,1248.3627,249.68155,911.44336,1345.8593,1112.4464,1207.1411,1250.3813,227.14691,1088.4607,1396.4415,84.28641,1143.3492,1284.6873,-84.82588,1365.3386,1507.9794,-34.402527,1397.45,1421.2705,-24.290306,1645.8912,1582.4486,-199.99675,1653.6208,1538.1403,-147.18774,1686.9963,1613.0746,-224.00061,1698.0809,1573.1868,-156.95045,1706.6088,1531.7379,-309.14682,1726.3738,1499.3885,-216.77405
IMG_4807 copy 19.JPG,828.9751,1120.2144,982.1641,808.9714,1116.2814,936.0329,803.4043,1119.4789,936.0881,797.5177,1122.7036,935.93835,817.47217,1106.4264,908.59216,818.0787,1102.925,908.76514,818.58484,1098.8356,908.55005,782.726,1134.0037,724.9939,815.19696,1097.039,610.8216,827.6499,1133.5494,917.62787,837.19653,1122.5913,883.4318,784.91583,1266.4305,570.0324,880.20996,1075.3907,290.51718,792.1294,1431.2268,769.4693,1001.3961,1147.9816,174.18045,886.12897,1367.9198,1107.8661,1187.6345,1223.6277,206.50455,911.53,1356.1711,1159.7816,1232.1011,1236.7798,220.63893,916.27527,1345.4332,1155.9934,1225.7739,1248.3627,249.68155,911.44336,1345.8593,1112.4464,1207.1411,1250.3813,227.14691,1088.4607,1396.4415,84.28641,1143.3492,1284.6873,-84.82588,1365.3386,1507.9794,-34.402527,1397.45,1421.2705,-24.290306,1645.8912,1582.4486,-199.99675,1653.6208,1538.1403,-147.18774,1686.9963,1613.0746,-224.00061,1698.0809,1573.1868,-156.95045,1706.6088,1531.7379,-309.14682,1726.3738,1499.3885,-216.77405
IMG_4807 copy 2.JPG,828.9751,1120.2144,982.1641,808.9714,1116.2814,936.0329,803.4043,1119.4789,936.0881,797.5177,1122.7036,935.93835,817.47217,1106.4264,908.59216,818.0787,1102.925,908.76514,818.58484,1098.8356,908.55005,782.726,1134.0037,724.9939,815.19696,1097.039,610.8216,827.6499,1133.5494,917.62787,837.19653,1122.5913,883.4318,784.91583,1266.4305,570.0324,880.20996,1075.3907,290.51718,792.1294,1431.2268,769.4693,1001.3961,1147.9816,174.18045,886.12897,1367.9198,1107.8661,1187.6345,1223.6277,206.50455,911.53,1356.1711,1159.7816,1232.1011,1236.7798,220.63893,916.27527,1345.4332,1155.9934,1225.7739,1248.3627,249.68155,911.44336,1345.8593,1112.4464,1207.1411,1250.3813,227.14691,1088.4607,1396.4415,84.28641,1143.3492,1284.6873,-84.82588,1365.3386,1507.9794,-34.402527,1397.45,1421.2705,-24.290306,1645.8912,1582.4486,-199.99675,1653.6208,1538.1403,-147.18774,1686.9963,1613.0746,-224.00061,1698.0809,1573.1868,-156.95045,1706.6088,1531.7379,-309.14682,1726.3738,1499.3885,-216.77405
IMG_4807 copy 3.JPG,828.9751,1120.2144,982.1641,808.9714,1116.2814,936.0329,803.4043,1119.4789,936.0881,797.5177,1122.7036,935.93835,817.47217,1106.4264,908.59216,818.0787,1102.925,908.76514,818.58484,1098.8356,908.55005,782.726,1134.0037,724.9939,815.19696,1097.039,610.8216,827.6499,1133.5494,917.62787,837.19653,1122.5913,883.4318,784.91583,1266.4305,570.0324,880.20996,1075.3907,290.51718,792.1294,1431.2268,769.4693,1001.3961,1147.9816,174.18045,886.12897,1367.9198,1107.8661,1187.6345,1223.6277,206.50455,911.53,1356.1711,1159.7816,1232.1011,1236.7798,220.63893,916.27527,1345.4332,1155.9934,1225.7739,1248.3627,249.68155,911.44336,1345.8593,1112.4464,1207.1411,1250.3813,227.14691,1088.4607,1396.4415,84.28641,1143.3492,1284.6873,-84.82588,1365.3386,1507.9794,-34.402527,1397.45,1421.2705,-24.290306,1645.8912,1582.4486,-199.99675,1653.6208,1538.1403,-147.18774,1686.9963,1613.0746,-224.00061,1698.0809,1573.1868,-156.95045,1706.6088,1531.7379,-309.14682,1726.3738,1499.3885,-216.77405
IMG_4807 copy 4.JPG,828.9751,1120.2144,982.1641,808.9714,1116.2814,936.0329,803.4043,1119.4789,936.0881,797.5177,1122.7036,935.93835,817.47217,1106.4264,908.59216,818.0787,1102.925,908.76514,818.58484,1098.8356,908.55005,782.726,1134.0037,724.9939,815.19696,1097.039,610.8216,827.6499,1133.5494,917.62787,837.19653,1122.5913,883.4318,784.91583,1266.4305,570.0324,880.20996,1075.3907,290.51718,792.1294,1431.2268,769.4693,1001.3961,1147.9816,174.18045,886.12897,1367.9198,1107.8661,1187.6345,1223.6277,206.50455,911.53,1356.1711,1159.7816,1232.1011,1236.7798,220.63893,916.27527,1345.4332,1155.9934,1225.7739,1248.3627,249.68155,911.44336,1345.8593,1112.4464,1207.1411,1250.3813,227.14691,1088.4607,1396.4415,84.28641,1143.3492,1284.6873,-84.82588,1365.3386,1507.9794,-34.402527,1397.45,1421.2705,-24.290306,1645.8912,1582.4486,-199.99675,1653.6208,1538.1403,-147.18774,1686.9963,1613.0746,-224.00061,1698.0809,1573.1868,-156.95045,1706.6088,1531.7379,-309.14682,1726.3738,1499.3885,-216.77405
IMG_4807 copy 5.JPG,828.9751,1120.2144,982.1641,808.9714,1116.2814,936.0329,803.4043,1119.4789,936.0881,797.5177,1122.7036,935.93835,817.47217,1106.4264,908.59216,818.0787,1102.925,908.76514,818.58484,1098.8356,908.55005,782.726,1134.0037,724.9939,815.19696,1097.039,610.8216,827.6499,1133.5494,917.62787,837.19653,1122.5913,883.4318,784.91583,1266.4305,570.0324,880.20996,1075.3907,290.51718,792.1294,1431.2268,769.4693,1001.3961,1147.9816,174.18045,886.12897,1367.9198,1107.8661,1187.6345,1223.6277,206.50455,911.53,1356.1711,1159.7816,1232.1011,1236.7798,220.63893,916.27527,1345.4332,1155.9934,1225.7739,1248.3627,249.68155,911.44336,1345.8593,1112.4464,1207.1411,1250.3813,227.14691,1088.4607,1396.4415,84.28641,1143.3492,1284.6873,-84.82588,1365.3386,1507.9794,-34.402527,1397.45,1421.2705,-24.290306,1645.8912,1582.4486,-199.99675,1653.6208,1538.1403,-147.18774,1686.9963,1613.0746,-224.00061,1698.0809,1573.1868,-156.95045,1706.6088,1531.7379,-309.14682,1726.3738,1499.3885,-216.77405
IMG_4807 copy 6.JPG,828.9751,1120.2144,982.1641,808.9714,1116.2814,936.0329,803.4043,1119.4789,936.0881,797.5177,1122.7036,935.93835,817.47217,1106.4264,908.59216,818.0787,1102.925,908.76514,818.58484,1098.8356,908.55005,782.726,1134.0037,724.9939,815.19696,1097.039,610.8216,827.6499,1133.5494,917.62787,837.19653,1122.5913,883.4318,784.91583,1266.4305,570.0324,880.20996,1075.3907,290.51718,792.1294,1431.2268,769.4693,1001.3961,1147.9816,174.18045,886.12897,1367.9198,1107.8661,1187.6345,1223.6277,206.50455,911.53,1356.1711,1159.7816,1232.1011,1236.7798,220.63893,916.27527,1345.4332,1155.9934,1225.7739,1248.3627,249.68155,911.44336,1345.8593,1112.4464,1207.1411,1250.3813,227.14691,1088.4607,1396.4415,84.28641,1143.3492,1284.6873,-84.82588,1365.3386,1507.9794,-34.402527,1397.45,1421.2705,-24.290306,1645.8912,1582.4486,-199.99675,1653.6208,1538.1403,-147.18774,1686.9963,1613.0746,-224.00061,1698.0809,1573.1868,-156.95045,1706.6088,1531.7379,-309.14682,1726.3738,1499.3885,-216.77405
IMG_4807 copy 7.JPG,828.9751,1120.2144,982.1641,808.9714,1116.2814,936.0329,803.4043,1119.4789,936.0881,797.5177,1122.7036,935.93835,817.47217,1106.4264,908.59216,818.0787,1102.925,908.76514,818.58484,1098.8356,908.55005,782.726,1134.0037,724.9939,815.19696,1097.039,610.8216,827.6499,1133.5494,917.62787,837.19653,1122.5913,883.4318,784.91583,1266.4305,570.0324,880.20996,1075.3907,290.51718,792.1294,1431.2268,769.4693,1001.3961,1147.9816,174.18045,886.12897,1367.9198,1107.8661,1187.6345,1223.6277,206.50455,911.53,1356.1711,1159.7816,1232.1011,1236.7798,220.63893,916.27527,1345.4332,1155.9934,1225.7739,1248.3627,249.68155,911.44336,1345.8593,1112.4464,1207.1411,1250.3813,227.14691,1088.4607,1396.4415,84.28641,1143.3492,1284.6873,-84.82588,1365.3386,1507.9794,-34.402527,1397.45,1421.2705,-24.290306,1645.8912,1582.4486,-199.99675,1653.6208,1538.1403,-147.18774,1686.9963,1613.0746,-224.00061,1698.0809,1573.1868,-156.95045,1706.6088,1531.7379,-309.14682,1726.3738,1499.3885,-216.77405
IMG_4807 copy 8.JPG,828.9751,1120.2144,982.1641,808.9714,1116.2814,936.0329,803.4043,1119.4789,936.0881,797.5177,1122.7036,935.93835,817.47217,1106.4264,908.59216,818.0787,1102.925,908.76514,818.58484,1098.8356,908.55005,782.726,1134.0037,724.9939,815.19696,1097.039,610.8216,827.6499,1133.5494,917.62787,837.19653,1122.5913,883.4318,784.91583,1266.4305,570.0324,880.20996,1075.3907,290.51718,792.1294,1431.2268,769.4693,1001.3961,1147.9816,174.18045,886.12897,1367.9198,1107.8661,1187.6345,1223.6277,206.50455,911.53,1356.1711,1159.7816,1232.1011,1236.7798,220.63893,916.27527,1345.4332,1155.9934,1225.7739,1248.3627,249.68155,911.44336,1345.8593,1112.4464,1207.1411,1250.3813,227.14691,1088.4607,1396.4415,84.28641,1143.3492,1284.6873,-84.82588,1365.3386,1507.9794,-34.402527,1397.45,1421.2705,-24.290306,1645.8912,1582.4486,-199.99675,1653.6208,1538.1403,-147.18774,1686.9963,1613.0746,-224.00061,1698.0809,1573.1868,-156.95045,1706.6088,1531.7379,-309.14682,1726.3738,1499.3885,-216.77405
IMG_4807 copy 9.JPG,828.9751,1120.2144,982.1641,808.9714,1116.2814,936.0329,803.4043,1119.4789,936.0881,797.5177,1122.7036,935.93835,817.47217,1106.4264,908.59216,818.0787,1102.925,908.76514,818.58484,1098.8356,908.55005,782.726,1134.0037,724.9939,815.19696,1097.039,610.8216,827.6499,1133.5494,917.62787,837.19653,1122.5913,883.4318,784.91583,1266.4305,570.0324,880.20996,1075.3907,290.51718,792.1294,1431.2268,769.4693,1001.3961,1147.9816,174.18045,886.12897,1367.9198,1107.8661,1187.6345,1223.6277,206.50455,911.53,1356.1711,1159.7816,1232.1011,1236.7798,220.63893,916.27527,1345.4332,1155.9934,1225.7739,1248.3627,249.68155,911.44336,1345.8593,1112.4464,1207.1411,1250.3813,227.14691,1088.4607,1396.4415,84.28641,1143.3492,1284.6873,-84.82588,1365.3386,1507.9794,-34.402527,1397.45,1421.2705,-24.290306,1645.8912,1582.4486,-199.99675,1653.6208,1538.1403,-147.18774,1686.9963,1613.0746,-224.00061,1698.0809,1573.1868,-156.95045,1706.6088,1531.7379,-309.14682,1726.3738,1499.3885,-216.77405
IMG_4807 copy.JPG,828.9751,1120.2144,982.1641,808.9714,1116.2814,936.0329,803.4043,1119.4789,936.0881,797.5177,1122.7036,935.93835,817.47217,1106.4264,908.59216,818.0787,1102.925,908.76514,818.58484,1098.8356,908.55005,782.726,1134.0037,724.9939,815.19696,1097.039,610.8216,827.6499,1133.5494,917.62787,837.19653,1122.5913,883.4318,784.91583,1266.4305,570.0324,880.20996,1075.3907,290.51718,792.1294,1431.2268,769.4693,1001.3961,1147.9816,174.18045,886.12897,1367.9198,1107.8661,1187.6345,1223.6277,206.50455,911.53,1356.1711,1159.7816,1232.1011,1236.7798,220.63893,916.27527,1345.4332,1155.9934,1225.7739,1248.3627,249.68155,911.44336,1345.8593,1112.4464,1207.1411,1250.3813,227.14691,1088.4607,1396.4415,84.28641,1143.3492,1284.6873,-84.82588,1365.3386,1507.9794,-34.402527,1397.45,1421.2705,-24.290306,1645.8912,1582.4486,-199.99675,1653.6208,1538.1403,-147.18774,1686.9963,1613.0746,-224.00061,1698.0809,1573.1868,-156.95045,1706.6088,1531.7379,-309.14682,1726.3738,1499.3885,-216.77405
IMG_4807.JPG,828.9751,1120.2144,982.1641,808.9714,1116.2814,936.0329,803.4043,1119.4789,936.0881,797.5177,1122.7036,935.93835,817.47217,1106.4264,908.59216,818.0787,1102.925,908.76514,818.58484,1098.8356,908.55005,782.726,1134.0037,724.9939,815.19696,1097.039,610.8216,827.6499,1133.5494,917.62787,837.19653,1122.5913,883.4318,784.91583,1266.4305,570.0324,880.20996,1075.3907,290.51718,792.1294,1431.2268,769.4693,1001.3961,1147.9816,174.18045,886.12897,1367.9198,1107.8661,1187.6345,1223.6277,206.50455,911.53,1356.1711,1159.7816,1232.1011,1236.7798,220.63893,916.27527,1345.4332,1155.9934,1225.7739,1248.3627,249.68155,911.44336,1345.8593,1112.4464,1207.1411,1250.3813,227.14691,1088.4607,1396.4415,84.28641,1143.3492,1284.6873,-84.82588,1365.3386,1507.9794,-34.402527,1397.45,1421.2705,-24.290306,1645.8912,1582.4486,-199.99675,1653.6208,1538.1403,-147.18774,1686.9963,1613.0746,-224.00061,1698.0809,1573.1868,-156.95045,1706.6088,1531.7379,-309.14682,1726.3738,1499.3885,-216.77405
IMG_5296 copy 10.JPG,2193.692,702.04755,-521.9849,2237.1465,708.14026,-501.60004,2244.5776,720.8453,-501.56165,2250.3071,731.0705,-501.441,2217.1392,671.12964,-489.4701,2211.3447,658.7956,-489.2214,2206.0752,647.53284,-489.20602,2250.8865,748.9074,-263.97095,2195.2302,633.3182,-198.74023,2170.6306,741.63245,-421.99463,2148.821,699.3802,-401.85095,2140.9373,907.9095,-145.33775,2027.8821,618.0335,-55.25261,2122.241,1095.4047,-531.5694,1799.3943,656.9588,29.362656,2103.363,1157.1312,-1230.936,1565.8224,709.7577,-84.60153,2141.8826,1188.2911,-1359.0834,1497.2788,728.0317,-122.29027,2121.459,1163.444,-1367.5826,1508.1703,753.6221,-178.64455,2100.542,1150.332,-1251.4302,1532.8428,756.74695,-106.07631,1643.4102,987.2611,-37.919224,1591.8588,840.4243,37.72519,1322.485,1019.55743,-175.03098,1298.2542,942.6782,59.57302,957.7371,1054.2013,133.90776,987.6411,1047.543,418.91824,904.66895,1053.3474,156.28899,952.9145,1067.2601,445.66373,764.7235,1075.843,-139.29362,800.2318,1054.0905,193.60991
IMG_5296 copy 11.JPG,2193.692,702.04755,-521.9849,2237.1465,708.14026,-501.60004,2244.5776,720.8453,-501.56165,2250.3071,731.0705,-501.441,2217.1392,671.12964,-489.4701,2211.3447,658.7956,-489.2214,2206.0752,647.53284,-489.20602,2250.8865,748.9074,-263.97095,2195.2302,633.3182,-198.74023,2170.6306,741.63245,-421.99463,2148.821,699.3802,-401.85095,2140.9373,907.9095,-145.33775,2027.8821,618.0335,-55.25261,2122.241,1095.4047,-531.5694,1799.3943,656.9588,29.362656,2103.363,1157.1312,-1230.936,1565.8224,709.7577,-84.60153,2141.8826,1188.2911,-1359.0834,1497.2788,728.0317,-122.29027,2121.459,1163.444,-1367.5826,1508.1703,753.6221,-178.64455,2100.542,1150.332,-1251.4302,1532.8428,756.74695,-106.07631,1643.4102,987.2611,-37.919224,1591.8588,840.4243,37.72519,1322.485,1019.55743,-175.03098,1298.2542,942.6782,59.57302,957.7371,1054.2013,133.90776,987.6411,1047.543,418.91824,904.66895,1053.3474,156.28899,952.9145,1067.2601,445.66373,764.7235,1075.843,-139.29362,800.2318,1054.0905,193.60991
IMG_5296 copy 12.JPG,2193.692,702.04755,-521.9849,2237.1465,708.14026,-501.60004,2244.5776,720.8453,-501.56165,2250.3071,731.0705,-501.441,2217.1392,671.12964,-489.4701,2211.3447,658.7956,-489.2214,2206.0752,647.53284,-489.20602,2250.8865,748.9074,-263.97095,2195.2302,633.3182,-198.74023,2170.6306,741.63245,-421.99463,2148.821,699.3802,-401.85095,2140.9373,907.9095,-145.33775,2027.8821,618.0335,-55.25261,2122.241,1095.4047,-531.5694,1799.3943,656.9588,29.362656,2103.363,1157.1312,-1230.936,1565.8224,709.7577,-84.60153,2141.8826,1188.2911,-1359.0834,1497.2788,728.0317,-122.29027,2121.459,1163.444,-1367.5826,1508.1703,753.6221,-178.64455,2100.542,1150.332,-1251.4302,1532.8428,756.74695,-106.07631,1643.4102,987.2611,-37.919224,1591.8588,840.4243,37.72519,1322.485,1019.55743,-175.03098,1298.2542,942.6782,59.57302,957.7371,1054.2013,133.90776,987.6411,1047.543,418.91824,904.66895,1053.3474,156.28899,952.9145,1067.2601,445.66373,764.7235,1075.843,-139.29362,800.2318,1054.0905,193.60991
IMG_5296 copy 13.JPG,2193.692,702.04755,-521.9849,2237.1465,708.14026,-501.60004,2244.5776,720.8453,-501.56165,2250.3071,731.0705,-501.441,2217.1392,671.12964,-489.4701,2211.3447,658.7956,-489.2214,2206.0752,647.53284,-489.20602,2250.8865,748.9074,-263.97095,2195.2302,633.3182,-198.74023,2170.6306,741.63245,-421.99463,2148.821,699.3802,-401.85095,2140.9373,907.9095,-145.33775,2027.8821,618.0335,-55.25261,2122.241,1095.4047,-531.5694,1799.3943,656.9588,29.362656,2103.363,1157.1312,-1230.936,1565.8224,709.7577,-84.60153,2141.8826,1188.2911,-1359.0834,1497.2788,728.0317,-122.29027,2121.459,1163.444,-1367.5826,1508.1703,753.6221,-178.64455,2100.542,1150.332,-1251.4302,1532.8428,756.74695,-106.07631,1643.4102,987.2611,-37.919224,1591.8588,840.4243,37.72519,1322.485,1019.55743,-175.03098,1298.2542,942.6782,59.57302,957.7371,1054.2013,133.90776,987.6411,1047.543,418.91824,904.66895,1053.3474,156.28899,952.9145,1067.2601,445.66373,764.7235,1075.843,-139.29362,800.2318,1054.0905,193.60991
IMG_5296 copy 14.JPG,2193.692,702.04755,-521.9849,2237.1465,708.14026,-501.60004,2244.5776,720.8453,-501.56165,2250.3071,731.0705,-501.441,2217.1392,671.12964,-489.4701,2211.3447,658.7956,-489.2214,2206.0752,647.53284,-489.20602,2250.8865,748.9074,-263.97095,2195.2302,633.3182,-198.74023,2170.6306,741.63245,-421.99463,2148.821,699.3802,-401.85095,2140.9373,907.9095,-145.33775,2027.8821,618.0335,-55.25261,2122.241,1095.4047,-531.5694,1799.3943,656.9588,29.362656,2103.363,1157.1312,-1230.936,1565.8224,709.7577,-84.60153,2141.8826,1188.2911,-1359.0834,1497.2788,728.0317,-122.29027,2121.459,1163.444,-1367.5826,1508.1703,753.6221,-178.64455,2100.542,1150.332,-1251.4302,1532.8428,756.74695,-106.07631,1643.4102,987.2611,-37.919224,1591.8588,840.4243,37.72519,1322.485,1019.55743,-175.03098,1298.2542,942.6782,59.57302,957.7371,1054.2013,133.90776,987.6411,1047.543,418.91824,904.66895,1053.3474,156.28899,952.9145,1067.2601,445.66373,764.7235,1075.843,-139.29362,800.2318,1054.0905,193.60991
IMG_5296 copy 15.JPG,2193.692,702.04755,-521.9849,2237.1465,708.14026,-501.60004,2244.5776,720.8453,-501.56165,2250.3071,731.0705,-501.441,2217.1392,671.12964,-489.4701,2211.3447,658.7956,-489.2214,2206.0752,647.53284,-489.20602,2250.8865,748.9074,-263.97095,2195.2302,633.3182,-198.74023,2170.6306,741.63245,-421.99463,2148.821,699.3802,-401.85095,2140.9373,907.9095,-145.33775,2027.8821,618.0335,-55.25261,2122.241,1095.4047,-531.5694,1799.3943,656.9588,29.362656,2103.363,1157.1312,-1230.936,1565.8224,709.7577,-84.60153,2141.8826,1188.2911,-1359.0834,1497.2788,728.0317,-122.29027,2121.459,1163.444,-1367.5826,1508.1703,753.6221,-178.64455,2100.542,1150.332,-1251.4302,1532.8428,756.74695,-106.07631,1643.4102,987.2611,-37.919224,1591.8588,840.4243,37.72519,1322.485,1019.55743,-175.03098,1298.2542,942.6782,59.57302,957.7371,1054.2013,133.90776,987.6411,1047.543,418.91824,904.66895,1053.3474,156.28899,952.9145,1067.2601,445.66373,764.7235,1075.843,-139.29362,800.2318,1054.0905,193.60991
IMG_5296 copy 16.JPG,2193.692,702.04755,-521.9849,2237.1465,708.14026,-501.60004,2244.5776,720.8453,-501.56165,2250.3071,731.0705,-501.441,2217.1392,671.12964,-489.4701,2211.3447,658.7956,-489.2214,2206.0752,647.53284,-489.20602,2250.8865,748.9074,-263.97095,2195.2302,633.3182,-198.74023,2170.6306,741.63245,-421.99463,2148.821,699.3802,-401.85095,2140.9373,907.9095,-145.33775,2027.8821,618.0335,-55.25261,2122.241,1095.4047,-531.5694,1799.3943,656.9588,29.362656,2103.363,1157.1312,-1230.936,1565.8224,709.7577,-84.60153,2141.8826,1188.2911,-1359.0834,1497.2788,728.0317,-122.29027,2121.459,1163.444,-1367.5826,1508.1703,753.6221,-178.64455,2100.542,1150.332,-1251.4302,1532.8428,756.74695,-106.07631,1643.4102,987.2611,-37.919224,1591.8588,840.4243,37.72519,1322.485,1019.55743,-175.03098,1298.2542,942.6782,59.57302,957.7371,1054.2013,133.90776,987.6411,1047.543,418.91824,904.66895,1053.3474,156.28899,952.9145,1067.2601,445.66373,764.7235,1075.843,-139.29362,800.2318,1054.0905,193.60991
IMG_5296 copy 17.JPG,2193.692,702.04755,-521.9849,2237.1465,708.14026,-501.60004,2244.5776,720.8453,-501.56165,2250.3071,731.0705,-501.441,2217.1392,671.12964,-489.4701,2211.3447,658.7956,-489.2214,2206.0752,647.53284,-489.20602,2250.8865,748.9074,-263.97095,2195.2302,633.3182,-198.74023,2170.6306,741.63245,-421.99463,2148.821,699.3802,-401.85095,2140.9373,907.9095,-145.33775,2027.8821,618.0335,-55.25261,2122.241,1095.4047,-531.5694,1799.3943,656.9588,29.362656,2103.363,1157.1312,-1230.936,1565.8224,709.7577,-84.60153,2141.8826,1188.2911,-1359.0834,1497.2788,728.0317,-122.29027,2121.459,1163.444,-1367.5826,1508.1703,753.6221,-178.64455,2100.542,1150.332,-1251.4302,1532.8428,756.74695,-106.07631,1643.4102,987.2611,-37.919224,1591.8588,840.4243,37.72519,1322.485,1019.55743,-175.03098,1298.2542,942.6782,59.57302,957.7371,1054.2013,133.90776,987.6411,1047.543,418.91824,904.66895,1053.3474,156.28899,952.9145,1067.2601,445.66373,764.7235,1075.843,-139.29362,800.2318,1054.0905,193.60991
IMG_5296 copy 18.JPG,2193.692,702.04755,-521.9849,2237.1465,708.14026,-501.60004,2244.5776,720.8453,-501.56165,2250.3071,731.0705,-501.441,2217.1392,671.12964,-489.4701,2211.3447,658.7956,-489.2214,2206.0752,647.53284,-489.20602,2250.8865,748.9074,-263.97095,2195.2302,633.3182,-198.74023,2170.6306,741.63245,-421.99463,2148.821,699.3802,-401.85095,2140.9373,907.9095,-145.33775,2027.8821,618.0335,-55.25261,2122.241,1095.4047,-531.5694,1799.3943,656.9588,29.362656,2103.363,1157.1312,-1230.936,1565.8224,709.7577,-84.60153,2141.8826,1188.2911,-1359.0834,1497.2788,728.0317,-122.29027,2121.459,1163.444,-1367.5826,1508.1703,753.6221,-178.64455,2100.542,1150.332,-1251.4302,1532.8428,756.74695,-106.07631,1643.4102,987.2611,-37.919224,1591.8588,840.4243,37.72519,1322.485,1019.55743,-175.03098,1298.2542,942.6782,59.57302,957.7371,1054.2013,133.90776,987.6411,1047.543,418.91824,904.66895,1053.3474,156.28899,952.9145,1067.2601,445.66373,764.7235,1075.843,-139.29362,800.2318,1054.0905,193.60991
IMG_5296 copy 19.JPG,2193.692,702.04755,-521.9849,2237.1465,708.14026,-501.60004,2244.5776,720.8453,-501.56165,2250.3071,731.0705,-501.441,2217.1392,671.12964,-489.4701,2211.3447,658.7956,-489.2214,2206.0752,647.53284,-489.20602,2250.8865,748.9074,-263.97095,2195.2302,633.3182,-198.74023,2170.6306,741.63245,-421.99463,2148.821,699.3802,-401.85095,2140.9373,907.9095,-145.33775,2027.8821,618.0335,-55.25261,2122.241,1095.4047,-531.5694,1799.3943,656.9588,29.362656,2103.363,1157.1312,-1230.936,1565.8224,709.7577,-84.60153,2141.8826,1188.2911,-1359.0834,1497.2788,728.0317,-122.29027,2121.459,1163.444,-1367.5826,1508.1703,753.6221,-178.64455,2100.542,1150.332,-1251.4302,1532.8428,756.74695,-106.07631,1643.4102,987.2611,-37.919224,1591.8588,840.4243,37.72519,1322.485,1019.55743,-175.03098,1298.2542,942.6782,59.57302,957.7371,1054.2013,133.90776,987.6411,1047.543,418.91824,904.66895,1053.3474,156.28899,952.9145,1067.2601,445.66373,764.7235,1075.843,-139.29362,800.2318,1054.0905,193.60991
IMG_5296 copy 2.JPG,2193.692,702.04755,-521.9849,2237.1465,708.14026,-501.60004,2244.5776,720.8453,-501.56165,2250.3071,731.0705,-501.441,2217.1392,671.12964,-489.4701,2211.3447,658.7956,-489.2214,2206.0752,647.53284,-489.20602,2250.8865,748.9074,-263.97095,2195.2302,633.3182,-198.74023,2170.6306,741.63245,-421.99463,2148.821,699.3802,-401.85095,2140.9373,907.9095,-145.33775,2027.8821,618.0335,-55.25261,2122.241,1095.4047,-531.5694,1799.3943,656.9588,29.362656,2103.363,1157.1312,-1230.936,1565.8224,709.7577,-84.60153,2141.8826,1188.2911,-1359.0834,1497.2788,728.0317,-122.29027,2121.459,1163.444,-1367.5826,1508.1703,753.6221,-178.64455,2100.542,1150.332,-1251.4302,1532.8428,756.74695,-106.07631,1643.4102,987.2611,-37.919224,1591.8588,840.4243,37.72519,1322.485,1019.55743,-175.03098,1298.2542,942.6782,59.57302,957.7371,1054.2013,133.90776,987.6411,1047.543,418.91824,904.66895,1053.3474,156.28899,952.9145,1067.2601,445.66373,764.7235,1075.843,-139.29362,800.2318,1054.0905,193.60991
IMG_5296 copy 3.JPG,2193.692,702.04755,-521.9849,2237.1465,708.14026,-501.60004,2244.5776,720.8453,-501.56165,2250.3071,731.0705,-501.441,2217.1392,671.12964,-489.4701,2211.3447,658.7956,-489.2214,2206.0752,647.53284,-489.20602,2250.8865,748.9074,-263.97095,2195.2302,633.3182,-198.74023,2170.6306,741.63245,-421.99463,2148.821,699.3802,-401.85095,2140.9373,907.9095,-145.33775,2027.8821,618.0335,-55.25261,2122.241,1095.4047,-531.5694,1799.3943,656.9588,29.362656,2103.363,1157.1312,-1230.936,1565.8224,709.7577,-84.60153,2141.8826,1188.2911,-1359.0834,1497.2788,728.0317,-122.29027,2121.459,1163.444,-1367.5826,1508.1703,753.6221,-178.64455,2100.542,1150.332,-1251.4302,1532.8428,756.74695,-106.07631,1643.4102,987.2611,-37.919224,1591.8588,840.4243,37.72519,1322.485,1019.55743,-175.03098,1298.2542,942.6782,59.57302,957.7371,1054.2013,133.90776,987.6411,1047.543,418.91824,904.66895,1053.3474,156.28899,952.9145,1067.2601,445.66373,764.7235,1075.843,-139.29362,800.2318,1054.0905,193.60991
IMG_5296 copy 4.JPG,2193.692,702.04755,-521.9849,2237.1465,708.14026,-501.60004,2244.5776,720.8453,-501.56165,2250.3071,731.0705,-501.441,2217.1392,671.12964,-489.4701,2211.3447,658.7956,-489.2214,2206.0752,647.53284,-489.20602,2250.8865,748.9074,-263.97095,2195.2302,633.3182,-198.74023,2170.6306,741.63245,-421.99463,2148.821,699.3802,-401.85095,2140.9373,907.9095,-145.33775,2027.8821,618.0335,-55.25261,2122.241,1095.4047,-531.5694,1799.3943,656.9588,29.362656,2103.363,1157.1312,-1230.936,1565.8224,709.7577,-84.60153,2141.8826,1188.2911,-1359.0834,1497.2788,728.0317,-122.29027,2121.459,1163.444,-1367.5826,1508.1703,753.6221,-178.64455,2100.542,1150.332,-1251.4302,1532.8428,756.74695,-106.07631,1643.4102,987.2611,-37.919224,1591.8588,840.4243,37.72519,1322.485,1019.55743,-175.03098,1298.2542,942.6782,59.57302,957.7371,1054.2013,133.90776,987.6411,1047.543,418.91824,904.66895,1053.3474,156.28899,952.9145,1067.2601,445.66373,764.7235,1075.843,-139.29362,800.2318,1054.0905,193.60991
IMG_5296 copy 5.JPG,2193.692,702.04755,-521.9849,2237.1465,708.14026,-501.60004,2244.5776,720.8453,-501.56165,2250.3071,731.0705,-501.441,2217.1392,671.12964,-489.4701,2211.3447,658.7956,-489.2214,2206.0752,647.53284,-489.20602,2250.8865,748.9074,-263.97095,2195.2302,633.3182,-198.74023,2170.6306,741.63245,-421.99463,2148.821,699.3802,-401.85095,2140.9373,907.9095,-145.33775,2027.8821,618.0335,-55.25261,2122.241,1095.4047,-531.5694,1799.3943,656.9588,29.362656,2103.363,1157.1312,-1230.936,1565.8224,709.7577,-84.60153,2141.8826,1188.2911,-1359.0834,1497.2788,728.0317,-122.29027,2121.459,1163.444,-1367.5826,1508.1703,753.6221,-178.64455,2100.542,1150.332,-1251.4302,1532.8428,756.74695,-106.07631,1643.4102,987.2611,-37.919224,1591.8588,840.4243,37.72519,1322.485,1019.55743,-175.03098,1298.2542,942.6782,59.57302,957.7371,1054.2013,133.90776,987.6411,1047.543,418.91824,904.66895,1053.3474,156.28899,952.9145,1067.2601,445.66373,764.7235,1075.843,-139.29362,800.2318,1054.0905,193.60991
IMG_5296 copy 6.JPG,2193.692,702.04755,-521.9849,2237.1465,708.14026,-501.60004,2244.5776,720.8453,-501.56165,2250.3071,731.0705,-501.441,2217.1392,671.12964,-489.4701,2211.3447,658.7956,-489.2214,2206.0752,647.53284,-489.20602,2250.8865,748.9074,-263.97095,2195.2302,633.3182,-198.74023,2170.6306,741.63245,-421.99463,2148.821,699.3802,-401.85095,2140.9373,907.9095,-145.33775,2027.8821,618.0335,-55.25261,2122.241,1095.4047,-531.5694,1799.3943,656.9588,29.362656,2103.363,1157.1312,-1230.936,1565.8224,709.7577,-84.60153,2141.8826,1188.2911,-1359.0834,1497.2788,728.0317,-122.29027,2121.459,1163.444,-1367.5826,1508.1703,753.6221,-178.64455,2100.542,1150.332,-1251.4302,1532.8428,756.74695,-106.07631,1643.4102,987.2611,-37.919224,1591.8588,840.4243,37.72519,1322.485,1019.55743,-175.03098,1298.2542,942.6782,59.57302,957.7371,1054.2013,133.90776,987.6411,1047.543,418.91824,904.66895,1053.3474,156.28899,952.9145,1067.2601,445.66373,764.7235,1075.843,-139.29362,800.2318,1054.0905,193.60991
IMG_5296 copy 7.JPG,2193.692,702.04755,-521.9849,2237.1465,708.14026,-501.60004,2244.5776,720.8453,-501.56165,2250.3071,731.0705,-501.441,2217.1392,671.12964,-489.4701,2211.3447,658.7956,-489.2214,2206.0752,647.53284,-489.20602,2250.8865,748.9074,-263.97095,2195.2302,633.3182,-198.74023,2170.6306,741.63245,-421.99463,2148.821,699.3802,-401.85095,2140.9373,907.9095,-145.33775,2027.8821,618.0335,-55.25261,2122.241,1095.4047,-531.5694,1799.3943,656.9588,29.362656,2103.363,1157.1312,-1230.936,1565.8224,709.7577,-84.60153,2141.8826,1188.2911,-1359.0834,1497.2788,728.0317,-122.29027,2121.459,1163.444,-1367.5826,1508.1703,753.6221,-178.64455,2100.542,1150.332,-1251.4302,1532.8428,756.74695,-106.07631,1643.4102,987.2611,-37.919224,1591.8588,840.4243,37.72519,1322.485,1019.55743,-175.03098,1298.2542,942.6782,59.57302,957.7371,1054.2013,133.90776,987.6411,1047.543,418.91824,904.66895,1053.3474,156.28899,952.9145,1067.2601,445.66373,764.7235,1075.843,-139.29362,800.2318,1054.0905,193.60991
IMG_5296 copy 8.JPG,2193.692,702.04755,-521.9849,2237.1465,708.14026,-501.60004,2244.5776,720.8453,-501.56165,2250.3071,731.0705,-501.441,2217.1392,671.12964,-489.4701,2211.3447,658.7956,-489.2214,2206.0752,647.53284,-489.20602,2250.8865,748.9074,-263.97095,2195.2302,633.3182,-198.74023,2170.6306,741.63245,-421.99463,2148.821,699.3802,-401.85095,2140.9373,907.9095,-145.33775,2027.8821,618.0335,-55.25261,2122.241,1095.4047,-531.5694,1799.3943,656.9588,29.362656,2103.363,1157.1312,-1230.936,1565.8224,709.7577,-84.60153,2141.8826,1188.2911,-1359.0834,1497.2788,728.0317,-122.29027,2121.459,1163.444,-1367.5826,1508.1703,753.6221,-178.64455,2100.542,1150.332,-1251.4302,1532.8428,756.74695,-106.07631,1643.4102,987.2611,-37.919224,1591.8588,840.4243,37.72519,1322.485,1019.55743,-175.03098,1298.2542,942.6782,59.57302,957.7371,1054.2013,133.90776,987.6411,1047.543,418.91824,904.66895,1053.3474,156.28899,952.9145,1067.2601,445.66373,764.7235,1075.843,-139.29362,800.2318,1054.0905,193.60991
IMG_5296 copy 9.JPG,2193.692,702.04755,-521.9849,2237.1465,708.14026,-501.60004,2244.5776,720.8453,-501.56165,2250.3071,731.0705,-501.441,2217.1392,671.12964,-489.4701,2211.3447,658.7956,-489.2214,2206.0752,647.53284,-489.20602,2250.8865,748.9074,-263.97095,2195.2302,633.3182,-198.74023,2170.6306,741.63245,-421.99463,2148.821,699.3802,-401.85095,2140.9373,907.9095,-145.33775,2027.8821,618.0335,-55.25261,2122.241,1095.4047,-531.5694,1799.3943,656.9588,29.362656,2103.363,1157.1312,-1230.936,1565.8224,709.7577,-84.60153,2141.8826,1188.2911,-1359.0834,1497.2788,728.0317,-122.29027,2121.459,1163.444,-1367.5826,1508.1703,753.6221,-178.64455,2100.542,1150.332,-1251.4302,1532.8428,756.74695,-106.07631,1643.4102,987.2611,-37.919224,1591.8588,840.4243,37.72519,1322.485,1019.55743,-175.03098,1298.2542,942.6782,59.57302,957.7371,1054.2013,133.90776,987.6411,1047.543,418.91824,904.66895,1053.3474,156.28899,952.9145,1067.2601,445.66373,764.7235,1075.843,-139.29362,800.2318,1054.0905,193.60991
IMG_5296 copy.JPG,2193.692,702.04755,-521.9849,2237.1465,708.14026,-501.60004,2244.5776,720.8453,-501.56165,2250.3071,731.0705,-501.441,2217.1392,671.12964,-489.4701,2211.3447,658.7956,-489.2214,2206.0752,647.53284,-489.20602,2250.8865,748.9074,-263.97095,2195.2302,633.3182,-198.74023,2170.6306,741.63245,-421.99463,2148.821,699.3802,-401.85095,2140.9373,907.9095,-145.33775,2027.8821,618.0335,-55.25261,2122.241,1095.4047,-531.5694,1799.3943,656.9588,29.362656,2103.363,1157.1312,-1230.936,1565.8224,709.7577,-84.60153,2141.8826,1188.2911,-1359.0834,1497.2788,728.0317,-122.29027,2121.459,1163.444,-1367.5826,1508.1703,753.6221,-178.64455,2100.542,1150.332,-1251.4302,1532.8428,756.74695,-106.07631,1643.4102,987.2611,-37.919224,1591.8588,840.4243,37.72519,1322.485,1019.55743,-175.03098,1298.2542,942.6782,59.57302,957.7371,1054.2013,133.90776,987.6411,1047.543,418.91824,904.66895,1053.3474,156.28899,952.9145,1067.2601,445.66373,764.7235,1075.843,-139.29362,800.2318,1054.0905,193.60991
IMG_5296.JPG,2193.692,702.04755,-521.9849,2237.1465,708.14026,-501.60004,2244.5776,720.8453,-501.56165,2250.3071,731.0705,-501.441,2217.1392,671.12964,-489.4701,2211.3447,658.7956,-489.2214,2206.0752,647.53284,-489.20602,2250.8865,748.9074,-263.97095,2195.2302,633.3182,-198.74023,2170.6306,741.63245,-421.99463,2148.821,699.3802,-401.85095,2140.9373,907.9095,-145.33775,2027.8821,618.0335,-55.25261,2122.241,1095.4047,-531.5694,1799.3943,656.9588,29.362656,2103.363,1157.1312,-1230.936,1565.8224,709.7577,-84.60153,2141.8826,1188.2911,-1359.0834,1497.2788,728.0317,-122.29027,2121.459,1163.444,-1367.5826,1508.1703,753.6221,-178.64455,2100.542,1150.332,-1251.4302,1532.8428,756.74695,-106.07631,1643.4102,987.2611,-37.919224,1591.8588,840.4243,37.72519,1322.485,1019.55743,-175.03098,1298.2542,942.6782,59.57302,957.7371,1054.2013,133.90776,987.6411,1047.543,418.91824,904.66895,1053.3474,156.28899,952.9145,1067.2601,445.66373,764.7235,1075.843,-139.29362,800.2318,1054.0905,193.60991
IMG_5297 copy 10.JPG,2116.2544,623.6156,-301.0983,2150.6047,623.37213,-263.2016,2156.4236,633.5786,-263.3274,2161.017,642.20105,-263.24942,2132.7249,592.0918,-256.79016,2126.788,581.7373,-256.68652,2120.4473,571.64484,-256.81107,2154.7358,656.205,-8.635236,2098.3118,561.4103,24.670729,2093.93,662.98126,-202.30138,2072.9,621.24524,-192.25624,2033.2578,831.3996,86.25136,1934.3264,545.17224,126.006355,1978.7582,979.5879,-318.13867,1708.571,592.41815,164.87387,2020.5316,1044.2047,-1020.21826,1470.1752,658.804,-2.74788,2073.5532,1071.7224,-1144.1954,1400.0983,674.2156,-48.391018,2062.4253,1056.0023,-1162.9686,1407.18,695.8666,-108.64414,2038.8643,1045.8523,-1048.3573,1432.5378,695.7082,-28.467272,1590.4534,904.90625,-43.55257,1528.2334,755.2715,43.80289,1281.1953,956.8388,-408.62393,1239.5801,875.8484,-323.81757,882.69354,1034.3982,-495.0308,860.54584,1014.4382,-434.4289,830.5849,1050.6261,-515.1409,807.9056,1035.7906,-458.40854,755.4926,1053.7266,-838.24994,736.9527,1037.2091,-769.3746
IMG_5297 copy 11.JPG,2116.2544,623.6156,-301.0983,2150.6047,623.37213,-263.2016,2156.4236,633.5786,-263.3274,2161.017,642.20105,-263.24942,2132.7249,592.0918,-256.79016,2126.788,581.7373,-256.68652,2120.4473,571.64484,-256.81107,2154.7358,656.205,-8.635236,2098.3118,561.4103,24.670729,2093.93,662.98126,-202.30138,2072.9,621.24524,-192.25624,2033.2578,831.3996,86.25136,1934.3264,545.17224,126.006355,1978.7582,979.5879,-318.13867,1708.571,592.41815,164.87387,2020.5316,1044.2047,-1020.21826,1470.1752,658.804,-2.74788,2073.5532,1071.7224,-1144.1954,1400.0983,674.2156,-48.391018,2062.4253,1056.0023,-1162.9686,1407.18,695.8666,-108.64414,2038.8643,1045.8523,-1048.3573,1432.5378,695.7082,-28.467272,1590.4534,904.90625,-43.55257,1528.2334,755.2715,43.80289,1281.1953,956.8388,-408.62393,1239.5801,875.8484,-323.81757,882.69354,1034.3982,-495.0308,860.54584,1014.4382,-434.4289,830.5849,1050.6261,-515.1409,807.9056,1035.7906,-458.40854,755.4926,1053.7266,-838.24994,736.9527,1037.2091,-769.3746
IMG_5297 copy 12.JPG,2116.2544,623.6156,-301.0983,2150.6047,623.37213,-263.2016,2156.4236,633.5786,-263.3274,2161.017,642.20105,-263.24942,2132.7249,592.0918,-256.79016,2126.788,581.7373,-256.68652,2120.4473,571.64484,-256.81107,2154.7358,656.205,-8.635236,2098.3118,561.4103,24.670729,2093.93,662.98126,-202.30138,2072.9,621.24524,-192.25624,2033.2578,831.3996,86.25136,1934.3264,545.17224,126.006355,1978.7582,979.5879,-318.13867,1708.571,592.41815,164.87387,2020.5316,1044.2047,-1020.21826,1470.1752,658.804,-2.74788,2073.5532,1071.7224,-1144.1954,1400.0983,674.2156,-48.391018,2062.4253,1056.0023,-1162.9686,1407.18,695.8666,-108.64414,2038.8643,1045.8523,-1048.3573,1432.5378,695.7082,-28.467272,1590.4534,904.90625,-43.55257,1528.2334,755.2715,43.80289,1281.1953,956.8388,-408.62393,1239.5801,875.8484,-323.81757,882.69354,1034.3982,-495.0308,860.54584,1014.4382,-434.4289,830.5849,1050.6261,-515.1409,807.9056,1035.7906,-458.40854,755.4926,1053.7266,-838.24994,736.9527,1037.2091,-769.3746
IMG_5297 copy 13.JPG,2116.2544,623.6156,-301.0983,2150.6047,623.37213,-263.2016,2156.4236,633.5786,-263.3274,2161.017,642.20105,-263.24942,2132.7249,592.0918,-256.79016,2126.788,581.7373,-256.68652,2120.4473,571.64484,-256.81107,2154.7358,656.205,-8.635236,2098.3118,561.4103,24.670729,2093.93,662.98126,-202.30138,2072.9,621.24524,-192.25624,2033.2578,831.3996,86.25136,1934.3264,545.17224,126.006355,1978.7582,979.5879,-318.13867,1708.571,592.41815,164.87387,2020.5316,1044.2047,-1020.21826,1470.1752,658.804,-2.74788,2073.5532,1071.7224,-1144.1954,1400.0983,674.2156,-48.391018,2062.4253,1056.0023,-1162.9686,1407.18,695.8666,-108.64414,2038.8643,1045.8523,-1048.3573,1432.5378,695.7082,-28.467272,1590.4534,904.90625,-43.55257,1528.2334,755.2715,43.80289,1281.1953,956.8388,-408.62393,1239.5801,875.8484,-323.81757,882.69354,1034.3982,-495.0308,860.54584,1014.4382,-434.4289,830.5849,1050.6261,-515.1409,807.9056,1035.7906,-458.40854,755.4926,1053.7266,-838.24994,736.9527,1037.2091,-769.3746
IMG_5297 copy 14.JPG,2116.2544,623.6156,-301.0983,2150.6047,623.37213,-263.2016,2156.4236,633.5786,-263.3274,2161.017,642.20105,-263.24942,2132.7249,592.0918,-256.79016,2126.788,581.7373,-256.68652,2120.4473,571.64484,-256.81107,2154.7358,656.205,-8.635236,2098.3118,561.4103,24.670729,2093.93,662.98126,-202.30138,2072.9,621.24524,-192.25624,2033.2578,831.3996,86.25136,1934.3264,545.17224,126.006355,1978.7582,979.5879,-318.13867,1708.571,592.41815,164.87387,2020.5316,1044.2047,-1020.21826,1470.1752,658.804,-2.74788,2073.5532,1071.7224,-1144.1954,1400.0983,674.2156,-48.391018,2062.4253,1056.0023,-1162.9686,1407.18,695.8666,-108.64414,2038.8643,1045.8523,-1048.3573,1432.5378,695.7082,-28.467272,1590.4534,904.90625,-43.55257,1528.2334,755.2715,43.80289,1281.1953,956.8388,-408.62393,1239.5801,875.8484,-323.81757,882.69354,1034.3982,-495.0308,860.54584,1014.4382,-434.4289,830.5849,1050.6261,-515.1409,807.9056,1035.7906,-458.40854,755.4926,1053.7266,-838.24994,736.9527,1037.2091,-769.3746
IMG_5297 copy 2.JPG,2116.2544,623.6156,-301.0983,2150.6047,623.37213,-263.2016,2156.4236,633.5786,-263.3274,2161.017,642.20105,-263.24942,2132.7249,592.0918,-256.79016,2126.788,581.7373,-256.68652,2120.4473,571.64484,-256.81107,2154.7358,656.205,-8.635236,2098.3118,561.4103,24.670729,2093.93,662.98126,-202.30138,2072.9,621.24524,-192.25624,2033.2578,831.3996,86.25136,1934.3264,545.17224,126.006355,1978.7582,979.5879,-318.13867,1708.571,592.41815,164.87387,2020.5316,1044.2047,-1020.21826,1470.1752,658.804,-2.74788,2073.5532,1071.7224,-1144.1954,1400.0983,674.2156,-48.391018,2062.4253,1056.0023,-1162.9686,1407.18,695.8666,-108.64414,2038.8643,1045.8523,-1048.3573,1432.5378,695.7082,-28.467272,1590.4534,904.90625,-43.55257,1528.2334,755.2715,43.80289,1281.1953,956.8388,-408.62393,1239.5801,875.8484,-323.81757,882.69354,1034.3982,-495.0308,860.54584,1014.4382,-434.4289,830.5849,1050.6261,-515.1409,807.9056,1035.7906,-458.40854,755.4926,1053.7266,-838.24994,736.9527,1037.2091,-769.3746
IMG_5297 copy 3.JPG,2116.2544,623.6156,-301.0983,2150.6047,623.37213,-263.2016,2156.4236,633.5786,-263.3274,2161.017,642.20105,-263.24942,2132.7249,592.0918,-256.79016,2126.788,581.7373,-256.68652,2120.4473,571.64484,-256.81107,2154.7358,656.205,-8.635236,2098.3118,561.4103,24.670729,2093.93,662.98126,-202.30138,2072.9,621.24524,-192.25624,2033.2578,831.3996,86.25136,1934.3264,545.17224,126.006355,1978.7582,979.5879,-318.13867,1708.571,592.41815,164.87387,2020.5316,1044.2047,-1020.21826,1470.1752,658.804,-2.74788,2073.5532,1071.7224,-1144.1954,1400.0983,674.2156,-48.391018,2062.4253,1056.0023,-1162.9686,1407.18,695.8666,-108.64414,2038.8643,1045.8523,-1048.3573,1432.5378,695.7082,-28.467272,1590.4534,904.90625,-43.55257,1528.2334,755.2715,43.80289,1281.1953,956.8388,-408.62393,1239.5801,875.8484,-323.81757,882.69354,1034.3982,-495.0308,860.54584,1014.4382,-434.4289,830.5849,1050.6261,-515.1409,807.9056,1035.7906,-458.40854,755.4926,1053.7266,-838.24994,736.9527,1037.2091,-769.3746
IMG_5297 copy 4.JPG,2116.2544,623.6156,-301.0983,2150.6047,623.37213,-263.2016,2156.4236,633.5786,-263.3274,2161.017,642.20105,-263.24942,2132.7249,592.0918,-256.79016,2126.788,581.7373,-256.68652,2120.4473,571.64484,-256.81107,2154.7358,656.205,-8.635236,2098.3118,561.4103,24.670729,2093.93,662.98126,-202.30138,2072.9,621.24524,-192.25624,2033.2578,831.3996,86.25136,1934.3264,545.17224,126.006355,1978.7582,979.5879,-318.13867,1708.571,592.41815,164.87387,2020.5316,1044.2047,-1020.21826,1470.1752,658.804,-2.74788,2073.5532,1071.7224,-1144.1954,1400.0983,674.2156,-48.391018,2062.4253,1056.0023,-1162.9686,1407.18,695.8666,-108.64414,2038.8643,1045.8523,-1048.3573,1432.5378,695.7082,-28.467272,1590.4534,904.90625,-43.55257,1528.2334,755.2715,43.80289,1281.1953,956.8388,-408.62393,1239.5801,875.8484,-323.81757,882.69354,1034.3982,-495.0308,860.54584,1014.4382,-434.4289,830.5849,1050.6261,-515.1409,807.9056,1035.7906,-458.40854,755.4926,1053.7266,-838.24994,736.9527,1037.2091,-769.3746
IMG_5297 copy 5.JPG,2116.2544,623.6156,-301.0983,2150.6047,623.37213,-263.2016,2156.4236,633.5786,-263.3274,2161.017,642.20105,-263.24942,2132.7249,592.0918,-256.79016,2126.788,581.7373,-256.68652,2120.4473,571.64484,-256.81107,2154.7358,656.205,-8.635236,2098.3118,561.4103,24.670729,2093.93,662.98126,-202.30138,2072.9,621.24524,-192.25624,2033.2578,831.3996,86.25136,1934.3264,545.17224,126.006355,1978.7582,979.5879,-318.13867,1708.571,592.41815,164.87387,2020.5316,1044.2047,-1020.21826,1470.1752,658.804,-2.74788,2073.5532,1071.7224,-1144.1954,1400.0983,674.2156,-48.391018,2062.4253,1056.0023,-1162.9686,1407.18,695.8666,-108.64414,2038.8643,1045.8523,-1048.3573,1432.5378,695.7082,-28.467272,1590.4534,904.90625,-43.55257,1528.2334,755.2715,43.80289,1281.1953,956.8388,-408.62393,1239.5801,875.8484,-323.81757,882.69354,1034.3982,-495.0308,860.54584,1014.4382,-434.4289,830.5849,1050.6261,-515.1409,807.9056,1035.7906,-458.40854,755.4926,1053.7266,-838.24994,736.9527,1037.2091,-769.3746
IMG_5297 copy 6.JPG,2116.2544,623.6156,-301.0983,2150.6047,623.37213,-263.2016,2156.4236,633.5786,-263.3274,2161.017,642.20105,-263.24942,2132.7249,592.0918,-256.79016,2126.788,581.7373,-256.68652,2120.4473,571.64484,-256.81107,2154.7358,656.205,-8.635236,2098.3118,561.4103,24.670729,2093.93,662.98126,-202.30138,2072.9,621.24524,-192.25624,2033.2578,831.3996,86.25136,1934.3264,545.17224,126.006355,1978.7582,979.5879,-318.13867,1708.571,592.41815,164.87387,2020.5316,1044.2047,-1020.21826,1470.1752,658.804,-2.74788,2073.5532,1071.7224,-1144.1954,1400.0983,674.2156,-48.391018,2062.4253,1056.0023,-1162.9686,1407.18,695.8666,-108.64414,2038.8643,1045.8523,-1048.3573,1432.5378,695.7082,-28.467272,1590.4534,904.90625,-43.55257,1528.2334,755.2715,43.80289,1281.1953,956.8388,-408.62393,1239.5801,875.8484,-323.81757,882.69354,1034.3982,-495.0308,860.54584,1014.4382,-434.4289,830.5849,1050.6261,-515.1409,807.9056,1035.7906,-458.40854,755.4926,1053.7266,-838.24994,736.9527,1037.2091,-769.3746
IMG_5297 copy 7.JPG,2116.2544,623.6156,-301.0983,2150.6047,623.37213,-263.2016,2156.4236,633.5786,-263.3274,2161.017,642.20105,-263.24942,2132.7249,592.0918,-256.79016,2126.788,581.7373,-256.68652,2120.4473,571.64484,-256.81107,2154.7358,656.205,-8.635236,2098.3118,561.4103,24.670729,2093.93,662.98126,-202.30138,2072.9,621.24524,-192.25624,2033.2578,831.3996,86.25136,1934.3264,545.17224,126.006355,1978.7582,979.5879,-318.13867,1708.571,592.41815,164.87387,2020.5316,1044.2047,-1020.21826,1470.1752,658.804,-2.74788,2073.5532,1071.7224,-1144.1954,1400.0983,674.2156,-48.391018,2062.4253,1056.0023,-1162.9686,1407.18,695.8666,-108.64414,2038.8643,1045.8523,-1048.3573,1432.5378,695.7082,-28.467272,1590.4534,904.90625,-43.55257,1528.2334,755.2715,43.80289,1281.1953,956.8388,-408.62393,1239.5801,875.8484,-323.81757,882.69354,1034.3982,-495.0308,860.54584,1014.4382,-434.4289,830.5849,1050.6261,-515.1409,807.9056,1035.7906,-458.40854,755.4926,1053.7266,-838.24994,736.9527,1037.2091,-769.3746
IMG_5297 copy 8.JPG,2116.2544,623.6156,-301.0983,2150.6047,623.37213,-263.2016,2156.4236,633.5786,-263.3274,2161.017,642.20105,-263.24942,2132.7249,592.0918,-256.79016,2126.788,581.7373,-256.68652,2120.4473,571.64484,-256.81107,2154.7358,656.205,-8.635236,2098.3118,561.4103,24.670729,2093.93,662.98126,-202.30138,2072.9,621.24524,-192.25624,2033.2578,831.3996,86.25136,1934.3264,545.17224,126.006355,1978.7582,979.5879,-318.13867,1708.571,592.41815,164.87387,2020.5316,1044.2047,-1020.21826,1470.1752,658.804,-2.74788,2073.5532,1071.7224,-1144.1954,1400.0983,674.2156,-48.391018,2062.4253,1056.0023,-1162.9686,1407.18,695.8666,-108.64414,2038.8643,1045.8523,-1048.3573,1432.5378,695.7082,-28.467272,1590.4534,904.90625,-43.55257,1528.2334,755.2715,43.80289,1281.1953,956.8388,-408.62393,1239.5801,875.8484,-323.81757,882.69354,1034.3982,-495.0308,860.54584,1014.4382,-434.4289,830.5849,1050.6261,-515.1409,807.9056,1035.7906,-458.40854,755.4926,1053.7266,-838.24994,736.9527,1037.2091,-769.3746
IMG_5297 copy 9.JPG,2116.2544,623.6156,-301.0983,2150.6047,623.37213,-263.2016,2156.4236,633.5786,-263.3274,2161.017,642.20105,-263.24942,2132.7249,592.0918,-256.79016,2126.788,581.7373,-256.68652,2120.4473,571.64484,-256.81107,2154.7358,656.205,-8.635236,2098.3118,561.4103,24.670729,2093.93,662.98126,-202.30138,2072.9,621.24524,-192.25624,2033.2578,831.3996,86.25136,1934.3264,545.17224,126.006355,1978.7582,979.5879,-318.13867,1708.571,592.41815,164.87387,2020.5316,1044.2047,-1020.21826,1470.1752,658.804,-2.74788,2073.5532,1071.7224,-1144.1954,1400.0983,674.2156,-48.391018,2062.4253,1056.0023,-1162.9686,1407.18,695.8666,-108.64414,2038.8643,1045.8523,-1048.3573,1432.5378,695.7082,-28.467272,1590.4534,904.90625,-43.55257,1528.2334,755.2715,43.80289,1281.1953,956.8388,-408.62393,1239.5801,875.8484,-323.81757,882.69354,1034.3982,-495.0308,860.54584,1014.4382,-434.4289,830.5849,1050.6261,-515.1409,807.9056,1035.7906,-458.40854,755.4926,1053.7266,-838.24994,736.9527,1037.2091,-769.3746
IMG_5297 copy.JPG,2116.2544,623.6156,-301.0983,2150.6047,623.37213,-263.2016,2156.4236,633.5786,-263.3274,2161.017,642.20105,-263.24942,2132.7249,592.0918,-256.79016,2126.788,581.7373,-256.68652,2120.4473,571.64484,-256.81107,2154.7358,656.205,-8.635236,2098.3118,561.4103,24.670729,2093.93,662.98126,-202.30138,2072.9,621.24524,-192.25624,2033.2578,831.3996,86.25136,1934.3264,545.17224,126.006355,1978.7582,979.5879,-318.13867,1708.571,592.41815,164.87387,2020.5316,1044.2047,-1020.21826,1470.1752,658.804,-2.74788,2073.5532,1071.7224,-1144.1954,1400.0983,674.2156,-48.391018,2062.4253,1056.0023,-1162.9686,1407.18,695.8666,-108.64414,2038.8643,1045.8523,-1048.3573,1432.5378,695.7082,-28.467272,1590.4534,904.90625,-43.55257,1528.2334,755.2715,43.80289,1281.1953,956.8388,-408.62393,1239.5801,875.8484,-323.81757,882.69354,1034.3982,-495.0308,860.54584,1014.4382,-434.4289,830.5849,1050.6261,-515.1409,807.9056,1035.7906,-458.40854,755.4926,1053.7266,-838.24994,736.9527,1037.2091,-769.3746
IMG_5297.JPG,2116.2544,623.6156,-301.0983,2150.6047,623.37213,-263.2016,2156.4236,633.5786,-263.3274,2161.017,642.20105,-263.24942,2132.7249,592.0918,-256.79016,2126.788,581.7373,-256.68652,2120.4473,571.64484,-256.81107,2154.7358,656.205,-8.635236,2098.3118,561.4103,24.670729,2093.93,662.98126,-202.30138,2072.9,621.24524,-192.25624,2033.2578,831.3996,86.25136,1934.3264,545.17224,126.006355,1978.7582,979.5879,-318.13867,1708.571,592.41815,164.87387,2020.5316,1044.2047,-1020.21826,1470.1752,658.804,-2.74788,2073.5532,1071.7224,-1144.1954,1400.0983,674.2156,-48.391018,2062.4253,1056.0023,-1162.9686,1407.18,695.8666,-108.64414,2038.8643,1045.8523,-1048.3573,1432.5378,695.7082,-28.467272,1590.4534,904.90625,-43.55257,1528.2334,755.2715,43.80289,1281.1953,956.8388,-408.62393,1239.5801,875.8484,-323.81757,882.69354,1034.3982,-495.0308,860.54584,1014.4382,-434.4289,830.5849,1050.6261,-515.1409,807.9056,1035.7906,-458.40854,755.4926,1053.7266,-838.24994,736.9527,1037.2091,-769.3746
IMG_5298 copy 10.JPG,2035.0295,362.2765,-364.87872,2073.6777,365.0405,-320.84198,2078.7727,376.8505,-320.93073,2082.6333,387.54913,-320.8437,2055.5957,329.63486,-317.3955,2049.1902,317.86606,-317.2757,2042.3529,306.2681,-317.4602,2071.5247,402.86157,-34.50626,2018.1853,296.3839,-19.326271,2011.287,401.63928,-252.609,1990.1665,357.29895,-248.31923,1939.6094,571.66833,78.83586,1839.2786,283.64484,113.15065,1874.3579,770.10815,-333.0107,1582.1411,344.73254,191.26399,1968.9656,802.84595,-1065.3405,1336.5083,420.97168,45.057125,2026.2098,820.48987,-1193.4052,1264.1024,448.62387,12.187912,2015.568,807.2661,-1196.6368,1270.4774,470.93716,-42.662163,1990.6897,800.60693,-1087.9713,1298.2754,469.38318,23.96399,1493.7632,680.439,-33.26299,1428.9009,515.8343,32.7882,1115.8352,760.7798,-186.4975,1109.7378,667.30383,-220.01988,715.8457,846.5344,-129.06546,692.2541,815.93585,-131.60838,661.44586,861.4212,-136.56804,643.27026,834.67194,-137.59982,577.8061,889.9757,-478.42163,557.9448,860.9641,-481.15106
IMG_5298 copy 11.JPG,2035.0295,362.2765,-364.87872,2073.6777,365.0405,-320.84198,2078.7727,376.8505,-320.93073,2082.6333,387.54913,-320.8437,2055.5957,329.63486,-317.3955,2049.1902,317.86606,-317.2757,2042.3529,306.2681,-317.4602,2071.5247,402.86157,-34.50626,2018.1853,296.3839,-19.326271,2011.287,401.63928,-252.609,1990.1665,357.29895,-248.31923,1939.6094,571.66833,78.83586,1839.2786,283.64484,113.15065,1874.3579,770.10815,-333.0107,1582.1411,344.73254,191.26399,1968.9656,802.84595,-1065.3405,1336.5083,420.97168,45.057125,2026.2098,820.48987,-1193.4052,1264.1024,448.62387,12.187912,2015.568,807.2661,-1196.6368,1270.4774,470.93716,-42.662163,1990.6897,800.60693,-1087.9713,1298.2754,469.38318,23.96399,1493.7632,680.439,-33.26299,1428.9009,515.8343,32.7882,1115.8352,760.7798,-186.4975,1109.7378,667.30383,-220.01988,715.8457,846.5344,-129.06546,692.2541,815.93585,-131.60838,661.44586,861.4212,-136.56804,643.27026,834.67194,-137.59982,577.8061,889.9757,-478.42163,557.9448,860.9641,-481.15106
IMG_5298 copy 12.JPG,2035.0295,362.2765,-364.87872,2073.6777,365.0405,-320.84198,2078.7727,376.8505,-320.93073,2082.6333,387.54913,-320.8437,2055.5957,329.63486,-317.3955,2049.1902,317.86606,-317.2757,2042.3529,306.2681,-317.4602,2071.5247,402.86157,-34.50626,2018.1853,296.3839,-19.326271,2011.287,401.63928,-252.609,1990.1665,357.29895,-248.31923,1939.6094,571.66833,78.83586,1839.2786,283.64484,113.15065,1874.3579,770.10815,-333.0107,1582.1411,344.73254,191.26399,1968.9656,802.84595,-1065.3405,1336.5083,420.97168,45.057125,2026.2098,820.48987,-1193.4052,1264.1024,448.62387,12.187912,2015.568,807.2661,-1196.6368,1270.4774,470.93716,-42.662163,1990.6897,800.60693,-1087.9713,1298.2754,469.38318,23.96399,1493.7632,680.439,-33.26299,1428.9009,515.8343,32.7882,1115.8352,760.7798,-186.4975,1109.7378,667.30383,-220.01988,715.8457,846.5344,-129.06546,692.2541,815.93585,-131.60838,661.44586,861.4212,-136.56804,643.27026,834.67194,-137.59982,577.8061,889.9757,-478.42163,557.9448,860.9641,-481.15106
IMG_5298 copy 13.JPG,2035.0295,362.2765,-364.87872,2073.6777,365.0405,-320.84198,2078.7727,376.8505,-320.93073,2082.6333,387.54913,-320.8437,2055.5957,329.63486,-317.3955,2049.1902,317.86606,-317.2757,2042.3529,306.2681,-317.4602,2071.5247,402.86157,-34.50626,2018.1853,296.3839,-19.326271,2011.287,401.63928,-252.609,1990.1665,357.29895,-248.31923,1939.6094,571.66833,78.83586,1839.2786,283.64484,113.15065,1874.3579,770.10815,-333.0107,1582.1411,344.73254,191.26399,1968.9656,802.84595,-1065.3405,1336.5083,420.97168,45.057125,2026.2098,820.48987,-1193.4052,1264.1024,448.62387,12.187912,2015.568,807.2661,-1196.6368,1270.4774,470.93716,-42.662163,1990.6897,800.60693,-1087.9713,1298.2754,469.38318,23.96399,1493.7632,680.439,-33.26299,1428.9009,515.8343,32.7882,1115.8352,760.7798,-186.4975,1109.7378,667.30383,-220.01988,715.8457,846.5344,-129.06546,692.2541,815.93585,-131.60838,661.44586,861.4212,-136.56804,643.27026,834.67194,-137.59982,577.8061,889.9757,-478.42163,557.9448,860.9641,-481.15106
IMG_5298 copy 14.JPG,2035.0295,362.2765,-364.87872,2073.6777,365.0405,-320.84198,2078.7727,376.8505,-320.93073,2082.6333,387.54913,-320.8437,2055.5957,329.63486,-317.3955,2049.1902,317.86606,-317.2757,2042.3529,306.2681,-317.4602,2071.5247,402.86157,-34.50626,2018.1853,296.3839,-19.326271,2011.287,401.63928,-252.609,1990.1665,357.29895,-248.31923,1939.6094,571.66833,78.83586,1839.2786,283.64484,113.15065,1874.3579,770.10815,-333.0107,1582.1411,344.73254,191.26399,1968.9656,802.84595,-1065.3405,1336.5083,420.97168,45.057125,2026.2098,820.48987,-1193.4052,1264.1024,448.62387,12.187912,2015.568,807.2661,-1196.6368,1270.4774,470.93716,-42.662163,1990.6897,800.60693,-1087.9713,1298.2754,469.38318,23.96399,1493.7632,680.439,-33.26299,1428.9009,515.8343,32.7882,1115.8352,760.7798,-186.4975,1109.7378,667.30383,-220.01988,715.8457,846.5344,-129.06546,692.2541,815.93585,-131.60838,661.44586,861.4212,-136.56804,643.27026,834.67194,-137.59982,577.8061,889.9757,-478.42163,557.9448,860.9641,-481.15106
IMG_5298 copy 15.JPG,2035.0295,362.2765,-364.87872,2073.6777,365.0405,-320.84198,2078.7727,376.8505,-320.93073,2082.6333,387.54913,-320.8437,2055.5957,329.63486,-317.3955,2049.1902,317.86606,-317.2757,2042.3529,306.2681,-317.4602,2071.5247,402.86157,-34.50626,2018.1853,296.3839,-19.326271,2011.287,401.63928,-252.609,1990.1665,357.29895,-248.31923,1939.6094,571.66833,78.83586,1839.2786,283.64484,113.15065,1874.3579,770.10815,-333.0107,1582.1411,344.73254,191.26399,1968.9656,802.84595,-1065.3405,1336.5083,420.97168,45.057125,2026.2098,820.48987,-1193.4052,1264.1024,448.62387,12.187912,2015.568,807.2661,-1196.6368,1270.4774,470.93716,-42.662163,1990.6897,800.60693,-1087.9713,1298.2754,469.38318,23.96399,1493.7632,680.439,-33.26299,1428.9009,515.8343,32.7882,1115.8352,760.7798,-186.4975,1109.7378,667.30383,-220.01988,715.8457,846.5344,-129.06546,692.2541,815.93585,-131.60838,661.44586,861.4212,-136.56804,643.27026,834.67194,-137.59982,577.8061,889.9757,-478.42163,557.9448,860.9641,-481.15106
IMG_5298 copy 2.JPG,2035.0295,362.2765,-364.87872,2073.6777,365.0405,-320.84198,2078.7727,376.8505,-320.93073,2082.6333,387.54913,-320.8437,2055.5957,329.63486,-317.3955,2049.1902,317.86606,-317.2757,2042.3529,306.2681,-317.4602,2071.5247,402.86157,-34.50626,2018.1853,296.3839,-19.326271,2011.287,401.63928,-252.609,1990.1665,357.29895,-248.31923,1939.6094,571.66833,78.83586,1839.2786,283.64484,113.15065,1874.3579,770.10815,-333.0107,1582.1411,344.73254,191.26399,1968.9656,802.84595,-1065.3405,1336.5083,420.97168,45.057125,2026.2098,820.48987,-1193.4052,1264.1024,448.62387,12.187912,2015.568,807.2661,-1196.6368,1270.4774,470.93716,-42.662163,1990.6897,800.60693,-1087.9713,1298.2754,469.38318,23.96399,1493.7632,680.439,-33.26299,1428.9009,515.8343,32.7882,1115.8352,760.7798,-186.4975,1109.7378,667.30383,-220.01988,715.8457,846.5344,-129.06546,692.2541,815.93585,-131.60838,661.44586,861.4212,-136.56804,643.27026,834.67194,-137.59982,577.8061,889.9757,-478.42163,557.9448,860.9641,-481.15106
IMG_5298 copy 3.JPG,2035.0295,362.2765,-364.87872,2073.6777,365.0405,-320.84198,2078.7727,376.8505,-320.93073,2082.6333,387.54913,-320.8437,2055.5957,329.63486,-317.3955,2049.1902,317.86606,-317.2757,2042.3529,306.2681,-317.4602,2071.5247,402.86157,-34.50626,2018.1853,296.3839,-19.326271,2011.287,401.63928,-252.609,1990.1665,357.29895,-248.31923,1939.6094,571.66833,78.83586,1839.2786,283.64484,113.15065,1874.3579,770.10815,-333.0107,1582.1411,344.73254,191.26399,1968.9656,802.84595,-1065.3405,1336.5083,420.97168,45.057125,2026.2098,820.48987,-1193.4052,1264.1024,448.62387,12.187912,2015.568,807.2661,-1196.6368,1270.4774,470.93716,-42.662163,1990.6897,800.60693,-1087.9713,1298.2754,469.38318,23.96399,1493.7632,680.439,-33.26299,1428.9009,515.8343,32.7882,1115.8352,760.7798,-186.4975,1109.7378,667.30383,-220.01988,715.8457,846.5344,-129.06546,692.2541,815.93585,-131.60838,661.44586,861.4212,-136.56804,643.27026,834.67194,-137.59982,577.8061,889.9757,-478.42163,557.9448,860.9641,-481.15106
IMG_5298 copy 4.JPG,2035.0295,362.2765,-364.87872,2073.6777,365.0405,-320.84198,2078.7727,376.8505,-320.93073,2082.6333,387.54913,-320.8437,2055.5957,329.63486,-317.3955,2049.1902,317.86606,-317.2757,2042.3529,306.2681,-317.4602,2071.5247,402.86157,-34.50626,2018.1853,296.3839,-19.326271,2011.287,401.63928,-252.609,1990.1665,357.29895,-248.31923,1939.6094,571.66833,78.83586,1839.2786,283.64484,113.15065,1874.3579,770.10815,-333.0107,1582.1411,344.73254,191.26399,1968.9656,802.84595,-1065.3405,1336.5083,420.97168,45.057125,2026.2098,820.48987,-1193.4052,1264.1024,448.62387,12.187912,2015.568,807.2661,-1196.6368,1270.4774,470.93716,-42.662163,1990.6897,800.60693,-1087.9713,1298.2754,469.38318,23.96399,1493.7632,680.439,-33.26299,1428.9009,515.8343,32.7882,1115.8352,760.7798,-186.4975,1109.7378,667.30383,-220.01988,715.8457,846.5344,-129.06546,692.2541,815.93585,-131.60838,661.44586,861.4212,-136.56804,643.27026,834.67194,-137.59982,577.8061,889.9757,-478.42163,557.9448,860.9641,-481.15106
IMG_5298 copy 5.JPG,2035.0295,362.2765,-364.87872,2073.6777,365.0405,-320.84198,2078.7727,376.8505,-320.93073,2082.6333,387.54913,-320.8437,2055.5957,329.63486,-317.3955,2049.1902,317.86606,-317.2757,2042.3529,306.2681,-317.4602,2071.5247,402.86157,-34.50626,2018.1853,296.3839,-19.326271,2011.287,401.63928,-252.609,1990.1665,357.29895,-248.31923,1939.6094,571.66833,78.83586,1839.2786,283.64484,113.15065,1874.3579,770.10815,-333.0107,1582.1411,344.73254,191.26399,1968.9656,802.84595,-1065.3405,1336.5083,420.97168,45.057125,2026.2098,820.48987,-1193.4052,1264.1024,448.62387,12.187912,2015.568,807.2661,-1196.6368,1270.4774,470.93716,-42.662163,1990.6897,800.60693,-1087.9713,1298.2754,469.38318,23.96399,1493.7632,680.439,-33.26299,1428.9009,515.8343,32.7882,1115.8352,760.7798,-186.4975,1109.7378,667.30383,-220.01988,715.8457,846.5344,-129.06546,692.2541,815.93585,-131.60838,661.44586,861.4212,-136.56804,643.27026,834.67194,-137.59982,577.8061,889.9757,-478.42163,557.9448,860.9641,-481.15106
IMG_5298 copy 6.JPG,2035.0295,362.2765,-364.87872,2073.6777,365.0405,-320.84198,2078.7727,376.8505,-320.93073,2082.6333,387.54913,-320.8437,2055.5957,329.63486,-317.3955,2049.1902,317.86606,-317.2757,2042.3529,306.2681,-317.4602,2071.5247,402.86157,-34.50626,2018.1853,296.3839,-19.326271,2011.287,401.63928,-252.609,1990.1665,357.29895,-248.31923,1939.6094,571.66833,78.83586,1839.2786,283.64484,113.15065,1874.3579,770.10815,-333.0107,1582.1411,344.73254,191.26399,1968.9656,802.84595,-1065.3405,1336.5083,420.97168,45.057125,2026.2098,820.48987,-1193.4052,1264.1024,448.62387,12.187912,2015.568,807.2661,-1196.6368,1270.4774,470.93716,-42.662163,1990.6897,800.60693,-1087.9713,1298.2754,469.38318,23.96399,1493.7632,680.439,-33.26299,1428.9009,515.8343,32.7882,1115.8352,760.7798,-186.4975,1109.7378,667.30383,-220.01988,715.8457,846.5344,-129.06546,692.2541,815.93585,-131.60838,661.44586,861.4212,-136.56804,643.27026,834.67194,-137.59982,577.8061,889.9757,-478.42163,557.9448,860.9641,-481.15106
IMG_5298 copy 7.JPG,2035.0295,362.2765,-364.87872,2073.6777,365.0405,-320.84198,2078.7727,376.8505,-320.93073,2082.6333,387.54913,-320.8437,2055.5957,329.63486,-317.3955,2049.1902,317.86606,-317.2757,2042.3529,306.2681,-317.4602,2071.5247,402.86157,-34.50626,2018.1853,296.3839,-19.326271,2011.287,401.63928,-252.609,1990.1665,357.29895,-248.31923,1939.6094,571.66833,78.83586,1839.2786,283.64484,113.15065,1874.3579,770.10815,-333.0107,1582.1411,344.73254,191.26399,1968.9656,802.84595,-1065.3405,1336.5083,420.97168,45.057125,2026.2098,820.48987,-1193.4052,1264.1024,448.62387,12.187912,2015.568,807.2661,-1196.6368,1270.4774,470.93716,-42.662163,1990.6897,800.60693,-1087.9713,1298.2754,469.38318,23.96399,1493.7632,680.439,-33.26299,1428.9009,515.8343,32.7882,1115.8352,760.7798,-186.4975,1109.7378,667.30383,-220.01988,715.8457,846.5344,-129.06546,692.2541,815.93585,-131.60838,661.44586,861.4212,-136.56804,643.27026,834.67194,-137.59982,577.8061,889.9757,-478.42163,557.9448,860.9641,-481.15106
IMG_5298 copy 8.JPG,2035.0295,362.2765,-364.87872,2073.6777,365.0405,-320.84198,2078.7727,376.8505,-320.93073,2082.6333,387.54913,-320.8437,2055.5957,329.63486,-317.3955,2049.1902,317.86606,-317.2757,2042.3529,306.2681,-317.4602,2071.5247,402.86157,-34.50626,2018.1853,296.3839,-19.326271,2011.287,401.63928,-252.609,1990.1665,357.29895,-248.31923,1939.6094,571.66833,78.83586,1839.2786,283.64484,113.15065,1874.3579,770.10815,-333.0107,1582.1411,344.73254,191.26399,1968.9656,802.84595,-1065.3405,1336.5083,420.97168,45.057125,2026.2098,820.48987,-1193.4052,1264.1024,448.62387,12.187912,2015.568,807.2661,-1196.6368,1270.4774,470.93716,-42.662163,1990.6897,800.60693,-1087.9713,1298.2754,469.38318,23.96399,1493.7632,680.439,-33.26299,1428.9009,515.8343,32.7882,1115.8352,760.7798,-186.4975,1109.7378,667.30383,-220.01988,715.8457,846.5344,-129.06546,692.2541,815.93585,-131.60838,661.44586,861.4212,-136.56804,643.27026,834.67194,-137.59982,577.8061,889.9757,-478.42163,557.9448,860.9641,-481.15106
IMG_5298 copy 9.JPG,2035.0295,362.2765,-364.87872,2073.6777,365.0405,-320.84198,2078.7727,376.8505,-320.93073,2082.6333,387.54913,-320.8437,2055.5957,329.63486,-317.3955,2049.1902,317.86606,-317.2757,2042.3529,306.2681,-317.4602,2071.5247,402.86157,-34.50626,2018.1853,296.3839,-19.326271,2011.287,401.63928,-252.609,1990.1665,357.29895,-248.31923,1939.6094,571.66833,78.83586,1839.2786,283.64484,113.15065,1874.3579,770.10815,-333.0107,1582.1411,344.73254,191.26399,1968.9656,802.84595,-1065.3405,1336.5083,420.97168,45.057125,2026.2098,820.48987,-1193.4052,1264.1024,448.62387,12.187912,2015.568,807.2661,-1196.6368,1270.4774,470.93716,-42.662163,1990.6897,800.60693,-1087.9713,1298.2754,469.38318,23.96399,1493.7632,680.439,-33.26299,1428.9009,515.8343,32.7882,1115.8352,760.7798,-186.4975,1109.7378,667.30383,-220.01988,715.8457,846.5344,-129.06546,692.2541,815.93585,-131.60838,661.44586,861.4212,-136.56804,643.27026,834.67194,-137.59982,577.8061,889.9757,-478.42163,557.9448,860.9641,-481.15106
IMG_5298 copy.JPG,2035.0295,362.2765,-364.87872,2073.6777,365.0405,-320.84198,2078.7727,376.8505,-320.93073,2082.6333,387.54913,-320.8437,2055.5957,329.63486,-317.3955,2049.1902,317.86606,-317.2757,2042.3529,306.2681,-317.4602,2071.5247,402.86157,-34.50626,2018.1853,296.3839,-19.326271,2011.287,401.63928,-252.609,1990.1665,357.29895,-248.31923,1939.6094,571.66833,78.83586,1839.2786,283.64484,113.15065,1874.3579,770.10815,-333.0107,1582.1411,344.73254,191.26399,1968.9656,802.84595,-1065.3405,1336.5083,420.97168,45.057125,2026.2098,820.48987,-1193.4052,1264.1024,448.62387,12.187912,2015.568,807.2661,-1196.6368,1270.4774,470.93716,-42.662163,1990.6897,800.60693,-1087.9713,1298.2754,469.38318,23.96399,1493.7632,680.439,-33.26299,1428.9009,515.8343,32.7882,1115.8352,760.7798,-186.4975,1109.7378,667.30383,-220.01988,715.8457,846.5344,-129.06546,692.2541,815.93585,-131.60838,661.44586,861.4212,-136.56804,643.27026,834.67194,-137.59982,577.8061,889.9757,-478.42163,557.9448,860.9641,-481.15106
IMG_5298.JPG,2035.0295,362.2765,-364.87872,2073.6777,365.0405,-320.84198,2078.7727,376.8505,-320.93073,2082.6333,387.54913,-320.8437,2055.5957,329.63486,-317.3955,2049.1902,317.86606,-317.2757,2042.3529,306.2681,-317.4602,2071.5247,402.86157,-34.50626,2018.1853,296.3839,-19.326271,2011.287,401.63928,-252.609,1990.1665,357.29895,-248.31923,1939.6094,571.66833,78.83586,1839.2786,283.64484,113.15065,1874.3579,770.10815,-333.0107,1582.1411,344.73254,191.26399,1968.9656,802.84595,-1065.3405,1336.5083,420.97168,45.057125,2026.2098,820.48987,-1193.4052,1264.1024,448.62387,12.187912,2015.568,807.2661,-1196.6368,1270.4774,470.93716,-42.662163,1990.6897,800.60693,-1087.9713,1298.2754,469.38318,23.96399,1493.7632,680.439,-33.26299,1428.9009,515.8343,32.7882,1115.8352,760.7798,-186.4975,1109.7378,667.30383,-220.01988,715.8457,846.5344,-129.06546,692.2541,815.93585,-131.60838,661.44586,861.4212,-136.56804,643.27026,834.67194,-137.59982,577.8061,889.9757,-478.42163,557.9448,860.9641,-481.15106
IMG_5299.JPG,2393.746,210.33571,117.21855,2422.675,206.5147,189.39888,2426.5747,215.82675,189.26562,2429.3372,223.40298,189.12971,2404.869,173.28128,169.80772,2396.7095,160.268,169.81758,2387.4658,147.71962,169.50931,2410.2192,234.80179,505.13306,2347.7158,129.79053,406.34445,2365.735,247.84981,230.28955,2339.223,203.6891,200.59053,2239.4854,450.8243,574.73517,2134.3428,140.28409,422.60025,2137.9873,708.40265,152.62085,1838.4098,220.1177,532.22327,2374.648,732.01526,-524.2604,1572.3828,339.4697,556.6442,2432.9922,748.2596,-633.4026,1492.5996,376.92963,571.34064,2436.082,730.5066,-618.6092,1505.6514,403.58194,507.79132,2413.9705,718.72833,-539.2289,1529.9039,401.82538,539.54535,1779.4375,646.4275,9.167358,1692.2618,441.61374,-9.333245,1439.4163,760.1753,-391.91046,1372.6875,635.8138,-507.47525,907.6382,949.8384,-611.502,860.67896,905.25934,-702.4151,839.0107,975.9836,-644.96405,797.4297,938.10065,-731.7657,781.48944,1015.9586,-1015.3842,740.79047,974.9971,-1111.4031
IMG_5300.JPG,2687.8193,366.5456,374.41385,2702.816,360.85727,465.56824,2704.5178,368.7975,465.2551,2706.1414,377.14633,465.0252,2687.2358,336.43243,442.98935,2679.0125,329.02356,442.97644,2670.2239,321.75363,442.58307,2676.9385,394.91318,815.00824,2619.1577,313.82895,694.92,2663.7197,410.0888,494.0189,2642.9946,374.31952,457.99185,2498.7212,646.7627,857.27856,2416.7002,315.7471,567.44763,2395.2683,897.52185,335.32062,2191.916,377.1027,143.62097,2654.4849,917.10315,-536.6242,1958.404,533.0767,-449.61163,2727.2173,939.04114,-687.6019,1875.8341,580.57983,-525.757,2742.398,920.8009,-687.6662,1901.0854,613.2597,-563.76715,2715.182,909.1308,-567.4728,1932.1824,609.00684,-474.11343,2155.2666,885.37524,94.69104,2032.7645,669.3266,-94.23172,1871.4148,1025.9929,-755.45996,1807.1609,916.7613,-884.9885,1369.5916,1316.2856,-1213.8544,1326.878,1255.604,-1282.4601,1249.3221,1365.6957,-1276.452,1238.5505,1307.9935,-1329.2399,1222.4419,1510.1492,-1705.44,1258.4849,1438.0277,-1741.501
IMG_5301.JPG,2754.3442,506.455,858.61615,2759.0916,477.82913,973.1613,2758.4475,478.4019,972.8849,2757.4373,478.87772,972.7759,2751.2163,466.88672,912.7482,2744.504,459.45175,912.7918,2737.0364,451.66946,912.5059,2720.9165,465.42862,1379.8768,2690.1594,430.0389,1087.2974,2725.7324,527.4689,997.7115,2718.8057,517.6129,911.92694,2581.2952,675.11005,1433.6705,2540.0737,414.74158,883.8394,2530.5671,923.9375,1199.9818,2394.1228,461.20465,232.15929,2741.3164,1042.0502,691.9714,2321.8762,637.72076,-505.15613,2788.9438,1050.7437,607.81775,2267.955,698.70825,-616.9033,2803.6702,1031.936,519.3587,2322.311,718.24335,-622.69684,2787.0254,1027.3392,639.7049,2344.977,710.83954,-516.52783,2402.9397,943.2723,201.64948,2317.783,822.4089,-202.08488,2350.0803,1155.78,-747.5217,2258.4038,1083.1664,-1287.2993,2205.1597,1588.0137,-1919.0796,2182.9497,1549.2778,-2619.3728,2128.9082,1711.3359,-2064.4866,2108.9421,1654.8954,-2768.5806,2391.7302,1705.99,-2325.6125,2316.4465,1625.3456,-3086.239
IMG_5302.JPG,2024.5278,485.6082,1314.0533,2023.6719,475.32193,1435.4277,2030.99,480.00876,1435.0435,2017.7554,455.2986,1435.1475,2002.359,462.40125,1385.7253,1993.7101,458.411,1385.4587,1985.3348,454.4255,1384.4332,2019.1542,472.0763,1790.7206,1984.7925,466.0801,1561.3981,1992.7217,521.82513,1427.1115,1970.7651,522.25195,1359.1442,2066.5918,666.3082,1665.9298,1910.2642,486.39514,1082.601,2034.0378,831.03485,1194.2416,1884.9459,493.57635,270.97345,2040.8507,1013.83997,776.94147,2008.4166,674.13257,-229.88092,2055.357,1097.521,672.3667,2041.272,747.9533,-305.57074,2039.4343,1092.8813,682.56866,2071.0237,742.5372,-268.82996,2029.673,1063.4237,762.0181,2063.8816,727.38885,-212.80098,2125.1187,1054.5924,235.82104,2009.5784,965.8392,-237.27252,2250.75,1340.2523,-482.34055,2217.0918,1246.8969,-1128.2839,2532.1746,1694.3258,-1634.7828,2484.3586,1656.3195,-2301.73,2542.8848,1813.222,-1790.7244,2481.7383,1778.6744,-2437.803,2804.822,1722.3793,-2138.1587,2704.8262,1654.6263,-2837.936
IMG_5303.JPG,1575.2137,317.9277,1914.9791,1536.7717,301.472,1927.918,1526.4928,307.053,1927.7594,1516.6798,311.90512,1927.5236,1555.5854,282.41858,1868.8987,1557.5371,275.5502,1869.2283,1559.777,267.88672,1868.8207,1488.8824,332.21512,1883.9319,1545.0657,270.71268,1616.0906,1568.8125,351.60486,1902.0923,1584.0779,330.4711,1823.3187,1484.7639,642.1209,1389.5763,1591.0847,285.76907,1131.3302,1582.2195,996.143,1281.5145,1823.4241,391.61197,679.9496,1770.556,913.78546,1373.9396,2126.3994,537.8489,550.0124,1828.6587,913.1957,1344.2091,2223.5544,573.946,552.7885,1850.5682,881.6386,1374.8673,2209.1113,602.53516,593.7668,1838.4253,877.02985,1379.0908,2171.6729,601.9415,574.94714,1919.8096,869.59045,65.190834,2017.8121,671.5669,-66.29371,2500.051,1080.4438,-341.57034,2612.374,949.90985,-534.14294,3196.2195,1360.5712,-977.3638,3290.109,1328.3978,-1172.8673,3292.9487,1392.7642,-1059.369,3382.3936,1365.6127,-1244.7384,3360.1584,1463.2916,-1281.1162,3389.9868,1409.4227,-1529.5956
IMG_5304.JPG,1480.723,318.60434,656.5591,1431.8384,322.22232,542.1477,1419.8334,334.73096,541.7327,1408.2792,347.5497,541.355,1455.9987,292.40744,531.5766,1460.3374,284.33353,532.2928,1463.9941,276.36395,532.25464,1397.5938,383.54648,167.71448,1459.3596,290.3665,129.2886,1484.2091,356.30313,555.75323,1513.7794,324.22116,544.65765,1450.3783,679.8787,28.289267,1607.5894,267.9342,-113.37589,1559.4414,1085.5911,341.71542,1989.2334,375.92563,-94.40455,1661.2527,991.6782,774.6053,2436.9749,496.66415,36.97335,1691.889,983.1984,869.781,2557.8433,535.11804,79.39696,1692.1681,934.9056,831.7457,2553.818,585.1097,115.00289,1688.4407,928.48236,781.72156,2503.9133,583.0259,68.37372,2084.6365,890.20807,66.85004,2182.2637,637.45416,-67.898056,2591.0723,1141.9373,142.35767,2726.6687,891.36816,185.97346,3048.091,1228.1842,-87.52425,3203.359,1080.9816,-55.36671,3095.9084,1244.0955,-117.31561,3256.0618,1122.1849,-70.588615,3212.149,1244.6698,-163.85641,3368.392,1120.6887,-82.53369
IMG_5305.JPG,610.2323,395.72394,1126.2151,557.42053,395.1641,961.3594,547.4698,409.98676,961.2017,537.8332,425.91055,960.6522,582.4032,355.28888,986.2217,589.7061,342.18073,986.90753,597.3592,328.2424,987.0379,546.90985,455.62082,378.20642,619.5021,327.69434,503.11707,631.8152,437.43192,949.7488,660.2807,399.2518,986.00055,701.6483,770.6388,-16.23337,896.12524,276.60657,325.74582,853.60345,1165.2681,347.1087,1334.0593,384.2738,391.38428,871.43585,1065.9347,1017.8611,1755.6117,525.7145,474.15817,863.5844,1039.7604,1098.3857,1862.44,551.2626,519.3281,872.995,1009.19104,1083.8319,1864.0507,584.61096,534.142,886.76587,995.61444,1034.3635,1817.2861,584.80707,493.79364,1465.2218,930.3425,-195.86859,1553.3656,652.6145,196.35776,2107.3494,992.4257,-109.30127,2165.2817,840.3505,287.12192,2760.639,1070.4893,5.9843125,2827.9678,1035.3458,376.37613,2850.987,1087.4106,17.938515,2934.362,1049.5378,384.12485,2807.998,1100.1161,-33.17903,2878.906,1048.512,274.08337
IMG_5780.JPG,2593.9094,864.24084,-319.3925,2620.5215,857.9856,-273.40576,2620.7588,859.70764,-273.48648,2620.8247,861.7423,-273.40067,2620.7246,844.24677,-318.22882,2620.8276,834.62195,-318.1076,2620.3184,823.35925,-318.05872,2615.5623,845.00745,15.566314,2608.5498,776.6363,-188.69571,2565.523,866.2941,-206.42938,2563.1821,847.0854,-265.71945,2505.587,919.8304,68.74741,2447.0786,676.3183,-67.780914,2518.2104,1048.7977,-341.04822,2241.6775,673.2672,-58.82044,2539.2407,1134.8904,-1119.9225,2035.9058,695.09546,-151.4715,2545.8386,1165.3262,-1268.2527,1968.1819,693.97284,-194.66116,2534.341,1152.2864,-1306.2727,1972.552,718.6959,-270.1741,2526.2705,1140.8438,-1161.094,1995.0863,726.34705,-177.90599,2074.7073,932.0618,-3.7056081,2056.5874,785.20984,3.6813571,1752.6964,969.67334,-101.27771,1746.374,869.2193,-96.15964,1433.0498,973.9357,1.4087881,1423.4141,918.57367,62.695686,1392.1648,966.1468,-5.8770676,1380.649,919.77454,58.50069,1341.7266,1003.10345,-332.14566,1334.1438,947.803,-255.75568
IMG_5784.JPG,2397.953,412.1468,403.09247,2411.3303,386.44263,461.22626,2409.3127,386.19562,461.18472,2406.9082,385.76028,461.2259,2408.3118,373.92526,369.5248,2404.45,364.9184,369.5938,2399.7236,354.3169,369.40845,2370.9229,361.63956,738.68787,2359.126,310.90793,308.8299,2359.3667,423.78772,512.4917,2358.6802,408.23953,386.82455,2175.9114,501.00195,838.6407,2139.496,253.28305,137.02203,2119.5764,666.07043,716.23926,1882.8768,315.30276,47.798206,2321.531,757.6463,218.87741,1635.1111,445.60257,69.62609,2378.7048,778.5796,120.472244,1549.7194,475.00626,63.52612,2387.1658,771.4653,84.19545,1559.9426,507.84064,-7.6176643,2364.9429,764.1496,176.59503,1590.0262,508.73938,51.14664,1760.3766,734.06573,197.57896,1690.5809,569.3438,-197.44891,1373.8574,963.7349,-184.99425,1343.105,869.1739,-472.67593,954.5972,1191.6826,-338.91144,935.3955,1140.0577,-557.1267,858.385,1202.7712,-370.9008,838.7925,1163.2152,-581.19916,947.7899,1372.6658,-679.91003,917.028,1307.7871,-920.4535
IMG_5785.JPG,2540.1865,312.13455,523.92883,2553.8513,277.3044,594.75946,2551.981,276.0743,594.63354,2549.767,274.16132,594.60077,2548.6536,264.8387,505.6274,2543.4253,255.41328,505.87735,2537.5996,244.51788,505.7948,2507.198,241.8585,906.31396,2490.3872,200.71315,480.6826,2497.8472,328.9967,644.0039,2494.7168,314.6804,519.0968,2303.0803,410.46625,1002.28723,2282.8909,159.99104,318.602,2180.1934,597.77673,839.89343,2042.1387,229.29346,143.84381,2423.677,694.51965,269.9082,1787.0645,389.95688,27.5776,2484.34,713.28406,162.75328,1687.901,442.9242,16.712776,2500.2898,703.42444,138.08305,1716.784,476.72644,-47.200718,2483.087,697.4569,234.2592,1747.8794,471.50696,9.875951,1915.3813,697.9332,198.17555,1835.4948,531.36487,-197.56056,1572.1655,986.0323,-481.3922,1542.8875,874.49994,-783.2418,1123.2819,1332.3403,-946.284,1110.0474,1277.9053,-1162.8157,1001.1377,1381.9595,-1008.8149,983.5748,1344.082,-1205.9205,1159.6183,1542.0281,-1350.7874,1124.5254,1466.7196,-1537.8497
IMG_5786.JPG,1779.8398,673.76917,1483.7292,1755.6732,666.9451,1454.5753,1748.394,671.5767,1454.6776,1740.218,676.2757,1454.5906,1767.9541,653.4851,1432.9354,1769.4987,648.89606,1433.1802,1770.4426,644.12286,1432.8732,1728.4236,684.8344,1260.772,1771.2101,640.28375,1163.1187,1777.3982,695.8104,1416.1422,1791.3169,678.8902,1386.8215,1714.4807,862.48706,934.1466,1861.5254,628.1203,757.0575,1757.1605,1054.2878,936.6172,1986.764,676.34314,515.5623,1874.674,980.59937,1070.1321,2156.21,806.02875,517.88214,1884.9536,977.23016,1070.0043,2198.435,836.141,541.4141,1901.8584,945.5888,1102.6729,2183.8428,848.111,567.7222,1900.4226,951.0725,1082.8291,2165.2004,846.8567,538.4697,1966.6902,1041.5277,58.94531,2060.873,889.0113,-60.097095,2355.194,1237.3517,-54.404762,2409.1238,1134.9767,-207.74644,2670.652,1446.056,-606.4975,2689.3687,1381.3071,-683.0156,2700.085,1494.0276,-674.9971,2719.2632,1431.8469,-734.13434,2776.817,1453.535,-761.2573,2831.6072,1402.6022,-842.52765
IMG_5787.JPG,1567.774,695.1071,1526.6069,1546.1045,690.0246,1498.3883,1540.1108,694.5513,1498.5754,1533.5453,699.24646,1498.5427,1557.2039,675.8345,1490.6091,1559.2565,670.6262,1490.8376,1561.343,664.98395,1490.5863,1522.8588,712.99347,1272.1833,1564.3031,661.27216,1237.9639,1565.3997,711.6894,1441.2261,1577.6876,696.5253,1430.3785,1514.5083,875.59143,912.8005,1663.1111,625.6889,874.311,1566.7047,1055.7863,982.87573,1818.1759,683.2714,771.075,1673.2915,990.0823,1216.6002,1978.875,803.15564,875.7163,1696.3336,981.2534,1233.5996,2022.027,827.8307,914.23065,1699.6678,966.1417,1261.7223,2013.1105,840.9411,924.7495,1686.5681,963.4261,1232.3627,1995.2705,839.87286,893.6348,1807.195,1005.74963,4.8504696,1892.118,857.46387,-5.5971966,2164.9243,1170.2705,-100.22124,2208.9875,1079.5607,-157.98405,2475.6514,1326.9011,-617.4894,2484.7312,1273.8689,-623.8961,2505.6729,1370.4756,-682.7523,2508.611,1312.8237,-675.60834,2586.0105,1342.6115,-744.33606,2613.859,1300.0665,-776.3212
IMG_5788.JPG,1472.0181,613.6963,1307.6066,1445.579,614.3364,1271.574,1440.1274,619.755,1271.5902,1434.6262,625.7797,1271.3748,1457.2509,596.33563,1267.0663,1459.8157,589.4003,1267.311,1462.1792,582.66,1267.1211,1428.8842,635.2036,1043.5038,1473.4468,573.9753,1024.9048,1474.1165,629.277,1227.6172,1487.2252,605.8726,1221.0623,1437.3479,756.0973,718.93774,1568.0742,527.1307,695.49304,1463.3163,939.9962,714.58014,1701.9574,549.2596,483.74283,1543.7604,914.0379,875.19965,1897.3643,654.1367,472.73462,1555.3213,917.2399,876.8968,1945.5459,674.997,491.42538,1572.119,898.97797,920.4896,1934.4385,689.50116,528.7433,1573.0265,895.56305,893.4397,1916.9001,689.6248,493.05618,1729.3113,874.5196,-1.3458924,1807.5312,736.1881,-0.020484412,2108.522,991.25476,13.697316,2140.14,871.74976,49.485912,2404.073,1084.449,-94.02684,2428.0205,1017.55286,12.565076,2436.5613,1104.317,-108.54372,2440.2305,1047.2146,9.631115,2493.877,1077.605,-162.726,2546.4846,1002.7787,-57.9208
IMG_5789 copy 10.JPG,1495.7354,576.80707,1207.1483,1470.2776,578.43994,1170.2783,1465.659,583.57886,1170.3013,1460.7424,589.2114,1170.1732,1477.8163,563.0843,1161.6266,1478.7098,557.70654,1161.8291,1479.8776,552.3636,1161.5824,1455.1061,601.3633,945.8715,1487.8668,549.2572,911.56805,1496.7642,591.0131,1128.1062,1504.9177,571.731,1116.8564,1462.5577,726.64856,651.62366,1579.5122,500.7951,593.58234,1471.9384,911.704,745.32495,1723.54,527.46796,500.27847,1556.0698,877.5848,973.36584,1910.8243,620.5806,671.5228,1569.3274,869.1391,995.12213,1961.5253,638.5419,726.0464,1580.4977,851.61914,1027.1041,1952.8323,651.9763,750.0095,1582.7039,850.78955,990.50586,1935.4961,653.51184,695.458,1755.3492,833.21106,1.3649017,1824.8262,702.24384,-2.51703,2126.7869,940.287,-56.343246,2148.072,841.77704,-29.728971,2407.967,1035.2416,-383.22446,2423.8335,982.2138,-271.908,2437.112,1061.7457,-419.81747,2444.8303,1018.3973,-291.98672,2520.0305,1033.3099,-482.77588,2554.0618,987.2009,-346.58054
IMG_5789 copy 11.JPG,1495.7354,576.80707,1207.1483,1470.2776,578.43994,1170.2783,1465.659,583.57886,1170.3013,1460.7424,589.2114,1170.1732,1477.8163,563.0843,1161.6266,1478.7098,557.70654,1161.8291,1479.8776,552.3636,1161.5824,1455.1061,601.3633,945.8715,1487.8668,549.2572,911.56805,1496.7642,591.0131,1128.1062,1504.9177,571.731,1116.8564,1462.5577,726.64856,651.62366,1579.5122,500.7951,593.58234,1471.9384,911.704,745.32495,1723.54,527.46796,500.27847,1556.0698,877.5848,973.36584,1910.8243,620.5806,671.5228,1569.3274,869.1391,995.12213,1961.5253,638.5419,726.0464,1580.4977,851.61914,1027.1041,1952.8323,651.9763,750.0095,1582.7039,850.78955,990.50586,1935.4961,653.51184,695.458,1755.3492,833.21106,1.3649017,1824.8262,702.24384,-2.51703,2126.7869,940.287,-56.343246,2148.072,841.77704,-29.728971,2407.967,1035.2416,-383.22446,2423.8335,982.2138,-271.908,2437.112,1061.7457,-419.81747,2444.8303,1018.3973,-291.98672,2520.0305,1033.3099,-482.77588,2554.0618,987.2009,-346.58054
IMG_5789 copy 12.JPG,1495.7354,576.80707,1207.1483,1470.2776,578.43994,1170.2783,1465.659,583.57886,1170.3013,1460.7424,589.2114,1170.1732,1477.8163,563.0843,1161.6266,1478.7098,557.70654,1161.8291,1479.8776,552.3636,1161.5824,1455.1061,601.3633,945.8715,1487.8668,549.2572,911.56805,1496.7642,591.0131,1128.1062,1504.9177,571.731,1116.8564,1462.5577,726.64856,651.62366,1579.5122,500.7951,593.58234,1471.9384,911.704,745.32495,1723.54,527.46796,500.27847,1556.0698,877.5848,973.36584,1910.8243,620.5806,671.5228,1569.3274,869.1391,995.12213,1961.5253,638.5419,726.0464,1580.4977,851.61914,1027.1041,1952.8323,651.9763,750.0095,1582.7039,850.78955,990.50586,1935.4961,653.51184,695.458,1755.3492,833.21106,1.3649017,1824.8262,702.24384,-2.51703,2126.7869,940.287,-56.343246,2148.072,841.77704,-29.728971,2407.967,1035.2416,-383.22446,2423.8335,982.2138,-271.908,2437.112,1061.7457,-419.81747,2444.8303,1018.3973,-291.98672,2520.0305,1033.3099,-482.77588,2554.0618,987.2009,-346.58054
IMG_5789 copy 2.JPG,1495.7354,576.80707,1207.1483,1470.2776,578.43994,1170.2783,1465.659,583.57886,1170.3013,1460.7424,589.2114,1170.1732,1477.8163,563.0843,1161.6266,1478.7098,557.70654,1161.8291,1479.8776,552.3636,1161.5824,1455.1061,601.3633,945.8715,1487.8668,549.2572,911.56805,1496.7642,591.0131,1128.1062,1504.9177,571.731,1116.8564,1462.5577,726.64856,651.62366,1579.5122,500.7951,593.58234,1471.9384,911.704,745.32495,1723.54,527.46796,500.27847,1556.0698,877.5848,973.36584,1910.8243,620.5806,671.5228,1569.3274,869.1391,995.12213,1961.5253,638.5419,726.0464,1580.4977,851.61914,1027.1041,1952.8323,651.9763,750.0095,1582.7039,850.78955,990.50586,1935.4961,653.51184,695.458,1755.3492,833.21106,1.3649017,1824.8262,702.24384,-2.51703,2126.7869,940.287,-56.343246,2148.072,841.77704,-29.728971,2407.967,1035.2416,-383.22446,2423.8335,982.2138,-271.908,2437.112,1061.7457,-419.81747,2444.8303,1018.3973,-291.98672,2520.0305,1033.3099,-482.77588,2554.0618,987.2009,-346.58054
IMG_5789 copy 3.JPG,1495.7354,576.80707,1207.1483,1470.2776,578.43994,1170.2783,1465.659,583.57886,1170.3013,1460.7424,589.2114,1170.1732,1477.8163,563.0843,1161.6266,1478.7098,557.70654,1161.8291,1479.8776,552.3636,1161.5824,1455.1061,601.3633,945.8715,1487.8668,549.2572,911.56805,1496.7642,591.0131,1128.1062,1504.9177,571.731,1116.8564,1462.5577,726.64856,651.62366,1579.5122,500.7951,593.58234,1471.9384,911.704,745.32495,1723.54,527.46796,500.27847,1556.0698,877.5848,973.36584,1910.8243,620.5806,671.5228,1569.3274,869.1391,995.12213,1961.5253,638.5419,726.0464,1580.4977,851.61914,1027.1041,1952.8323,651.9763,750.0095,1582.7039,850.78955,990.50586,1935.4961,653.51184,695.458,1755.3492,833.21106,1.3649017,1824.8262,702.24384,-2.51703,2126.7869,940.287,-56.343246,2148.072,841.77704,-29.728971,2407.967,1035.2416,-383.22446,2423.8335,982.2138,-271.908,2437.112,1061.7457,-419.81747,2444.8303,1018.3973,-291.98672,2520.0305,1033.3099,-482.77588,2554.0618,987.2009,-346.58054
IMG_5789 copy 4.JPG,1495.7354,576.80707,1207.1483,1470.2776,578.43994,1170.2783,1465.659,583.57886,1170.3013,1460.7424,589.2114,1170.1732,1477.8163,563.0843,1161.6266,1478.7098,557.70654,1161.8291,1479.8776,552.3636,1161.5824,1455.1061,601.3633,945.8715,1487.8668,549.2572,911.56805,1496.7642,591.0131,1128.1062,1504.9177,571.731,1116.8564,1462.5577,726.64856,651.62366,1579.5122,500.7951,593.58234,1471.9384,911.704,745.32495,1723.54,527.46796,500.27847,1556.0698,877.5848,973.36584,1910.8243,620.5806,671.5228,1569.3274,869.1391,995.12213,1961.5253,638.5419,726.0464,1580.4977,851.61914,1027.1041,1952.8323,651.9763,750.0095,1582.7039,850.78955,990.50586,1935.4961,653.51184,695.458,1755.3492,833.21106,1.3649017,1824.8262,702.24384,-2.51703,2126.7869,940.287,-56.343246,2148.072,841.77704,-29.728971,2407.967,1035.2416,-383.22446,2423.8335,982.2138,-271.908,2437.112,1061.7457,-419.81747,2444.8303,1018.3973,-291.98672,2520.0305,1033.3099,-482.77588,2554.0618,987.2009,-346.58054
IMG_5789 copy 5.JPG,1495.7354,576.80707,1207.1483,1470.2776,578.43994,1170.2783,1465.659,583.57886,1170.3013,1460.7424,589.2114,1170.1732,1477.8163,563.0843,1161.6266,1478.7098,557.70654,1161.8291,1479.8776,552.3636,1161.5824,1455.1061,601.3633,945.8715,1487.8668,549.2572,911.56805,1496.7642,591.0131,1128.1062,1504.9177,571.731,1116.8564,1462.5577,726.64856,651.62366,1579.5122,500.7951,593.58234,1471.9384,911.704,745.32495,1723.54,527.46796,500.27847,1556.0698,877.5848,973.36584,1910.8243,620.5806,671.5228,1569.3274,869.1391,995.12213,1961.5253,638.5419,726.0464,1580.4977,851.61914,1027.1041,1952.8323,651.9763,750.0095,1582.7039,850.78955,990.50586,1935.4961,653.51184,695.458,1755.3492,833.21106,1.3649017,1824.8262,702.24384,-2.51703,2126.7869,940.287,-56.343246,2148.072,841.77704,-29.728971,2407.967,1035.2416,-383.22446,2423.8335,982.2138,-271.908,2437.112,1061.7457,-419.81747,2444.8303,1018.3973,-291.98672,2520.0305,1033.3099,-482.77588,2554.0618,987.2009,-346.58054
IMG_5789 copy 6.JPG,1495.7354,576.80707,1207.1483,1470.2776,578.43994,1170.2783,1465.659,583.57886,1170.3013,1460.7424,589.2114,1170.1732,1477.8163,563.0843,1161.6266,1478.7098,557.70654,1161.8291,1479.8776,552.3636,1161.5824,1455.1061,601.3633,945.8715,1487.8668,549.2572,911.56805,1496.7642,591.0131,1128.1062,1504.9177,571.731,1116.8564,1462.5577,726.64856,651.62366,1579.5122,500.7951,593.58234,1471.9384,911.704,745.32495,1723.54,527.46796,500.27847,1556.0698,877.5848,973.36584,1910.8243,620.5806,671.5228,1569.3274,869.1391,995.12213,1961.5253,638.5419,726.0464,1580.4977,851.61914,1027.1041,1952.8323,651.9763,750.0095,1582.7039,850.78955,990.50586,1935.4961,653.51184,695.458,1755.3492,833.21106,1.3649017,1824.8262,702.24384,-2.51703,2126.7869,940.287,-56.343246,2148.072,841.77704,-29.728971,2407.967,1035.2416,-383.22446,2423.8335,982.2138,-271.908,2437.112,1061.7457,-419.81747,2444.8303,1018.3973,-291.98672,2520.0305,1033.3099,-482.77588,2554.0618,987.2009,-346.58054
IMG_5789 copy 7.JPG,1495.7354,576.80707,1207.1483,1470.2776,578.43994,1170.2783,1465.659,583.57886,1170.3013,1460.7424,589.2114,1170.1732,1477.8163,563.0843,1161.6266,1478.7098,557.70654,1161.8291,1479.8776,552.3636,1161.5824,1455.1061,601.3633,945.8715,1487.8668,549.2572,911.56805,1496.7642,591.0131,1128.1062,1504.9177,571.731,1116.8564,1462.5577,726.64856,651.62366,1579.5122,500.7951,593.58234,1471.9384,911.704,745.32495,1723.54,527.46796,500.27847,1556.0698,877.5848,973.36584,1910.8243,620.5806,671.5228,1569.3274,869.1391,995.12213,1961.5253,638.5419,726.0464,1580.4977,851.61914,1027.1041,1952.8323,651.9763,750.0095,1582.7039,850.78955,990.50586,1935.4961,653.51184,695.458,1755.3492,833.21106,1.3649017,1824.8262,702.24384,-2.51703,2126.7869,940.287,-56.343246,2148.072,841.77704,-29.728971,2407.967,1035.2416,-383.22446,2423.8335,982.2138,-271.908,2437.112,1061.7457,-419.81747,2444.8303,1018.3973,-291.98672,2520.0305,1033.3099,-482.77588,2554.0618,987.2009,-346.58054
IMG_5789 copy 8.JPG,1495.7354,576.80707,1207.1483,1470.2776,578.43994,1170.2783,1465.659,583.57886,1170.3013,1460.7424,589.2114,1170.1732,1477.8163,563.0843,1161.6266,1478.7098,557.70654,1161.8291,1479.8776,552.3636,1161.5824,1455.1061,601.3633,945.8715,1487.8668,549.2572,911.56805,1496.7642,591.0131,1128.1062,1504.9177,571.731,1116.8564,1462.5577,726.64856,651.62366,1579.5122,500.7951,593.58234,1471.9384,911.704,745.32495,1723.54,527.46796,500.27847,1556.0698,877.5848,973.36584,1910.8243,620.5806,671.5228,1569.3274,869.1391,995.12213,1961.5253,638.5419,726.0464,1580.4977,851.61914,1027.1041,1952.8323,651.9763,750.0095,1582.7039,850.78955,990.50586,1935.4961,653.51184,695.458,1755.3492,833.21106,1.3649017,1824.8262,702.24384,-2.51703,2126.7869,940.287,-56.343246,2148.072,841.77704,-29.728971,2407.967,1035.2416,-383.22446,2423.8335,982.2138,-271.908,2437.112,1061.7457,-419.81747,2444.8303,1018.3973,-291.98672,2520.0305,1033.3099,-482.77588,2554.0618,987.2009,-346.58054
IMG_5789 copy 9.JPG,1495.7354,576.80707,1207.1483,1470.2776,578.43994,1170.2783,1465.659,583.57886,1170.3013,1460.7424,589.2114,1170.1732,1477.8163,563.0843,1161.6266,1478.7098,557.70654,1161.8291,1479.8776,552.3636,1161.5824,1455.1061,601.3633,945.8715,1487.8668,549.2572,911.56805,1496.7642,591.0131,1128.1062,1504.9177,571.731,1116.8564,1462.5577,726.64856,651.62366,1579.5122,500.7951,593.58234,1471.9384,911.704,745.32495,1723.54,527.46796,500.27847,1556.0698,877.5848,973.36584,1910.8243,620.5806,671.5228,1569.3274,869.1391,995.12213,1961.5253,638.5419,726.0464,1580.4977,851.61914,1027.1041,1952.8323,651.9763,750.0095,1582.7039,850.78955,990.50586,1935.4961,653.51184,695.458,1755.3492,833.21106,1.3649017,1824.8262,702.24384,-2.51703,2126.7869,940.287,-56.343246,2148.072,841.77704,-29.728971,2407.967,1035.2416,-383.22446,2423.8335,982.2138,-271.908,2437.112,1061.7457,-419.81747,2444.8303,1018.3973,-291.98672,2520.0305,1033.3099,-482.77588,2554.0618,987.2009,-346.58054
IMG_5789 copy.JPG,1495.7354,576.80707,1207.1483,1470.2776,578.43994,1170.2783,1465.659,583.57886,1170.3013,1460.7424,589.2114,1170.1732,1477.8163,563.0843,1161.6266,1478.7098,557.70654,1161.8291,1479.8776,552.3636,1161.5824,1455.1061,601.3633,945.8715,1487.8668,549.2572,911.56805,1496.7642,591.0131,1128.1062,1504.9177,571.731,1116.8564,1462.5577,726.64856,651.62366,1579.5122,500.7951,593.58234,1471.9384,911.704,745.32495,1723.54,527.46796,500.27847,1556.0698,877.5848,973.36584,1910.8243,620.5806,671.5228,1569.3274,869.1391,995.12213,1961.5253,638.5419,726.0464,1580.4977,851.61914,1027.1041,1952.8323,651.9763,750.0095,1582.7039,850.78955,990.50586,1935.4961,653.51184,695.458,1755.3492,833.21106,1.3649017,1824.8262,702.24384,-2.51703,2126.7869,940.287,-56.343246,2148.072,841.77704,-29.728971,2407.967,1035.2416,-383.22446,2423.8335,982.2138,-271.908,2437.112,1061.7457,-419.81747,2444.8303,1018.3973,-291.98672,2520.0305,1033.3099,-482.77588,2554.0618,987.2009,-346.58054
IMG_5789.JPG,1495.7354,576.80707,1207.1483,1470.2776,578.43994,1170.2783,1465.659,583.57886,1170.3013,1460.7424,589.2114,1170.1732,1477.8163,563.0843,1161.6266,1478.7098,557.70654,1161.8291,1479.8776,552.3636,1161.5824,1455.1061,601.3633,945.8715,1487.8668,549.2572,911.56805,1496.7642,591.0131,1128.1062,1504.9177,571.731,1116.8564,1462.5577,726.64856,651.62366,1579.5122,500.7951,593.58234,1471.9384,911.704,745.32495,1723.54,527.46796,500.27847,1556.0698,877.5848,973.36584,1910.8243,620.5806,671.5228,1569.3274,869.1391,995.12213,1961.5253,638.5419,726.0464,1580.4977,851.61914,1027.1041,1952.8323,651.9763,750.0095,1582.7039,850.78955,990.50586,1935.4961,653.51184,695.458,1755.3492,833.21106,1.3649017,1824.8262,702.24384,-2.51703,2126.7869,940.287,-56.343246,2148.072,841.77704,-29.728971,2407.967,1035.2416,-383.22446,2423.8335,982.2138,-271.908,2437.112,1061.7457,-419.81747,2444.8303,1018.3973,-291.98672,2520.0305,1033.3099,-482.77588,2554.0618,987.2009,-346.58054
IMG_5790.JPG,557.7561,522.76154,1306.3127,509.24484,528.50885,1197.5525,500.92828,539.9089,1197.264,493.86578,551.54663,1196.9418,530.69714,497.54456,1176.5721,535.58704,487.94385,1176.9318,540.9202,478.43704,1176.5922,495.3878,591.2539,795.23987,549.91626,495.53445,719.3778,573.7129,559.0086,1189.2437,590.6393,524.36755,1165.6497,575.27106,868.70416,681.0063,740.6103,481.22076,224.18541,653.3511,1145.9025,1151.7324,1104.9082,601.72125,330.13882,640.96436,1103.484,1803.7607,1512.9624,693.12964,548.42163,613.9115,1116.8734,1916.5857,1632.4727,708.9989,579.46735,619.7524,1074.9009,1871.379,1636.7853,735.36365,584.41473,639.5214,1058.1332,1807.1083,1589.3948,737.43823,570.23206,1347.6436,1101.9843,182.62042,1417.2678,873.25525,-183.95435,2024.4911,1200.2981,-27.737074,2073.0564,1044.8273,-128.52557,2728.4321,1340.4502,-317.2461,2737.513,1260.6809,-382.53778,2849.5269,1414.784,-363.0442,2848.5952,1324.7822,-400.59424,2834.0796,1262.4672,-573.0275,2871.2856,1083.4896,-538.31464
IMG_5791.JPG,686.5193,532.9814,1170.4203,643.01,539.4623,1040.2485,637.19653,551.65784,1039.8535,631.6846,564.03754,1039.5215,661.3848,504.43112,1032.9639,667.75336,492.45874,1033.2814,674.60614,480.0943,1032.8864,643.3511,597.5146,584.06195,698.4347,487.45728,571.4623,710.84033,565.11237,1034.5258,727.0832,527.1623,1030.0316,746.76086,851.6758,485.53177,923.3036,428.89615,91.16711,833.614,1143.4045,977.86145,1309.6621,534.6344,180.78569,813.36536,1135.8394,1623.0673,1733.1404,640.5105,292.06668,783.70557,1138.3201,1718.6432,1860.0106,648.162,298.68994,794.9636,1089.7291,1657.3411,1861.072,678.6033,292.12024,816.2836,1083.5143,1619.5486,1809.3702,685.381,306.04065,1562.694,1053.8867,166.7491,1633.4568,831.64703,-168.01738,2282.2576,1127.1858,-68.40613,2310.6973,986.0893,-60.83779,2972.0813,1227.5018,-387.05734,2979.5505,1175.0044,-361.59778,3087.8909,1293.9294,-434.71033,3102.2732,1239.5585,-387.98676,3052.0427,1077.8094,-626.2701,3081.3662,989.8465,-503.05963
IMG_5792.JPG,603.5351,712.55493,383.12872,554.47125,722.06537,221.94083,550.75037,741.75745,221.73021,547.4366,762.6615,221.36583,571.2409,671.234,263.20712,579.37854,654.7853,263.77167,588.2896,638.2606,263.85773,585.2951,797.46814,-270.17737,639.26465,629.0039,-67.33015,649.6212,759.73016,243.53433,667.0402,701.7532,301.62036,841.10394,1053.5961,-268.6616,986.01135,552.3014,-328.6312,871.0908,1368.9841,267.6247,1506.1655,667.3778,-199.7013,825.5903,1283.786,1124.2225,1945.3436,739.791,-29.267632,776.0688,1267.2041,1239.2356,2070.1306,744.74915,-4.7841473,772.51154,1232.8616,1201.3386,2079.3066,760.84125,-26.547207,796.88776,1223.7733,1140.4626,2028.708,772.15015,-25.02626,1723.2269,1166.642,94.48572,1788.5074,923.32916,-95.64646,2406.2888,1133.6837,311.0131,2436.8408,956.71106,288.59586,2993.8464,1116.8746,489.9989,3027.0776,1048.3169,506.4782,3098.9578,1161.3944,491.63846,3142.5718,1104.2623,528.09973,2960.775,983.3933,387.5948,3057.7275,868.435,491.17337
IMG_5793.JPG,1440.3799,864.31,345.9789,1415.8246,876.4699,287.79785,1413.4537,883.5923,287.7529,1411.4927,890.7779,287.58282,1422.871,861.79846,283.67175,1424.8784,858.67114,283.564,1426.9381,856.352,283.3659,1419.262,904.16705,95.78497,1435.0007,863.909,83.57998,1452.0903,878.78674,292.74866,1460.3428,860.1694,288.44284,1498.5109,1010.7289,46.15318,1598.2412,792.6716,-124.730576,1493.509,1186.1606,27.422934,1790.0125,808.00226,-143.30661,1484.2664,1213.9036,34.707176,1966.8297,848.23895,-61.62178,1460.2511,1212.7096,13.066551,2014.2898,870.29517,-88.007706,1456.4823,1190.7346,13.926837,2016.3938,878.73486,-55.90453,1466.0621,1192.4545,33.24392,1998.9373,876.6013,-45.586887,1815.0757,1093.0975,74.68721,1853.9857,1008.8752,-75.3651,2135.2458,1078.8745,282.16592,2140.077,977.51624,172.08212,2385.7844,1089.2699,527.5811,2391.0237,1041.7952,436.5744,2423.3557,1105.8923,552.7445,2424.502,1064.162,464.8219,2415.7837,1052.0536,474.3812,2429.983,1004.43256,381.3508
IMG_5822.JPG,2541.4111,858.55804,-1185.1833,2589.772,869.149,-1161.4941,2593.8267,880.12067,-1161.5759,2598.2385,890.81116,-1161.5939,2581.356,828.12286,-1170.0187,2579.7468,809.1338,-1169.8558,2578.6792,792.82477,-1169.5715,2597.1902,901.23065,-851.5148,2571.2078,762.01575,-875.1318,2506.5962,878.22845,-1051.4749,2495.1936,833.8827,-1057.4447,2455.188,1018.13116,-640.41486,2366.9004,648.6611,-561.32764,2396.3562,1236.8577,-926.03436,2109.438,642.6253,-445.12357,2299.1057,1317.8352,-1691.2008,1882.8594,664.74286,-674.3578,2248.9521,1368.2203,-1853.5338,1807.3617,670.20966,-745.0962,2229.365,1312.6136,-1904.4716,1814.4025,695.8047,-835.94977,2238.7114,1289.5984,-1725.2803,1835.5045,701.21674,-707.8167,1941.099,955.2168,-31.086405,1935.1046,767.0864,30.691319,1677.1523,915.2487,552.5471,1672.9664,790.1501,594.2055,1441.9701,854.3349,1331.419,1430.4934,779.03894,1385.9729,1430.4475,832.465,1394.9167,1426.3428,775.33386,1449.8217,1300.3015,841.6871,1100.9111,1289.0762,784.8607,1182.6064
IMG_5823.JPG,2649.3367,789.9839,-872.55884,2691.3796,792.02985,-839.375,2693.3848,800.83563,-839.285,2695.3381,809.6547,-839.1497,2686.2334,759.4096,-852.4801,2684.127,743.2139,-852.2134,2680.303,726.8815,-851.79425,2690.1707,812.97644,-555.91345,2663.1458,688.8145,-606.85583,2612.9783,806.23474,-756.2991,2603.8918,766.3974,-768.80896,2565.4553,942.63446,-439.30115,2455.8142,595.8897,-415.4337,2503.0994,1150.3583,-719.57574,2187.2932,603.51245,-387.41177,2446.1072,1228.2078,-1426.6594,1966.1852,639.0854,-540.89154,2411.1123,1276.3337,-1585.7673,1890.9968,645.0763,-602.99054,2385.9368,1228.387,-1615.3574,1901.7858,678.03925,-668.40314,2390.329,1203.271,-1456.9996,1926.2811,687.1109,-566.2948,2026.7128,926.6944,-12.4929695,2001.3612,757.78253,11.605756,1770.0024,898.74585,586.6235,1748.8688,786.95514,606.73083,1513.3016,860.7492,1286.249,1483.536,795.3552,1284.2385,1488.7854,848.9862,1351.0653,1466.0435,791.80664,1343.0486,1397.5679,873.7331,1157.4854,1360.4536,806.37463,1135.6534
IMG_5827.JPG,1951.4254,195.87393,-285.41992,1974.5367,187.86467,-238.84299,1975.6597,193.45258,-238.89214,1976.894,199.01384,-238.78336,1967.5873,165.7058,-263.2449,1962.6516,155.05292,-263.19644,1956.2157,143.92415,-263.2396,1961.9683,198.16628,-7.4130397,1920.7548,119.82204,-124.4609,1923.4873,216.93971,-201.38478,1911.7653,191.44186,-234.33017,1850.6095,337.00146,29.405813,1718.6329,103.97728,-98.95202,1821.1786,470.9777,-287.97662,1509.1343,185.8552,-144.41629,1883.7903,545.46906,-863.70795,1329.818,282.0043,-226.82042,1920.8131,572.1416,-977.90015,1264.75,308.87372,-254.65851,1918.4647,561.0753,-994.7377,1282.0398,330.2166,-301.3414,1899.8502,551.56085,-889.7754,1303.996,330.38388,-242.7132,1469.3885,475.4006,45.513714,1406.0446,343.09604,-45.89886,1187.0817,571.1375,81.13412,1145.0077,471.26312,-214.4348,895.42004,652.0716,260.62973,851.83044,598.21936,-59.565723,841.0404,655.98535,266.91077,798.7935,609.0032,-60.653652,842.86993,721.737,53.581253,807.9642,663.09973,-351.0769
IMG_5828.JPG,2350.2786,611.2819,-234.82532,2371.925,601.6542,-174.0653,2373.2961,605.91595,-174.14024,2374.7642,610.6258,-174.12616,2360.6746,580.84546,-209.19408,2353.808,570.5033,-209.13066,2345.6028,559.48175,-209.1641,2354.3545,615.04004,120.66423,2305.0173,537.7928,-45.772648,2322.1938,635.7497,-127.53928,2307.1033,611.20575,-175.19202,2217.2993,779.8971,240.9654,2103.4275,535.8623,-35.52083,2163.8884,931.8827,-58.28963,1881.504,617.6664,-67.758446,2286.1128,1013.57947,-714.6628,1687.6084,730.6132,-188.4716,2321.6143,1041.1047,-847.6519,1623.2073,761.5167,-224.95947,2329.9805,1025.0868,-865.18994,1644.4557,785.21173,-290.28955,2314.888,1013.7997,-745.39874,1667.3977,784.5012,-210.38113,1842.8322,927.8754,83.39325,1774.229,791.927,-83.76302,1538.8114,1033.9362,-31.055271,1498.1873,942.9255,-239.60449,1204.0557,1149.7698,54.14637,1171.5509,1093.9868,-64.27487,1147.11,1152.5175,46.610302,1111.5206,1104.7562,-65.821495,1157.8986,1244.1522,-224.18193,1135.0632,1179.064,-377.64978
IMG_5829.JPG,2414.5403,533.15356,226.75914,2433.5332,516.60693,295.28622,2433.485,520.04517,295.15604,2433.2075,523.2701,295.12396,2427.3337,498.5339,241.89293,2421.587,487.64664,241.88884,2415.5632,477.342,241.64021,2405.762,517.0672,591.356,2369.3657,448.54367,334.48917,2383.0938,554.2262,335.62634,2373.5828,532.24896,260.94052,2242.1433,684.96906,658.7473,2161.6614,415.607,258.08112,2171.5085,883.6034,372.72617,1906.2035,506.5876,108.65391,2353.3296,983.26886,-277.3287,1689.8378,666.44165,-80.810974,2396.238,1008.0965,-401.1223,1611.9408,704.4291,-102.45717,2410.9204,998.0496,-428.0714,1642.0919,734.1203,-172.13727,2394.4172,989.26276,-314.78235,1670.5107,733.7437,-103.97352,1867.0944,884.3195,110.96146,1786.626,728.1958,-110.95189,1516.7764,1024.3201,-225.641,1501.3584,923.82404,-490.27197,1107.4148,1191.8053,-414.65707,1079.3043,1119.3013,-567.604,1031.2025,1200.6184,-449.48706,1005.0242,1143.0851,-586.6478,1070.5056,1304.3391,-743.79755,999.81915,1267.196,-904.4747
IMG_5832.JPG,1007.24884,387.9204,963.7288,955.2231,394.1922,952.6835,948.5192,401.85663,952.31445,942.6773,409.24234,951.95807,961.699,381.34506,858.85645,959.3715,379.18152,859.18274,958.1084,376.722,858.8136,922.55566,451.86536,905.5604,942.50146,395.72336,505.7692,1015.7379,425.6638,971.85724,1019.1688,406.9096,854.05524,1021.91785,747.0455,971.6615,1061.5587,422.76,-93.90175,1109.8488,1099.3384,1290.8203,1334.164,609.11755,-244.09581,1332.268,944.7193,1581.413,1752.365,716.5462,-177.22891,1386.3716,928.8203,1664.3661,1858.5249,765.21967,-203.80002,1390.8286,907.0698,1596.1998,1862.3191,783.3225,-141.43494,1383.2294,911.9903,1557.3885,1823.2916,771.791,-140.18791,1533.3585,1007.7026,413.46725,1587.1907,860.8905,-414.22476,2125.5713,1247.083,-12.6501875,2141.7722,1112.6772,-617.8286,2694.5696,1501.9762,-389.9866,2709.231,1449.0708,-1030.1058,2773.53,1618.0049,-442.4842,2777.3406,1569.6028,-1056.3564,2898.3948,1317.9022,-612.4302,2957.3242,1263.3821,-1227.1274
IMG_5833.JPG,1048.3439,385.9612,882.5679,981.7667,399.32687,820.1836,975.966,410.37335,819.8707,971.61395,420.4555,819.5577,994.76404,372.7602,723.67566,996.929,365.30045,724.1578,999.1227,357.52972,723.98035,984.8083,468.30954,622.353,1014.9318,377.5316,215.96298,1075.9562,420.16653,843.27924,1090.5327,393.38116,725.3359,1139.2024,753.2313,786.5983,1201.6566,405.61447,-412.78912,1232.2045,1113.7106,1145.0258,1534.618,604.5676,-492.76663,1360.5488,961.6269,1406.2761,2020.9318,702.1383,-339.08377,1447.2905,909.7717,1496.3384,2129.214,751.2254,-376.8496,1448.7194,877.70984,1388.8179,2131.9734,763.0819,-318.03867,1433.7893,894.5621,1366.1067,2095.3298,753.7512,-298.5693,1804.8878,1016.1072,445.50647,1865.4261,862.58905,-445.24133,2401.1223,1176.5187,249.11998,2435.1045,1068.9084,-333.7086,3015.3367,1392.4108,114.42313,3047.1162,1349.6057,-545.6302,3096.5378,1484.6096,78.69461,3132.7104,1449.8638,-571.3589,3158.6316,1207.032,-77.890076,3232.8643,1136.7836,-768.8935
QWIXtADU_-thumbnail.jpg,559.2941,198.8042,-128.27911,568.21497,199.46217,-110.03885,568.82306,202.43471,-110.04762,569.5131,205.06812,-110.01511,565.0456,189.74545,-108.431786,563.8592,186.71866,-108.40743,562.6293,183.5421,-108.36806,565.48114,210.92924,-13.567425,554.8917,178.82477,-6.3435616,550.4101,208.47868,-93.57796,546.87976,195.62779,-91.54341,520.80084,254.63072,0.8903778,493.4558,167.47368,40.29794,528.6005,313.70383,-160.89742,424.82776,150.94159,-6.9939547,546.2186,335.8449,-412.56897,379.44873,180.54912,-123.20238,556.8862,345.61624,-461.4538,366.59116,189.77583,-151.3599,555.1881,338.61484,-469.89832,372.63922,193.92975,-164.58649,550.4318,334.79196,-423.28946,376.8942,192.79343,-130.86107,371.5291,274.52908,-31.419788,358.7934,225.34763,31.360981,265.9821,293.3311,-62.371693,257.25793,263.38004,-9.29392,156.3636,319.86316,-11.711815,154.44861,304.62433,51.100594,144.49545,324.5713,-14.284927,143.25069,312.7596,50.212025,123.9129,322.23416,-138.6712,123.08734,304.79425,-50.854065
SHP_MTM_Glute-Bridge_3x2-1b81b87bee1f4deeb886600a44e5b2f8.jpg,1149.3313,351.16302,-246.46857,1171.5688,351.79877,-226.3301,1175.4541,358.28027,-226.39322,1178.6698,364.0742,-226.41014,1159.5052,330.32626,-219.71896,1155.6633,322.8373,-219.59341,1152.1967,315.90942,-219.5876,1180.669,373.1417,-59.42248,1145.4137,306.76544,-29.88039,1136.8473,373.06274,-178.85117,1121.98,348.855,-170.30365,1101.2751,467.42422,43.240646,1032.3954,284.12985,88.0804,1097.5513,588.3351,-172.7206,895.4661,211.6843,134.95952,1099.7181,641.58124,-665.00397,799.1538,301.05847,57.5149,1121.8663,663.61914,-741.97235,784.3248,330.60773,39.363155,1113.9329,651.3227,-763.98566,804.3044,336.7765,25.157864,1102.6145,644.25226,-682.9258,809.62335,331.39044,55.81822,809.4476,493.88507,-15.933046,777.4492,386.22177,15.643608,561.74475,556.4713,-86.49993,533.352,476.82928,-72.08098,320.03287,579.6954,-24.027796,311.81064,536.1889,10.069665,284.17053,571.44354,-28.535103,281.28326,540.2397,7.0545974,249.35754,619.7762,-259.19916,241.6556,583.85834,-219.98698
Screenshot_20230220_013539.png,296.70004,439.9249,-424.44888,308.66895,440.54297,-431.45224,311.91064,444.51245,-431.45032,315.12842,447.96237,-431.5205,302.68808,430.59613,-427.00766,301.75177,427.3445,-427.00925,301.06412,423.93982,-426.95346,323.92365,454.78052,-378.60327,304.6567,420.30847,-355.82684,295.28366,452.06778,-395.943,287.95883,440.54944,-389.3487,315.70312,501.79352,-289.26886,267.3525,413.11533,-236.06604,321.68048,569.49695,-273.29666,219.50182,422.5795,-94.57242,273.3651,589.54285,-350.40836,177.9092,443.68387,-47.639023,260.54276,599.02344,-379.09442,164.73418,449.4203,-44.679184,255.06905,586.4691,-387.14725,167.62129,452.25757,-69.74568,256.70197,580.241,-353.87164,172.8142,451.96576,-54.269318,202.05534,514.68555,-10.396545,188.21364,470.15057,10.489086,135.10208,526.1178,167.0271,126.32446,499.4506,188.38437,82.868774,531.8353,364.87766,79.92483,518.79956,390.0181,79.83882,531.5084,381.49908,78.728775,520.8913,407.9406,46.886646,533.20135,314.07928,46.6238,526.00745,346.83252
Screenshot_20230220_013700.png,363.07407,402.7053,46.822266,365.1073,399.04193,67.29227,365.32785,399.83304,67.235306,365.54605,400.6407,67.194435,362.58078,395.09467,59.946285,360.8096,392.9258,59.950573,359.0379,390.92978,59.923233,359.66736,400.24567,150.79684,350.1395,386.36255,113.76818,357.5743,408.81622,76.28318,354.6849,403.98248,65.31192,322.80005,446.62708,176.3073,310.28467,385.32675,103.199486,304.788,496.72903,95.39734,266.87286,402.8468,22.426594,348.81808,508.8271,-61.40754,221.22557,425.0468,-105.511925,359.49783,513.1989,-88.86052,207.03404,432.6384,-123.71225,363.20474,510.05988,-93.606155,210.50298,435.67413,-135.66196,359.48145,507.83414,-69.14897,215.54568,434.74957,-112.543045,260.81784,488.26605,23.808176,241.54506,450.05814,-23.662378,204.49373,522.8116,-142.35416,193.4133,492.58545,-201.61636,114.95449,569.20605,-215.99942,110.671646,559.20715,-268.08112,96.75507,571.2689,-227.07954,95.38769,564.42194,-277.10132,104.602905,593.56104,-309.26804,103.92432,587.73096,-367.1342
Screenshot_20230220_013922.png,327.13492,282.0736,-538.2183,343.31058,280.6114,-538.0823,347.63202,283.86115,-538.09125,352.16818,287.15958,-538.1522,333.874,269.56696,-542.9221,331.33624,264.8516,-542.9472,329.33533,260.32437,-542.8742,361.30045,291.74057,-446.33386,330.24728,250.01828,-465.25143,323.6959,292.96594,-495.18753,314.36496,280.90906,-500.43167,343.25732,344.738,-332.99075,279.42255,232.18071,-327.07605,367.07874,428.32175,-326.51633,219.05185,253.26083,-159.1886,312.13025,458.88635,-442.87234,170.52061,275.29813,-97.11269,299.04672,475.62265,-475.39993,155.734,282.1267,-94.51872,290.00836,459.27182,-489.0207,158.16167,285.07233,-127.951515,293.25082,452.88956,-449.83905,163.9927,284.7352,-105.806595,209.33739,358.37158,-6.9061804,192.42595,307.46594,7.070491,135.06752,368.4736,199.11034,125.33573,333.48166,205.6405,99.60458,367.13678,467.10812,82.58514,351.70673,463.31866,99.55883,363.9856,490.13754,85.035385,352.85443,485.30765,52.72633,367.54773,422.15005,39.014786,359.5129,414.2431
Screenshot_20230220_013953.png,333.14334,341.11353,-472.05746,343.75623,343.94003,-479.48056,346.04346,346.87137,-479.4689,348.46826,349.5352,-479.57724,339.73395,333.5058,-479.6993,339.57422,329.54517,-479.76697,339.843,325.6401,-479.75037,356.48468,351.6118,-412.82193,345.72992,317.56982,-411.10495,331.7452,346.69785,-436.79172,328.0912,336.96924,-436.5393,346.23398,385.7094,-311.74036,314.5544,287.24554,-283.6255,353.596,446.06503,-339.77814,259.16714,294.13623,-135.56969,324.34967,463.22546,-475.56863,208.37202,307.8258,-60.93392,310.7785,472.5016,-506.75217,189.40761,310.22998,-55.16576,305.27893,463.16696,-524.7565,191.9956,315.19147,-78.77496,308.11676,458.37106,-483.58887,198.87575,315.76773,-64.73533,233.46541,379.17084,-1.7731354,223.9838,335.4805,1.8189342,155.88126,384.4844,96.91897,146.4545,354.68787,104.48729,96.48794,386.04288,359.10284,86.63543,376.09967,342.11206,92.89708,383.92462,383.20813,83.53224,375.64902,363.56622,66.0982,391.95596,306.06702,52.773106,387.6793,285.10873
Screenshot_20230220_014229.png,387.35153,241.34598,-118.54825,395.83524,240.62666,-104.76186,397.22086,243.0702,-104.78049,398.25653,245.43637,-104.74874,391.53445,232.89485,-104.46042,389.68985,229.97192,-104.430084,387.35132,226.86229,-104.411766,395.2336,248.96823,-31.653572,379.82983,224.57442,-27.137327,381.2811,250.61183,-91.75464,375.61984,239.54445,-90.40425,355.70486,292.6813,-17.025688,320.15314,221.41444,11.899866,347.98355,341.53632,-134.09286,256.85837,230.9983,20.772335,356.37915,358.90155,-332.82068,199.82687,246.51804,-14.042379,366.0942,365.61014,-366.0351,183.96349,251.11588,-23.517841,363.3584,360.904,-371.76318,186.89165,257.20932,-37.663967,358.2446,357.86334,-339.64548,192.68376,257.6021,-19.311502,233.58963,311.3394,-17.953714,217.67805,270.48123,17.788696,146.91074,329.08264,-28.25837,136.16837,303.05063,8.198627,57.015263,348.69333,46.414627,53.66402,335.88275,82.4021,48.356274,350.8147,48.66307,46.313267,340.89206,84.69363,19.952564,355.0394,-48.247715,18.357876,341.66327,3.1263013
Screenshot_20230220_014347.png,362.17017,278.7272,-236.20947,370.79684,274.53397,-225.0519,372.0829,275.3333,-225.06757,373.35977,276.10266,-225.0739,367.0363,269.23254,-225.61974,365.45773,265.96512,-225.60019,363.75134,262.5378,-225.58388,372.20438,273.37177,-142.36055,358.14355,254.17726,-140.85886,356.57446,282.85785,-203.14447,352.29477,277.06964,-202.77585,345.5044,316.6132,-99.92669,299.38593,242.98454,-70.51704,359.6882,359.32794,-227.71179,234.4883,259.8873,-34.37741,369.78186,374.02475,-430.6475,183.6889,278.4901,-46.726498,374.23532,382.9428,-465.12457,167.92052,283.19144,-50.878994,368.68674,376.76553,-467.99408,168.833,286.93182,-69.94243,364.3807,373.1028,-435.98517,174.77441,286.73672,-52.53672,228.05606,334.7958,-15.0162,211.96535,295.7617,14.916152,142.34572,350.46826,-58.01833,133.48412,328.95255,-35.042168,55.78948,371.1581,4.395699,49.23607,359.58652,30.866367,47.531677,372.10394,5.0698404,42.079937,363.4434,31.575552,15.42908,380.41043,-99.12356,10.613055,371.36777,-66.26363
Screenshot_20230220_014420.png,340.79803,283.61636,-175.11458,349.0632,284.78632,-173.19301,350.55066,287.50134,-173.21793,351.93222,289.6384,-173.25374,346.39185,275.81396,-170.28569,346.15903,272.5646,-170.25333,346.05405,269.747,-170.23592,356.18323,291.01138,-106.55288,347.35666,264.7279,-90.41257,337.13382,289.81247,-144.55246,334.38046,279.29556,-140.0636,337.58316,322.54855,-51.72985,309.7397,248.53645,-25.589718,340.94208,369.16458,-161.87274,250.82802,262.13882,10.253371,347.8467,380.71564,-358.28925,201.79852,277.174,-20.299994,356.5982,387.08676,-394.12006,184.99132,280.93137,-29.60573,353.24658,381.3069,-397.9565,186.50247,285.6166,-46.1523,348.67657,378.28525,-364.77826,192.1669,286.24,-26.012293,224.12141,337.24243,-10.791962,210.89305,300.04053,10.749697,133.80646,359.34695,-31.317871,122.24724,335.72595,-9.146814,52.5838,373.01318,13.357985,44.121067,366.48514,26.273432,44.42112,372.4082,14.328675,37.0874,369.75037,25.355898,23.675642,384.51285,-71.75906,12.337108,382.13025,-58.795456
Screenshot_20230220_014711.png,341.86835,312.7177,-112.37883,351.1411,313.79263,-106.89922,352.55286,316.10495,-106.93086,353.92627,318.5109,-106.92203,347.1917,305.1574,-105.44008,346.19055,301.97238,-105.41259,345.43555,299.31564,-105.43085,356.06583,322.29318,-43.511375,344.8914,294.15747,-35.65113,337.754,319.85394,-85.45012,333.71558,310.30432,-83.05361,338.63046,357.5333,-5.5817866,305.7871,284.35187,2.5953076,338.9805,401.6182,-97.465576,246.37152,294.26343,5.2412186,338.7264,416.19135,-268.37552,192.18268,310.22745,-39.359535,341.3706,426.35406,-299.3027,174.70532,314.0083,-48.244183,336.4723,419.56543,-306.20227,177.64406,319.34708,-65.051056,333.601,415.48334,-275.17194,182.45917,319.98062,-45.217678,210.81573,377.3385,-2.029762,199.03905,334.6061,2.0145326,132.80798,391.44064,-58.590836,122.428444,354.5013,-39.808846,54.56476,390.57962,42.827858,45.190773,370.9067,34.072796,45.216347,387.8487,49.50485,36.83954,374.00006,37.40964,27.514528,398.4011,-18.376425,18.315342,379.14923,-38.22518
Side-Plank-Marching.jpg,443.34784,99.72438,-107.576904,452.29416,102.428764,-97.20325,452.98645,104.736374,-97.22249,453.73782,107.20824,-97.22616,449.97354,92.55922,-92.71723,449.17175,88.76043,-92.691025,448.36502,85.87975,-92.68871,452.93124,110.939926,-19.348175,445.65994,82.02158,1.4277425,435.66318,107.07774,-76.76779,432.24957,95.55714,-70.91284,414.5379,140.08003,14.715348,399.88626,66.81999,55.071426,425.3004,194.9837,-109.58435,349.45737,38.28342,70.806564,426.86887,207.27696,-325.44116,303.07483,74.52929,15.672066,435.14014,211.73416,-365.81738,286.7845,80.18225,0.41636577,435.14212,207.50975,-371.85632,290.604,86.80323,-7.950588,431.18533,204.72185,-333.21173,296.16296,86.74304,12.72846,288.20105,149.66699,-12.64583,280.60898,107.36307,12.633418,189.55797,171.22217,-58.351902,182.22183,142.41269,-41.397602,94.483765,185.76291,-24.154251,86.796486,176.5433,-17.452553,82.977806,185.36923,-25.638899,75.04192,180.39955,-20.826277,62.016792,197.66066,-132.09673,56.69969,191.68237,-125.10761
Side-Plank3.jpg,348.20767,80.75588,-80.70263,353.63263,83.07934,-69.4821,353.9438,85.43146,-69.51628,354.231,87.63154,-69.53125,352.22168,75.090034,-71.22501,351.50034,72.12935,-71.224495,350.775,69.64431,-71.243095,350.8648,90.865295,-16.447449,344.43457,66.22372,-24.10562,340.71347,87.3817,-61.709274,339.39825,76.744026,-63.91688,307.9735,123.39626,-5.921141,289.87418,49.92405,-9.630404,292.88342,168.67566,-64.97763,238.03131,57.637146,0.5904062,296.1491,177.67548,-183.76152,193.50407,77.89412,-25.802153,295.74,182.39815,-205.35698,179.00352,83.11369,-34.811623,292.58,174.12405,-209.6092,179.95914,87.300735,-46.711445,291.10986,170.79878,-187.96298,184.6956,87.0151,-30.288916,201.11714,131.05267,-3.2368248,190.37991,92.01407,3.0937972,122.659805,145.99475,-17.87117,113.01713,118.17882,-6.089887,50.130363,155.86745,49.049625,45.856125,135.61598,58.312138,40.7228,156.671,51.73645,36.880634,139.3199,60.974117,30.53198,158.32773,-13.134378,23.638857,139.26503,0.400089
Side-Plank34.jpg,795.5367,408.0227,-177.04854,809.9199,412.2477,-156.2564,811.04114,415.7848,-156.2867,812.15845,419.5259,-156.29054,803.33594,398.2883,-147.94525,799.92554,392.23428,-147.91483,796.6146,387.682,-147.89592,809.7379,428.54297,-31.70041,788.4298,382.14908,6.7114205,785.433,421.8744,-130.73743,777.4717,403.07352,-119.765396,738.6783,492.15918,-0.2565644,711.80396,365.35828,104.045815,733.76996,580.31934,-199.28412,623.32074,325.18158,155.92654,730.5534,615.0261,-574.77734,557.3155,377.38193,102.68131,744.6516,627.77747,-638.7761,538.96173,394.46838,86.94004,743.045,622.6312,-651.519,548.05164,399.46124,72.340355,735.4975,618.1011,-588.13885,554.10474,395.988,97.9043,547.16016,507.93124,-44.29467,527.3567,439.2101,44.22374,390.49646,547.7841,-140.4142,377.57587,502.48975,-9.672444,237.37958,588.75574,-92.035965,234.96384,556.1435,78.09673,214.95206,594.68787,-96.7929,215.8967,568.56964,76.90206,201.31738,597.7145,-274.48886,197.39465,560.0651,-76.55638
Side_Plank_Female-1296x728-Header.jpg,877.2146,395.87045,-245.98787,899.1902,399.13922,-245.63928,903.43585,405.529,-245.68648,907.29694,411.0716,-245.77675,889.24243,378.89005,-231.01428,886.66974,371.93127,-230.95604,884.30646,365.4421,-230.98056,913.2985,421.1472,-139.85738,881.803,359.04654,-70.867065,870.2794,416.76364,-197.41603,859.89197,391.78378,-177.1073,868.77203,498.96436,-78.45459,822.6738,340.46973,18.971436,887.02875,597.6358,-374.0866,798.312,208.95294,5.330548,913.87885,643.0983,-757.4797,795.3912,88.35517,-43.928402,933.5006,654.2555,-810.69495,787.1692,49.004963,-56.582687,931.6732,645.57574,-814.1334,789.34125,46.810318,-85.2088,920.3442,638.34924,-770.31506,788.57495,58.36583,-64.05644,608.8242,553.5044,-35.570747,579.99036,467.9938,35.76578,402.56613,580.8404,-125.96183,379.70724,532.1675,-89.297424,195.16656,606.3876,-130.23859,187.40207,588.90497,-108.760185,163.81825,617.84644,-136.98398,160.40184,602.8561,-118.8466,140.54999,592.9533,-294.49152,129.20471,568.84314,-275.65698
Vicki_Chimenti_Rumble_Boxing_forearmsideplank-3cecd309d1fc4b979810df371e5ecdb7.jpg,869.7628,392.48428,-293.95276,885.32404,383.52026,-263.84116,885.37805,384.18542,-263.8224,885.5077,384.5223,-263.7783,883.7466,374.38565,-284.96066,882.52747,368.4474,-284.87952,881.16284,361.7564,-284.80997,874.8454,367.3019,-100.21525,868.16064,337.89447,-196.91066,851.9625,396.75214,-232.04056,850.25195,383.79868,-260.07788,779.7158,422.4568,-18.348461,758.4462,271.4513,-122.82028,767.04364,502.85852,-114.45393,652.6504,204.54306,-84.69703,787.218,573.0502,-413.72983,571.65466,278.26178,-35.19127,808.78516,595.6876,-461.70404,543.64557,300.08447,-31.87982,810.1924,590.7114,-476.10196,562.85254,311.0833,-35.746212,800.5324,582.8063,-429.05188,571.12366,306.03314,-30.124352,549.19165,428.5274,33.366753,527.1258,350.8542,-33.543613,374.07263,486.85208,29.291557,361.528,435.81134,-21.132822,215.56763,521.0959,153.96176,203.97226,495.3544,128.95633,193.49832,516.10486,157.24829,181.92966,498.70575,134.3965,159.56134,553.01855,-19.41858,149.71802,526.459,-37.877453
beautiful-young-black-woman-standing-in-side-plank-on-yoga-mat-at-home-free-space.jpg,454.20215,231.13536,-148.8852,463.28833,233.71051,-132.88806,464.4058,237.72852,-132.88008,465.1381,240.63466,-132.84317,459.4118,222.74606,-132.10556,457.70496,219.14722,-132.10312,455.87265,215.89604,-132.07603,461.72498,246.29274,-42.09937,449.44662,213.18855,-36.80512,446.4785,241.4618,-115.229996,441.31143,228.51025,-113.62181,426.54764,288.97983,-15.202599,388.33496,200.42915,15.895368,434.06747,351.3218,-146.63394,318.24747,220.79031,24.349236,440.03754,368.78592,-363.58112,253.63078,238.30037,-35.087296,444.4188,373.85098,-405.51324,234.73108,242.75435,-50.644386,440.99722,370.2808,-406.3755,234.11595,247.60133,-70.03925,437.97263,367.84683,-370.8952,241.22694,247.69505,-42.78241,291.33032,315.40536,-27.355652,272.85825,265.832,27.285345,181.41895,339.59827,-42.657513,174.35634,311.28906,6.160027,86.18558,350.18622,37.74521,82.24318,337.13538,81.30377,76.436455,352.02713,40.4846,73.537766,340.92596,83.46805,42.78274,345.83185,-62.14784,41.483852,332.9768,-7.4303427
beginner-side-plank-exercise.jpg,546.3545,85.51405,-646.6926,569.87103,91.05757,-654.9874,572.9933,97.752464,-654.9682,575.83215,103.376945,-655.075,562.62897,68.496346,-652.51917,561.7758,62.139267,-652.5276,561.584,56.78549,-652.355,582.9196,116.872765,-564.3913,564.66187,52.66859,-549.1901,538.33295,104.48126,-599.163,528.42395,80.203865,-595.1835,547.7394,188.25348,-441.11255,493.2244,27.263115,-378.0782,588.0731,313.17334,-407.9948,431.56436,13.691686,-170.53601,537.4179,344.5666,-462.09607,368.4958,83.05746,-86.702034,511.26337,361.6291,-489.1147,346.2799,100.020966,-80.77447,498.129,340.42853,-505.1719,350.8889,107.99967,-110.75248,503.7405,332.6454,-467.6142,358.52478,105.48797,-92.8044,343.33926,213.28932,-41.667946,324.5999,139.91602,41.89072,235.22888,249.37732,234.32294,226.04169,191.74263,323.92462,155.20593,272.85492,543.7732,156.3833,240.48354,650.2534,150.51321,280.9738,566.4882,156.84293,251.2918,677.2535,88.445206,266.74893,440.81958,91.50675,244.27458,590.388
bid-side-plank-1280x720.jpg,1118.9724,283.22308,-212.69316,1142.4637,287.87338,-188.8865,1145.5571,295.05124,-188.91447,1148.0549,300.95148,-188.89023,1131.5428,266.15445,-181.96057,1128.1106,259.05295,-181.91632,1124.6302,251.70312,-181.92076,1143.7234,313.85034,-44.52648,1113.6776,244.78271,-9.217887,1102.9073,307.33374,-157.9528,1089.5245,278.56476,-147.50525,1056.791,412.495,-18.167645,987.1709,222.83368,64.25346,1052.4199,541.03424,-239.6411,852.60626,172.42389,80.62433,1047.7292,574.8328,-624.35254,751.73157,239.17564,-2.604513,1063.0702,587.77313,-689.11523,720.3489,262.62177,-29.88859,1057.2255,575.84595,-708.1013,734.9136,271.99808,-44.466988,1047.7489,569.1979,-639.6373,744.3524,269.10315,-8.441554,711.6193,445.02164,-35.11582,683.9757,331.34467,34.776443,497.69745,499.4067,-52.82531,465.6392,415.64923,17.253628,270.6684,548.3082,32.096466,268.48395,503.78387,120.72092,236.46268,556.50653,28.714426,241.07262,521.52203,119.87894,205.81714,559.24426,-178.4808,200.74341,507.27417,-50.58697
fsm22_sideplank.jpg,284.08594,41.256454,-80.5629,291.5626,40.22306,-77.14936,293.1147,41.889793,-77.16321,294.41876,43.154736,-77.15574,287.1588,33.984146,-76.80007,285.71246,31.792345,-76.77192,284.3294,29.90963,-76.7975,295.48297,45.90043,-33.576656,281.74326,26.088175,-30.051508,280.40897,48.21817,-61.728016,275.23236,41.040672,-60.502483,280.3248,78.30481,-2.7061222,245.90565,15.636408,-6.0521655,273.47556,111.18323,-70.035866,191.09929,26.359493,-3.4065166,278.43845,122.252235,-200.1136,151.5222,46.157448,-31.382555,284.2819,129.63472,-222.6804,137.95389,51.0127,-40.46641,281.50418,124.31114,-227.00246,140.55107,55.689697,-52.15022,278.09744,120.88219,-205.13716,145.04285,55.495605,-35.60049,182.86275,98.540184,-6.0734324,169.86398,61.2141,6.084026,116.571594,111.91898,-37.312855,109.72865,88.13011,-33.286396,40.44343,119.01155,-42.35949,38.929478,108.750175,-30.627756,31.593557,120.10697,-46.010227,32.162052,111.086464,-33.288708,11.361768,122.59091,-106.39505,13.366244,112.78237,-87.32335
maxresdefault.jpg,878.5808,452.17795,-221.7976,897.7577,455.82953,-192.13794,899.61926,461.42874,-192.24667,901.58014,467.57767,-192.24942,891.91565,434.14813,-200.49391,889.5294,425.48135,-200.45587,887.13434,417.77966,-200.45245,898.5243,473.73282,-27.28024,878.6376,406.01648,-63.04203,860.39734,469.63266,-159.64984,850.213,443.52454,-169.24283,829.04205,551.0206,41.709404,747.9745,389.9411,-20.643099,808.9315,661.50287,-170.27094,612.7536,414.38525,-54.353596,812.6019,707.872,-581.961,480.92297,461.3211,-173.9936,812.8014,733.3936,-664.1492,443.8011,469.52795,-211.52026,811.14716,706.8265,-683.2438,445.32608,483.84235,-249.95615,807.8447,692.3712,-603.848,458.41187,484.00943,-188.85306,566.91425,613.6145,3.6745098,535.456,514.2036,-3.6785755,347.45398,658.6416,-74.32507,334.4646,579.92017,-142.15987,139.18579,662.26025,-23.457146,117.646484,629.6689,-103.505875,103.78216,653.0584,-30.149792,82.14481,628.95795,-111.42702,89.45633,701.1149,-223.99773,37.829018,649.1861,-326.02502
poster.jpg,1473.5099,560.5627,-422.59824,1502.2349,555.907,-362.65036,1505.5022,561.783,-362.6153,1508.5554,568.0213,-362.56808,1489.5671,531.04724,-373.9992,1483.4287,519.81415,-373.9078,1477.235,509.69525,-373.80862,1503.4392,572.2275,-49.22635,1456.1083,492.27164,-105.90624,1450.0511,585.14813,-308.08923,1432.503,556.7596,-323.58643,1379.4147,693.9428,91.67338,1288.36,482.89856,27.922886,1362.704,850.70667,-230.65762,1092.6498,388.1843,-23.110052,1386.7523,926.185,-994.6093,1025.8192,555.4603,-269.62167,1419.1477,952.38446,-1137.8624,1009.7177,594.78125,-337.60767,1413.7166,941.2766,-1172.825,1037.1454,605.1478,-341.0843,1398.1995,930.2792,-1030.5383,1046.3806,595.2758,-269.26498,986.4412,797.17474,30.191105,952.3389,674.6482,-30.269938,666.2226,835.967,-39.705933,645.6488,755.8924,-125.71149,383.28558,845.501,299.0979,373.66895,812.3347,168.00145,342.9682,834.94885,318.46082,330.65128,810.3155,180.56264,292.50235,876.83997,23.433867,279.22308,839.9298,-147.85785
side-plank-1549646915.jpg,1481.0444,556.06024,-464.69473,1510.5032,555.7759,-414.7626,1513.4535,562.8303,-414.79968,1517.1924,569.7365,-414.80096,1500.8381,527.5778,-413.13174,1496.689,516.44415,-412.98315,1492.297,506.71375,-412.9233,1510.7224,576.8712,-131.57397,1472.4332,488.4915,-123.587265,1456.0977,578.95605,-359.0132,1444.1517,549.1987,-357.09003,1362.612,678.17694,-19.091486,1316.416,451.40573,79.025826,1358.5096,839.2779,-387.1843,1150.0865,317.4213,193.79773,1390.0042,925.0079,-1146.8805,1030.5022,458.07785,164.56177,1418.3726,950.8256,-1269.2338,1004.5327,497.32642,151.51036,1410.0802,939.90436,-1300.3933,1025.9952,512.988,143.17308,1394.9338,930.36615,-1177.5568,1035.8661,504.7149,168.52603,970.6872,695.91046,-38.483166,941.1728,572.0457,38.014282,669.0331,782.64545,-106.28305,644.2757,696.3664,-40.275368,370.6085,851.12506,85.89632,357.11118,806.408,181.73212,330.329,855.4808,87.74309,318.87445,816.40283,185.0845,277.9664,886.48737,-262.8225,259.3421,838.2063,-148.37366
side-plank.jpg,661.32574,198.69136,-51.008846,675.4357,203.44037,-32.270695,676.99396,207.37404,-32.270927,678.3284,210.26616,-32.258663,671.37787,190.12775,-30.74661,669.84393,184.79167,-30.748667,668.4982,180.63504,-30.82626,676.19806,218.10696,63.230644,662.6904,176.039,67.29462,651.63635,210.81995,-16.317657,646.27094,194.09355,-14.99414,614.5436,263.95245,82.57539,587.1192,157.96066,90.99035,618.42175,325.4491,-10.172125,511.193,107.30886,85.12126,619.6175,375.3667,-218.31233,458.8295,162.23721,22.830093,624.7058,388.7304,-258.27658,443.44366,178.13206,1.0279158,622.89575,385.7124,-275.45163,455.46378,185.48831,-3.8220959,618.695,379.80444,-230.91942,461.07077,182.23674,21.683569,419.71716,287.6713,-9.215336,405.40988,222.95409,8.990817,267.56714,316.5495,-25.79594,254.57982,275.65628,-42.48385,123.13141,343.72653,1.3703419,114.11539,321.50522,-17.265232,104.24048,348.67563,-2.147463,93.54951,331.01187,-20.45542,86.61262,354.44003,-126.2938,72.77373,328.71933,-141.86697
side-plank1.jpg,362.19083,95.03896,-151.28506,369.4547,95.91446,-136.00009,370.69022,98.41355,-136.01106,371.80255,100.61837,-136.01016,366.18237,88.56936,-134.54556,364.91302,85.82869,-134.52528,363.11316,83.027214,-134.4728,370.61038,104.27698,-43.845932,358.25604,81.03418,-36.823025,357.6169,103.045525,-116.98184,352.0068,93.09011,-114.992676,337.71448,141.67812,1.6581637,313.05292,71.22801,26.833815,342.01273,186.821,-108.54037,269.12485,40.211582,-14.044451,350.916,201.73053,-330.42447,244.15036,78.105064,-142.72562,357.33206,208.30571,-373.6483,239.10056,89.25965,-169.65884,357.72302,204.05061,-382.0143,244.92458,92.08992,-173.80484,354.61758,201.14607,-339.8252,247.23483,89.43047,-146.14873,231.13419,154.87791,-17.234804,220.32056,115.136566,17.30706,144.60414,172.82907,-41.653683,139.49933,144.22011,-19.248514,59.006157,191.93604,27.150782,56.916386,174.0458,54.725426,49.751083,194.66689,26.99609,47.466522,179.2077,55.72137,34.257317,194.98624,-94.75815,29.43666,179.7291,-52.36374
side-plank2.jpg,435.89526,155.31291,-339.0838,450.73856,158.78476,-345.73914,453.21436,163.23206,-345.7232,455.85016,166.98145,-345.7991,447.4308,145.79295,-342.43777,447.82486,142.02342,-342.4688,448.5583,138.52809,-342.49677,465.816,174.1924,-282.17706,455.88184,136.81479,-266.31848,431.42792,166.16031,-304.5975,427.58594,153.40585,-300.21573,453.58127,224.063,-191.17705,423.74866,109.44691,-166.87064,442.9181,307.16003,-227.9997,370.8537,68.5002,-90.30391,401.96185,315.41385,-352.15317,324.8355,131.6252,-83.794876,380.89417,321.04706,-380.59344,308.0057,148.14407,-88.0499,374.62103,308.04788,-376.18884,315.10352,153.00789,-91.96286,377.70624,301.23953,-350.79596,321.14688,149.93456,-81.67172,299.78223,250.733,-11.5528345,282.48386,193.45299,11.461992,222.7319,272.91443,141.61421,214.07733,228.07222,156.06245,164.83293,278.71182,333.37036,154.74197,256.2843,334.00568,160.58519,275.97028,350.42587,147.36484,260.9918,350.3647,113.23963,279.02197,277.77698,101.63628,269.6876,286.74567
skimble-workout-trainer-exercise-right-side-plank-dips-2_iphone.jpg,570.4255,361.48596,-219.88562,582.2175,363.8304,-198.6508,583.30444,367.22308,-198.70102,584.0829,369.7363,-198.69704,578.3592,353.04916,-197.07167,577.0246,349.54468,-197.04222,575.3376,346.46265,-196.96678,580.6776,375.4442,-65.90858,568.6386,341.3225,-58.04478,561.7732,371.6814,-170.01299,558.1406,358.0371,-167.8627,523.4722,424.10657,-15.0496435,502.24335,317.4039,31.457357,522.74097,492.79572,-191.75468,424.61716,279.04337,7.1014714,530.81116,514.7377,-530.1963,362.1506,328.60077,-124.322174,536.091,525.36597,-597.43384,343.6289,339.38824,-156.06508,536.9196,517.7693,-612.1786,353.74423,346.49918,-172.13577,533.6907,513.2374,-545.0036,359.74585,344.7774,-131.75783,351.15192,434.47598,-28.864086,336.0669,376.70642,28.924381,223.14285,468.26675,-35.5655,212.30945,426.1362,19.093433,105.57331,494.76382,94.98222,99.9341,475.63565,156.108,90.54129,502.34695,98.45933,82.3127,483.7645,161.01611,77.401566,501.3582,-61.754383,60.40329,476.42938,12.045677
tmp_Teaizk_f8b82d510bd44a7e_POPSUGAR_FITNESS_Workout_10_00177_1_.jpg,1453.5294,554.0665,-288.2501,1477.1143,558.89966,-242.67087,1478.9011,565.6026,-242.75464,1480.5071,572.36255,-242.7717,1473.3745,536.4231,-245.8459,1472.0696,526.8918,-245.7291,1470.293,516.2714,-245.58931,1477.5105,578.0203,5.7408476,1458.2397,499.25363,-13.178435,1430.4651,569.9576,-195.51822,1425.7698,543.03,-200.9394,1370.954,667.2569,58.19159,1308.2076,449.78983,159.96394,1372.3859,812.5353,-190.75165,1136.191,381.43762,136.6916,1346.9672,898.42035,-800.91724,1038.9886,510.7044,-110.00342,1338.2211,918.6406,-922.3259,1009.13873,541.6322,-165.32428,1328.304,904.50854,-960.22473,1037.4751,554.62994,-190.68379,1328.973,894.7915,-831.0821,1046.844,548.76465,-119.51841,1020.7352,720.2676,-76.808075,984.8567,600.807,76.91974,743.08484,792.57947,-217.01765,715.33276,696.70856,-33.28667,459.75226,844.04565,-117.837,458.1333,787.3199,71.66819,420.77148,853.2087,-125.77758,420.07214,803.4428,65.00357,404.9259,842.5513,-409.83908,398.81744,776.0401,-196.9467
