IMG_4716 copy 10.png,1511.9031,1452.379,405.0108,1529.4587,1434.0913,320.6609,1529.1431,1430.8011,320.0851,1528.0826,1427.3912,320.20956,1538.1896,1446.5684,361.7229,1543.8215,1450.9438,360.99542,1549.5144,1454.8381,360.59497,1541.9946,1442.5464,16.635948,1571.8926,1474.0493,199.82312,1499.2178,1466.1742,314.65637,1511.1621,1479.5979,362.64886,1428.4937,1455.8949,-195.87202,1566.68,1725.2883,94.73501,1205.0786,1542.6448,-311.18402,1516.0793,1937.496,96.8091,994.5676,1600.8962,-265.3603,1457.3092,1844.4327,304.00128,932.30695,1624.3025,-259.74396,1438.0884,1823.2557,340.8141,929.5275,1634.087,-263.40472,1438.9076,1793.4733,328.4017,952.411,1629.4609,-256.92975,1444.4357,1808.0582,299.88702,1091.7413,1679.3423,-79.66134,1134.6586,1811.3197,78.74632,798.97797,1776.1136,-68.82692,833.8326,1865.606,30.646238,581.94867,1895.1201,-407.44675,638.7759,1968.1655,-375.0147,576.84924,1919.0822,-441.1006,580.0786,1988.1556,-414.95087,436.94724,1945.2213,-486.66583,482.11682,2015.6871,-474.5765
IMG_4716 copy 11.png,1511.9031,1452.379,405.0108,1529.4587,1434.0913,320.6609,1529.1431,1430.8011,320.0851,1528.0826,1427.3912,320.20956,1538.1896,1446.5684,361.7229,1543.8215,1450.9438,360.99542,1549.5144,1454.8381,360.59497,1541.9946,1442.5464,16.635948,1571.8926,1474.0493,199.82312,1499.2178,1466.1742,314.65637,1511.1621,1479.5979,362.64886,1428.4937,1455.8949,-195.87202,1566.68,1725.2883,94.73501,1205.0786,1542.6448,-311.18402,1516.0793,1937.496,96.8091,994.5676,1600.8962,-265.3603,1457.3092,1844.4327,304.00128,932.30695,1624.3025,-259.74396,1438.0884,1823.2557,340.8141,929.5275,1634.087,-263.40472,1438.9076,1793.4733,328.4017,952.411,1629.4609,-256.92975,1444.4357,1808.0582,299.88702,1091.7413,1679.3423,-79.66134,1134.6586,1811.3197,78.74632,798.97797,1776.1136,-68.82692,833.8326,1865.606,30.646238,581.94867,1895.1201,-407.44675,638.7759,1968.1655,-375.0147,576.84924,1919.0822,-441.1006,580.0786,1988.1556,-414.95087,436.94724,1945.2213,-486.66583,482.11682,2015.6871,-474.5765
IMG_4716 copy 12.png,1511.9031,1452.379,405.0108,1529.4587,1434.0913,320.6609,1529.1431,1430.8011,320.0851,1528.0826,1427.3912,320.20956,1538.1896,1446.5684,361.7229,1543.8215,1450.9438,360.99542,1549.5144,1454.8381,360.59497,1541.9946,1442.5464,16.635948,1571.8926,1474.0493,199.82312,1499.2178,1466.1742,314.65637,1511.1621,1479.5979,362.64886,1428.4937,1455.8949,-195.87202,1566.68,1725.2883,94.73501,1205.0786,1542.6448,-311.18402,1516.0793,1937.496,96.8091,994.5676,1600.8962,-265.3603,1457.3092,1844.4327,304.00128,932.30695,1624.3025,-259.74396,1438.0884,1823.2557,340.8141,929.5275,1634.087,-263.40472,1438.9076,1793.4733,328.4017,952.411,1629.4609,-256.92975,1444.4357,1808.0582,299.88702,1091.7413,1679.3423,-79.66134,1134.6586,1811.3197,78.74632,798.97797,1776.1136,-68.82692,833.8326,1865.606,30.646238,581.94867,1895.1201,-407.44675,638.7759,1968.1655,-375.0147,576.84924,1919.0822,-441.1006,580.0786,1988.1556,-414.95087,436.94724,1945.2213,-486.66583,482.11682,2015.6871,-474.5765
IMG_4716 copy 2.png,1511.9031,1452.379,405.0108,1529.4587,1434.0913,320.6609,1529.1431,1430.8011,320.0851,1528.0826,1427.3912,320.20956,1538.1896,1446.5684,361.7229,1543.8215,1450.9438,360.99542,1549.5144,1454.8381,360.59497,1541.9946,1442.5464,16.635948,1571.8926,1474.0493,199.82312,1499.2178,1466.1742,314.65637,1511.1621,1479.5979,362.64886,1428.4937,1455.8949,-195.87202,1566.68,1725.2883,94.73501,1205.0786,1542.6448,-311.18402,1516.0793,1937.496,96.8091,994.5676,1600.8962,-265.3603,1457.3092,1844.4327,304.00128,932.30695,1624.3025,-259.74396,1438.0884,1823.2557,340.8141,929.5275,1634.087,-263.40472,1438.9076,1793.4733,328.4017,952.411,1629.4609,-256.92975,1444.4357,1808.0582,299.88702,1091.7413,1679.3423,-79.66134,1134.6586,1811.3197,78.74632,798.97797,1776.1136,-68.82692,833.8326,1865.606,30.646238,581.94867,1895.1201,-407.44675,638.7759,1968.1655,-375.0147,576.84924,1919.0822,-441.1006,580.0786,1988.1556,-414.95087,436.94724,1945.2213,-486.66583,482.11682,2015.6871,-474.5765
IMG_4716 copy 3.png,1511.9031,1452.379,405.0108,1529.4587,1434.0913,320.6609,1529.1431,1430.8011,320.0851,1528.0826,1427.3912,320.20956,1538.1896,1446.5684,361.7229,1543.8215,1450.9438,360.99542,1549.5144,1454.8381,360.59497,1541.9946,1442.5464,16.635948,1571.8926,1474.0493,199.82312,1499.2178,1466.1742,314.65637,1511.1621,1479.5979,362.64886,1428.4937,1455.8949,-195.87202,1566.68,1725.2883,94.73501,1205.0786,1542.6448,-311.18402,1516.0793,1937.496,96.8091,994.5676,1600.8962,-265.3603,1457.3092,1844.4327,304.00128,932.30695,1624.3025,-259.74396,1438.0884,1823.2557,340.8141,929.5275,1634.087,-263.40472,1438.9076,1793.4733,328.4017,952.411,1629.4609,-256.92975,1444.4357,1808.0582,299.88702,1091.7413,1679.3423,-79.66134,1134.6586,1811.3197,78.74632,798.97797,1776.1136,-68.82692,833.8326,1865.606,30.646238,581.94867,1895.1201,-407.44675,638.7759,1968.1655,-375.0147,576.84924,1919.0822,-441.1006,580.0786,1988.1556,-414.95087,436.94724,1945.2213,-486.66583,482.11682,2015.6871,-474.5765
IMG_4716 copy 4.png,1511.9031,1452.379,405.0108,1529.4587,1434.0913,320.6609,1529.1431,1430.8011,320.0851,1528.0826,1427.3912,320.20956,1538.1896,1446.5684,361.7229,1543.8215,1450.9438,360.99542,1549.5144,1454.8381,360.59497,1541.9946,1442.5464,16.635948,1571.8926,1474.0493,199.82312,1499.2178,1466.1742,314.65637,1511.1621,1479.5979,362.64886,1428.4937,1455.8949,-195.87202,1566.68,1725.2883,94.73501,1205.0786,1542.6448,-311.18402,1516.0793,1937.496,96.8091,994.5676,1600.8962,-265.3603,1457.3092,1844.4327,304.00128,932.30695,1624.3025,-259.74396,1438.0884,1823.2557,340.8141,929.5275,1634.087,-263.40472,1438.9076,1793.4733,328.4017,952.411,1629.4609,-256.92975,1444.4357,1808.0582,299.88702,1091.7413,1679.3423,-79.66134,1134.6586,1811.3197,78.74632,798.97797,1776.1136,-68.82692,833.8326,1865.606,30.646238,581.94867,1895.1201,-407.44675,638.7759,1968.1655,-375.0147,576.84924,1919.0822,-441.1006,580.0786,1988.1556,-414.95087,436.94724,1945.2213,-486.66583,482.11682,2015.6871,-474.5765
IMG_4716 copy 5.png,1511.9031,1452.379,405.0108,1529.4587,1434.0913,320.6609,1529.1431,1430.8011,320.0851,1528.0826,1427.3912,320.20956,1538.1896,1446.5684,361.7229,1543.8215,1450.9438,360.99542,1549.5144,1454.8381,360.59497,1541.9946,1442.5464,16.635948,1571.8926,1474.0493,199.82312,1499.2178,1466.1742,314.65637,1511.1621,1479.5979,362.64886,1428.4937,1455.8949,-195.87202,1566.68,1725.2883,94.73501,1205.0786,1542.6448,-311.18402,1516.0793,1937.496,96.8091,994.5676,1600.8962,-265.3603,1457.3092,1844.4327,304.00128,932.30695,1624.3025,-259.74396,1438.0884,1823.2557,340.8141,929.5275,1634.087,-263.40472,1438.9076,1793.4733,328.4017,952.411,1629.4609,-256.92975,1444.4357,1808.0582,299.88702,1091.7413,1679.3423,-79.66134,1134.6586,1811.3197,78.74632,798.97797,1776.1136,-68.82692,833.8326,1865.606,30.646238,581.94867,1895.1201,-407.44675,638.7759,1968.1655,-375.0147,576.84924,1919.0822,-441.1006,580.0786,1988.1556,-414.95087,436.94724,1945.2213,-486.66583,482.11682,2015.6871,-474.5765
IMG_4716 copy 6.png,1511.9031,1452.379,405.0108,1529.4587,1434.0913,320.6609,1529.1431,1430.8011,320.0851,1528.0826,1427.3912,320.20956,1538.1896,1446.5684,361.7229,1543.8215,1450.9438,360.99542,1549.5144,1454.8381,360.59497,1541.9946,1442.5464,16.635948,1571.8926,1474.0493,199.82312,1499.2178,1466.1742,314.65637,1511.1621,1479.5979,362.64886,1428.4937,1455.8949,-195.87202,1566.68,1725.2883,94.73501,1205.0786,1542.6448,-311.18402,1516.0793,1937.496,96.8091,994.5676,1600.8962,-265.3603,1457.3092,1844.4327,304.00128,932.30695,1624.3025,-259.74396,1438.0884,1823.2557,340.8141,929.5275,1634.087,-263.40472,1438.9076,1793.4733,328.4017,952.411,1629.4609,-256.92975,1444.4357,1808.0582,299.88702,1091.7413,1679.3423,-79.66134,1134.6586,1811.3197,78.74632,798.97797,1776.1136,-68.82692,833.8326,1865.606,30.646238,581.94867,1895.1201,-407.44675,638.7759,1968.1655,-375.0147,576.84924,1919.0822,-441.1006,580.0786,1988.1556,-414.95087,436.94724,1945.2213,-486.66583,482.11682,2015.6871,-474.5765
IMG_4716 copy 7.png,1511.9031,1452.379,405.0108,1529.4587,1434.0913,320.6609,1529.1431,1430.8011,320.0851,1528.0826,1427.3912,320.20956,1538.1896,1446.5684,361.7229,1543.8215,1450.9438,360.99542,1549.5144,1454.8381,360.59497,1541.9946,1442.5464,16.635948,1571.8926,1474.0493,199.82312,1499.2178,1466.1742,314.65637,1511.1621,1479.5979,362.64886,1428.4937,1455.8949,-195.87202,1566.68,1725.2883,94.73501,1205.0786,1542.6448,-311.18402,1516.0793,1937.496,96.8091,994.5676,1600.8962,-265.3603,1457.3092,1844.4327,304.00128,932.30695,1624.3025,-259.74396,1438.0884,1823.2557,340.8141,929.5275,1634.087,-263.40472,1438.9076,1793.4733,328.4017,952.411,1629.4609,-256.92975,1444.4357,1808.0582,299.88702,1091.7413,1679.3423,-79.66134,1134.6586,1811.3197,78.74632,798.97797,1776.1136,-68.82692,833.8326,1865.606,30.646238,581.94867,1895.1201,-407.44675,638.7759,1968.1655,-375.0147,576.84924,1919.0822,-441.1006,580.0786,1988.1556,-414.95087,436.94724,1945.2213,-486.66583,482.11682,2015.6871,-474.5765
IMG_4716 copy 8.png,1511.9031,1452.379,405.0108,1529.4587,1434.0913,320.6609,1529.1431,1430.8011,320.0851,1528.0826,1427.3912,320.20956,1538.1896,1446.5684,361.7229,1543.8215,1450.9438,360.99542,1549.5144,1454.8381,360.59497,1541.9946,1442.5464,16.635948,1571.8926,1474.0493,199.82312,1499.2178,1466.1742,314.65637,1511.1621,1479.5979,362.64886,1428.4937,1455.8949,-195.87202,1566.68,1725.2883,94.73501,1205.0786,1542.6448,-311.18402,1516.0793,1937.496,96.8091,994.5676,1600.8962,-265.3603,1457.3092,1844.4327,304.00128,932.30695,1624.3025,-259.74396,1438.0884,1823.2557,340.8141,929.5275,1634.087,-263.40472,1438.9076,1793.4733,328.4017,952.411,1629.4609,-256.92975,1444.4357,1808.0582,299.88702,1091.7413,1679.3423,-79.66134,1134.6586,1811.3197,78.74632,798.97797,1776.1136,-68.82692,833.8326,1865.606,30.646238,581.94867,1895.1201,-407.44675,638.7759,1968.1655,-375.0147,576.84924,1919.0822,-441.1006,580.0786,1988.1556,-414.95087,436.94724,1945.2213,-486.66583,482.11682,2015.6871,-474.5765
IMG_4716 copy 9.png,1511.9031,1452.379,405.0108,1529.4587,1434.0913,320.6609,1529.1431,1430.8011,320.0851,1528.0826,1427.3912,320.20956,1538.1896,1446.5684,361.7229,1543.8215,1450.9438,360.99542,1549.5144,1454.8381,360.59497,1541.9946,1442.5464,16.635948,1571.8926,1474.0493,199.82312,1499.2178,1466.1742,314.65637,1511.1621,1479.5979,362.64886,1428.4937,1455.8949,-195.87202,1566.68,1725.2883,94.73501,1205.0786,1542.6448,-311.18402,1516.0793,1937.496,96.8091,994.5676,1600.8962,-265.3603,1457.3092,1844.4327,304.00128,932.30695,1624.3025,-259.74396,1438.0884,1823.2557,340.8141,929.5275,1634.087,-263.40472,1438.9076,1793.4733,328.4017,952.411,1629.4609,-256.92975,1444.4357,1808.0582,299.88702,1091.7413,1679.3423,-79.66134,1134.6586,1811.3197,78.74632,798.97797,1776.1136,-68.82692,833.8326,1865.606,30.646238,581.94867,1895.1201,-407.44675,638.7759,1968.1655,-375.0147,576.84924,1919.0822,-441.1006,580.0786,1988.1556,-414.95087,436.94724,1945.2213,-486.66583,482.11682,2015.6871,-474.5765
IMG_4716 copy.png,1511.9031,1452.379,405.0108,1529.4587,1434.0913,320.6609,1529.1431,1430.8011,320.0851,1528.0826,1427.3912,320.20956,1538.1896,1446.5684,361.7229,1543.8215,1450.9438,360.99542,1549.5144,1454.8381,360.59497,1541.9946,1442.5464,16.635948,1571.8926,1474.0493,199.82312,1499.2178,1466.1742,314.65637,1511.1621,1479.5979,362.64886,1428.4937,1455.8949,-195.87202,1566.68,1725.2883,94.73501,1205.0786,1542.6448,-311.18402,1516.0793,1937.496,96.8091,994.5676,1600.8962,-265.3603,1457.3092,1844.4327,304.00128,932.30695,1624.3025,-259.74396,1438.0884,1823.2557,340.8141,929.5275,1634.087,-263.40472,1438.9076,1793.4733,328.4017,952.411,1629.4609,-256.92975,1444.4357,1808.0582,299.88702,1091.7413,1679.3423,-79.66134,1134.6586,1811.3197,78.74632,798.97797,1776.1136,-68.82692,833.8326,1865.606,30.646238,581.94867,1895.1201,-407.44675,638.7759,1968.1655,-375.0147,576.84924,1919.0822,-441.1006,580.0786,1988.1556,-414.95087,436.94724,1945.2213,-486.66583,482.11682,2015.6871,-474.5765
IMG_4716.png,1511.9031,1452.379,405.0108,1529.4587,1434.0913,320.6609,1529.1431,1430.8011,320.0851,1528.0826,1427.3912,320.20956,1538.1896,1446.5684,361.7229,1543.8215,1450.9438,360.99542,1549.5144,1454.8381,360.59497,1541.9946,1442.5464,16.635948,1571.8926,1474.0493,199.82312,1499.2178,1466.1742,314.65637,1511.1621,1479.5979,362.64886,1428.4937,1455.8949,-195.87202,1566.68,1725.2883,94.73501,1205.0786,1542.6448,-311.18402,1516.0793,1937.496,96.8091,994.5676,1600.8962,-265.3603,1457.3092,1844.4327,304.00128,932.30695,1624.3025,-259.74396,1438.0884,1823.2557,340.8141,929.5275,1634.087,-263.40472,1438.9076,1793.4733,328.4017,952.411,1629.4609,-256.92975,1444.4357,1808.0582,299.88702,1091.7413,1679.3423,-79.66134,1134.6586,1811.3197,78.74632,798.97797,1776.1136,-68.82692,833.8326,1865.606,30.646238,581.94867,1895.1201,-407.44675,638.7759,1968.1655,-375.0147,576.84924,1919.0822,-441.1006,580.0786,1988.1556,-414.95087,436.94724,1945.2213,-486.66583,482.11682,2015.6871,-474.5765
IMG_4717 copy 10.JPG,1473.1935,842.4837,725.70294,1503.5592,805.8664,608.5724,1503.2822,800.822,607.78876,1501.913,796.24994,607.8032,1521.6031,821.18463,706.2874,1533.6895,826.4722,704.9421,1546.0734,832.0867,704.3842,1517.4863,811.822,232.56956,1591.2155,863.8216,665.74805,1456.9154,867.92255,616.59595,1474.7372,888.4018,732.23755,1342.152,880.1763,-131.0149,1641.6086,1202.8695,607.8289,960.46173,1115.1779,-208.45616,1603.4187,1567.0067,730.3515,776.62244,1277.9303,218.86037,1432.6195,1390.0267,1072.9619,714.15753,1332.4688,310.08377,1396.0409,1361.6119,1175.9003,730.7925,1351.6163,313.33456,1392.5007,1332.887,1153.3015,761.16724,1333.6564,247.78787,1406.8556,1342.8469,1063.9808,882.01025,1413.487,-231.53786,1015.7353,1610.0568,229.30035,307.92,1685.1765,-407.58566,609.9319,1813.2491,120.97461,598.70624,2032.254,-1324.4165,589.4872,2088.2402,-1164.185,732.43256,2055.8674,-1399.014,595.762,2161.3616,-1290.6766,483.377,2396.1912,-1253.3213,483.96466,2409.3545,-1296.1653
IMG_4717 copy 11.JPG,1473.1935,842.4837,725.70294,1503.5592,805.8664,608.5724,1503.2822,800.822,607.78876,1501.913,796.24994,607.8032,1521.6031,821.18463,706.2874,1533.6895,826.4722,704.9421,1546.0734,832.0867,704.3842,1517.4863,811.822,232.56956,1591.2155,863.8216,665.74805,1456.9154,867.92255,616.59595,1474.7372,888.4018,732.23755,1342.152,880.1763,-131.0149,1641.6086,1202.8695,607.8289,960.46173,1115.1779,-208.45616,1603.4187,1567.0067,730.3515,776.62244,1277.9303,218.86037,1432.6195,1390.0267,1072.9619,714.15753,1332.4688,310.08377,1396.0409,1361.6119,1175.9003,730.7925,1351.6163,313.33456,1392.5007,1332.887,1153.3015,761.16724,1333.6564,247.78787,1406.8556,1342.8469,1063.9808,882.01025,1413.487,-231.53786,1015.7353,1610.0568,229.30035,307.92,1685.1765,-407.58566,609.9319,1813.2491,120.97461,598.70624,2032.254,-1324.4165,589.4872,2088.2402,-1164.185,732.43256,2055.8674,-1399.014,595.762,2161.3616,-1290.6766,483.377,2396.1912,-1253.3213,483.96466,2409.3545,-1296.1653
IMG_4717 copy 12.JPG,1473.1935,842.4837,725.70294,1503.5592,805.8664,608.5724,1503.2822,800.822,607.78876,1501.913,796.24994,607.8032,1521.6031,821.18463,706.2874,1533.6895,826.4722,704.9421,1546.0734,832.0867,704.3842,1517.4863,811.822,232.56956,1591.2155,863.8216,665.74805,1456.9154,867.92255,616.59595,1474.7372,888.4018,732.23755,1342.152,880.1763,-131.0149,1641.6086,1202.8695,607.8289,960.46173,1115.1779,-208.45616,1603.4187,1567.0067,730.3515,776.62244,1277.9303,218.86037,1432.6195,1390.0267,1072.9619,714.15753,1332.4688,310.08377,1396.0409,1361.6119,1175.9003,730.7925,1351.6163,313.33456,1392.5007,1332.887,1153.3015,761.16724,1333.6564,247.78787,1406.8556,1342.8469,1063.9808,882.01025,1413.487,-231.53786,1015.7353,1610.0568,229.30035,307.92,1685.1765,-407.58566,609.9319,1813.2491,120.97461,598.70624,2032.254,-1324.4165,589.4872,2088.2402,-1164.185,732.43256,2055.8674,-1399.014,595.762,2161.3616,-1290.6766,483.377,2396.1912,-1253.3213,483.96466,2409.3545,-1296.1653
IMG_4717 copy 13.JPG,1473.1935,842.4837,725.70294,1503.5592,805.8664,608.5724,1503.2822,800.822,607.78876,1501.913,796.24994,607.8032,1521.6031,821.18463,706.2874,1533.6895,826.4722,704.9421,1546.0734,832.0867,704.3842,1517.4863,811.822,232.56956,1591.2155,863.8216,665.74805,1456.9154,867.92255,616.59595,1474.7372,888.4018,732.23755,1342.152,880.1763,-131.0149,1641.6086,1202.8695,607.8289,960.46173,1115.1779,-208.45616,1603.4187,1567.0067,730.3515,776.62244,1277.9303,218.86037,1432.6195,1390.0267,1072.9619,714.15753,1332.4688,310.08377,1396.0409,1361.6119,1175.9003,730.7925,1351.6163,313.33456,1392.5007,1332.887,1153.3015,761.16724,1333.6564,247.78787,1406.8556,1342.8469,1063.9808,882.01025,1413.487,-231.53786,1015.7353,1610.0568,229.30035,307.92,1685.1765,-407.58566,609.9319,1813.2491,120.97461,598.70624,2032.254,-1324.4165,589.4872,2088.2402,-1164.185,732.43256,2055.8674,-1399.014,595.762,2161.3616,-1290.6766,483.377,2396.1912,-1253.3213,483.96466,2409.3545,-1296.1653
IMG_4717 copy 14.JPG,1473.1935,842.4837,725.70294,1503.5592,805.8664,608.5724,1503.2822,800.822,607.78876,1501.913,796.24994,607.8032,1521.6031,821.18463,706.2874,1533.6895,826.4722,704.9421,1546.0734,832.0867,704.3842,1517.4863,811.822,232.56956,1591.2155,863.8216,665.74805,1456.9154,867.92255,616.59595,1474.7372,888.4018,732.23755,1342.152,880.1763,-131.0149,1641.6086,1202.8695,607.8289,960.46173,1115.1779,-208.45616,1603.4187,1567.0067,730.3515,776.62244,1277.9303,218.86037,1432.6195,1390.0267,1072.9619,714.15753,1332.4688,310.08377,1396.0409,1361.6119,1175.9003,730.7925,1351.6163,313.33456,1392.5007,1332.887,1153.3015,761.16724,1333.6564,247.78787,1406.8556,1342.8469,1063.9808,882.01025,1413.487,-231.53786,1015.7353,1610.0568,229.30035,307.92,1685.1765,-407.58566,609.9319,1813.2491,120.97461,598.70624,2032.254,-1324.4165,589.4872,2088.2402,-1164.185,732.43256,2055.8674,-1399.014,595.762,2161.3616,-1290.6766,483.377,2396.1912,-1253.3213,483.96466,2409.3545,-1296.1653
IMG_4717 copy 15.JPG,1473.1935,842.4837,725.70294,1503.5592,805.8664,608.5724,1503.2822,800.822,607.78876,1501.913,796.24994,607.8032,1521.6031,821.18463,706.2874,1533.6895,826.4722,704.9421,1546.0734,832.0867,704.3842,1517.4863,811.822,232.56956,1591.2155,863.8216,665.74805,1456.9154,867.92255,616.59595,1474.7372,888.4018,732.23755,1342.152,880.1763,-131.0149,1641.6086,1202.8695,607.8289,960.46173,1115.1779,-208.45616,1603.4187,1567.0067,730.3515,776.62244,1277.9303,218.86037,1432.6195,1390.0267,1072.9619,714.15753,1332.4688,310.08377,1396.0409,1361.6119,1175.9003,730.7925,1351.6163,313.33456,1392.5007,1332.887,1153.3015,761.16724,1333.6564,247.78787,1406.8556,1342.8469,1063.9808,882.01025,1413.487,-231.53786,1015.7353,1610.0568,229.30035,307.92,1685.1765,-407.58566,609.9319,1813.2491,120.97461,598.70624,2032.254,-1324.4165,589.4872,2088.2402,-1164.185,732.43256,2055.8674,-1399.014,595.762,2161.3616,-1290.6766,483.377,2396.1912,-1253.3213,483.96466,2409.3545,-1296.1653
IMG_4717 copy 16.JPG,1473.1935,842.4837,725.70294,1503.5592,805.8664,608.5724,1503.2822,800.822,607.78876,1501.913,796.24994,607.8032,1521.6031,821.18463,706.2874,1533.6895,826.4722,704.9421,1546.0734,832.0867,704.3842,1517.4863,811.822,232.56956,1591.2155,863.8216,665.74805,1456.9154,867.92255,616.59595,1474.7372,888.4018,732.23755,1342.152,880.1763,-131.0149,1641.6086,1202.8695,607.8289,960.46173,1115.1779,-208.45616,1603.4187,1567.0067,730.3515,776.62244,1277.9303,218.86037,1432.6195,1390.0267,1072.9619,714.15753,1332.4688,310.08377,1396.0409,1361.6119,1175.9003,730.7925,1351.6163,313.33456,1392.5007,1332.887,1153.3015,761.16724,1333.6564,247.78787,1406.8556,1342.8469,1063.9808,882.01025,1413.487,-231.53786,1015.7353,1610.0568,229.30035,307.92,1685.1765,-407.58566,609.9319,1813.2491,120.97461,598.70624,2032.254,-1324.4165,589.4872,2088.2402,-1164.185,732.43256,2055.8674,-1399.014,595.762,2161.3616,-1290.6766,483.377,2396.1912,-1253.3213,483.96466,2409.3545,-1296.1653
IMG_4717 copy 2.JPG,1473.1935,842.4837,725.70294,1503.5592,805.8664,608.5724,1503.2822,800.822,607.78876,1501.913,796.24994,607.8032,1521.6031,821.18463,706.2874,1533.6895,826.4722,704.9421,1546.0734,832.0867,704.3842,1517.4863,811.822,232.56956,1591.2155,863.8216,665.74805,1456.9154,867.92255,616.59595,1474.7372,888.4018,732.23755,1342.152,880.1763,-131.0149,1641.6086,1202.8695,607.8289,960.46173,1115.1779,-208.45616,1603.4187,1567.0067,730.3515,776.62244,1277.9303,218.86037,1432.6195,1390.0267,1072.9619,714.15753,1332.4688,310.08377,1396.0409,1361.6119,1175.9003,730.7925,1351.6163,313.33456,1392.5007,1332.887,1153.3015,761.16724,1333.6564,247.78787,1406.8556,1342.8469,1063.9808,882.01025,1413.487,-231.53786,1015.7353,1610.0568,229.30035,307.92,1685.1765,-407.58566,609.9319,1813.2491,120.97461,598.70624,2032.254,-1324.4165,589.4872,2088.2402,-1164.185,732.43256,2055.8674,-1399.014,595.762,2161.3616,-1290.6766,483.377,2396.1912,-1253.3213,483.96466,2409.3545,-1296.1653
IMG_4717 copy 3.JPG,1473.1935,842.4837,725.70294,1503.5592,805.8664,608.5724,1503.2822,800.822,607.78876,1501.913,796.24994,607.8032,1521.6031,821.18463,706.2874,1533.6895,826.4722,704.9421,1546.0734,832.0867,704.3842,1517.4863,811.822,232.56956,1591.2155,863.8216,665.74805,1456.9154,867.92255,616.59595,1474.7372,888.4018,732.23755,1342.152,880.1763,-131.0149,1641.6086,1202.8695,607.8289,960.46173,1115.1779,-208.45616,1603.4187,1567.0067,730.3515,776.62244,1277.9303,218.86037,1432.6195,1390.0267,1072.9619,714.15753,1332.4688,310.08377,1396.0409,1361.6119,1175.9003,730.7925,1351.6163,313.33456,1392.5007,1332.887,1153.3015,761.16724,1333.6564,247.78787,1406.8556,1342.8469,1063.9808,882.01025,1413.487,-231.53786,1015.7353,1610.0568,229.30035,307.92,1685.1765,-407.58566,609.9319,1813.2491,120.97461,598.70624,2032.254,-1324.4165,589.4872,2088.2402,-1164.185,732.43256,2055.8674,-1399.014,595.762,2161.3616,-1290.6766,483.377,2396.1912,-1253.3213,483.96466,2409.3545,-1296.1653
IMG_4717 copy 4.JPG,1473.1935,842.4837,725.70294,1503.5592,805.8664,608.5724,1503.2822,800.822,607.78876,1501.913,796.24994,607.8032,1521.6031,821.18463,706.2874,1533.6895,826.4722,704.9421,1546.0734,832.0867,704.3842,1517.4863,811.822,232.56956,1591.2155,863.8216,665.74805,1456.9154,867.92255,616.59595,1474.7372,888.4018,732.23755,1342.152,880.1763,-131.0149,1641.6086,1202.8695,607.8289,960.46173,1115.1779,-208.45616,1603.4187,1567.0067,730.3515,776.62244,1277.9303,218.86037,1432.6195,1390.0267,1072.9619,714.15753,1332.4688,310.08377,1396.0409,1361.6119,1175.9003,730.7925,1351.6163,313.33456,1392.5007,1332.887,1153.3015,761.16724,1333.6564,247.78787,1406.8556,1342.8469,1063.9808,882.01025,1413.487,-231.53786,1015.7353,1610.0568,229.30035,307.92,1685.1765,-407.58566,609.9319,1813.2491,120.97461,598.70624,2032.254,-1324.4165,589.4872,2088.2402,-1164.185,732.43256,2055.8674,-1399.014,595.762,2161.3616,-1290.6766,483.377,2396.1912,-1253.3213,483.96466,2409.3545,-1296.1653
IMG_4717 copy 5.JPG,1473.1935,842.4837,725.70294,1503.5592,805.8664,608.5724,1503.2822,800.822,607.78876,1501.913,796.24994,607.8032,1521.6031,821.18463,706.2874,1533.6895,826.4722,704.9421,1546.0734,832.0867,704.3842,1517.4863,811.822,232.56956,1591.2155,863.8216,665.74805,1456.9154,867.92255,616.59595,1474.7372,888.4018,732.23755,1342.152,880.1763,-131.0149,1641.6086,1202.8695,607.8289,960.46173,1115.1779,-208.45616,1603.4187,1567.0067,730.3515,776.62244,1277.9303,218.86037,1432.6195,1390.0267,1072.9619,714.15753,1332.4688,310.08377,1396.0409,1361.6119,1175.9003,730.7925,1351.6163,313.33456,1392.5007,1332.887,1153.3015,761.16724,1333.6564,247.78787,1406.8556,1342.8469,1063.9808,882.01025,1413.487,-231.53786,1015.7353,1610.0568,229.30035,307.92,1685.1765,-407.58566,609.9319,1813.2491,120.97461,598.70624,2032.254,-1324.4165,589.4872,2088.2402,-1164.185,732.43256,2055.8674,-1399.014,595.762,2161.3616,-1290.6766,483.377,2396.1912,-1253.3213,483.96466,2409.3545,-1296.1653
IMG_4717 copy 6.JPG,1473.1935,842.4837,725.70294,1503.5592,805.8664,608.5724,1503.2822,800.822,607.78876,1501.913,796.24994,607.8032,1521.6031,821.18463,706.2874,1533.6895,826.4722,704.9421,1546.0734,832.0867,704.3842,1517.4863,811.822,232.56956,1591.2155,863.8216,665.74805,1456.9154,867.92255,616.59595,1474.7372,888.4018,732.23755,1342.152,880.1763,-131.0149,1641.6086,1202.8695,607.8289,960.46173,1115.1779,-208.45616,1603.4187,1567.0067,730.3515,776.62244,1277.9303,218.86037,1432.6195,1390.0267,1072.9619,714.15753,1332.4688,310.08377,1396.0409,1361.6119,1175.9003,730.7925,1351.6163,313.33456,1392.5007,1332.887,1153.3015,761.16724,1333.6564,247.78787,1406.8556,1342.8469,1063.9808,882.01025,1413.487,-231.53786,1015.7353,1610.0568,229.30035,307.92,1685.1765,-407.58566,609.9319,1813.2491,120.97461,598.70624,2032.254,-1324.4165,589.4872,2088.2402,-1164.185,732.43256,2055.8674,-1399.014,595.762,2161.3616,-1290.6766,483.377,2396.1912,-1253.3213,483.96466,2409.3545,-1296.1653
IMG_4717 copy 7.JPG,1473.1935,842.4837,725.70294,1503.5592,805.8664,608.5724,1503.2822,800.822,607.78876,1501.913,796.24994,607.8032,1521.6031,821.18463,706.2874,1533.6895,826.4722,704.9421,1546.0734,832.0867,704.3842,1517.4863,811.822,232.56956,1591.2155,863.8216,665.74805,1456.9154,867.92255,616.59595,1474.7372,888.4018,732.23755,1342.152,880.1763,-131.0149,1641.6086,1202.8695,607.8289,960.46173,1115.1779,-208.45616,1603.4187,1567.0067,730.3515,776.62244,1277.9303,218.86037,1432.6195,1390.0267,1072.9619,714.15753,1332.4688,310.08377,1396.0409,1361.6119,1175.9003,730.7925,1351.6163,313.33456,1392.5007,1332.887,1153.3015,761.16724,1333.6564,247.78787,1406.8556,1342.8469,1063.9808,882.01025,1413.487,-231.53786,1015.7353,1610.0568,229.30035,307.92,1685.1765,-407.58566,609.9319,1813.2491,120.97461,598.70624,2032.254,-1324.4165,589.4872,2088.2402,-1164.185,732.43256,2055.8674,-1399.014,595.762,2161.3616,-1290.6766,483.377,2396.1912,-1253.3213,483.96466,2409.3545,-1296.1653
IMG_4717 copy 8.JPG,1473.1935,842.4837,725.70294,1503.5592,805.8664,608.5724,1503.2822,800.822,607.78876,1501.913,796.24994,607.8032,1521.6031,821.18463,706.2874,1533.6895,826.4722,704.9421,1546.0734,832.0867,704.3842,1517.4863,811.822,232.56956,1591.2155,863.8216,665.74805,1456.9154,867.92255,616.59595,1474.7372,888.4018,732.23755,1342.152,880.1763,-131.0149,1641.6086,1202.8695,607.8289,960.46173,1115.1779,-208.45616,1603.4187,1567.0067,730.3515,776.62244,1277.9303,218.86037,1432.6195,1390.0267,1072.9619,714.15753,1332.4688,310.08377,1396.0409,1361.6119,1175.9003,730.7925,1351.6163,313.33456,1392.5007,1332.887,1153.3015,761.16724,1333.6564,247.78787,1406.8556,1342.8469,1063.9808,882.01025,1413.487,-231.53786,1015.7353,1610.0568,229.30035,307.92,1685.1765,-407.58566,609.9319,1813.2491,120.97461,598.70624,2032.254,-1324.4165,589.4872,2088.2402,-1164.185,732.43256,2055.8674,-1399.014,595.762,2161.3616,-1290.6766,483.377,2396.1912,-1253.3213,483.96466,2409.3545,-1296.1653
IMG_4717 copy 9.JPG,1473.1935,842.4837,725.70294,1503.5592,805.8664,608.5724,1503.2822,800.822,607.78876,1501.913,796.24994,607.8032,1521.6031,821.18463,706.2874,1533.6895,826.4722,704.9421,1546.0734,832.0867,704.3842,1517.4863,811.822,232.56956,1591.2155,863.8216,665.74805,1456.9154,867.92255,616.59595,1474.7372,888.4018,732.23755,1342.152,880.1763,-131.0149,1641.6086,1202.8695,607.8289,960.46173,1115.1779,-208.45616,1603.4187,1567.0067,730.3515,776.62244,1277.9303,218.86037,1432.6195,1390.0267,1072.9619,714.15753,1332.4688,310.08377,1396.0409,1361.6119,1175.9003,730.7925,1351.6163,313.33456,1392.5007,1332.887,1153.3015,761.16724,1333.6564,247.78787,1406.8556,1342.8469,1063.9808,882.01025,1413.487,-231.53786,1015.7353,1610.0568,229.30035,307.92,1685.1765,-407.58566,609.9319,1813.2491,120.97461,598.70624,2032.254,-1324.4165,589.4872,2088.2402,-1164.185,732.43256,2055.8674,-1399.014,595.762,2161.3616,-1290.6766,483.377,2396.1912,-1253.3213,483.96466,2409.3545,-1296.1653
IMG_4717 copy.JPG,1473.1935,842.4837,725.70294,1503.5592,805.8664,608.5724,1503.2822,800.822,607.78876,1501.913,796.24994,607.8032,1521.6031,821.18463,706.2874,1533.6895,826.4722,704.9421,1546.0734,832.0867,704.3842,1517.4863,811.822,232.56956,1591.2155,863.8216,665.74805,1456.9154,867.92255,616.59595,1474.7372,888.4018,732.23755,1342.152,880.1763,-131.0149,1641.6086,1202.8695,607.8289,960.46173,1115.1779,-208.45616,1603.4187,1567.0067,730.3515,776.62244,1277.9303,218.86037,1432.6195,1390.0267,1072.9619,714.15753,1332.4688,310.08377,1396.0409,1361.6119,1175.9003,730.7925,1351.6163,313.33456,1392.5007,1332.887,1153.3015,761.16724,1333.6564,247.78787,1406.8556,1342.8469,1063.9808,882.01025,1413.487,-231.53786,1015.7353,1610.0568,229.30035,307.92,1685.1765,-407.58566,609.9319,1813.2491,120.97461,598.70624,2032.254,-1324.4165,589.4872,2088.2402,-1164.185,732.43256,2055.8674,-1399.014,595.762,2161.3616,-1290.6766,483.377,2396.1912,-1253.3213,483.96466,2409.3545,-1296.1653
IMG_4717.JPG,1473.1935,842.4837,725.70294,1503.5592,805.8664,608.5724,1503.2822,800.822,607.78876,1501.913,796.24994,607.8032,1521.6031,821.18463,706.2874,1533.6895,826.4722,704.9421,1546.0734,832.0867,704.3842,1517.4863,811.822,232.56956,1591.2155,863.8216,665.74805,1456.9154,867.92255,616.59595,1474.7372,888.4018,732.23755,1342.152,880.1763,-131.0149,1641.6086,1202.8695,607.8289,960.46173,1115.1779,-208.45616,1603.4187,1567.0067,730.3515,776.62244,1277.9303,218.86037,1432.6195,1390.0267,1072.9619,714.15753,1332.4688,310.08377,1396.0409,1361.6119,1175.9003,730.7925,1351.6163,313.33456,1392.5007,1332.887,1153.3015,761.16724,1333.6564,247.78787,1406.8556,1342.8469,1063.9808,882.01025,1413.487,-231.53786,1015.7353,1610.0568,229.30035,307.92,1685.1765,-407.58566,609.9319,1813.2491,120.97461,598.70624,2032.254,-1324.4165,589.4872,2088.2402,-1164.185,732.43256,2055.8674,-1399.014,595.762,2161.3616,-1290.6766,483.377,2396.1912,-1253.3213,483.96466,2409.3545,-1296.1653
IMG_4718.JPG,1124.7372,940.4038,1531.897,1134.3962,904.2442,1482.6361,1137.3569,891.9857,1482.1097,1138.347,884.2553,1482.0986,1137.2263,912.9121,1583.2952,1141.5029,911.64276,1582.382,1145.0918,909.5469,1582.5657,1168.1854,852.8702,1203.1783,1182.3387,919.10913,1661.4078,1136.3784,944.9078,1440.1628,1136.754,955.15125,1566.0786,1191.8512,851.7547,490.86517,1342.9125,1002.6651,1653.9921,1127.2986,1136.4943,-20.165844,1352.9277,1283.9567,1692.8594,982.1605,1443.9674,-83.60965,1263.999,1429.1276,1760.8591,969.54834,1547.4493,-134.58896,1253.5939,1478.6053,1816.9215,949.9458,1564.2258,-47.360996,1217.5924,1483.5227,1780.6,961.7821,1532.4677,-33.472904,1218.3416,1467.296,1735.7947,1145.8541,1446.1266,-353.8936,1235.3167,1500.4526,351.95862,1006.316,2053.1682,-733.03217,861.86,2007.3899,119.38255,1491.4723,2151.8235,-770.0224,1286.0691,2135.4194,-99.59381,1559.3918,2052.47,-763.8277,1355.9458,2122.192,-118.91037,1627.5406,2368.0552,-920.6367,1422.4824,2261.8364,-320.55063
IMG_4719.JPG,1095.5892,987.23883,794.48517,1097.829,943.7076,757.18787,1105.5248,934.5124,756.41064,1112.8894,925.772,756.5065,1093.4454,955.41614,859.6242,1096.7339,954.4937,858.7102,1099.5128,953.592,858.4158,1158.8599,896.416,652.37915,1138.1942,929.94824,1116.1208,1128.3047,988.5542,768.89606,1119.9149,1002.4492,894.9205,1272.6143,917.3311,207.8469,1233.8765,1071.6763,1311.0607,1265.2195,1157.2756,-274.89957,1260.3423,1326.233,1277.8596,1149.83,1439.3431,-575.90985,1117.4686,1441.7194,989.3715,1141.9371,1536.5913,-675.2691,1087.0377,1515.1464,979.0051,1076.2936,1522.3257,-616.07745,1058.7329,1515.8052,900.52625,1080.4246,1499.2266,-543.28094,1071.4153,1494.9648,938.39124,1220.3273,1475.6996,-309.48108,1200.5148,1540.6143,307.57425,879.95544,1932.1686,-647.39404,862.55255,1947.0101,118.8472,1299.8835,2267.6677,-881.2078,1251.9899,2240.7961,17.95654,1402.733,2228.9536,-898.31665,1358.0234,2198.5078,7.519294,1418.044,2572.7195,-1054.5145,1342.6675,2547.3376,-125.5106
IMG_4720 copy 10.JPG,513.4762,1080.7957,-103.6801,498.60886,1046.158,-76.98256,506.59042,1032.0367,-77.521385,515.09076,1018.15625,-77.34695,483.31323,1074.0469,-20.700941,479.01794,1083.0841,-21.298061,475.00995,1091.51,-21.389824,552.6317,996.3214,117.191696,493.43463,1094.4177,376.8719,560.3895,1076.4178,-20.525331,539.8214,1112.6458,48.291187,711.6489,1002.8816,47.562992,620.9274,1210.7404,727.7955,946.40796,1017.9882,-124.88031,668.5817,1418.0388,788.6035,928.8405,1236.5022,-429.32275,508.4047,1496.3866,364.68777,964.11597,1311.656,-529.07196,460.62772,1518.868,298.9656,919.28143,1324.6677,-518.6435,445.94373,1502.7582,225.3124,909.20245,1309.3363,-423.35077,463.22223,1492.9872,315.8987,1030.4792,1344.5924,-211.96545,925.35876,1475.744,211.38184,1219.5538,1743.9291,-546.8188,1142.3116,1864.3928,-80.53785,1477.2609,1613.7759,137.45593,1454.136,1683.3456,501.77692,1482.6996,1554.4797,213.9769,1466.9274,1630.6395,564.98413,1666.075,1690.9313,158.58894,1635.4132,1741.676,482.61432
IMG_4720 copy 11.JPG,513.4762,1080.7957,-103.6801,498.60886,1046.158,-76.98256,506.59042,1032.0367,-77.521385,515.09076,1018.15625,-77.34695,483.31323,1074.0469,-20.700941,479.01794,1083.0841,-21.298061,475.00995,1091.51,-21.389824,552.6317,996.3214,117.191696,493.43463,1094.4177,376.8719,560.3895,1076.4178,-20.525331,539.8214,1112.6458,48.291187,711.6489,1002.8816,47.562992,620.9274,1210.7404,727.7955,946.40796,1017.9882,-124.88031,668.5817,1418.0388,788.6035,928.8405,1236.5022,-429.32275,508.4047,1496.3866,364.68777,964.11597,1311.656,-529.07196,460.62772,1518.868,298.9656,919.28143,1324.6677,-518.6435,445.94373,1502.7582,225.3124,909.20245,1309.3363,-423.35077,463.22223,1492.9872,315.8987,1030.4792,1344.5924,-211.96545,925.35876,1475.744,211.38184,1219.5538,1743.9291,-546.8188,1142.3116,1864.3928,-80.53785,1477.2609,1613.7759,137.45593,1454.136,1683.3456,501.77692,1482.6996,1554.4797,213.9769,1466.9274,1630.6395,564.98413,1666.075,1690.9313,158.58894,1635.4132,1741.676,482.61432
IMG_4720 copy 2.JPG,513.4762,1080.7957,-103.6801,498.60886,1046.158,-76.98256,506.59042,1032.0367,-77.521385,515.09076,1018.15625,-77.34695,483.31323,1074.0469,-20.700941,479.01794,1083.0841,-21.298061,475.00995,1091.51,-21.389824,552.6317,996.3214,117.191696,493.43463,1094.4177,376.8719,560.3895,1076.4178,-20.525331,539.8214,1112.6458,48.291187,711.6489,1002.8816,47.562992,620.9274,1210.7404,727.7955,946.40796,1017.9882,-124.88031,668.5817,1418.0388,788.6035,928.8405,1236.5022,-429.32275,508.4047,1496.3866,364.68777,964.11597,1311.656,-529.07196,460.62772,1518.868,298.9656,919.28143,1324.6677,-518.6435,445.94373,1502.7582,225.3124,909.20245,1309.3363,-423.35077,463.22223,1492.9872,315.8987,1030.4792,1344.5924,-211.96545,925.35876,1475.744,211.38184,1219.5538,1743.9291,-546.8188,1142.3116,1864.3928,-80.53785,1477.2609,1613.7759,137.45593,1454.136,1683.3456,501.77692,1482.6996,1554.4797,213.9769,1466.9274,1630.6395,564.98413,1666.075,1690.9313,158.58894,1635.4132,1741.676,482.61432
IMG_4720 copy 3.JPG,513.4762,1080.7957,-103.6801,498.60886,1046.158,-76.98256,506.59042,1032.0367,-77.521385,515.09076,1018.15625,-77.34695,483.31323,1074.0469,-20.700941,479.01794,1083.0841,-21.298061,475.00995,1091.51,-21.389824,552.6317,996.3214,117.191696,493.43463,1094.4177,376.8719,560.3895,1076.4178,-20.525331,539.8214,1112.6458,48.291187,711.6489,1002.8816,47.562992,620.9274,1210.7404,727.7955,946.40796,1017.9882,-124.88031,668.5817,1418.0388,788.6035,928.8405,1236.5022,-429.32275,508.4047,1496.3866,364.68777,964.11597,1311.656,-529.07196,460.62772,1518.868,298.9656,919.28143,1324.6677,-518.6435,445.94373,1502.7582,225.3124,909.20245,1309.3363,-423.35077,463.22223,1492.9872,315.8987,1030.4792,1344.5924,-211.96545,925.35876,1475.744,211.38184,1219.5538,1743.9291,-546.8188,1142.3116,1864.3928,-80.53785,1477.2609,1613.7759,137.45593,1454.136,1683.3456,501.77692,1482.6996,1554.4797,213.9769,1466.9274,1630.6395,564.98413,1666.075,1690.9313,158.58894,1635.4132,1741.676,482.61432
IMG_4720 copy 4.JPG,513.4762,1080.7957,-103.6801,498.60886,1046.158,-76.98256,506.59042,1032.0367,-77.521385,515.09076,1018.15625,-77.34695,483.31323,1074.0469,-20.700941,479.01794,1083.0841,-21.298061,475.00995,1091.51,-21.389824,552.6317,996.3214,117.191696,493.43463,1094.4177,376.8719,560.3895,1076.4178,-20.525331,539.8214,1112.6458,48.291187,711.6489,1002.8816,47.562992,620.9274,1210.7404,727.7955,946.40796,1017.9882,-124.88031,668.5817,1418.0388,788.6035,928.8405,1236.5022,-429.32275,508.4047,1496.3866,364.68777,964.11597,1311.656,-529.07196,460.62772,1518.868,298.9656,919.28143,1324.6677,-518.6435,445.94373,1502.7582,225.3124,909.20245,1309.3363,-423.35077,463.22223,1492.9872,315.8987,1030.4792,1344.5924,-211.96545,925.35876,1475.744,211.38184,1219.5538,1743.9291,-546.8188,1142.3116,1864.3928,-80.53785,1477.2609,1613.7759,137.45593,1454.136,1683.3456,501.77692,1482.6996,1554.4797,213.9769,1466.9274,1630.6395,564.98413,1666.075,1690.9313,158.58894,1635.4132,1741.676,482.61432
IMG_4720 copy 5.JPG,513.4762,1080.7957,-103.6801,498.60886,1046.158,-76.98256,506.59042,1032.0367,-77.521385,515.09076,1018.15625,-77.34695,483.31323,1074.0469,-20.700941,479.01794,1083.0841,-21.298061,475.00995,1091.51,-21.389824,552.6317,996.3214,117.191696,493.43463,1094.4177,376.8719,560.3895,1076.4178,-20.525331,539.8214,1112.6458,48.291187,711.6489,1002.8816,47.562992,620.9274,1210.7404,727.7955,946.40796,1017.9882,-124.88031,668.5817,1418.0388,788.6035,928.8405,1236.5022,-429.32275,508.4047,1496.3866,364.68777,964.11597,1311.656,-529.07196,460.62772,1518.868,298.9656,919.28143,1324.6677,-518.6435,445.94373,1502.7582,225.3124,909.20245,1309.3363,-423.35077,463.22223,1492.9872,315.8987,1030.4792,1344.5924,-211.96545,925.35876,1475.744,211.38184,1219.5538,1743.9291,-546.8188,1142.3116,1864.3928,-80.53785,1477.2609,1613.7759,137.45593,1454.136,1683.3456,501.77692,1482.6996,1554.4797,213.9769,1466.9274,1630.6395,564.98413,1666.075,1690.9313,158.58894,1635.4132,1741.676,482.61432
IMG_4720 copy 6.JPG,513.4762,1080.7957,-103.6801,498.60886,1046.158,-76.98256,506.59042,1032.0367,-77.521385,515.09076,1018.15625,-77.34695,483.31323,1074.0469,-20.700941,479.01794,1083.0841,-21.298061,475.00995,1091.51,-21.389824,552.6317,996.3214,117.191696,493.43463,1094.4177,376.8719,560.3895,1076.4178,-20.525331,539.8214,1112.6458,48.291187,711.6489,1002.8816,47.562992,620.9274,1210.7404,727.7955,946.40796,1017.9882,-124.88031,668.5817,1418.0388,788.6035,928.8405,1236.5022,-429.32275,508.4047,1496.3866,364.68777,964.11597,1311.656,-529.07196,460.62772,1518.868,298.9656,919.28143,1324.6677,-518.6435,445.94373,1502.7582,225.3124,909.20245,1309.3363,-423.35077,463.22223,1492.9872,315.8987,1030.4792,1344.5924,-211.96545,925.35876,1475.744,211.38184,1219.5538,1743.9291,-546.8188,1142.3116,1864.3928,-80.53785,1477.2609,1613.7759,137.45593,1454.136,1683.3456,501.77692,1482.6996,1554.4797,213.9769,1466.9274,1630.6395,564.98413,1666.075,1690.9313,158.58894,1635.4132,1741.676,482.61432
IMG_4720 copy 7.JPG,513.4762,1080.7957,-103.6801,498.60886,1046.158,-76.98256,506.59042,1032.0367,-77.521385,515.09076,1018.15625,-77.34695,483.31323,1074.0469,-20.700941,479.01794,1083.0841,-21.298061,475.00995,1091.51,-21.389824,552.6317,996.3214,117.191696,493.43463,1094.4177,376.8719,560.3895,1076.4178,-20.525331,539.8214,1112.6458,48.291187,711.6489,1002.8816,47.562992,620.9274,1210.7404,727.7955,946.40796,1017.9882,-124.88031,668.5817,1418.0388,788.6035,928.8405,1236.5022,-429.32275,508.4047,1496.3866,364.68777,964.11597,1311.656,-529.07196,460.62772,1518.868,298.9656,919.28143,1324.6677,-518.6435,445.94373,1502.7582,225.3124,909.20245,1309.3363,-423.35077,463.22223,1492.9872,315.8987,1030.4792,1344.5924,-211.96545,925.35876,1475.744,211.38184,1219.5538,1743.9291,-546.8188,1142.3116,1864.3928,-80.53785,1477.2609,1613.7759,137.45593,1454.136,1683.3456,501.77692,1482.6996,1554.4797,213.9769,1466.9274,1630.6395,564.98413,1666.075,1690.9313,158.58894,1635.4132,1741.676,482.61432
IMG_4720 copy 8.JPG,513.4762,1080.7957,-103.6801,498.60886,1046.158,-76.98256,506.59042,1032.0367,-77.521385,515.09076,1018.15625,-77.34695,483.31323,1074.0469,-20.700941,479.01794,1083.0841,-21.298061,475.00995,1091.51,-21.389824,552.6317,996.3214,117.191696,493.43463,1094.4177,376.8719,560.3895,1076.4178,-20.525331,539.8214,1112.6458,48.291187,711.6489,1002.8816,47.562992,620.9274,1210.7404,727.7955,946.40796,1017.9882,-124.88031,668.5817,1418.0388,788.6035,928.8405,1236.5022,-429.32275,508.4047,1496.3866,364.68777,964.11597,1311.656,-529.07196,460.62772,1518.868,298.9656,919.28143,1324.6677,-518.6435,445.94373,1502.7582,225.3124,909.20245,1309.3363,-423.35077,463.22223,1492.9872,315.8987,1030.4792,1344.5924,-211.96545,925.35876,1475.744,211.38184,1219.5538,1743.9291,-546.8188,1142.3116,1864.3928,-80.53785,1477.2609,1613.7759,137.45593,1454.136,1683.3456,501.77692,1482.6996,1554.4797,213.9769,1466.9274,1630.6395,564.98413,1666.075,1690.9313,158.58894,1635.4132,1741.676,482.61432
IMG_4720 copy 9.JPG,513.4762,1080.7957,-103.6801,498.60886,1046.158,-76.98256,506.59042,1032.0367,-77.521385,515.09076,1018.15625,-77.34695,483.31323,1074.0469,-20.700941,479.01794,1083.0841,-21.298061,475.00995,1091.51,-21.389824,552.6317,996.3214,117.191696,493.43463,1094.4177,376.8719,560.3895,1076.4178,-20.525331,539.8214,1112.6458,48.291187,711.6489,1002.8816,47.562992,620.9274,1210.7404,727.7955,946.40796,1017.9882,-124.88031,668.5817,1418.0388,788.6035,928.8405,1236.5022,-429.32275,508.4047,1496.3866,364.68777,964.11597,1311.656,-529.07196,460.62772,1518.868,298.9656,919.28143,1324.6677,-518.6435,445.94373,1502.7582,225.3124,909.20245,1309.3363,-423.35077,463.22223,1492.9872,315.8987,1030.4792,1344.5924,-211.96545,925.35876,1475.744,211.38184,1219.5538,1743.9291,-546.8188,1142.3116,1864.3928,-80.53785,1477.2609,1613.7759,137.45593,1454.136,1683.3456,501.77692,1482.6996,1554.4797,213.9769,1466.9274,1630.6395,564.98413,1666.075,1690.9313,158.58894,1635.4132,1741.676,482.61432
IMG_4720 copy.JPG,513.4762,1080.7957,-103.6801,498.60886,1046.158,-76.98256,506.59042,1032.0367,-77.521385,515.09076,1018.15625,-77.34695,483.31323,1074.0469,-20.700941,479.01794,1083.0841,-21.298061,475.00995,1091.51,-21.389824,552.6317,996.3214,117.191696,493.43463,1094.4177,376.8719,560.3895,1076.4178,-20.525331,539.8214,1112.6458,48.291187,711.6489,1002.8816,47.562992,620.9274,1210.7404,727.7955,946.40796,1017.9882,-124.88031,668.5817,1418.0388,788.6035,928.8405,1236.5022,-429.32275,508.4047,1496.3866,364.68777,964.11597,1311.656,-529.07196,460.62772,1518.868,298.9656,919.28143,1324.6677,-518.6435,445.94373,1502.7582,225.3124,909.20245,1309.3363,-423.35077,463.22223,1492.9872,315.8987,1030.4792,1344.5924,-211.96545,925.35876,1475.744,211.38184,1219.5538,1743.9291,-546.8188,1142.3116,1864.3928,-80.53785,1477.2609,1613.7759,137.45593,1454.136,1683.3456,501.77692,1482.6996,1554.4797,213.9769,1466.9274,1630.6395,564.98413,1666.075,1690.9313,158.58894,1635.4132,1741.676,482.61432
IMG_4720.JPG,513.4762,1080.7957,-103.6801,498.60886,1046.158,-76.98256,506.59042,1032.0367,-77.521385,515.09076,1018.15625,-77.34695,483.31323,1074.0469,-20.700941,479.01794,1083.0841,-21.298061,475.00995,1091.51,-21.389824,552.6317,996.3214,117.191696,493.43463,1094.4177,376.8719,560.3895,1076.4178,-20.525331,539.8214,1112.6458,48.291187,711.6489,1002.8816,47.562992,620.9274,1210.7404,727.7955,946.40796,1017.9882,-124.88031,668.5817,1418.0388,788.6035,928.8405,1236.5022,-429.32275,508.4047,1496.3866,364.68777,964.11597,1311.656,-529.07196,460.62772,1518.868,298.9656,919.28143,1324.6677,-518.6435,445.94373,1502.7582,225.3124,909.20245,1309.3363,-423.35077,463.22223,1492.9872,315.8987,1030.4792,1344.5924,-211.96545,925.35876,1475.744,211.38184,1219.5538,1743.9291,-546.8188,1142.3116,1864.3928,-80.53785,1477.2609,1613.7759,137.45593,1454.136,1683.3456,501.77692,1482.6996,1554.4797,213.9769,1466.9274,1630.6395,564.98413,1666.075,1690.9313,158.58894,1635.4132,1741.676,482.61432
IMG_4721.JPG,381.1654,1267.4576,142.41585,362.85583,1220.4045,90.28322,369.09216,1208.7332,89.5598,375.79208,1195.691,89.687256,354.8541,1238.5945,208.957,355.65945,1239.8658,207.96823,356.0586,1240.401,207.55692,427.35703,1145.0878,-1.6235788,397.69293,1207.621,543.06036,432.04312,1263.6539,127.4283,424.9663,1285.7949,276.80176,680.71967,1161.534,-221.22816,592.7174,1346.8137,909.32196,919.2268,1362.1292,-480.94293,693.2537,1626.9764,1110.4261,1085.4943,1611.5161,-670.273,483.32605,1702.6685,844.866,1129.106,1687.7241,-764.7414,422.83356,1738.5432,820.4724,1075.0262,1702.0083,-769.5987,404.4538,1731.4506,718.8791,1058.6722,1681.1763,-665.09344,421.52048,1718.1389,783.11523,989.49713,1663.0164,-322.43854,910.1406,1788.2192,321.61902,1145.8025,2138.611,-628.8051,1110.9755,2211.9287,61.932266,1732.5673,2095.8618,-598.9471,1671.0553,2142.4778,95.60018,1779.638,2019.1588,-595.569,1729.5616,2155.903,99.65172,1946.1566,2209.213,-754.9592,1855.755,2244.5642,-35.116142
IMG_4722 copy 10.png,569.9063,1575.0282,-858.86755,536.2494,1546.3436,-892.4735,534.2536,1527.0293,-893.4754,532.6068,1509.4435,-893.40314,525.24304,1591.4756,-869.42,516.3762,1604.4274,-871.0109,506.87164,1616.5974,-871.87036,502.72464,1453.2126,-807.09735,462.3679,1614.0853,-703.2482,588.37946,1539.8484,-794.04755,576.07794,1592.3335,-771.2833,681.95667,1297.3076,-637.96497,501.96704,1708.1421,-482.01355,935.4776,1323.9952,-355.66263,553.6524,1864.0042,-257.00226,1160.2014,1357.891,-156.43729,642.6428,1953.4811,-203.85193,1249.9059,1369.4167,-145.9214,674.5788,2010.7084,-214.47464,1245.3226,1378.8293,-231.90727,703.8458,1982.2126,-278.34644,1219.2526,1383.533,-178.68843,698.548,1959.5802,-231.56409,1085.4934,1472.2473,-37.546707,1047.6383,1674.4724,36.58029,1452.2285,1576.9373,50.948544,1416.6825,1682.8356,50.901173,1415.5851,1383.8304,700.3801,1336.6583,1459.2375,646.5161,1364.2689,1363.2251,776.7206,1288.501,1436.0801,727.94226,1496.5775,1336.8386,883.3762,1405.8251,1405.037,842.595
IMG_4722 copy 11.png,569.9063,1575.0282,-858.86755,536.2494,1546.3436,-892.4735,534.2536,1527.0293,-893.4754,532.6068,1509.4435,-893.40314,525.24304,1591.4756,-869.42,516.3762,1604.4274,-871.0109,506.87164,1616.5974,-871.87036,502.72464,1453.2126,-807.09735,462.3679,1614.0853,-703.2482,588.37946,1539.8484,-794.04755,576.07794,1592.3335,-771.2833,681.95667,1297.3076,-637.96497,501.96704,1708.1421,-482.01355,935.4776,1323.9952,-355.66263,553.6524,1864.0042,-257.00226,1160.2014,1357.891,-156.43729,642.6428,1953.4811,-203.85193,1249.9059,1369.4167,-145.9214,674.5788,2010.7084,-214.47464,1245.3226,1378.8293,-231.90727,703.8458,1982.2126,-278.34644,1219.2526,1383.533,-178.68843,698.548,1959.5802,-231.56409,1085.4934,1472.2473,-37.546707,1047.6383,1674.4724,36.58029,1452.2285,1576.9373,50.948544,1416.6825,1682.8356,50.901173,1415.5851,1383.8304,700.3801,1336.6583,1459.2375,646.5161,1364.2689,1363.2251,776.7206,1288.501,1436.0801,727.94226,1496.5775,1336.8386,883.3762,1405.8251,1405.037,842.595
IMG_4722 copy 12.png,569.9063,1575.0282,-858.86755,536.2494,1546.3436,-892.4735,534.2536,1527.0293,-893.4754,532.6068,1509.4435,-893.40314,525.24304,1591.4756,-869.42,516.3762,1604.4274,-871.0109,506.87164,1616.5974,-871.87036,502.72464,1453.2126,-807.09735,462.3679,1614.0853,-703.2482,588.37946,1539.8484,-794.04755,576.07794,1592.3335,-771.2833,681.95667,1297.3076,-637.96497,501.96704,1708.1421,-482.01355,935.4776,1323.9952,-355.66263,553.6524,1864.0042,-257.00226,1160.2014,1357.891,-156.43729,642.6428,1953.4811,-203.85193,1249.9059,1369.4167,-145.9214,674.5788,2010.7084,-214.47464,1245.3226,1378.8293,-231.90727,703.8458,1982.2126,-278.34644,1219.2526,1383.533,-178.68843,698.548,1959.5802,-231.56409,1085.4934,1472.2473,-37.546707,1047.6383,1674.4724,36.58029,1452.2285,1576.9373,50.948544,1416.6825,1682.8356,50.901173,1415.5851,1383.8304,700.3801,1336.6583,1459.2375,646.5161,1364.2689,1363.2251,776.7206,1288.501,1436.0801,727.94226,1496.5775,1336.8386,883.3762,1405.8251,1405.037,842.595
IMG_4722 copy 13.png,569.9063,1575.0282,-858.86755,536.2494,1546.3436,-892.4735,534.2536,1527.0293,-893.4754,532.6068,1509.4435,-893.40314,525.24304,1591.4756,-869.42,516.3762,1604.4274,-871.0109,506.87164,1616.5974,-871.87036,502.72464,1453.2126,-807.09735,462.3679,1614.0853,-703.2482,588.37946,1539.8484,-794.04755,576.07794,1592.3335,-771.2833,681.95667,1297.3076,-637.96497,501.96704,1708.1421,-482.01355,935.4776,1323.9952,-355.66263,553.6524,1864.0042,-257.00226,1160.2014,1357.891,-156.43729,642.6428,1953.4811,-203.85193,1249.9059,1369.4167,-145.9214,674.5788,2010.7084,-214.47464,1245.3226,1378.8293,-231.90727,703.8458,1982.2126,-278.34644,1219.2526,1383.533,-178.68843,698.548,1959.5802,-231.56409,1085.4934,1472.2473,-37.546707,1047.6383,1674.4724,36.58029,1452.2285,1576.9373,50.948544,1416.6825,1682.8356,50.901173,1415.5851,1383.8304,700.3801,1336.6583,1459.2375,646.5161,1364.2689,1363.2251,776.7206,1288.501,1436.0801,727.94226,1496.5775,1336.8386,883.3762,1405.8251,1405.037,842.595
IMG_4722 copy 14.png,569.9063,1575.0282,-858.86755,536.2494,1546.3436,-892.4735,534.2536,1527.0293,-893.4754,532.6068,1509.4435,-893.40314,525.24304,1591.4756,-869.42,516.3762,1604.4274,-871.0109,506.87164,1616.5974,-871.87036,502.72464,1453.2126,-807.09735,462.3679,1614.0853,-703.2482,588.37946,1539.8484,-794.04755,576.07794,1592.3335,-771.2833,681.95667,1297.3076,-637.96497,501.96704,1708.1421,-482.01355,935.4776,1323.9952,-355.66263,553.6524,1864.0042,-257.00226,1160.2014,1357.891,-156.43729,642.6428,1953.4811,-203.85193,1249.9059,1369.4167,-145.9214,674.5788,2010.7084,-214.47464,1245.3226,1378.8293,-231.90727,703.8458,1982.2126,-278.34644,1219.2526,1383.533,-178.68843,698.548,1959.5802,-231.56409,1085.4934,1472.2473,-37.546707,1047.6383,1674.4724,36.58029,1452.2285,1576.9373,50.948544,1416.6825,1682.8356,50.901173,1415.5851,1383.8304,700.3801,1336.6583,1459.2375,646.5161,1364.2689,1363.2251,776.7206,1288.501,1436.0801,727.94226,1496.5775,1336.8386,883.3762,1405.8251,1405.037,842.595
IMG_4722 copy 15.png,569.9063,1575.0282,-858.86755,536.2494,1546.3436,-892.4735,534.2536,1527.0293,-893.4754,532.6068,1509.4435,-893.40314,525.24304,1591.4756,-869.42,516.3762,1604.4274,-871.0109,506.87164,1616.5974,-871.87036,502.72464,1453.2126,-807.09735,462.3679,1614.0853,-703.2482,588.37946,1539.8484,-794.04755,576.07794,1592.3335,-771.2833,681.95667,1297.3076,-637.96497,501.96704,1708.1421,-482.01355,935.4776,1323.9952,-355.66263,553.6524,1864.0042,-257.00226,1160.2014,1357.891,-156.43729,642.6428,1953.4811,-203.85193,1249.9059,1369.4167,-145.9214,674.5788,2010.7084,-214.47464,1245.3226,1378.8293,-231.90727,703.8458,1982.2126,-278.34644,1219.2526,1383.533,-178.68843,698.548,1959.5802,-231.56409,1085.4934,1472.2473,-37.546707,1047.6383,1674.4724,36.58029,1452.2285,1576.9373,50.948544,1416.6825,1682.8356,50.901173,1415.5851,1383.8304,700.3801,1336.6583,1459.2375,646.5161,1364.2689,1363.2251,776.7206,1288.501,1436.0801,727.94226,1496.5775,1336.8386,883.3762,1405.8251,1405.037,842.595
IMG_4722 copy 16.png,569.9063,1575.0282,-858.86755,536.2494,1546.3436,-892.4735,534.2536,1527.0293,-893.4754,532.6068,1509.4435,-893.40314,525.24304,1591.4756,-869.42,516.3762,1604.4274,-871.0109,506.87164,1616.5974,-871.87036,502.72464,1453.2126,-807.09735,462.3679,1614.0853,-703.2482,588.37946,1539.8484,-794.04755,576.07794,1592.3335,-771.2833,681.95667,1297.3076,-637.96497,501.96704,1708.1421,-482.01355,935.4776,1323.9952,-355.66263,553.6524,1864.0042,-257.00226,1160.2014,1357.891,-156.43729,642.6428,1953.4811,-203.85193,1249.9059,1369.4167,-145.9214,674.5788,2010.7084,-214.47464,1245.3226,1378.8293,-231.90727,703.8458,1982.2126,-278.34644,1219.2526,1383.533,-178.68843,698.548,1959.5802,-231.56409,1085.4934,1472.2473,-37.546707,1047.6383,1674.4724,36.58029,1452.2285,1576.9373,50.948544,1416.6825,1682.8356,50.901173,1415.5851,1383.8304,700.3801,1336.6583,1459.2375,646.5161,1364.2689,1363.2251,776.7206,1288.501,1436.0801,727.94226,1496.5775,1336.8386,883.3762,1405.8251,1405.037,842.595
IMG_4722 copy 17.png,569.9063,1575.0282,-858.86755,536.2494,1546.3436,-892.4735,534.2536,1527.0293,-893.4754,532.6068,1509.4435,-893.40314,525.24304,1591.4756,-869.42,516.3762,1604.4274,-871.0109,506.87164,1616.5974,-871.87036,502.72464,1453.2126,-807.09735,462.3679,1614.0853,-703.2482,588.37946,1539.8484,-794.04755,576.07794,1592.3335,-771.2833,681.95667,1297.3076,-637.96497,501.96704,1708.1421,-482.01355,935.4776,1323.9952,-355.66263,553.6524,1864.0042,-257.00226,1160.2014,1357.891,-156.43729,642.6428,1953.4811,-203.85193,1249.9059,1369.4167,-145.9214,674.5788,2010.7084,-214.47464,1245.3226,1378.8293,-231.90727,703.8458,1982.2126,-278.34644,1219.2526,1383.533,-178.68843,698.548,1959.5802,-231.56409,1085.4934,1472.2473,-37.546707,1047.6383,1674.4724,36.58029,1452.2285,1576.9373,50.948544,1416.6825,1682.8356,50.901173,1415.5851,1383.8304,700.3801,1336.6583,1459.2375,646.5161,1364.2689,1363.2251,776.7206,1288.501,1436.0801,727.94226,1496.5775,1336.8386,883.3762,1405.8251,1405.037,842.595
IMG_4722 copy 18.png,569.9063,1575.0282,-858.86755,536.2494,1546.3436,-892.4735,534.2536,1527.0293,-893.4754,532.6068,1509.4435,-893.40314,525.24304,1591.4756,-869.42,516.3762,1604.4274,-871.0109,506.87164,1616.5974,-871.87036,502.72464,1453.2126,-807.09735,462.3679,1614.0853,-703.2482,588.37946,1539.8484,-794.04755,576.07794,1592.3335,-771.2833,681.95667,1297.3076,-637.96497,501.96704,1708.1421,-482.01355,935.4776,1323.9952,-355.66263,553.6524,1864.0042,-257.00226,1160.2014,1357.891,-156.43729,642.6428,1953.4811,-203.85193,1249.9059,1369.4167,-145.9214,674.5788,2010.7084,-214.47464,1245.3226,1378.8293,-231.90727,703.8458,1982.2126,-278.34644,1219.2526,1383.533,-178.68843,698.548,1959.5802,-231.56409,1085.4934,1472.2473,-37.546707,1047.6383,1674.4724,36.58029,1452.2285,1576.9373,50.948544,1416.6825,1682.8356,50.901173,1415.5851,1383.8304,700.3801,1336.6583,1459.2375,646.5161,1364.2689,1363.2251,776.7206,1288.501,1436.0801,727.94226,1496.5775,1336.8386,883.3762,1405.8251,1405.037,842.595
IMG_4722 copy 19.png,569.9063,1575.0282,-858.86755,536.2494,1546.3436,-892.4735,534.2536,1527.0293,-893.4754,532.6068,1509.4435,-893.40314,525.24304,1591.4756,-869.42,516.3762,1604.4274,-871.0109,506.87164,1616.5974,-871.87036,502.72464,1453.2126,-807.09735,462.3679,1614.0853,-703.2482,588.37946,1539.8484,-794.04755,576.07794,1592.3335,-771.2833,681.95667,1297.3076,-637.96497,501.96704,1708.1421,-482.01355,935.4776,1323.9952,-355.66263,553.6524,1864.0042,-257.00226,1160.2014,1357.891,-156.43729,642.6428,1953.4811,-203.85193,1249.9059,1369.4167,-145.9214,674.5788,2010.7084,-214.47464,1245.3226,1378.8293,-231.90727,703.8458,1982.2126,-278.34644,1219.2526,1383.533,-178.68843,698.548,1959.5802,-231.56409,1085.4934,1472.2473,-37.546707,1047.6383,1674.4724,36.58029,1452.2285,1576.9373,50.948544,1416.6825,1682.8356,50.901173,1415.5851,1383.8304,700.3801,1336.6583,1459.2375,646.5161,1364.2689,1363.2251,776.7206,1288.501,1436.0801,727.94226,1496.5775,1336.8386,883.3762,1405.8251,1405.037,842.595
IMG_4722 copy 2.png,569.9063,1575.0282,-858.86755,536.2494,1546.3436,-892.4735,534.2536,1527.0293,-893.4754,532.6068,1509.4435,-893.40314,525.24304,1591.4756,-869.42,516.3762,1604.4274,-871.0109,506.87164,1616.5974,-871.87036,502.72464,1453.2126,-807.09735,462.3679,1614.0853,-703.2482,588.37946,1539.8484,-794.04755,576.07794,1592.3335,-771.2833,681.95667,1297.3076,-637.96497,501.96704,1708.1421,-482.01355,935.4776,1323.9952,-355.66263,553.6524,1864.0042,-257.00226,1160.2014,1357.891,-156.43729,642.6428,1953.4811,-203.85193,1249.9059,1369.4167,-145.9214,674.5788,2010.7084,-214.47464,1245.3226,1378.8293,-231.90727,703.8458,1982.2126,-278.34644,1219.2526,1383.533,-178.68843,698.548,1959.5802,-231.56409,1085.4934,1472.2473,-37.546707,1047.6383,1674.4724,36.58029,1452.2285,1576.9373,50.948544,1416.6825,1682.8356,50.901173,1415.5851,1383.8304,700.3801,1336.6583,1459.2375,646.5161,1364.2689,1363.2251,776.7206,1288.501,1436.0801,727.94226,1496.5775,1336.8386,883.3762,1405.8251,1405.037,842.595
IMG_4722 copy 20.png,569.9063,1575.0282,-858.86755,536.2494,1546.3436,-892.4735,534.2536,1527.0293,-893.4754,532.6068,1509.4435,-893.40314,525.24304,1591.4756,-869.42,516.3762,1604.4274,-871.0109,506.87164,1616.5974,-871.87036,502.72464,1453.2126,-807.09735,462.3679,1614.0853,-703.2482,588.37946,1539.8484,-794.04755,576.07794,1592.3335,-771.2833,681.95667,1297.3076,-637.96497,501.96704,1708.1421,-482.01355,935.4776,1323.9952,-355.66263,553.6524,1864.0042,-257.00226,1160.2014,1357.891,-156.43729,642.6428,1953.4811,-203.85193,1249.9059,1369.4167,-145.9214,674.5788,2010.7084,-214.47464,1245.3226,1378.8293,-231.90727,703.8458,1982.2126,-278.34644,1219.2526,1383.533,-178.68843,698.548,1959.5802,-231.56409,1085.4934,1472.2473,-37.546707,1047.6383,1674.4724,36.58029,1452.2285,1576.9373,50.948544,1416.6825,1682.8356,50.901173,1415.5851,1383.8304,700.3801,1336.6583,1459.2375,646.5161,1364.2689,1363.2251,776.7206,1288.501,1436.0801,727.94226,1496.5775,1336.8386,883.3762,1405.8251,1405.037,842.595
IMG_4722 copy 3.png,569.9063,1575.0282,-858.86755,536.2494,1546.3436,-892.4735,534.2536,1527.0293,-893.4754,532.6068,1509.4435,-893.40314,525.24304,1591.4756,-869.42,516.3762,1604.4274,-871.0109,506.87164,1616.5974,-871.87036,502.72464,1453.2126,-807.09735,462.3679,1614.0853,-703.2482,588.37946,1539.8484,-794.04755,576.07794,1592.3335,-771.2833,681.95667,1297.3076,-637.96497,501.96704,1708.1421,-482.01355,935.4776,1323.9952,-355.66263,553.6524,1864.0042,-257.00226,1160.2014,1357.891,-156.43729,642.6428,1953.4811,-203.85193,1249.9059,1369.4167,-145.9214,674.5788,2010.7084,-214.47464,1245.3226,1378.8293,-231.90727,703.8458,1982.2126,-278.34644,1219.2526,1383.533,-178.68843,698.548,1959.5802,-231.56409,1085.4934,1472.2473,-37.546707,1047.6383,1674.4724,36.58029,1452.2285,1576.9373,50.948544,1416.6825,1682.8356,50.901173,1415.5851,1383.8304,700.3801,1336.6583,1459.2375,646.5161,1364.2689,1363.2251,776.7206,1288.501,1436.0801,727.94226,1496.5775,1336.8386,883.3762,1405.8251,1405.037,842.595
IMG_4722 copy 4.png,569.9063,1575.0282,-858.86755,536.2494,1546.3436,-892.4735,534.2536,1527.0293,-893.4754,532.6068,1509.4435,-893.40314,525.24304,1591.4756,-869.42,516.3762,1604.4274,-871.0109,506.87164,1616.5974,-871.87036,502.72464,1453.2126,-807.09735,462.3679,1614.0853,-703.2482,588.37946,1539.8484,-794.04755,576.07794,1592.3335,-771.2833,681.95667,1297.3076,-637.96497,501.96704,1708.1421,-482.01355,935.4776,1323.9952,-355.66263,553.6524,1864.0042,-257.00226,1160.2014,1357.891,-156.43729,642.6428,1953.4811,-203.85193,1249.9059,1369.4167,-145.9214,674.5788,2010.7084,-214.47464,1245.3226,1378.8293,-231.90727,703.8458,1982.2126,-278.34644,1219.2526,1383.533,-178.68843,698.548,1959.5802,-231.56409,1085.4934,1472.2473,-37.546707,1047.6383,1674.4724,36.58029,1452.2285,1576.9373,50.948544,1416.6825,1682.8356,50.901173,1415.5851,1383.8304,700.3801,1336.6583,1459.2375,646.5161,1364.2689,1363.2251,776.7206,1288.501,1436.0801,727.94226,1496.5775,1336.8386,883.3762,1405.8251,1405.037,842.595
IMG_4722 copy 5.png,569.9063,1575.0282,-858.86755,536.2494,1546.3436,-892.4735,534.2536,1527.0293,-893.4754,532.6068,1509.4435,-893.40314,525.24304,1591.4756,-869.42,516.3762,1604.4274,-871.0109,506.87164,1616.5974,-871.87036,502.72464,1453.2126,-807.09735,462.3679,1614.0853,-703.2482,588.37946,1539.8484,-794.04755,576.07794,1592.3335,-771.2833,681.95667,1297.3076,-637.96497,501.96704,1708.1421,-482.01355,935.4776,1323.9952,-355.66263,553.6524,1864.0042,-257.00226,1160.2014,1357.891,-156.43729,642.6428,1953.4811,-203.85193,1249.9059,1369.4167,-145.9214,674.5788,2010.7084,-214.47464,1245.3226,1378.8293,-231.90727,703.8458,1982.2126,-278.34644,1219.2526,1383.533,-178.68843,698.548,1959.5802,-231.56409,1085.4934,1472.2473,-37.546707,1047.6383,1674.4724,36.58029,1452.2285,1576.9373,50.948544,1416.6825,1682.8356,50.901173,1415.5851,1383.8304,700.3801,1336.6583,1459.2375,646.5161,1364.2689,1363.2251,776.7206,1288.501,1436.0801,727.94226,1496.5775,1336.8386,883.3762,1405.8251,1405.037,842.595
IMG_4722 copy 6.png,569.9063,1575.0282,-858.86755,536.2494,1546.3436,-892.4735,534.2536,1527.0293,-893.4754,532.6068,1509.4435,-893.40314,525.24304,1591.4756,-869.42,516.3762,1604.4274,-871.0109,506.87164,1616.5974,-871.87036,502.72464,1453.2126,-807.09735,462.3679,1614.0853,-703.2482,588.37946,1539.8484,-794.04755,576.07794,1592.3335,-771.2833,681.95667,1297.3076,-637.96497,501.96704,1708.1421,-482.01355,935.4776,1323.9952,-355.66263,553.6524,1864.0042,-257.00226,1160.2014,1357.891,-156.43729,642.6428,1953.4811,-203.85193,1249.9059,1369.4167,-145.9214,674.5788,2010.7084,-214.47464,1245.3226,1378.8293,-231.90727,703.8458,1982.2126,-278.34644,1219.2526,1383.533,-178.68843,698.548,1959.5802,-231.56409,1085.4934,1472.2473,-37.546707,1047.6383,1674.4724,36.58029,1452.2285,1576.9373,50.948544,1416.6825,1682.8356,50.901173,1415.5851,1383.8304,700.3801,1336.6583,1459.2375,646.5161,1364.2689,1363.2251,776.7206,1288.501,1436.0801,727.94226,1496.5775,1336.8386,883.3762,1405.8251,1405.037,842.595
IMG_4722 copy 7.png,569.9063,1575.0282,-858.86755,536.2494,1546.3436,-892.4735,534.2536,1527.0293,-893.4754,532.6068,1509.4435,-893.40314,525.24304,1591.4756,-869.42,516.3762,1604.4274,-871.0109,506.87164,1616.5974,-871.87036,502.72464,1453.2126,-807.09735,462.3679,1614.0853,-703.2482,588.37946,1539.8484,-794.04755,576.07794,1592.3335,-771.2833,681.95667,1297.3076,-637.96497,501.96704,1708.1421,-482.01355,935.4776,1323.9952,-355.66263,553.6524,1864.0042,-257.00226,1160.2014,1357.891,-156.43729,642.6428,1953.4811,-203.85193,1249.9059,1369.4167,-145.9214,674.5788,2010.7084,-214.47464,1245.3226,1378.8293,-231.90727,703.8458,1982.2126,-278.34644,1219.2526,1383.533,-178.68843,698.548,1959.5802,-231.56409,1085.4934,1472.2473,-37.546707,1047.6383,1674.4724,36.58029,1452.2285,1576.9373,50.948544,1416.6825,1682.8356,50.901173,1415.5851,1383.8304,700.3801,1336.6583,1459.2375,646.5161,1364.2689,1363.2251,776.7206,1288.501,1436.0801,727.94226,1496.5775,1336.8386,883.3762,1405.8251,1405.037,842.595
IMG_4722 copy 8.png,569.9063,1575.0282,-858.86755,536.2494,1546.3436,-892.4735,534.2536,1527.0293,-893.4754,532.6068,1509.4435,-893.40314,525.24304,1591.4756,-869.42,516.3762,1604.4274,-871.0109,506.87164,1616.5974,-871.87036,502.72464,1453.2126,-807.09735,462.3679,1614.0853,-703.2482,588.37946,1539.8484,-794.04755,576.07794,1592.3335,-771.2833,681.95667,1297.3076,-637.96497,501.96704,1708.1421,-482.01355,935.4776,1323.9952,-355.66263,553.6524,1864.0042,-257.00226,1160.2014,1357.891,-156.43729,642.6428,1953.4811,-203.85193,1249.9059,1369.4167,-145.9214,674.5788,2010.7084,-214.47464,1245.3226,1378.8293,-231.90727,703.8458,1982.2126,-278.34644,1219.2526,1383.533,-178.68843,698.548,1959.5802,-231.56409,1085.4934,1472.2473,-37.546707,1047.6383,1674.4724,36.58029,1452.2285,1576.9373,50.948544,1416.6825,1682.8356,50.901173,1415.5851,1383.8304,700.3801,1336.6583,1459.2375,646.5161,1364.2689,1363.2251,776.7206,1288.501,1436.0801,727.94226,1496.5775,1336.8386,883.3762,1405.8251,1405.037,842.595
IMG_4722 copy 9.png,569.9063,1575.0282,-858.86755,536.2494,1546.3436,-892.4735,534.2536,1527.0293,-893.4754,532.6068,1509.4435,-893.40314,525.24304,1591.4756,-869.42,516.3762,1604.4274,-871.0109,506.87164,1616.5974,-871.87036,502.72464,1453.2126,-807.09735,462.3679,1614.0853,-703.2482,588.37946,1539.8484,-794.04755,576.07794,1592.3335,-771.2833,681.95667,1297.3076,-637.96497,501.96704,1708.1421,-482.01355,935.4776,1323.9952,-355.66263,553.6524,1864.0042,-257.00226,1160.2014,1357.891,-156.43729,642.6428,1953.4811,-203.85193,1249.9059,1369.4167,-145.9214,674.5788,2010.7084,-214.47464,1245.3226,1378.8293,-231.90727,703.8458,1982.2126,-278.34644,1219.2526,1383.533,-178.68843,698.548,1959.5802,-231.56409,1085.4934,1472.2473,-37.546707,1047.6383,1674.4724,36.58029,1452.2285,1576.9373,50.948544,1416.6825,1682.8356,50.901173,1415.5851,1383.8304,700.3801,1336.6583,1459.2375,646.5161,1364.2689,1363.2251,776.7206,1288.501,1436.0801,727.94226,1496.5775,1336.8386,883.3762,1405.8251,1405.037,842.595
IMG_4722 copy.png,569.9063,1575.0282,-858.86755,536.2494,1546.3436,-892.4735,534.2536,1527.0293,-893.4754,532.6068,1509.4435,-893.40314,525.24304,1591.4756,-869.42,516.3762,1604.4274,-871.0109,506.87164,1616.5974,-871.87036,502.72464,1453.2126,-807.09735,462.3679,1614.0853,-703.2482,588.37946,1539.8484,-794.04755,576.07794,1592.3335,-771.2833,681.95667,1297.3076,-637.96497,501.96704,1708.1421,-482.01355,935.4776,1323.9952,-355.66263,553.6524,1864.0042,-257.00226,1160.2014,1357.891,-156.43729,642.6428,1953.4811,-203.85193,1249.9059,1369.4167,-145.9214,674.5788,2010.7084,-214.47464,1245.3226,1378.8293,-231.90727,703.8458,1982.2126,-278.34644,1219.2526,1383.533,-178.68843,698.548,1959.5802,-231.56409,1085.4934,1472.2473,-37.546707,1047.6383,1674.4724,36.58029,1452.2285,1576.9373,50.948544,1416.6825,1682.8356,50.901173,1415.5851,1383.8304,700.3801,1336.6583,1459.2375,646.5161,1364.2689,1363.2251,776.7206,1288.501,1436.0801,727.94226,1496.5775,1336.8386,883.3762,1405.8251,1405.037,842.595
IMG_4722.png,569.9063,1575.0282,-858.86755,536.2494,1546.3436,-892.4735,534.2536,1527.0293,-893.4754,532.6068,1509.4435,-893.40314,525.24304,1591.4756,-869.42,516.3762,1604.4274,-871.0109,506.87164,1616.5974,-871.87036,502.72464,1453.2126,-807.09735,462.3679,1614.0853,-703.2482,588.37946,1539.8484,-794.04755,576.07794,1592.3335,-771.2833,681.95667,1297.3076,-637.96497,501.96704,1708.1421,-482.01355,935.4776,1323.9952,-355.66263,553.6524,1864.0042,-257.00226,1160.2014,1357.891,-156.43729,642.6428,1953.4811,-203.85193,1249.9059,1369.4167,-145.9214,674.5788,2010.7084,-214.47464,1245.3226,1378.8293,-231.90727,703.8458,1982.2126,-278.34644,1219.2526,1383.533,-178.68843,698.548,1959.5802,-231.56409,1085.4934,1472.2473,-37.546707,1047.6383,1674.4724,36.58029,1452.2285,1576.9373,50.948544,1416.6825,1682.8356,50.901173,1415.5851,1383.8304,700.3801,1336.6583,1459.2375,646.5161,1364.2689,1363.2251,776.7206,1288.501,1436.0801,727.94226,1496.5775,1336.8386,883.3762,1405.8251,1405.037,842.595
IMG_4733.JPG,1518.1415,1815.4752,-216.79996,1552.6682,1791.0281,-319.71054,1553.6947,1776.2444,-320.40518,1554.249,1759.9728,-320.4705,1547.1327,1834.2178,-328.22565,1544.1926,1851.5044,-328.96722,1541.7413,1868.0033,-329.2394,1517.495,1732.1447,-669.8804,1504.3643,1900.5309,-697.1846,1470.225,1801.7234,-306.31125,1467.6349,1836.2118,-319.5019,1267.6858,1572.5604,-712.79175,1268.852,2024.2181,-858.4203,997.2118,1547.4282,-537.72186,1208.595,2326.7327,-914.2047,863.3055,1533.9838,-287.08707,1452.7847,2236.1716,-763.7367,820.59534,1521.8475,-291.7257,1518.994,2228.4878,-849.601,832.04016,1537.042,-340.80115,1508.7803,2185.0645,-811.2732,847.45856,1551.8289,-298.47354,1477.8284,2182.761,-756.0412,916.159,1661.9532,2.708842,932.8906,1866.9028,-3.9202285,707.5074,1713.4558,65.44585,1043.9965,1907.5635,1260.1906,384.717,1727.942,562.93494,962.8502,1980.1943,2417.1726,318.8306,1747.354,621.3971,915.48175,1988.2954,2545.1892,371.87302,1641.0411,644.3959,1059.6876,2001.7034,2806.6265
IMG_4735.png,1184.5072,899.61035,904.62695,1211.5946,868.7721,820.6105,1210.6794,864.03436,820.0673,1209.9534,859.41473,819.87787,1228.3794,881.315,895.6378,1239.663,885.6049,894.79156,1251.1786,889.58057,894.5842,1232.7029,863.9214,506.4976,1284.8202,903.7526,834.7801,1176.4075,909.6264,808.98755,1191.2601,924.8765,898.30054,1139.9274,912.2123,91.89739,1332.517,1141.6241,739.7004,943.47437,1160.1559,-237.856,1347.4084,1427.1604,348.87057,690.2122,1404.46,-233.40216,1098.1205,1363.2235,-7.562534,632.7014,1477.223,-244.99127,1064.1384,1348.2886,-36.289917,612.99854,1483.7501,-214.8497,1055.6617,1330.224,-45.788322,635.27045,1462.6362,-207.85805,1064.9783,1338.5865,-29.488451,862.1456,1406.2549,-201.10222,973.8639,1507.169,199.27194,449.3065,1782.7472,-485.06113,581.39056,1795.4362,11.807413,786.5117,2067.7417,-813.3129,797.749,2117.2834,-451.34167,874.0794,2045.7936,-834.31866,813.4325,2168.394,-494.45282,799.90497,2339.553,-827.2568,814.032,2362.5815,-549.7587
IMG_4736.png,1206.8558,1072.6649,765.01624,1228.3606,1045.5436,692.2139,1228.1571,1040.2959,691.7448,1227.5587,1035.4471,691.69977,1241.4238,1060.5669,755.681,1250.041,1065.4648,754.9113,1258.4502,1069.6978,754.73816,1240.4749,1037.4691,424.25525,1285.6371,1083.6489,702.6143,1201.4767,1080.2277,683.7846,1213.2892,1094.069,758.9872,1185.3939,1064.3948,47.364872,1297.6414,1303.2886,636.19885,1012.6559,1225.1,-277.6237,1261.1516,1566.3739,342.43323,780.13794,1378.327,-309.33878,1073.3137,1464.1399,96.68661,716.34906,1437.1968,-318.55725,1047.2659,1444.132,84.2626,698.86017,1437.1675,-290.11774,1039.3762,1430.7224,83.96901,731.99915,1420.4546,-286.873,1047.9071,1438.2913,81.89889,860.46106,1484.1581,-189.58075,941.6045,1586.3475,188.1902,480.16898,1734.3773,-402.9437,600.35596,1702.1118,109.55697,722.2506,1988.0535,-765.1966,670.02545,1957.409,-370.09787,806.8026,2008.5161,-791.3074,739.5912,1966.5973,-419.13617,613.1022,2193.3625,-794.4823,564.0064,2149.0498,-471.1324
IMG_4737.JPG,541.6211,1074.5066,302.3081,530.9577,1036.8907,291.49805,535.9352,1026.796,290.90555,541.07605,1015.9808,291.02438,525.975,1053.5942,385.39026,526.26953,1057.9082,384.6893,525.98505,1062.4808,384.5964,588.33295,980.66156,294.17096,554.34576,1051.2886,726.8582,583.55396,1073.206,312.26297,573.3554,1092.8334,430.40216,782.0926,1024.5334,51.387115,707.10675,1176.7603,1053.6781,971.2352,1230.0472,-191.94539,773.2552,1407.0464,1380.6333,1126.2773,1434.7574,-355.18533,571.58466,1483.8784,1399.1725,1182.4856,1498.6858,-428.4374,519.61694,1501.7847,1426.1743,1148.4661,1506.2738,-432.999,504.855,1487.436,1348.3665,1127.7291,1492.3724,-351.5362,523.0966,1480.016,1356.7437,993.1061,1436.1079,-277.347,930.0666,1519.4508,276.6307,1218.1005,1822.3185,-611.0172,1154.3704,1906.3048,49.207367,1608.2008,1707.1143,-264.44177,1564.3026,1789.2065,309.64212,1624.6177,1644.5621,-224.6341,1592.2098,1742.6644,338.7872,1795.654,1786.5201,-352.69357,1744.8062,1859.3474,193.61888
IMG_4738.png,280.1531,1199.0581,108.55238,246.394,1158.9891,38.343224,250.84886,1148.0841,37.43582,254.74207,1135.9688,37.40433,241.16396,1165.7126,155.76974,240.88118,1161.8329,154.45703,239.67953,1157.1829,153.70392,303.84866,1045.7196,-106.67787,289.3038,1073.858,431.77823,348.00302,1186.2458,77.6625,342.00504,1198.6218,223.72888,600.9777,989.89215,-359.22595,497.7463,1226.9006,755.0995,929.53076,1196.287,-480.35678,539.02515,1524.1791,1084.8492,1214.0525,1447.9219,-538.6158,322.43774,1663.6124,1023.1353,1289.3715,1536.5394,-598.3056,272.47757,1718.3157,1023.7605,1240.2068,1570.937,-627.9866,255.76999,1717.1229,920.0529,1209.8916,1546.6741,-539.20416,276.22516,1700.9727,965.77576,1074.2108,1549.2106,-303.97894,944.3315,1692.0236,303.20093,1448.7748,2095.1611,-539.7457,1326.5371,2233.0183,71.0521,1827.9932,1806.8649,149.87314,1764.114,1925.7814,435.53134,1848.305,1718.2731,235.21133,1808.8501,1846.1565,488.56223,1986.829,1940.675,282.81732,1942.7854,2018.0135,488.94632
IMG_4739.png,583.25964,1553.9359,-145.34555,557.1132,1524.1035,-117.91455,559.47296,1511.2445,-118.52469,562.0776,1496.4307,-118.45315,552.596,1545.0559,-77.23538,550.7307,1549.0032,-78.14363,548.221,1552.8185,-78.61162,584.67334,1448.2019,55.212093,561.8417,1530.7173,235.83008,619.1565,1535.7399,-76.507034,610.8234,1561.2974,-29.48293,828.1486,1397.4929,52.781513,701.74335,1638.6592,378.69278,1096.469,1500.7297,138.66692,692.614,1802.8619,140.8162,1324.8932,1588.5881,124.14682,673.5258,1906.6791,-425.91803,1391.9424,1615.5509,81.709564,658.34485,1942.4639,-532.18646,1384.0969,1627.4082,12.155852,661.8613,1926.8761,-575.9217,1362.4227,1624.4332,101.258606,676.57635,1911.5652,-466.2494,1183.0721,1646.3468,-79.05004,1122.6292,1789.3308,78.34516,1548.2339,1818.5676,-242.40388,1514.0123,1926.6848,-106.53756,1588.0132,1647.7491,545.8392,1570.6967,1711.6244,612.8858,1563.7211,1602.8586,635.52277,1545.0004,1675.759,700.7733,1736.3191,1637.4755,707.47516,1694.1904,1706.5057,762.6877
IMG_4740.png,464.27823,1619.654,-1025.1676,438.15,1578.71,-1061.5209,446.93182,1554.1891,-1062.3384,453.71323,1529.444,-1062.3256,409.4792,1624.1532,-1002.95605,398.47284,1633.5256,-1004.46936,388.0024,1641.8904,-1005.3322,433.95975,1430.4553,-945.78406,360.59937,1596.8883,-678.92004,508.26437,1577.8806,-948.3842,484.5373,1625.903,-877.74994,565.9642,1190.5687,-741.94476,434.4029,1672.9557,-418.17938,921.08905,1149.7842,-680.1229,496.81393,1907.3615,-312.01517,1250.1804,1166.2258,-712.77496,612.1713,2063.2173,-411.2743,1348.5153,1190.9578,-766.7691,654.3709,2131.1433,-450.1072,1345.5938,1216.6017,-862.8048,683.8606,2096.983,-541.04333,1307.8064,1218.7926,-745.14557,683.36975,2069.623,-455.40274,1082.4956,1356.7161,-66.22064,1030.6271,1603.0425,65.336624,1681.0105,1455.1915,-202.17628,1649.812,1636.105,-208.0147,1415.9407,1323.234,906.19324,1358.2234,1526.4985,896.1171,1358.1411,1321.8806,1041.0103,1357.402,1501.0472,1043.9521,1539.9639,1355.9209,1322.1295,1523.1227,1482.7141,1370.8844
IMG_4741.png,601.83734,1741.5648,-555.6898,576.90845,1715.2454,-555.856,576.4373,1701.3763,-556.4397,576.9617,1688.8951,-556.3675,571.0665,1739.2856,-529.22876,565.51886,1746.2844,-530.20526,560.00903,1753.554,-530.7942,579.3314,1641.4796,-411.33435,554.30524,1735.4924,-293.60773,626.00867,1722.5203,-486.38754,617.7831,1753.5254,-456.86246,755.6466,1557.7343,-273.66782,603.36053,1810.9824,-153.06877,992.33734,1611.3031,-75.108086,590.8473,1992.97,-335.50693,1189.2101,1662.0413,29.257769,657.3186,2066.9695,-815.3598,1251.6124,1675.5419,13.819189,674.1283,2099.1362,-917.2795,1253.7179,1678.5474,-77.70381,695.7284,2076.0032,-961.30505,1226.9049,1678.5231,0.1443228,698.6718,2058.8804,-849.51556,1068.33,1734.2565,-21.666906,1030.2864,1878.3033,21.129303,1410.9581,1826.3689,-91.799576,1388.5961,1925.9213,-118.46121,1313.1012,1704.489,745.13776,1314.8668,1794.366,683.7241,1313.716,1701.0972,843.7188,1278.6381,1775.0409,786.27216,1367.3478,1701.075,1026.377,1382.4266,1742.4618,957.722
IMG_4759 copy 10.JPG,1898.9125,1063.3262,1019.8678,1931.4203,1037.7948,890.2591,1928.6797,1026.1749,889.35767,1925.4078,1015.2691,889.33105,1945.9586,1071.622,928.2344,1953.5071,1083.9244,927.00464,1961.2656,1096.6667,926.578,1914.0288,1018.1523,410.45978,1966.4685,1139.169,582.8061,1868.7349,1064.2926,878.0421,1879.0237,1101.8757,918.2125,1723.3262,968.096,23.941242,1850.4485,1430.474,352.32745,1305.843,1059.3829,-72.12484,1709.5884,1736.6276,456.81137,962.1608,1181.3403,94.22848,1736.6809,1576.6693,1055.1174,883.3601,1211.0652,150.04015,1737.3984,1556.4127,1172.2821,893.43115,1234.3911,104.83576,1737.1901,1526.792,1173.6072,925.9837,1233.4435,93.26784,1725.8436,1532.1477,1065.9546,1084.0054,1339.757,-103.51922,1148.693,1566.6112,101.39624,738.31903,1445.1019,-638.1637,787.1961,1637.0223,-351.3443,386.2956,1641.273,-1932.4751,398.98563,1764.2006,-2110.486,369.0333,1702.8628,-2064.994,388.33807,1813.3306,-2289.5737,98.56401,1702.37,-2196.0225,147.38701,1807.8187,-2478.3518
IMG_4759 copy 11.JPG,1898.9125,1063.3262,1019.8678,1931.4203,1037.7948,890.2591,1928.6797,1026.1749,889.35767,1925.4078,1015.2691,889.33105,1945.9586,1071.622,928.2344,1953.5071,1083.9244,927.00464,1961.2656,1096.6667,926.578,1914.0288,1018.1523,410.45978,1966.4685,1139.169,582.8061,1868.7349,1064.2926,878.0421,1879.0237,1101.8757,918.2125,1723.3262,968.096,23.941242,1850.4485,1430.474,352.32745,1305.843,1059.3829,-72.12484,1709.5884,1736.6276,456.81137,962.1608,1181.3403,94.22848,1736.6809,1576.6693,1055.1174,883.3601,1211.0652,150.04015,1737.3984,1556.4127,1172.2821,893.43115,1234.3911,104.83576,1737.1901,1526.792,1173.6072,925.9837,1233.4435,93.26784,1725.8436,1532.1477,1065.9546,1084.0054,1339.757,-103.51922,1148.693,1566.6112,101.39624,738.31903,1445.1019,-638.1637,787.1961,1637.0223,-351.3443,386.2956,1641.273,-1932.4751,398.98563,1764.2006,-2110.486,369.0333,1702.8628,-2064.994,388.33807,1813.3306,-2289.5737,98.56401,1702.37,-2196.0225,147.38701,1807.8187,-2478.3518
IMG_4759 copy 12.JPG,1898.9125,1063.3262,1019.8678,1931.4203,1037.7948,890.2591,1928.6797,1026.1749,889.35767,1925.4078,1015.2691,889.33105,1945.9586,1071.622,928.2344,1953.5071,1083.9244,927.00464,1961.2656,1096.6667,926.578,1914.0288,1018.1523,410.45978,1966.4685,1139.169,582.8061,1868.7349,1064.2926,878.0421,1879.0237,1101.8757,918.2125,1723.3262,968.096,23.941242,1850.4485,1430.474,352.32745,1305.843,1059.3829,-72.12484,1709.5884,1736.6276,456.81137,962.1608,1181.3403,94.22848,1736.6809,1576.6693,1055.1174,883.3601,1211.0652,150.04015,1737.3984,1556.4127,1172.2821,893.43115,1234.3911,104.83576,1737.1901,1526.792,1173.6072,925.9837,1233.4435,93.26784,1725.8436,1532.1477,1065.9546,1084.0054,1339.757,-103.51922,1148.693,1566.6112,101.39624,738.31903,1445.1019,-638.1637,787.1961,1637.0223,-351.3443,386.2956,1641.273,-1932.4751,398.98563,1764.2006,-2110.486,369.0333,1702.8628,-2064.994,388.33807,1813.3306,-2289.5737,98.56401,1702.37,-2196.0225,147.38701,1807.8187,-2478.3518
IMG_4759 copy 13.JPG,1898.9125,1063.3262,1019.8678,1931.4203,1037.7948,890.2591,1928.6797,1026.1749,889.35767,1925.4078,1015.2691,889.33105,1945.9586,1071.622,928.2344,1953.5071,1083.9244,927.00464,1961.2656,1096.6667,926.578,1914.0288,1018.1523,410.45978,1966.4685,1139.169,582.8061,1868.7349,1064.2926,878.0421,1879.0237,1101.8757,918.2125,1723.3262,968.096,23.941242,1850.4485,1430.474,352.32745,1305.843,1059.3829,-72.12484,1709.5884,1736.6276,456.81137,962.1608,1181.3403,94.22848,1736.6809,1576.6693,1055.1174,883.3601,1211.0652,150.04015,1737.3984,1556.4127,1172.2821,893.43115,1234.3911,104.83576,1737.1901,1526.792,1173.6072,925.9837,1233.4435,93.26784,1725.8436,1532.1477,1065.9546,1084.0054,1339.757,-103.51922,1148.693,1566.6112,101.39624,738.31903,1445.1019,-638.1637,787.1961,1637.0223,-351.3443,386.2956,1641.273,-1932.4751,398.98563,1764.2006,-2110.486,369.0333,1702.8628,-2064.994,388.33807,1813.3306,-2289.5737,98.56401,1702.37,-2196.0225,147.38701,1807.8187,-2478.3518
IMG_4759 copy 14.JPG,1898.9125,1063.3262,1019.8678,1931.4203,1037.7948,890.2591,1928.6797,1026.1749,889.35767,1925.4078,1015.2691,889.33105,1945.9586,1071.622,928.2344,1953.5071,1083.9244,927.00464,1961.2656,1096.6667,926.578,1914.0288,1018.1523,410.45978,1966.4685,1139.169,582.8061,1868.7349,1064.2926,878.0421,1879.0237,1101.8757,918.2125,1723.3262,968.096,23.941242,1850.4485,1430.474,352.32745,1305.843,1059.3829,-72.12484,1709.5884,1736.6276,456.81137,962.1608,1181.3403,94.22848,1736.6809,1576.6693,1055.1174,883.3601,1211.0652,150.04015,1737.3984,1556.4127,1172.2821,893.43115,1234.3911,104.83576,1737.1901,1526.792,1173.6072,925.9837,1233.4435,93.26784,1725.8436,1532.1477,1065.9546,1084.0054,1339.757,-103.51922,1148.693,1566.6112,101.39624,738.31903,1445.1019,-638.1637,787.1961,1637.0223,-351.3443,386.2956,1641.273,-1932.4751,398.98563,1764.2006,-2110.486,369.0333,1702.8628,-2064.994,388.33807,1813.3306,-2289.5737,98.56401,1702.37,-2196.0225,147.38701,1807.8187,-2478.3518
IMG_4759 copy 2.JPG,1898.9125,1063.3262,1019.8678,1931.4203,1037.7948,890.2591,1928.6797,1026.1749,889.35767,1925.4078,1015.2691,889.33105,1945.9586,1071.622,928.2344,1953.5071,1083.9244,927.00464,1961.2656,1096.6667,926.578,1914.0288,1018.1523,410.45978,1966.4685,1139.169,582.8061,1868.7349,1064.2926,878.0421,1879.0237,1101.8757,918.2125,1723.3262,968.096,23.941242,1850.4485,1430.474,352.32745,1305.843,1059.3829,-72.12484,1709.5884,1736.6276,456.81137,962.1608,1181.3403,94.22848,1736.6809,1576.6693,1055.1174,883.3601,1211.0652,150.04015,1737.3984,1556.4127,1172.2821,893.43115,1234.3911,104.83576,1737.1901,1526.792,1173.6072,925.9837,1233.4435,93.26784,1725.8436,1532.1477,1065.9546,1084.0054,1339.757,-103.51922,1148.693,1566.6112,101.39624,738.31903,1445.1019,-638.1637,787.1961,1637.0223,-351.3443,386.2956,1641.273,-1932.4751,398.98563,1764.2006,-2110.486,369.0333,1702.8628,-2064.994,388.33807,1813.3306,-2289.5737,98.56401,1702.37,-2196.0225,147.38701,1807.8187,-2478.3518
IMG_4759 copy 3.JPG,1898.9125,1063.3262,1019.8678,1931.4203,1037.7948,890.2591,1928.6797,1026.1749,889.35767,1925.4078,1015.2691,889.33105,1945.9586,1071.622,928.2344,1953.5071,1083.9244,927.00464,1961.2656,1096.6667,926.578,1914.0288,1018.1523,410.45978,1966.4685,1139.169,582.8061,1868.7349,1064.2926,878.0421,1879.0237,1101.8757,918.2125,1723.3262,968.096,23.941242,1850.4485,1430.474,352.32745,1305.843,1059.3829,-72.12484,1709.5884,1736.6276,456.81137,962.1608,1181.3403,94.22848,1736.6809,1576.6693,1055.1174,883.3601,1211.0652,150.04015,1737.3984,1556.4127,1172.2821,893.43115,1234.3911,104.83576,1737.1901,1526.792,1173.6072,925.9837,1233.4435,93.26784,1725.8436,1532.1477,1065.9546,1084.0054,1339.757,-103.51922,1148.693,1566.6112,101.39624,738.31903,1445.1019,-638.1637,787.1961,1637.0223,-351.3443,386.2956,1641.273,-1932.4751,398.98563,1764.2006,-2110.486,369.0333,1702.8628,-2064.994,388.33807,1813.3306,-2289.5737,98.56401,1702.37,-2196.0225,147.38701,1807.8187,-2478.3518
IMG_4759 copy 4.JPG,1898.9125,1063.3262,1019.8678,1931.4203,1037.7948,890.2591,1928.6797,1026.1749,889.35767,1925.4078,1015.2691,889.33105,1945.9586,1071.622,928.2344,1953.5071,1083.9244,927.00464,1961.2656,1096.6667,926.578,1914.0288,1018.1523,410.45978,1966.4685,1139.169,582.8061,1868.7349,1064.2926,878.0421,1879.0237,1101.8757,918.2125,1723.3262,968.096,23.941242,1850.4485,1430.474,352.32745,1305.843,1059.3829,-72.12484,1709.5884,1736.6276,456.81137,962.1608,1181.3403,94.22848,1736.6809,1576.6693,1055.1174,883.3601,1211.0652,150.04015,1737.3984,1556.4127,1172.2821,893.43115,1234.3911,104.83576,1737.1901,1526.792,1173.6072,925.9837,1233.4435,93.26784,1725.8436,1532.1477,1065.9546,1084.0054,1339.757,-103.51922,1148.693,1566.6112,101.39624,738.31903,1445.1019,-638.1637,787.1961,1637.0223,-351.3443,386.2956,1641.273,-1932.4751,398.98563,1764.2006,-2110.486,369.0333,1702.8628,-2064.994,388.33807,1813.3306,-2289.5737,98.56401,1702.37,-2196.0225,147.38701,1807.8187,-2478.3518
IMG_4759 copy 5.JPG,1898.9125,1063.3262,1019.8678,1931.4203,1037.7948,890.2591,1928.6797,1026.1749,889.35767,1925.4078,1015.2691,889.33105,1945.9586,1071.622,928.2344,1953.5071,1083.9244,927.00464,1961.2656,1096.6667,926.578,1914.0288,1018.1523,410.45978,1966.4685,1139.169,582.8061,1868.7349,1064.2926,878.0421,1879.0237,1101.8757,918.2125,1723.3262,968.096,23.941242,1850.4485,1430.474,352.32745,1305.843,1059.3829,-72.12484,1709.5884,1736.6276,456.81137,962.1608,1181.3403,94.22848,1736.6809,1576.6693,1055.1174,883.3601,1211.0652,150.04015,1737.3984,1556.4127,1172.2821,893.43115,1234.3911,104.83576,1737.1901,1526.792,1173.6072,925.9837,1233.4435,93.26784,1725.8436,1532.1477,1065.9546,1084.0054,1339.757,-103.51922,1148.693,1566.6112,101.39624,738.31903,1445.1019,-638.1637,787.1961,1637.0223,-351.3443,386.2956,1641.273,-1932.4751,398.98563,1764.2006,-2110.486,369.0333,1702.8628,-2064.994,388.33807,1813.3306,-2289.5737,98.56401,1702.37,-2196.0225,147.38701,1807.8187,-2478.3518
IMG_4759 copy 6.JPG,1898.9125,1063.3262,1019.8678,1931.4203,1037.7948,890.2591,1928.6797,1026.1749,889.35767,1925.4078,1015.2691,889.33105,1945.9586,1071.622,928.2344,1953.5071,1083.9244,927.00464,1961.2656,1096.6667,926.578,1914.0288,1018.1523,410.45978,1966.4685,1139.169,582.8061,1868.7349,1064.2926,878.0421,1879.0237,1101.8757,918.2125,1723.3262,968.096,23.941242,1850.4485,1430.474,352.32745,1305.843,1059.3829,-72.12484,1709.5884,1736.6276,456.81137,962.1608,1181.3403,94.22848,1736.6809,1576.6693,1055.1174,883.3601,1211.0652,150.04015,1737.3984,1556.4127,1172.2821,893.43115,1234.3911,104.83576,1737.1901,1526.792,1173.6072,925.9837,1233.4435,93.26784,1725.8436,1532.1477,1065.9546,1084.0054,1339.757,-103.51922,1148.693,1566.6112,101.39624,738.31903,1445.1019,-638.1637,787.1961,1637.0223,-351.3443,386.2956,1641.273,-1932.4751,398.98563,1764.2006,-2110.486,369.0333,1702.8628,-2064.994,388.33807,1813.3306,-2289.5737,98.56401,1702.37,-2196.0225,147.38701,1807.8187,-2478.3518
IMG_4759 copy 7.JPG,1898.9125,1063.3262,1019.8678,1931.4203,1037.7948,890.2591,1928.6797,1026.1749,889.35767,1925.4078,1015.2691,889.33105,1945.9586,1071.622,928.2344,1953.5071,1083.9244,927.00464,1961.2656,1096.6667,926.578,1914.0288,1018.1523,410.45978,1966.4685,1139.169,582.8061,1868.7349,1064.2926,878.0421,1879.0237,1101.8757,918.2125,1723.3262,968.096,23.941242,1850.4485,1430.474,352.32745,1305.843,1059.3829,-72.12484,1709.5884,1736.6276,456.81137,962.1608,1181.3403,94.22848,1736.6809,1576.6693,1055.1174,883.3601,1211.0652,150.04015,1737.3984,1556.4127,1172.2821,893.43115,1234.3911,104.83576,1737.1901,1526.792,1173.6072,925.9837,1233.4435,93.26784,1725.8436,1532.1477,1065.9546,1084.0054,1339.757,-103.51922,1148.693,1566.6112,101.39624,738.31903,1445.1019,-638.1637,787.1961,1637.0223,-351.3443,386.2956,1641.273,-1932.4751,398.98563,1764.2006,-2110.486,369.0333,1702.8628,-2064.994,388.33807,1813.3306,-2289.5737,98.56401,1702.37,-2196.0225,147.38701,1807.8187,-2478.3518
IMG_4759 copy 8.JPG,1898.9125,1063.3262,1019.8678,1931.4203,1037.7948,890.2591,1928.6797,1026.1749,889.35767,1925.4078,1015.2691,889.33105,1945.9586,1071.622,928.2344,1953.5071,1083.9244,927.00464,1961.2656,1096.6667,926.578,1914.0288,1018.1523,410.45978,1966.4685,1139.169,582.8061,1868.7349,1064.2926,878.0421,1879.0237,1101.8757,918.2125,1723.3262,968.096,23.941242,1850.4485,1430.474,352.32745,1305.843,1059.3829,-72.12484,1709.5884,1736.6276,456.81137,962.1608,1181.3403,94.22848,1736.6809,1576.6693,1055.1174,883.3601,1211.0652,150.04015,1737.3984,1556.4127,1172.2821,893.43115,1234.3911,104.83576,1737.1901,1526.792,1173.6072,925.9837,1233.4435,93.26784,1725.8436,1532.1477,1065.9546,1084.0054,1339.757,-103.51922,1148.693,1566.6112,101.39624,738.31903,1445.1019,-638.1637,787.1961,1637.0223,-351.3443,386.2956,1641.273,-1932.4751,398.98563,1764.2006,-2110.486,369.0333,1702.8628,-2064.994,388.33807,1813.3306,-2289.5737,98.56401,1702.37,-2196.0225,147.38701,1807.8187,-2478.3518
IMG_4759 copy 9.JPG,1898.9125,1063.3262,1019.8678,1931.4203,1037.7948,890.2591,1928.6797,1026.1749,889.35767,1925.4078,1015.2691,889.33105,1945.9586,1071.622,928.2344,1953.5071,1083.9244,927.00464,1961.2656,1096.6667,926.578,1914.0288,1018.1523,410.45978,1966.4685,1139.169,582.8061,1868.7349,1064.2926,878.0421,1879.0237,1101.8757,918.2125,1723.3262,968.096,23.941242,1850.4485,1430.474,352.32745,1305.843,1059.3829,-72.12484,1709.5884,1736.6276,456.81137,962.1608,1181.3403,94.22848,1736.6809,1576.6693,1055.1174,883.3601,1211.0652,150.04015,1737.3984,1556.4127,1172.2821,893.43115,1234.3911,104.83576,1737.1901,1526.792,1173.6072,925.9837,1233.4435,93.26784,1725.8436,1532.1477,1065.9546,1084.0054,1339.757,-103.51922,1148.693,1566.6112,101.39624,738.31903,1445.1019,-638.1637,787.1961,1637.0223,-351.3443,386.2956,1641.273,-1932.4751,398.98563,1764.2006,-2110.486,369.0333,1702.8628,-2064.994,388.33807,1813.3306,-2289.5737,98.56401,1702.37,-2196.0225,147.38701,1807.8187,-2478.3518
IMG_4759 copy.JPG,1898.9125,1063.3262,1019.8678,1931.4203,1037.7948,890.2591,1928.6797,1026.1749,889.35767,1925.4078,1015.2691,889.33105,1945.9586,1071.622,928.2344,1953.5071,1083.9244,927.00464,1961.2656,1096.6667,926.578,1914.0288,1018.1523,410.45978,1966.4685,1139.169,582.8061,1868.7349,1064.2926,878.0421,1879.0237,1101.8757,918.2125,1723.3262,968.096,23.941242,1850.4485,1430.474,352.32745,1305.843,1059.3829,-72.12484,1709.5884,1736.6276,456.81137,962.1608,1181.3403,94.22848,1736.6809,1576.6693,1055.1174,883.3601,1211.0652,150.04015,1737.3984,1556.4127,1172.2821,893.43115,1234.3911,104.83576,1737.1901,1526.792,1173.6072,925.9837,1233.4435,93.26784,1725.8436,1532.1477,1065.9546,1084.0054,1339.757,-103.51922,1148.693,1566.6112,101.39624,738.31903,1445.1019,-638.1637,787.1961,1637.0223,-351.3443,386.2956,1641.273,-1932.4751,398.98563,1764.2006,-2110.486,369.0333,1702.8628,-2064.994,388.33807,1813.3306,-2289.5737,98.56401,1702.37,-2196.0225,147.38701,1807.8187,-2478.3518
IMG_4759.JPG,1898.9125,1063.3262,1019.8678,1931.4203,1037.7948,890.2591,1928.6797,1026.1749,889.35767,1925.4078,1015.2691,889.33105,1945.9586,1071.622,928.2344,1953.5071,1083.9244,927.00464,1961.2656,1096.6667,926.578,1914.0288,1018.1523,410.45978,1966.4685,1139.169,582.8061,1868.7349,1064.2926,878.0421,1879.0237,1101.8757,918.2125,1723.3262,968.096,23.941242,1850.4485,1430.474,352.32745,1305.843,1059.3829,-72.12484,1709.5884,1736.6276,456.81137,962.1608,1181.3403,94.22848,1736.6809,1576.6693,1055.1174,883.3601,1211.0652,150.04015,1737.3984,1556.4127,1172.2821,893.43115,1234.3911,104.83576,1737.1901,1526.792,1173.6072,925.9837,1233.4435,93.26784,1725.8436,1532.1477,1065.9546,1084.0054,1339.757,-103.51922,1148.693,1566.6112,101.39624,738.31903,1445.1019,-638.1637,787.1961,1637.0223,-351.3443,386.2956,1641.273,-1932.4751,398.98563,1764.2006,-2110.486,369.0333,1702.8628,-2064.994,388.33807,1813.3306,-2289.5737,98.56401,1702.37,-2196.0225,147.38701,1807.8187,-2478.3518
IMG_4760.JPG,1537.4229,742.2504,1775.3301,1564.2546,722.207,1733.0946,1565.7031,718.7964,1732.2239,1567.4508,715.156,1732.3632,1561.8591,730.8533,1814.2405,1562.7932,733.1496,1813.4236,1564.8495,734.5637,1813.5679,1566.47,718.2397,1466.96,1571.363,746.75476,1820.7533,1523.3365,759.563,1683.531,1519.632,771.039,1778.1665,1459.9165,732.2993,728.2675,1564.6091,954.1322,1669.1055,1247.2527,916.913,-84.48239,1563.0676,1174.8439,1196.936,988.91205,1128.1959,-489.0311,1467.9246,1300.917,759.6731,900.9742,1183.5957,-595.8019,1468.0867,1303.3555,693.06433,890.699,1198.8792,-520.0945,1443.5608,1287.5911,712.92236,928.3492,1202.8981,-452.29944,1446.348,1288.395,740.14124,1173.7095,1179.5771,-298.83655,1299.5883,1343.825,295.9681,716.3114,1433.4818,-648.1324,840.75745,1637.8334,-56.887783,714.2294,1894.9114,-1564.4832,726.1345,1972.9738,-1070.49,814.5007,1962.7974,-1662.198,827.5852,2058.4307,-1187.8425,501.39658,2184.084,-2042.8359,525.5605,2217.1804,-1599.4182
IMG_4761.JPG,815.25397,729.0247,999.4599,843.0587,681.5535,972.0997,853.2253,676.19855,971.46124,863.0761,671.17957,971.41144,837.6202,687.3962,1093.8832,843.2506,687.04596,1092.9663,849.72534,686.7845,1092.9902,921.6673,657.09564,869.9374,907.6126,674.0851,1421.0409,847.9179,751.2162,965.2077,842.64453,762.09576,1117.004,1038.133,685.55426,328.337,933.1116,910.67145,1567.8075,1193.9008,804.8641,-294.8838,942.09247,1212.2228,1493.7239,1132.3867,1120.318,-703.4,750.36,1271.5785,1073.2152,1140.5101,1214.2268,-820.0674,686.68976,1288.4031,1043.1416,1064.045,1202.9313,-776.04553,668.6039,1279.3577,948.6172,1062.4575,1188.5863,-681.68274,690.82715,1277.0065,1009.14734,1148.4962,1275.5918,-353.47217,1062.3334,1393.9841,351.98642,1025.7128,1699.4417,-1067.0023,998.316,1886.115,-202.7601,1595.2141,1995.1544,-1631.1436,1547.8685,2130.689,-685.56134,1705.9756,1961.9246,-1695.0143,1656.4856,2137.8296,-741.17004,1693.8003,2236.663,-1995.1874,1660.5084,2357.619,-986.3952
IMG_4763.JPG,532.12537,1596.9921,-2093.325,484.67758,1553.5416,-2113.7683,484.31592,1529.0243,-2115.0757,482.97592,1504.7346,-2114.974,469.97427,1613.0867,-2092.036,458.91376,1628.8191,-2093.7007,447.29398,1643.3256,-2094.8499,451.02173,1429.427,-1800.5795,401.60214,1626.9691,-1707.904,574.8805,1558.2839,-1933.1897,554.69385,1621.6783,-1913.5082,562.508,1218.1049,-1368.9222,483.93835,1782.9299,-1298.2389,846.328,1156.6921,-1039.4849,541.5848,2029.755,-1427.8397,1135.092,1210.9241,-961.1605,705.83954,2157.5454,-1938.5424,1222.1166,1233.8394,-1016.1685,772.1932,2234.7258,-2105.5493,1211.9735,1272.4545,-1135.1442,804.6893,2169.8354,-2163.4692,1175.2311,1278.418,-1001.01843,793.35205,2134.0203,-1981.7986,1099.985,1383.2496,-21.587824,1078.9557,1655.5511,20.463669,1428.8236,1416.6604,725.7145,1369.9963,1595.1342,686.206,1305.3059,1344.2014,1931.703,1328.2853,1453.4783,1922.7848,1316.4978,1291.9592,2056.0894,1291.7505,1436.9948,2060.8186,1399.831,1358.2948,2055.472,1428.9467,1407.8588,2082.9639
IMG_5268.JPG,1175.7797,571.6891,-338.56268,1160.6265,518.65106,-275.62402,1172.8759,502.63702,-276.94913,1189.2427,484.88187,-277.09772,1146.1267,550.2021,-241.07034,1144.5128,560.45483,-242.2858,1142.3705,572.0022,-242.77274,1251.069,454.5912,31.316053,1176.2766,573.1586,185.93617,1242.8358,564.5637,-220.66533,1221.1561,600.6287,-184.63576,1565.3434,403.74957,17.471468,1434.8547,824.545,377.94843,1989.4181,448.50986,128.0722,1508.8687,1101.9263,-140.81572,2366.9495,557.4976,-112.524574,1361.1302,1191.1832,-1170.1307,2478.3286,601.7077,-211.33719,1298.2333,1248.601,-1369.6002,2466.6113,631.1716,-330.25656,1297.3495,1213.1818,-1441.17,2422.5493,633.2136,-159.14528,1333.1793,1185.5428,-1239.4028,2231.7095,714.56757,-61.699055,2141.0784,994.06714,60.45654,2797.1934,916.6669,-329.41757,2748.7773,1092.014,-246.55219,2792.2512,846.2298,1240.1963,2742.2808,938.69763,1257.4572,2758.976,818.0751,1413.3708,2701.0237,905.4751,1438.841,2905.2458,897.727,1555.5364,2901.9448,914.3176,1617.0907
IMG_5269 copy 10.JPG,1305.3074,465.30173,-275.85556,1298.7517,421.45163,-248.43205,1308.2528,406.18076,-249.68513,1318.4075,391.73337,-249.55095,1286.9747,450.4228,-180.03667,1286.8578,456.2614,-181.25548,1286.0309,462.668,-181.81473,1378.2944,365.32916,-72.33695,1325.0039,456.2432,237.53767,1366.2164,453.6722,-204.06432,1349.7411,489.43243,-123.445465,1651.9358,329.15497,-159.40764,1554.3887,700.6788,543.1968,2004.1147,392.86685,-140.05075,1641.3093,969.1034,292.23697,2330.3496,516.8539,-377.17365,1411.9382,1057.5646,-532.01154,2440.5632,561.7133,-469.9775,1346.0469,1096.6648,-676.8001,2422.369,610.4946,-551.64404,1332.1923,1068.4131,-755.36993,2381.3035,607.1344,-405.813,1361.1787,1049.89,-598.9559,2210.7485,690.12775,-176.67918,2116.0386,929.0715,175.93022,2662.901,940.1819,-385.24228,2646.1318,1083.189,-42.907963,2946.8745,838.59753,584.4396,2902.378,915.6081,901.1144,2942.1038,784.72076,678.39417,2887.2576,858.6709,1004.956,3099.093,944.298,543.0133,3072.311,952.74744,937.0804
IMG_5269 copy 11.JPG,1305.3074,465.30173,-275.85556,1298.7517,421.45163,-248.43205,1308.2528,406.18076,-249.68513,1318.4075,391.73337,-249.55095,1286.9747,450.4228,-180.03667,1286.8578,456.2614,-181.25548,1286.0309,462.668,-181.81473,1378.2944,365.32916,-72.33695,1325.0039,456.2432,237.53767,1366.2164,453.6722,-204.06432,1349.7411,489.43243,-123.445465,1651.9358,329.15497,-159.40764,1554.3887,700.6788,543.1968,2004.1147,392.86685,-140.05075,1641.3093,969.1034,292.23697,2330.3496,516.8539,-377.17365,1411.9382,1057.5646,-532.01154,2440.5632,561.7133,-469.9775,1346.0469,1096.6648,-676.8001,2422.369,610.4946,-551.64404,1332.1923,1068.4131,-755.36993,2381.3035,607.1344,-405.813,1361.1787,1049.89,-598.9559,2210.7485,690.12775,-176.67918,2116.0386,929.0715,175.93022,2662.901,940.1819,-385.24228,2646.1318,1083.189,-42.907963,2946.8745,838.59753,584.4396,2902.378,915.6081,901.1144,2942.1038,784.72076,678.39417,2887.2576,858.6709,1004.956,3099.093,944.298,543.0133,3072.311,952.74744,937.0804
IMG_5269 copy 12.JPG,1305.3074,465.30173,-275.85556,1298.7517,421.45163,-248.43205,1308.2528,406.18076,-249.68513,1318.4075,391.73337,-249.55095,1286.9747,450.4228,-180.03667,1286.8578,456.2614,-181.25548,1286.0309,462.668,-181.81473,1378.2944,365.32916,-72.33695,1325.0039,456.2432,237.53767,1366.2164,453.6722,-204.06432,1349.7411,489.43243,-123.445465,1651.9358,329.15497,-159.40764,1554.3887,700.6788,543.1968,2004.1147,392.86685,-140.05075,1641.3093,969.1034,292.23697,2330.3496,516.8539,-377.17365,1411.9382,1057.5646,-532.01154,2440.5632,561.7133,-469.9775,1346.0469,1096.6648,-676.8001,2422.369,610.4946,-551.64404,1332.1923,1068.4131,-755.36993,2381.3035,607.1344,-405.813,1361.1787,1049.89,-598.9559,2210.7485,690.12775,-176.67918,2116.0386,929.0715,175.93022,2662.901,940.1819,-385.24228,2646.1318,1083.189,-42.907963,2946.8745,838.59753,584.4396,2902.378,915.6081,901.1144,2942.1038,784.72076,678.39417,2887.2576,858.6709,1004.956,3099.093,944.298,543.0133,3072.311,952.74744,937.0804
IMG_5269 copy 13.JPG,1305.3074,465.30173,-275.85556,1298.7517,421.45163,-248.43205,1308.2528,406.18076,-249.68513,1318.4075,391.73337,-249.55095,1286.9747,450.4228,-180.03667,1286.8578,456.2614,-181.25548,1286.0309,462.668,-181.81473,1378.2944,365.32916,-72.33695,1325.0039,456.2432,237.53767,1366.2164,453.6722,-204.06432,1349.7411,489.43243,-123.445465,1651.9358,329.15497,-159.40764,1554.3887,700.6788,543.1968,2004.1147,392.86685,-140.05075,1641.3093,969.1034,292.23697,2330.3496,516.8539,-377.17365,1411.9382,1057.5646,-532.01154,2440.5632,561.7133,-469.9775,1346.0469,1096.6648,-676.8001,2422.369,610.4946,-551.64404,1332.1923,1068.4131,-755.36993,2381.3035,607.1344,-405.813,1361.1787,1049.89,-598.9559,2210.7485,690.12775,-176.67918,2116.0386,929.0715,175.93022,2662.901,940.1819,-385.24228,2646.1318,1083.189,-42.907963,2946.8745,838.59753,584.4396,2902.378,915.6081,901.1144,2942.1038,784.72076,678.39417,2887.2576,858.6709,1004.956,3099.093,944.298,543.0133,3072.311,952.74744,937.0804
IMG_5269 copy 14.JPG,1305.3074,465.30173,-275.85556,1298.7517,421.45163,-248.43205,1308.2528,406.18076,-249.68513,1318.4075,391.73337,-249.55095,1286.9747,450.4228,-180.03667,1286.8578,456.2614,-181.25548,1286.0309,462.668,-181.81473,1378.2944,365.32916,-72.33695,1325.0039,456.2432,237.53767,1366.2164,453.6722,-204.06432,1349.7411,489.43243,-123.445465,1651.9358,329.15497,-159.40764,1554.3887,700.6788,543.1968,2004.1147,392.86685,-140.05075,1641.3093,969.1034,292.23697,2330.3496,516.8539,-377.17365,1411.9382,1057.5646,-532.01154,2440.5632,561.7133,-469.9775,1346.0469,1096.6648,-676.8001,2422.369,610.4946,-551.64404,1332.1923,1068.4131,-755.36993,2381.3035,607.1344,-405.813,1361.1787,1049.89,-598.9559,2210.7485,690.12775,-176.67918,2116.0386,929.0715,175.93022,2662.901,940.1819,-385.24228,2646.1318,1083.189,-42.907963,2946.8745,838.59753,584.4396,2902.378,915.6081,901.1144,2942.1038,784.72076,678.39417,2887.2576,858.6709,1004.956,3099.093,944.298,543.0133,3072.311,952.74744,937.0804
IMG_5269 copy 15.JPG,1305.3074,465.30173,-275.85556,1298.7517,421.45163,-248.43205,1308.2528,406.18076,-249.68513,1318.4075,391.73337,-249.55095,1286.9747,450.4228,-180.03667,1286.8578,456.2614,-181.25548,1286.0309,462.668,-181.81473,1378.2944,365.32916,-72.33695,1325.0039,456.2432,237.53767,1366.2164,453.6722,-204.06432,1349.7411,489.43243,-123.445465,1651.9358,329.15497,-159.40764,1554.3887,700.6788,543.1968,2004.1147,392.86685,-140.05075,1641.3093,969.1034,292.23697,2330.3496,516.8539,-377.17365,1411.9382,1057.5646,-532.01154,2440.5632,561.7133,-469.9775,1346.0469,1096.6648,-676.8001,2422.369,610.4946,-551.64404,1332.1923,1068.4131,-755.36993,2381.3035,607.1344,-405.813,1361.1787,1049.89,-598.9559,2210.7485,690.12775,-176.67918,2116.0386,929.0715,175.93022,2662.901,940.1819,-385.24228,2646.1318,1083.189,-42.907963,2946.8745,838.59753,584.4396,2902.378,915.6081,901.1144,2942.1038,784.72076,678.39417,2887.2576,858.6709,1004.956,3099.093,944.298,543.0133,3072.311,952.74744,937.0804
IMG_5269 copy 16.JPG,1305.3074,465.30173,-275.85556,1298.7517,421.45163,-248.43205,1308.2528,406.18076,-249.68513,1318.4075,391.73337,-249.55095,1286.9747,450.4228,-180.03667,1286.8578,456.2614,-181.25548,1286.0309,462.668,-181.81473,1378.2944,365.32916,-72.33695,1325.0039,456.2432,237.53767,1366.2164,453.6722,-204.06432,1349.7411,489.43243,-123.445465,1651.9358,329.15497,-159.40764,1554.3887,700.6788,543.1968,2004.1147,392.86685,-140.05075,1641.3093,969.1034,292.23697,2330.3496,516.8539,-377.17365,1411.9382,1057.5646,-532.01154,2440.5632,561.7133,-469.9775,1346.0469,1096.6648,-676.8001,2422.369,610.4946,-551.64404,1332.1923,1068.4131,-755.36993,2381.3035,607.1344,-405.813,1361.1787,1049.89,-598.9559,2210.7485,690.12775,-176.67918,2116.0386,929.0715,175.93022,2662.901,940.1819,-385.24228,2646.1318,1083.189,-42.907963,2946.8745,838.59753,584.4396,2902.378,915.6081,901.1144,2942.1038,784.72076,678.39417,2887.2576,858.6709,1004.956,3099.093,944.298,543.0133,3072.311,952.74744,937.0804
IMG_5269 copy 2.JPG,1305.3074,465.30173,-275.85556,1298.7517,421.45163,-248.43205,1308.2528,406.18076,-249.68513,1318.4075,391.73337,-249.55095,1286.9747,450.4228,-180.03667,1286.8578,456.2614,-181.25548,1286.0309,462.668,-181.81473,1378.2944,365.32916,-72.33695,1325.0039,456.2432,237.53767,1366.2164,453.6722,-204.06432,1349.7411,489.43243,-123.445465,1651.9358,329.15497,-159.40764,1554.3887,700.6788,543.1968,2004.1147,392.86685,-140.05075,1641.3093,969.1034,292.23697,2330.3496,516.8539,-377.17365,1411.9382,1057.5646,-532.01154,2440.5632,561.7133,-469.9775,1346.0469,1096.6648,-676.8001,2422.369,610.4946,-551.64404,1332.1923,1068.4131,-755.36993,2381.3035,607.1344,-405.813,1361.1787,1049.89,-598.9559,2210.7485,690.12775,-176.67918,2116.0386,929.0715,175.93022,2662.901,940.1819,-385.24228,2646.1318,1083.189,-42.907963,2946.8745,838.59753,584.4396,2902.378,915.6081,901.1144,2942.1038,784.72076,678.39417,2887.2576,858.6709,1004.956,3099.093,944.298,543.0133,3072.311,952.74744,937.0804
IMG_5269 copy 3.JPG,1305.3074,465.30173,-275.85556,1298.7517,421.45163,-248.43205,1308.2528,406.18076,-249.68513,1318.4075,391.73337,-249.55095,1286.9747,450.4228,-180.03667,1286.8578,456.2614,-181.25548,1286.0309,462.668,-181.81473,1378.2944,365.32916,-72.33695,1325.0039,456.2432,237.53767,1366.2164,453.6722,-204.06432,1349.7411,489.43243,-123.445465,1651.9358,329.15497,-159.40764,1554.3887,700.6788,543.1968,2004.1147,392.86685,-140.05075,1641.3093,969.1034,292.23697,2330.3496,516.8539,-377.17365,1411.9382,1057.5646,-532.01154,2440.5632,561.7133,-469.9775,1346.0469,1096.6648,-676.8001,2422.369,610.4946,-551.64404,1332.1923,1068.4131,-755.36993,2381.3035,607.1344,-405.813,1361.1787,1049.89,-598.9559,2210.7485,690.12775,-176.67918,2116.0386,929.0715,175.93022,2662.901,940.1819,-385.24228,2646.1318,1083.189,-42.907963,2946.8745,838.59753,584.4396,2902.378,915.6081,901.1144,2942.1038,784.72076,678.39417,2887.2576,858.6709,1004.956,3099.093,944.298,543.0133,3072.311,952.74744,937.0804
IMG_5269 copy 4.JPG,1305.3074,465.30173,-275.85556,1298.7517,421.45163,-248.43205,1308.2528,406.18076,-249.68513,1318.4075,391.73337,-249.55095,1286.9747,450.4228,-180.03667,1286.8578,456.2614,-181.25548,1286.0309,462.668,-181.81473,1378.2944,365.32916,-72.33695,1325.0039,456.2432,237.53767,1366.2164,453.6722,-204.06432,1349.7411,489.43243,-123.445465,1651.9358,329.15497,-159.40764,1554.3887,700.6788,543.1968,2004.1147,392.86685,-140.05075,1641.3093,969.1034,292.23697,2330.3496,516.8539,-377.17365,1411.9382,1057.5646,-532.01154,2440.5632,561.7133,-469.9775,1346.0469,1096.6648,-676.8001,2422.369,610.4946,-551.64404,1332.1923,1068.4131,-755.36993,2381.3035,607.1344,-405.813,1361.1787,1049.89,-598.9559,2210.7485,690.12775,-176.67918,2116.0386,929.0715,175.93022,2662.901,940.1819,-385.24228,2646.1318,1083.189,-42.907963,2946.8745,838.59753,584.4396,2902.378,915.6081,901.1144,2942.1038,784.72076,678.39417,2887.2576,858.6709,1004.956,3099.093,944.298,543.0133,3072.311,952.74744,937.0804
IMG_5269 copy 5.JPG,1305.3074,465.30173,-275.85556,1298.7517,421.45163,-248.43205,1308.2528,406.18076,-249.68513,1318.4075,391.73337,-249.55095,1286.9747,450.4228,-180.03667,1286.8578,456.2614,-181.25548,1286.0309,462.668,-181.81473,1378.2944,365.32916,-72.33695,1325.0039,456.2432,237.53767,1366.2164,453.6722,-204.06432,1349.7411,489.43243,-123.445465,1651.9358,329.15497,-159.40764,1554.3887,700.6788,543.1968,2004.1147,392.86685,-140.05075,1641.3093,969.1034,292.23697,2330.3496,516.8539,-377.17365,1411.9382,1057.5646,-532.01154,2440.5632,561.7133,-469.9775,1346.0469,1096.6648,-676.8001,2422.369,610.4946,-551.64404,1332.1923,1068.4131,-755.36993,2381.3035,607.1344,-405.813,1361.1787,1049.89,-598.9559,2210.7485,690.12775,-176.67918,2116.0386,929.0715,175.93022,2662.901,940.1819,-385.24228,2646.1318,1083.189,-42.907963,2946.8745,838.59753,584.4396,2902.378,915.6081,901.1144,2942.1038,784.72076,678.39417,2887.2576,858.6709,1004.956,3099.093,944.298,543.0133,3072.311,952.74744,937.0804
IMG_5269 copy 6.JPG,1305.3074,465.30173,-275.85556,1298.7517,421.45163,-248.43205,1308.2528,406.18076,-249.68513,1318.4075,391.73337,-249.55095,1286.9747,450.4228,-180.03667,1286.8578,456.2614,-181.25548,1286.0309,462.668,-181.81473,1378.2944,365.32916,-72.33695,1325.0039,456.2432,237.53767,1366.2164,453.6722,-204.06432,1349.7411,489.43243,-123.445465,1651.9358,329.15497,-159.40764,1554.3887,700.6788,543.1968,2004.1147,392.86685,-140.05075,1641.3093,969.1034,292.23697,2330.3496,516.8539,-377.17365,1411.9382,1057.5646,-532.01154,2440.5632,561.7133,-469.9775,1346.0469,1096.6648,-676.8001,2422.369,610.4946,-551.64404,1332.1923,1068.4131,-755.36993,2381.3035,607.1344,-405.813,1361.1787,1049.89,-598.9559,2210.7485,690.12775,-176.67918,2116.0386,929.0715,175.93022,2662.901,940.1819,-385.24228,2646.1318,1083.189,-42.907963,2946.8745,838.59753,584.4396,2902.378,915.6081,901.1144,2942.1038,784.72076,678.39417,2887.2576,858.6709,1004.956,3099.093,944.298,543.0133,3072.311,952.74744,937.0804
IMG_5269 copy 7.JPG,1305.3074,465.30173,-275.85556,1298.7517,421.45163,-248.43205,1308.2528,406.18076,-249.68513,1318.4075,391.73337,-249.55095,1286.9747,450.4228,-180.03667,1286.8578,456.2614,-181.25548,1286.0309,462.668,-181.81473,1378.2944,365.32916,-72.33695,1325.0039,456.2432,237.53767,1366.2164,453.6722,-204.06432,1349.7411,489.43243,-123.445465,1651.9358,329.15497,-159.40764,1554.3887,700.6788,543.1968,2004.1147,392.86685,-140.05075,1641.3093,969.1034,292.23697,2330.3496,516.8539,-377.17365,1411.9382,1057.5646,-532.01154,2440.5632,561.7133,-469.9775,1346.0469,1096.6648,-676.8001,2422.369,610.4946,-551.64404,1332.1923,1068.4131,-755.36993,2381.3035,607.1344,-405.813,1361.1787,1049.89,-598.9559,2210.7485,690.12775,-176.67918,2116.0386,929.0715,175.93022,2662.901,940.1819,-385.24228,2646.1318,1083.189,-42.907963,2946.8745,838.59753,584.4396,2902.378,915.6081,901.1144,2942.1038,784.72076,678.39417,2887.2576,858.6709,1004.956,3099.093,944.298,543.0133,3072.311,952.74744,937.0804
IMG_5269 copy 8.JPG,1305.3074,465.30173,-275.85556,1298.7517,421.45163,-248.43205,1308.2528,406.18076,-249.68513,1318.4075,391.73337,-249.55095,1286.9747,450.4228,-180.03667,1286.8578,456.2614,-181.25548,1286.0309,462.668,-181.81473,1378.2944,365.32916,-72.33695,1325.0039,456.2432,237.53767,1366.2164,453.6722,-204.06432,1349.7411,489.43243,-123.445465,1651.9358,329.15497,-159.40764,1554.3887,700.6788,543.1968,2004.1147,392.86685,-140.05075,1641.3093,969.1034,292.23697,2330.3496,516.8539,-377.17365,1411.9382,1057.5646,-532.01154,2440.5632,561.7133,-469.9775,1346.0469,1096.6648,-676.8001,2422.369,610.4946,-551.64404,1332.1923,1068.4131,-755.36993,2381.3035,607.1344,-405.813,1361.1787,1049.89,-598.9559,2210.7485,690.12775,-176.67918,2116.0386,929.0715,175.93022,2662.901,940.1819,-385.24228,2646.1318,1083.189,-42.907963,2946.8745,838.59753,584.4396,2902.378,915.6081,901.1144,2942.1038,784.72076,678.39417,2887.2576,858.6709,1004.956,3099.093,944.298,543.0133,3072.311,952.74744,937.0804
IMG_5269 copy 9.JPG,1305.3074,465.30173,-275.85556,1298.7517,421.45163,-248.43205,1308.2528,406.18076,-249.68513,1318.4075,391.73337,-249.55095,1286.9747,450.4228,-180.03667,1286.8578,456.2614,-181.25548,1286.0309,462.668,-181.81473,1378.2944,365.32916,-72.33695,1325.0039,456.2432,237.53767,1366.2164,453.6722,-204.06432,1349.7411,489.43243,-123.445465,1651.9358,329.15497,-159.40764,1554.3887,700.6788,543.1968,2004.1147,392.86685,-140.05075,1641.3093,969.1034,292.23697,2330.3496,516.8539,-377.17365,1411.9382,1057.5646,-532.01154,2440.5632,561.7133,-469.9775,1346.0469,1096.6648,-676.8001,2422.369,610.4946,-551.64404,1332.1923,1068.4131,-755.36993,2381.3035,607.1344,-405.813,1361.1787,1049.89,-598.9559,2210.7485,690.12775,-176.67918,2116.0386,929.0715,175.93022,2662.901,940.1819,-385.24228,2646.1318,1083.189,-42.907963,2946.8745,838.59753,584.4396,2902.378,915.6081,901.1144,2942.1038,784.72076,678.39417,2887.2576,858.6709,1004.956,3099.093,944.298,543.0133,3072.311,952.74744,937.0804
IMG_5269 copy.JPG,1305.3074,465.30173,-275.85556,1298.7517,421.45163,-248.43205,1308.2528,406.18076,-249.68513,1318.4075,391.73337,-249.55095,1286.9747,450.4228,-180.03667,1286.8578,456.2614,-181.25548,1286.0309,462.668,-181.81473,1378.2944,365.32916,-72.33695,1325.0039,456.2432,237.53767,1366.2164,453.6722,-204.06432,1349.7411,489.43243,-123.445465,1651.9358,329.15497,-159.40764,1554.3887,700.6788,543.1968,2004.1147,392.86685,-140.05075,1641.3093,969.1034,292.23697,2330.3496,516.8539,-377.17365,1411.9382,1057.5646,-532.01154,2440.5632,561.7133,-469.9775,1346.0469,1096.6648,-676.8001,2422.369,610.4946,-551.64404,1332.1923,1068.4131,-755.36993,2381.3035,607.1344,-405.813,1361.1787,1049.89,-598.9559,2210.7485,690.12775,-176.67918,2116.0386,929.0715,175.93022,2662.901,940.1819,-385.24228,2646.1318,1083.189,-42.907963,2946.8745,838.59753,584.4396,2902.378,915.6081,901.1144,2942.1038,784.72076,678.39417,2887.2576,858.6709,1004.956,3099.093,944.298,543.0133,3072.311,952.74744,937.0804
IMG_5269.JPG,1305.3074,465.30173,-275.85556,1298.7517,421.45163,-248.43205,1308.2528,406.18076,-249.68513,1318.4075,391.73337,-249.55095,1286.9747,450.4228,-180.03667,1286.8578,456.2614,-181.25548,1286.0309,462.668,-181.81473,1378.2944,365.32916,-72.33695,1325.0039,456.2432,237.53767,1366.2164,453.6722,-204.06432,1349.7411,489.43243,-123.445465,1651.9358,329.15497,-159.40764,1554.3887,700.6788,543.1968,2004.1147,392.86685,-140.05075,1641.3093,969.1034,292.23697,2330.3496,516.8539,-377.17365,1411.9382,1057.5646,-532.01154,2440.5632,561.7133,-469.9775,1346.0469,1096.6648,-676.8001,2422.369,610.4946,-551.64404,1332.1923,1068.4131,-755.36993,2381.3035,607.1344,-405.813,1361.1787,1049.89,-598.9559,2210.7485,690.12775,-176.67918,2116.0386,929.0715,175.93022,2662.901,940.1819,-385.24228,2646.1318,1083.189,-42.907963,2946.8745,838.59753,584.4396,2902.378,915.6081,901.1144,2942.1038,784.72076,678.39417,2887.2576,858.6709,1004.956,3099.093,944.298,543.0133,3072.311,952.74744,937.0804
IMG_5270 copy 10.JPG,1582.9885,458.55518,658.16064,1584.5908,408.47693,674.4544,1595.3468,396.01013,673.46857,1606.9601,383.72778,673.66016,1576.237,426.31418,799.3527,1579.355,427.7908,798.28784,1581.9198,429.95602,797.9993,1664.8954,352.78638,693.7608,1634.1798,409.1786,1258.488,1636.1365,455.48114,661.96735,1625.4961,480.6411,815.08716,1869.8124,346.02643,249.63768,1818.8369,652.5925,1551.6654,2162.2166,410.28085,-136.70554,1922.3707,966.6741,1364.1481,2427.5989,577.02124,-506.51685,1641.5764,1028.7363,572.26746,2525.8696,634.574,-628.5444,1570.6372,1069.2056,476.07446,2474.1128,675.4336,-629.8008,1546.4377,1039.3701,401.9766,2436.2527,672.9914,-501.5873,1577.4906,1020.608,503.17816,2364.6948,760.48285,-330.58066,2294.7888,993.16064,329.67056,2659.3376,1065.7633,-1431.2925,2629.061,1213.899,-620.02295,3213.028,943.1425,-1205.9047,3123.416,1052.2944,-618.54877,3232.316,876.0179,-1188.11,3144.0864,981.8942,-620.3451,3426.5422,1081.0753,-1503.4418,3382.4097,1100.7574,-908.3868
IMG_5270 copy 11.JPG,1582.9885,458.55518,658.16064,1584.5908,408.47693,674.4544,1595.3468,396.01013,673.46857,1606.9601,383.72778,673.66016,1576.237,426.31418,799.3527,1579.355,427.7908,798.28784,1581.9198,429.95602,797.9993,1664.8954,352.78638,693.7608,1634.1798,409.1786,1258.488,1636.1365,455.48114,661.96735,1625.4961,480.6411,815.08716,1869.8124,346.02643,249.63768,1818.8369,652.5925,1551.6654,2162.2166,410.28085,-136.70554,1922.3707,966.6741,1364.1481,2427.5989,577.02124,-506.51685,1641.5764,1028.7363,572.26746,2525.8696,634.574,-628.5444,1570.6372,1069.2056,476.07446,2474.1128,675.4336,-629.8008,1546.4377,1039.3701,401.9766,2436.2527,672.9914,-501.5873,1577.4906,1020.608,503.17816,2364.6948,760.48285,-330.58066,2294.7888,993.16064,329.67056,2659.3376,1065.7633,-1431.2925,2629.061,1213.899,-620.02295,3213.028,943.1425,-1205.9047,3123.416,1052.2944,-618.54877,3232.316,876.0179,-1188.11,3144.0864,981.8942,-620.3451,3426.5422,1081.0753,-1503.4418,3382.4097,1100.7574,-908.3868
IMG_5270 copy 12.JPG,1582.9885,458.55518,658.16064,1584.5908,408.47693,674.4544,1595.3468,396.01013,673.46857,1606.9601,383.72778,673.66016,1576.237,426.31418,799.3527,1579.355,427.7908,798.28784,1581.9198,429.95602,797.9993,1664.8954,352.78638,693.7608,1634.1798,409.1786,1258.488,1636.1365,455.48114,661.96735,1625.4961,480.6411,815.08716,1869.8124,346.02643,249.63768,1818.8369,652.5925,1551.6654,2162.2166,410.28085,-136.70554,1922.3707,966.6741,1364.1481,2427.5989,577.02124,-506.51685,1641.5764,1028.7363,572.26746,2525.8696,634.574,-628.5444,1570.6372,1069.2056,476.07446,2474.1128,675.4336,-629.8008,1546.4377,1039.3701,401.9766,2436.2527,672.9914,-501.5873,1577.4906,1020.608,503.17816,2364.6948,760.48285,-330.58066,2294.7888,993.16064,329.67056,2659.3376,1065.7633,-1431.2925,2629.061,1213.899,-620.02295,3213.028,943.1425,-1205.9047,3123.416,1052.2944,-618.54877,3232.316,876.0179,-1188.11,3144.0864,981.8942,-620.3451,3426.5422,1081.0753,-1503.4418,3382.4097,1100.7574,-908.3868
IMG_5270 copy 13.JPG,1582.9885,458.55518,658.16064,1584.5908,408.47693,674.4544,1595.3468,396.01013,673.46857,1606.9601,383.72778,673.66016,1576.237,426.31418,799.3527,1579.355,427.7908,798.28784,1581.9198,429.95602,797.9993,1664.8954,352.78638,693.7608,1634.1798,409.1786,1258.488,1636.1365,455.48114,661.96735,1625.4961,480.6411,815.08716,1869.8124,346.02643,249.63768,1818.8369,652.5925,1551.6654,2162.2166,410.28085,-136.70554,1922.3707,966.6741,1364.1481,2427.5989,577.02124,-506.51685,1641.5764,1028.7363,572.26746,2525.8696,634.574,-628.5444,1570.6372,1069.2056,476.07446,2474.1128,675.4336,-629.8008,1546.4377,1039.3701,401.9766,2436.2527,672.9914,-501.5873,1577.4906,1020.608,503.17816,2364.6948,760.48285,-330.58066,2294.7888,993.16064,329.67056,2659.3376,1065.7633,-1431.2925,2629.061,1213.899,-620.02295,3213.028,943.1425,-1205.9047,3123.416,1052.2944,-618.54877,3232.316,876.0179,-1188.11,3144.0864,981.8942,-620.3451,3426.5422,1081.0753,-1503.4418,3382.4097,1100.7574,-908.3868
IMG_5270 copy 2.JPG,1582.9885,458.55518,658.16064,1584.5908,408.47693,674.4544,1595.3468,396.01013,673.46857,1606.9601,383.72778,673.66016,1576.237,426.31418,799.3527,1579.355,427.7908,798.28784,1581.9198,429.95602,797.9993,1664.8954,352.78638,693.7608,1634.1798,409.1786,1258.488,1636.1365,455.48114,661.96735,1625.4961,480.6411,815.08716,1869.8124,346.02643,249.63768,1818.8369,652.5925,1551.6654,2162.2166,410.28085,-136.70554,1922.3707,966.6741,1364.1481,2427.5989,577.02124,-506.51685,1641.5764,1028.7363,572.26746,2525.8696,634.574,-628.5444,1570.6372,1069.2056,476.07446,2474.1128,675.4336,-629.8008,1546.4377,1039.3701,401.9766,2436.2527,672.9914,-501.5873,1577.4906,1020.608,503.17816,2364.6948,760.48285,-330.58066,2294.7888,993.16064,329.67056,2659.3376,1065.7633,-1431.2925,2629.061,1213.899,-620.02295,3213.028,943.1425,-1205.9047,3123.416,1052.2944,-618.54877,3232.316,876.0179,-1188.11,3144.0864,981.8942,-620.3451,3426.5422,1081.0753,-1503.4418,3382.4097,1100.7574,-908.3868
IMG_5270 copy 3.JPG,1582.9885,458.55518,658.16064,1584.5908,408.47693,674.4544,1595.3468,396.01013,673.46857,1606.9601,383.72778,673.66016,1576.237,426.31418,799.3527,1579.355,427.7908,798.28784,1581.9198,429.95602,797.9993,1664.8954,352.78638,693.7608,1634.1798,409.1786,1258.488,1636.1365,455.48114,661.96735,1625.4961,480.6411,815.08716,1869.8124,346.02643,249.63768,1818.8369,652.5925,1551.6654,2162.2166,410.28085,-136.70554,1922.3707,966.6741,1364.1481,2427.5989,577.02124,-506.51685,1641.5764,1028.7363,572.26746,2525.8696,634.574,-628.5444,1570.6372,1069.2056,476.07446,2474.1128,675.4336,-629.8008,1546.4377,1039.3701,401.9766,2436.2527,672.9914,-501.5873,1577.4906,1020.608,503.17816,2364.6948,760.48285,-330.58066,2294.7888,993.16064,329.67056,2659.3376,1065.7633,-1431.2925,2629.061,1213.899,-620.02295,3213.028,943.1425,-1205.9047,3123.416,1052.2944,-618.54877,3232.316,876.0179,-1188.11,3144.0864,981.8942,-620.3451,3426.5422,1081.0753,-1503.4418,3382.4097,1100.7574,-908.3868
IMG_5270 copy 4.JPG,1582.9885,458.55518,658.16064,1584.5908,408.47693,674.4544,1595.3468,396.01013,673.46857,1606.9601,383.72778,673.66016,1576.237,426.31418,799.3527,1579.355,427.7908,798.28784,1581.9198,429.95602,797.9993,1664.8954,352.78638,693.7608,1634.1798,409.1786,1258.488,1636.1365,455.48114,661.96735,1625.4961,480.6411,815.08716,1869.8124,346.02643,249.63768,1818.8369,652.5925,1551.6654,2162.2166,410.28085,-136.70554,1922.3707,966.6741,1364.1481,2427.5989,577.02124,-506.51685,1641.5764,1028.7363,572.26746,2525.8696,634.574,-628.5444,1570.6372,1069.2056,476.07446,2474.1128,675.4336,-629.8008,1546.4377,1039.3701,401.9766,2436.2527,672.9914,-501.5873,1577.4906,1020.608,503.17816,2364.6948,760.48285,-330.58066,2294.7888,993.16064,329.67056,2659.3376,1065.7633,-1431.2925,2629.061,1213.899,-620.02295,3213.028,943.1425,-1205.9047,3123.416,1052.2944,-618.54877,3232.316,876.0179,-1188.11,3144.0864,981.8942,-620.3451,3426.5422,1081.0753,-1503.4418,3382.4097,1100.7574,-908.3868
IMG_5270 copy 5.JPG,1582.9885,458.55518,658.16064,1584.5908,408.47693,674.4544,1595.3468,396.01013,673.46857,1606.9601,383.72778,673.66016,1576.237,426.31418,799.3527,1579.355,427.7908,798.28784,1581.9198,429.95602,797.9993,1664.8954,352.78638,693.7608,1634.1798,409.1786,1258.488,1636.1365,455.48114,661.96735,1625.4961,480.6411,815.08716,1869.8124,346.02643,249.63768,1818.8369,652.5925,1551.6654,2162.2166,410.28085,-136.70554,1922.3707,966.6741,1364.1481,2427.5989,577.02124,-506.51685,1641.5764,1028.7363,572.26746,2525.8696,634.574,-628.5444,1570.6372,1069.2056,476.07446,2474.1128,675.4336,-629.8008,1546.4377,1039.3701,401.9766,2436.2527,672.9914,-501.5873,1577.4906,1020.608,503.17816,2364.6948,760.48285,-330.58066,2294.7888,993.16064,329.67056,2659.3376,1065.7633,-1431.2925,2629.061,1213.899,-620.02295,3213.028,943.1425,-1205.9047,3123.416,1052.2944,-618.54877,3232.316,876.0179,-1188.11,3144.0864,981.8942,-620.3451,3426.5422,1081.0753,-1503.4418,3382.4097,1100.7574,-908.3868
IMG_5270 copy 6.JPG,1582.9885,458.55518,658.16064,1584.5908,408.47693,674.4544,1595.3468,396.01013,673.46857,1606.9601,383.72778,673.66016,1576.237,426.31418,799.3527,1579.355,427.7908,798.28784,1581.9198,429.95602,797.9993,1664.8954,352.78638,693.7608,1634.1798,409.1786,1258.488,1636.1365,455.48114,661.96735,1625.4961,480.6411,815.08716,1869.8124,346.02643,249.63768,1818.8369,652.5925,1551.6654,2162.2166,410.28085,-136.70554,1922.3707,966.6741,1364.1481,2427.5989,577.02124,-506.51685,1641.5764,1028.7363,572.26746,2525.8696,634.574,-628.5444,1570.6372,1069.2056,476.07446,2474.1128,675.4336,-629.8008,1546.4377,1039.3701,401.9766,2436.2527,672.9914,-501.5873,1577.4906,1020.608,503.17816,2364.6948,760.48285,-330.58066,2294.7888,993.16064,329.67056,2659.3376,1065.7633,-1431.2925,2629.061,1213.899,-620.02295,3213.028,943.1425,-1205.9047,3123.416,1052.2944,-618.54877,3232.316,876.0179,-1188.11,3144.0864,981.8942,-620.3451,3426.5422,1081.0753,-1503.4418,3382.4097,1100.7574,-908.3868
IMG_5270 copy 7.JPG,1582.9885,458.55518,658.16064,1584.5908,408.47693,674.4544,1595.3468,396.01013,673.46857,1606.9601,383.72778,673.66016,1576.237,426.31418,799.3527,1579.355,427.7908,798.28784,1581.9198,429.95602,797.9993,1664.8954,352.78638,693.7608,1634.1798,409.1786,1258.488,1636.1365,455.48114,661.96735,1625.4961,480.6411,815.08716,1869.8124,346.02643,249.63768,1818.8369,652.5925,1551.6654,2162.2166,410.28085,-136.70554,1922.3707,966.6741,1364.1481,2427.5989,577.02124,-506.51685,1641.5764,1028.7363,572.26746,2525.8696,634.574,-628.5444,1570.6372,1069.2056,476.07446,2474.1128,675.4336,-629.8008,1546.4377,1039.3701,401.9766,2436.2527,672.9914,-501.5873,1577.4906,1020.608,503.17816,2364.6948,760.48285,-330.58066,2294.7888,993.16064,329.67056,2659.3376,1065.7633,-1431.2925,2629.061,1213.899,-620.02295,3213.028,943.1425,-1205.9047,3123.416,1052.2944,-618.54877,3232.316,876.0179,-1188.11,3144.0864,981.8942,-620.3451,3426.5422,1081.0753,-1503.4418,3382.4097,1100.7574,-908.3868
IMG_5270 copy 8.JPG,1582.9885,458.55518,658.16064,1584.5908,408.47693,674.4544,1595.3468,396.01013,673.46857,1606.9601,383.72778,673.66016,1576.237,426.31418,799.3527,1579.355,427.7908,798.28784,1581.9198,429.95602,797.9993,1664.8954,352.78638,693.7608,1634.1798,409.1786,1258.488,1636.1365,455.48114,661.96735,1625.4961,480.6411,815.08716,1869.8124,346.02643,249.63768,1818.8369,652.5925,1551.6654,2162.2166,410.28085,-136.70554,1922.3707,966.6741,1364.1481,2427.5989,577.02124,-506.51685,1641.5764,1028.7363,572.26746,2525.8696,634.574,-628.5444,1570.6372,1069.2056,476.07446,2474.1128,675.4336,-629.8008,1546.4377,1039.3701,401.9766,2436.2527,672.9914,-501.5873,1577.4906,1020.608,503.17816,2364.6948,760.48285,-330.58066,2294.7888,993.16064,329.67056,2659.3376,1065.7633,-1431.2925,2629.061,1213.899,-620.02295,3213.028,943.1425,-1205.9047,3123.416,1052.2944,-618.54877,3232.316,876.0179,-1188.11,3144.0864,981.8942,-620.3451,3426.5422,1081.0753,-1503.4418,3382.4097,1100.7574,-908.3868
IMG_5270 copy 9.JPG,1582.9885,458.55518,658.16064,1584.5908,408.47693,674.4544,1595.3468,396.01013,673.46857,1606.9601,383.72778,673.66016,1576.237,426.31418,799.3527,1579.355,427.7908,798.28784,1581.9198,429.95602,797.9993,1664.8954,352.78638,693.7608,1634.1798,409.1786,1258.488,1636.1365,455.48114,661.96735,1625.4961,480.6411,815.08716,1869.8124,346.02643,249.63768,1818.8369,652.5925,1551.6654,2162.2166,410.28085,-136.70554,1922.3707,966.6741,1364.1481,2427.5989,577.02124,-506.51685,1641.5764,1028.7363,572.26746,2525.8696,634.574,-628.5444,1570.6372,1069.2056,476.07446,2474.1128,675.4336,-629.8008,1546.4377,1039.3701,401.9766,2436.2527,672.9914,-501.5873,1577.4906,1020.608,503.17816,2364.6948,760.48285,-330.58066,2294.7888,993.16064,329.67056,2659.3376,1065.7633,-1431.2925,2629.061,1213.899,-620.02295,3213.028,943.1425,-1205.9047,3123.416,1052.2944,-618.54877,3232.316,876.0179,-1188.11,3144.0864,981.8942,-620.3451,3426.5422,1081.0753,-1503.4418,3382.4097,1100.7574,-908.3868
IMG_5270 copy.JPG,1582.9885,458.55518,658.16064,1584.5908,408.47693,674.4544,1595.3468,396.01013,673.46857,1606.9601,383.72778,673.66016,1576.237,426.31418,799.3527,1579.355,427.7908,798.28784,1581.9198,429.95602,797.9993,1664.8954,352.78638,693.7608,1634.1798,409.1786,1258.488,1636.1365,455.48114,661.96735,1625.4961,480.6411,815.08716,1869.8124,346.02643,249.63768,1818.8369,652.5925,1551.6654,2162.2166,410.28085,-136.70554,1922.3707,966.6741,1364.1481,2427.5989,577.02124,-506.51685,1641.5764,1028.7363,572.26746,2525.8696,634.574,-628.5444,1570.6372,1069.2056,476.07446,2474.1128,675.4336,-629.8008,1546.4377,1039.3701,401.9766,2436.2527,672.9914,-501.5873,1577.4906,1020.608,503.17816,2364.6948,760.48285,-330.58066,2294.7888,993.16064,329.67056,2659.3376,1065.7633,-1431.2925,2629.061,1213.899,-620.02295,3213.028,943.1425,-1205.9047,3123.416,1052.2944,-618.54877,3232.316,876.0179,-1188.11,3144.0864,981.8942,-620.3451,3426.5422,1081.0753,-1503.4418,3382.4097,1100.7574,-908.3868
IMG_5270.JPG,1582.9885,458.55518,658.16064,1584.5908,408.47693,674.4544,1595.3468,396.01013,673.46857,1606.9601,383.72778,673.66016,1576.237,426.31418,799.3527,1579.355,427.7908,798.28784,1581.9198,429.95602,797.9993,1664.8954,352.78638,693.7608,1634.1798,409.1786,1258.488,1636.1365,455.48114,661.96735,1625.4961,480.6411,815.08716,1869.8124,346.02643,249.63768,1818.8369,652.5925,1551.6654,2162.2166,410.28085,-136.70554,1922.3707,966.6741,1364.1481,2427.5989,577.02124,-506.51685,1641.5764,1028.7363,572.26746,2525.8696,634.574,-628.5444,1570.6372,1069.2056,476.07446,2474.1128,675.4336,-629.8008,1546.4377,1039.3701,401.9766,2436.2527,672.9914,-501.5873,1577.4906,1020.608,503.17816,2364.6948,760.48285,-330.58066,2294.7888,993.16064,329.67056,2659.3376,1065.7633,-1431.2925,2629.061,1213.899,-620.02295,3213.028,943.1425,-1205.9047,3123.416,1052.2944,-618.54877,3232.316,876.0179,-1188.11,3144.0864,981.8942,-620.3451,3426.5422,1081.0753,-1503.4418,3382.4097,1100.7574,-908.3868
IMG_5271.JPG,2116.5947,382.90845,493.23505,2126.3425,342.08252,470.5151,2132.8474,337.6325,469.9167,2140.159,333.69705,470.00412,2124.9084,345.3514,567.0872,2129.6423,343.4362,566.4204,2135.035,341.73203,566.29553,2207.7961,314.30133,381.50497,2201.4927,326.07657,823.38306,2155.3716,409.53757,466.72214,2153.059,416.1994,588.3088,2348.4165,337.52164,65.703,2317.4587,567.63635,946.5557,2548.1782,394.464,-439.44638,2364.1921,887.7449,775.345,2654.1018,654.4986,-918.76044,2089.4807,998.5311,305.72562,2704.856,727.70776,-1040.7697,2010.2961,1019.3819,247.3473,2658.133,763.8537,-1021.0845,1989.3252,992.37616,177.9137,2639.7188,749.7373,-913.86285,2014.8832,980.8212,254.0733,2593.0332,763.36847,-245.0725,2546.8298,915.20105,243.91399,2698.884,1255.6525,-638.5729,2569.822,1315.1605,-35.98391,3039.119,1195.9928,-458.02942,2810.6807,1155.3253,303.0223,3115.2026,1175.3705,-439.12396,2834.3025,1119.321,347.83926,3035.8223,1267.2296,-574.18427,2889.6086,1158.4663,356.25958
IMG_5273.JPG,2367.3699,172.38654,1750.9001,2390.8066,142.40019,1684.1809,2388.552,136.48883,1683.533,2385.6475,130.9746,1683.3829,2409.0664,157.043,1755.9116,2420.1394,162.46211,1755.2085,2432.3054,168.42824,1755.282,2408.7468,130.10452,1288.3383,2476.0623,189.50717,1606.8037,2353.5842,189.21313,1615.124,2371.3699,206.79564,1701.5819,2317.3052,143.05171,662.7641,2543.4338,441.9384,1254.6572,2149.6157,300.63818,203.6131,2518.6743,826.53546,893.79407,1909.3754,526.6585,111.80461,2296.7942,787.13086,802.6837,1833.7703,619.33374,101.149536,2269.1877,761.7056,802.866,1816.8901,626.37427,141.80319,2242.3064,755.86566,816.4047,1858.1915,606.6517,139.44847,2257.8623,751.1767,791.38574,2102.135,562.4926,-170.60812,2281.9714,752.6629,168.14429,1833.683,668.6362,-154.59673,2174.3687,959.1513,140.56268,1843.265,944.9974,-776.78864,2333.74,1277.5961,-826.8193,1899.5399,1024.7463,-834.80676,2343.8315,1311.9587,-922.11816,1719.0822,954.7533,-1018.3969,2406.5774,1407.7883,-1140.1996
IMG_5274.JPG,2659.9822,276.25912,1133.5292,2696.8647,245.42786,1043.3789,2696.5496,240.62431,1042.6598,2695.384,235.78891,1042.5059,2712.7698,260.39172,1114.7122,2723.6719,266.87582,1113.5416,2734.1528,273.1079,1113.2433,2713.5771,250.39473,665.564,2767.5205,307.30344,975.2207,2648.5144,294.83893,1016.4935,2661.3555,314.9543,1098.9502,2553.6033,301.57376,224.06813,2832.0454,618.04156,724.4945,2260.677,481.14313,-57.01684,2800.5188,964.04333,442.37534,1947.6141,728.1058,93.71095,2531.472,920.57855,505.35373,1846.2589,795.44037,136.54369,2486.9583,923.118,559.57227,1845.2688,807.18677,150.23589,2483.3093,894.0442,549.6644,1894.7853,796.27606,115.73427,2492.7373,890.63934,495.29053,2198.7097,773.0397,-162.15376,2377.7153,979.9292,159.45515,1701.5928,1146.5499,-337.94617,2016.9333,1121.414,81.63777,2130.852,1281.7128,-863.07135,2217.5957,1404.8239,-753.95844,2240.7434,1274.0018,-899.663,2308.7163,1339.358,-830.6485,2140.3948,1533.3861,-808.1948,2266.1555,1604.9248,-835.1331
IMG_5275.JPG,2184.373,532.76086,1138.2103,2210.6475,500.94788,1034.7301,2204.857,490.06665,1034.0222,2199.6074,479.92377,1033.5238,2231.5103,526.8104,1076.4501,2240.3481,535.0557,1075.5708,2249.03,543.1492,1075.4702,2186.4644,481.57034,579.72455,2253.7368,571.4317,763.6534,2148.3232,539.42346,993.5004,2173.4504,563.30304,1040.181,1954.3186,512.18024,162.32425,2219.0059,841.3852,456.11707,1619.0709,666.90216,-26.46498,2219.4927,1176.3293,331.57977,1249.949,863.1006,139.89456,2057.8948,1138.0465,564.4643,1159.1807,927.45233,172.51334,2006.0215,1125.3677,613.23895,1161.9717,944.7978,172.77916,1998.9742,1094.5149,607.7541,1196.1898,936.9977,154.50552,2011.1155,1094.5623,560.12665,1515.9021,890.11566,-75.47184,1678.4044,1133.0764,73.66853,1030.7705,1176.6943,-196.9064,1272.6356,1332.8044,-64.94704,1069.5343,1377.2539,-833.2628,1152.4702,1546.5533,-1205.0039,1187.233,1394.6504,-892.17413,1209.1686,1468.6721,-1316.7438,1012.79926,1457.3302,-859.674,1094.1473,1686.5142,-1399.9459
IMG_5276.JPG,2178.77,513.5066,1004.659,2198.6372,478.62994,874.74664,2190.887,466.87067,873.94055,2183.2407,454.8637,873.7198,2224.138,513.88007,893.81506,2234.3599,524.988,892.68994,2245.791,536.59625,892.3959,2157.4636,456.26257,364.9439,2252.7703,576.48926,443.00867,2137.2622,515.1079,850.4824,2161.3503,550.416,865.1226,1865.0402,497.26978,78.01269,2168.2388,848.3521,75.76774,1487.771,651.70074,17.222963,2158.697,1209.8905,139.07196,1166.6198,823.6538,195.45525,2057.537,1101.5917,671.29443,1069.7827,868.7803,258.37283,2028.8058,1067.9551,743.0619,1076.3141,892.8924,218.79518,2016.8539,1036.1835,741.6653,1124.931,882.15186,194.64873,2019.5577,1042.9175,677.3125,1388.8441,875.4144,13.7249365,1498.582,1131.1704,-15.131946,904.0751,1112.5135,87.14793,884.6416,1377.9493,-104.25204,863.83105,1345.8821,-639.8877,938.10547,1329.8234,-1156.4982,891.31256,1383.127,-713.37714,979.1241,1310.7493,-1253.4316,683.0985,1389.3632,-687.84814,790.26086,1410.0369,-1268.5349
IMG_5277.JPG,1894.3827,519.3965,736.205,1916.3464,482.54672,604.169,1906.228,469.77554,603.3876,1897.0055,457.96448,603.3665,1941.7599,514.89886,608.48004,1950.6029,526.7558,607.3943,1959.7052,539.31604,607.09454,1867.111,452.50745,108.710266,1952.4358,582.73895,123.10353,1845.4283,527.39417,592.9323,1871.8011,559.0388,589.33356,1538.0293,477.5569,-101.848656,1807.5304,844.5852,-217.2124,1122.4135,599.9841,-105.14441,1772.0999,1224.6766,-115.7792,796.314,743.29156,42.563354,1766.6675,1087.6849,419.59015,700.5789,793.5043,85.056335,1783.7814,1060.7162,454.0123,701.19617,809.36975,31.497984,1777.1187,1025.6471,464.76562,739.32104,803.18915,35.837074,1758.3857,1033.5424,428.19977,1003.3414,816.7694,119.38595,1105.728,1051.5812,-120.07498,598.0096,1007.99243,602.7832,700.70703,1184.8232,-259.07144,204.51358,1215.0082,201.06844,351.28732,1323.1014,-939.5584,150.14987,1281.4241,155.97597,204.15375,1314.4766,-1005.9187,155.69977,1181.8756,121.26972,247.41283,1390.9368,-1115.5527
IMG_5278.JPG,1824.3661,696.7265,325.79926,1848.2582,659.88605,211.28938,1840.5519,647.2742,210.24504,1833.4757,634.85205,210.40315,1873.6364,696.9325,205.18597,1884.148,710.3809,204.09552,1894.279,723.3565,203.60262,1798.4343,625.6717,-182.76567,1884.8813,748.81,-210.94211,1774.2839,701.13855,219.09602,1799.5917,737.3486,203.48035,1484.3704,645.32513,-290.2518,1710.6516,1002.70917,-413.53183,1128.4996,722.64813,-227.78207,1661.1425,1391.9867,-362.2121,894.37555,857.61,-115.2017,1728.8287,1286.9539,-41.292515,823.3904,902.05536,-92.25029,1775.825,1265.5333,-52.344513,829.27936,915.7751,-141.83238,1767.1588,1224.2094,-50.872902,864.1529,903.8773,-123.89342,1742.4733,1225.6516,-39.5666,972.32367,946.5883,50.978233,1018.3267,1171.5435,-51.85104,648.5812,1097.1351,488.31335,697.9923,1216.3438,174.16937,252.51186,1232.6587,299.2733,339.03864,1313.4321,23.0498,192.70766,1256.7595,276.46356,205.58208,1311.0587,6.1621046,153.02986,1304.4626,248.97293,194.81953,1350.2396,-48.492
IMG_5279.JPG,1931.4518,512.5735,271.85278,1953.0216,476.09177,164.76085,1946.4482,461.31152,163.89177,1940.277,446.8627,163.71666,1971.6798,515.0045,140.81,1978.3041,527.8491,139.93951,1984.78,539.5535,139.5486,1898.6852,428.27936,-205.53226,1968.1511,563.6232,-317.30252,1880.8761,511.89062,172.76013,1903.356,548.3642,134.3191,1564.2904,405.945,-239.6844,1759.1447,787.25903,-558.8124,1233.692,490.54514,-140.47021,1692.1378,1148.0017,-406.57742,991.2945,586.79474,-2.2534099,1800.2528,1069.4404,75.18431,925.37946,629.508,28.199118,1851.5115,1064.1177,67.887764,937.1865,651.6088,-26.712425,1846.9991,1026.903,85.75643,962.9686,643.3059,-15.006104,1825.3951,1024.4637,87.14851,1044.4205,683.8231,153.23576,1082.1863,903.0203,-153.78964,807.6752,833.8878,894.808,799.95886,962.41425,255.62907,405.97754,928.1659,908.30176,458.84647,991.5001,109.467415,389.51245,927.63434,904.7559,380.17578,991.7579,94.93915,224.36674,1020.16,922.6763,247.17285,1051.6171,46.830513
IMG_5280.JPG,2206.8032,601.43384,-237.92197,2230.7202,550.2855,-325.08942,2224.9602,534.5676,-326.1756,2218.9675,520.5279,-326.35895,2239.5942,588.08386,-374.49103,2240.5034,598.2234,-375.38397,2241.6953,608.23444,-375.9552,2166.7117,489.44705,-579.2682,2218.647,624.30945,-807.2914,2148.7869,605.073,-292.1851,2164.1836,636.5728,-363.8373,1838.3408,500.15015,-431.73993,1958.09,869.3777,-880.5132,1538.6488,597.37036,88.891464,1902.0262,1247.7811,-682.1088,1417.6163,716.61304,523.21533,2175.2078,1203.3458,-385.04858,1379.9749,739.48975,559.12573,2228.5217,1204.5312,-489.63116,1409.7899,755.3429,467.54312,2228.921,1163.5331,-455.91312,1420.7559,748.2329,500.91483,2210.1377,1155.8077,-375.9147,1397.9531,828.5201,151.00989,1420.3446,1021.9871,-151.55786,1558.0457,760.92554,1378.8049,1239.1687,1048.874,766.1337,1329.5468,832.17065,2342.3828,850.8691,1063.2561,1547.9889,1305.0869,840.79395,2439.8604,805.24084,1031.5349,1632.174,1233.7384,853.09705,2577.6033,672.0194,1132.1051,1617.2935
IMG_5631.JPG,1324.4116,701.1907,-2098.9053,1307.8027,639.1555,-2112.0266,1314.9425,622.10297,-2112.7637,1317.4349,606.78827,-2112.8499,1266.5542,680.6286,-2151.8435,1250.2401,691.0171,-2152.8298,1231.7921,702.416,-2153.2104,1285.2668,558.0817,-1825.2465,1143.8461,715.9648,-2003.0344,1346.3531,708.3149,-1948.0808,1302.0833,739.6868,-2003.3416,1308.4368,540.7058,-1321.3477,1091.5872,894.53345,-1702.0496,1467.9983,565.4063,-800.0634,1037.991,1277.7538,-1900.5869,1642.8005,588.4062,-373.96127,1267.1143,1430.9089,-2160.5884,1705.6238,610.7724,-356.59622,1322.7653,1485.3506,-2299.9197,1705.394,627.0957,-461.07666,1342.9705,1421.3147,-2339.4438,1686.585,633.3123,-405.46533,1333.0143,1400.4794,-2187.6926,1440.9067,763.1737,128.9586,1396.6031,979.44806,-129.33104,1844.4657,778.1257,447.49393,1845.221,896.6612,21.783724,1699.0814,727.3082,1560.5297,1705.8198,866.93665,1304.4231,1677.2117,742.6852,1683.1763,1662.6978,868.6873,1456.3516,1768.6836,757.0965,1844.689,1779.633,810.73096,1629.0735
IMG_5632.JPG,1725.7864,570.72095,-2043.6127,1718.8477,506.8111,-2006.45,1726.469,488.55243,-2007.0796,1732.0659,473.7545,-2007.1702,1685.0012,546.9102,-2048.0244,1671.8876,556.9399,-2048.5994,1658.51,565.30566,-2048.9768,1708.0284,455.29266,-1627.6852,1592.8942,577.6187,-1803.4863,1740.269,586.0042,-1876.8158,1706.5447,612.1575,-1930.5945,1740.1437,477.9284,-1200.975,1541.5236,806.7721,-1506.2462,1826.6392,462.9007,-927.83136,1548.7697,1073.104,-1663.0182,1966.1184,497.71512,-741.09924,1646.7681,1331.6388,-1863.2593,2016.8398,531.40454,-771.5716,1695.7052,1397.5383,-1999.3292,2016.5774,544.5238,-834.6805,1740.5966,1330.9874,-2054.2761,1999.4802,543.9158,-763.175,1719.3702,1311.079,-1894.3021,1748.2229,737.5514,96.7057,1637.2368,887.09985,-97.41894,2015.2723,693.8978,527.0718,1880.8687,848.27313,333.8248,1948.8713,669.389,1245.9645,1753.4792,812.43896,1318.4401,1921.6078,673.5586,1319.4973,1725.6001,818.7416,1424.3756,1995.6392,660.9209,1337.0687,1793.4441,791.5923,1468.9344
IMG_5636.JPG,1334.4337,489.485,-1854.6458,1305.3977,460.2687,-1834.0292,1305.6494,444.36475,-1834.7631,1305.1842,430.7377,-1834.6874,1293.5247,505.23386,-1837.9451,1285.7365,520.1284,-1838.9442,1277.4999,533.9755,-1839.5006,1296.4608,414.2196,-1446.02,1255.2582,559.9486,-1465.6667,1369.208,478.76746,-1679.5532,1353.548,531.2213,-1689.6383,1442.7593,339.37747,-1050.0492,1301.9744,697.55597,-1046.4954,1660.6061,350.32907,-788.70703,1285.0648,913.30225,-1220.9082,1853.1853,404.46634,-818.662,1419.6049,961.9337,-1770.9386,1916.6893,427.32605,-899.2563,1458.3241,1004.8496,-1936.1018,1912.2299,444.48328,-998.9493,1480.2827,954.3832,-1984.924,1890.2239,446.65018,-856.66235,1473.6244,934.9751,-1806.661,1773.5051,500.80432,-13.878393,1718.1163,701.2244,13.539992,2113.6448,631.37506,28.79241,2059.1812,762.62335,-53.055416,1926.7788,535.81366,1215.6846,1922.353,675.9323,1220.588,1917.5225,522.1427,1344.926,1883.4615,663.0906,1366.0378,1983.7385,588.29236,1426.7789,1974.0652,649.3699,1459.8085
IMG_5637.JPG,1236.5205,599.208,-1489.9841,1194.5315,558.66595,-1491.3064,1193.0848,535.5988,-1492.1559,1190.9127,517.6743,-1492.2295,1180.4697,621.9513,-1490.8846,1170.2019,643.51,-1492.1895,1161.6295,660.2444,-1492.9154,1165.4307,489.75238,-1210.2505,1115.0938,682.62213,-1210.4244,1273.4987,579.5838,-1351.706,1253.0092,642.7944,-1357.6671,1336.5876,378.00623,-936.8167,1151.4694,835.08887,-886.12024,1590.4437,378.9028,-738.1511,1148.0304,1083.192,-1020.7431,1806.1537,443.2955,-694.9165,1341.7122,1149.3988,-1438.8842,1879.0146,462.21274,-741.3062,1397.5964,1190.2935,-1554.1685,1865.9296,493.4748,-822.0428,1415.7666,1141.9813,-1593.1195,1841.0122,496.14948,-721.55475,1402.2721,1117.592,-1465.8315,1714.486,560.53217,-30.62566,1646.7117,815.152,29.662659,2074.231,686.87134,49.404095,2022.0544,849.36163,68.39382,1849.0106,592.93866,978.3867,1824.6475,747.92114,924.2356,1840.862,589.20844,1085.5691,1783.0378,730.49756,1031.5933,1905.7673,644.8828,1220.7905,1862.4156,712.2671,1159.3486
IMG_5638.JPG,1500.7742,420.88214,-1875.3843,1456.4019,380.34445,-1867.0725,1453.2354,355.58215,-1867.7593,1448.8448,337.23657,-1867.6,1445.516,450.9602,-1875.4946,1436.1134,473.09525,-1876.5504,1425.3491,490.16998,-1877.0483,1411.8044,295.53513,-1515.9437,1369.0929,520.8855,-1547.349,1542.473,404.42407,-1707.9177,1526.187,477.1434,-1722.0048,1564.1519,193.08165,-1158.5223,1403.5865,667.3045,-1155.407,1830.878,181.45377,-1046.0001,1362.244,959.33276,-1311.1417,2066.932,240.44402,-1114.545,1594.3398,1033.0118,-1647.1494,2143.8096,264.00116,-1200.4808,1649.8645,1091.4847,-1770.3448,2134.5728,293.0106,-1290.9253,1678.0527,1021.17303,-1822.0513,2107.013,293.49023,-1150.51,1663.7423,994.7288,-1679.0652,1881.478,393.67746,-0.57621026,1822.3779,643.4995,0.07635542,2335.4194,526.55133,16.015306,2268.036,709.4411,-98.64339,2080.316,434.3466,1054.4854,2032.7661,599.6304,1040.9343,2065.245,413.96826,1174.838,2020.3533,580.66595,1181.3839,2155.255,488.50018,1359.505,2118.6184,566.6598,1400.6699
IMG_5639.JPG,1369.8125,699.89124,-2071.9504,1306.846,642.42804,-2108.2808,1297.886,614.7187,-2109.0034,1287.8004,595.0246,-2108.8435,1300.633,740.4934,-2113.3323,1289.9246,762.7698,-2114.5522,1278.3757,779.7424,-2115.1392,1211.6663,545.08093,-1857.2896,1196.6467,821.95764,-1877.951,1395.1177,667.406,-1923.5502,1388.6932,749.82135,-1934.4497,1296.8182,385.63913,-1429.9259,1195.9103,956.346,-1476.7421,1548.6229,315.0758,-1041.7036,1153.5101,1300.744,-1560.5281,1775.2574,373.19656,-732.8768,1489.292,1361.153,-1733.411,1840.4797,386.21375,-759.8273,1562.0375,1406.5936,-1847.7634,1835.4464,422.9351,-841.0303,1576.3887,1323.0488,-1875.0077,1816.9049,429.08347,-754.96985,1558.7983,1304.2168,-1752.5767,1623.6866,556.52637,3.0789244,1581.9127,848.14996,-3.8580604,2006.897,640.7972,475.70792,1976.5254,842.6485,422.52963,1749.5054,563.212,1548.179,1726.1891,771.9195,1518.8986,1709.4993,543.98987,1670.759,1697.2212,734.33636,1653.0275,1793.6285,606.7415,1844.8723,1742.9646,757.62634,1851.6566
IMG_5644.JPG,2676.4004,647.5915,497.20267,2689.8906,623.3275,405.89905,2683.1504,615.4689,405.377,2676.4507,607.98,405.30792,2710.5544,644.67804,417.32352,2717.2007,651.11633,416.73035,2723.4912,656.76874,416.5962,2658.0579,612.0734,40.58319,2722.4019,674.2102,92.50338,2644.2432,653.2531,386.9096,2665.8777,676.44995,396.8096,2481.021,641.1839,-130.74197,2639.801,899.44806,-167.22142,2241.6914,712.6669,-214.12814,2654.3103,1119.8517,-105.41198,2021.668,745.09344,-124.403786,2687.2708,1087.14,328.39362,1957.1509,764.5593,-93.58749,2713.3245,1075.5084,363.4672,1955.9744,776.2389,-130.5263,2698.9067,1055.3402,383.97845,1978.6564,773.9053,-128.70811,2681.852,1056.9215,342.52853,2089.8037,834.2721,26.914185,2125.179,990.98285,-27.661047,1827.3307,900.4147,-130.33804,1817.8015,991.88794,-126.55067,1585.2397,967.20514,-650.1789,1575.8738,1020.00836,-876.3767,1549.4766,986.3314,-707.20776,1527.486,1033.723,-956.2857,1463.259,947.96173,-771.2341,1484.4723,1008.268,-1066.3821
IMG_5645.JPG,2718.377,309.77176,159.81267,2796.1404,307.7082,-0.7186904,2797.9758,306.90802,-1.7080743,2799.204,305.0047,-1.7254773,2806.7178,327.1933,95.17746,2814.3337,339.5828,93.601715,2822.3994,352.1861,93.01243,2800.742,349.5664,-449.54916,2839.0627,422.22617,-30.264717,2672.3386,332.12576,45.004677,2683.8047,350.6691,155.58525,2473.9368,306.14447,-696.6648,2709.6936,877.4865,-57.24662,1879.3145,437.95038,-899.2437,2625.968,1297.6969,-180.0541,1379.8143,557.38824,-652.12805,2802.787,838.0435,127.30578,1236.0192,612.80145,-619.3726,2857.7283,770.84503,160.21486,1236.9901,630.6567,-649.82605,2848.6636,748.2938,158.7587,1290.7104,622.3392,-644.96423,2824.6892,758.95416,117.3622,1609.9838,787.5922,-188.41093,1722.1132,1119.3572,186.8203,894.50397,959.4511,-312.9781,1073.9216,1182.7102,82.88465,647.85785,1521.4292,-1230.4523,543.02386,1614.7925,-1143.7485,712.68353,1666.3905,-1323.8385,508.1295,1661.0691,-1272.8923,320.00443,1628.8727,-1369.4061,329.78223,1678.4148,-1385.3188
IMG_5646.JPG,3007.5754,437.46313,642.3084,3032.9465,398.78735,467.9083,3024.8777,385.1525,466.94617,3017.2842,372.3393,466.80453,3067.4294,438.81067,545.1068,3081.9194,452.54938,543.53955,3095.7393,465.78726,542.5928,3012.5215,384.75476,-110.470406,3118.8218,507.30276,234.07376,2968.1616,440.10553,480.1806,3004.573,484.54892,569.4552,2799.312,399.07703,-545.7374,3052.838,898.322,169.51227,2331.9795,597.8235,-831.6526,2885.3684,1303.9767,27.64968,1827.3472,773.2383,-714.6826,2785.0337,1041.3608,283.69165,1690.3678,847.87506,-697.6066,2771.5486,1029.1497,340.04987,1675.6996,875.00116,-696.57196,2779.4153,956.54553,347.42072,1735.3893,857.46375,-695.12555,2795.347,969.30286,282.5389,2051.1816,988.2816,-240.47427,2176.4758,1277.447,238.98071,1321.528,1209.8623,-343.04413,1513.6494,1456.581,347.71832,1284.0096,1816.8053,-978.0264,1204.229,1881.6093,-363.43796,1381.1068,1887.6273,-1033.8252,1092.6956,1956.1584,-434.81375,996.7793,1926.4879,-1056.3093,969.55176,1951.2737,-481.28607
IMG_5647.JPG,2873.5664,-37.88004,1376.469,2908.9465,-73.3176,1251.4832,2905.9438,-82.69813,1250.739,2902.131,-90.547806,1250.346,2923.435,-44.405388,1358.6953,2931.0764,-32.130653,1357.2814,2938.8674,-20.847088,1356.7126,2918.6965,-89.23203,775.0731,2984.7266,18.151281,1257.1216,2867.6294,-31.54104,1234.816,2880.756,-0.18882751,1364.525,2767.5564,22.549782,143.43929,2963.1873,376.33087,1180.2993,2434.9324,222.54816,-306.60916,2827.4624,803.7607,1117.0596,2053.6238,501.56696,-162.68993,2573.7727,674.50055,1302.633,1950.762,581.07776,-130.25458,2525.157,642.6895,1400.156,1926.1183,591.709,-67.30493,2511.4812,617.8047,1365.9146,1969.526,568.3254,-111.77051,2523.0945,626.50635,1281.7687,2293.5137,626.51587,-329.42706,2434.8176,835.73566,326.19818,1613.2592,1031.8068,-622.2527,1819.4725,1193.3452,22.875433,1870.3722,1539.066,-1430.6172,1884.5212,1656.0834,-968.57214,1984.9672,1604.4124,-1501.3627,1833.1768,1749.1592,-1066.8468,1755.5758,1773.2324,-1601.0287,1808.1405,1891.9988,-1219.5724
IMG_5648.JPG,2206.4194,251.249,1687.0266,2232.1274,209.57942,1653.5667,2233.4404,202.08002,1653.0331,2233.6748,195.67476,1653.1134,2241.0225,224.89015,1770.1113,2248.8154,228.30615,1769.173,2255.8206,231.55269,1769.3043,2276.63,192.20044,1406.8607,2315.7522,240.82802,1930.8066,2213.4255,268.17963,1601.1259,2223.186,281.44427,1744.7137,2303.8494,206.43816,693.82837,2474.494,494.08377,1784.8118,2200.5276,402.14313,11.741944,2450.2158,853.5311,1382.1619,1982.1525,673.5955,-204.3313,2318.5977,820.9317,1062.2252,1939.0525,771.62476,-262.67474,2277.7231,810.19434,1039.4806,1908.4792,777.32886,-179.51283,2234.8242,801.0721,1047.956,1930.8624,755.1723,-158.01466,2253.2205,788.2378,1036.9144,2169.724,828.8691,-343.47256,2292.3113,948.6613,341.0664,1721.9957,1281.0923,-783.76685,1892.2305,1415.8726,-56.1832,2187.3286,1614.9237,-1421.6155,2155.0034,1637.099,-602.7026,2312.8655,1658.0238,-1478.8401,2213.3145,1644.28,-659.1242,2115.152,1873.9353,-1713.1418,2187.2805,1797.7151,-847.29865
IMG_5649.JPG,2096.7822,193.49202,1679.4249,2119.7761,143.02893,1656.3179,2121.671,136.29039,1655.5992,2122.3994,130.47296,1655.6709,2125.512,159.47948,1763.6427,2131.9443,163.04477,1762.6874,2137.8389,165.92876,1762.7926,2150.8777,120.824,1479.1355,2190.9207,161.25575,1958.457,2109.7046,217.88441,1617.398,2112.606,231.76878,1746.9752,2165.8135,142.8767,686.8216,2298.1313,368.40005,1909.7339,2159.6672,328.7828,-198.17102,2312.3123,649.3001,1531.9872,2036.3025,631.9421,-694.8209,2096.4707,780.21564,1038.4977,2025.8242,726.3515,-801.4027,1995.3773,810.4831,996.7047,1975.341,731.6736,-711.82117,2006.769,811.2119,960.8144,1993.6251,713.7736,-651.8781,2034.701,798.6636,992.50006,2201.123,797.81226,-385.9369,2281.1536,891.872,383.31906,1871.4913,1307.5983,-774.92816,1937.7249,1392.3265,-66.97257,2465.3108,1578.3915,-1360.248,2472.3997,1574.6382,-625.2762,2613.9883,1548.1305,-1410.568,2590.4004,1499.4991,-682.1166,2439.1472,1934.5287,-1604.0947,2533.724,1853.4973,-848.8036
IMG_5650.JPG,2079.868,341.2259,1080.5531,2096.3928,319.7553,1025.0082,2095.5637,316.20862,1024.6449,2094.019,312.28595,1024.5149,2109.2468,327.70636,1111.7108,2117.4102,329.73645,1111.1166,2125.4465,331.64508,1111.1793,2115.6438,318.90216,768.466,2159.54,340.52634,1154.7258,2076.7603,356.31635,994.91626,2089.0671,365.22537,1102.2714,2078.0012,372.48032,305.8793,2235.3682,567.90643,1015.3678,1947.1117,539.17847,-120.367905,2260.1995,789.86975,572.2525,1733.4862,681.8373,-139.1529,2131.1208,724.6249,179.89685,1669.731,743.5734,-164.40388,2108.6602,684.8031,128.10735,1650.0092,741.46436,-132.33727,2098.7915,676.2876,147.05725,1673.2072,728.6761,-115.77493,2104.2966,686.35443,162.7566,1855.9227,743.17017,-231.53435,1950.3811,882.35443,229.89183,1475.8969,963.4084,-514.80536,1592.4976,1081.828,-59.738186,1602.5026,1157.5511,-1036.6273,1549.9083,1282.3397,-948.38727,1677.0278,1186.8226,-1090.2815,1552.5042,1316.3931,-1047.5419,1496.2386,1289.6031,-1197.5566,1466.8995,1334.3549,-1234.0383
IMG_5651.JPG,2019.1161,331.88184,1130.0621,2033.7183,306.60803,1073.7676,2033.3069,303.77838,1073.424,2032.2341,300.4471,1073.2263,2046.337,311.6649,1161.7333,2054.853,312.36932,1161.1915,2063.6018,312.56754,1161.2573,2052.7322,303.35843,798.7466,2096.5498,321.43146,1192.5974,2018.7822,347.1975,1036.8229,2027.54,353.34656,1146.2185,2037.6744,370.019,284.7608,2176.589,539.5883,1081.6716,1932.1847,553.0766,-149.63144,2205.991,765.33276,819.04047,1725.3387,730.0832,-196.486,2058.593,756.40344,600.1128,1674.0215,787.8933,-233.2789,2045.5673,746.14404,580.3812,1651.6432,788.079,-184.3221,2018.6514,727.7013,579.01276,1673.6162,773.15436,-165.84352,2029.5691,725.31757,580.92053,1853.8401,790.8346,-268.70013,1955.1298,892.0591,266.9441,1460.7499,1031.737,-558.4969,1606.6735,1147.5237,19.169535,1677.9526,1270.6326,-1021.1707,1646.3428,1409.7871,-763.05396,1773.1992,1282.592,-1065.9379,1664.224,1445.5,-850.806,1612.2228,1422.186,-1171.9839,1615.9304,1489.926,-1038.6707
IMG_5652.JPG,1982.9307,174.4929,809.67773,1997.5536,139.96799,755.4013,2001.3251,137.43066,755.20184,2004.2908,134.80531,755.1454,2002.4579,142.07152,852.5215,2010.7919,140.77351,852.02124,2019.6898,138.52658,852.0733,2035.8591,133.30803,525.8962,2055.8484,135.61905,964.92126,1990.2947,193.9661,736.92596,1992.9746,196.25468,859.1112,2054.914,218.75792,89.77815,2173.7559,321.22488,950.32306,2005.039,433.3431,-301.63364,2227.4678,546.0811,837.7828,1858.3271,626.9719,-294.25995,2128.443,651.03845,730.83185,1825.8044,696.39795,-321.66614,2108.2356,658.9856,742.1735,1788.2192,688.78046,-278.90845,2086.925,650.0955,722.08777,1798.2892,672.3683,-264.45795,2101.5933,649.4266,709.0475,1985.5853,666.26843,-281.2923,2078.2327,725.7291,279.7168,1678.4142,1010.6896,-568.07874,1787.0867,1070.8524,-9.901366,1988.4899,1230.673,-906.43774,1953.7488,1331.0159,-555.7346,2075.8215,1302.72,-938.9845,1987.6987,1362.1829,-617.2131,1998.4001,1359.4651,-1048.9325,1966.5842,1401.9647,-772.7905
IMG_5653.JPG,1789.8519,220.67233,971.07275,1804.2836,186.18333,928.80383,1809.9048,184.9762,928.44214,1815.3783,183.24046,928.55164,1806.1979,185.97133,1047.6932,1813.4464,184.74666,1046.9723,1822.608,182.8769,1047.0367,1863.0897,182.61905,747.7497,1873.0977,182.77713,1279.2871,1805.1432,245.51979,911.07196,1808.083,247.72375,1059.3531,1917.0835,275.16907,290.38644,2007.939,385.7591,1320.3009,1892.3108,488.323,-170.08646,2003.4662,609.4513,984.35583,1818.1448,705.09247,-242.21458,1848.4397,659.9554,426.14026,1794.5724,780.9655,-284.81213,1799.5405,647.5026,375.95465,1754.7783,772.6423,-244.84367,1778.9327,628.44476,349.91483,1762.6648,755.84814,-213.97873,1795.2216,632.4835,385.8758,1903.7523,765.0272,-313.05508,1968.171,835.5932,311.48322,1648.8549,1108.7953,-610.94257,1694.3596,1187.9023,-75.44547,2125.4648,1360.6786,-1057.4777,2029.207,1424.2648,-586.9537,2210.3755,1287.2461,-1103.0585,2096.622,1433.9736,-642.8592,2154.5356,1529.5587,-1308.1558,2080.5356,1569.495,-845.75085
IMG_5654.JPG,1670.106,522.67206,160.49416,1666.2346,493.3826,186.85205,1672.9708,483.95325,186.3655,1680.9781,474.57346,186.4081,1654.8313,517.1603,241.46591,1652.5066,525.2648,240.96864,1650.6373,533.37067,240.91234,1716.4846,463.59818,317.45444,1671.1265,546.2037,564.60455,1709.3114,522.56683,209.47076,1693.346,550.1102,276.60593,1858.1101,450.34793,167.12378,1804.8066,671.471,759.01404,2038.9429,514.45233,-2.7193642,1846.3567,827.1648,477.0699,2192.0398,610.6758,-235.15863,1723.9586,863.1426,-198.66238,2247.4023,630.7301,-325.10382,1695.3489,895.0275,-304.7082,2222.8813,657.66754,-342.52676,1686.1309,880.9157,-345.1721,2203.1462,655.2405,-243.08475,1699.3513,865.96924,-241.54747,2145.9714,686.2478,-168.34306,2086.2637,808.48224,167.79068,2365.938,934.8801,-587.90906,2314.2559,1046.5079,-264.00574,2622.5654,869.85205,-175.7981,2605.0051,946.149,29.847235,2635.4685,828.68243,-138.13815,2628.0044,903.7019,56.081253,2759.4873,939.57513,-317.98547,2746.5906,1004.7778,-137.23793
IMG_5655.JPG,1606.8676,566.3364,-108.78218,1604.3617,538.9098,-72.78345,1611.7885,531.11975,-73.345665,1619.158,524.94946,-73.308205,1592.6721,558.65985,-36.160126,1590.6708,566.0071,-36.68703,1588.5698,573.5964,-36.876106,1653.952,511.04254,114.93726,1607.436,583.98785,280.54257,1641.9852,570.0614,-37.52221,1628.1465,591.09906,5.830169,1797.3329,497.54007,65.010735,1731.3037,720.2146,479.06815,1973.3077,556.4807,-23.47288,1769.5226,866.8192,188.11703,2126.3862,640.80383,-292.31146,1662.5713,902.6938,-487.9589,2180.257,660.3402,-384.14883,1639.913,931.6489,-606.45264,2157.9932,683.48914,-422.78946,1634.3115,919.7527,-646.54645,2139.8306,683.4111,-310.61975,1646.8569,906.8306,-528.73517,2075.5652,714.9917,-119.547554,2025.4453,847.4478,119.09788,2304.5186,932.44147,-582.77875,2265.5366,1048.2432,-276.45966,2523.469,862.97546,24.189768,2511.9739,944.9681,199.91862,2529.0767,827.68866,81.00412,2531.8804,902.0428,245.66745,2657.8044,927.6622,-94.149826,2646.1028,985.329,58.326675
IMG_5656.JPG,1428.6824,542.09204,-409.02585,1421.6132,514.9134,-375.972,1426.577,508.06863,-376.8062,1432.1711,500.37192,-376.70462,1415.0106,528.688,-340.68137,1414.7081,531.9482,-341.33673,1414.0684,536.1637,-341.67026,1468.9222,477.85547,-170.16066,1438.4943,532.43994,-4.7009,1459.7607,542.4283,-326.0195,1449.9224,558.0433,-284.56158,1623.0009,448.4328,-136.06435,1559.5325,670.19946,225.16585,1810.549,489.9665,-95.78424,1606.296,796.8522,-81.52137,1966.9982,555.02216,-334.76425,1530.3593,845.966,-834.4386,2023.8363,572.2995,-413.18915,1499.932,868.95123,-972.81396,2010.6818,591.32184,-486.48877,1495.0503,859.6717,-1023.0465,1990.662,595.68524,-364.0102,1514.1299,848.2913,-882.3865,1944.2256,647.25494,-102.464455,1912.171,789.9787,101.8401,2158.8882,808.6835,-712.42053,2154.6218,916.4447,-108.28606,2331.9563,746.0097,240.60449,2333.0613,814.69763,553.4125,2334.7034,709.6746,335.67108,2343.6472,771.27496,619.21515,2450.9119,799.43646,220.91138,2453.9995,832.2548,483.47202
IMG_5657.JPG,1183.6448,634.0329,-441.9487,1174.8009,603.57306,-406.99304,1181.0142,594.0112,-407.71735,1186.9988,586.3822,-407.7098,1165.9088,624.8625,-378.7416,1165.0024,630.886,-379.29236,1164.2687,636.1975,-379.58356,1217.2983,574.4322,-195.12346,1178.6152,640.05414,-67.22672,1218.4076,629.55707,-358.59918,1205.4226,652.5362,-326.36212,1363.3883,544.8909,-156.39128,1298.8984,762.51184,143.37256,1548.111,577.7215,-96.41255,1340.8699,882.171,-187.24234,1706.5231,639.38727,-255.94896,1278.4547,925.7827,-934.90515,1761.0232,655.0744,-327.59692,1259.0939,953.29645,-1079.8082,1746.8252,675.6919,-393.4036,1254.5999,937.9963,-1114.2875,1726.3435,675.69714,-281.93906,1266.1147,925.15875,-975.11115,1667.7169,712.7987,-95.68096,1633.0569,840.1087,95.16838,1901.8835,858.8979,-350.22498,1868.0787,964.2663,-10.015851,2021.8508,806.47485,562.06824,2023.4904,872.3985,712.91315,2017.2272,776.1102,652.2436,2024.3641,841.05676,785.7244,2136.0981,842.6061,572.28656,2125.4336,883.581,692.9973
IMG_5658.JPG,1195.1172,519.3461,-546.6952,1185.4148,468.19205,-534.6933,1198.093,462.11694,-535.84875,1213.2754,451.98987,-535.6862,1169.6978,477.047,-447.1737,1167.4314,478.29077,-448.2763,1164.6365,479.95508,-448.6847,1279.1554,420.94226,-366.54584,1205.1918,467.03293,28.688715,1253.2374,529.6245,-470.54788,1223.6534,545.0605,-365.4097,1540.0449,450.78943,-431.3891,1332.5504,700.8907,528.36884,1868.3578,608.1515,-490.40393,1363.7096,927.47986,775.8466,2192.9485,741.0575,-723.55615,1168.3799,1049.8707,516.16656,2273.9788,787.7451,-836.77167,1106.0215,1086.1299,480.63742,2257.2605,815.90283,-898.33923,1097.6045,1078.2808,366.52353,2228.2498,808.7838,-746.3965,1126.1699,1066.7878,450.07867,2034.8345,821.6196,-259.1853,1962.5874,998.64594,258.47772,2477.0996,1110.8197,-590.7776,2453.6768,1216.2855,41.62187,2776.519,877.04877,376.44202,2782.504,1010.755,706.3181,2774.8838,810.9892,474.5024,2810.0142,940.15686,776.4942,3045.9087,922.3061,344.76395,3059.9746,1043.7654,614.12463
IMG_5660.JPG,1536.8407,715.2008,-682.4447,1530.4716,644.61285,-636.605,1553.454,627.6367,-637.8477,1572.915,613.14026,-637.9603,1495.2405,675.4273,-597.2095,1486.5422,683.3714,-598.4363,1476.9131,692.39343,-598.9607,1621.4552,589.0111,-312.8261,1492.3802,699.9172,-149.1612,1605.4144,723.46326,-549.9346,1556.2626,759.86615,-511.55508,1872.2078,579.29614,-306.54144,1596.097,947.8307,187.54634,2264.2466,658.35645,-229.21185,1552.9504,1170.8041,-95.65896,2612.9663,736.8819,-359.83234,1453.697,1319.2538,-768.0692,2708.8774,775.27435,-436.912,1416.2328,1389.8385,-884.2786,2703.8918,787.1531,-533.64594,1437.6255,1366.8464,-964.21906,2678.7844,782.3967,-396.2814,1460.5785,1343.3469,-830.0065,2402.296,840.94946,-124.59848,2355.2627,1071.0985,123.160515,2964.4128,1059.6117,-377.70178,2944.2725,1155.1718,-111.207275,3024.8293,770.2029,688.8642,3042.6956,852.7252,665.38684,2990.1792,708.2153,803.59033,3009.5837,788.18634,758.51697,3257.577,773.0101,764.4964,3252.5354,840.87286,691.69135
IMG_5661.JPG,1199.5498,778.75165,-821.9733,1173.6034,706.8913,-799.01715,1191.0146,687.12305,-800.25336,1209.5284,667.29224,-800.4062,1130.6293,743.3419,-769.9264,1114.69,755.6568,-771.5168,1097.7119,766.71375,-772.1888,1256.0366,619.28406,-515.563,1090.1384,770.7762,-402.45755,1268.5189,772.6827,-694.972,1214.1422,827.9737,-671.6919,1483.55,562.796,-464.58218,1183.2113,1003.6547,-121.70406,1883.769,623.7909,-416.78625,1137.2223,1263.4912,-402.8236,2246.8289,664.4,-471.1043,1098.5148,1480.4086,-938.3288,2353.5344,679.3164,-519.7389,1088.7837,1556.4811,-1029.581,2335.7605,698.8065,-611.7677,1115.2465,1540.0116,-1094.0925,2306.7192,702.46533,-504.1274,1130.9684,1513.0176,-989.09216,2022.7136,800.3863,-91.47614,1994.8418,1058.1086,89.64601,2574.3127,949.48,-140.2173,2529.2742,1053.17,67.32524,2536.4285,668.85913,792.45544,2498.4827,741.239,785.8089,2467.4194,633.1657,893.91626,2431.8887,699.4814,874.9125,2713.4597,639.0447,893.3203,2672.3403,686.06946,855.81
IMG_5662.JPG,1237.2864,676.2944,-1109.3301,1214.8219,652.02515,-1083.4587,1218.6573,639.00934,-1084.2131,1222.7737,627.13025,-1084.0996,1205.145,679.21075,-1071.8718,1201.3303,687.579,-1072.7831,1197.2244,695.7797,-1073.3835,1232.6965,606.07526,-800.29376,1190.9402,703.5238,-752.36664,1265.397,661.4067,-988.21,1250.4183,695.2425,-978.8321,1368.8601,545.47205,-544.8927,1244.919,789.5134,-488.95612,1557.2449,557.1304,-254.48418,1251.276,925.69885,-719.75714,1721.562,588.11523,-214.39662,1302.6675,967.1993,-1370.667,1776.9858,602.83624,-252.78728,1334.834,995.381,-1519.5648,1766.0594,619.21405,-355.87216,1350.9305,972.28516,-1565.5049,1743.7633,620.75555,-249.9199,1347.1536,956.2126,-1407.8346,1679.4799,662.5159,-31.454832,1633.2601,800.40106,30.934412,1932.7765,776.8718,-189.8529,1894.7415,870.22986,-65.96152,1825.5659,707.2885,914.35315,1801.2844,778.1311,1021.27625,1818.8474,702.4562,1034.3268,1772.9303,761.2299,1144.4958,1874.0636,765.4221,1117.3677,1832.7369,756.21906,1229.3632
IMG_5663.JPG,1389.6763,636.8311,-1382.1118,1370.0261,610.0951,-1368.8574,1373.413,597.0115,-1369.6016,1376.9938,585.2166,-1369.5562,1359.6719,637.49316,-1355.4637,1354.2903,645.8948,-1356.4,1348.6752,653.6441,-1357.0679,1382.8502,562.8845,-1094.227,1337.8446,663.18365,-1040.1316,1416.2056,618.9844,-1259.0743,1399.6094,655.2822,-1247.3975,1513.6709,492.6248,-789.91077,1377.6307,742.2653,-739.46326,1702.1346,504.38745,-478.0263,1378.636,883.3238,-943.2273,1853.8827,531.6195,-404.21167,1448.7705,919.6893,-1569.4796,1902.249,544.80927,-451.12708,1480.5073,944.6527,-1731.1068,1895.3713,558.37726,-548.07166,1493.9486,916.17395,-1770.07,1877.3081,558.61816,-437.2558,1489.6154,901.4163,-1603.5212,1807.8688,603.5647,-28.765358,1766.6797,745.0263,28.373508,2058.9202,710.2001,-57.21304,2017.445,806.8136,45.108246,1968.7656,653.19464,1072.0563,1956.9061,733.8722,1189.858,1968.3871,650.8756,1191.6127,1932.9772,718.86914,1315.7076,2037.1613,703.30945,1218.3915,2009.045,720.9394,1340.7511
IMG_5710.JPG,2455.751,516.2512,123.10518,2479.0327,507.5041,31.553589,2478.0325,503.832,30.999256,2476.721,500.08566,31.02488,2489.0999,521.7768,81.9693,2495.111,528.2909,81.40747,2500.8506,534.39307,81.154755,2473.9116,509.38074,-281.4292,2499.6355,553.72455,-54.069748,2432.1555,522.80206,32.614017,2440.2976,536.6869,93.34841,2284.5454,556.95013,-507.91922,2444.1692,733.9729,-0.32987666,2035.5061,648.9058,-619.999,2424.4888,937.9558,257.18793,1832.9973,665.90137,-506.8151,2416.5425,859.023,690.28503,1777.384,685.793,-513.9486,2419.7917,844.4,763.5671,1776.4458,689.6551,-510.67307,2418.5447,826.9713,739.7976,1793.6125,684.3521,-495.34445,2410.4185,829.5333,686.96106,1949.8999,769.9954,-171.25348,1998.9249,872.599,170.5248,1692.8234,784.3092,55.88884,1733.4641,853.2433,405.38358,1513.0441,935.65027,-51.249466,1528.6755,946.7433,172.11574,1506.3556,996.215,-61.97838,1484.9728,1002.6747,147.98647,1370.2776,912.3393,-84.201546,1400.3035,931.949,124.286804
IMG_5711.JPG,2461.471,396.792,21.886078,2492.5718,387.9686,-66.69885,2492.3518,385.65564,-67.29534,2491.6794,383.14304,-67.21187,2498.9146,398.97028,2.367841,2502.9468,404.41522,1.6283599,2506.6782,409.30212,1.3431337,2489.7415,403.856,-349.74844,2512.0015,436.48007,-38.31486,2439.285,409.43503,-58.626877,2443.7405,423.96725,25.717258,2343.1133,469.69046,-586.0355,2476.8494,631.34796,100.9042,2081.6611,594.4987,-672.07904,2466.2534,834.5599,398.89874,1850.754,626.6143,-482.98975,2373.3762,729.83997,795.42773,1790.8662,650.6262,-486.76035,2358.4395,707.88367,880.64655,1788.691,652.13275,-477.89322,2356.1736,693.762,835.7002,1808.4995,644.5788,-466.44855,2362.1707,703.0208,782.64856,1980.7748,729.25,-226.22269,2035.0768,823.0301,225.4087,1684.5802,770.8773,-73.556496,1764.284,828.71246,384.3874,1562.8901,972.039,-67.67737,1565.4014,954.583,211.84839,1569.8591,1041.2388,-64.3573,1547.2461,1016.444,196.52908,1402.9615,981.04285,-32.05914,1432.9701,929.99445,224.68504
IMG_5712.JPG,2348.284,342.02115,210.76195,2379.3804,326.54913,121.04477,2378.6145,323.01627,120.49894,2377.4932,319.45038,120.4698,2389.56,339.63498,193.52695,2395.595,345.31918,192.91603,2401.296,350.5326,192.7527,2381.5835,332.57324,-192.29688,2412.0452,369.50946,134.41516,2326.2793,352.30603,116.483734,2334.1155,364.7022,205.67136,2266.4368,408.82764,-495.3014,2375.4758,577.0896,240.66379,2010.747,555.33325,-683.1291,2355.7305,778.14575,397.68997,1753.6489,594.6637,-574.18024,2221.6045,675.6842,631.7164,1685.9176,625.1499,-590.69916,2192.6348,660.2099,702.53784,1681.1569,623.07904,-566.9112,2192.437,642.7787,660.0062,1704.7294,615.9917,-553.1298,2202.7935,650.4075,615.67194,1906.1188,703.80963,-240.50462,1961.2471,791.64185,239.69101,1575.157,761.32043,-233.78656,1674.7911,830.12036,272.89328,1518.2751,1017.5747,-501.60587,1502.9816,982.8788,-58.272938,1556.9867,1081.4471,-528.7232,1462.8702,1018.8043,-92.81685,1345.4458,1044.7831,-544.83716,1351.0549,1000.1478,-92.50189
IMG_5718.JPG,1252.6383,539.2908,-81.835724,1260.1216,501.2489,-73.83522,1272.0074,489.369,-74.63822,1283.508,477.20978,-74.339645,1241.7933,526.2475,12.342005,1239.3405,533.6212,11.055288,1236.8059,540.25006,10.430463,1353.5383,458.37607,33.90762,1279.4839,542.04297,430.03278,1303.9161,543.5445,-30.090172,1279.6836,573.3331,74.874245,1649.4241,543.52496,-74.73919,1378.9033,744.358,792.76294,1847.0688,785.0328,-165.96114,1441.4767,998.0292,1127.3414,1936.7067,1069.4742,-400.46774,1202.9191,1081.7976,1079.4644,1989.3013,1152.3325,-483.483,1141.7758,1108.9658,1087.567,1913.9746,1166.3298,-523.07056,1125.5945,1101.0813,974.5151,1895.4017,1146.7991,-410.25223,1150.655,1093.606,1021.3701,1864.0588,1092.7859,-221.31256,1740.6228,1265.5538,220.77585,2106.5825,1453.7899,-891.09174,2070.8672,1586.9758,-358.29346,2697.9797,1405.7635,-786.3192,2660.8347,1508.787,-458.4278,2757.6917,1334.113,-778.3621,2738.091,1452.3188,-465.58997,2906.1487,1600.121,-1005.8652,2874.1746,1665.8683,-687.94196
IMG_5719.JPG,1042.8564,634.31793,-247.77538,1034.5778,589.1006,-248.86769,1045.3186,573.6927,-249.80338,1056.2921,557.6938,-249.61668,1024.128,610.27026,-158.73965,1024.5156,614.1633,-160.00232,1024.6129,618.341,-160.59984,1125.5286,510.38992,-115.32098,1071.0547,593.69196,293.54758,1101.9802,639.82587,-182.69753,1083.1807,658.14355,-72.490425,1462.4972,553.1246,-159.67763,1166.8202,796.07135,669.9244,1745.9264,788.8318,-208.16716,1242.0833,1057.4932,621.45496,1947.5682,1056.2352,-459.77475,1030.1234,1177.4001,2.1966927,2018.373,1126.2958,-572.2635,980.4965,1237.5636,-90.032555,1957.1846,1150.1276,-626.443,965.79083,1220.5634,-200.21658,1930.9996,1132.6998,-477.97714,985.085,1198.4501,-69.66203,1796.5792,1081.771,-208.31187,1683.2246,1262.4253,207.6858,2172.4827,1405.5425,-652.71436,2128.7292,1540.8081,-152.39534,2666.4177,1231.011,-245.85422,2631.318,1359.1063,164.23021,2690.2793,1163.1512,-208.89197,2683.3704,1290.5988,201.81288,2903.168,1354.2523,-441.5337,2875.941,1454.3586,-7.889396
IMG_5723.JPG,1518.475,884.1135,-2050.9722,1455.9138,852.34717,-2062.31,1449.5511,829.04297,-2063.1099,1442.517,809.39984,-2063.0515,1453.4423,915.6183,-2042.7505,1446.7712,931.76965,-2044.1166,1439.0553,946.4563,-2044.811,1389.3136,728.5951,-1751.2417,1406.9968,955.18164,-1660.8776,1557.4221,829.08215,-1895.267,1552.8119,907.4588,-1874.6338,1537.4011,511.4372,-1345.412,1453.1147,1052.5239,-1306.4142,1877.7518,512.8836,-1343.351,1430.9299,1379.0364,-1422.1012,2155.334,510.70572,-1576.3683,1744.6188,1522.1716,-1739.462,2237.8013,511.39542,-1675.0529,1837.1285,1565.0293,-1858.4095,2231.8408,548.4318,-1783.2063,1842.5084,1503.2988,-1941.3912,2202.6072,557.247,-1620.2959,1815.4154,1478.3011,-1785.0885,1941.6194,671.4986,34.701378,1956.202,941.7248,-35.611275,2323.7766,470.11075,-123.797165,2339.2952,799.4922,-348.2646,2066.7559,581.63306,896.24554,2063.4424,776.353,748.151,2006.4261,586.12146,1008.0126,2016.111,784.34436,882.9227,2117.86,668.7413,1052.5895,2085.562,716.3777,985.12573
IMG_5724.JPG,1698.35,885.37787,-2044.1833,1636.4386,853.79395,-2055.0354,1630.6923,833.15234,-2055.8909,1624.651,816.331,-2055.759,1640.84,916.92334,-2047.2274,1634.0072,935.0766,-2048.4766,1624.7542,951.359,-2049.1594,1563.4425,743.82916,-1733.9852,1583.1135,971.4915,-1699.8463,1721.1376,829.96857,-1882.7391,1727.0623,906.41675,-1877.5244,1659.6327,567.2467,-1315.0356,1602.7845,1062.6925,-1339.9482,1942.5352,554.15717,-1262.2606,1570.8607,1379.5905,-1529.325,2174.3994,550.52264,-1379.4426,1877.9664,1485.1646,-1872.7961,2251.4878,563.06866,-1470.579,1961.484,1518.9469,-2013.0386,2241.1343,585.8794,-1555.4386,1969.9841,1460.8711,-2063.2036,2213.7937,589.9159,-1415.0865,1950.7562,1438.4637,-1908.34,2010.4597,714.6598,27.932611,2017.0007,963.5979,-28.77776,2322.1833,674.6556,583.6266,2327.58,848.40857,364.24582,2070.8567,578.482,1518.7623,2080.8152,824.3345,1383.8757,2018.3843,567.7201,1617.4795,2031.2262,825.35394,1501.6152,2092.3613,582.14874,1640.9769,2117.813,760.05115,1549.477
Screenshot_20230220_014052.png,142.9628,253.10736,-456.56018,135.58255,241.80682,-447.60632,137.18147,236.89954,-447.7904,138.40283,232.7673,-447.79413,128.93102,253.96881,-451.08386,125.86613,257.328,-451.38327,122.41111,260.41537,-451.55023,138.92947,227.91324,-344.05194,113.73108,267.1688,-358.9196,156.46494,252.48071,-411.41858,148.16953,267.58188,-416.9279,194.92148,223.69186,-247.51564,136.68275,323.4143,-269.17398,251.97821,249.40625,-179.42148,126.39122,406.67365,-278.29355,302.70053,274.50266,-173.7991,187.29381,420.15634,-349.31708,320.12076,286.19946,-187.01804,200.76851,430.24414,-378.1171,320.366,288.1812,-213.32336,203.94633,414.69016,-391.788,313.65674,285.69565,-183.39996,201.6202,409.9802,-356.4723,280.29715,294.2121,6.478227,264.32556,350.2292,-6.5515904,380.68384,333.10458,37.949516,374.48694,373.91452,-44.728527,318.0217,319.14374,305.61545,310.97723,355.20795,255.8743,311.23032,317.60248,336.4204,303.36407,350.84305,292.99133,319.14453,337.2435,386.74786,324.34204,353.41232,349.42877
Screenshot_20230220_014133.png,161.92691,328.08945,-434.65277,155.6299,318.05408,-439.11,157.00214,314.9262,-439.26242,158.53745,311.90417,-439.33694,150.91101,325.72995,-441.31973,149.02762,328.0759,-441.56363,147.0892,330.47418,-441.7701,160.4071,303.7155,-399.51932,143.67828,330.12192,-406.3695,169.91415,324.23138,-412.0186,164.68277,333.18292,-414.86304,206.12366,296.27774,-309.60208,151.58574,374.25867,-355.50256,252.42703,325.45114,-216.99104,162.89813,465.1589,-355.87613,280.29227,357.68597,-120.23868,232.37953,493.89444,-373.556,283.59442,363.55194,-117.338295,248.85582,505.31686,-400.08102,282.47226,364.1829,-133.56233,254.12636,489.5445,-404.78775,280.91754,363.65286,-123.64086,249.00388,485.4402,-376.16827,238.20595,364.9292,10.942851,206.65321,398.5117,-10.98256,306.55777,399.14682,99.112854,259.77344,434.33838,108.196365,262.71143,375.27118,349.8865,207.48721,408.37314,333.55243,253.72226,367.5513,378.4768,199.65573,405.45084,360.35858,260.02832,385.7063,411.649,203.96036,404.3261,390.48663
Screenshot_20230220_014203.png,160.2366,264.24146,-487.1631,150.37503,253.72484,-491.69696,149.83809,248.88708,-491.88937,148.78294,244.91083,-491.88345,147.36584,267.85306,-498.063,144.71301,272.37616,-498.36316,141.955,276.135,-498.54855,136.71638,234.47118,-423.91342,124.47941,282.32187,-452.01813,165.6703,258.4895,-450.54465,161.76921,272.4528,-459.78552,173.6673,209.60184,-311.65918,127.23785,323.57632,-359.4755,217.9101,236.55289,-189.81358,119.73417,401.20923,-325.65027,255.20885,258.3126,-107.923874,182.30376,415.63412,-323.74704,270.0183,263.4414,-108.66685,197.35115,428.8323,-345.54776,271.07452,265.98325,-131.37366,203.83276,413.2913,-355.91025,264.67334,265.64365,-114.20061,201.45015,407.33487,-328.06284,240.51192,278.4343,12.990464,223.4008,333.12787,-13.066961,332.1865,311.51633,134.51732,318.19757,348.68924,42.81629,273.6314,294.92554,398.48007,272.19354,327.2776,329.10547,264.466,293.06528,428.52368,260.9766,322.47336,363.82266,286.91937,316.07474,463.54547,287.6014,324.7183,401.12158
Screenshot_20230220_014532.png,78.91487,345.6637,-86.23792,76.97523,337.07175,-71.46396,78.883865,334.73462,-71.6162,80.903725,332.09323,-71.58147,72.01955,344.26575,-70.21606,70.72152,346.5232,-70.41289,69.49176,348.68768,-70.49322,89.63027,328.51724,3.8898823,71.9206,352.9791,8.807421,89.85654,346.17227,-57.457554,83.5241,354.50183,-57.26109,144.8796,328.8761,31.021616,100.85424,399.6606,42.290657,208.55695,351.51196,67.942276,95.60294,458.71796,-36.73485,257.72195,375.2448,32.42608,96.28071,467.37952,-207.61336,272.91418,386.1724,14.394609,97.89267,474.61618,-244.07117,271.50537,388.56732,-8.571449,101.59931,463.97842,-253.67699,264.7166,386.8446,22.915493,103.24917,460.56613,-216.75209,232.9161,394.12927,0.08860527,212.6131,437.6123,-0.23294885,331.2817,444.8652,-63.16325,312.93494,475.9793,-69.66759,322.12286,435.9735,241.6622,308.9313,459.24512,222.16718,319.1377,434.85757,275.39294,303.40637,453.97202,256.4109,345.4263,453.48303,299.78763,334.25104,455.8825,276.72708
Screenshot_20230220_014544.png,74.289055,414.70694,-119.973206,71.44141,405.25922,-105.69208,73.46121,402.96512,-105.86629,75.74465,400.8201,-105.83981,66.81018,412.76837,-104.32918,65.54285,415.08652,-104.53651,64.31905,417.25772,-104.627205,85.36036,396.8256,-27.683739,66.562805,421.1921,-22.40479,85.049706,415.02817,-89.70018,78.886665,423.78876,-89.53018,141.55301,396.6438,2.267364,95.533516,469.75284,19.76741,204.87346,419.4293,37.9542,89.494865,527.7662,-61.363705,255.75612,442.9856,-5.0575123,90.25462,537.93463,-247.98306,270.36685,453.9349,-25.723755,91.83596,545.63055,-288.87848,269.06143,456.63293,-50.032585,97.05701,535.3179,-298.94443,263.69907,455.00598,-15.120917,99.943756,530.72253,-257.81995,233.94353,462.22797,-3.128104,213.03357,507.01245,2.9904377,328.8653,511.65933,-66.95824,312.25464,544.6155,-66.0,324.40143,503.00027,250.99716,312.09174,523.21625,232.37674,320.33737,500.6623,285.6326,307.09973,516.56104,266.95938,351.18414,523.0258,305.22293,338.1107,522.1136,283.3298
Screenshot_20230220_014608.png,92.46199,327.01685,-260.29913,85.17699,318.31516,-247.59409,85.81408,313.7388,-247.81657,86.38793,309.6996,-247.79007,82.54261,328.53397,-247.51628,81.58519,330.9751,-247.74481,80.38008,333.75467,-247.88991,88.99843,303.78128,-154.60765,81.31918,336.2082,-154.26659,101.73758,322.3777,-222.22736,98.726746,333.02417,-223.41347,153.77406,294.13205,-93.714676,111.67383,376.78918,-96.866234,224.73119,322.16888,-49.692066,124.158066,430.4833,-213.14369,282.8924,344.69736,-97.93563,113.40386,443.3399,-436.79446,300.4568,350.32352,-122.16883,107.370804,453.63776,-489.23306,297.14706,356.2056,-153.64293,110.69691,442.07654,-500.74695,290.27344,356.7429,-111.0901,115.44789,435.99942,-448.60196,251.65004,364.10852,3.733717,228.7943,407.92404,-3.7870836,346.89545,417.17252,-44.481117,335.93,447.18082,-69.13909,316.52182,407.41962,318.4021,305.31155,431.0814,297.49677,306.22235,404.24457,358.353,297.42453,427.12045,339.97147,325.1435,417.5765,395.98895,320.61465,430.09113,377.24323
Screenshot_20230220_014618.png,81.46874,314.22885,-221.22215,75.246994,304.828,-205.3451,76.4263,301.1029,-205.54039,77.75768,297.28168,-205.4976,71.897575,314.8531,-204.39989,70.91755,317.5948,-204.61304,70.009964,320.1412,-204.7187,83.64889,292.16772,-108.07254,72.03459,324.48465,-103.973526,92.55596,310.30997,-182.73953,88.31653,321.32443,-182.81877,151.22713,286.76025,-57.73087,106.32625,366.66754,-49.89159,219.17656,311.57407,-17.095287,101.986824,430.27524,-161.25084,279.08014,338.9738,-69.76541,101.6707,438.7965,-384.63327,297.8741,347.4548,-98.333115,96.71836,447.9467,-437.94333,295.71045,351.41864,-127.99361,102.46063,434.4875,-448.4188,287.8523,351.22665,-82.51231,107.10606,429.7218,-395.98694,248.81465,354.63333,1.7831086,230.00226,399.3305,-1.8419018,354.14255,401.48288,-51.104725,339.88605,433.77725,-63.35938,335.32825,392.84808,352.98996,325.29608,418.3891,322.2803,328.03928,391.91138,397.48727,318.56226,414.07196,366.65753,354.7125,403.28253,437.58627,346.79434,415.76935,399.53546
Screenshot_20230220_014635.png,69.228035,223.24306,-112.16497,61.628643,213.52199,-97.593765,62.655167,209.35773,-97.79882,63.687134,206.12952,-97.760445,59.78791,225.24411,-97.62219,59.368053,228.51643,-97.88733,58.552475,231.92772,-98.05507,69.20722,200.62878,-13.984241,61.193226,234.91,-14.602556,79.54705,218.24603,-78.54365,77.07752,230.67165,-80.266495,136.23898,189.9114,29.80544,95.57648,275.9165,17.932724,207.73634,219.39223,94.727844,94.164925,328.0596,-107.116264,228.75856,270.10742,105.315926,82.98601,336.96616,-330.76385,236.96571,282.44446,99.8475,72.50793,346.08722,-379.62863,232.32385,284.75156,80.88094,75.83758,336.0296,-379.87784,228.6033,282.0333,99.637726,82.467834,331.34235,-338.11105,243.81993,266.7593,2.088487,226.48479,315.44406,-2.2059042,351.8623,317.84143,-48.50472,336.69284,351.2,-54.414444,359.74722,317.12595,280.77408,344.56186,337.92877,274.01294,354.06143,315.07443,316.07376,342.24326,329.2935,310.89536,399.22586,334.68335,318.02533,389.25876,340.35196,307.5869
