26RVVGmE2LtwKb9xHARU7i-1200-80.jpg,70.58158,276.43393,-217.2933,61.56397,263.61078,-203.61655,63.248657,259.3651,-203.62009,64.742966,255.56598,-203.64108,55.647354,277.88617,-201.36755,53.785076,282.1337,-201.4079,52.330875,285.71313,-201.40677,71.90219,247.48329,-80.70611,55.98606,291.66922,-73.309364,85.83253,270.84192,-167.41162,80.02824,288.73752,-165.76216,145.52321,227.2482,11.437242,106.18566,345.65457,-10.088128,229.38254,189.06871,32.696045,111.04012,411.9871,-184.67665,282.6294,259.82172,-64.59211,104.95351,433.24246,-550.74866,295.26376,282.5838,-84.417114,93.71729,446.791,-615.9558,283.40594,286.62646,-104.83004,102.923485,436.27567,-621.7446,279.65872,282.7299,-70.323296,109.12043,430.96198,-562.449,306.81198,316.96664,5.312937,283.92108,381.08466,-5.488226,438.84396,365.5265,-30.445667,422.47937,408.2734,-60.523212,569.48236,396.8036,46.30425,561.8257,421.5232,21.458113,585.61487,404.51373,44.728973,580.75397,426.51462,21.606834,617.11584,402.32343,-111.51105,609.5547,428.6306,-128.67828
647_A.jpg,84.804115,127.36118,-60.654575,83.47372,123.555916,-54.052036,84.153755,122.09414,-54.04604,84.7992,120.80208,-54.03978,82.14732,126.72382,-51.72564,81.86954,127.5768,-51.742207,81.63997,128.30731,-51.726784,88.24711,118.013,-16.716446,84.724335,127.87561,-7.8495455,89.54498,125.61264,-47.354034,87.76233,129.9095,-44.788177,113.64247,112.4029,0.5403579,106.332726,144.80617,18.099272,138.77055,99.04518,8.363464,105.53091,169.47562,-19.389816,153.14906,119.14642,-11.577585,94.63556,173.626,-118.70994,153.57011,124.840485,-18.23894,87.24744,175.62186,-136.58095,150.0152,125.69762,-23.88273,88.86737,173.33142,-139.58655,149.53848,124.42434,-12.978655,91.86762,172.26549,-122.84514,162.77448,135.24652,-3.9320781,156.77112,154.07744,3.8860512,201.09721,153.76295,-26.374166,195.4288,172.20029,-15.830289,240.05202,172.26581,-2.7387137,235.83664,183.84258,5.8974795,245.4649,174.4163,-3.2279644,241.23859,184.10059,5.3293924,249.62973,179.63095,-51.859444,246.5966,187.63268,-39.216545
Core-Strengthening-Exercise-Side-Plank.jpg,224.28351,409.29056,-234.80946,216.25024,395.40988,-208.98277,218.96945,390.40082,-208.98822,221.7857,386.48752,-209.00278,209.9838,408.97955,-209.55879,208.00162,413.25452,-209.58829,206.33255,417.0826,-209.51443,232.93713,378.42154,-47.43571,214.08426,422.1686,-57.628727,242.60835,404.1925,-174.31677,235.11362,422.56088,-177.35088,314.6055,360.76416,41.923557,282.82324,485.77853,25.08037,403.17014,321.97913,84.27225,292.5503,578.85443,-152.7206,469.5911,378.2315,-37.62499,289.31772,607.9062,-557.8434,482.57474,395.59302,-70.93318,276.10297,620.9781,-633.8679,473.47635,401.59814,-104.23148,282.00226,613.2574,-652.2625,468.7424,398.83685,-50.84068,288.79297,608.3117,-576.8627,497.46268,437.59476,0.64192843,477.52423,507.81195,-0.6549916,646.2106,502.23367,-37.159855,633.49225,552.9538,-38.67926,792.96265,552.6303,72.35562,776.0827,580.42554,79.60631,812.4372,562.8053,72.16527,795.9367,586.0754,80.5211,827.95905,568.4999,-112.7587,806.5401,592.82324,-97.32555
Forearm-Side-Plank_Exercise.jpg,97.74758,63.755028,-257.21707,91.437485,55.266357,-252.64357,92.492386,52.329887,-252.56921,93.353806,49.53703,-252.60329,86.86252,63.946014,-254.14679,84.50458,67.17957,-254.20874,82.280205,70.34902,-254.21814,94.96256,45.559166,-178.02713,79.141594,76.317566,-188.95274,106.55125,63.007103,-224.82172,101.61548,73.132904,-228.14062,135.1423,35.727814,-110.49456,105.65621,120.91377,-134.62689,179.49939,13.899117,-38.640415,102.33704,187.17206,-180.30705,218.45532,49.51832,-22.683798,126.64575,199.40813,-283.00018,230.48647,60.324757,-22.907856,142.07086,209.5652,-305.8064,223.23601,63.15823,-36.135254,146.7783,199.23126,-309.32996,219.28996,61.91892,-24.347685,145.00256,194.3599,-286.00348,227.25064,82.73783,5.788198,215.20538,127.20677,-6.0422397,297.76547,105.740456,45.56436,290.41727,150.72342,53.238354,347.10895,125.88811,262.007,342.76443,150.5618,241.97083,348.78192,131.26265,282.76648,344.47165,148.53435,260.65213,377.02563,136.2885,227.06726,374.7749,149.14609,198.627
Full-Side-Plank_Exercise.jpg,130.09715,55.702106,-380.0809,123.68135,45.48345,-371.83456,125.11514,42.41506,-371.79654,126.608635,39.327682,-371.82227,117.95359,54.67383,-374.73932,115.45838,58.103786,-374.78836,113.15746,61.11296,-374.81586,129.62209,36.208176,-274.47137,110.72278,67.094215,-290.1425,139.56682,56.171318,-339.73688,133.3685,66.03271,-344.17737,172.79713,31.821585,-173.63148,136.59001,112.70235,-219.47307,212.68849,26.777182,-46.170906,142.14525,182.2836,-241.94226,250.80269,65.74708,19.157087,133.56125,246.16676,-327.30273,261.93002,76.1138,30.97784,118.50332,249.79213,-352.9627,256.12442,78.68373,12.379084,120.84621,250.04382,-380.0468,251.81645,77.222305,16.14466,127.360916,249.02025,-341.38205,264.8468,103.1265,14.460027,241.81046,142.87326,-14.721066,315.77686,147.32141,177.5946,302.01184,185.97636,136.65202,359.80478,184.13573,382.8995,346.9829,202.03615,348.43762,362.58594,190.81537,400.66757,349.84717,203.93271,368.41266,388.81296,195.92325,338.44977,375.48587,209.3142,300.89258
How-Do-Side-Plank-Pose.jpg,203.28406,969.80597,-744.4455,163.07733,933.3313,-690.543,164.21252,914.3833,-690.51263,166.29285,896.9572,-690.6746,156.41705,978.7087,-677.9788,152.55542,990.8625,-678.1697,149.70386,1000.2771,-678.2543,186.69836,863.965,-217.23274,163.01538,997.7586,-175.51918,249.45087,941.7667,-555.6615,240.62701,996.9361,-544.5111,454.9624,758.028,143.39957,353.05542,1133.0552,59.266697,752.2005,648.635,138.41371,373.8069,1389.3661,-598.0385,941.7324,888.1479,-297.6051,403.16254,1514.0409,-1974.333,971.62366,939.68866,-396.94034,421.14355,1560.1127,-2222.7295,924.1167,956.86035,-474.0571,433.328,1531.315,-2245.4036,908.4446,948.85736,-324.02164,435.75867,1510.5211,-2019.7264,1032.3622,1016.5356,77.92114,974.03064,1222.7487,-78.25643,1507.9397,1191.8862,-64.85702,1467.8406,1351.4086,-211.29887,1915.7739,1328.215,592.9116,1912.749,1439.1147,329.36316,1967.447,1350.4918,628.29065,1961.7844,1438.4679,351.8845,2082.4624,1348.4451,99.640236,2056.1768,1453.8953,-243.68991
IMG_4784 copy 10.JPG,481.1701,1437.3435,247.42827,460.8297,1407.4685,215.73921,461.83078,1397.5146,215.4497,462.7573,1387.2672,215.28491,461.9171,1422.911,309.55157,463.5063,1424.8201,309.53485,465.0915,1426.3854,309.44012,492.55148,1341.9677,177.11742,490.33774,1389.5531,595.5884,511.25928,1418.7218,240.39574,511.7057,1435.108,361.4655,676.55194,1284.9324,24.145554,647.4356,1502.589,757.225,895.1002,1410.0042,-153.23938,692.73615,1705.2616,553.1798,1090.0226,1549.0889,-253.1087,518.5674,1747.6719,-71.818375,1173.6807,1582.2355,-276.40704,461.01718,1750.8479,-173.41748,1154.2604,1613.5712,-361.3161,454.63843,1737.8842,-176.84097,1130.2833,1615.3607,-275.27475,472.6262,1735.1406,-103.90851,980.4929,1595.9031,-220.57724,935.7129,1703.4419,220.18347,1268.9275,1886.9995,-557.1571,1241.65,1954.917,-248.4436,1619.5316,2170.167,-794.1859,1604.6464,2193.2742,-513.58704,1722.7936,2196.1694,-828.438,1710.4255,2202.1252,-551.8081,1609.3784,2344.2239,-1135.4922,1576.7234,2373.3225,-807.4393
IMG_4784 copy 11.JPG,481.1701,1437.3435,247.42827,460.8297,1407.4685,215.73921,461.83078,1397.5146,215.4497,462.7573,1387.2672,215.28491,461.9171,1422.911,309.55157,463.5063,1424.8201,309.53485,465.0915,1426.3854,309.44012,492.55148,1341.9677,177.11742,490.33774,1389.5531,595.5884,511.25928,1418.7218,240.39574,511.7057,1435.108,361.4655,676.55194,1284.9324,24.145554,647.4356,1502.589,757.225,895.1002,1410.0042,-153.23938,692.73615,1705.2616,553.1798,1090.0226,1549.0889,-253.1087,518.5674,1747.6719,-71.818375,1173.6807,1582.2355,-276.40704,461.01718,1750.8479,-173.41748,1154.2604,1613.5712,-361.3161,454.63843,1737.8842,-176.84097,1130.2833,1615.3607,-275.27475,472.6262,1735.1406,-103.90851,980.4929,1595.9031,-220.57724,935.7129,1703.4419,220.18347,1268.9275,1886.9995,-557.1571,1241.65,1954.917,-248.4436,1619.5316,2170.167,-794.1859,1604.6464,2193.2742,-513.58704,1722.7936,2196.1694,-828.438,1710.4255,2202.1252,-551.8081,1609.3784,2344.2239,-1135.4922,1576.7234,2373.3225,-807.4393
IMG_4784 copy 12.JPG,481.1701,1437.3435,247.42827,460.8297,1407.4685,215.73921,461.83078,1397.5146,215.4497,462.7573,1387.2672,215.28491,461.9171,1422.911,309.55157,463.5063,1424.8201,309.53485,465.0915,1426.3854,309.44012,492.55148,1341.9677,177.11742,490.33774,1389.5531,595.5884,511.25928,1418.7218,240.39574,511.7057,1435.108,361.4655,676.55194,1284.9324,24.145554,647.4356,1502.589,757.225,895.1002,1410.0042,-153.23938,692.73615,1705.2616,553.1798,1090.0226,1549.0889,-253.1087,518.5674,1747.6719,-71.818375,1173.6807,1582.2355,-276.40704,461.01718,1750.8479,-173.41748,1154.2604,1613.5712,-361.3161,454.63843,1737.8842,-176.84097,1130.2833,1615.3607,-275.27475,472.6262,1735.1406,-103.90851,980.4929,1595.9031,-220.57724,935.7129,1703.4419,220.18347,1268.9275,1886.9995,-557.1571,1241.65,1954.917,-248.4436,1619.5316,2170.167,-794.1859,1604.6464,2193.2742,-513.58704,1722.7936,2196.1694,-828.438,1710.4255,2202.1252,-551.8081,1609.3784,2344.2239,-1135.4922,1576.7234,2373.3225,-807.4393
IMG_4784 copy 13.JPG,481.1701,1437.3435,247.42827,460.8297,1407.4685,215.73921,461.83078,1397.5146,215.4497,462.7573,1387.2672,215.28491,461.9171,1422.911,309.55157,463.5063,1424.8201,309.53485,465.0915,1426.3854,309.44012,492.55148,1341.9677,177.11742,490.33774,1389.5531,595.5884,511.25928,1418.7218,240.39574,511.7057,1435.108,361.4655,676.55194,1284.9324,24.145554,647.4356,1502.589,757.225,895.1002,1410.0042,-153.23938,692.73615,1705.2616,553.1798,1090.0226,1549.0889,-253.1087,518.5674,1747.6719,-71.818375,1173.6807,1582.2355,-276.40704,461.01718,1750.8479,-173.41748,1154.2604,1613.5712,-361.3161,454.63843,1737.8842,-176.84097,1130.2833,1615.3607,-275.27475,472.6262,1735.1406,-103.90851,980.4929,1595.9031,-220.57724,935.7129,1703.4419,220.18347,1268.9275,1886.9995,-557.1571,1241.65,1954.917,-248.4436,1619.5316,2170.167,-794.1859,1604.6464,2193.2742,-513.58704,1722.7936,2196.1694,-828.438,1710.4255,2202.1252,-551.8081,1609.3784,2344.2239,-1135.4922,1576.7234,2373.3225,-807.4393
IMG_4784 copy 2.JPG,481.1701,1437.3435,247.42827,460.8297,1407.4685,215.73921,461.83078,1397.5146,215.4497,462.7573,1387.2672,215.28491,461.9171,1422.911,309.55157,463.5063,1424.8201,309.53485,465.0915,1426.3854,309.44012,492.55148,1341.9677,177.11742,490.33774,1389.5531,595.5884,511.25928,1418.7218,240.39574,511.7057,1435.108,361.4655,676.55194,1284.9324,24.145554,647.4356,1502.589,757.225,895.1002,1410.0042,-153.23938,692.73615,1705.2616,553.1798,1090.0226,1549.0889,-253.1087,518.5674,1747.6719,-71.818375,1173.6807,1582.2355,-276.40704,461.01718,1750.8479,-173.41748,1154.2604,1613.5712,-361.3161,454.63843,1737.8842,-176.84097,1130.2833,1615.3607,-275.27475,472.6262,1735.1406,-103.90851,980.4929,1595.9031,-220.57724,935.7129,1703.4419,220.18347,1268.9275,1886.9995,-557.1571,1241.65,1954.917,-248.4436,1619.5316,2170.167,-794.1859,1604.6464,2193.2742,-513.58704,1722.7936,2196.1694,-828.438,1710.4255,2202.1252,-551.8081,1609.3784,2344.2239,-1135.4922,1576.7234,2373.3225,-807.4393
IMG_4784 copy 3.JPG,481.1701,1437.3435,247.42827,460.8297,1407.4685,215.73921,461.83078,1397.5146,215.4497,462.7573,1387.2672,215.28491,461.9171,1422.911,309.55157,463.5063,1424.8201,309.53485,465.0915,1426.3854,309.44012,492.55148,1341.9677,177.11742,490.33774,1389.5531,595.5884,511.25928,1418.7218,240.39574,511.7057,1435.108,361.4655,676.55194,1284.9324,24.145554,647.4356,1502.589,757.225,895.1002,1410.0042,-153.23938,692.73615,1705.2616,553.1798,1090.0226,1549.0889,-253.1087,518.5674,1747.6719,-71.818375,1173.6807,1582.2355,-276.40704,461.01718,1750.8479,-173.41748,1154.2604,1613.5712,-361.3161,454.63843,1737.8842,-176.84097,1130.2833,1615.3607,-275.27475,472.6262,1735.1406,-103.90851,980.4929,1595.9031,-220.57724,935.7129,1703.4419,220.18347,1268.9275,1886.9995,-557.1571,1241.65,1954.917,-248.4436,1619.5316,2170.167,-794.1859,1604.6464,2193.2742,-513.58704,1722.7936,2196.1694,-828.438,1710.4255,2202.1252,-551.8081,1609.3784,2344.2239,-1135.4922,1576.7234,2373.3225,-807.4393
IMG_4784 copy 4.JPG,481.1701,1437.3435,247.42827,460.8297,1407.4685,215.73921,461.83078,1397.5146,215.4497,462.7573,1387.2672,215.28491,461.9171,1422.911,309.55157,463.5063,1424.8201,309.53485,465.0915,1426.3854,309.44012,492.55148,1341.9677,177.11742,490.33774,1389.5531,595.5884,511.25928,1418.7218,240.39574,511.7057,1435.108,361.4655,676.55194,1284.9324,24.145554,647.4356,1502.589,757.225,895.1002,1410.0042,-153.23938,692.73615,1705.2616,553.1798,1090.0226,1549.0889,-253.1087,518.5674,1747.6719,-71.818375,1173.6807,1582.2355,-276.40704,461.01718,1750.8479,-173.41748,1154.2604,1613.5712,-361.3161,454.63843,1737.8842,-176.84097,1130.2833,1615.3607,-275.27475,472.6262,1735.1406,-103.90851,980.4929,1595.9031,-220.57724,935.7129,1703.4419,220.18347,1268.9275,1886.9995,-557.1571,1241.65,1954.917,-248.4436,1619.5316,2170.167,-794.1859,1604.6464,2193.2742,-513.58704,1722.7936,2196.1694,-828.438,1710.4255,2202.1252,-551.8081,1609.3784,2344.2239,-1135.4922,1576.7234,2373.3225,-807.4393
IMG_4784 copy 5.JPG,481.1701,1437.3435,247.42827,460.8297,1407.4685,215.73921,461.83078,1397.5146,215.4497,462.7573,1387.2672,215.28491,461.9171,1422.911,309.55157,463.5063,1424.8201,309.53485,465.0915,1426.3854,309.44012,492.55148,1341.9677,177.11742,490.33774,1389.5531,595.5884,511.25928,1418.7218,240.39574,511.7057,1435.108,361.4655,676.55194,1284.9324,24.145554,647.4356,1502.589,757.225,895.1002,1410.0042,-153.23938,692.73615,1705.2616,553.1798,1090.0226,1549.0889,-253.1087,518.5674,1747.6719,-71.818375,1173.6807,1582.2355,-276.40704,461.01718,1750.8479,-173.41748,1154.2604,1613.5712,-361.3161,454.63843,1737.8842,-176.84097,1130.2833,1615.3607,-275.27475,472.6262,1735.1406,-103.90851,980.4929,1595.9031,-220.57724,935.7129,1703.4419,220.18347,1268.9275,1886.9995,-557.1571,1241.65,1954.917,-248.4436,1619.5316,2170.167,-794.1859,1604.6464,2193.2742,-513.58704,1722.7936,2196.1694,-828.438,1710.4255,2202.1252,-551.8081,1609.3784,2344.2239,-1135.4922,1576.7234,2373.3225,-807.4393
IMG_4784 copy 6.JPG,481.1701,1437.3435,247.42827,460.8297,1407.4685,215.73921,461.83078,1397.5146,215.4497,462.7573,1387.2672,215.28491,461.9171,1422.911,309.55157,463.5063,1424.8201,309.53485,465.0915,1426.3854,309.44012,492.55148,1341.9677,177.11742,490.33774,1389.5531,595.5884,511.25928,1418.7218,240.39574,511.7057,1435.108,361.4655,676.55194,1284.9324,24.145554,647.4356,1502.589,757.225,895.1002,1410.0042,-153.23938,692.73615,1705.2616,553.1798,1090.0226,1549.0889,-253.1087,518.5674,1747.6719,-71.818375,1173.6807,1582.2355,-276.40704,461.01718,1750.8479,-173.41748,1154.2604,1613.5712,-361.3161,454.63843,1737.8842,-176.84097,1130.2833,1615.3607,-275.27475,472.6262,1735.1406,-103.90851,980.4929,1595.9031,-220.57724,935.7129,1703.4419,220.18347,1268.9275,1886.9995,-557.1571,1241.65,1954.917,-248.4436,1619.5316,2170.167,-794.1859,1604.6464,2193.2742,-513.58704,1722.7936,2196.1694,-828.438,1710.4255,2202.1252,-551.8081,1609.3784,2344.2239,-1135.4922,1576.7234,2373.3225,-807.4393
IMG_4784 copy 7.JPG,481.1701,1437.3435,247.42827,460.8297,1407.4685,215.73921,461.83078,1397.5146,215.4497,462.7573,1387.2672,215.28491,461.9171,1422.911,309.55157,463.5063,1424.8201,309.53485,465.0915,1426.3854,309.44012,492.55148,1341.9677,177.11742,490.33774,1389.5531,595.5884,511.25928,1418.7218,240.39574,511.7057,1435.108,361.4655,676.55194,1284.9324,24.145554,647.4356,1502.589,757.225,895.1002,1410.0042,-153.23938,692.73615,1705.2616,553.1798,1090.0226,1549.0889,-253.1087,518.5674,1747.6719,-71.818375,1173.6807,1582.2355,-276.40704,461.01718,1750.8479,-173.41748,1154.2604,1613.5712,-361.3161,454.63843,1737.8842,-176.84097,1130.2833,1615.3607,-275.27475,472.6262,1735.1406,-103.90851,980.4929,1595.9031,-220.57724,935.7129,1703.4419,220.18347,1268.9275,1886.9995,-557.1571,1241.65,1954.917,-248.4436,1619.5316,2170.167,-794.1859,1604.6464,2193.2742,-513.58704,1722.7936,2196.1694,-828.438,1710.4255,2202.1252,-551.8081,1609.3784,2344.2239,-1135.4922,1576.7234,2373.3225,-807.4393
IMG_4784 copy 8.JPG,481.1701,1437.3435,247.42827,460.8297,1407.4685,215.73921,461.83078,1397.5146,215.4497,462.7573,1387.2672,215.28491,461.9171,1422.911,309.55157,463.5063,1424.8201,309.53485,465.0915,1426.3854,309.44012,492.55148,1341.9677,177.11742,490.33774,1389.5531,595.5884,511.25928,1418.7218,240.39574,511.7057,1435.108,361.4655,676.55194,1284.9324,24.145554,647.4356,1502.589,757.225,895.1002,1410.0042,-153.23938,692.73615,1705.2616,553.1798,1090.0226,1549.0889,-253.1087,518.5674,1747.6719,-71.818375,1173.6807,1582.2355,-276.40704,461.01718,1750.8479,-173.41748,1154.2604,1613.5712,-361.3161,454.63843,1737.8842,-176.84097,1130.2833,1615.3607,-275.27475,472.6262,1735.1406,-103.90851,980.4929,1595.9031,-220.57724,935.7129,1703.4419,220.18347,1268.9275,1886.9995,-557.1571,1241.65,1954.917,-248.4436,1619.5316,2170.167,-794.1859,1604.6464,2193.2742,-513.58704,1722.7936,2196.1694,-828.438,1710.4255,2202.1252,-551.8081,1609.3784,2344.2239,-1135.4922,1576.7234,2373.3225,-807.4393
IMG_4784 copy 9.JPG,481.1701,1437.3435,247.42827,460.8297,1407.4685,215.73921,461.83078,1397.5146,215.4497,462.7573,1387.2672,215.28491,461.9171,1422.911,309.55157,463.5063,1424.8201,309.53485,465.0915,1426.3854,309.44012,492.55148,1341.9677,177.11742,490.33774,1389.5531,595.5884,511.25928,1418.7218,240.39574,511.7057,1435.108,361.4655,676.55194,1284.9324,24.145554,647.4356,1502.589,757.225,895.1002,1410.0042,-153.23938,692.73615,1705.2616,553.1798,1090.0226,1549.0889,-253.1087,518.5674,1747.6719,-71.818375,1173.6807,1582.2355,-276.40704,461.01718,1750.8479,-173.41748,1154.2604,1613.5712,-361.3161,454.63843,1737.8842,-176.84097,1130.2833,1615.3607,-275.27475,472.6262,1735.1406,-103.90851,980.4929,1595.9031,-220.57724,935.7129,1703.4419,220.18347,1268.9275,1886.9995,-557.1571,1241.65,1954.917,-248.4436,1619.5316,2170.167,-794.1859,1604.6464,2193.2742,-513.58704,1722.7936,2196.1694,-828.438,1710.4255,2202.1252,-551.8081,1609.3784,2344.2239,-1135.4922,1576.7234,2373.3225,-807.4393
IMG_4784 copy.JPG,481.1701,1437.3435,247.42827,460.8297,1407.4685,215.73921,461.83078,1397.5146,215.4497,462.7573,1387.2672,215.28491,461.9171,1422.911,309.55157,463.5063,1424.8201,309.53485,465.0915,1426.3854,309.44012,492.55148,1341.9677,177.11742,490.33774,1389.5531,595.5884,511.25928,1418.7218,240.39574,511.7057,1435.108,361.4655,676.55194,1284.9324,24.145554,647.4356,1502.589,757.225,895.1002,1410.0042,-153.23938,692.73615,1705.2616,553.1798,1090.0226,1549.0889,-253.1087,518.5674,1747.6719,-71.818375,1173.6807,1582.2355,-276.40704,461.01718,1750.8479,-173.41748,1154.2604,1613.5712,-361.3161,454.63843,1737.8842,-176.84097,1130.2833,1615.3607,-275.27475,472.6262,1735.1406,-103.90851,980.4929,1595.9031,-220.57724,935.7129,1703.4419,220.18347,1268.9275,1886.9995,-557.1571,1241.65,1954.917,-248.4436,1619.5316,2170.167,-794.1859,1604.6464,2193.2742,-513.58704,1722.7936,2196.1694,-828.438,1710.4255,2202.1252,-551.8081,1609.3784,2344.2239,-1135.4922,1576.7234,2373.3225,-807.4393
IMG_4784.JPG,481.1701,1437.3435,247.42827,460.8297,1407.4685,215.73921,461.83078,1397.5146,215.4497,462.7573,1387.2672,215.28491,461.9171,1422.911,309.55157,463.5063,1424.8201,309.53485,465.0915,1426.3854,309.44012,492.55148,1341.9677,177.11742,490.33774,1389.5531,595.5884,511.25928,1418.7218,240.39574,511.7057,1435.108,361.4655,676.55194,1284.9324,24.145554,647.4356,1502.589,757.225,895.1002,1410.0042,-153.23938,692.73615,1705.2616,553.1798,1090.0226,1549.0889,-253.1087,518.5674,1747.6719,-71.818375,1173.6807,1582.2355,-276.40704,461.01718,1750.8479,-173.41748,1154.2604,1613.5712,-361.3161,454.63843,1737.8842,-176.84097,1130.2833,1615.3607,-275.27475,472.6262,1735.1406,-103.90851,980.4929,1595.9031,-220.57724,935.7129,1703.4419,220.18347,1268.9275,1886.9995,-557.1571,1241.65,1954.917,-248.4436,1619.5316,2170.167,-794.1859,1604.6464,2193.2742,-513.58704,1722.7936,2196.1694,-828.438,1710.4255,2202.1252,-551.8081,1609.3784,2344.2239,-1135.4922,1576.7234,2373.3225,-807.4393
IMG_4785 copy 10.JPG,778.5674,1433.3531,-462.71692,758.416,1415.9078,-465.74826,759.38776,1408.6152,-465.66492,760.2171,1400.6067,-465.7013,754.34546,1427.986,-436.747,752.5401,1429.5586,-436.87537,750.67926,1431.1835,-437.0375,765.0429,1366.7955,-319.73422,753.6107,1411.3529,-187.29825,798.6513,1415.7314,-393.49634,793.0627,1433.3848,-355.9408,900.39545,1290.655,-120.2064,825.72943,1470.896,-112.59146,1062.9061,1348.5548,-32.224678,847.422,1599.1936,-481.99545,1217.1217,1400.5454,-45.75178,754.29486,1626.2258,-1100.4893,1263.8572,1417.1733,-46.459522,716.1554,1623.4302,-1211.859,1255.6191,1426.9791,-101.84529,716.7255,1618.0155,-1223.9266,1236.345,1426.3416,-63.353558,733.60345,1617.4052,-1125.3042,1178.0099,1467.5563,-12.156455,1119.3385,1586.7565,11.702924,1394.9148,1602.8597,-172.09889,1353.5994,1699.767,-182.60457,1647.121,1745.0632,-127.30854,1618.9059,1776.9879,-129.87288,1691.9042,1759.7733,-138.1819,1664.5143,1781.3583,-132.79208,1697.5823,1806.1027,-430.68677,1657.2838,1831.9263,-391.8051
IMG_4785 copy 11.JPG,778.5674,1433.3531,-462.71692,758.416,1415.9078,-465.74826,759.38776,1408.6152,-465.66492,760.2171,1400.6067,-465.7013,754.34546,1427.986,-436.747,752.5401,1429.5586,-436.87537,750.67926,1431.1835,-437.0375,765.0429,1366.7955,-319.73422,753.6107,1411.3529,-187.29825,798.6513,1415.7314,-393.49634,793.0627,1433.3848,-355.9408,900.39545,1290.655,-120.2064,825.72943,1470.896,-112.59146,1062.9061,1348.5548,-32.224678,847.422,1599.1936,-481.99545,1217.1217,1400.5454,-45.75178,754.29486,1626.2258,-1100.4893,1263.8572,1417.1733,-46.459522,716.1554,1623.4302,-1211.859,1255.6191,1426.9791,-101.84529,716.7255,1618.0155,-1223.9266,1236.345,1426.3416,-63.353558,733.60345,1617.4052,-1125.3042,1178.0099,1467.5563,-12.156455,1119.3385,1586.7565,11.702924,1394.9148,1602.8597,-172.09889,1353.5994,1699.767,-182.60457,1647.121,1745.0632,-127.30854,1618.9059,1776.9879,-129.87288,1691.9042,1759.7733,-138.1819,1664.5143,1781.3583,-132.79208,1697.5823,1806.1027,-430.68677,1657.2838,1831.9263,-391.8051
IMG_4785 copy 12.JPG,778.5674,1433.3531,-462.71692,758.416,1415.9078,-465.74826,759.38776,1408.6152,-465.66492,760.2171,1400.6067,-465.7013,754.34546,1427.986,-436.747,752.5401,1429.5586,-436.87537,750.67926,1431.1835,-437.0375,765.0429,1366.7955,-319.73422,753.6107,1411.3529,-187.29825,798.6513,1415.7314,-393.49634,793.0627,1433.3848,-355.9408,900.39545,1290.655,-120.2064,825.72943,1470.896,-112.59146,1062.9061,1348.5548,-32.224678,847.422,1599.1936,-481.99545,1217.1217,1400.5454,-45.75178,754.29486,1626.2258,-1100.4893,1263.8572,1417.1733,-46.459522,716.1554,1623.4302,-1211.859,1255.6191,1426.9791,-101.84529,716.7255,1618.0155,-1223.9266,1236.345,1426.3416,-63.353558,733.60345,1617.4052,-1125.3042,1178.0099,1467.5563,-12.156455,1119.3385,1586.7565,11.702924,1394.9148,1602.8597,-172.09889,1353.5994,1699.767,-182.60457,1647.121,1745.0632,-127.30854,1618.9059,1776.9879,-129.87288,1691.9042,1759.7733,-138.1819,1664.5143,1781.3583,-132.79208,1697.5823,1806.1027,-430.68677,1657.2838,1831.9263,-391.8051
IMG_4785 copy 13.JPG,778.5674,1433.3531,-462.71692,758.416,1415.9078,-465.74826,759.38776,1408.6152,-465.66492,760.2171,1400.6067,-465.7013,754.34546,1427.986,-436.747,752.5401,1429.5586,-436.87537,750.67926,1431.1835,-437.0375,765.0429,1366.7955,-319.73422,753.6107,1411.3529,-187.29825,798.6513,1415.7314,-393.49634,793.0627,1433.3848,-355.9408,900.39545,1290.655,-120.2064,825.72943,1470.896,-112.59146,1062.9061,1348.5548,-32.224678,847.422,1599.1936,-481.99545,1217.1217,1400.5454,-45.75178,754.29486,1626.2258,-1100.4893,1263.8572,1417.1733,-46.459522,716.1554,1623.4302,-1211.859,1255.6191,1426.9791,-101.84529,716.7255,1618.0155,-1223.9266,1236.345,1426.3416,-63.353558,733.60345,1617.4052,-1125.3042,1178.0099,1467.5563,-12.156455,1119.3385,1586.7565,11.702924,1394.9148,1602.8597,-172.09889,1353.5994,1699.767,-182.60457,1647.121,1745.0632,-127.30854,1618.9059,1776.9879,-129.87288,1691.9042,1759.7733,-138.1819,1664.5143,1781.3583,-132.79208,1697.5823,1806.1027,-430.68677,1657.2838,1831.9263,-391.8051
IMG_4785 copy 14.JPG,778.5674,1433.3531,-462.71692,758.416,1415.9078,-465.74826,759.38776,1408.6152,-465.66492,760.2171,1400.6067,-465.7013,754.34546,1427.986,-436.747,752.5401,1429.5586,-436.87537,750.67926,1431.1835,-437.0375,765.0429,1366.7955,-319.73422,753.6107,1411.3529,-187.29825,798.6513,1415.7314,-393.49634,793.0627,1433.3848,-355.9408,900.39545,1290.655,-120.2064,825.72943,1470.896,-112.59146,1062.9061,1348.5548,-32.224678,847.422,1599.1936,-481.99545,1217.1217,1400.5454,-45.75178,754.29486,1626.2258,-1100.4893,1263.8572,1417.1733,-46.459522,716.1554,1623.4302,-1211.859,1255.6191,1426.9791,-101.84529,716.7255,1618.0155,-1223.9266,1236.345,1426.3416,-63.353558,733.60345,1617.4052,-1125.3042,1178.0099,1467.5563,-12.156455,1119.3385,1586.7565,11.702924,1394.9148,1602.8597,-172.09889,1353.5994,1699.767,-182.60457,1647.121,1745.0632,-127.30854,1618.9059,1776.9879,-129.87288,1691.9042,1759.7733,-138.1819,1664.5143,1781.3583,-132.79208,1697.5823,1806.1027,-430.68677,1657.2838,1831.9263,-391.8051
IMG_4785 copy 15.JPG,778.5674,1433.3531,-462.71692,758.416,1415.9078,-465.74826,759.38776,1408.6152,-465.66492,760.2171,1400.6067,-465.7013,754.34546,1427.986,-436.747,752.5401,1429.5586,-436.87537,750.67926,1431.1835,-437.0375,765.0429,1366.7955,-319.73422,753.6107,1411.3529,-187.29825,798.6513,1415.7314,-393.49634,793.0627,1433.3848,-355.9408,900.39545,1290.655,-120.2064,825.72943,1470.896,-112.59146,1062.9061,1348.5548,-32.224678,847.422,1599.1936,-481.99545,1217.1217,1400.5454,-45.75178,754.29486,1626.2258,-1100.4893,1263.8572,1417.1733,-46.459522,716.1554,1623.4302,-1211.859,1255.6191,1426.9791,-101.84529,716.7255,1618.0155,-1223.9266,1236.345,1426.3416,-63.353558,733.60345,1617.4052,-1125.3042,1178.0099,1467.5563,-12.156455,1119.3385,1586.7565,11.702924,1394.9148,1602.8597,-172.09889,1353.5994,1699.767,-182.60457,1647.121,1745.0632,-127.30854,1618.9059,1776.9879,-129.87288,1691.9042,1759.7733,-138.1819,1664.5143,1781.3583,-132.79208,1697.5823,1806.1027,-430.68677,1657.2838,1831.9263,-391.8051
IMG_4785 copy 16.JPG,778.5674,1433.3531,-462.71692,758.416,1415.9078,-465.74826,759.38776,1408.6152,-465.66492,760.2171,1400.6067,-465.7013,754.34546,1427.986,-436.747,752.5401,1429.5586,-436.87537,750.67926,1431.1835,-437.0375,765.0429,1366.7955,-319.73422,753.6107,1411.3529,-187.29825,798.6513,1415.7314,-393.49634,793.0627,1433.3848,-355.9408,900.39545,1290.655,-120.2064,825.72943,1470.896,-112.59146,1062.9061,1348.5548,-32.224678,847.422,1599.1936,-481.99545,1217.1217,1400.5454,-45.75178,754.29486,1626.2258,-1100.4893,1263.8572,1417.1733,-46.459522,716.1554,1623.4302,-1211.859,1255.6191,1426.9791,-101.84529,716.7255,1618.0155,-1223.9266,1236.345,1426.3416,-63.353558,733.60345,1617.4052,-1125.3042,1178.0099,1467.5563,-12.156455,1119.3385,1586.7565,11.702924,1394.9148,1602.8597,-172.09889,1353.5994,1699.767,-182.60457,1647.121,1745.0632,-127.30854,1618.9059,1776.9879,-129.87288,1691.9042,1759.7733,-138.1819,1664.5143,1781.3583,-132.79208,1697.5823,1806.1027,-430.68677,1657.2838,1831.9263,-391.8051
IMG_4785 copy 17.JPG,778.5674,1433.3531,-462.71692,758.416,1415.9078,-465.74826,759.38776,1408.6152,-465.66492,760.2171,1400.6067,-465.7013,754.34546,1427.986,-436.747,752.5401,1429.5586,-436.87537,750.67926,1431.1835,-437.0375,765.0429,1366.7955,-319.73422,753.6107,1411.3529,-187.29825,798.6513,1415.7314,-393.49634,793.0627,1433.3848,-355.9408,900.39545,1290.655,-120.2064,825.72943,1470.896,-112.59146,1062.9061,1348.5548,-32.224678,847.422,1599.1936,-481.99545,1217.1217,1400.5454,-45.75178,754.29486,1626.2258,-1100.4893,1263.8572,1417.1733,-46.459522,716.1554,1623.4302,-1211.859,1255.6191,1426.9791,-101.84529,716.7255,1618.0155,-1223.9266,1236.345,1426.3416,-63.353558,733.60345,1617.4052,-1125.3042,1178.0099,1467.5563,-12.156455,1119.3385,1586.7565,11.702924,1394.9148,1602.8597,-172.09889,1353.5994,1699.767,-182.60457,1647.121,1745.0632,-127.30854,1618.9059,1776.9879,-129.87288,1691.9042,1759.7733,-138.1819,1664.5143,1781.3583,-132.79208,1697.5823,1806.1027,-430.68677,1657.2838,1831.9263,-391.8051
IMG_4785 copy 2.JPG,778.5674,1433.3531,-462.71692,758.416,1415.9078,-465.74826,759.38776,1408.6152,-465.66492,760.2171,1400.6067,-465.7013,754.34546,1427.986,-436.747,752.5401,1429.5586,-436.87537,750.67926,1431.1835,-437.0375,765.0429,1366.7955,-319.73422,753.6107,1411.3529,-187.29825,798.6513,1415.7314,-393.49634,793.0627,1433.3848,-355.9408,900.39545,1290.655,-120.2064,825.72943,1470.896,-112.59146,1062.9061,1348.5548,-32.224678,847.422,1599.1936,-481.99545,1217.1217,1400.5454,-45.75178,754.29486,1626.2258,-1100.4893,1263.8572,1417.1733,-46.459522,716.1554,1623.4302,-1211.859,1255.6191,1426.9791,-101.84529,716.7255,1618.0155,-1223.9266,1236.345,1426.3416,-63.353558,733.60345,1617.4052,-1125.3042,1178.0099,1467.5563,-12.156455,1119.3385,1586.7565,11.702924,1394.9148,1602.8597,-172.09889,1353.5994,1699.767,-182.60457,1647.121,1745.0632,-127.30854,1618.9059,1776.9879,-129.87288,1691.9042,1759.7733,-138.1819,1664.5143,1781.3583,-132.79208,1697.5823,1806.1027,-430.68677,1657.2838,1831.9263,-391.8051
IMG_4785 copy 3.JPG,778.5674,1433.3531,-462.71692,758.416,1415.9078,-465.74826,759.38776,1408.6152,-465.66492,760.2171,1400.6067,-465.7013,754.34546,1427.986,-436.747,752.5401,1429.5586,-436.87537,750.67926,1431.1835,-437.0375,765.0429,1366.7955,-319.73422,753.6107,1411.3529,-187.29825,798.6513,1415.7314,-393.49634,793.0627,1433.3848,-355.9408,900.39545,1290.655,-120.2064,825.72943,1470.896,-112.59146,1062.9061,1348.5548,-32.224678,847.422,1599.1936,-481.99545,1217.1217,1400.5454,-45.75178,754.29486,1626.2258,-1100.4893,1263.8572,1417.1733,-46.459522,716.1554,1623.4302,-1211.859,1255.6191,1426.9791,-101.84529,716.7255,1618.0155,-1223.9266,1236.345,1426.3416,-63.353558,733.60345,1617.4052,-1125.3042,1178.0099,1467.5563,-12.156455,1119.3385,1586.7565,11.702924,1394.9148,1602.8597,-172.09889,1353.5994,1699.767,-182.60457,1647.121,1745.0632,-127.30854,1618.9059,1776.9879,-129.87288,1691.9042,1759.7733,-138.1819,1664.5143,1781.3583,-132.79208,1697.5823,1806.1027,-430.68677,1657.2838,1831.9263,-391.8051
IMG_4785 copy 4.JPG,778.5674,1433.3531,-462.71692,758.416,1415.9078,-465.74826,759.38776,1408.6152,-465.66492,760.2171,1400.6067,-465.7013,754.34546,1427.986,-436.747,752.5401,1429.5586,-436.87537,750.67926,1431.1835,-437.0375,765.0429,1366.7955,-319.73422,753.6107,1411.3529,-187.29825,798.6513,1415.7314,-393.49634,793.0627,1433.3848,-355.9408,900.39545,1290.655,-120.2064,825.72943,1470.896,-112.59146,1062.9061,1348.5548,-32.224678,847.422,1599.1936,-481.99545,1217.1217,1400.5454,-45.75178,754.29486,1626.2258,-1100.4893,1263.8572,1417.1733,-46.459522,716.1554,1623.4302,-1211.859,1255.6191,1426.9791,-101.84529,716.7255,1618.0155,-1223.9266,1236.345,1426.3416,-63.353558,733.60345,1617.4052,-1125.3042,1178.0099,1467.5563,-12.156455,1119.3385,1586.7565,11.702924,1394.9148,1602.8597,-172.09889,1353.5994,1699.767,-182.60457,1647.121,1745.0632,-127.30854,1618.9059,1776.9879,-129.87288,1691.9042,1759.7733,-138.1819,1664.5143,1781.3583,-132.79208,1697.5823,1806.1027,-430.68677,1657.2838,1831.9263,-391.8051
IMG_4785 copy 5.JPG,778.5674,1433.3531,-462.71692,758.416,1415.9078,-465.74826,759.38776,1408.6152,-465.66492,760.2171,1400.6067,-465.7013,754.34546,1427.986,-436.747,752.5401,1429.5586,-436.87537,750.67926,1431.1835,-437.0375,765.0429,1366.7955,-319.73422,753.6107,1411.3529,-187.29825,798.6513,1415.7314,-393.49634,793.0627,1433.3848,-355.9408,900.39545,1290.655,-120.2064,825.72943,1470.896,-112.59146,1062.9061,1348.5548,-32.224678,847.422,1599.1936,-481.99545,1217.1217,1400.5454,-45.75178,754.29486,1626.2258,-1100.4893,1263.8572,1417.1733,-46.459522,716.1554,1623.4302,-1211.859,1255.6191,1426.9791,-101.84529,716.7255,1618.0155,-1223.9266,1236.345,1426.3416,-63.353558,733.60345,1617.4052,-1125.3042,1178.0099,1467.5563,-12.156455,1119.3385,1586.7565,11.702924,1394.9148,1602.8597,-172.09889,1353.5994,1699.767,-182.60457,1647.121,1745.0632,-127.30854,1618.9059,1776.9879,-129.87288,1691.9042,1759.7733,-138.1819,1664.5143,1781.3583,-132.79208,1697.5823,1806.1027,-430.68677,1657.2838,1831.9263,-391.8051
IMG_4785 copy 6.JPG,778.5674,1433.3531,-462.71692,758.416,1415.9078,-465.74826,759.38776,1408.6152,-465.66492,760.2171,1400.6067,-465.7013,754.34546,1427.986,-436.747,752.5401,1429.5586,-436.87537,750.67926,1431.1835,-437.0375,765.0429,1366.7955,-319.73422,753.6107,1411.3529,-187.29825,798.6513,1415.7314,-393.49634,793.0627,1433.3848,-355.9408,900.39545,1290.655,-120.2064,825.72943,1470.896,-112.59146,1062.9061,1348.5548,-32.224678,847.422,1599.1936,-481.99545,1217.1217,1400.5454,-45.75178,754.29486,1626.2258,-1100.4893,1263.8572,1417.1733,-46.459522,716.1554,1623.4302,-1211.859,1255.6191,1426.9791,-101.84529,716.7255,1618.0155,-1223.9266,1236.345,1426.3416,-63.353558,733.60345,1617.4052,-1125.3042,1178.0099,1467.5563,-12.156455,1119.3385,1586.7565,11.702924,1394.9148,1602.8597,-172.09889,1353.5994,1699.767,-182.60457,1647.121,1745.0632,-127.30854,1618.9059,1776.9879,-129.87288,1691.9042,1759.7733,-138.1819,1664.5143,1781.3583,-132.79208,1697.5823,1806.1027,-430.68677,1657.2838,1831.9263,-391.8051
IMG_4785 copy 7.JPG,778.5674,1433.3531,-462.71692,758.416,1415.9078,-465.74826,759.38776,1408.6152,-465.66492,760.2171,1400.6067,-465.7013,754.34546,1427.986,-436.747,752.5401,1429.5586,-436.87537,750.67926,1431.1835,-437.0375,765.0429,1366.7955,-319.73422,753.6107,1411.3529,-187.29825,798.6513,1415.7314,-393.49634,793.0627,1433.3848,-355.9408,900.39545,1290.655,-120.2064,825.72943,1470.896,-112.59146,1062.9061,1348.5548,-32.224678,847.422,1599.1936,-481.99545,1217.1217,1400.5454,-45.75178,754.29486,1626.2258,-1100.4893,1263.8572,1417.1733,-46.459522,716.1554,1623.4302,-1211.859,1255.6191,1426.9791,-101.84529,716.7255,1618.0155,-1223.9266,1236.345,1426.3416,-63.353558,733.60345,1617.4052,-1125.3042,1178.0099,1467.5563,-12.156455,1119.3385,1586.7565,11.702924,1394.9148,1602.8597,-172.09889,1353.5994,1699.767,-182.60457,1647.121,1745.0632,-127.30854,1618.9059,1776.9879,-129.87288,1691.9042,1759.7733,-138.1819,1664.5143,1781.3583,-132.79208,1697.5823,1806.1027,-430.68677,1657.2838,1831.9263,-391.8051
IMG_4785 copy 8.JPG,778.5674,1433.3531,-462.71692,758.416,1415.9078,-465.74826,759.38776,1408.6152,-465.66492,760.2171,1400.6067,-465.7013,754.34546,1427.986,-436.747,752.5401,1429.5586,-436.87537,750.67926,1431.1835,-437.0375,765.0429,1366.7955,-319.73422,753.6107,1411.3529,-187.29825,798.6513,1415.7314,-393.49634,793.0627,1433.3848,-355.9408,900.39545,1290.655,-120.2064,825.72943,1470.896,-112.59146,1062.9061,1348.5548,-32.224678,847.422,1599.1936,-481.99545,1217.1217,1400.5454,-45.75178,754.29486,1626.2258,-1100.4893,1263.8572,1417.1733,-46.459522,716.1554,1623.4302,-1211.859,1255.6191,1426.9791,-101.84529,716.7255,1618.0155,-1223.9266,1236.345,1426.3416,-63.353558,733.60345,1617.4052,-1125.3042,1178.0099,1467.5563,-12.156455,1119.3385,1586.7565,11.702924,1394.9148,1602.8597,-172.09889,1353.5994,1699.767,-182.60457,1647.121,1745.0632,-127.30854,1618.9059,1776.9879,-129.87288,1691.9042,1759.7733,-138.1819,1664.5143,1781.3583,-132.79208,1697.5823,1806.1027,-430.68677,1657.2838,1831.9263,-391.8051
IMG_4785 copy 9.JPG,778.5674,1433.3531,-462.71692,758.416,1415.9078,-465.74826,759.38776,1408.6152,-465.66492,760.2171,1400.6067,-465.7013,754.34546,1427.986,-436.747,752.5401,1429.5586,-436.87537,750.67926,1431.1835,-437.0375,765.0429,1366.7955,-319.73422,753.6107,1411.3529,-187.29825,798.6513,1415.7314,-393.49634,793.0627,1433.3848,-355.9408,900.39545,1290.655,-120.2064,825.72943,1470.896,-112.59146,1062.9061,1348.5548,-32.224678,847.422,1599.1936,-481.99545,1217.1217,1400.5454,-45.75178,754.29486,1626.2258,-1100.4893,1263.8572,1417.1733,-46.459522,716.1554,1623.4302,-1211.859,1255.6191,1426.9791,-101.84529,716.7255,1618.0155,-1223.9266,1236.345,1426.3416,-63.353558,733.60345,1617.4052,-1125.3042,1178.0099,1467.5563,-12.156455,1119.3385,1586.7565,11.702924,1394.9148,1602.8597,-172.09889,1353.5994,1699.767,-182.60457,1647.121,1745.0632,-127.30854,1618.9059,1776.9879,-129.87288,1691.9042,1759.7733,-138.1819,1664.5143,1781.3583,-132.79208,1697.5823,1806.1027,-430.68677,1657.2838,1831.9263,-391.8051
IMG_4785 copy.JPG,778.5674,1433.3531,-462.71692,758.416,1415.9078,-465.74826,759.38776,1408.6152,-465.66492,760.2171,1400.6067,-465.7013,754.34546,1427.986,-436.747,752.5401,1429.5586,-436.87537,750.67926,1431.1835,-437.0375,765.0429,1366.7955,-319.73422,753.6107,1411.3529,-187.29825,798.6513,1415.7314,-393.49634,793.0627,1433.3848,-355.9408,900.39545,1290.655,-120.2064,825.72943,1470.896,-112.59146,1062.9061,1348.5548,-32.224678,847.422,1599.1936,-481.99545,1217.1217,1400.5454,-45.75178,754.29486,1626.2258,-1100.4893,1263.8572,1417.1733,-46.459522,716.1554,1623.4302,-1211.859,1255.6191,1426.9791,-101.84529,716.7255,1618.0155,-1223.9266,1236.345,1426.3416,-63.353558,733.60345,1617.4052,-1125.3042,1178.0099,1467.5563,-12.156455,1119.3385,1586.7565,11.702924,1394.9148,1602.8597,-172.09889,1353.5994,1699.767,-182.60457,1647.121,1745.0632,-127.30854,1618.9059,1776.9879,-129.87288,1691.9042,1759.7733,-138.1819,1664.5143,1781.3583,-132.79208,1697.5823,1806.1027,-430.68677,1657.2838,1831.9263,-391.8051
IMG_4785.JPG,778.5674,1433.3531,-462.71692,758.416,1415.9078,-465.74826,759.38776,1408.6152,-465.66492,760.2171,1400.6067,-465.7013,754.34546,1427.986,-436.747,752.5401,1429.5586,-436.87537,750.67926,1431.1835,-437.0375,765.0429,1366.7955,-319.73422,753.6107,1411.3529,-187.29825,798.6513,1415.7314,-393.49634,793.0627,1433.3848,-355.9408,900.39545,1290.655,-120.2064,825.72943,1470.896,-112.59146,1062.9061,1348.5548,-32.224678,847.422,1599.1936,-481.99545,1217.1217,1400.5454,-45.75178,754.29486,1626.2258,-1100.4893,1263.8572,1417.1733,-46.459522,716.1554,1623.4302,-1211.859,1255.6191,1426.9791,-101.84529,716.7255,1618.0155,-1223.9266,1236.345,1426.3416,-63.353558,733.60345,1617.4052,-1125.3042,1178.0099,1467.5563,-12.156455,1119.3385,1586.7565,11.702924,1394.9148,1602.8597,-172.09889,1353.5994,1699.767,-182.60457,1647.121,1745.0632,-127.30854,1618.9059,1776.9879,-129.87288,1691.9042,1759.7733,-138.1819,1664.5143,1781.3583,-132.79208,1697.5823,1806.1027,-430.68677,1657.2838,1831.9263,-391.8051
IMG_4786 copy 10.png,529.6465,1626.8315,-767.3341,500.96536,1606.4849,-787.7713,500.37363,1594.4541,-787.4659,499.45227,1581.5898,-787.55756,493.9375,1630.2291,-764.64166,489.21033,1634.9836,-764.8288,484.07538,1639.5371,-764.93976,489.88107,1541.9723,-609.96454,464.80606,1623.7687,-514.5832,552.2661,1604.2654,-673.8629,541.78906,1632.6487,-647.8327,610.28253,1393.4199,-337.6943,512.2967,1706.1311,-365.4918,819.889,1413.0814,-150.14748,501.9132,1864.6447,-740.14,1004.9943,1442.2208,-107.73834,517.5786,1929.6135,-1388.5204,1068.4641,1444.9946,-82.24597,536.05457,1969.3973,-1490.8499,1060.8945,1464.2706,-155.32883,551.4443,1943.6415,-1485.4426,1037.3444,1471.6091,-126.812706,553.8638,1926.1823,-1404.888,991.67017,1532.1769,4.907414,969.4294,1696.7231,-5.877531,1289.2257,1602.5197,12.120974,1261.1678,1725.0681,40.339455,1528.8594,1635.5953,499.1099,1485.2725,1702.0153,637.52344,1538.3102,1639.6222,537.8225,1497.0846,1683.1003,692.98364,1659.0643,1673.872,274.96954,1621.1152,1714.261,479.8561
IMG_4786 copy 11.png,529.6465,1626.8315,-767.3341,500.96536,1606.4849,-787.7713,500.37363,1594.4541,-787.4659,499.45227,1581.5898,-787.55756,493.9375,1630.2291,-764.64166,489.21033,1634.9836,-764.8288,484.07538,1639.5371,-764.93976,489.88107,1541.9723,-609.96454,464.80606,1623.7687,-514.5832,552.2661,1604.2654,-673.8629,541.78906,1632.6487,-647.8327,610.28253,1393.4199,-337.6943,512.2967,1706.1311,-365.4918,819.889,1413.0814,-150.14748,501.9132,1864.6447,-740.14,1004.9943,1442.2208,-107.73834,517.5786,1929.6135,-1388.5204,1068.4641,1444.9946,-82.24597,536.05457,1969.3973,-1490.8499,1060.8945,1464.2706,-155.32883,551.4443,1943.6415,-1485.4426,1037.3444,1471.6091,-126.812706,553.8638,1926.1823,-1404.888,991.67017,1532.1769,4.907414,969.4294,1696.7231,-5.877531,1289.2257,1602.5197,12.120974,1261.1678,1725.0681,40.339455,1528.8594,1635.5953,499.1099,1485.2725,1702.0153,637.52344,1538.3102,1639.6222,537.8225,1497.0846,1683.1003,692.98364,1659.0643,1673.872,274.96954,1621.1152,1714.261,479.8561
IMG_4786 copy 12.png,529.6465,1626.8315,-767.3341,500.96536,1606.4849,-787.7713,500.37363,1594.4541,-787.4659,499.45227,1581.5898,-787.55756,493.9375,1630.2291,-764.64166,489.21033,1634.9836,-764.8288,484.07538,1639.5371,-764.93976,489.88107,1541.9723,-609.96454,464.80606,1623.7687,-514.5832,552.2661,1604.2654,-673.8629,541.78906,1632.6487,-647.8327,610.28253,1393.4199,-337.6943,512.2967,1706.1311,-365.4918,819.889,1413.0814,-150.14748,501.9132,1864.6447,-740.14,1004.9943,1442.2208,-107.73834,517.5786,1929.6135,-1388.5204,1068.4641,1444.9946,-82.24597,536.05457,1969.3973,-1490.8499,1060.8945,1464.2706,-155.32883,551.4443,1943.6415,-1485.4426,1037.3444,1471.6091,-126.812706,553.8638,1926.1823,-1404.888,991.67017,1532.1769,4.907414,969.4294,1696.7231,-5.877531,1289.2257,1602.5197,12.120974,1261.1678,1725.0681,40.339455,1528.8594,1635.5953,499.1099,1485.2725,1702.0153,637.52344,1538.3102,1639.6222,537.8225,1497.0846,1683.1003,692.98364,1659.0643,1673.872,274.96954,1621.1152,1714.261,479.8561
IMG_4786 copy 13.png,529.6465,1626.8315,-767.3341,500.96536,1606.4849,-787.7713,500.37363,1594.4541,-787.4659,499.45227,1581.5898,-787.55756,493.9375,1630.2291,-764.64166,489.21033,1634.9836,-764.8288,484.07538,1639.5371,-764.93976,489.88107,1541.9723,-609.96454,464.80606,1623.7687,-514.5832,552.2661,1604.2654,-673.8629,541.78906,1632.6487,-647.8327,610.28253,1393.4199,-337.6943,512.2967,1706.1311,-365.4918,819.889,1413.0814,-150.14748,501.9132,1864.6447,-740.14,1004.9943,1442.2208,-107.73834,517.5786,1929.6135,-1388.5204,1068.4641,1444.9946,-82.24597,536.05457,1969.3973,-1490.8499,1060.8945,1464.2706,-155.32883,551.4443,1943.6415,-1485.4426,1037.3444,1471.6091,-126.812706,553.8638,1926.1823,-1404.888,991.67017,1532.1769,4.907414,969.4294,1696.7231,-5.877531,1289.2257,1602.5197,12.120974,1261.1678,1725.0681,40.339455,1528.8594,1635.5953,499.1099,1485.2725,1702.0153,637.52344,1538.3102,1639.6222,537.8225,1497.0846,1683.1003,692.98364,1659.0643,1673.872,274.96954,1621.1152,1714.261,479.8561
IMG_4786 copy 14.png,529.6465,1626.8315,-767.3341,500.96536,1606.4849,-787.7713,500.37363,1594.4541,-787.4659,499.45227,1581.5898,-787.55756,493.9375,1630.2291,-764.64166,489.21033,1634.9836,-764.8288,484.07538,1639.5371,-764.93976,489.88107,1541.9723,-609.96454,464.80606,1623.7687,-514.5832,552.2661,1604.2654,-673.8629,541.78906,1632.6487,-647.8327,610.28253,1393.4199,-337.6943,512.2967,1706.1311,-365.4918,819.889,1413.0814,-150.14748,501.9132,1864.6447,-740.14,1004.9943,1442.2208,-107.73834,517.5786,1929.6135,-1388.5204,1068.4641,1444.9946,-82.24597,536.05457,1969.3973,-1490.8499,1060.8945,1464.2706,-155.32883,551.4443,1943.6415,-1485.4426,1037.3444,1471.6091,-126.812706,553.8638,1926.1823,-1404.888,991.67017,1532.1769,4.907414,969.4294,1696.7231,-5.877531,1289.2257,1602.5197,12.120974,1261.1678,1725.0681,40.339455,1528.8594,1635.5953,499.1099,1485.2725,1702.0153,637.52344,1538.3102,1639.6222,537.8225,1497.0846,1683.1003,692.98364,1659.0643,1673.872,274.96954,1621.1152,1714.261,479.8561
IMG_4786 copy 15.png,529.6465,1626.8315,-767.3341,500.96536,1606.4849,-787.7713,500.37363,1594.4541,-787.4659,499.45227,1581.5898,-787.55756,493.9375,1630.2291,-764.64166,489.21033,1634.9836,-764.8288,484.07538,1639.5371,-764.93976,489.88107,1541.9723,-609.96454,464.80606,1623.7687,-514.5832,552.2661,1604.2654,-673.8629,541.78906,1632.6487,-647.8327,610.28253,1393.4199,-337.6943,512.2967,1706.1311,-365.4918,819.889,1413.0814,-150.14748,501.9132,1864.6447,-740.14,1004.9943,1442.2208,-107.73834,517.5786,1929.6135,-1388.5204,1068.4641,1444.9946,-82.24597,536.05457,1969.3973,-1490.8499,1060.8945,1464.2706,-155.32883,551.4443,1943.6415,-1485.4426,1037.3444,1471.6091,-126.812706,553.8638,1926.1823,-1404.888,991.67017,1532.1769,4.907414,969.4294,1696.7231,-5.877531,1289.2257,1602.5197,12.120974,1261.1678,1725.0681,40.339455,1528.8594,1635.5953,499.1099,1485.2725,1702.0153,637.52344,1538.3102,1639.6222,537.8225,1497.0846,1683.1003,692.98364,1659.0643,1673.872,274.96954,1621.1152,1714.261,479.8561
IMG_4786 copy 2.png,529.6465,1626.8315,-767.3341,500.96536,1606.4849,-787.7713,500.37363,1594.4541,-787.4659,499.45227,1581.5898,-787.55756,493.9375,1630.2291,-764.64166,489.21033,1634.9836,-764.8288,484.07538,1639.5371,-764.93976,489.88107,1541.9723,-609.96454,464.80606,1623.7687,-514.5832,552.2661,1604.2654,-673.8629,541.78906,1632.6487,-647.8327,610.28253,1393.4199,-337.6943,512.2967,1706.1311,-365.4918,819.889,1413.0814,-150.14748,501.9132,1864.6447,-740.14,1004.9943,1442.2208,-107.73834,517.5786,1929.6135,-1388.5204,1068.4641,1444.9946,-82.24597,536.05457,1969.3973,-1490.8499,1060.8945,1464.2706,-155.32883,551.4443,1943.6415,-1485.4426,1037.3444,1471.6091,-126.812706,553.8638,1926.1823,-1404.888,991.67017,1532.1769,4.907414,969.4294,1696.7231,-5.877531,1289.2257,1602.5197,12.120974,1261.1678,1725.0681,40.339455,1528.8594,1635.5953,499.1099,1485.2725,1702.0153,637.52344,1538.3102,1639.6222,537.8225,1497.0846,1683.1003,692.98364,1659.0643,1673.872,274.96954,1621.1152,1714.261,479.8561
IMG_4786 copy 3.png,529.6465,1626.8315,-767.3341,500.96536,1606.4849,-787.7713,500.37363,1594.4541,-787.4659,499.45227,1581.5898,-787.55756,493.9375,1630.2291,-764.64166,489.21033,1634.9836,-764.8288,484.07538,1639.5371,-764.93976,489.88107,1541.9723,-609.96454,464.80606,1623.7687,-514.5832,552.2661,1604.2654,-673.8629,541.78906,1632.6487,-647.8327,610.28253,1393.4199,-337.6943,512.2967,1706.1311,-365.4918,819.889,1413.0814,-150.14748,501.9132,1864.6447,-740.14,1004.9943,1442.2208,-107.73834,517.5786,1929.6135,-1388.5204,1068.4641,1444.9946,-82.24597,536.05457,1969.3973,-1490.8499,1060.8945,1464.2706,-155.32883,551.4443,1943.6415,-1485.4426,1037.3444,1471.6091,-126.812706,553.8638,1926.1823,-1404.888,991.67017,1532.1769,4.907414,969.4294,1696.7231,-5.877531,1289.2257,1602.5197,12.120974,1261.1678,1725.0681,40.339455,1528.8594,1635.5953,499.1099,1485.2725,1702.0153,637.52344,1538.3102,1639.6222,537.8225,1497.0846,1683.1003,692.98364,1659.0643,1673.872,274.96954,1621.1152,1714.261,479.8561
IMG_4786 copy 4.png,529.6465,1626.8315,-767.3341,500.96536,1606.4849,-787.7713,500.37363,1594.4541,-787.4659,499.45227,1581.5898,-787.55756,493.9375,1630.2291,-764.64166,489.21033,1634.9836,-764.8288,484.07538,1639.5371,-764.93976,489.88107,1541.9723,-609.96454,464.80606,1623.7687,-514.5832,552.2661,1604.2654,-673.8629,541.78906,1632.6487,-647.8327,610.28253,1393.4199,-337.6943,512.2967,1706.1311,-365.4918,819.889,1413.0814,-150.14748,501.9132,1864.6447,-740.14,1004.9943,1442.2208,-107.73834,517.5786,1929.6135,-1388.5204,1068.4641,1444.9946,-82.24597,536.05457,1969.3973,-1490.8499,1060.8945,1464.2706,-155.32883,551.4443,1943.6415,-1485.4426,1037.3444,1471.6091,-126.812706,553.8638,1926.1823,-1404.888,991.67017,1532.1769,4.907414,969.4294,1696.7231,-5.877531,1289.2257,1602.5197,12.120974,1261.1678,1725.0681,40.339455,1528.8594,1635.5953,499.1099,1485.2725,1702.0153,637.52344,1538.3102,1639.6222,537.8225,1497.0846,1683.1003,692.98364,1659.0643,1673.872,274.96954,1621.1152,1714.261,479.8561
IMG_4786 copy 5.png,529.6465,1626.8315,-767.3341,500.96536,1606.4849,-787.7713,500.37363,1594.4541,-787.4659,499.45227,1581.5898,-787.55756,493.9375,1630.2291,-764.64166,489.21033,1634.9836,-764.8288,484.07538,1639.5371,-764.93976,489.88107,1541.9723,-609.96454,464.80606,1623.7687,-514.5832,552.2661,1604.2654,-673.8629,541.78906,1632.6487,-647.8327,610.28253,1393.4199,-337.6943,512.2967,1706.1311,-365.4918,819.889,1413.0814,-150.14748,501.9132,1864.6447,-740.14,1004.9943,1442.2208,-107.73834,517.5786,1929.6135,-1388.5204,1068.4641,1444.9946,-82.24597,536.05457,1969.3973,-1490.8499,1060.8945,1464.2706,-155.32883,551.4443,1943.6415,-1485.4426,1037.3444,1471.6091,-126.812706,553.8638,1926.1823,-1404.888,991.67017,1532.1769,4.907414,969.4294,1696.7231,-5.877531,1289.2257,1602.5197,12.120974,1261.1678,1725.0681,40.339455,1528.8594,1635.5953,499.1099,1485.2725,1702.0153,637.52344,1538.3102,1639.6222,537.8225,1497.0846,1683.1003,692.98364,1659.0643,1673.872,274.96954,1621.1152,1714.261,479.8561
IMG_4786 copy 6.png,529.6465,1626.8315,-767.3341,500.96536,1606.4849,-787.7713,500.37363,1594.4541,-787.4659,499.45227,1581.5898,-787.55756,493.9375,1630.2291,-764.64166,489.21033,1634.9836,-764.8288,484.07538,1639.5371,-764.93976,489.88107,1541.9723,-609.96454,464.80606,1623.7687,-514.5832,552.2661,1604.2654,-673.8629,541.78906,1632.6487,-647.8327,610.28253,1393.4199,-337.6943,512.2967,1706.1311,-365.4918,819.889,1413.0814,-150.14748,501.9132,1864.6447,-740.14,1004.9943,1442.2208,-107.73834,517.5786,1929.6135,-1388.5204,1068.4641,1444.9946,-82.24597,536.05457,1969.3973,-1490.8499,1060.8945,1464.2706,-155.32883,551.4443,1943.6415,-1485.4426,1037.3444,1471.6091,-126.812706,553.8638,1926.1823,-1404.888,991.67017,1532.1769,4.907414,969.4294,1696.7231,-5.877531,1289.2257,1602.5197,12.120974,1261.1678,1725.0681,40.339455,1528.8594,1635.5953,499.1099,1485.2725,1702.0153,637.52344,1538.3102,1639.6222,537.8225,1497.0846,1683.1003,692.98364,1659.0643,1673.872,274.96954,1621.1152,1714.261,479.8561
IMG_4786 copy 7.png,529.6465,1626.8315,-767.3341,500.96536,1606.4849,-787.7713,500.37363,1594.4541,-787.4659,499.45227,1581.5898,-787.55756,493.9375,1630.2291,-764.64166,489.21033,1634.9836,-764.8288,484.07538,1639.5371,-764.93976,489.88107,1541.9723,-609.96454,464.80606,1623.7687,-514.5832,552.2661,1604.2654,-673.8629,541.78906,1632.6487,-647.8327,610.28253,1393.4199,-337.6943,512.2967,1706.1311,-365.4918,819.889,1413.0814,-150.14748,501.9132,1864.6447,-740.14,1004.9943,1442.2208,-107.73834,517.5786,1929.6135,-1388.5204,1068.4641,1444.9946,-82.24597,536.05457,1969.3973,-1490.8499,1060.8945,1464.2706,-155.32883,551.4443,1943.6415,-1485.4426,1037.3444,1471.6091,-126.812706,553.8638,1926.1823,-1404.888,991.67017,1532.1769,4.907414,969.4294,1696.7231,-5.877531,1289.2257,1602.5197,12.120974,1261.1678,1725.0681,40.339455,1528.8594,1635.5953,499.1099,1485.2725,1702.0153,637.52344,1538.3102,1639.6222,537.8225,1497.0846,1683.1003,692.98364,1659.0643,1673.872,274.96954,1621.1152,1714.261,479.8561
IMG_4786 copy 8.png,529.6465,1626.8315,-767.3341,500.96536,1606.4849,-787.7713,500.37363,1594.4541,-787.4659,499.45227,1581.5898,-787.55756,493.9375,1630.2291,-764.64166,489.21033,1634.9836,-764.8288,484.07538,1639.5371,-764.93976,489.88107,1541.9723,-609.96454,464.80606,1623.7687,-514.5832,552.2661,1604.2654,-673.8629,541.78906,1632.6487,-647.8327,610.28253,1393.4199,-337.6943,512.2967,1706.1311,-365.4918,819.889,1413.0814,-150.14748,501.9132,1864.6447,-740.14,1004.9943,1442.2208,-107.73834,517.5786,1929.6135,-1388.5204,1068.4641,1444.9946,-82.24597,536.05457,1969.3973,-1490.8499,1060.8945,1464.2706,-155.32883,551.4443,1943.6415,-1485.4426,1037.3444,1471.6091,-126.812706,553.8638,1926.1823,-1404.888,991.67017,1532.1769,4.907414,969.4294,1696.7231,-5.877531,1289.2257,1602.5197,12.120974,1261.1678,1725.0681,40.339455,1528.8594,1635.5953,499.1099,1485.2725,1702.0153,637.52344,1538.3102,1639.6222,537.8225,1497.0846,1683.1003,692.98364,1659.0643,1673.872,274.96954,1621.1152,1714.261,479.8561
IMG_4786 copy 9.png,529.6465,1626.8315,-767.3341,500.96536,1606.4849,-787.7713,500.37363,1594.4541,-787.4659,499.45227,1581.5898,-787.55756,493.9375,1630.2291,-764.64166,489.21033,1634.9836,-764.8288,484.07538,1639.5371,-764.93976,489.88107,1541.9723,-609.96454,464.80606,1623.7687,-514.5832,552.2661,1604.2654,-673.8629,541.78906,1632.6487,-647.8327,610.28253,1393.4199,-337.6943,512.2967,1706.1311,-365.4918,819.889,1413.0814,-150.14748,501.9132,1864.6447,-740.14,1004.9943,1442.2208,-107.73834,517.5786,1929.6135,-1388.5204,1068.4641,1444.9946,-82.24597,536.05457,1969.3973,-1490.8499,1060.8945,1464.2706,-155.32883,551.4443,1943.6415,-1485.4426,1037.3444,1471.6091,-126.812706,553.8638,1926.1823,-1404.888,991.67017,1532.1769,4.907414,969.4294,1696.7231,-5.877531,1289.2257,1602.5197,12.120974,1261.1678,1725.0681,40.339455,1528.8594,1635.5953,499.1099,1485.2725,1702.0153,637.52344,1538.3102,1639.6222,537.8225,1497.0846,1683.1003,692.98364,1659.0643,1673.872,274.96954,1621.1152,1714.261,479.8561
IMG_4786 copy.png,529.6465,1626.8315,-767.3341,500.96536,1606.4849,-787.7713,500.37363,1594.4541,-787.4659,499.45227,1581.5898,-787.55756,493.9375,1630.2291,-764.64166,489.21033,1634.9836,-764.8288,484.07538,1639.5371,-764.93976,489.88107,1541.9723,-609.96454,464.80606,1623.7687,-514.5832,552.2661,1604.2654,-673.8629,541.78906,1632.6487,-647.8327,610.28253,1393.4199,-337.6943,512.2967,1706.1311,-365.4918,819.889,1413.0814,-150.14748,501.9132,1864.6447,-740.14,1004.9943,1442.2208,-107.73834,517.5786,1929.6135,-1388.5204,1068.4641,1444.9946,-82.24597,536.05457,1969.3973,-1490.8499,1060.8945,1464.2706,-155.32883,551.4443,1943.6415,-1485.4426,1037.3444,1471.6091,-126.812706,553.8638,1926.1823,-1404.888,991.67017,1532.1769,4.907414,969.4294,1696.7231,-5.877531,1289.2257,1602.5197,12.120974,1261.1678,1725.0681,40.339455,1528.8594,1635.5953,499.1099,1485.2725,1702.0153,637.52344,1538.3102,1639.6222,537.8225,1497.0846,1683.1003,692.98364,1659.0643,1673.872,274.96954,1621.1152,1714.261,479.8561
IMG_4786.png,529.6465,1626.8315,-767.3341,500.96536,1606.4849,-787.7713,500.37363,1594.4541,-787.4659,499.45227,1581.5898,-787.55756,493.9375,1630.2291,-764.64166,489.21033,1634.9836,-764.8288,484.07538,1639.5371,-764.93976,489.88107,1541.9723,-609.96454,464.80606,1623.7687,-514.5832,552.2661,1604.2654,-673.8629,541.78906,1632.6487,-647.8327,610.28253,1393.4199,-337.6943,512.2967,1706.1311,-365.4918,819.889,1413.0814,-150.14748,501.9132,1864.6447,-740.14,1004.9943,1442.2208,-107.73834,517.5786,1929.6135,-1388.5204,1068.4641,1444.9946,-82.24597,536.05457,1969.3973,-1490.8499,1060.8945,1464.2706,-155.32883,551.4443,1943.6415,-1485.4426,1037.3444,1471.6091,-126.812706,553.8638,1926.1823,-1404.888,991.67017,1532.1769,4.907414,969.4294,1696.7231,-5.877531,1289.2257,1602.5197,12.120974,1261.1678,1725.0681,40.339455,1528.8594,1635.5953,499.1099,1485.2725,1702.0153,637.52344,1538.3102,1639.6222,537.8225,1497.0846,1683.1003,692.98364,1659.0643,1673.872,274.96954,1621.1152,1714.261,479.8561
IMG_4788.JPG,390.8812,1464.2605,-1265.5608,364.8533,1437.4154,-1298.7883,362.9013,1420.6743,-1298.3385,359.93927,1403.9805,-1298.5183,357.25195,1474.0078,-1279.5901,351.1231,1482.8243,-1279.9836,344.64783,1490.945,-1280.1512,326.1754,1368.3618,-1109.1017,309.4899,1495.9341,-1034.9069,401.53284,1438.7007,-1160.4027,394.58005,1477.2279,-1141.7515,394.00974,1234.8042,-784.1993,320.47906,1577.3632,-793.2141,566.69434,1224.0968,-420.3839,299.67038,1772.4203,-1100.4305,736.9187,1230.9705,-170.05171,425.4487,1832.1147,-1697.1926,790.34186,1226.8844,-127.28196,465.17856,1873.4147,-1806.97,789.44086,1240.9368,-195.4482,476.37897,1834.8488,-1821.3405,771.8632,1250.6608,-180.06471,472.4435,1814.347,-1718.9192,757.69653,1331.442,-3.5102649,753.2613,1502.661,2.013479,1029.8738,1350.5651,385.25406,1014.3717,1481.8345,380.0788,1195.3538,1363.195,1302.5139,1170.1898,1417.7185,1352.4751,1200.9825,1366.6409,1393.8198,1172.6624,1402.2675,1452.7229,1326.9767,1369.9423,1186.7534,1305.2043,1403.9448,1281.4249
IMG_4790 copy 10.png,1487.4928,1580.1832,-111.766426,1508.8842,1569.1974,-181.49593,1508.3546,1559.0299,-181.5568,1507.9371,1547.8658,-181.63452,1506.4814,1597.2435,-194.89104,1503.7777,1608.0997,-194.91849,1500.7709,1619.4966,-194.98201,1486.0251,1523.333,-356.07916,1472.9789,1633.1665,-423.94397,1457.654,1567.5673,-152.98122,1454.0878,1601.5679,-171.42041,1275.9941,1387.4297,-369.17236,1307.9067,1734.1669,-371.62488,1009.4045,1409.2433,-224.33167,1288.6096,1984.0333,-215.54977,803.7328,1419.304,-89.2559,1439.637,1893.575,80.683426,753.7442,1414.6112,-97.68206,1486.2363,1902.9207,101.83797,751.76685,1421.9945,-110.0822,1482.064,1869.6792,82.41234,772.46484,1429.9786,-88.76647,1464.2596,1858.4551,82.59091,876.56,1533.7346,-22.87906,889.2434,1707.0532,22.670345,631.49207,1536.3945,378.6809,664.16876,1646.1118,378.80292,402.11115,1536.2764,757.5807,420.5556,1579.7535,717.8884,350.6189,1540.8186,792.9428,374.68466,1581.4757,752.3329,426.41364,1499.3529,808.1302,467.43463,1566.221,752.5941
IMG_4790 copy 2.png,1487.4928,1580.1832,-111.766426,1508.8842,1569.1974,-181.49593,1508.3546,1559.0299,-181.5568,1507.9371,1547.8658,-181.63452,1506.4814,1597.2435,-194.89104,1503.7777,1608.0997,-194.91849,1500.7709,1619.4966,-194.98201,1486.0251,1523.333,-356.07916,1472.9789,1633.1665,-423.94397,1457.654,1567.5673,-152.98122,1454.0878,1601.5679,-171.42041,1275.9941,1387.4297,-369.17236,1307.9067,1734.1669,-371.62488,1009.4045,1409.2433,-224.33167,1288.6096,1984.0333,-215.54977,803.7328,1419.304,-89.2559,1439.637,1893.575,80.683426,753.7442,1414.6112,-97.68206,1486.2363,1902.9207,101.83797,751.76685,1421.9945,-110.0822,1482.064,1869.6792,82.41234,772.46484,1429.9786,-88.76647,1464.2596,1858.4551,82.59091,876.56,1533.7346,-22.87906,889.2434,1707.0532,22.670345,631.49207,1536.3945,378.6809,664.16876,1646.1118,378.80292,402.11115,1536.2764,757.5807,420.5556,1579.7535,717.8884,350.6189,1540.8186,792.9428,374.68466,1581.4757,752.3329,426.41364,1499.3529,808.1302,467.43463,1566.221,752.5941
IMG_4790 copy 3.png,1487.4928,1580.1832,-111.766426,1508.8842,1569.1974,-181.49593,1508.3546,1559.0299,-181.5568,1507.9371,1547.8658,-181.63452,1506.4814,1597.2435,-194.89104,1503.7777,1608.0997,-194.91849,1500.7709,1619.4966,-194.98201,1486.0251,1523.333,-356.07916,1472.9789,1633.1665,-423.94397,1457.654,1567.5673,-152.98122,1454.0878,1601.5679,-171.42041,1275.9941,1387.4297,-369.17236,1307.9067,1734.1669,-371.62488,1009.4045,1409.2433,-224.33167,1288.6096,1984.0333,-215.54977,803.7328,1419.304,-89.2559,1439.637,1893.575,80.683426,753.7442,1414.6112,-97.68206,1486.2363,1902.9207,101.83797,751.76685,1421.9945,-110.0822,1482.064,1869.6792,82.41234,772.46484,1429.9786,-88.76647,1464.2596,1858.4551,82.59091,876.56,1533.7346,-22.87906,889.2434,1707.0532,22.670345,631.49207,1536.3945,378.6809,664.16876,1646.1118,378.80292,402.11115,1536.2764,757.5807,420.5556,1579.7535,717.8884,350.6189,1540.8186,792.9428,374.68466,1581.4757,752.3329,426.41364,1499.3529,808.1302,467.43463,1566.221,752.5941
IMG_4790 copy 4.png,1487.4928,1580.1832,-111.766426,1508.8842,1569.1974,-181.49593,1508.3546,1559.0299,-181.5568,1507.9371,1547.8658,-181.63452,1506.4814,1597.2435,-194.89104,1503.7777,1608.0997,-194.91849,1500.7709,1619.4966,-194.98201,1486.0251,1523.333,-356.07916,1472.9789,1633.1665,-423.94397,1457.654,1567.5673,-152.98122,1454.0878,1601.5679,-171.42041,1275.9941,1387.4297,-369.17236,1307.9067,1734.1669,-371.62488,1009.4045,1409.2433,-224.33167,1288.6096,1984.0333,-215.54977,803.7328,1419.304,-89.2559,1439.637,1893.575,80.683426,753.7442,1414.6112,-97.68206,1486.2363,1902.9207,101.83797,751.76685,1421.9945,-110.0822,1482.064,1869.6792,82.41234,772.46484,1429.9786,-88.76647,1464.2596,1858.4551,82.59091,876.56,1533.7346,-22.87906,889.2434,1707.0532,22.670345,631.49207,1536.3945,378.6809,664.16876,1646.1118,378.80292,402.11115,1536.2764,757.5807,420.5556,1579.7535,717.8884,350.6189,1540.8186,792.9428,374.68466,1581.4757,752.3329,426.41364,1499.3529,808.1302,467.43463,1566.221,752.5941
IMG_4790 copy 5.png,1487.4928,1580.1832,-111.766426,1508.8842,1569.1974,-181.49593,1508.3546,1559.0299,-181.5568,1507.9371,1547.8658,-181.63452,1506.4814,1597.2435,-194.89104,1503.7777,1608.0997,-194.91849,1500.7709,1619.4966,-194.98201,1486.0251,1523.333,-356.07916,1472.9789,1633.1665,-423.94397,1457.654,1567.5673,-152.98122,1454.0878,1601.5679,-171.42041,1275.9941,1387.4297,-369.17236,1307.9067,1734.1669,-371.62488,1009.4045,1409.2433,-224.33167,1288.6096,1984.0333,-215.54977,803.7328,1419.304,-89.2559,1439.637,1893.575,80.683426,753.7442,1414.6112,-97.68206,1486.2363,1902.9207,101.83797,751.76685,1421.9945,-110.0822,1482.064,1869.6792,82.41234,772.46484,1429.9786,-88.76647,1464.2596,1858.4551,82.59091,876.56,1533.7346,-22.87906,889.2434,1707.0532,22.670345,631.49207,1536.3945,378.6809,664.16876,1646.1118,378.80292,402.11115,1536.2764,757.5807,420.5556,1579.7535,717.8884,350.6189,1540.8186,792.9428,374.68466,1581.4757,752.3329,426.41364,1499.3529,808.1302,467.43463,1566.221,752.5941
IMG_4790 copy 6.png,1487.4928,1580.1832,-111.766426,1508.8842,1569.1974,-181.49593,1508.3546,1559.0299,-181.5568,1507.9371,1547.8658,-181.63452,1506.4814,1597.2435,-194.89104,1503.7777,1608.0997,-194.91849,1500.7709,1619.4966,-194.98201,1486.0251,1523.333,-356.07916,1472.9789,1633.1665,-423.94397,1457.654,1567.5673,-152.98122,1454.0878,1601.5679,-171.42041,1275.9941,1387.4297,-369.17236,1307.9067,1734.1669,-371.62488,1009.4045,1409.2433,-224.33167,1288.6096,1984.0333,-215.54977,803.7328,1419.304,-89.2559,1439.637,1893.575,80.683426,753.7442,1414.6112,-97.68206,1486.2363,1902.9207,101.83797,751.76685,1421.9945,-110.0822,1482.064,1869.6792,82.41234,772.46484,1429.9786,-88.76647,1464.2596,1858.4551,82.59091,876.56,1533.7346,-22.87906,889.2434,1707.0532,22.670345,631.49207,1536.3945,378.6809,664.16876,1646.1118,378.80292,402.11115,1536.2764,757.5807,420.5556,1579.7535,717.8884,350.6189,1540.8186,792.9428,374.68466,1581.4757,752.3329,426.41364,1499.3529,808.1302,467.43463,1566.221,752.5941
IMG_4790 copy 7.png,1487.4928,1580.1832,-111.766426,1508.8842,1569.1974,-181.49593,1508.3546,1559.0299,-181.5568,1507.9371,1547.8658,-181.63452,1506.4814,1597.2435,-194.89104,1503.7777,1608.0997,-194.91849,1500.7709,1619.4966,-194.98201,1486.0251,1523.333,-356.07916,1472.9789,1633.1665,-423.94397,1457.654,1567.5673,-152.98122,1454.0878,1601.5679,-171.42041,1275.9941,1387.4297,-369.17236,1307.9067,1734.1669,-371.62488,1009.4045,1409.2433,-224.33167,1288.6096,1984.0333,-215.54977,803.7328,1419.304,-89.2559,1439.637,1893.575,80.683426,753.7442,1414.6112,-97.68206,1486.2363,1902.9207,101.83797,751.76685,1421.9945,-110.0822,1482.064,1869.6792,82.41234,772.46484,1429.9786,-88.76647,1464.2596,1858.4551,82.59091,876.56,1533.7346,-22.87906,889.2434,1707.0532,22.670345,631.49207,1536.3945,378.6809,664.16876,1646.1118,378.80292,402.11115,1536.2764,757.5807,420.5556,1579.7535,717.8884,350.6189,1540.8186,792.9428,374.68466,1581.4757,752.3329,426.41364,1499.3529,808.1302,467.43463,1566.221,752.5941
IMG_4790 copy 8.png,1487.4928,1580.1832,-111.766426,1508.8842,1569.1974,-181.49593,1508.3546,1559.0299,-181.5568,1507.9371,1547.8658,-181.63452,1506.4814,1597.2435,-194.89104,1503.7777,1608.0997,-194.91849,1500.7709,1619.4966,-194.98201,1486.0251,1523.333,-356.07916,1472.9789,1633.1665,-423.94397,1457.654,1567.5673,-152.98122,1454.0878,1601.5679,-171.42041,1275.9941,1387.4297,-369.17236,1307.9067,1734.1669,-371.62488,1009.4045,1409.2433,-224.33167,1288.6096,1984.0333,-215.54977,803.7328,1419.304,-89.2559,1439.637,1893.575,80.683426,753.7442,1414.6112,-97.68206,1486.2363,1902.9207,101.83797,751.76685,1421.9945,-110.0822,1482.064,1869.6792,82.41234,772.46484,1429.9786,-88.76647,1464.2596,1858.4551,82.59091,876.56,1533.7346,-22.87906,889.2434,1707.0532,22.670345,631.49207,1536.3945,378.6809,664.16876,1646.1118,378.80292,402.11115,1536.2764,757.5807,420.5556,1579.7535,717.8884,350.6189,1540.8186,792.9428,374.68466,1581.4757,752.3329,426.41364,1499.3529,808.1302,467.43463,1566.221,752.5941
IMG_4790 copy 9.png,1487.4928,1580.1832,-111.766426,1508.8842,1569.1974,-181.49593,1508.3546,1559.0299,-181.5568,1507.9371,1547.8658,-181.63452,1506.4814,1597.2435,-194.89104,1503.7777,1608.0997,-194.91849,1500.7709,1619.4966,-194.98201,1486.0251,1523.333,-356.07916,1472.9789,1633.1665,-423.94397,1457.654,1567.5673,-152.98122,1454.0878,1601.5679,-171.42041,1275.9941,1387.4297,-369.17236,1307.9067,1734.1669,-371.62488,1009.4045,1409.2433,-224.33167,1288.6096,1984.0333,-215.54977,803.7328,1419.304,-89.2559,1439.637,1893.575,80.683426,753.7442,1414.6112,-97.68206,1486.2363,1902.9207,101.83797,751.76685,1421.9945,-110.0822,1482.064,1869.6792,82.41234,772.46484,1429.9786,-88.76647,1464.2596,1858.4551,82.59091,876.56,1533.7346,-22.87906,889.2434,1707.0532,22.670345,631.49207,1536.3945,378.6809,664.16876,1646.1118,378.80292,402.11115,1536.2764,757.5807,420.5556,1579.7535,717.8884,350.6189,1540.8186,792.9428,374.68466,1581.4757,752.3329,426.41364,1499.3529,808.1302,467.43463,1566.221,752.5941
IMG_4790 copy.png,1487.4928,1580.1832,-111.766426,1508.8842,1569.1974,-181.49593,1508.3546,1559.0299,-181.5568,1507.9371,1547.8658,-181.63452,1506.4814,1597.2435,-194.89104,1503.7777,1608.0997,-194.91849,1500.7709,1619.4966,-194.98201,1486.0251,1523.333,-356.07916,1472.9789,1633.1665,-423.94397,1457.654,1567.5673,-152.98122,1454.0878,1601.5679,-171.42041,1275.9941,1387.4297,-369.17236,1307.9067,1734.1669,-371.62488,1009.4045,1409.2433,-224.33167,1288.6096,1984.0333,-215.54977,803.7328,1419.304,-89.2559,1439.637,1893.575,80.683426,753.7442,1414.6112,-97.68206,1486.2363,1902.9207,101.83797,751.76685,1421.9945,-110.0822,1482.064,1869.6792,82.41234,772.46484,1429.9786,-88.76647,1464.2596,1858.4551,82.59091,876.56,1533.7346,-22.87906,889.2434,1707.0532,22.670345,631.49207,1536.3945,378.6809,664.16876,1646.1118,378.80292,402.11115,1536.2764,757.5807,420.5556,1579.7535,717.8884,350.6189,1540.8186,792.9428,374.68466,1581.4757,752.3329,426.41364,1499.3529,808.1302,467.43463,1566.221,752.5941
IMG_4790.png,1487.4928,1580.1832,-111.766426,1508.8842,1569.1974,-181.49593,1508.3546,1559.0299,-181.5568,1507.9371,1547.8658,-181.63452,1506.4814,1597.2435,-194.89104,1503.7777,1608.0997,-194.91849,1500.7709,1619.4966,-194.98201,1486.0251,1523.333,-356.07916,1472.9789,1633.1665,-423.94397,1457.654,1567.5673,-152.98122,1454.0878,1601.5679,-171.42041,1275.9941,1387.4297,-369.17236,1307.9067,1734.1669,-371.62488,1009.4045,1409.2433,-224.33167,1288.6096,1984.0333,-215.54977,803.7328,1419.304,-89.2559,1439.637,1893.575,80.683426,753.7442,1414.6112,-97.68206,1486.2363,1902.9207,101.83797,751.76685,1421.9945,-110.0822,1482.064,1869.6792,82.41234,772.46484,1429.9786,-88.76647,1464.2596,1858.4551,82.59091,876.56,1533.7346,-22.87906,889.2434,1707.0532,22.670345,631.49207,1536.3945,378.6809,664.16876,1646.1118,378.80292,402.11115,1536.2764,757.5807,420.5556,1579.7535,717.8884,350.6189,1540.8186,792.9428,374.68466,1581.4757,752.3329,426.41364,1499.3529,808.1302,467.43463,1566.221,752.5941
IMG_4791 copy 10.png,1415.2963,1391.1187,952.2339,1434.3363,1382.3678,891.6269,1433.6013,1377.3116,891.57733,1432.5342,1371.5623,891.62634,1443.6881,1399.2513,917.0641,1449.1748,1406.3365,917.1338,1454.6189,1413.3988,916.7019,1434.8839,1372.927,598.9417,1462.1428,1434.8594,703.5301,1401.7584,1391.0894,850.05725,1412.6349,1412.3745,880.22107,1318.2644,1334.2518,278.81726,1447.6543,1575.9452,525.0139,1144.4546,1441.816,225.75511,1423.1904,1762.4512,519.194,947.4086,1538.33,464.19745,1295.9286,1670.8574,613.4988,886.50073,1561.2759,493.78583,1273.4226,1653.0479,649.70245,886.77826,1571.5671,515.91364,1276.1222,1637.1923,639.5853,909.7193,1569.1073,481.8041,1276.5157,1646.4562,609.5168,1051.0667,1596.2006,-74.0591,1127.5156,1730.4749,72.82419,707.91125,1731.3538,-105.1091,759.3008,1829.436,-49.230656,390.13333,1883.1793,-344.10394,415.13187,1918.1635,-289.00067,350.94897,1928.1125,-374.15912,369.7202,1958.2714,-318.85492,239.08041,1846.5455,-449.9369,330.58102,1924.5411,-445.00937
IMG_4791 copy 11.png,1415.2963,1391.1187,952.2339,1434.3363,1382.3678,891.6269,1433.6013,1377.3116,891.57733,1432.5342,1371.5623,891.62634,1443.6881,1399.2513,917.0641,1449.1748,1406.3365,917.1338,1454.6189,1413.3988,916.7019,1434.8839,1372.927,598.9417,1462.1428,1434.8594,703.5301,1401.7584,1391.0894,850.05725,1412.6349,1412.3745,880.22107,1318.2644,1334.2518,278.81726,1447.6543,1575.9452,525.0139,1144.4546,1441.816,225.75511,1423.1904,1762.4512,519.194,947.4086,1538.33,464.19745,1295.9286,1670.8574,613.4988,886.50073,1561.2759,493.78583,1273.4226,1653.0479,649.70245,886.77826,1571.5671,515.91364,1276.1222,1637.1923,639.5853,909.7193,1569.1073,481.8041,1276.5157,1646.4562,609.5168,1051.0667,1596.2006,-74.0591,1127.5156,1730.4749,72.82419,707.91125,1731.3538,-105.1091,759.3008,1829.436,-49.230656,390.13333,1883.1793,-344.10394,415.13187,1918.1635,-289.00067,350.94897,1928.1125,-374.15912,369.7202,1958.2714,-318.85492,239.08041,1846.5455,-449.9369,330.58102,1924.5411,-445.00937
IMG_4791 copy 12.png,1415.2963,1391.1187,952.2339,1434.3363,1382.3678,891.6269,1433.6013,1377.3116,891.57733,1432.5342,1371.5623,891.62634,1443.6881,1399.2513,917.0641,1449.1748,1406.3365,917.1338,1454.6189,1413.3988,916.7019,1434.8839,1372.927,598.9417,1462.1428,1434.8594,703.5301,1401.7584,1391.0894,850.05725,1412.6349,1412.3745,880.22107,1318.2644,1334.2518,278.81726,1447.6543,1575.9452,525.0139,1144.4546,1441.816,225.75511,1423.1904,1762.4512,519.194,947.4086,1538.33,464.19745,1295.9286,1670.8574,613.4988,886.50073,1561.2759,493.78583,1273.4226,1653.0479,649.70245,886.77826,1571.5671,515.91364,1276.1222,1637.1923,639.5853,909.7193,1569.1073,481.8041,1276.5157,1646.4562,609.5168,1051.0667,1596.2006,-74.0591,1127.5156,1730.4749,72.82419,707.91125,1731.3538,-105.1091,759.3008,1829.436,-49.230656,390.13333,1883.1793,-344.10394,415.13187,1918.1635,-289.00067,350.94897,1928.1125,-374.15912,369.7202,1958.2714,-318.85492,239.08041,1846.5455,-449.9369,330.58102,1924.5411,-445.00937
IMG_4791 copy 2.png,1415.2963,1391.1187,952.2339,1434.3363,1382.3678,891.6269,1433.6013,1377.3116,891.57733,1432.5342,1371.5623,891.62634,1443.6881,1399.2513,917.0641,1449.1748,1406.3365,917.1338,1454.6189,1413.3988,916.7019,1434.8839,1372.927,598.9417,1462.1428,1434.8594,703.5301,1401.7584,1391.0894,850.05725,1412.6349,1412.3745,880.22107,1318.2644,1334.2518,278.81726,1447.6543,1575.9452,525.0139,1144.4546,1441.816,225.75511,1423.1904,1762.4512,519.194,947.4086,1538.33,464.19745,1295.9286,1670.8574,613.4988,886.50073,1561.2759,493.78583,1273.4226,1653.0479,649.70245,886.77826,1571.5671,515.91364,1276.1222,1637.1923,639.5853,909.7193,1569.1073,481.8041,1276.5157,1646.4562,609.5168,1051.0667,1596.2006,-74.0591,1127.5156,1730.4749,72.82419,707.91125,1731.3538,-105.1091,759.3008,1829.436,-49.230656,390.13333,1883.1793,-344.10394,415.13187,1918.1635,-289.00067,350.94897,1928.1125,-374.15912,369.7202,1958.2714,-318.85492,239.08041,1846.5455,-449.9369,330.58102,1924.5411,-445.00937
IMG_4791 copy 3.png,1415.2963,1391.1187,952.2339,1434.3363,1382.3678,891.6269,1433.6013,1377.3116,891.57733,1432.5342,1371.5623,891.62634,1443.6881,1399.2513,917.0641,1449.1748,1406.3365,917.1338,1454.6189,1413.3988,916.7019,1434.8839,1372.927,598.9417,1462.1428,1434.8594,703.5301,1401.7584,1391.0894,850.05725,1412.6349,1412.3745,880.22107,1318.2644,1334.2518,278.81726,1447.6543,1575.9452,525.0139,1144.4546,1441.816,225.75511,1423.1904,1762.4512,519.194,947.4086,1538.33,464.19745,1295.9286,1670.8574,613.4988,886.50073,1561.2759,493.78583,1273.4226,1653.0479,649.70245,886.77826,1571.5671,515.91364,1276.1222,1637.1923,639.5853,909.7193,1569.1073,481.8041,1276.5157,1646.4562,609.5168,1051.0667,1596.2006,-74.0591,1127.5156,1730.4749,72.82419,707.91125,1731.3538,-105.1091,759.3008,1829.436,-49.230656,390.13333,1883.1793,-344.10394,415.13187,1918.1635,-289.00067,350.94897,1928.1125,-374.15912,369.7202,1958.2714,-318.85492,239.08041,1846.5455,-449.9369,330.58102,1924.5411,-445.00937
IMG_4791 copy 4.png,1415.2963,1391.1187,952.2339,1434.3363,1382.3678,891.6269,1433.6013,1377.3116,891.57733,1432.5342,1371.5623,891.62634,1443.6881,1399.2513,917.0641,1449.1748,1406.3365,917.1338,1454.6189,1413.3988,916.7019,1434.8839,1372.927,598.9417,1462.1428,1434.8594,703.5301,1401.7584,1391.0894,850.05725,1412.6349,1412.3745,880.22107,1318.2644,1334.2518,278.81726,1447.6543,1575.9452,525.0139,1144.4546,1441.816,225.75511,1423.1904,1762.4512,519.194,947.4086,1538.33,464.19745,1295.9286,1670.8574,613.4988,886.50073,1561.2759,493.78583,1273.4226,1653.0479,649.70245,886.77826,1571.5671,515.91364,1276.1222,1637.1923,639.5853,909.7193,1569.1073,481.8041,1276.5157,1646.4562,609.5168,1051.0667,1596.2006,-74.0591,1127.5156,1730.4749,72.82419,707.91125,1731.3538,-105.1091,759.3008,1829.436,-49.230656,390.13333,1883.1793,-344.10394,415.13187,1918.1635,-289.00067,350.94897,1928.1125,-374.15912,369.7202,1958.2714,-318.85492,239.08041,1846.5455,-449.9369,330.58102,1924.5411,-445.00937
IMG_4791 copy 5.png,1415.2963,1391.1187,952.2339,1434.3363,1382.3678,891.6269,1433.6013,1377.3116,891.57733,1432.5342,1371.5623,891.62634,1443.6881,1399.2513,917.0641,1449.1748,1406.3365,917.1338,1454.6189,1413.3988,916.7019,1434.8839,1372.927,598.9417,1462.1428,1434.8594,703.5301,1401.7584,1391.0894,850.05725,1412.6349,1412.3745,880.22107,1318.2644,1334.2518,278.81726,1447.6543,1575.9452,525.0139,1144.4546,1441.816,225.75511,1423.1904,1762.4512,519.194,947.4086,1538.33,464.19745,1295.9286,1670.8574,613.4988,886.50073,1561.2759,493.78583,1273.4226,1653.0479,649.70245,886.77826,1571.5671,515.91364,1276.1222,1637.1923,639.5853,909.7193,1569.1073,481.8041,1276.5157,1646.4562,609.5168,1051.0667,1596.2006,-74.0591,1127.5156,1730.4749,72.82419,707.91125,1731.3538,-105.1091,759.3008,1829.436,-49.230656,390.13333,1883.1793,-344.10394,415.13187,1918.1635,-289.00067,350.94897,1928.1125,-374.15912,369.7202,1958.2714,-318.85492,239.08041,1846.5455,-449.9369,330.58102,1924.5411,-445.00937
IMG_4791 copy 6.png,1415.2963,1391.1187,952.2339,1434.3363,1382.3678,891.6269,1433.6013,1377.3116,891.57733,1432.5342,1371.5623,891.62634,1443.6881,1399.2513,917.0641,1449.1748,1406.3365,917.1338,1454.6189,1413.3988,916.7019,1434.8839,1372.927,598.9417,1462.1428,1434.8594,703.5301,1401.7584,1391.0894,850.05725,1412.6349,1412.3745,880.22107,1318.2644,1334.2518,278.81726,1447.6543,1575.9452,525.0139,1144.4546,1441.816,225.75511,1423.1904,1762.4512,519.194,947.4086,1538.33,464.19745,1295.9286,1670.8574,613.4988,886.50073,1561.2759,493.78583,1273.4226,1653.0479,649.70245,886.77826,1571.5671,515.91364,1276.1222,1637.1923,639.5853,909.7193,1569.1073,481.8041,1276.5157,1646.4562,609.5168,1051.0667,1596.2006,-74.0591,1127.5156,1730.4749,72.82419,707.91125,1731.3538,-105.1091,759.3008,1829.436,-49.230656,390.13333,1883.1793,-344.10394,415.13187,1918.1635,-289.00067,350.94897,1928.1125,-374.15912,369.7202,1958.2714,-318.85492,239.08041,1846.5455,-449.9369,330.58102,1924.5411,-445.00937
IMG_4791 copy 7.png,1415.2963,1391.1187,952.2339,1434.3363,1382.3678,891.6269,1433.6013,1377.3116,891.57733,1432.5342,1371.5623,891.62634,1443.6881,1399.2513,917.0641,1449.1748,1406.3365,917.1338,1454.6189,1413.3988,916.7019,1434.8839,1372.927,598.9417,1462.1428,1434.8594,703.5301,1401.7584,1391.0894,850.05725,1412.6349,1412.3745,880.22107,1318.2644,1334.2518,278.81726,1447.6543,1575.9452,525.0139,1144.4546,1441.816,225.75511,1423.1904,1762.4512,519.194,947.4086,1538.33,464.19745,1295.9286,1670.8574,613.4988,886.50073,1561.2759,493.78583,1273.4226,1653.0479,649.70245,886.77826,1571.5671,515.91364,1276.1222,1637.1923,639.5853,909.7193,1569.1073,481.8041,1276.5157,1646.4562,609.5168,1051.0667,1596.2006,-74.0591,1127.5156,1730.4749,72.82419,707.91125,1731.3538,-105.1091,759.3008,1829.436,-49.230656,390.13333,1883.1793,-344.10394,415.13187,1918.1635,-289.00067,350.94897,1928.1125,-374.15912,369.7202,1958.2714,-318.85492,239.08041,1846.5455,-449.9369,330.58102,1924.5411,-445.00937
IMG_4791 copy 8.png,1415.2963,1391.1187,952.2339,1434.3363,1382.3678,891.6269,1433.6013,1377.3116,891.57733,1432.5342,1371.5623,891.62634,1443.6881,1399.2513,917.0641,1449.1748,1406.3365,917.1338,1454.6189,1413.3988,916.7019,1434.8839,1372.927,598.9417,1462.1428,1434.8594,703.5301,1401.7584,1391.0894,850.05725,1412.6349,1412.3745,880.22107,1318.2644,1334.2518,278.81726,1447.6543,1575.9452,525.0139,1144.4546,1441.816,225.75511,1423.1904,1762.4512,519.194,947.4086,1538.33,464.19745,1295.9286,1670.8574,613.4988,886.50073,1561.2759,493.78583,1273.4226,1653.0479,649.70245,886.77826,1571.5671,515.91364,1276.1222,1637.1923,639.5853,909.7193,1569.1073,481.8041,1276.5157,1646.4562,609.5168,1051.0667,1596.2006,-74.0591,1127.5156,1730.4749,72.82419,707.91125,1731.3538,-105.1091,759.3008,1829.436,-49.230656,390.13333,1883.1793,-344.10394,415.13187,1918.1635,-289.00067,350.94897,1928.1125,-374.15912,369.7202,1958.2714,-318.85492,239.08041,1846.5455,-449.9369,330.58102,1924.5411,-445.00937
IMG_4791 copy 9.png,1415.2963,1391.1187,952.2339,1434.3363,1382.3678,891.6269,1433.6013,1377.3116,891.57733,1432.5342,1371.5623,891.62634,1443.6881,1399.2513,917.0641,1449.1748,1406.3365,917.1338,1454.6189,1413.3988,916.7019,1434.8839,1372.927,598.9417,1462.1428,1434.8594,703.5301,1401.7584,1391.0894,850.05725,1412.6349,1412.3745,880.22107,1318.2644,1334.2518,278.81726,1447.6543,1575.9452,525.0139,1144.4546,1441.816,225.75511,1423.1904,1762.4512,519.194,947.4086,1538.33,464.19745,1295.9286,1670.8574,613.4988,886.50073,1561.2759,493.78583,1273.4226,1653.0479,649.70245,886.77826,1571.5671,515.91364,1276.1222,1637.1923,639.5853,909.7193,1569.1073,481.8041,1276.5157,1646.4562,609.5168,1051.0667,1596.2006,-74.0591,1127.5156,1730.4749,72.82419,707.91125,1731.3538,-105.1091,759.3008,1829.436,-49.230656,390.13333,1883.1793,-344.10394,415.13187,1918.1635,-289.00067,350.94897,1928.1125,-374.15912,369.7202,1958.2714,-318.85492,239.08041,1846.5455,-449.9369,330.58102,1924.5411,-445.00937
IMG_4791 copy.png,1415.2963,1391.1187,952.2339,1434.3363,1382.3678,891.6269,1433.6013,1377.3116,891.57733,1432.5342,1371.5623,891.62634,1443.6881,1399.2513,917.0641,1449.1748,1406.3365,917.1338,1454.6189,1413.3988,916.7019,1434.8839,1372.927,598.9417,1462.1428,1434.8594,703.5301,1401.7584,1391.0894,850.05725,1412.6349,1412.3745,880.22107,1318.2644,1334.2518,278.81726,1447.6543,1575.9452,525.0139,1144.4546,1441.816,225.75511,1423.1904,1762.4512,519.194,947.4086,1538.33,464.19745,1295.9286,1670.8574,613.4988,886.50073,1561.2759,493.78583,1273.4226,1653.0479,649.70245,886.77826,1571.5671,515.91364,1276.1222,1637.1923,639.5853,909.7193,1569.1073,481.8041,1276.5157,1646.4562,609.5168,1051.0667,1596.2006,-74.0591,1127.5156,1730.4749,72.82419,707.91125,1731.3538,-105.1091,759.3008,1829.436,-49.230656,390.13333,1883.1793,-344.10394,415.13187,1918.1635,-289.00067,350.94897,1928.1125,-374.15912,369.7202,1958.2714,-318.85492,239.08041,1846.5455,-449.9369,330.58102,1924.5411,-445.00937
IMG_4791.png,1415.2963,1391.1187,952.2339,1434.3363,1382.3678,891.6269,1433.6013,1377.3116,891.57733,1432.5342,1371.5623,891.62634,1443.6881,1399.2513,917.0641,1449.1748,1406.3365,917.1338,1454.6189,1413.3988,916.7019,1434.8839,1372.927,598.9417,1462.1428,1434.8594,703.5301,1401.7584,1391.0894,850.05725,1412.6349,1412.3745,880.22107,1318.2644,1334.2518,278.81726,1447.6543,1575.9452,525.0139,1144.4546,1441.816,225.75511,1423.1904,1762.4512,519.194,947.4086,1538.33,464.19745,1295.9286,1670.8574,613.4988,886.50073,1561.2759,493.78583,1273.4226,1653.0479,649.70245,886.77826,1571.5671,515.91364,1276.1222,1637.1923,639.5853,909.7193,1569.1073,481.8041,1276.5157,1646.4562,609.5168,1051.0667,1596.2006,-74.0591,1127.5156,1730.4749,72.82419,707.91125,1731.3538,-105.1091,759.3008,1829.436,-49.230656,390.13333,1883.1793,-344.10394,415.13187,1918.1635,-289.00067,350.94897,1928.1125,-374.15912,369.7202,1958.2714,-318.85492,239.08041,1846.5455,-449.9369,330.58102,1924.5411,-445.00937
IMG_4793.JPG,1204.4491,1147.8254,1695.2073,1203.5889,1132.951,1654.1481,1197.2108,1129.0505,1654.0789,1190.2744,1124.6498,1654.2267,1224.0822,1145.0125,1693.7025,1232.15,1149.9396,1693.8018,1240.9966,1154.833,1693.5331,1185.4053,1123.3833,1341.7773,1261.2009,1170.1664,1515.3745,1192.9894,1151.3232,1570.1088,1217.6158,1169.2306,1620.1346,1128.3333,1094.1455,814.2895,1283.0972,1295.4713,1329.2139,1019.41156,1256.376,660.11395,1273.4066,1544.9678,1166.0367,874.9743,1406.5862,749.54095,1085.5682,1549.6019,1031.7219,836.7699,1444.3633,707.7671,1041.3108,1577.8207,1038.9835,838.3202,1446.6276,760.1218,1030.12,1559.4258,1011.7579,850.45514,1437.8418,773.533,1042.5232,1543.5011,1016.7454,1010.8376,1433.31,-211.24402,1117.9644,1543.1813,210.13507,708.09045,1652.7883,-460.60507,783.3902,1756.7515,-17.350056,413.9867,1940.0408,-925.11566,451.44452,1984.4375,-508.3196,404.7739,2010.5303,-989.26495,426.14978,2060.5515,-580.7766,188.81837,1953.9563,-1173.4233,332.57535,2005.3127,-802.0118
IMG_4809.JPG,403.21396,1186.9188,182.10263,398.145,1134.8304,167.98956,407.42816,1121.4816,167.54498,417.34656,1106.8607,167.27592,384.57556,1157.7139,255.51761,383.20816,1161.0848,255.46817,382.25616,1164.0568,255.35962,471.5651,1069.6376,193.69817,427.0411,1138.1433,586.6722,456.16785,1188.9144,196.23892,439.45496,1212.7981,309.86707,663.7293,1090.5795,-21.81347,595.9337,1336.5045,832.35443,878.6639,1243.4076,-298.9124,664.5767,1578.9385,621.21423,1081.744,1466.432,-483.42084,446.07147,1646.1946,-130.36633,1161.0376,1539.4803,-548.3975,389.3263,1683.0588,-263.86163,1116.8009,1571.119,-630.17737,379.7534,1666.9004,-301.33472,1089.2048,1559.7832,-505.14694,397.67334,1652.8859,-180.7279,1046.1246,1496.0529,-252.35352,952.1033,1657.3894,252.4759,1241.3293,1786.602,-964.9939,1191.5511,1898.1957,-403.00632,1670.9326,2102.5447,-1330.1854,1646.308,2169.6406,-829.86743,1797.3282,2150.5483,-1376.1448,1771.3878,2206.1262,-888.6014,1649.7476,2335.888,-1730.2059,1535.7643,2388.3193,-1171.9618
IMG_4814.JPG,1578.4385,1261.2784,612.12415,1603.3229,1234.6113,494.2624,1598.2229,1223.078,494.02386,1592.6272,1212.0469,493.81015,1616.6666,1272.7252,506.13718,1620.5593,1287.2979,506.1255,1624.037,1302.5242,505.73538,1564.4242,1212.6956,79.91373,1611.0851,1341.3728,128.65515,1541.5645,1255.823,489.1907,1555.8358,1295.2688,504.3668,1342.3441,1154.9132,-153.15494,1492.3994,1561.1345,61.155945,999.2953,1230.5978,-113.42469,1439.1079,1811.8008,415.19662,721.76117,1284.1346,219.10898,1464.3107,1731.4493,1151.9698,645.7499,1292.1311,270.6233,1492.6942,1715.5641,1270.1738,648.3625,1303.8856,280.55032,1497.4102,1683.6084,1274.5184,673.7359,1311.1874,237.61076,1473.7664,1686.8232,1170.3911,838.8985,1423.4921,-53.915977,917.52716,1646.3967,52.118633,509.0279,1480.4059,649.4021,558.2145,1641.751,642.8505,205.47537,1555.8002,924.4791,232.94907,1626.4996,889.05273,151.81915,1587.6553,953.50116,168.31035,1650.9569,918.3282,154.51755,1472.8888,982.74176,179.89397,1594.9889,916.61475
IMG_5283.JPG,1021.87164,628.1052,-791.1208,976.33655,579.63275,-745.3123,981.9249,560.6287,-745.15826,988.5859,539.2974,-744.9748,961.793,628.66,-735.2321,956.78186,644.0086,-735.4443,952.1719,658.5793,-735.56366,1029.2415,495.8601,-346.40118,971.6381,660.5559,-333.10828,1081.468,602.427,-636.6087,1061.1661,668.2938,-632.3617,1337.9552,388.1175,-128.15688,1230.2478,868.80084,-178.36008,1721.1116,395.19717,-41.80111,1354.8931,1086.3334,-790.0256,2059.8013,433.31393,-277.8217,1302.55,1199.7303,-1914.5939,2172.946,446.4814,-314.81506,1242.6355,1240.3595,-2100.4668,2154.096,479.12088,-424.43774,1244.389,1225.3031,-2097.6482,2118.6057,488.34933,-317.1252,1267.4736,1208.343,-1946.7235,2024.5815,602.2979,38.233932,1996.6478,866.0779,-39.071693,2410.8445,712.24133,95.64941,2421.5337,857.0743,-109.39049,2925.0813,777.53796,506.1404,2891.0764,846.01544,339.13034,2982.328,799.01074,524.7106,2940.139,854.71106,369.06128,3097.7444,793.18317,116.37553,3027.9272,859.45905,-36.27865
IMG_5284.JPG,947.42957,587.2498,-534.6211,906.61285,545.34235,-486.98465,910.6255,527.47217,-487.03406,915.9325,509.14813,-487.04858,897.5232,599.3988,-479.89716,895.24365,616.5853,-480.01706,894.05273,632.5614,-480.1106,959.0048,474.72034,-139.34608,918.75507,648.3027,-123.25977,1005.2656,565.3758,-402.273,993.7837,627.1615,-397.81378,1270.401,390.56778,14.4152155,1169.9585,834.4183,-4.9818306,1661.0795,401.17575,38.645996,1306.2175,1075.0347,-513.47833,2007.205,451.06168,-257.77435,1184.8192,1164.7263,-1476.5757,2113.3542,466.13516,-325.72546,1102.4315,1219.9662,-1646.5441,2100.991,509.73468,-432.25073,1112.0776,1199.3918,-1680.6416,2062.2666,518.2967,-296.14572,1145.8479,1174.8727,-1516.7231,1914.3894,610.1595,34.38367,1882.3588,861.40594,-35.080055,2376.075,729.2379,-37.580154,2368.339,868.1152,-150.97702,2887.905,807.5165,190.63994,2918.2458,888.1756,43.707436,2935.3926,826.79913,186.25668,2981.4639,897.1762,43.16605,3098.1892,807.91364,-260.4932,3107.1362,887.01135,-397.04636
IMG_5285 copy 10.png,648.8851,777.471,-348.0961,616.10254,729.9406,-297.59933,620.6813,711.8924,-297.803,626.3279,695.0467,-297.9535,610.66156,773.1871,-279.60083,610.27057,784.69586,-279.63956,609.9579,794.8708,-279.9077,677.4018,662.4936,5.105566,647.1672,790.1733,83.62723,704.725,755.62756,-233.67075,696.022,808.3274,-210.99904,951.2616,535.5128,145.46791,902.846,973.73083,163.61288,1340.148,515.2787,127.88271,1057.1165,1201.0159,-264.7535,1708.8207,564.4588,-164.38373,837.96875,1293.6288,-1125.4122,1818.8593,584.3324,-227.98355,756.70087,1311.9747,-1293.106,1801.3274,645.5064,-329.81946,747.2117,1289.5253,-1320.7463,1766.597,652.3406,-202.43755,776.2778,1278.4462,-1164.043,1611.7834,752.11975,4.0718107,1567.5762,1002.86456,-4.7530622,2128.7263,910.76404,-236.94719,2081.7727,1042.1166,-349.5406,2732.9692,1024.4473,-191.17537,2716.6914,1089.3118,-293.7295,2787.8967,1054.4144,-215.22853,2780.901,1116.6403,-301.99713,2952.2922,1073.0011,-758.0634,2923.0823,1119.0052,-786.55505
IMG_5285 copy 2.png,648.8851,777.471,-348.0961,616.10254,729.9406,-297.59933,620.6813,711.8924,-297.803,626.3279,695.0467,-297.9535,610.66156,773.1871,-279.60083,610.27057,784.69586,-279.63956,609.9579,794.8708,-279.9077,677.4018,662.4936,5.105566,647.1672,790.1733,83.62723,704.725,755.62756,-233.67075,696.022,808.3274,-210.99904,951.2616,535.5128,145.46791,902.846,973.73083,163.61288,1340.148,515.2787,127.88271,1057.1165,1201.0159,-264.7535,1708.8207,564.4588,-164.38373,837.96875,1293.6288,-1125.4122,1818.8593,584.3324,-227.98355,756.70087,1311.9747,-1293.106,1801.3274,645.5064,-329.81946,747.2117,1289.5253,-1320.7463,1766.597,652.3406,-202.43755,776.2778,1278.4462,-1164.043,1611.7834,752.11975,4.0718107,1567.5762,1002.86456,-4.7530622,2128.7263,910.76404,-236.94719,2081.7727,1042.1166,-349.5406,2732.9692,1024.4473,-191.17537,2716.6914,1089.3118,-293.7295,2787.8967,1054.4144,-215.22853,2780.901,1116.6403,-301.99713,2952.2922,1073.0011,-758.0634,2923.0823,1119.0052,-786.55505
IMG_5285 copy 3.png,648.8851,777.471,-348.0961,616.10254,729.9406,-297.59933,620.6813,711.8924,-297.803,626.3279,695.0467,-297.9535,610.66156,773.1871,-279.60083,610.27057,784.69586,-279.63956,609.9579,794.8708,-279.9077,677.4018,662.4936,5.105566,647.1672,790.1733,83.62723,704.725,755.62756,-233.67075,696.022,808.3274,-210.99904,951.2616,535.5128,145.46791,902.846,973.73083,163.61288,1340.148,515.2787,127.88271,1057.1165,1201.0159,-264.7535,1708.8207,564.4588,-164.38373,837.96875,1293.6288,-1125.4122,1818.8593,584.3324,-227.98355,756.70087,1311.9747,-1293.106,1801.3274,645.5064,-329.81946,747.2117,1289.5253,-1320.7463,1766.597,652.3406,-202.43755,776.2778,1278.4462,-1164.043,1611.7834,752.11975,4.0718107,1567.5762,1002.86456,-4.7530622,2128.7263,910.76404,-236.94719,2081.7727,1042.1166,-349.5406,2732.9692,1024.4473,-191.17537,2716.6914,1089.3118,-293.7295,2787.8967,1054.4144,-215.22853,2780.901,1116.6403,-301.99713,2952.2922,1073.0011,-758.0634,2923.0823,1119.0052,-786.55505
IMG_5285 copy 4.png,648.8851,777.471,-348.0961,616.10254,729.9406,-297.59933,620.6813,711.8924,-297.803,626.3279,695.0467,-297.9535,610.66156,773.1871,-279.60083,610.27057,784.69586,-279.63956,609.9579,794.8708,-279.9077,677.4018,662.4936,5.105566,647.1672,790.1733,83.62723,704.725,755.62756,-233.67075,696.022,808.3274,-210.99904,951.2616,535.5128,145.46791,902.846,973.73083,163.61288,1340.148,515.2787,127.88271,1057.1165,1201.0159,-264.7535,1708.8207,564.4588,-164.38373,837.96875,1293.6288,-1125.4122,1818.8593,584.3324,-227.98355,756.70087,1311.9747,-1293.106,1801.3274,645.5064,-329.81946,747.2117,1289.5253,-1320.7463,1766.597,652.3406,-202.43755,776.2778,1278.4462,-1164.043,1611.7834,752.11975,4.0718107,1567.5762,1002.86456,-4.7530622,2128.7263,910.76404,-236.94719,2081.7727,1042.1166,-349.5406,2732.9692,1024.4473,-191.17537,2716.6914,1089.3118,-293.7295,2787.8967,1054.4144,-215.22853,2780.901,1116.6403,-301.99713,2952.2922,1073.0011,-758.0634,2923.0823,1119.0052,-786.55505
IMG_5285 copy 5.png,648.8851,777.471,-348.0961,616.10254,729.9406,-297.59933,620.6813,711.8924,-297.803,626.3279,695.0467,-297.9535,610.66156,773.1871,-279.60083,610.27057,784.69586,-279.63956,609.9579,794.8708,-279.9077,677.4018,662.4936,5.105566,647.1672,790.1733,83.62723,704.725,755.62756,-233.67075,696.022,808.3274,-210.99904,951.2616,535.5128,145.46791,902.846,973.73083,163.61288,1340.148,515.2787,127.88271,1057.1165,1201.0159,-264.7535,1708.8207,564.4588,-164.38373,837.96875,1293.6288,-1125.4122,1818.8593,584.3324,-227.98355,756.70087,1311.9747,-1293.106,1801.3274,645.5064,-329.81946,747.2117,1289.5253,-1320.7463,1766.597,652.3406,-202.43755,776.2778,1278.4462,-1164.043,1611.7834,752.11975,4.0718107,1567.5762,1002.86456,-4.7530622,2128.7263,910.76404,-236.94719,2081.7727,1042.1166,-349.5406,2732.9692,1024.4473,-191.17537,2716.6914,1089.3118,-293.7295,2787.8967,1054.4144,-215.22853,2780.901,1116.6403,-301.99713,2952.2922,1073.0011,-758.0634,2923.0823,1119.0052,-786.55505
IMG_5285 copy 6.png,648.8851,777.471,-348.0961,616.10254,729.9406,-297.59933,620.6813,711.8924,-297.803,626.3279,695.0467,-297.9535,610.66156,773.1871,-279.60083,610.27057,784.69586,-279.63956,609.9579,794.8708,-279.9077,677.4018,662.4936,5.105566,647.1672,790.1733,83.62723,704.725,755.62756,-233.67075,696.022,808.3274,-210.99904,951.2616,535.5128,145.46791,902.846,973.73083,163.61288,1340.148,515.2787,127.88271,1057.1165,1201.0159,-264.7535,1708.8207,564.4588,-164.38373,837.96875,1293.6288,-1125.4122,1818.8593,584.3324,-227.98355,756.70087,1311.9747,-1293.106,1801.3274,645.5064,-329.81946,747.2117,1289.5253,-1320.7463,1766.597,652.3406,-202.43755,776.2778,1278.4462,-1164.043,1611.7834,752.11975,4.0718107,1567.5762,1002.86456,-4.7530622,2128.7263,910.76404,-236.94719,2081.7727,1042.1166,-349.5406,2732.9692,1024.4473,-191.17537,2716.6914,1089.3118,-293.7295,2787.8967,1054.4144,-215.22853,2780.901,1116.6403,-301.99713,2952.2922,1073.0011,-758.0634,2923.0823,1119.0052,-786.55505
IMG_5285 copy 7.png,648.8851,777.471,-348.0961,616.10254,729.9406,-297.59933,620.6813,711.8924,-297.803,626.3279,695.0467,-297.9535,610.66156,773.1871,-279.60083,610.27057,784.69586,-279.63956,609.9579,794.8708,-279.9077,677.4018,662.4936,5.105566,647.1672,790.1733,83.62723,704.725,755.62756,-233.67075,696.022,808.3274,-210.99904,951.2616,535.5128,145.46791,902.846,973.73083,163.61288,1340.148,515.2787,127.88271,1057.1165,1201.0159,-264.7535,1708.8207,564.4588,-164.38373,837.96875,1293.6288,-1125.4122,1818.8593,584.3324,-227.98355,756.70087,1311.9747,-1293.106,1801.3274,645.5064,-329.81946,747.2117,1289.5253,-1320.7463,1766.597,652.3406,-202.43755,776.2778,1278.4462,-1164.043,1611.7834,752.11975,4.0718107,1567.5762,1002.86456,-4.7530622,2128.7263,910.76404,-236.94719,2081.7727,1042.1166,-349.5406,2732.9692,1024.4473,-191.17537,2716.6914,1089.3118,-293.7295,2787.8967,1054.4144,-215.22853,2780.901,1116.6403,-301.99713,2952.2922,1073.0011,-758.0634,2923.0823,1119.0052,-786.55505
IMG_5285 copy 8.png,648.8851,777.471,-348.0961,616.10254,729.9406,-297.59933,620.6813,711.8924,-297.803,626.3279,695.0467,-297.9535,610.66156,773.1871,-279.60083,610.27057,784.69586,-279.63956,609.9579,794.8708,-279.9077,677.4018,662.4936,5.105566,647.1672,790.1733,83.62723,704.725,755.62756,-233.67075,696.022,808.3274,-210.99904,951.2616,535.5128,145.46791,902.846,973.73083,163.61288,1340.148,515.2787,127.88271,1057.1165,1201.0159,-264.7535,1708.8207,564.4588,-164.38373,837.96875,1293.6288,-1125.4122,1818.8593,584.3324,-227.98355,756.70087,1311.9747,-1293.106,1801.3274,645.5064,-329.81946,747.2117,1289.5253,-1320.7463,1766.597,652.3406,-202.43755,776.2778,1278.4462,-1164.043,1611.7834,752.11975,4.0718107,1567.5762,1002.86456,-4.7530622,2128.7263,910.76404,-236.94719,2081.7727,1042.1166,-349.5406,2732.9692,1024.4473,-191.17537,2716.6914,1089.3118,-293.7295,2787.8967,1054.4144,-215.22853,2780.901,1116.6403,-301.99713,2952.2922,1073.0011,-758.0634,2923.0823,1119.0052,-786.55505
IMG_5285 copy 9.png,648.8851,777.471,-348.0961,616.10254,729.9406,-297.59933,620.6813,711.8924,-297.803,626.3279,695.0467,-297.9535,610.66156,773.1871,-279.60083,610.27057,784.69586,-279.63956,609.9579,794.8708,-279.9077,677.4018,662.4936,5.105566,647.1672,790.1733,83.62723,704.725,755.62756,-233.67075,696.022,808.3274,-210.99904,951.2616,535.5128,145.46791,902.846,973.73083,163.61288,1340.148,515.2787,127.88271,1057.1165,1201.0159,-264.7535,1708.8207,564.4588,-164.38373,837.96875,1293.6288,-1125.4122,1818.8593,584.3324,-227.98355,756.70087,1311.9747,-1293.106,1801.3274,645.5064,-329.81946,747.2117,1289.5253,-1320.7463,1766.597,652.3406,-202.43755,776.2778,1278.4462,-1164.043,1611.7834,752.11975,4.0718107,1567.5762,1002.86456,-4.7530622,2128.7263,910.76404,-236.94719,2081.7727,1042.1166,-349.5406,2732.9692,1024.4473,-191.17537,2716.6914,1089.3118,-293.7295,2787.8967,1054.4144,-215.22853,2780.901,1116.6403,-301.99713,2952.2922,1073.0011,-758.0634,2923.0823,1119.0052,-786.55505
IMG_5285 copy.png,648.8851,777.471,-348.0961,616.10254,729.9406,-297.59933,620.6813,711.8924,-297.803,626.3279,695.0467,-297.9535,610.66156,773.1871,-279.60083,610.27057,784.69586,-279.63956,609.9579,794.8708,-279.9077,677.4018,662.4936,5.105566,647.1672,790.1733,83.62723,704.725,755.62756,-233.67075,696.022,808.3274,-210.99904,951.2616,535.5128,145.46791,902.846,973.73083,163.61288,1340.148,515.2787,127.88271,1057.1165,1201.0159,-264.7535,1708.8207,564.4588,-164.38373,837.96875,1293.6288,-1125.4122,1818.8593,584.3324,-227.98355,756.70087,1311.9747,-1293.106,1801.3274,645.5064,-329.81946,747.2117,1289.5253,-1320.7463,1766.597,652.3406,-202.43755,776.2778,1278.4462,-1164.043,1611.7834,752.11975,4.0718107,1567.5762,1002.86456,-4.7530622,2128.7263,910.76404,-236.94719,2081.7727,1042.1166,-349.5406,2732.9692,1024.4473,-191.17537,2716.6914,1089.3118,-293.7295,2787.8967,1054.4144,-215.22853,2780.901,1116.6403,-301.99713,2952.2922,1073.0011,-758.0634,2923.0823,1119.0052,-786.55505
IMG_5285.png,648.8851,777.471,-348.0961,616.10254,729.9406,-297.59933,620.6813,711.8924,-297.803,626.3279,695.0467,-297.9535,610.66156,773.1871,-279.60083,610.27057,784.69586,-279.63956,609.9579,794.8708,-279.9077,677.4018,662.4936,5.105566,647.1672,790.1733,83.62723,704.725,755.62756,-233.67075,696.022,808.3274,-210.99904,951.2616,535.5128,145.46791,902.846,973.73083,163.61288,1340.148,515.2787,127.88271,1057.1165,1201.0159,-264.7535,1708.8207,564.4588,-164.38373,837.96875,1293.6288,-1125.4122,1818.8593,584.3324,-227.98355,756.70087,1311.9747,-1293.106,1801.3274,645.5064,-329.81946,747.2117,1289.5253,-1320.7463,1766.597,652.3406,-202.43755,776.2778,1278.4462,-1164.043,1611.7834,752.11975,4.0718107,1567.5762,1002.86456,-4.7530622,2128.7263,910.76404,-236.94719,2081.7727,1042.1166,-349.5406,2732.9692,1024.4473,-191.17537,2716.6914,1089.3118,-293.7295,2787.8967,1054.4144,-215.22853,2780.901,1116.6403,-301.99713,2952.2922,1073.0011,-758.0634,2923.0823,1119.0052,-786.55505
IMG_5286.JPG,1219.9319,584.9049,301.53262,1210.0892,537.0065,389.1683,1219.9436,519.7423,388.8754,1230.0344,502.5553,388.35428,1193.7842,577.9855,411.55527,1192.053,588.91437,411.82816,1191.3768,598.38684,411.52994,1273.4574,476.47714,708.0797,1231.3796,602.8609,808.9638,1275.577,565.2562,401.4316,1256.1948,615.36786,430.74155,1518.7876,386.1968,630.36743,1458.4211,795.7778,833.8602,1869.4736,387.88193,417.6721,1602.2477,1043.5635,496.1174,2210.254,466.4827,-89.50543,1340.1014,1128.0938,-373.1936,2325.1262,481.74814,-189.89104,1273.5117,1143.835,-543.568,2302.0664,528.68085,-295.19635,1269.1932,1124.7722,-576.7292,2267.3591,536.0159,-137.34991,1295.1919,1112.3132,-418.76154,2089.283,611.0261,-49.92182,2016.7266,871.1011,48.83359,2586.9412,804.35913,-364.93774,2615.3184,992.79144,-296.38788,3295.4282,991.55194,-652.78564,3238.6926,1072.1227,-531.6072,3365.3423,1019.09894,-707.4713,3320.6704,1077.7954,-573.6804,3478.119,1099.4811,-1239.5946,3415.413,1153.8792,-1008.1597
IMG_5287.JPG,1369.0511,653.68353,803.9301,1358.13,605.06464,846.3281,1364.2273,588.5776,845.72626,1370.8595,572.76587,844.8066,1352.9271,632.07825,909.21875,1354.2799,635.7423,909.4158,1355.2659,638.70496,909.08215,1424.8484,527.35974,949.87585,1397.1719,612.3451,1227.6285,1413.6111,633.45245,820.43805,1407.9651,668.2208,900.8886,1653.4624,453.58447,625.4524,1629.6727,824.59015,1218.8567,1939.9022,436.74316,277.76337,1777.647,1082.2179,872.1467,2219.371,566.9951,-240.87761,1490.6138,1135.5026,-99.55372,2319.237,594.5298,-320.76556,1402.7391,1146.3568,-258.48242,2294.49,634.0822,-389.7733,1390.4619,1133.8562,-266.4772,2262.6287,636.2416,-264.8752,1418.2075,1122.9014,-138.35094,2131.0696,718.4378,-159.72284,2068.4478,964.54407,159.07973,2560.0767,977.0674,-901.69385,2514.2424,1184.7319,-519.8023,3306.4717,1319.3304,-1511.4729,3276.5732,1375.6257,-1152.9788,3436.508,1369.7764,-1579.6365,3413.6548,1395.3832,-1227.9817,3335.9734,1474.509,-1997.5311,3244.6992,1540.7524,-1609.918
IMG_5288.JPG,1644.6858,617.6848,855.2204,1628.6138,572.8091,867.5627,1632.811,560.51135,867.0602,1637.6018,547.7158,866.34595,1625.5277,593.75397,945.9775,1627.313,596.4491,945.99774,1629.4105,598.6264,945.65314,1682.2421,501.8462,909.8665,1667.487,571.8683,1263.6842,1686.45,604.18646,861.4601,1683.8016,632.5033,964.25903,1829.0687,404.34073,648.0631,1863.6335,767.28784,1275.1086,2033.3607,410.27426,174.38658,2007.7601,1047.2438,936.61224,2244.25,548.86285,-509.9159,1734.3562,1098.3726,23.862156,2313.7988,579.47284,-630.3848,1644.6995,1125.4475,-141.8426,2267.0295,618.3873,-678.9575,1629.1378,1111.4398,-170.57901,2240.7166,618.72345,-533.84326,1654.2667,1097.4869,-21.643785,2232.155,699.8068,-191.12856,2178.9172,935.52606,190.92668,2508.8584,1022.7902,-1032.5156,2495.1992,1187.3909,-617.22125,3072.8396,1417.1984,-1638.3187,3024.79,1489.5691,-1141.4824,3172.068,1434.7134,-1698.2986,3133.8645,1486.456,-1208.6687,3171.6047,1594.7874,-2088.9937,3055.7734,1676.0066,-1607.1875
IMG_5293.JPG,3036.2378,561.10095,1496.4089,3048.3755,534.4512,1406.6212,3041.1006,524.6765,1406.7241,3033.4722,514.2126,1406.7218,3071.4182,564.2956,1429.3329,3078.9326,574.4218,1429.3137,3086.0127,584.48676,1428.8145,3020.2065,510.08838,978.51056,3092.3672,613.2397,1071.5339,3004.8887,560.7407,1349.8823,3031.4565,592.7015,1375.6965,2839.7126,485.92065,592.3126,3053.237,832.60913,711.7919,2557.1055,543.8359,511.44284,2961.1758,1111.8607,753.5758,2305.0962,678.7876,681.7426,2850.5264,1055.3429,1008.44604,2216.7927,722.5324,708.30365,2828.5723,1047.4553,1053.0259,2233.275,751.35364,709.42236,2823.7832,1020.5345,1061.3776,2265.9631,748.4403,688.78436,2828.1323,1018.04004,1019.33203,2466.5464,784.4714,-13.848425,2578.4597,1010.5558,12.494868,2051.6758,980.57874,-80.16457,2076.1492,1156.6793,-165.25775,1538.6577,1232.9368,-447.11655,1555.916,1319.7826,-558.162,1465.848,1265.8031,-493.11667,1489.0543,1344.4501,-596.9829,1409.6642,1223.5012,-630.53345,1463.974,1306.9961,-748.2342
IMG_5294 copy 10.JPG,2438.4912,418.24832,1175.7345,2453.828,388.86987,1073.5444,2445.8596,377.99188,1073.5679,2437.7708,367.28217,1073.5933,2476.1243,415.39685,1072.8031,2482.5715,422.7637,1072.698,2488.6382,430.3727,1072.3207,2416.056,358.1167,677.8909,2476.945,448.2001,667.6411,2403.3171,414.29483,1054.3202,2424.9583,442.4458,1050.6938,2180.3728,319.9796,461.0404,2400.4844,614.6453,404.99945,1875.3448,377.46136,416.8426,2325.3247,903.6551,625.3074,1611.6136,493.10226,662.08936,2330.3154,780.6185,1249.8073,1527.2642,526.85223,713.9774,2327.729,749.1295,1348.554,1537.6118,542.07056,722.07776,2330.3962,723.0609,1358.3541,1571.7422,541.67993,671.7987,2322.7825,728.966,1268.6489,1746.5966,598.657,96.02944,1839.862,798.7517,-96.96621,1374.8958,785.772,84.933136,1405.4706,931.2492,-128.49161,905.1567,964.0854,-53.780907,912.6717,1040.9757,-334.10025,830.01086,982.4964,-80.874146,829.05414,1052.7592,-359.38654,866.1883,963.1675,-220.1572,896.0774,1042.8947,-524.6441
IMG_5294 copy 11.JPG,2438.4912,418.24832,1175.7345,2453.828,388.86987,1073.5444,2445.8596,377.99188,1073.5679,2437.7708,367.28217,1073.5933,2476.1243,415.39685,1072.8031,2482.5715,422.7637,1072.698,2488.6382,430.3727,1072.3207,2416.056,358.1167,677.8909,2476.945,448.2001,667.6411,2403.3171,414.29483,1054.3202,2424.9583,442.4458,1050.6938,2180.3728,319.9796,461.0404,2400.4844,614.6453,404.99945,1875.3448,377.46136,416.8426,2325.3247,903.6551,625.3074,1611.6136,493.10226,662.08936,2330.3154,780.6185,1249.8073,1527.2642,526.85223,713.9774,2327.729,749.1295,1348.554,1537.6118,542.07056,722.07776,2330.3962,723.0609,1358.3541,1571.7422,541.67993,671.7987,2322.7825,728.966,1268.6489,1746.5966,598.657,96.02944,1839.862,798.7517,-96.96621,1374.8958,785.772,84.933136,1405.4706,931.2492,-128.49161,905.1567,964.0854,-53.780907,912.6717,1040.9757,-334.10025,830.01086,982.4964,-80.874146,829.05414,1052.7592,-359.38654,866.1883,963.1675,-220.1572,896.0774,1042.8947,-524.6441
IMG_5294 copy 12.JPG,2438.4912,418.24832,1175.7345,2453.828,388.86987,1073.5444,2445.8596,377.99188,1073.5679,2437.7708,367.28217,1073.5933,2476.1243,415.39685,1072.8031,2482.5715,422.7637,1072.698,2488.6382,430.3727,1072.3207,2416.056,358.1167,677.8909,2476.945,448.2001,667.6411,2403.3171,414.29483,1054.3202,2424.9583,442.4458,1050.6938,2180.3728,319.9796,461.0404,2400.4844,614.6453,404.99945,1875.3448,377.46136,416.8426,2325.3247,903.6551,625.3074,1611.6136,493.10226,662.08936,2330.3154,780.6185,1249.8073,1527.2642,526.85223,713.9774,2327.729,749.1295,1348.554,1537.6118,542.07056,722.07776,2330.3962,723.0609,1358.3541,1571.7422,541.67993,671.7987,2322.7825,728.966,1268.6489,1746.5966,598.657,96.02944,1839.862,798.7517,-96.96621,1374.8958,785.772,84.933136,1405.4706,931.2492,-128.49161,905.1567,964.0854,-53.780907,912.6717,1040.9757,-334.10025,830.01086,982.4964,-80.874146,829.05414,1052.7592,-359.38654,866.1883,963.1675,-220.1572,896.0774,1042.8947,-524.6441
IMG_5294 copy 13.JPG,2438.4912,418.24832,1175.7345,2453.828,388.86987,1073.5444,2445.8596,377.99188,1073.5679,2437.7708,367.28217,1073.5933,2476.1243,415.39685,1072.8031,2482.5715,422.7637,1072.698,2488.6382,430.3727,1072.3207,2416.056,358.1167,677.8909,2476.945,448.2001,667.6411,2403.3171,414.29483,1054.3202,2424.9583,442.4458,1050.6938,2180.3728,319.9796,461.0404,2400.4844,614.6453,404.99945,1875.3448,377.46136,416.8426,2325.3247,903.6551,625.3074,1611.6136,493.10226,662.08936,2330.3154,780.6185,1249.8073,1527.2642,526.85223,713.9774,2327.729,749.1295,1348.554,1537.6118,542.07056,722.07776,2330.3962,723.0609,1358.3541,1571.7422,541.67993,671.7987,2322.7825,728.966,1268.6489,1746.5966,598.657,96.02944,1839.862,798.7517,-96.96621,1374.8958,785.772,84.933136,1405.4706,931.2492,-128.49161,905.1567,964.0854,-53.780907,912.6717,1040.9757,-334.10025,830.01086,982.4964,-80.874146,829.05414,1052.7592,-359.38654,866.1883,963.1675,-220.1572,896.0774,1042.8947,-524.6441
IMG_5294 copy 14.JPG,2438.4912,418.24832,1175.7345,2453.828,388.86987,1073.5444,2445.8596,377.99188,1073.5679,2437.7708,367.28217,1073.5933,2476.1243,415.39685,1072.8031,2482.5715,422.7637,1072.698,2488.6382,430.3727,1072.3207,2416.056,358.1167,677.8909,2476.945,448.2001,667.6411,2403.3171,414.29483,1054.3202,2424.9583,442.4458,1050.6938,2180.3728,319.9796,461.0404,2400.4844,614.6453,404.99945,1875.3448,377.46136,416.8426,2325.3247,903.6551,625.3074,1611.6136,493.10226,662.08936,2330.3154,780.6185,1249.8073,1527.2642,526.85223,713.9774,2327.729,749.1295,1348.554,1537.6118,542.07056,722.07776,2330.3962,723.0609,1358.3541,1571.7422,541.67993,671.7987,2322.7825,728.966,1268.6489,1746.5966,598.657,96.02944,1839.862,798.7517,-96.96621,1374.8958,785.772,84.933136,1405.4706,931.2492,-128.49161,905.1567,964.0854,-53.780907,912.6717,1040.9757,-334.10025,830.01086,982.4964,-80.874146,829.05414,1052.7592,-359.38654,866.1883,963.1675,-220.1572,896.0774,1042.8947,-524.6441
IMG_5294 copy 15.JPG,2438.4912,418.24832,1175.7345,2453.828,388.86987,1073.5444,2445.8596,377.99188,1073.5679,2437.7708,367.28217,1073.5933,2476.1243,415.39685,1072.8031,2482.5715,422.7637,1072.698,2488.6382,430.3727,1072.3207,2416.056,358.1167,677.8909,2476.945,448.2001,667.6411,2403.3171,414.29483,1054.3202,2424.9583,442.4458,1050.6938,2180.3728,319.9796,461.0404,2400.4844,614.6453,404.99945,1875.3448,377.46136,416.8426,2325.3247,903.6551,625.3074,1611.6136,493.10226,662.08936,2330.3154,780.6185,1249.8073,1527.2642,526.85223,713.9774,2327.729,749.1295,1348.554,1537.6118,542.07056,722.07776,2330.3962,723.0609,1358.3541,1571.7422,541.67993,671.7987,2322.7825,728.966,1268.6489,1746.5966,598.657,96.02944,1839.862,798.7517,-96.96621,1374.8958,785.772,84.933136,1405.4706,931.2492,-128.49161,905.1567,964.0854,-53.780907,912.6717,1040.9757,-334.10025,830.01086,982.4964,-80.874146,829.05414,1052.7592,-359.38654,866.1883,963.1675,-220.1572,896.0774,1042.8947,-524.6441
IMG_5294 copy 16.JPG,2438.4912,418.24832,1175.7345,2453.828,388.86987,1073.5444,2445.8596,377.99188,1073.5679,2437.7708,367.28217,1073.5933,2476.1243,415.39685,1072.8031,2482.5715,422.7637,1072.698,2488.6382,430.3727,1072.3207,2416.056,358.1167,677.8909,2476.945,448.2001,667.6411,2403.3171,414.29483,1054.3202,2424.9583,442.4458,1050.6938,2180.3728,319.9796,461.0404,2400.4844,614.6453,404.99945,1875.3448,377.46136,416.8426,2325.3247,903.6551,625.3074,1611.6136,493.10226,662.08936,2330.3154,780.6185,1249.8073,1527.2642,526.85223,713.9774,2327.729,749.1295,1348.554,1537.6118,542.07056,722.07776,2330.3962,723.0609,1358.3541,1571.7422,541.67993,671.7987,2322.7825,728.966,1268.6489,1746.5966,598.657,96.02944,1839.862,798.7517,-96.96621,1374.8958,785.772,84.933136,1405.4706,931.2492,-128.49161,905.1567,964.0854,-53.780907,912.6717,1040.9757,-334.10025,830.01086,982.4964,-80.874146,829.05414,1052.7592,-359.38654,866.1883,963.1675,-220.1572,896.0774,1042.8947,-524.6441
IMG_5294 copy 17.JPG,2438.4912,418.24832,1175.7345,2453.828,388.86987,1073.5444,2445.8596,377.99188,1073.5679,2437.7708,367.28217,1073.5933,2476.1243,415.39685,1072.8031,2482.5715,422.7637,1072.698,2488.6382,430.3727,1072.3207,2416.056,358.1167,677.8909,2476.945,448.2001,667.6411,2403.3171,414.29483,1054.3202,2424.9583,442.4458,1050.6938,2180.3728,319.9796,461.0404,2400.4844,614.6453,404.99945,1875.3448,377.46136,416.8426,2325.3247,903.6551,625.3074,1611.6136,493.10226,662.08936,2330.3154,780.6185,1249.8073,1527.2642,526.85223,713.9774,2327.729,749.1295,1348.554,1537.6118,542.07056,722.07776,2330.3962,723.0609,1358.3541,1571.7422,541.67993,671.7987,2322.7825,728.966,1268.6489,1746.5966,598.657,96.02944,1839.862,798.7517,-96.96621,1374.8958,785.772,84.933136,1405.4706,931.2492,-128.49161,905.1567,964.0854,-53.780907,912.6717,1040.9757,-334.10025,830.01086,982.4964,-80.874146,829.05414,1052.7592,-359.38654,866.1883,963.1675,-220.1572,896.0774,1042.8947,-524.6441
IMG_5294 copy 18.JPG,2438.4912,418.24832,1175.7345,2453.828,388.86987,1073.5444,2445.8596,377.99188,1073.5679,2437.7708,367.28217,1073.5933,2476.1243,415.39685,1072.8031,2482.5715,422.7637,1072.698,2488.6382,430.3727,1072.3207,2416.056,358.1167,677.8909,2476.945,448.2001,667.6411,2403.3171,414.29483,1054.3202,2424.9583,442.4458,1050.6938,2180.3728,319.9796,461.0404,2400.4844,614.6453,404.99945,1875.3448,377.46136,416.8426,2325.3247,903.6551,625.3074,1611.6136,493.10226,662.08936,2330.3154,780.6185,1249.8073,1527.2642,526.85223,713.9774,2327.729,749.1295,1348.554,1537.6118,542.07056,722.07776,2330.3962,723.0609,1358.3541,1571.7422,541.67993,671.7987,2322.7825,728.966,1268.6489,1746.5966,598.657,96.02944,1839.862,798.7517,-96.96621,1374.8958,785.772,84.933136,1405.4706,931.2492,-128.49161,905.1567,964.0854,-53.780907,912.6717,1040.9757,-334.10025,830.01086,982.4964,-80.874146,829.05414,1052.7592,-359.38654,866.1883,963.1675,-220.1572,896.0774,1042.8947,-524.6441
IMG_5294 copy 2.JPG,2438.4912,418.24832,1175.7345,2453.828,388.86987,1073.5444,2445.8596,377.99188,1073.5679,2437.7708,367.28217,1073.5933,2476.1243,415.39685,1072.8031,2482.5715,422.7637,1072.698,2488.6382,430.3727,1072.3207,2416.056,358.1167,677.8909,2476.945,448.2001,667.6411,2403.3171,414.29483,1054.3202,2424.9583,442.4458,1050.6938,2180.3728,319.9796,461.0404,2400.4844,614.6453,404.99945,1875.3448,377.46136,416.8426,2325.3247,903.6551,625.3074,1611.6136,493.10226,662.08936,2330.3154,780.6185,1249.8073,1527.2642,526.85223,713.9774,2327.729,749.1295,1348.554,1537.6118,542.07056,722.07776,2330.3962,723.0609,1358.3541,1571.7422,541.67993,671.7987,2322.7825,728.966,1268.6489,1746.5966,598.657,96.02944,1839.862,798.7517,-96.96621,1374.8958,785.772,84.933136,1405.4706,931.2492,-128.49161,905.1567,964.0854,-53.780907,912.6717,1040.9757,-334.10025,830.01086,982.4964,-80.874146,829.05414,1052.7592,-359.38654,866.1883,963.1675,-220.1572,896.0774,1042.8947,-524.6441
IMG_5294 copy 3.JPG,2438.4912,418.24832,1175.7345,2453.828,388.86987,1073.5444,2445.8596,377.99188,1073.5679,2437.7708,367.28217,1073.5933,2476.1243,415.39685,1072.8031,2482.5715,422.7637,1072.698,2488.6382,430.3727,1072.3207,2416.056,358.1167,677.8909,2476.945,448.2001,667.6411,2403.3171,414.29483,1054.3202,2424.9583,442.4458,1050.6938,2180.3728,319.9796,461.0404,2400.4844,614.6453,404.99945,1875.3448,377.46136,416.8426,2325.3247,903.6551,625.3074,1611.6136,493.10226,662.08936,2330.3154,780.6185,1249.8073,1527.2642,526.85223,713.9774,2327.729,749.1295,1348.554,1537.6118,542.07056,722.07776,2330.3962,723.0609,1358.3541,1571.7422,541.67993,671.7987,2322.7825,728.966,1268.6489,1746.5966,598.657,96.02944,1839.862,798.7517,-96.96621,1374.8958,785.772,84.933136,1405.4706,931.2492,-128.49161,905.1567,964.0854,-53.780907,912.6717,1040.9757,-334.10025,830.01086,982.4964,-80.874146,829.05414,1052.7592,-359.38654,866.1883,963.1675,-220.1572,896.0774,1042.8947,-524.6441
IMG_5294 copy 4.JPG,2438.4912,418.24832,1175.7345,2453.828,388.86987,1073.5444,2445.8596,377.99188,1073.5679,2437.7708,367.28217,1073.5933,2476.1243,415.39685,1072.8031,2482.5715,422.7637,1072.698,2488.6382,430.3727,1072.3207,2416.056,358.1167,677.8909,2476.945,448.2001,667.6411,2403.3171,414.29483,1054.3202,2424.9583,442.4458,1050.6938,2180.3728,319.9796,461.0404,2400.4844,614.6453,404.99945,1875.3448,377.46136,416.8426,2325.3247,903.6551,625.3074,1611.6136,493.10226,662.08936,2330.3154,780.6185,1249.8073,1527.2642,526.85223,713.9774,2327.729,749.1295,1348.554,1537.6118,542.07056,722.07776,2330.3962,723.0609,1358.3541,1571.7422,541.67993,671.7987,2322.7825,728.966,1268.6489,1746.5966,598.657,96.02944,1839.862,798.7517,-96.96621,1374.8958,785.772,84.933136,1405.4706,931.2492,-128.49161,905.1567,964.0854,-53.780907,912.6717,1040.9757,-334.10025,830.01086,982.4964,-80.874146,829.05414,1052.7592,-359.38654,866.1883,963.1675,-220.1572,896.0774,1042.8947,-524.6441
IMG_5294 copy 5.JPG,2438.4912,418.24832,1175.7345,2453.828,388.86987,1073.5444,2445.8596,377.99188,1073.5679,2437.7708,367.28217,1073.5933,2476.1243,415.39685,1072.8031,2482.5715,422.7637,1072.698,2488.6382,430.3727,1072.3207,2416.056,358.1167,677.8909,2476.945,448.2001,667.6411,2403.3171,414.29483,1054.3202,2424.9583,442.4458,1050.6938,2180.3728,319.9796,461.0404,2400.4844,614.6453,404.99945,1875.3448,377.46136,416.8426,2325.3247,903.6551,625.3074,1611.6136,493.10226,662.08936,2330.3154,780.6185,1249.8073,1527.2642,526.85223,713.9774,2327.729,749.1295,1348.554,1537.6118,542.07056,722.07776,2330.3962,723.0609,1358.3541,1571.7422,541.67993,671.7987,2322.7825,728.966,1268.6489,1746.5966,598.657,96.02944,1839.862,798.7517,-96.96621,1374.8958,785.772,84.933136,1405.4706,931.2492,-128.49161,905.1567,964.0854,-53.780907,912.6717,1040.9757,-334.10025,830.01086,982.4964,-80.874146,829.05414,1052.7592,-359.38654,866.1883,963.1675,-220.1572,896.0774,1042.8947,-524.6441
IMG_5294 copy 6.JPG,2438.4912,418.24832,1175.7345,2453.828,388.86987,1073.5444,2445.8596,377.99188,1073.5679,2437.7708,367.28217,1073.5933,2476.1243,415.39685,1072.8031,2482.5715,422.7637,1072.698,2488.6382,430.3727,1072.3207,2416.056,358.1167,677.8909,2476.945,448.2001,667.6411,2403.3171,414.29483,1054.3202,2424.9583,442.4458,1050.6938,2180.3728,319.9796,461.0404,2400.4844,614.6453,404.99945,1875.3448,377.46136,416.8426,2325.3247,903.6551,625.3074,1611.6136,493.10226,662.08936,2330.3154,780.6185,1249.8073,1527.2642,526.85223,713.9774,2327.729,749.1295,1348.554,1537.6118,542.07056,722.07776,2330.3962,723.0609,1358.3541,1571.7422,541.67993,671.7987,2322.7825,728.966,1268.6489,1746.5966,598.657,96.02944,1839.862,798.7517,-96.96621,1374.8958,785.772,84.933136,1405.4706,931.2492,-128.49161,905.1567,964.0854,-53.780907,912.6717,1040.9757,-334.10025,830.01086,982.4964,-80.874146,829.05414,1052.7592,-359.38654,866.1883,963.1675,-220.1572,896.0774,1042.8947,-524.6441
IMG_5294 copy 7.JPG,2438.4912,418.24832,1175.7345,2453.828,388.86987,1073.5444,2445.8596,377.99188,1073.5679,2437.7708,367.28217,1073.5933,2476.1243,415.39685,1072.8031,2482.5715,422.7637,1072.698,2488.6382,430.3727,1072.3207,2416.056,358.1167,677.8909,2476.945,448.2001,667.6411,2403.3171,414.29483,1054.3202,2424.9583,442.4458,1050.6938,2180.3728,319.9796,461.0404,2400.4844,614.6453,404.99945,1875.3448,377.46136,416.8426,2325.3247,903.6551,625.3074,1611.6136,493.10226,662.08936,2330.3154,780.6185,1249.8073,1527.2642,526.85223,713.9774,2327.729,749.1295,1348.554,1537.6118,542.07056,722.07776,2330.3962,723.0609,1358.3541,1571.7422,541.67993,671.7987,2322.7825,728.966,1268.6489,1746.5966,598.657,96.02944,1839.862,798.7517,-96.96621,1374.8958,785.772,84.933136,1405.4706,931.2492,-128.49161,905.1567,964.0854,-53.780907,912.6717,1040.9757,-334.10025,830.01086,982.4964,-80.874146,829.05414,1052.7592,-359.38654,866.1883,963.1675,-220.1572,896.0774,1042.8947,-524.6441
IMG_5294 copy 8.JPG,2438.4912,418.24832,1175.7345,2453.828,388.86987,1073.5444,2445.8596,377.99188,1073.5679,2437.7708,367.28217,1073.5933,2476.1243,415.39685,1072.8031,2482.5715,422.7637,1072.698,2488.6382,430.3727,1072.3207,2416.056,358.1167,677.8909,2476.945,448.2001,667.6411,2403.3171,414.29483,1054.3202,2424.9583,442.4458,1050.6938,2180.3728,319.9796,461.0404,2400.4844,614.6453,404.99945,1875.3448,377.46136,416.8426,2325.3247,903.6551,625.3074,1611.6136,493.10226,662.08936,2330.3154,780.6185,1249.8073,1527.2642,526.85223,713.9774,2327.729,749.1295,1348.554,1537.6118,542.07056,722.07776,2330.3962,723.0609,1358.3541,1571.7422,541.67993,671.7987,2322.7825,728.966,1268.6489,1746.5966,598.657,96.02944,1839.862,798.7517,-96.96621,1374.8958,785.772,84.933136,1405.4706,931.2492,-128.49161,905.1567,964.0854,-53.780907,912.6717,1040.9757,-334.10025,830.01086,982.4964,-80.874146,829.05414,1052.7592,-359.38654,866.1883,963.1675,-220.1572,896.0774,1042.8947,-524.6441
IMG_5294 copy 9.JPG,2438.4912,418.24832,1175.7345,2453.828,388.86987,1073.5444,2445.8596,377.99188,1073.5679,2437.7708,367.28217,1073.5933,2476.1243,415.39685,1072.8031,2482.5715,422.7637,1072.698,2488.6382,430.3727,1072.3207,2416.056,358.1167,677.8909,2476.945,448.2001,667.6411,2403.3171,414.29483,1054.3202,2424.9583,442.4458,1050.6938,2180.3728,319.9796,461.0404,2400.4844,614.6453,404.99945,1875.3448,377.46136,416.8426,2325.3247,903.6551,625.3074,1611.6136,493.10226,662.08936,2330.3154,780.6185,1249.8073,1527.2642,526.85223,713.9774,2327.729,749.1295,1348.554,1537.6118,542.07056,722.07776,2330.3962,723.0609,1358.3541,1571.7422,541.67993,671.7987,2322.7825,728.966,1268.6489,1746.5966,598.657,96.02944,1839.862,798.7517,-96.96621,1374.8958,785.772,84.933136,1405.4706,931.2492,-128.49161,905.1567,964.0854,-53.780907,912.6717,1040.9757,-334.10025,830.01086,982.4964,-80.874146,829.05414,1052.7592,-359.38654,866.1883,963.1675,-220.1572,896.0774,1042.8947,-524.6441
IMG_5294 copy.JPG,2438.4912,418.24832,1175.7345,2453.828,388.86987,1073.5444,2445.8596,377.99188,1073.5679,2437.7708,367.28217,1073.5933,2476.1243,415.39685,1072.8031,2482.5715,422.7637,1072.698,2488.6382,430.3727,1072.3207,2416.056,358.1167,677.8909,2476.945,448.2001,667.6411,2403.3171,414.29483,1054.3202,2424.9583,442.4458,1050.6938,2180.3728,319.9796,461.0404,2400.4844,614.6453,404.99945,1875.3448,377.46136,416.8426,2325.3247,903.6551,625.3074,1611.6136,493.10226,662.08936,2330.3154,780.6185,1249.8073,1527.2642,526.85223,713.9774,2327.729,749.1295,1348.554,1537.6118,542.07056,722.07776,2330.3962,723.0609,1358.3541,1571.7422,541.67993,671.7987,2322.7825,728.966,1268.6489,1746.5966,598.657,96.02944,1839.862,798.7517,-96.96621,1374.8958,785.772,84.933136,1405.4706,931.2492,-128.49161,905.1567,964.0854,-53.780907,912.6717,1040.9757,-334.10025,830.01086,982.4964,-80.874146,829.05414,1052.7592,-359.38654,866.1883,963.1675,-220.1572,896.0774,1042.8947,-524.6441
IMG_5294.JPG,2438.4912,418.24832,1175.7345,2453.828,388.86987,1073.5444,2445.8596,377.99188,1073.5679,2437.7708,367.28217,1073.5933,2476.1243,415.39685,1072.8031,2482.5715,422.7637,1072.698,2488.6382,430.3727,1072.3207,2416.056,358.1167,677.8909,2476.945,448.2001,667.6411,2403.3171,414.29483,1054.3202,2424.9583,442.4458,1050.6938,2180.3728,319.9796,461.0404,2400.4844,614.6453,404.99945,1875.3448,377.46136,416.8426,2325.3247,903.6551,625.3074,1611.6136,493.10226,662.08936,2330.3154,780.6185,1249.8073,1527.2642,526.85223,713.9774,2327.729,749.1295,1348.554,1537.6118,542.07056,722.07776,2330.3962,723.0609,1358.3541,1571.7422,541.67993,671.7987,2322.7825,728.966,1268.6489,1746.5966,598.657,96.02944,1839.862,798.7517,-96.96621,1374.8958,785.772,84.933136,1405.4706,931.2492,-128.49161,905.1567,964.0854,-53.780907,912.6717,1040.9757,-334.10025,830.01086,982.4964,-80.874146,829.05414,1052.7592,-359.38654,866.1883,963.1675,-220.1572,896.0774,1042.8947,-524.6441
IMG_5755.JPG,2632.9956,1059.8704,7.790803,2656.5605,1030.5828,-120.83074,2651.8467,1014.9938,-120.884125,2646.3672,1000.1464,-120.89781,2664.7854,1076.5283,-124.40418,2666.1035,1091.7222,-124.376144,2666.6326,1106.9666,-124.40232,2611.035,995.76324,-479.5319,2635.692,1135.3424,-506.1149,2586.2559,1046.1729,-89.45968,2598.8906,1100.3517,-95.449814,2370.2778,923.0913,-531.19556,2416.6008,1326.5049,-483.44617,2026.605,964.49506,-288.9111,2317.8682,1624.4213,-169.72923,1735.4928,949.5416,-98.291115,2478.3916,1571.7094,332.79245,1666.9858,948.4734,-112.87034,2523.6821,1560.0504,347.40063,1662.05,953.60376,-162.83618,2516.0605,1522.8707,316.07944,1684.2996,960.5422,-108.932144,2499.3906,1521.8767,329.99017,1770.7871,1067.449,-25.465096,1781.4207,1254.1941,24.341724,1474.7748,1072.1954,830.8967,1490.8442,1197.9814,824.5925,1181.2373,1045.0542,1603.3546,1200.8176,1120.8203,1559.1917,1123.3759,1041.7107,1681.9634,1134.9508,1114.9319,1636.9662,1205.3701,1031.7878,1692.8417,1222.1227,1106.2164,1642.9489
IMG_5756 copy 10.png,2457.2302,747.6906,79.62885,2474.9343,722.8287,-19.43998,2468.4163,710.3443,-19.349127,2461.3364,697.3955,-19.251318,2488.133,756.93286,-23.9954,2491.056,767.9386,-23.981276,2493.355,779.2934,-24.011877,2430.6064,696.8461,-310.68463,2468.2017,802.39014,-343.70767,2416.232,742.2818,-3.0667632,2431.8835,778.69586,-10.757244,2193.405,658.26355,-377.34985,2304.4937,987.85834,-364.5665,1900.1721,730.2493,-290.4673,2264.0017,1246.5731,-161.27502,1641.6492,758.19604,-156.32646,2334.3276,1214.0977,261.9491,1573.8198,768.30475,-160.76157,2361.233,1214.5765,296.81573,1567.4816,775.57,-185.14578,2356.983,1187.642,276.0362,1597.025,781.7994,-156.7437,2339.429,1186.5668,264.1319,1718.5034,859.68274,8.093367,1751.4073,1023.8006,-8.802875,1414.9658,910.131,493.84756,1413.8231,1020.4728,400.2691,1106.56,912.9872,940.14557,1099.436,990.30566,776.5057,1045.7113,903.98254,978.4147,1043.9149,999.27594,809.5603,1110.824,904.1475,938.45575,1117.9045,991.71564,726.46954
IMG_5756 copy 11.png,2457.2302,747.6906,79.62885,2474.9343,722.8287,-19.43998,2468.4163,710.3443,-19.349127,2461.3364,697.3955,-19.251318,2488.133,756.93286,-23.9954,2491.056,767.9386,-23.981276,2493.355,779.2934,-24.011877,2430.6064,696.8461,-310.68463,2468.2017,802.39014,-343.70767,2416.232,742.2818,-3.0667632,2431.8835,778.69586,-10.757244,2193.405,658.26355,-377.34985,2304.4937,987.85834,-364.5665,1900.1721,730.2493,-290.4673,2264.0017,1246.5731,-161.27502,1641.6492,758.19604,-156.32646,2334.3276,1214.0977,261.9491,1573.8198,768.30475,-160.76157,2361.233,1214.5765,296.81573,1567.4816,775.57,-185.14578,2356.983,1187.642,276.0362,1597.025,781.7994,-156.7437,2339.429,1186.5668,264.1319,1718.5034,859.68274,8.093367,1751.4073,1023.8006,-8.802875,1414.9658,910.131,493.84756,1413.8231,1020.4728,400.2691,1106.56,912.9872,940.14557,1099.436,990.30566,776.5057,1045.7113,903.98254,978.4147,1043.9149,999.27594,809.5603,1110.824,904.1475,938.45575,1117.9045,991.71564,726.46954
IMG_5756 copy 12.png,2457.2302,747.6906,79.62885,2474.9343,722.8287,-19.43998,2468.4163,710.3443,-19.349127,2461.3364,697.3955,-19.251318,2488.133,756.93286,-23.9954,2491.056,767.9386,-23.981276,2493.355,779.2934,-24.011877,2430.6064,696.8461,-310.68463,2468.2017,802.39014,-343.70767,2416.232,742.2818,-3.0667632,2431.8835,778.69586,-10.757244,2193.405,658.26355,-377.34985,2304.4937,987.85834,-364.5665,1900.1721,730.2493,-290.4673,2264.0017,1246.5731,-161.27502,1641.6492,758.19604,-156.32646,2334.3276,1214.0977,261.9491,1573.8198,768.30475,-160.76157,2361.233,1214.5765,296.81573,1567.4816,775.57,-185.14578,2356.983,1187.642,276.0362,1597.025,781.7994,-156.7437,2339.429,1186.5668,264.1319,1718.5034,859.68274,8.093367,1751.4073,1023.8006,-8.802875,1414.9658,910.131,493.84756,1413.8231,1020.4728,400.2691,1106.56,912.9872,940.14557,1099.436,990.30566,776.5057,1045.7113,903.98254,978.4147,1043.9149,999.27594,809.5603,1110.824,904.1475,938.45575,1117.9045,991.71564,726.46954
IMG_5756 copy 13.png,2457.2302,747.6906,79.62885,2474.9343,722.8287,-19.43998,2468.4163,710.3443,-19.349127,2461.3364,697.3955,-19.251318,2488.133,756.93286,-23.9954,2491.056,767.9386,-23.981276,2493.355,779.2934,-24.011877,2430.6064,696.8461,-310.68463,2468.2017,802.39014,-343.70767,2416.232,742.2818,-3.0667632,2431.8835,778.69586,-10.757244,2193.405,658.26355,-377.34985,2304.4937,987.85834,-364.5665,1900.1721,730.2493,-290.4673,2264.0017,1246.5731,-161.27502,1641.6492,758.19604,-156.32646,2334.3276,1214.0977,261.9491,1573.8198,768.30475,-160.76157,2361.233,1214.5765,296.81573,1567.4816,775.57,-185.14578,2356.983,1187.642,276.0362,1597.025,781.7994,-156.7437,2339.429,1186.5668,264.1319,1718.5034,859.68274,8.093367,1751.4073,1023.8006,-8.802875,1414.9658,910.131,493.84756,1413.8231,1020.4728,400.2691,1106.56,912.9872,940.14557,1099.436,990.30566,776.5057,1045.7113,903.98254,978.4147,1043.9149,999.27594,809.5603,1110.824,904.1475,938.45575,1117.9045,991.71564,726.46954
IMG_5756 copy 2.png,2457.2302,747.6906,79.62885,2474.9343,722.8287,-19.43998,2468.4163,710.3443,-19.349127,2461.3364,697.3955,-19.251318,2488.133,756.93286,-23.9954,2491.056,767.9386,-23.981276,2493.355,779.2934,-24.011877,2430.6064,696.8461,-310.68463,2468.2017,802.39014,-343.70767,2416.232,742.2818,-3.0667632,2431.8835,778.69586,-10.757244,2193.405,658.26355,-377.34985,2304.4937,987.85834,-364.5665,1900.1721,730.2493,-290.4673,2264.0017,1246.5731,-161.27502,1641.6492,758.19604,-156.32646,2334.3276,1214.0977,261.9491,1573.8198,768.30475,-160.76157,2361.233,1214.5765,296.81573,1567.4816,775.57,-185.14578,2356.983,1187.642,276.0362,1597.025,781.7994,-156.7437,2339.429,1186.5668,264.1319,1718.5034,859.68274,8.093367,1751.4073,1023.8006,-8.802875,1414.9658,910.131,493.84756,1413.8231,1020.4728,400.2691,1106.56,912.9872,940.14557,1099.436,990.30566,776.5057,1045.7113,903.98254,978.4147,1043.9149,999.27594,809.5603,1110.824,904.1475,938.45575,1117.9045,991.71564,726.46954
IMG_5756 copy 3.png,2457.2302,747.6906,79.62885,2474.9343,722.8287,-19.43998,2468.4163,710.3443,-19.349127,2461.3364,697.3955,-19.251318,2488.133,756.93286,-23.9954,2491.056,767.9386,-23.981276,2493.355,779.2934,-24.011877,2430.6064,696.8461,-310.68463,2468.2017,802.39014,-343.70767,2416.232,742.2818,-3.0667632,2431.8835,778.69586,-10.757244,2193.405,658.26355,-377.34985,2304.4937,987.85834,-364.5665,1900.1721,730.2493,-290.4673,2264.0017,1246.5731,-161.27502,1641.6492,758.19604,-156.32646,2334.3276,1214.0977,261.9491,1573.8198,768.30475,-160.76157,2361.233,1214.5765,296.81573,1567.4816,775.57,-185.14578,2356.983,1187.642,276.0362,1597.025,781.7994,-156.7437,2339.429,1186.5668,264.1319,1718.5034,859.68274,8.093367,1751.4073,1023.8006,-8.802875,1414.9658,910.131,493.84756,1413.8231,1020.4728,400.2691,1106.56,912.9872,940.14557,1099.436,990.30566,776.5057,1045.7113,903.98254,978.4147,1043.9149,999.27594,809.5603,1110.824,904.1475,938.45575,1117.9045,991.71564,726.46954
IMG_5756 copy 4.png,2457.2302,747.6906,79.62885,2474.9343,722.8287,-19.43998,2468.4163,710.3443,-19.349127,2461.3364,697.3955,-19.251318,2488.133,756.93286,-23.9954,2491.056,767.9386,-23.981276,2493.355,779.2934,-24.011877,2430.6064,696.8461,-310.68463,2468.2017,802.39014,-343.70767,2416.232,742.2818,-3.0667632,2431.8835,778.69586,-10.757244,2193.405,658.26355,-377.34985,2304.4937,987.85834,-364.5665,1900.1721,730.2493,-290.4673,2264.0017,1246.5731,-161.27502,1641.6492,758.19604,-156.32646,2334.3276,1214.0977,261.9491,1573.8198,768.30475,-160.76157,2361.233,1214.5765,296.81573,1567.4816,775.57,-185.14578,2356.983,1187.642,276.0362,1597.025,781.7994,-156.7437,2339.429,1186.5668,264.1319,1718.5034,859.68274,8.093367,1751.4073,1023.8006,-8.802875,1414.9658,910.131,493.84756,1413.8231,1020.4728,400.2691,1106.56,912.9872,940.14557,1099.436,990.30566,776.5057,1045.7113,903.98254,978.4147,1043.9149,999.27594,809.5603,1110.824,904.1475,938.45575,1117.9045,991.71564,726.46954
IMG_5756 copy 5.png,2457.2302,747.6906,79.62885,2474.9343,722.8287,-19.43998,2468.4163,710.3443,-19.349127,2461.3364,697.3955,-19.251318,2488.133,756.93286,-23.9954,2491.056,767.9386,-23.981276,2493.355,779.2934,-24.011877,2430.6064,696.8461,-310.68463,2468.2017,802.39014,-343.70767,2416.232,742.2818,-3.0667632,2431.8835,778.69586,-10.757244,2193.405,658.26355,-377.34985,2304.4937,987.85834,-364.5665,1900.1721,730.2493,-290.4673,2264.0017,1246.5731,-161.27502,1641.6492,758.19604,-156.32646,2334.3276,1214.0977,261.9491,1573.8198,768.30475,-160.76157,2361.233,1214.5765,296.81573,1567.4816,775.57,-185.14578,2356.983,1187.642,276.0362,1597.025,781.7994,-156.7437,2339.429,1186.5668,264.1319,1718.5034,859.68274,8.093367,1751.4073,1023.8006,-8.802875,1414.9658,910.131,493.84756,1413.8231,1020.4728,400.2691,1106.56,912.9872,940.14557,1099.436,990.30566,776.5057,1045.7113,903.98254,978.4147,1043.9149,999.27594,809.5603,1110.824,904.1475,938.45575,1117.9045,991.71564,726.46954
IMG_5756 copy 6.png,2457.2302,747.6906,79.62885,2474.9343,722.8287,-19.43998,2468.4163,710.3443,-19.349127,2461.3364,697.3955,-19.251318,2488.133,756.93286,-23.9954,2491.056,767.9386,-23.981276,2493.355,779.2934,-24.011877,2430.6064,696.8461,-310.68463,2468.2017,802.39014,-343.70767,2416.232,742.2818,-3.0667632,2431.8835,778.69586,-10.757244,2193.405,658.26355,-377.34985,2304.4937,987.85834,-364.5665,1900.1721,730.2493,-290.4673,2264.0017,1246.5731,-161.27502,1641.6492,758.19604,-156.32646,2334.3276,1214.0977,261.9491,1573.8198,768.30475,-160.76157,2361.233,1214.5765,296.81573,1567.4816,775.57,-185.14578,2356.983,1187.642,276.0362,1597.025,781.7994,-156.7437,2339.429,1186.5668,264.1319,1718.5034,859.68274,8.093367,1751.4073,1023.8006,-8.802875,1414.9658,910.131,493.84756,1413.8231,1020.4728,400.2691,1106.56,912.9872,940.14557,1099.436,990.30566,776.5057,1045.7113,903.98254,978.4147,1043.9149,999.27594,809.5603,1110.824,904.1475,938.45575,1117.9045,991.71564,726.46954
IMG_5756 copy 7.png,2457.2302,747.6906,79.62885,2474.9343,722.8287,-19.43998,2468.4163,710.3443,-19.349127,2461.3364,697.3955,-19.251318,2488.133,756.93286,-23.9954,2491.056,767.9386,-23.981276,2493.355,779.2934,-24.011877,2430.6064,696.8461,-310.68463,2468.2017,802.39014,-343.70767,2416.232,742.2818,-3.0667632,2431.8835,778.69586,-10.757244,2193.405,658.26355,-377.34985,2304.4937,987.85834,-364.5665,1900.1721,730.2493,-290.4673,2264.0017,1246.5731,-161.27502,1641.6492,758.19604,-156.32646,2334.3276,1214.0977,261.9491,1573.8198,768.30475,-160.76157,2361.233,1214.5765,296.81573,1567.4816,775.57,-185.14578,2356.983,1187.642,276.0362,1597.025,781.7994,-156.7437,2339.429,1186.5668,264.1319,1718.5034,859.68274,8.093367,1751.4073,1023.8006,-8.802875,1414.9658,910.131,493.84756,1413.8231,1020.4728,400.2691,1106.56,912.9872,940.14557,1099.436,990.30566,776.5057,1045.7113,903.98254,978.4147,1043.9149,999.27594,809.5603,1110.824,904.1475,938.45575,1117.9045,991.71564,726.46954
IMG_5756 copy 8.png,2457.2302,747.6906,79.62885,2474.9343,722.8287,-19.43998,2468.4163,710.3443,-19.349127,2461.3364,697.3955,-19.251318,2488.133,756.93286,-23.9954,2491.056,767.9386,-23.981276,2493.355,779.2934,-24.011877,2430.6064,696.8461,-310.68463,2468.2017,802.39014,-343.70767,2416.232,742.2818,-3.0667632,2431.8835,778.69586,-10.757244,2193.405,658.26355,-377.34985,2304.4937,987.85834,-364.5665,1900.1721,730.2493,-290.4673,2264.0017,1246.5731,-161.27502,1641.6492,758.19604,-156.32646,2334.3276,1214.0977,261.9491,1573.8198,768.30475,-160.76157,2361.233,1214.5765,296.81573,1567.4816,775.57,-185.14578,2356.983,1187.642,276.0362,1597.025,781.7994,-156.7437,2339.429,1186.5668,264.1319,1718.5034,859.68274,8.093367,1751.4073,1023.8006,-8.802875,1414.9658,910.131,493.84756,1413.8231,1020.4728,400.2691,1106.56,912.9872,940.14557,1099.436,990.30566,776.5057,1045.7113,903.98254,978.4147,1043.9149,999.27594,809.5603,1110.824,904.1475,938.45575,1117.9045,991.71564,726.46954
IMG_5756 copy 9.png,2457.2302,747.6906,79.62885,2474.9343,722.8287,-19.43998,2468.4163,710.3443,-19.349127,2461.3364,697.3955,-19.251318,2488.133,756.93286,-23.9954,2491.056,767.9386,-23.981276,2493.355,779.2934,-24.011877,2430.6064,696.8461,-310.68463,2468.2017,802.39014,-343.70767,2416.232,742.2818,-3.0667632,2431.8835,778.69586,-10.757244,2193.405,658.26355,-377.34985,2304.4937,987.85834,-364.5665,1900.1721,730.2493,-290.4673,2264.0017,1246.5731,-161.27502,1641.6492,758.19604,-156.32646,2334.3276,1214.0977,261.9491,1573.8198,768.30475,-160.76157,2361.233,1214.5765,296.81573,1567.4816,775.57,-185.14578,2356.983,1187.642,276.0362,1597.025,781.7994,-156.7437,2339.429,1186.5668,264.1319,1718.5034,859.68274,8.093367,1751.4073,1023.8006,-8.802875,1414.9658,910.131,493.84756,1413.8231,1020.4728,400.2691,1106.56,912.9872,940.14557,1099.436,990.30566,776.5057,1045.7113,903.98254,978.4147,1043.9149,999.27594,809.5603,1110.824,904.1475,938.45575,1117.9045,991.71564,726.46954
IMG_5756 copy.png,2457.2302,747.6906,79.62885,2474.9343,722.8287,-19.43998,2468.4163,710.3443,-19.349127,2461.3364,697.3955,-19.251318,2488.133,756.93286,-23.9954,2491.056,767.9386,-23.981276,2493.355,779.2934,-24.011877,2430.6064,696.8461,-310.68463,2468.2017,802.39014,-343.70767,2416.232,742.2818,-3.0667632,2431.8835,778.69586,-10.757244,2193.405,658.26355,-377.34985,2304.4937,987.85834,-364.5665,1900.1721,730.2493,-290.4673,2264.0017,1246.5731,-161.27502,1641.6492,758.19604,-156.32646,2334.3276,1214.0977,261.9491,1573.8198,768.30475,-160.76157,2361.233,1214.5765,296.81573,1567.4816,775.57,-185.14578,2356.983,1187.642,276.0362,1597.025,781.7994,-156.7437,2339.429,1186.5668,264.1319,1718.5034,859.68274,8.093367,1751.4073,1023.8006,-8.802875,1414.9658,910.131,493.84756,1413.8231,1020.4728,400.2691,1106.56,912.9872,940.14557,1099.436,990.30566,776.5057,1045.7113,903.98254,978.4147,1043.9149,999.27594,809.5603,1110.824,904.1475,938.45575,1117.9045,991.71564,726.46954
IMG_5756.png,2457.2302,747.6906,79.62885,2474.9343,722.8287,-19.43998,2468.4163,710.3443,-19.349127,2461.3364,697.3955,-19.251318,2488.133,756.93286,-23.9954,2491.056,767.9386,-23.981276,2493.355,779.2934,-24.011877,2430.6064,696.8461,-310.68463,2468.2017,802.39014,-343.70767,2416.232,742.2818,-3.0667632,2431.8835,778.69586,-10.757244,2193.405,658.26355,-377.34985,2304.4937,987.85834,-364.5665,1900.1721,730.2493,-290.4673,2264.0017,1246.5731,-161.27502,1641.6492,758.19604,-156.32646,2334.3276,1214.0977,261.9491,1573.8198,768.30475,-160.76157,2361.233,1214.5765,296.81573,1567.4816,775.57,-185.14578,2356.983,1187.642,276.0362,1597.025,781.7994,-156.7437,2339.429,1186.5668,264.1319,1718.5034,859.68274,8.093367,1751.4073,1023.8006,-8.802875,1414.9658,910.131,493.84756,1413.8231,1020.4728,400.2691,1106.56,912.9872,940.14557,1099.436,990.30566,776.5057,1045.7113,903.98254,978.4147,1043.9149,999.27594,809.5603,1110.824,904.1475,938.45575,1117.9045,991.71564,726.46954
IMG_5757.JPG,2461.0269,651.1255,-151.51096,2535.5881,654.1246,-335.81088,2533.6155,653.6788,-336.10107,2530.728,652.98914,-336.59885,2547.978,676.29224,-273.32666,2555.0615,692.0889,-273.29123,2562.2388,709.44696,-273.55194,2516.896,717.11346,-840.14545,2564.034,818.3619,-576.7501,2405.163,685.1467,-285.57733,2414.9604,708.4645,-207.13162,2107.6267,636.80237,-1004.49,2323.5364,1288.6653,-444.9814,1471.6558,669.1185,-830.24615,2275.5078,1696.6948,114.336105,1022.44196,746.5325,-371.5497,2387.7612,1373.3706,984.1948,902.5333,750.83295,-394.5517,2418.5195,1322.3043,1075.1293,896.4954,754.4263,-438.16806,2411.0671,1265.8313,1016.95264,939.1359,766.8185,-373.14716,2395.8564,1274.9331,980.6178,1141.5726,922.9725,-219.48877,1268.08,1291.8915,218.38977,622.0002,953.413,711.1955,876.408,1175.6473,1089.8191,200.45027,1039.0927,1507.7072,427.6063,1177.9886,1858.9186,125.64426,1090.0417,1581.951,297.65332,1195.3496,1943.1516,281.26654,855.5763,1642.4106,459.23428,1023.939,2079.1746
IMG_5758.JPG,3079.6013,533.1948,154.0928,3144.8022,539.0507,-53.165554,3143.5752,537.6716,-53.287647,3142.2585,536.2298,-53.67361,3152.9531,559.2129,25.471325,3159.1594,573.78595,25.613579,3165.7632,588.92834,25.05349,3122.1895,598.99664,-657.3021,3158.0408,689.88855,-323.66013,3022.2385,565.05676,-18.849512,3031.2292,586.7571,80.01417,2771.1514,516.96826,-886.96814,2948.6401,1154.573,-184.3329,2191.4697,560.0185,-766.98846,2773.5022,1500.7114,226.0028,1658.9161,652.8945,-169.02219,2813.6772,1294.6327,928.34454,1536.7405,664.73413,-168.74556,2882.1533,1275.4592,1024.6261,1529.2507,684.6585,-163.3178,2880.5107,1202.6499,999.8569,1571.2512,698.1607,-146.45282,2830.3882,1202.8381,930.8187,1870.799,854.02155,-206.46825,1959.7089,1216.1667,204.78778,1093.3802,969.1684,331.74,1208.3488,1191.0642,638.8298,500.4758,1069.3124,856.03925,631.22217,1201.3052,1127.0654,377.7615,1116.9474,892.5097,526.0239,1237.0869,1164.203,536.7528,875.6132,802.8433,676.2007,1088.5892,1034.6229
IMG_5760 copy 10.JPG,2403.9158,430.34732,1228.9512,2414.27,412.15283,1152.6238,2408.24,406.20676,1152.7759,2401.6262,399.75745,1152.7216,2433.378,427.5204,1175.6372,2440.0708,432.42322,1175.5992,2446.3103,437.29678,1175.4177,2396.7812,398.92554,817.38226,2454.5889,454.45798,915.49506,2382.164,434.743,1115.6414,2407.6833,453.98294,1143.242,2295.15,409.84964,566.1472,2451.5903,610.0737,688.7687,2123.771,511.49048,560.27686,2428.5667,822.9252,802.1802,1991.0101,606.0437,737.9023,2343.687,750.5809,1036.3354,1949.5535,625.5956,753.4523,2346.9685,720.13635,1064.8749,1957.0033,629.74506,753.4296,2332.141,698.0315,1068.7428,1974.034,629.06445,741.5797,2331.6567,707.41614,1040.0522,2069.4143,648.2851,-16.921524,2139.6985,762.3375,16.680883,1755.6415,790.3706,-211.7597,1757.2173,863.67664,-230.22533,1384.6259,900.8011,-480.82016,1395.1472,933.1727,-564.02484,1346.2412,926.352,-517.1635,1353.2908,960.5807,-603.7351,1282.8469,898.68713,-694.06744,1302.923,933.5957,-797.605
IMG_5760 copy 11.JPG,2403.9158,430.34732,1228.9512,2414.27,412.15283,1152.6238,2408.24,406.20676,1152.7759,2401.6262,399.75745,1152.7216,2433.378,427.5204,1175.6372,2440.0708,432.42322,1175.5992,2446.3103,437.29678,1175.4177,2396.7812,398.92554,817.38226,2454.5889,454.45798,915.49506,2382.164,434.743,1115.6414,2407.6833,453.98294,1143.242,2295.15,409.84964,566.1472,2451.5903,610.0737,688.7687,2123.771,511.49048,560.27686,2428.5667,822.9252,802.1802,1991.0101,606.0437,737.9023,2343.687,750.5809,1036.3354,1949.5535,625.5956,753.4523,2346.9685,720.13635,1064.8749,1957.0033,629.74506,753.4296,2332.141,698.0315,1068.7428,1974.034,629.06445,741.5797,2331.6567,707.41614,1040.0522,2069.4143,648.2851,-16.921524,2139.6985,762.3375,16.680883,1755.6415,790.3706,-211.7597,1757.2173,863.67664,-230.22533,1384.6259,900.8011,-480.82016,1395.1472,933.1727,-564.02484,1346.2412,926.352,-517.1635,1353.2908,960.5807,-603.7351,1282.8469,898.68713,-694.06744,1302.923,933.5957,-797.605
IMG_5760 copy 2.JPG,2403.9158,430.34732,1228.9512,2414.27,412.15283,1152.6238,2408.24,406.20676,1152.7759,2401.6262,399.75745,1152.7216,2433.378,427.5204,1175.6372,2440.0708,432.42322,1175.5992,2446.3103,437.29678,1175.4177,2396.7812,398.92554,817.38226,2454.5889,454.45798,915.49506,2382.164,434.743,1115.6414,2407.6833,453.98294,1143.242,2295.15,409.84964,566.1472,2451.5903,610.0737,688.7687,2123.771,511.49048,560.27686,2428.5667,822.9252,802.1802,1991.0101,606.0437,737.9023,2343.687,750.5809,1036.3354,1949.5535,625.5956,753.4523,2346.9685,720.13635,1064.8749,1957.0033,629.74506,753.4296,2332.141,698.0315,1068.7428,1974.034,629.06445,741.5797,2331.6567,707.41614,1040.0522,2069.4143,648.2851,-16.921524,2139.6985,762.3375,16.680883,1755.6415,790.3706,-211.7597,1757.2173,863.67664,-230.22533,1384.6259,900.8011,-480.82016,1395.1472,933.1727,-564.02484,1346.2412,926.352,-517.1635,1353.2908,960.5807,-603.7351,1282.8469,898.68713,-694.06744,1302.923,933.5957,-797.605
IMG_5760 copy 3.JPG,2403.9158,430.34732,1228.9512,2414.27,412.15283,1152.6238,2408.24,406.20676,1152.7759,2401.6262,399.75745,1152.7216,2433.378,427.5204,1175.6372,2440.0708,432.42322,1175.5992,2446.3103,437.29678,1175.4177,2396.7812,398.92554,817.38226,2454.5889,454.45798,915.49506,2382.164,434.743,1115.6414,2407.6833,453.98294,1143.242,2295.15,409.84964,566.1472,2451.5903,610.0737,688.7687,2123.771,511.49048,560.27686,2428.5667,822.9252,802.1802,1991.0101,606.0437,737.9023,2343.687,750.5809,1036.3354,1949.5535,625.5956,753.4523,2346.9685,720.13635,1064.8749,1957.0033,629.74506,753.4296,2332.141,698.0315,1068.7428,1974.034,629.06445,741.5797,2331.6567,707.41614,1040.0522,2069.4143,648.2851,-16.921524,2139.6985,762.3375,16.680883,1755.6415,790.3706,-211.7597,1757.2173,863.67664,-230.22533,1384.6259,900.8011,-480.82016,1395.1472,933.1727,-564.02484,1346.2412,926.352,-517.1635,1353.2908,960.5807,-603.7351,1282.8469,898.68713,-694.06744,1302.923,933.5957,-797.605
IMG_5760 copy 4.JPG,2403.9158,430.34732,1228.9512,2414.27,412.15283,1152.6238,2408.24,406.20676,1152.7759,2401.6262,399.75745,1152.7216,2433.378,427.5204,1175.6372,2440.0708,432.42322,1175.5992,2446.3103,437.29678,1175.4177,2396.7812,398.92554,817.38226,2454.5889,454.45798,915.49506,2382.164,434.743,1115.6414,2407.6833,453.98294,1143.242,2295.15,409.84964,566.1472,2451.5903,610.0737,688.7687,2123.771,511.49048,560.27686,2428.5667,822.9252,802.1802,1991.0101,606.0437,737.9023,2343.687,750.5809,1036.3354,1949.5535,625.5956,753.4523,2346.9685,720.13635,1064.8749,1957.0033,629.74506,753.4296,2332.141,698.0315,1068.7428,1974.034,629.06445,741.5797,2331.6567,707.41614,1040.0522,2069.4143,648.2851,-16.921524,2139.6985,762.3375,16.680883,1755.6415,790.3706,-211.7597,1757.2173,863.67664,-230.22533,1384.6259,900.8011,-480.82016,1395.1472,933.1727,-564.02484,1346.2412,926.352,-517.1635,1353.2908,960.5807,-603.7351,1282.8469,898.68713,-694.06744,1302.923,933.5957,-797.605
IMG_5760 copy 5.JPG,2403.9158,430.34732,1228.9512,2414.27,412.15283,1152.6238,2408.24,406.20676,1152.7759,2401.6262,399.75745,1152.7216,2433.378,427.5204,1175.6372,2440.0708,432.42322,1175.5992,2446.3103,437.29678,1175.4177,2396.7812,398.92554,817.38226,2454.5889,454.45798,915.49506,2382.164,434.743,1115.6414,2407.6833,453.98294,1143.242,2295.15,409.84964,566.1472,2451.5903,610.0737,688.7687,2123.771,511.49048,560.27686,2428.5667,822.9252,802.1802,1991.0101,606.0437,737.9023,2343.687,750.5809,1036.3354,1949.5535,625.5956,753.4523,2346.9685,720.13635,1064.8749,1957.0033,629.74506,753.4296,2332.141,698.0315,1068.7428,1974.034,629.06445,741.5797,2331.6567,707.41614,1040.0522,2069.4143,648.2851,-16.921524,2139.6985,762.3375,16.680883,1755.6415,790.3706,-211.7597,1757.2173,863.67664,-230.22533,1384.6259,900.8011,-480.82016,1395.1472,933.1727,-564.02484,1346.2412,926.352,-517.1635,1353.2908,960.5807,-603.7351,1282.8469,898.68713,-694.06744,1302.923,933.5957,-797.605
IMG_5760 copy 6.JPG,2403.9158,430.34732,1228.9512,2414.27,412.15283,1152.6238,2408.24,406.20676,1152.7759,2401.6262,399.75745,1152.7216,2433.378,427.5204,1175.6372,2440.0708,432.42322,1175.5992,2446.3103,437.29678,1175.4177,2396.7812,398.92554,817.38226,2454.5889,454.45798,915.49506,2382.164,434.743,1115.6414,2407.6833,453.98294,1143.242,2295.15,409.84964,566.1472,2451.5903,610.0737,688.7687,2123.771,511.49048,560.27686,2428.5667,822.9252,802.1802,1991.0101,606.0437,737.9023,2343.687,750.5809,1036.3354,1949.5535,625.5956,753.4523,2346.9685,720.13635,1064.8749,1957.0033,629.74506,753.4296,2332.141,698.0315,1068.7428,1974.034,629.06445,741.5797,2331.6567,707.41614,1040.0522,2069.4143,648.2851,-16.921524,2139.6985,762.3375,16.680883,1755.6415,790.3706,-211.7597,1757.2173,863.67664,-230.22533,1384.6259,900.8011,-480.82016,1395.1472,933.1727,-564.02484,1346.2412,926.352,-517.1635,1353.2908,960.5807,-603.7351,1282.8469,898.68713,-694.06744,1302.923,933.5957,-797.605
IMG_5760 copy 7.JPG,2403.9158,430.34732,1228.9512,2414.27,412.15283,1152.6238,2408.24,406.20676,1152.7759,2401.6262,399.75745,1152.7216,2433.378,427.5204,1175.6372,2440.0708,432.42322,1175.5992,2446.3103,437.29678,1175.4177,2396.7812,398.92554,817.38226,2454.5889,454.45798,915.49506,2382.164,434.743,1115.6414,2407.6833,453.98294,1143.242,2295.15,409.84964,566.1472,2451.5903,610.0737,688.7687,2123.771,511.49048,560.27686,2428.5667,822.9252,802.1802,1991.0101,606.0437,737.9023,2343.687,750.5809,1036.3354,1949.5535,625.5956,753.4523,2346.9685,720.13635,1064.8749,1957.0033,629.74506,753.4296,2332.141,698.0315,1068.7428,1974.034,629.06445,741.5797,2331.6567,707.41614,1040.0522,2069.4143,648.2851,-16.921524,2139.6985,762.3375,16.680883,1755.6415,790.3706,-211.7597,1757.2173,863.67664,-230.22533,1384.6259,900.8011,-480.82016,1395.1472,933.1727,-564.02484,1346.2412,926.352,-517.1635,1353.2908,960.5807,-603.7351,1282.8469,898.68713,-694.06744,1302.923,933.5957,-797.605
IMG_5760 copy 8.JPG,2403.9158,430.34732,1228.9512,2414.27,412.15283,1152.6238,2408.24,406.20676,1152.7759,2401.6262,399.75745,1152.7216,2433.378,427.5204,1175.6372,2440.0708,432.42322,1175.5992,2446.3103,437.29678,1175.4177,2396.7812,398.92554,817.38226,2454.5889,454.45798,915.49506,2382.164,434.743,1115.6414,2407.6833,453.98294,1143.242,2295.15,409.84964,566.1472,2451.5903,610.0737,688.7687,2123.771,511.49048,560.27686,2428.5667,822.9252,802.1802,1991.0101,606.0437,737.9023,2343.687,750.5809,1036.3354,1949.5535,625.5956,753.4523,2346.9685,720.13635,1064.8749,1957.0033,629.74506,753.4296,2332.141,698.0315,1068.7428,1974.034,629.06445,741.5797,2331.6567,707.41614,1040.0522,2069.4143,648.2851,-16.921524,2139.6985,762.3375,16.680883,1755.6415,790.3706,-211.7597,1757.2173,863.67664,-230.22533,1384.6259,900.8011,-480.82016,1395.1472,933.1727,-564.02484,1346.2412,926.352,-517.1635,1353.2908,960.5807,-603.7351,1282.8469,898.68713,-694.06744,1302.923,933.5957,-797.605
IMG_5760 copy 9.JPG,2403.9158,430.34732,1228.9512,2414.27,412.15283,1152.6238,2408.24,406.20676,1152.7759,2401.6262,399.75745,1152.7216,2433.378,427.5204,1175.6372,2440.0708,432.42322,1175.5992,2446.3103,437.29678,1175.4177,2396.7812,398.92554,817.38226,2454.5889,454.45798,915.49506,2382.164,434.743,1115.6414,2407.6833,453.98294,1143.242,2295.15,409.84964,566.1472,2451.5903,610.0737,688.7687,2123.771,511.49048,560.27686,2428.5667,822.9252,802.1802,1991.0101,606.0437,737.9023,2343.687,750.5809,1036.3354,1949.5535,625.5956,753.4523,2346.9685,720.13635,1064.8749,1957.0033,629.74506,753.4296,2332.141,698.0315,1068.7428,1974.034,629.06445,741.5797,2331.6567,707.41614,1040.0522,2069.4143,648.2851,-16.921524,2139.6985,762.3375,16.680883,1755.6415,790.3706,-211.7597,1757.2173,863.67664,-230.22533,1384.6259,900.8011,-480.82016,1395.1472,933.1727,-564.02484,1346.2412,926.352,-517.1635,1353.2908,960.5807,-603.7351,1282.8469,898.68713,-694.06744,1302.923,933.5957,-797.605
IMG_5760 copy.JPG,2403.9158,430.34732,1228.9512,2414.27,412.15283,1152.6238,2408.24,406.20676,1152.7759,2401.6262,399.75745,1152.7216,2433.378,427.5204,1175.6372,2440.0708,432.42322,1175.5992,2446.3103,437.29678,1175.4177,2396.7812,398.92554,817.38226,2454.5889,454.45798,915.49506,2382.164,434.743,1115.6414,2407.6833,453.98294,1143.242,2295.15,409.84964,566.1472,2451.5903,610.0737,688.7687,2123.771,511.49048,560.27686,2428.5667,822.9252,802.1802,1991.0101,606.0437,737.9023,2343.687,750.5809,1036.3354,1949.5535,625.5956,753.4523,2346.9685,720.13635,1064.8749,1957.0033,629.74506,753.4296,2332.141,698.0315,1068.7428,1974.034,629.06445,741.5797,2331.6567,707.41614,1040.0522,2069.4143,648.2851,-16.921524,2139.6985,762.3375,16.680883,1755.6415,790.3706,-211.7597,1757.2173,863.67664,-230.22533,1384.6259,900.8011,-480.82016,1395.1472,933.1727,-564.02484,1346.2412,926.352,-517.1635,1353.2908,960.5807,-603.7351,1282.8469,898.68713,-694.06744,1302.923,933.5957,-797.605
IMG_5760.JPG,2403.9158,430.34732,1228.9512,2414.27,412.15283,1152.6238,2408.24,406.20676,1152.7759,2401.6262,399.75745,1152.7216,2433.378,427.5204,1175.6372,2440.0708,432.42322,1175.5992,2446.3103,437.29678,1175.4177,2396.7812,398.92554,817.38226,2454.5889,454.45798,915.49506,2382.164,434.743,1115.6414,2407.6833,453.98294,1143.242,2295.15,409.84964,566.1472,2451.5903,610.0737,688.7687,2123.771,511.49048,560.27686,2428.5667,822.9252,802.1802,1991.0101,606.0437,737.9023,2343.687,750.5809,1036.3354,1949.5535,625.5956,753.4523,2346.9685,720.13635,1064.8749,1957.0033,629.74506,753.4296,2332.141,698.0315,1068.7428,1974.034,629.06445,741.5797,2331.6567,707.41614,1040.0522,2069.4143,648.2851,-16.921524,2139.6985,762.3375,16.680883,1755.6415,790.3706,-211.7597,1757.2173,863.67664,-230.22533,1384.6259,900.8011,-480.82016,1395.1472,933.1727,-564.02484,1346.2412,926.352,-517.1635,1353.2908,960.5807,-603.7351,1282.8469,898.68713,-694.06744,1302.923,933.5957,-797.605
IMG_5761.JPG,2411.916,440.69617,1694.6957,2423.5789,419.2423,1629.889,2417.1338,413.28638,1630.0457,2409.5164,407.20474,1630.2095,2442.0796,432.51718,1655.4885,2448.3328,435.9556,1655.4321,2454.3818,439.72815,1655.1523,2399.714,405.2584,1240.0133,2461.7324,455.1011,1355.2903,2392.368,444.5702,1549.7336,2417.234,462.3746,1582.3723,2287.813,410.71115,877.4796,2478.8323,625.62695,995.94495,2107.3118,528.7042,755.57416,2429.0789,856.3487,1123.5873,1984.876,654.0396,904.0371,2356.774,775.4329,1493.9554,1944.8766,675.5253,921.4206,2397.3047,760.3918,1552.2137,1957.2417,681.7987,942.3648,2363.118,712.8487,1557.9967,1973.4294,676.9812,914.90027,2351.2278,711.37195,1502.855,2073.7324,707.5121,24.880302,2159.4973,820.5526,-25.840014,1736.6376,881.27783,-132.14697,1748.6024,941.9823,-270.82083,1367.3955,1005.9242,-765.0283,1398.35,1055.9938,-991.21173,1323.791,1016.374,-848.9321,1349.7283,1054.0569,-1074.0381,1212.0819,1039.5637,-1069.9287,1240.4581,1102.484,-1307.0743
IMG_5762 copy 10.JPG,1417.2472,510.30023,385.24265,1407.0583,469.35608,406.00354,1411.1737,457.65964,405.77686,1416.1836,444.6614,405.48853,1401.968,494.7716,469.42032,1402.0878,500.68393,469.5672,1402.1359,506.0633,469.39148,1449.9979,419.63675,534.95703,1428.5127,501.82687,822.95654,1454.0253,503.0772,428.62408,1444.7898,533.5575,512.4136,1626.799,365.86368,381.77194,1612.0221,647.40924,933.2885,1871.4598,406.91434,80.02885,1737.3287,839.44635,573.2574,2082.2866,548.1585,-260.0025,1523.1345,906.7774,-302.99432,2165.9236,584.59357,-328.6064,1467.8196,917.83246,-453.05286,2142.4392,614.56757,-385.818,1451.9117,905.06586,-462.17838,2113.1626,613.27496,-278.78394,1471.5603,899.52075,-341.57578,2001.393,646.2349,-174.80336,1934.2996,802.90686,174.6226,2334.668,992.0429,-539.0535,2280.017,1106.4934,-239.87515,2735.0715,1302.6165,-868.69055,2665.7217,1405.3053,-547.6447,2826.7122,1340.6439,-911.0677,2764.4922,1415.9635,-592.5548,2802.36,1509.2745,-1238.5879,2675.2004,1580.4071,-861.32495
IMG_5762 copy 11.JPG,1417.2472,510.30023,385.24265,1407.0583,469.35608,406.00354,1411.1737,457.65964,405.77686,1416.1836,444.6614,405.48853,1401.968,494.7716,469.42032,1402.0878,500.68393,469.5672,1402.1359,506.0633,469.39148,1449.9979,419.63675,534.95703,1428.5127,501.82687,822.95654,1454.0253,503.0772,428.62408,1444.7898,533.5575,512.4136,1626.799,365.86368,381.77194,1612.0221,647.40924,933.2885,1871.4598,406.91434,80.02885,1737.3287,839.44635,573.2574,2082.2866,548.1585,-260.0025,1523.1345,906.7774,-302.99432,2165.9236,584.59357,-328.6064,1467.8196,917.83246,-453.05286,2142.4392,614.56757,-385.818,1451.9117,905.06586,-462.17838,2113.1626,613.27496,-278.78394,1471.5603,899.52075,-341.57578,2001.393,646.2349,-174.80336,1934.2996,802.90686,174.6226,2334.668,992.0429,-539.0535,2280.017,1106.4934,-239.87515,2735.0715,1302.6165,-868.69055,2665.7217,1405.3053,-547.6447,2826.7122,1340.6439,-911.0677,2764.4922,1415.9635,-592.5548,2802.36,1509.2745,-1238.5879,2675.2004,1580.4071,-861.32495
IMG_5762 copy 12.JPG,1417.2472,510.30023,385.24265,1407.0583,469.35608,406.00354,1411.1737,457.65964,405.77686,1416.1836,444.6614,405.48853,1401.968,494.7716,469.42032,1402.0878,500.68393,469.5672,1402.1359,506.0633,469.39148,1449.9979,419.63675,534.95703,1428.5127,501.82687,822.95654,1454.0253,503.0772,428.62408,1444.7898,533.5575,512.4136,1626.799,365.86368,381.77194,1612.0221,647.40924,933.2885,1871.4598,406.91434,80.02885,1737.3287,839.44635,573.2574,2082.2866,548.1585,-260.0025,1523.1345,906.7774,-302.99432,2165.9236,584.59357,-328.6064,1467.8196,917.83246,-453.05286,2142.4392,614.56757,-385.818,1451.9117,905.06586,-462.17838,2113.1626,613.27496,-278.78394,1471.5603,899.52075,-341.57578,2001.393,646.2349,-174.80336,1934.2996,802.90686,174.6226,2334.668,992.0429,-539.0535,2280.017,1106.4934,-239.87515,2735.0715,1302.6165,-868.69055,2665.7217,1405.3053,-547.6447,2826.7122,1340.6439,-911.0677,2764.4922,1415.9635,-592.5548,2802.36,1509.2745,-1238.5879,2675.2004,1580.4071,-861.32495
IMG_5762 copy 13.JPG,1417.2472,510.30023,385.24265,1407.0583,469.35608,406.00354,1411.1737,457.65964,405.77686,1416.1836,444.6614,405.48853,1401.968,494.7716,469.42032,1402.0878,500.68393,469.5672,1402.1359,506.0633,469.39148,1449.9979,419.63675,534.95703,1428.5127,501.82687,822.95654,1454.0253,503.0772,428.62408,1444.7898,533.5575,512.4136,1626.799,365.86368,381.77194,1612.0221,647.40924,933.2885,1871.4598,406.91434,80.02885,1737.3287,839.44635,573.2574,2082.2866,548.1585,-260.0025,1523.1345,906.7774,-302.99432,2165.9236,584.59357,-328.6064,1467.8196,917.83246,-453.05286,2142.4392,614.56757,-385.818,1451.9117,905.06586,-462.17838,2113.1626,613.27496,-278.78394,1471.5603,899.52075,-341.57578,2001.393,646.2349,-174.80336,1934.2996,802.90686,174.6226,2334.668,992.0429,-539.0535,2280.017,1106.4934,-239.87515,2735.0715,1302.6165,-868.69055,2665.7217,1405.3053,-547.6447,2826.7122,1340.6439,-911.0677,2764.4922,1415.9635,-592.5548,2802.36,1509.2745,-1238.5879,2675.2004,1580.4071,-861.32495
IMG_5762 copy 2.JPG,1417.2472,510.30023,385.24265,1407.0583,469.35608,406.00354,1411.1737,457.65964,405.77686,1416.1836,444.6614,405.48853,1401.968,494.7716,469.42032,1402.0878,500.68393,469.5672,1402.1359,506.0633,469.39148,1449.9979,419.63675,534.95703,1428.5127,501.82687,822.95654,1454.0253,503.0772,428.62408,1444.7898,533.5575,512.4136,1626.799,365.86368,381.77194,1612.0221,647.40924,933.2885,1871.4598,406.91434,80.02885,1737.3287,839.44635,573.2574,2082.2866,548.1585,-260.0025,1523.1345,906.7774,-302.99432,2165.9236,584.59357,-328.6064,1467.8196,917.83246,-453.05286,2142.4392,614.56757,-385.818,1451.9117,905.06586,-462.17838,2113.1626,613.27496,-278.78394,1471.5603,899.52075,-341.57578,2001.393,646.2349,-174.80336,1934.2996,802.90686,174.6226,2334.668,992.0429,-539.0535,2280.017,1106.4934,-239.87515,2735.0715,1302.6165,-868.69055,2665.7217,1405.3053,-547.6447,2826.7122,1340.6439,-911.0677,2764.4922,1415.9635,-592.5548,2802.36,1509.2745,-1238.5879,2675.2004,1580.4071,-861.32495
IMG_5762 copy 3.JPG,1417.2472,510.30023,385.24265,1407.0583,469.35608,406.00354,1411.1737,457.65964,405.77686,1416.1836,444.6614,405.48853,1401.968,494.7716,469.42032,1402.0878,500.68393,469.5672,1402.1359,506.0633,469.39148,1449.9979,419.63675,534.95703,1428.5127,501.82687,822.95654,1454.0253,503.0772,428.62408,1444.7898,533.5575,512.4136,1626.799,365.86368,381.77194,1612.0221,647.40924,933.2885,1871.4598,406.91434,80.02885,1737.3287,839.44635,573.2574,2082.2866,548.1585,-260.0025,1523.1345,906.7774,-302.99432,2165.9236,584.59357,-328.6064,1467.8196,917.83246,-453.05286,2142.4392,614.56757,-385.818,1451.9117,905.06586,-462.17838,2113.1626,613.27496,-278.78394,1471.5603,899.52075,-341.57578,2001.393,646.2349,-174.80336,1934.2996,802.90686,174.6226,2334.668,992.0429,-539.0535,2280.017,1106.4934,-239.87515,2735.0715,1302.6165,-868.69055,2665.7217,1405.3053,-547.6447,2826.7122,1340.6439,-911.0677,2764.4922,1415.9635,-592.5548,2802.36,1509.2745,-1238.5879,2675.2004,1580.4071,-861.32495
IMG_5762 copy 4.JPG,1417.2472,510.30023,385.24265,1407.0583,469.35608,406.00354,1411.1737,457.65964,405.77686,1416.1836,444.6614,405.48853,1401.968,494.7716,469.42032,1402.0878,500.68393,469.5672,1402.1359,506.0633,469.39148,1449.9979,419.63675,534.95703,1428.5127,501.82687,822.95654,1454.0253,503.0772,428.62408,1444.7898,533.5575,512.4136,1626.799,365.86368,381.77194,1612.0221,647.40924,933.2885,1871.4598,406.91434,80.02885,1737.3287,839.44635,573.2574,2082.2866,548.1585,-260.0025,1523.1345,906.7774,-302.99432,2165.9236,584.59357,-328.6064,1467.8196,917.83246,-453.05286,2142.4392,614.56757,-385.818,1451.9117,905.06586,-462.17838,2113.1626,613.27496,-278.78394,1471.5603,899.52075,-341.57578,2001.393,646.2349,-174.80336,1934.2996,802.90686,174.6226,2334.668,992.0429,-539.0535,2280.017,1106.4934,-239.87515,2735.0715,1302.6165,-868.69055,2665.7217,1405.3053,-547.6447,2826.7122,1340.6439,-911.0677,2764.4922,1415.9635,-592.5548,2802.36,1509.2745,-1238.5879,2675.2004,1580.4071,-861.32495
IMG_5762 copy 5.JPG,1417.2472,510.30023,385.24265,1407.0583,469.35608,406.00354,1411.1737,457.65964,405.77686,1416.1836,444.6614,405.48853,1401.968,494.7716,469.42032,1402.0878,500.68393,469.5672,1402.1359,506.0633,469.39148,1449.9979,419.63675,534.95703,1428.5127,501.82687,822.95654,1454.0253,503.0772,428.62408,1444.7898,533.5575,512.4136,1626.799,365.86368,381.77194,1612.0221,647.40924,933.2885,1871.4598,406.91434,80.02885,1737.3287,839.44635,573.2574,2082.2866,548.1585,-260.0025,1523.1345,906.7774,-302.99432,2165.9236,584.59357,-328.6064,1467.8196,917.83246,-453.05286,2142.4392,614.56757,-385.818,1451.9117,905.06586,-462.17838,2113.1626,613.27496,-278.78394,1471.5603,899.52075,-341.57578,2001.393,646.2349,-174.80336,1934.2996,802.90686,174.6226,2334.668,992.0429,-539.0535,2280.017,1106.4934,-239.87515,2735.0715,1302.6165,-868.69055,2665.7217,1405.3053,-547.6447,2826.7122,1340.6439,-911.0677,2764.4922,1415.9635,-592.5548,2802.36,1509.2745,-1238.5879,2675.2004,1580.4071,-861.32495
IMG_5762 copy 6.JPG,1417.2472,510.30023,385.24265,1407.0583,469.35608,406.00354,1411.1737,457.65964,405.77686,1416.1836,444.6614,405.48853,1401.968,494.7716,469.42032,1402.0878,500.68393,469.5672,1402.1359,506.0633,469.39148,1449.9979,419.63675,534.95703,1428.5127,501.82687,822.95654,1454.0253,503.0772,428.62408,1444.7898,533.5575,512.4136,1626.799,365.86368,381.77194,1612.0221,647.40924,933.2885,1871.4598,406.91434,80.02885,1737.3287,839.44635,573.2574,2082.2866,548.1585,-260.0025,1523.1345,906.7774,-302.99432,2165.9236,584.59357,-328.6064,1467.8196,917.83246,-453.05286,2142.4392,614.56757,-385.818,1451.9117,905.06586,-462.17838,2113.1626,613.27496,-278.78394,1471.5603,899.52075,-341.57578,2001.393,646.2349,-174.80336,1934.2996,802.90686,174.6226,2334.668,992.0429,-539.0535,2280.017,1106.4934,-239.87515,2735.0715,1302.6165,-868.69055,2665.7217,1405.3053,-547.6447,2826.7122,1340.6439,-911.0677,2764.4922,1415.9635,-592.5548,2802.36,1509.2745,-1238.5879,2675.2004,1580.4071,-861.32495
IMG_5762 copy 7.JPG,1417.2472,510.30023,385.24265,1407.0583,469.35608,406.00354,1411.1737,457.65964,405.77686,1416.1836,444.6614,405.48853,1401.968,494.7716,469.42032,1402.0878,500.68393,469.5672,1402.1359,506.0633,469.39148,1449.9979,419.63675,534.95703,1428.5127,501.82687,822.95654,1454.0253,503.0772,428.62408,1444.7898,533.5575,512.4136,1626.799,365.86368,381.77194,1612.0221,647.40924,933.2885,1871.4598,406.91434,80.02885,1737.3287,839.44635,573.2574,2082.2866,548.1585,-260.0025,1523.1345,906.7774,-302.99432,2165.9236,584.59357,-328.6064,1467.8196,917.83246,-453.05286,2142.4392,614.56757,-385.818,1451.9117,905.06586,-462.17838,2113.1626,613.27496,-278.78394,1471.5603,899.52075,-341.57578,2001.393,646.2349,-174.80336,1934.2996,802.90686,174.6226,2334.668,992.0429,-539.0535,2280.017,1106.4934,-239.87515,2735.0715,1302.6165,-868.69055,2665.7217,1405.3053,-547.6447,2826.7122,1340.6439,-911.0677,2764.4922,1415.9635,-592.5548,2802.36,1509.2745,-1238.5879,2675.2004,1580.4071,-861.32495
IMG_5762 copy 8.JPG,1417.2472,510.30023,385.24265,1407.0583,469.35608,406.00354,1411.1737,457.65964,405.77686,1416.1836,444.6614,405.48853,1401.968,494.7716,469.42032,1402.0878,500.68393,469.5672,1402.1359,506.0633,469.39148,1449.9979,419.63675,534.95703,1428.5127,501.82687,822.95654,1454.0253,503.0772,428.62408,1444.7898,533.5575,512.4136,1626.799,365.86368,381.77194,1612.0221,647.40924,933.2885,1871.4598,406.91434,80.02885,1737.3287,839.44635,573.2574,2082.2866,548.1585,-260.0025,1523.1345,906.7774,-302.99432,2165.9236,584.59357,-328.6064,1467.8196,917.83246,-453.05286,2142.4392,614.56757,-385.818,1451.9117,905.06586,-462.17838,2113.1626,613.27496,-278.78394,1471.5603,899.52075,-341.57578,2001.393,646.2349,-174.80336,1934.2996,802.90686,174.6226,2334.668,992.0429,-539.0535,2280.017,1106.4934,-239.87515,2735.0715,1302.6165,-868.69055,2665.7217,1405.3053,-547.6447,2826.7122,1340.6439,-911.0677,2764.4922,1415.9635,-592.5548,2802.36,1509.2745,-1238.5879,2675.2004,1580.4071,-861.32495
IMG_5762 copy 9.JPG,1417.2472,510.30023,385.24265,1407.0583,469.35608,406.00354,1411.1737,457.65964,405.77686,1416.1836,444.6614,405.48853,1401.968,494.7716,469.42032,1402.0878,500.68393,469.5672,1402.1359,506.0633,469.39148,1449.9979,419.63675,534.95703,1428.5127,501.82687,822.95654,1454.0253,503.0772,428.62408,1444.7898,533.5575,512.4136,1626.799,365.86368,381.77194,1612.0221,647.40924,933.2885,1871.4598,406.91434,80.02885,1737.3287,839.44635,573.2574,2082.2866,548.1585,-260.0025,1523.1345,906.7774,-302.99432,2165.9236,584.59357,-328.6064,1467.8196,917.83246,-453.05286,2142.4392,614.56757,-385.818,1451.9117,905.06586,-462.17838,2113.1626,613.27496,-278.78394,1471.5603,899.52075,-341.57578,2001.393,646.2349,-174.80336,1934.2996,802.90686,174.6226,2334.668,992.0429,-539.0535,2280.017,1106.4934,-239.87515,2735.0715,1302.6165,-868.69055,2665.7217,1405.3053,-547.6447,2826.7122,1340.6439,-911.0677,2764.4922,1415.9635,-592.5548,2802.36,1509.2745,-1238.5879,2675.2004,1580.4071,-861.32495
IMG_5762 copy.JPG,1417.2472,510.30023,385.24265,1407.0583,469.35608,406.00354,1411.1737,457.65964,405.77686,1416.1836,444.6614,405.48853,1401.968,494.7716,469.42032,1402.0878,500.68393,469.5672,1402.1359,506.0633,469.39148,1449.9979,419.63675,534.95703,1428.5127,501.82687,822.95654,1454.0253,503.0772,428.62408,1444.7898,533.5575,512.4136,1626.799,365.86368,381.77194,1612.0221,647.40924,933.2885,1871.4598,406.91434,80.02885,1737.3287,839.44635,573.2574,2082.2866,548.1585,-260.0025,1523.1345,906.7774,-302.99432,2165.9236,584.59357,-328.6064,1467.8196,917.83246,-453.05286,2142.4392,614.56757,-385.818,1451.9117,905.06586,-462.17838,2113.1626,613.27496,-278.78394,1471.5603,899.52075,-341.57578,2001.393,646.2349,-174.80336,1934.2996,802.90686,174.6226,2334.668,992.0429,-539.0535,2280.017,1106.4934,-239.87515,2735.0715,1302.6165,-868.69055,2665.7217,1405.3053,-547.6447,2826.7122,1340.6439,-911.0677,2764.4922,1415.9635,-592.5548,2802.36,1509.2745,-1238.5879,2675.2004,1580.4071,-861.32495
IMG_5762.JPG,1417.2472,510.30023,385.24265,1407.0583,469.35608,406.00354,1411.1737,457.65964,405.77686,1416.1836,444.6614,405.48853,1401.968,494.7716,469.42032,1402.0878,500.68393,469.5672,1402.1359,506.0633,469.39148,1449.9979,419.63675,534.95703,1428.5127,501.82687,822.95654,1454.0253,503.0772,428.62408,1444.7898,533.5575,512.4136,1626.799,365.86368,381.77194,1612.0221,647.40924,933.2885,1871.4598,406.91434,80.02885,1737.3287,839.44635,573.2574,2082.2866,548.1585,-260.0025,1523.1345,906.7774,-302.99432,2165.9236,584.59357,-328.6064,1467.8196,917.83246,-453.05286,2142.4392,614.56757,-385.818,1451.9117,905.06586,-462.17838,2113.1626,613.27496,-278.78394,1471.5603,899.52075,-341.57578,2001.393,646.2349,-174.80336,1934.2996,802.90686,174.6226,2334.668,992.0429,-539.0535,2280.017,1106.4934,-239.87515,2735.0715,1302.6165,-868.69055,2665.7217,1405.3053,-547.6447,2826.7122,1340.6439,-911.0677,2764.4922,1415.9635,-592.5548,2802.36,1509.2745,-1238.5879,2675.2004,1580.4071,-861.32495
IMG_5764.JPG,788.6324,261.52298,698.20715,769.51685,211.57913,664.11835,773.3075,203.73578,663.71405,777.5287,195.3629,663.6158,767.91486,219.57625,793.70807,769.8961,217.80962,793.61804,771.97766,215.37935,793.32153,827.38,157.191,580.4644,823.8364,185.21518,1155.1012,833.73486,267.62738,667.9223,830.23883,279.58383,835.62537,1020.8279,159.65851,127.04095,1037.5868,381.73892,1471.0448,1256.7979,324.02066,-286.62982,1203.2755,664.0994,1903.3291,1520.4669,485.61853,-613.1139,944.21185,753.6343,2105.4653,1611.2732,543.09393,-680.3476,878.64044,772.78735,2154.9673,1590.6487,571.77344,-746.947,860.62396,760.451,2102.8198,1561.231,563.6331,-632.2133,880.09753,754.86084,2070.4487,1441.4988,604.3048,-387.23102,1410.2017,731.54175,386.92148,1695.6195,1052.6742,-1264.891,1681.5083,1175.7393,-411.3995,2056.8628,1597.3295,-1806.3517,2012.6321,1644.3582,-986.95844,2192.428,1631.1593,-1861.6763,2176.121,1671.7501,-1062.4724,1981.6937,1888.714,-2262.219,1933.8287,1881.8805,-1365.8821
IMG_5765.JPG,350.73944,696.8084,101.81245,326.44406,644.2529,66.88304,331.206,632.8922,66.478775,335.87695,620.1171,66.38075,319.8098,657.47797,173.13991,319.6942,656.9753,172.92418,319.32254,655.7428,172.54611,385.58252,561.3708,12.4472065,369.58212,608.56866,479.731,404.48254,693.33203,86.71332,399.05484,709.76263,223.00131,643.95105,505.2386,-214.69292,658.2792,788.07587,734.4922,994.8964,573.12085,-462.69968,869.77313,998.1156,768.84094,1346.1807,631.41394,-708.2175,618.8319,1149.2489,290.92868,1460.6147,650.01416,-761.9111,550.63544,1175.7631,189.9035,1450.9838,681.7408,-869.5384,525.77374,1163.6262,121.77118,1420.9166,685.3031,-742.65424,548.57465,1152.9865,230.00801,1271.6003,793.66925,-301.9089,1232.129,972.4609,301.92984,1798.5569,1080.1079,-644.2272,1784.7032,1171.4772,-263.31512,2371.5745,1318.3024,-850.5638,2356.492,1405.658,-531.8172,2501.881,1301.4636,-888.5761,2476.3643,1378.0989,-578.1818,2505.285,1558.9205,-1292.6892,2479.9185,1621.0292,-910.3293
IMG_5766.JPG,655.5471,586.17285,-101.00331,626.13654,530.8634,-123.6178,631.62445,517.82904,-123.96802,637.92395,503.6192,-124.136375,618.21405,548.3529,-41.46546,617.6354,549.88416,-41.54212,617.31177,550.383,-41.8836,694.6976,451.95773,-90.25837,669.21027,508.0592,272.9939,710.6382,581.26495,-80.94641,700.17377,604.81494,25.61494,961.0657,384.8917,-213.67194,965.80115,693.23596,536.93463,1344.5079,482.052,-390.80832,1152.004,924.43896,312.22794,1746.8914,528.28876,-594.2175,890.15454,1064.1068,-508.97147,1865.3809,543.07025,-658.4836,817.73285,1096.35,-646.4115,1852.9426,579.9901,-763.3243,803.76605,1086.5509,-710.5474,1820.3264,585.1228,-629.3347,828.2532,1070.4819,-568.5984,1671.7377,690.14166,-258.35962,1610.0779,887.58026,257.94086,2210.427,996.4413,-366.17978,2194.2969,1093.3176,68.721825,2814.253,1215.3171,-423.73184,2792.5352,1301.4543,-21.976133,2921.8318,1183.8448,-452.9436,2886.3428,1271.494,-51.178085,2996.5432,1426.6238,-890.42834,2960.3955,1496.9664,-393.58432
IMG_5767.JPG,485.9565,605.59485,-188.85628,451.63156,543.1355,-247.32639,457.0503,529.1831,-247.65205,462.5994,513.74005,-247.82033,440.47122,561.1731,-129.24693,438.52023,560.9292,-129.34467,436.29184,560.12537,-129.71382,516.2843,443.80774,-269.979,484.07266,500.82083,248.00713,553.49884,600.8206,-182.20634,541.68427,618.5452,-32.101086,889.75616,325.0317,-319.78918,822.0773,696.5731,531.4525,1381.3918,403.56308,-434.04745,1043.3553,914.0812,226.97531,1841.1823,411.99908,-503.938,824.9231,1132.2036,-813.61383,1959.987,432.92517,-560.24097,747.4046,1202.6876,-973.3998,1954.5979,467.12234,-677.54175,735.34406,1197.3771,-1075.8496,1915.5591,468.69336,-535.3796,761.02856,1171.0092,-896.7809,1725.0946,591.6437,-211.51299,1672.056,841.39,210.93112,2366.0273,795.87415,-220.96107,2360.7517,952.2656,41.250736,3074.1895,898.668,-16.846094,3048.4346,1050.1741,212.3938,3158.2754,869.8906,-36.073154,3132.9473,1022.4002,199.79016,3350.0706,1014.16754,-606.5225,3316.198,1146.7609,-278.82065
IMG_5768 copy 10.JPG,1567.672,849.15076,-680.0474,1543.6708,823.7488,-683.35895,1544.4175,813.55457,-683.0285,1545.1609,803.3505,-682.9502,1539.0343,857.11005,-669.00037,1536.9501,867.90564,-669.2351,1534.9772,877.4014,-669.2906,1549.3688,781.3262,-485.63165,1534.2949,882.9473,-437.4803,1597.0139,828.83,-588.12634,1586.7659,864.50775,-574.72095,1689.3055,707.10394,-264.7638,1582.2676,943.225,-305.35028,1853.0227,685.6206,-115.73886,1575.8854,1068.8909,-690.38,2018.3981,711.5993,-123.236694,1590.5708,1129.0656,-1319.2131,2071.3276,720.327,-126.09352,1613.9275,1155.6537,-1426.0048,2058.5044,739.86774,-188.30383,1629.4033,1133.5618,-1411.6184,2039.1853,744.03723,-139.9673,1631.5631,1118.4517,-1330.2648,2001.3595,813.82104,17.466545,1972.5411,948.2084,-18.060087,2242.1907,882.1037,154.74918,2228.616,966.8975,63.111847,2443.6912,922.93286,557.34717,2450.7966,1001.84326,396.42017,2451.6182,932.2038,589.61725,2464.4185,999.9401,422.85822,2544.434,947.5578,371.76944,2558.3745,1003.71375,177.8541
IMG_5768 copy 11.JPG,1567.672,849.15076,-680.0474,1543.6708,823.7488,-683.35895,1544.4175,813.55457,-683.0285,1545.1609,803.3505,-682.9502,1539.0343,857.11005,-669.00037,1536.9501,867.90564,-669.2351,1534.9772,877.4014,-669.2906,1549.3688,781.3262,-485.63165,1534.2949,882.9473,-437.4803,1597.0139,828.83,-588.12634,1586.7659,864.50775,-574.72095,1689.3055,707.10394,-264.7638,1582.2676,943.225,-305.35028,1853.0227,685.6206,-115.73886,1575.8854,1068.8909,-690.38,2018.3981,711.5993,-123.236694,1590.5708,1129.0656,-1319.2131,2071.3276,720.327,-126.09352,1613.9275,1155.6537,-1426.0048,2058.5044,739.86774,-188.30383,1629.4033,1133.5618,-1411.6184,2039.1853,744.03723,-139.9673,1631.5631,1118.4517,-1330.2648,2001.3595,813.82104,17.466545,1972.5411,948.2084,-18.060087,2242.1907,882.1037,154.74918,2228.616,966.8975,63.111847,2443.6912,922.93286,557.34717,2450.7966,1001.84326,396.42017,2451.6182,932.2038,589.61725,2464.4185,999.9401,422.85822,2544.434,947.5578,371.76944,2558.3745,1003.71375,177.8541
IMG_5768 copy 12.JPG,1567.672,849.15076,-680.0474,1543.6708,823.7488,-683.35895,1544.4175,813.55457,-683.0285,1545.1609,803.3505,-682.9502,1539.0343,857.11005,-669.00037,1536.9501,867.90564,-669.2351,1534.9772,877.4014,-669.2906,1549.3688,781.3262,-485.63165,1534.2949,882.9473,-437.4803,1597.0139,828.83,-588.12634,1586.7659,864.50775,-574.72095,1689.3055,707.10394,-264.7638,1582.2676,943.225,-305.35028,1853.0227,685.6206,-115.73886,1575.8854,1068.8909,-690.38,2018.3981,711.5993,-123.236694,1590.5708,1129.0656,-1319.2131,2071.3276,720.327,-126.09352,1613.9275,1155.6537,-1426.0048,2058.5044,739.86774,-188.30383,1629.4033,1133.5618,-1411.6184,2039.1853,744.03723,-139.9673,1631.5631,1118.4517,-1330.2648,2001.3595,813.82104,17.466545,1972.5411,948.2084,-18.060087,2242.1907,882.1037,154.74918,2228.616,966.8975,63.111847,2443.6912,922.93286,557.34717,2450.7966,1001.84326,396.42017,2451.6182,932.2038,589.61725,2464.4185,999.9401,422.85822,2544.434,947.5578,371.76944,2558.3745,1003.71375,177.8541
IMG_5768 copy 13.JPG,1567.672,849.15076,-680.0474,1543.6708,823.7488,-683.35895,1544.4175,813.55457,-683.0285,1545.1609,803.3505,-682.9502,1539.0343,857.11005,-669.00037,1536.9501,867.90564,-669.2351,1534.9772,877.4014,-669.2906,1549.3688,781.3262,-485.63165,1534.2949,882.9473,-437.4803,1597.0139,828.83,-588.12634,1586.7659,864.50775,-574.72095,1689.3055,707.10394,-264.7638,1582.2676,943.225,-305.35028,1853.0227,685.6206,-115.73886,1575.8854,1068.8909,-690.38,2018.3981,711.5993,-123.236694,1590.5708,1129.0656,-1319.2131,2071.3276,720.327,-126.09352,1613.9275,1155.6537,-1426.0048,2058.5044,739.86774,-188.30383,1629.4033,1133.5618,-1411.6184,2039.1853,744.03723,-139.9673,1631.5631,1118.4517,-1330.2648,2001.3595,813.82104,17.466545,1972.5411,948.2084,-18.060087,2242.1907,882.1037,154.74918,2228.616,966.8975,63.111847,2443.6912,922.93286,557.34717,2450.7966,1001.84326,396.42017,2451.6182,932.2038,589.61725,2464.4185,999.9401,422.85822,2544.434,947.5578,371.76944,2558.3745,1003.71375,177.8541
IMG_5768 copy 14.JPG,1567.672,849.15076,-680.0474,1543.6708,823.7488,-683.35895,1544.4175,813.55457,-683.0285,1545.1609,803.3505,-682.9502,1539.0343,857.11005,-669.00037,1536.9501,867.90564,-669.2351,1534.9772,877.4014,-669.2906,1549.3688,781.3262,-485.63165,1534.2949,882.9473,-437.4803,1597.0139,828.83,-588.12634,1586.7659,864.50775,-574.72095,1689.3055,707.10394,-264.7638,1582.2676,943.225,-305.35028,1853.0227,685.6206,-115.73886,1575.8854,1068.8909,-690.38,2018.3981,711.5993,-123.236694,1590.5708,1129.0656,-1319.2131,2071.3276,720.327,-126.09352,1613.9275,1155.6537,-1426.0048,2058.5044,739.86774,-188.30383,1629.4033,1133.5618,-1411.6184,2039.1853,744.03723,-139.9673,1631.5631,1118.4517,-1330.2648,2001.3595,813.82104,17.466545,1972.5411,948.2084,-18.060087,2242.1907,882.1037,154.74918,2228.616,966.8975,63.111847,2443.6912,922.93286,557.34717,2450.7966,1001.84326,396.42017,2451.6182,932.2038,589.61725,2464.4185,999.9401,422.85822,2544.434,947.5578,371.76944,2558.3745,1003.71375,177.8541
IMG_5768 copy 2.JPG,1567.672,849.15076,-680.0474,1543.6708,823.7488,-683.35895,1544.4175,813.55457,-683.0285,1545.1609,803.3505,-682.9502,1539.0343,857.11005,-669.00037,1536.9501,867.90564,-669.2351,1534.9772,877.4014,-669.2906,1549.3688,781.3262,-485.63165,1534.2949,882.9473,-437.4803,1597.0139,828.83,-588.12634,1586.7659,864.50775,-574.72095,1689.3055,707.10394,-264.7638,1582.2676,943.225,-305.35028,1853.0227,685.6206,-115.73886,1575.8854,1068.8909,-690.38,2018.3981,711.5993,-123.236694,1590.5708,1129.0656,-1319.2131,2071.3276,720.327,-126.09352,1613.9275,1155.6537,-1426.0048,2058.5044,739.86774,-188.30383,1629.4033,1133.5618,-1411.6184,2039.1853,744.03723,-139.9673,1631.5631,1118.4517,-1330.2648,2001.3595,813.82104,17.466545,1972.5411,948.2084,-18.060087,2242.1907,882.1037,154.74918,2228.616,966.8975,63.111847,2443.6912,922.93286,557.34717,2450.7966,1001.84326,396.42017,2451.6182,932.2038,589.61725,2464.4185,999.9401,422.85822,2544.434,947.5578,371.76944,2558.3745,1003.71375,177.8541
IMG_5768 copy 3.JPG,1567.672,849.15076,-680.0474,1543.6708,823.7488,-683.35895,1544.4175,813.55457,-683.0285,1545.1609,803.3505,-682.9502,1539.0343,857.11005,-669.00037,1536.9501,867.90564,-669.2351,1534.9772,877.4014,-669.2906,1549.3688,781.3262,-485.63165,1534.2949,882.9473,-437.4803,1597.0139,828.83,-588.12634,1586.7659,864.50775,-574.72095,1689.3055,707.10394,-264.7638,1582.2676,943.225,-305.35028,1853.0227,685.6206,-115.73886,1575.8854,1068.8909,-690.38,2018.3981,711.5993,-123.236694,1590.5708,1129.0656,-1319.2131,2071.3276,720.327,-126.09352,1613.9275,1155.6537,-1426.0048,2058.5044,739.86774,-188.30383,1629.4033,1133.5618,-1411.6184,2039.1853,744.03723,-139.9673,1631.5631,1118.4517,-1330.2648,2001.3595,813.82104,17.466545,1972.5411,948.2084,-18.060087,2242.1907,882.1037,154.74918,2228.616,966.8975,63.111847,2443.6912,922.93286,557.34717,2450.7966,1001.84326,396.42017,2451.6182,932.2038,589.61725,2464.4185,999.9401,422.85822,2544.434,947.5578,371.76944,2558.3745,1003.71375,177.8541
IMG_5768 copy 4.JPG,1567.672,849.15076,-680.0474,1543.6708,823.7488,-683.35895,1544.4175,813.55457,-683.0285,1545.1609,803.3505,-682.9502,1539.0343,857.11005,-669.00037,1536.9501,867.90564,-669.2351,1534.9772,877.4014,-669.2906,1549.3688,781.3262,-485.63165,1534.2949,882.9473,-437.4803,1597.0139,828.83,-588.12634,1586.7659,864.50775,-574.72095,1689.3055,707.10394,-264.7638,1582.2676,943.225,-305.35028,1853.0227,685.6206,-115.73886,1575.8854,1068.8909,-690.38,2018.3981,711.5993,-123.236694,1590.5708,1129.0656,-1319.2131,2071.3276,720.327,-126.09352,1613.9275,1155.6537,-1426.0048,2058.5044,739.86774,-188.30383,1629.4033,1133.5618,-1411.6184,2039.1853,744.03723,-139.9673,1631.5631,1118.4517,-1330.2648,2001.3595,813.82104,17.466545,1972.5411,948.2084,-18.060087,2242.1907,882.1037,154.74918,2228.616,966.8975,63.111847,2443.6912,922.93286,557.34717,2450.7966,1001.84326,396.42017,2451.6182,932.2038,589.61725,2464.4185,999.9401,422.85822,2544.434,947.5578,371.76944,2558.3745,1003.71375,177.8541
IMG_5768 copy 5.JPG,1567.672,849.15076,-680.0474,1543.6708,823.7488,-683.35895,1544.4175,813.55457,-683.0285,1545.1609,803.3505,-682.9502,1539.0343,857.11005,-669.00037,1536.9501,867.90564,-669.2351,1534.9772,877.4014,-669.2906,1549.3688,781.3262,-485.63165,1534.2949,882.9473,-437.4803,1597.0139,828.83,-588.12634,1586.7659,864.50775,-574.72095,1689.3055,707.10394,-264.7638,1582.2676,943.225,-305.35028,1853.0227,685.6206,-115.73886,1575.8854,1068.8909,-690.38,2018.3981,711.5993,-123.236694,1590.5708,1129.0656,-1319.2131,2071.3276,720.327,-126.09352,1613.9275,1155.6537,-1426.0048,2058.5044,739.86774,-188.30383,1629.4033,1133.5618,-1411.6184,2039.1853,744.03723,-139.9673,1631.5631,1118.4517,-1330.2648,2001.3595,813.82104,17.466545,1972.5411,948.2084,-18.060087,2242.1907,882.1037,154.74918,2228.616,966.8975,63.111847,2443.6912,922.93286,557.34717,2450.7966,1001.84326,396.42017,2451.6182,932.2038,589.61725,2464.4185,999.9401,422.85822,2544.434,947.5578,371.76944,2558.3745,1003.71375,177.8541
IMG_5768 copy 6.JPG,1567.672,849.15076,-680.0474,1543.6708,823.7488,-683.35895,1544.4175,813.55457,-683.0285,1545.1609,803.3505,-682.9502,1539.0343,857.11005,-669.00037,1536.9501,867.90564,-669.2351,1534.9772,877.4014,-669.2906,1549.3688,781.3262,-485.63165,1534.2949,882.9473,-437.4803,1597.0139,828.83,-588.12634,1586.7659,864.50775,-574.72095,1689.3055,707.10394,-264.7638,1582.2676,943.225,-305.35028,1853.0227,685.6206,-115.73886,1575.8854,1068.8909,-690.38,2018.3981,711.5993,-123.236694,1590.5708,1129.0656,-1319.2131,2071.3276,720.327,-126.09352,1613.9275,1155.6537,-1426.0048,2058.5044,739.86774,-188.30383,1629.4033,1133.5618,-1411.6184,2039.1853,744.03723,-139.9673,1631.5631,1118.4517,-1330.2648,2001.3595,813.82104,17.466545,1972.5411,948.2084,-18.060087,2242.1907,882.1037,154.74918,2228.616,966.8975,63.111847,2443.6912,922.93286,557.34717,2450.7966,1001.84326,396.42017,2451.6182,932.2038,589.61725,2464.4185,999.9401,422.85822,2544.434,947.5578,371.76944,2558.3745,1003.71375,177.8541
IMG_5768 copy 7.JPG,1567.672,849.15076,-680.0474,1543.6708,823.7488,-683.35895,1544.4175,813.55457,-683.0285,1545.1609,803.3505,-682.9502,1539.0343,857.11005,-669.00037,1536.9501,867.90564,-669.2351,1534.9772,877.4014,-669.2906,1549.3688,781.3262,-485.63165,1534.2949,882.9473,-437.4803,1597.0139,828.83,-588.12634,1586.7659,864.50775,-574.72095,1689.3055,707.10394,-264.7638,1582.2676,943.225,-305.35028,1853.0227,685.6206,-115.73886,1575.8854,1068.8909,-690.38,2018.3981,711.5993,-123.236694,1590.5708,1129.0656,-1319.2131,2071.3276,720.327,-126.09352,1613.9275,1155.6537,-1426.0048,2058.5044,739.86774,-188.30383,1629.4033,1133.5618,-1411.6184,2039.1853,744.03723,-139.9673,1631.5631,1118.4517,-1330.2648,2001.3595,813.82104,17.466545,1972.5411,948.2084,-18.060087,2242.1907,882.1037,154.74918,2228.616,966.8975,63.111847,2443.6912,922.93286,557.34717,2450.7966,1001.84326,396.42017,2451.6182,932.2038,589.61725,2464.4185,999.9401,422.85822,2544.434,947.5578,371.76944,2558.3745,1003.71375,177.8541
IMG_5768 copy 8.JPG,1567.672,849.15076,-680.0474,1543.6708,823.7488,-683.35895,1544.4175,813.55457,-683.0285,1545.1609,803.3505,-682.9502,1539.0343,857.11005,-669.00037,1536.9501,867.90564,-669.2351,1534.9772,877.4014,-669.2906,1549.3688,781.3262,-485.63165,1534.2949,882.9473,-437.4803,1597.0139,828.83,-588.12634,1586.7659,864.50775,-574.72095,1689.3055,707.10394,-264.7638,1582.2676,943.225,-305.35028,1853.0227,685.6206,-115.73886,1575.8854,1068.8909,-690.38,2018.3981,711.5993,-123.236694,1590.5708,1129.0656,-1319.2131,2071.3276,720.327,-126.09352,1613.9275,1155.6537,-1426.0048,2058.5044,739.86774,-188.30383,1629.4033,1133.5618,-1411.6184,2039.1853,744.03723,-139.9673,1631.5631,1118.4517,-1330.2648,2001.3595,813.82104,17.466545,1972.5411,948.2084,-18.060087,2242.1907,882.1037,154.74918,2228.616,966.8975,63.111847,2443.6912,922.93286,557.34717,2450.7966,1001.84326,396.42017,2451.6182,932.2038,589.61725,2464.4185,999.9401,422.85822,2544.434,947.5578,371.76944,2558.3745,1003.71375,177.8541
IMG_5768 copy 9.JPG,1567.672,849.15076,-680.0474,1543.6708,823.7488,-683.35895,1544.4175,813.55457,-683.0285,1545.1609,803.3505,-682.9502,1539.0343,857.11005,-669.00037,1536.9501,867.90564,-669.2351,1534.9772,877.4014,-669.2906,1549.3688,781.3262,-485.63165,1534.2949,882.9473,-437.4803,1597.0139,828.83,-588.12634,1586.7659,864.50775,-574.72095,1689.3055,707.10394,-264.7638,1582.2676,943.225,-305.35028,1853.0227,685.6206,-115.73886,1575.8854,1068.8909,-690.38,2018.3981,711.5993,-123.236694,1590.5708,1129.0656,-1319.2131,2071.3276,720.327,-126.09352,1613.9275,1155.6537,-1426.0048,2058.5044,739.86774,-188.30383,1629.4033,1133.5618,-1411.6184,2039.1853,744.03723,-139.9673,1631.5631,1118.4517,-1330.2648,2001.3595,813.82104,17.466545,1972.5411,948.2084,-18.060087,2242.1907,882.1037,154.74918,2228.616,966.8975,63.111847,2443.6912,922.93286,557.34717,2450.7966,1001.84326,396.42017,2451.6182,932.2038,589.61725,2464.4185,999.9401,422.85822,2544.434,947.5578,371.76944,2558.3745,1003.71375,177.8541
IMG_5768 copy.JPG,1567.672,849.15076,-680.0474,1543.6708,823.7488,-683.35895,1544.4175,813.55457,-683.0285,1545.1609,803.3505,-682.9502,1539.0343,857.11005,-669.00037,1536.9501,867.90564,-669.2351,1534.9772,877.4014,-669.2906,1549.3688,781.3262,-485.63165,1534.2949,882.9473,-437.4803,1597.0139,828.83,-588.12634,1586.7659,864.50775,-574.72095,1689.3055,707.10394,-264.7638,1582.2676,943.225,-305.35028,1853.0227,685.6206,-115.73886,1575.8854,1068.8909,-690.38,2018.3981,711.5993,-123.236694,1590.5708,1129.0656,-1319.2131,2071.3276,720.327,-126.09352,1613.9275,1155.6537,-1426.0048,2058.5044,739.86774,-188.30383,1629.4033,1133.5618,-1411.6184,2039.1853,744.03723,-139.9673,1631.5631,1118.4517,-1330.2648,2001.3595,813.82104,17.466545,1972.5411,948.2084,-18.060087,2242.1907,882.1037,154.74918,2228.616,966.8975,63.111847,2443.6912,922.93286,557.34717,2450.7966,1001.84326,396.42017,2451.6182,932.2038,589.61725,2464.4185,999.9401,422.85822,2544.434,947.5578,371.76944,2558.3745,1003.71375,177.8541
IMG_5768.JPG,1567.672,849.15076,-680.0474,1543.6708,823.7488,-683.35895,1544.4175,813.55457,-683.0285,1545.1609,803.3505,-682.9502,1539.0343,857.11005,-669.00037,1536.9501,867.90564,-669.2351,1534.9772,877.4014,-669.2906,1549.3688,781.3262,-485.63165,1534.2949,882.9473,-437.4803,1597.0139,828.83,-588.12634,1586.7659,864.50775,-574.72095,1689.3055,707.10394,-264.7638,1582.2676,943.225,-305.35028,1853.0227,685.6206,-115.73886,1575.8854,1068.8909,-690.38,2018.3981,711.5993,-123.236694,1590.5708,1129.0656,-1319.2131,2071.3276,720.327,-126.09352,1613.9275,1155.6537,-1426.0048,2058.5044,739.86774,-188.30383,1629.4033,1133.5618,-1411.6184,2039.1853,744.03723,-139.9673,1631.5631,1118.4517,-1330.2648,2001.3595,813.82104,17.466545,1972.5411,948.2084,-18.060087,2242.1907,882.1037,154.74918,2228.616,966.8975,63.111847,2443.6912,922.93286,557.34717,2450.7966,1001.84326,396.42017,2451.6182,932.2038,589.61725,2464.4185,999.9401,422.85822,2544.434,947.5578,371.76944,2558.3745,1003.71375,177.8541
IMG_5798.JPG,2664.9373,646.73,253.94568,2679.0938,634.03217,146.30594,2675.4565,625.7026,146.31433,2671.938,617.53143,146.29596,2688.1765,659.41425,161.06271,2690.6045,668.8902,161.06673,2692.8755,678.6086,160.78589,2652.894,617.31506,-196.01437,2677.4622,705.67993,-142.29353,2635.4983,642.6197,153.70839,2643.2302,668.5399,169.36826,2448.7979,584.2422,-391.15207,2555.195,845.7479,-148.19347,2184.2603,611.14746,-351.1952,2539.055,1050.9856,52.03539,1977.2236,649.5255,-116.626495,2542.3938,1050.846,468.03308,1923.9612,659.1859,-113.75406,2546.2869,1053.5393,525.32214,1923.2085,667.7978,-122.58044,2544.1897,1027.3235,527.1632,1946.0568,669.12787,-111.08995,2537.2534,1018.17487,478.98276,2054.0166,753.55615,-92.80372,2088.8694,891.5988,92.16909,1767.2065,782.4344,333.56992,1797.78,877.015,435.63327,1505.9402,832.488,715.9203,1511.9377,896.6588,739.18134,1464.9454,842.67883,754.3099,1465.7599,920.01605,768.86566,1483.4716,786.9744,747.9585,1497.3285,846.20435,735.4657
IMG_5808.JPG,913.64014,675.5357,-168.76317,882.8356,636.9553,-187.42015,885.13904,620.1678,-187.49382,887.893,602.351,-187.75333,884.14636,677.5253,-103.15426,886.8594,688.25946,-102.94532,890.116,698.4363,-102.98486,939.0419,552.43805,-99.00074,930.86035,689.4508,286.45932,969.8635,641.0083,-126.02866,970.15234,698.04535,-14.627202,1345.3391,429.55298,-93.067795,1155.756,859.33496,448.08655,1737.8302,571.33307,-194.83069,1250.8383,1080.9396,185.8745,2080.1533,766.2026,-260.55682,1064.159,1269.9888,-692.7671,2198.7668,805.47784,-300.66962,1004.5608,1332.5542,-841.7164,2176.866,846.5604,-415.3932,1001.3926,1318.5725,-907.824,2132.8975,843.1414,-293.925,1027.9995,1297.6699,-761.0129,1934.4087,847.2435,-118.968636,1843.9128,1103.9694,119.00793,2457.5825,1082.9647,-326.30685,2413.5405,1264.9767,-58.763123,3064.6777,1288.3293,-327.25348,3040.938,1418.3019,-130.43564,3155.858,1307.4227,-355.47864,3151.7092,1417.3408,-157.03691,3223.5227,1442.9496,-839.89014,3114.428,1610.0527,-534.4897
IMG_5809.JPG,791.90955,780.602,-488.29834,749.66833,732.06396,-501.56894,751.95544,708.3884,-501.40344,754.43854,684.7635,-501.43234,751.41235,778.0741,-418.8271,753.62854,786.8757,-418.70248,756.3656,796.3049,-418.84094,810.80597,619.0438,-352.4456,797.86066,781.28625,19.852526,860.4444,740.5677,-421.053,854.2126,803.24677,-313.72745,1246.7909,478.75677,-254.07452,1034.7365,943.03955,216.06276,1680.3593,601.8405,-258.95044,1096.0608,1179.7349,-138.20328,2060.6597,780.81287,-349.10565,961.7561,1404.9963,-1109.3566,2188.3054,812.82416,-395.34845,918.01044,1471.7548,-1263.4435,2157.3418,859.0935,-510.19647,925.1794,1460.0876,-1347.5757,2109.041,858.9614,-382.24078,948.0375,1438.3077,-1183.168,1911.71,878.8558,-99.25367,1828.257,1140.6056,98.60237,2459.916,1076.8423,-193.7846,2420.4783,1260.4326,-7.490176,3049.525,1226.0605,1.2997496,3018.6914,1371.4142,128.86334,3127.2437,1231.1611,-15.8758745,3106.3179,1360.0131,118.924355,3263.4817,1358.717,-547.5777,3166.0425,1535.6587,-312.52075
IMG_5810.JPG,830.26733,887.9157,-695.0522,770.76874,836.82465,-698.50793,767.52203,806.3878,-698.428,766.2033,775.5898,-698.56384,777.5937,891.1229,-650.1781,778.92505,905.29193,-650.21924,780.5671,918.31696,-650.4788,801.558,711.117,-459.6731,805.5356,891.067,-243.60887,895.88324,833.8896,-590.7561,894.129,901.1024,-529.3123,1230.9398,499.9999,-282.35754,1042.1799,1031.5399,-98.519806,1695.2872,587.23456,-275.45236,1081.9147,1312.4891,-705.1075,2105.5156,718.6777,-427.98016,1034.7584,1522.7719,-1848.8425,2232.186,725.5182,-465.38345,1027.9875,1592.2599,-2021.3495,2210.3225,774.4626,-579.70404,1051.1025,1564.4952,-2061.9429,2164.6372,780.8954,-462.15372,1064.8823,1537.8386,-1901.6488,1930.7013,844.13873,-52.893654,1884.0693,1113.523,52.020306,2467.1335,975.7384,38.37258,2444.4495,1144.6843,91.37842,2991.9866,1006.8551,308.45416,2965.0593,1164.0319,357.75198,3050.252,986.5514,298.0861,3025.7332,1144.3502,363.4571,3209.5217,1139.8517,-158.71378,3152.8643,1276.1761,-0.8603766
IMG_5811.JPG,1386.101,842.69965,-933.25903,1359.8367,823.5415,-964.6372,1358.6077,812.33453,-964.3346,1356.5961,800.227,-964.5083,1356.8401,841.83655,-928.49994,1354.0271,844.35345,-928.8618,1350.6337,847.2676,-929.1472,1343.4641,747.2354,-819.0088,1334.8179,819.94824,-668.1385,1406.788,813.8894,-849.6142,1400.5886,835.0666,-807.79694,1508.4102,607.1258,-536.98663,1363.2168,877.1892,-520.7382,1735.5585,600.41113,-456.74802,1347.2865,1000.98785,-865.1179,1926.9982,660.7168,-455.35257,1382.8583,1054.5946,-1474.7443,1990.2775,672.04846,-457.21094,1396.3218,1076.991,-1574.2776,1981.9138,693.8745,-513.9437,1413.3356,1052.8734,-1562.8811,1958.2021,695.8413,-468.01743,1417.4209,1038.7585,-1485.4835,1853.4991,716.4071,-5.4170356,1827.0558,870.99896,4.465112,2094.576,764.5037,-45.073986,2103.1675,860.5017,-56.595325,2331.7852,806.7277,590.9249,2333.509,851.9475,612.7125,2352.6606,817.47894,649.62866,2360.5823,846.02704,679.2143,2467.2336,822.927,439.5978,2468.5276,854.44336,489.09683
IMG_5812.JPG,1415.7563,769.7733,-1308.4268,1389.6038,742.8312,-1325.5515,1389.8047,727.4647,-1325.0977,1388.8928,711.70294,-1325.2671,1383.4796,773.96466,-1305.2238,1380.1104,780.27466,-1305.6968,1376.151,786.1559,-1305.8859,1381.4594,673.89197,-1091.8564,1361.9105,772.8844,-1013.93304,1445.3846,743.87854,-1191.7648,1433.2366,776.754,-1171.5045,1548.9447,560.59076,-775.1471,1387.8135,836.31415,-799.37634,1765.1038,554.97766,-701.7533,1356.8243,983.2516,-1202.2928,1951.9094,608.8643,-734.0697,1431.5646,1022.6982,-1873.4495,2013.0767,623.73267,-755.0094,1459.601,1050.2319,-1997.7631,2002.1484,643.2249,-813.2874,1477.0743,1021.6713,-1987.8737,1981.2129,644.7217,-749.7785,1477.9207,1005.0786,-1885.6526,1844.7407,672.4901,3.4817753,1816.8654,832.60645,-4.8543186,2101.869,715.28424,163.47408,2108.456,805.8049,46.279484,2323.6519,737.7269,823.64996,2308.559,802.3901,865.2759,2344.1667,739.10516,884.236,2326.3296,793.34937,948.6599,2454.1794,758.8298,643.0418,2433.9011,805.90894,769.929
IMG_6503.JPG,1274.1083,1019.20197,-1791.8406,1234.5558,957.10944,-1783.6891,1240.9224,939.51117,-1783.4144,1245.4661,922.36163,-1783.1724,1198.2802,1002.90985,-1808.0825,1178.6682,1020.0797,-1808.3551,1159.5471,1037.9482,-1808.2842,1227.0348,897.57526,-1298.0123,1103.5833,1078.1875,-1434.1569,1320.0808,1025.7733,-1566.2284,1278.5332,1084.189,-1607.3778,1437.8933,888.33685,-818.52936,1168.3558,1341.0803,-1029.6034,1706.8303,965.825,-433.74097,1209.303,1595.1534,-1592.1576,1953.7622,1116.5781,-551.67426,1111.1211,1716.6173,-2746.0513,2048.9094,1152.4812,-576.23975,1025.0038,1786.413,-2967.824,2030.0035,1174.5146,-665.61346,1050.2383,1771.9827,-3031.5623,1992.3849,1172.3013,-580.258,1104.5316,1737.835,-2807.7117,1913.6095,1251.0652,82.88129,1832.5846,1480.2463,-84.202095,2261.2148,1375.8562,908.4147,2227.8994,1516.2671,768.44653,2598.48,1484.6527,1938.0524,2567.4758,1575.1649,1894.8275,2611.3816,1517.227,2028.6084,2597.914,1587.7216,1997.9929,2838.6858,1499.2084,1688.5035,2794.5837,1584.5459,1658.6152
IMG_6504.JPG,1231.1846,1053.3431,-2173.5327,1202.1864,994.06244,-2171.14,1208.9557,977.3827,-2170.7327,1213.1775,961.8433,-2170.766,1165.4043,1041.2664,-2188.104,1148.943,1056.9846,-2188.7605,1132.025,1072.1758,-2189.0977,1199.7272,927.73895,-1655.3308,1088.9115,1085.8721,-1756.257,1272.9547,1048.8977,-1933.7281,1231.7761,1108.16,-1966.3958,1414.3147,890.0215,-1087.9517,1142.7651,1344.3982,-1329.0187,1691.0366,962.9712,-582.6975,1184.1952,1597.8491,-2051.7822,1953.1346,1137.8672,-497.0463,1098.4268,1726.7643,-3301.984,2042.9028,1173.3262,-486.18628,1008.89954,1796.09,-3543.7466,2026.9142,1198.4144,-574.8955,1037.2732,1780.4229,-3581.442,1988.1041,1195.3362,-517.425,1090.2922,1747.9216,-3352.9607,1908.7577,1251.6145,71.48492,1824.588,1486.688,-73.49952,2242.113,1382.3574,1149.4863,2210.9995,1540.5132,943.3296,2612.2212,1493.3352,2276.836,2564.9722,1593.1652,2204.2856,2625.618,1509.8806,2379.3816,2587.4482,1590.1302,2326.2083,2817.5825,1534.6434,1973.2523,2780.8525,1601.368,1954.6285
IMG_6505.JPG,1237.6307,1033.2548,-1835.386,1204.1063,976.57495,-1812.5853,1209.6243,961.77686,-1812.2568,1213.8033,946.19495,-1812.1232,1169.8647,1016.3119,-1839.9698,1150.7621,1032.5696,-1840.3324,1131.2025,1050.2703,-1840.3914,1190.9374,921.6887,-1283.5857,1071.2233,1088.3248,-1429.9872,1272.9932,1042.3563,-1598.5093,1234.9049,1098.968,-1643.4215,1403.8738,911.5407,-772.85657,1127.3035,1374.1615,-1061.8794,1692.1133,1004.32404,-207.46237,1185.0818,1631.5868,-1758.5872,1939.7384,1159.3464,-124.44598,1112.2853,1739.0004,-2989.8865,2033.0886,1194.9933,-93.613045,1018.58734,1805.2284,-3224.2205,2023.62,1214.1925,-195.24297,1038.0864,1796.6667,-3256.1667,1986.0177,1212.6732,-149.75847,1097.1003,1765.044,-3038.471,1903.3846,1285.3419,101.806946,1818.2069,1519.2628,-103.321594,2253.1135,1384.376,991.6259,2215.8328,1545.7188,765.9968,2606.4985,1496.3674,2031.247,2579.5398,1595.2643,1910.855,2617.968,1528.9556,2124.0894,2605.879,1613.7682,2018.9159,2819.547,1527.5417,1745.1898,2793.9268,1591.102,1666.7366
IMG_6506.JPG,1232.5233,1078.6349,-1992.1234,1199.3336,1019.59143,-1979.3834,1206.4272,1002.93005,-1978.9005,1211.8009,985.728,-1978.8206,1159.4303,1066.3541,-1996.7479,1137.8392,1085.4973,-1997.2173,1117.2073,1104.1003,-1997.33,1194.5013,951.4098,-1462.689,1063.7861,1132.4016,-1572.8567,1271.712,1078.6418,-1756.8827,1230.0662,1142.8816,-1791.306,1410.9991,941.0843,-923.5671,1122.7172,1399.409,-1148.6978,1681.6188,1033.6587,-403.52402,1158.5214,1663.8132,-1790.0651,1928.9097,1184.2537,-294.48615,1086.9559,1770.0178,-2942.5845,2033.0636,1226.046,-267.3572,1000.00446,1849.9619,-3153.484,2023.5111,1245.0048,-351.2497,1031.7781,1828.5323,-3177.2297,1984.5126,1241.5836,-311.97253,1085.6738,1790.0494,-2984.299,1869.9481,1297.41,73.173164,1785.7075,1526.6586,-74.87734,2242.619,1411.6001,819.3909,2202.418,1584.0398,608.1699,2578.0867,1525.3041,1837.1643,2570.79,1622.2188,1665.8398,2598.8025,1543.4844,1928.8499,2600.3828,1632.9,1767.6807,2799.092,1548.4213,1556.0112,2791.689,1634.4729,1383.5698
IMG_6513.JPG,1713.7993,973.6625,-1334.743,1677.0979,934.4245,-1342.2987,1676.7158,920.2038,-1342.1929,1675.179,907.09686,-1342.4791,1660.4685,977.37695,-1355.7876,1647.9738,993.4773,-1356.0452,1633.799,1009.0749,-1356.1605,1644.9325,884.2344,-963.6241,1584.6401,1028.785,-1034.2559,1737.1212,962.32043,-1147.6569,1715.8362,1011.5311,-1170.5085,1840.0985,814.78455,-564.44434,1603.4362,1203.6366,-740.33575,2103.2236,885.92126,-385.2344,1537.3606,1459.9165,-1090.692,2353.793,972.3366,-617.8458,1702.8517,1535.594,-1748.539,2430.4458,997.5449,-684.561,1759.4441,1609.9108,-1904.5276,2400.7725,1012.06195,-766.44293,1807.2673,1561.2866,-1881.6327,2372.2617,1014.7073,-653.42017,1804.74,1532.7175,-1756.554,2322.2136,1102.5853,49.096493,2280.014,1305.3148,-50.24906,2594.9363,1125.7941,871.74475,2554.8506,1289.2169,774.61456,2918.5203,1197.2291,1791.8632,2854.3525,1284.2198,1743.0991,2931.9973,1220.7816,1881.4264,2874.6284,1283.5787,1841.5713,3124.4114,1214.3375,1603.8555,3049.5425,1282.7297,1593.4988
IMG_6514.JPG,1604.8583,1047.5674,-1184.4261,1561.7325,1004.5188,-1197.4346,1564.4175,987.7775,-1197.2535,1565.2385,972.4653,-1197.3485,1539.1045,1048.6892,-1196.141,1528.0319,1060.6912,-1196.3431,1517.0669,1071.082,-1196.4547,1548.0145,940.64386,-866.8771,1490.4293,1065.8431,-879.1187,1638.497,1024.803,-1020.0886,1617.7804,1077.0216,-1025.683,1755.0792,844.1491,-521.8978,1528.1132,1239.7493,-601.9133,2021.4023,883.2453,-315.03976,1472.8656,1501.3539,-974.7575,2265.5247,968.9033,-470.93866,1636.3961,1574.9662,-1726.0338,2348.8347,986.3571,-526.68,1700.354,1638.0524,-1881.032,2322.0334,1014.7506,-609.6338,1741.7583,1586.3617,-1874.4137,2290.0332,1019.9582,-499.53384,1733.0316,1554.3661,-1743.6915,2248.1792,1108.3999,37.481216,2207.166,1307.4575,-38.469112,2536.06,1145.6915,750.18066,2513.253,1295.8569,730.3474,2838.4695,1199.3623,1549.9525,2767.5098,1281.3551,1680.0171,2850.2212,1227.598,1623.1493,2783.7285,1282.443,1775.5675,3041.9575,1217.8229,1329.437,2961.233,1286.1971,1539.6202
IMG_6515.JPG,1627.4572,1039.0419,-1180.6903,1589.9968,1003.83295,-1195.3668,1591.0953,987.5397,-1195.234,1590.516,971.68567,-1195.4176,1572.4182,1042.8541,-1195.2544,1562.6411,1053.1348,-1195.4812,1552.1327,1062.4968,-1195.6384,1567.1483,938.1467,-871.2125,1521.0525,1055.1543,-880.60925,1653.7301,1015.5649,-1017.81793,1636.1511,1062.2206,-1022.4204,1769.5112,834.5783,-508.37183,1548.2571,1208.2968,-652.998,2036.4637,881.0265,-390.88806,1500.096,1487.7771,-1040.5405,2292.879,958.85864,-660.7295,1665.9364,1558.9641,-1727.1061,2372.1006,980.50024,-736.34686,1722.4354,1629.8425,-1889.4343,2343.71,1003.8278,-818.5271,1766.874,1575.7422,-1875.2465,2314.875,1008.2424,-695.809,1758.2925,1547.4976,-1739.9882,2261.3203,1102.3533,47.77621,2231.3357,1294.7411,-48.85542,2540.0427,1123.6553,726.38043,2507.7114,1278.8866,666.5214,2859.3892,1188.6493,1560.2343,2788.4265,1266.7603,1565.7687,2869.1382,1217.5416,1639.031,2807.672,1264.3567,1657.0294,3070.9011,1201.6713,1358.5546,2989.707,1260.852,1428.8485
IMG_6516.JPG,1567.6217,1078.2799,-1057.5989,1520.0524,1035.3116,-1056.4093,1521.2814,1016.1993,-1056.2867,1521.0529,998.78925,-1056.3627,1501.2781,1083.4752,-1058.7695,1491.1268,1095.9861,-1058.8679,1480.6884,1106.5906,-1058.8369,1504.1119,971.94385,-727.6916,1453.1785,1105.3053,-751.1345,1600.5479,1052.278,-900.89105,1580.4347,1106.9069,-909.18616,1725.1759,886.7019,-424.75232,1511.3813,1284.9906,-492.91006,1981.5737,911.1646,-191.68459,1469.985,1548.6873,-784.73047,2230.317,998.3374,-340.74228,1623.8367,1610.3964,-1449.1466,2313.577,1025.6825,-396.94778,1702.2651,1685.9962,-1595.5621,2286.1787,1051.2672,-476.0398,1733.02,1633.7626,-1592.7737,2255.7627,1053.6543,-368.1818,1727.5259,1601.243,-1464.2764,2200.9358,1154.1971,8.093418,2168.7888,1344.1772,-8.881314,2489.1274,1188.3745,614.8178,2463.7944,1331.6809,690.346,2817.5884,1247.6499,1304.3611,2745.2139,1304.7845,1576.2548,2853.343,1270.3773,1364.6434,2763.1387,1311.8302,1665.7351,3022.738,1249.7367,1063.1394,2911.2712,1311.8844,1448.3137
IMG_6530.JPG,1512.1592,1147.7104,-1647.6193,1476.1008,1116.8688,-1606.9889,1476.5394,1106.754,-1606.8224,1476.1088,1097.5015,-1607.032,1459.2688,1157.315,-1637.2902,1447.489,1177.0907,-1637.6312,1435.8049,1194.8823,-1637.6237,1459.2498,1089.1056,-1136.8201,1406.2246,1222.7467,-1281.7467,1541.6698,1149.8141,-1444.3875,1524.106,1198.9424,-1487.4126,1614.9563,1068.7792,-653.5385,1467.6853,1408.302,-930.3515,1861.616,1122.5127,-334.72403,1466.3511,1704.2167,-1113.7379,2084.3462,1187.5977,-508.85855,1626.3986,1757.3462,-1581.5977,2159.1016,1207.1083,-542.91266,1675.0201,1814.817,-1713.3192,2161.257,1219.688,-644.5925,1705.2334,1767.6499,-1721.8353,2130.1887,1218.8292,-550.0434,1691.3925,1737.8746,-1592.8193,1987.4106,1295.8567,70.1201,1952.3638,1492.8223,-70.639626,2323.2483,1356.1017,-39.867886,2219.2988,1531.7247,-457.2469,2583.271,1440.053,673.2903,2550.2607,1473.6082,423.95367,2608.361,1463.3757,732.878,2572.2761,1464.7035,511.49384,2745.2969,1459.7562,380.20425,2723.3406,1461.556,206.58823
IMG_6531.JPG,1480.4291,1181.0043,-1324.419,1444.5125,1142.517,-1300.1656,1445.7708,1131.6865,-1300.0037,1446.6509,1121.0096,-1300.251,1426.8018,1184.9823,-1319.1915,1415.0446,1203.1891,-1319.4641,1402.8512,1219.9027,-1319.5508,1432.7015,1104.6415,-884.6426,1373.7628,1244.7246,-977.62445,1512.4994,1179.9305,-1138.2468,1488.4208,1226.5935,-1166.4415,1603.9944,1079.3096,-437.7801,1419.0787,1423.3995,-728.81775,1836.2615,1159.1826,-138.15205,1416.9111,1723.2074,-952.6815,2076.0337,1228.9904,-287.7511,1567.4073,1776.486,-1430.0734,2148.541,1250.4526,-302.13785,1625.3077,1835.8467,-1552.9288,2151.2522,1266.3475,-408.08597,1655.1876,1782.6746,-1548.3793,2121.8242,1264.1108,-329.80777,1637.0753,1757.5806,-1435.4407,1976.9148,1333.2345,87.21401,1943.3679,1530.9971,-87.55726,2313.8662,1377.8434,-316.7937,2277.5234,1545.9595,-675.0921,2547.4077,1475.4496,416.5848,2504.884,1519.9086,384.29318,2563.1357,1500.1061,485.18362,2524.3762,1521.2579,499.33762,2721.1677,1492.6299,202.44513,2676.4233,1507.1757,306.804
IMG_6532.JPG,1451.2295,1233.222,-1393.6647,1419.118,1188.6333,-1360.5054,1422.152,1173.223,-1360.4945,1424.5287,1159.3326,-1360.8279,1395.172,1233.2993,-1365.0793,1383.5876,1247.2424,-1365.3914,1373.4904,1258.9047,-1365.5018,1414.2614,1137.8401,-907.4447,1352.9662,1267.3682,-925.03394,1492.9843,1226.348,-1194.4003,1465.9764,1273.7334,-1201.2404,1606.5416,1108.6716,-399.56036,1416.2069,1433.4213,-590.35614,1837.2869,1191.342,-80.745285,1425.5789,1725.8541,-776.6316,2074.0051,1253.3225,-275.78534,1573.7587,1783.1909,-1323.5497,2146.478,1283.072,-301.2415,1629.4755,1847.8363,-1426.102,2150.108,1293.1599,-391.8898,1659.2882,1805.2535,-1448.0209,2121.7673,1287.7113,-310.2553,1650.2092,1773.9158,-1339.3578,1965.7131,1381.97,80.26245,1936.459,1572.1288,-80.604675,2217.897,1413.2485,-507.60742,2285.7207,1581.6459,-439.11542,2524.391,1504.6534,45.65649,2536.8247,1538.636,342.7531,2551.219,1516.1582,93.149284,2554.3772,1526.8705,422.4831,2673.7546,1523.9414,-250.86899,2707.1663,1532.2566,134.93251
IMG_6544.JPG,1527.8344,1133.7356,-1242.7507,1492.5582,1098.9518,-1220.1156,1498.0035,1087.1309,-1219.8971,1503.3143,1076.4158,-1220.0947,1471.7839,1138.4434,-1231.7957,1462.3994,1154.7703,-1232.0602,1453.9138,1169.5156,-1231.9868,1512.7991,1062.2836,-801.88617,1443.2228,1201.3032,-875.4064,1573.1409,1133.4004,-1056.9525,1548.119,1178.2218,-1078.6022,1741.7999,1060.4868,-425.42023,1530.7971,1363.1677,-598.097,1995.1606,1180.3494,-293.3561,1538.366,1632.4729,-945.5007,2299.0457,1251.6707,-512.08594,1563.4518,1781.7427,-1625.2294,2389.4243,1265.2833,-544.26636,1509.9901,1826.0778,-1775.9543,2384.8572,1279.3176,-641.11816,1547.5824,1803.137,-1780.7739,2357.4058,1282.2385,-552.2354,1574.5428,1785.7693,-1653.4059,2150.5522,1329.3212,38.647297,2059.1174,1504.3057,-39.242992,2559.6182,1439.259,-112.15947,2460.164,1638.0073,-940.5303,2893.88,1513.5128,521.172,2818.2388,1583.4268,-78.00238,2937.5864,1511.161,577.30615,2853.197,1556.8501,15.129339,3087.4902,1576.5515,221.6878,3040.3745,1615.6635,-277.00604
IMG_6545.JPG,1531.2504,1199.7024,-1274.5779,1498.8099,1156.3346,-1256.4086,1505.8842,1141.5056,-1256.1263,1513.4146,1127.1002,-1256.3945,1475.0785,1197.8021,-1261.1428,1466.0934,1210.8967,-1261.366,1457.7327,1223.3008,-1261.2933,1524.4856,1111.3375,-830.3603,1448.8358,1243.8894,-866.1082,1578.0486,1195.7289,-1081.8235,1549.6927,1243.7067,-1093.5627,1739.2347,1099.5526,-399.31696,1530.2035,1406.3501,-621.86865,1959.6354,1221.274,-178.5925,1558.5931,1650.5132,-1044.3271,2261.5925,1269.4801,-282.9503,1582.4869,1785.3944,-1823.0067,2343.5034,1284.5665,-289.93353,1557.7921,1831.8108,-1974.7795,2344.4343,1298.274,-395.3994,1576.3557,1816.5763,-1972.7148,2313.7537,1302.0504,-323.57434,1596.0264,1803.6891,-1847.3326,2139.8677,1366.3206,47.462776,2079.1096,1546.1095,-48.531002,2553.2566,1455.6127,-113.38339,2524.1333,1606.1924,-334.05777,2881.8364,1546.0703,646.3945,2841.6494,1612.4327,685.48035,2899.9321,1552.6694,723.33014,2872.701,1592.2286,799.15326,3073.0957,1587.5059,434.48407,3052.3594,1638.6185,600.2365
IMG_6546.JPG,1534.2947,1209.2256,-1151.608,1495.1223,1181.2437,-1137.6764,1498.9241,1168.8635,-1137.4556,1503.2358,1155.1772,-1137.7003,1479.838,1224.1716,-1144.1421,1473.8618,1241.0872,-1144.332,1468.5032,1257.0098,-1144.2455,1508.1193,1143.2246,-729.9119,1461.7477,1289.2173,-774.68463,1576.5869,1204.5527,-965.4233,1558.254,1249.2692,-979.1233,1739.0243,1123.9503,-337.37903,1558.4796,1445.936,-504.0125,1979.4232,1238.2344,-132.5576,1568.4259,1685.0789,-926.6179,2260.454,1292.3848,-309.11063,1581.4244,1803.8381,-1741.4384,2354.5762,1309.0471,-330.3208,1558.0299,1853.8069,-1902.0636,2350.4526,1326.9867,-433.3398,1571.1421,1839.0078,-1895.5028,2320.4138,1331.8884,-347.2358,1593.1824,1823.2549,-1766.1982,2154.6135,1386.6495,20.092884,2083.3367,1576.903,-20.794765,2576.005,1514.783,-205.5369,2521.6377,1711.6212,-699.71484,2893.8455,1583.0281,537.17957,2841.0833,1637.3544,306.2178,2918.7131,1574.6921,609.6874,2866.9045,1606.0454,419.1222,3086.859,1642.2048,297.50577,3061.5078,1674.6786,196.47948
IMG_6626.JPG,1573.0868,1519.2489,-1346.2184,1540.0996,1493.5316,-1295.4814,1540.9968,1485.571,-1295.2869,1541.9502,1476.9978,-1295.5591,1527.7063,1526.007,-1319.9805,1519.7125,1540.4761,-1320.2255,1511.3291,1555.2526,-1320.1274,1532.0302,1473.8152,-823.05457,1489.5394,1588.8617,-945.10535,1603.5505,1522.6998,-1148.536,1584.933,1559.7451,-1185.2087,1687.022,1457.0503,-428.60187,1546.6516,1747.8582,-674.4523,1920.2794,1526.9528,-208.47412,1502.8788,1974.8557,-1041.6821,2145.4333,1566.5928,-408.378,1553.3058,2064.0942,-1742.4414,2218.867,1578.8246,-447.90488,1583.1357,2117.3696,-1900.4904,2212.7449,1599.3188,-571.9126,1613.1276,2085.56,-1931.3647,2187.8213,1600.5986,-459.90707,1612.869,2064.6482,-1775.215,2037.1216,1647.8623,30.203001,2000.0854,1810.7245,-30.6408,2378.3894,1752.3749,-87.06921,2385.7632,1882.9225,-227.93585,2628.8171,1806.5262,666.4897,2565.681,1878.568,792.7214,2642.7292,1814.768,738.6487,2574.1555,1867.475,900.9547,2781.6677,1856.1442,468.1928,2728.6423,1894.5768,746.6861
IMG_6627.JPG,1555.3337,1470.3252,-1408.9436,1510.7367,1443.5037,-1386.6223,1509.7727,1430.4409,-1386.3208,1508.6562,1417.2814,-1386.569,1501.7155,1479.3177,-1399.1094,1494.6694,1493.1727,-1399.467,1487.7776,1507.3024,-1399.4889,1497.826,1407.1403,-962.6085,1471.3972,1540.2699,-1034.524,1580.7592,1464.685,-1222.8649,1573.0133,1501.9591,-1245.2053,1644.8365,1369.1511,-532.7941,1529.4337,1686.0089,-772.51843,1862.9971,1419.3901,-262.21652,1482.526,1914.6167,-1216.1902,2091.8047,1470.8289,-320.0113,1526.903,2007.0391,-2028.7976,2180.5635,1484.192,-336.78552,1566.2095,2061.6345,-2211.4434,2179.0967,1502.1056,-461.71515,1590.596,2026.7087,-2213.4436,2150.0024,1504.7224,-365.27448,1588.519,2007.1438,-2054.336,2020.4047,1566.4209,34.43932,1977.6416,1728.4502,-35.033585,2370.03,1672.753,88.9615,2359.4617,1809.7413,-111.14618,2586.5764,1748.321,1050.5107,2533.2424,1801.3159,1060.431,2598.305,1762.2623,1147.3147,2545.3008,1790.4409,1188.2344,2745.0984,1788.8333,897.8822,2688.2231,1817.0156,1030.968
IMG_6628.JPG,1552.6823,1462.2953,-1306.0471,1518.6458,1438.0898,-1269.757,1519.6688,1429.8098,-1269.5541,1521.205,1420.4298,-1269.7666,1506.2894,1469.8165,-1292.6864,1498.5714,1484.3546,-1292.9719,1490.6415,1499.4556,-1292.9861,1509.8248,1414.5078,-825.6366,1466.7565,1533.9253,-944.4622,1581.3871,1464.0774,-1115.0251,1565.7864,1501.1809,-1150.764,1665.7719,1386.4305,-435.93253,1520.6309,1685.3389,-687.94165,1878.0145,1460.1884,-240.43378,1484.5873,1918.9454,-1131.8131,2126.2866,1514.4509,-432.29532,1525.6086,2010.5056,-1887.5101,2196.307,1531.8484,-473.6507,1558.9811,2061.9768,-2060.1665,2192.625,1551.7668,-586.49286,1584.0992,2026.4501,-2066.487,2166.862,1550.6587,-479.61563,1583.4924,2005.1552,-1912.3387,2016.1113,1590.5435,35.154858,1977.6821,1753.0162,-35.5866,2348.8052,1690.0574,41.070786,2346.1316,1825.021,-204.15543,2600.6338,1771.3383,843.2936,2556.5234,1812.2523,761.48694,2620.702,1783.4835,919.2741,2576.1282,1803.6006,863.4015,2739.9685,1810.693,627.22955,2715.3562,1828.3297,640.6392
IMG_6629.JPG,1554.9542,1428.3507,-1213.5306,1520.6587,1405.3834,-1173.9639,1523.7014,1393.7882,-1173.653,1526.4268,1382.2325,-1173.7864,1507.5778,1439.0487,-1191.3779,1501.342,1454.6024,-1191.6525,1496.0299,1470.3593,-1191.6532,1527.3615,1376.3356,-742.0502,1491.1633,1505.697,-834.7219,1591.1456,1427.6874,-1028.4845,1578.0149,1465.6849,-1056.45,1713.5609,1351.2793,-361.46158,1579.8232,1639.2542,-603.52625,1935.3575,1400.0347,-242.64723,1543.4358,1861.1329,-1065.0444,2157.6667,1442.4164,-463.58197,1584.9725,1950.8408,-1845.2416,2237.5837,1456.3121,-485.5375,1615.8561,1997.2203,-2000.3885,2230.4778,1477.5911,-585.68335,1639.8795,1966.7305,-1983.7655,2205.1138,1480.5513,-502.26294,1638.2344,1949.1433,-1859.649,2064.4368,1520.5518,18.913551,2021.4869,1684.6223,-19.376411,2385.7024,1617.5685,-289.66357,2396.759,1758.2864,-141.67029,2693.8835,1712.4084,91.6633,2552.321,1742.3105,1063.266,2722.744,1730.6005,125.6561,2539.5674,1729.0714,1191.8228,2838.8333,1764.0375,-216.57571,2686.8467,1757.7078,1102.597
QWIXtADU_-thumbnail.jpg,157.83496,197.71196,-185.57721,152.30257,188.95715,-167.24367,153.72293,185.55644,-167.24425,155.24516,182.41423,-167.2395,149.16118,199.58325,-168.92288,148.5463,203.18028,-168.987,148.09413,206.49153,-169.00452,163.49559,177.0355,-51.01891,152.6496,211.51285,-63.011917,171.65956,193.71516,-141.96945,166.78333,207.61325,-145.59814,229.37749,163.06288,23.399784,196.78874,252.75882,-24.456417,293.2518,149.0717,38.428818,191.01764,313.77097,-182.92108,338.94763,172.93103,-65.83959,177.56593,332.0411,-488.205,353.79123,184.54387,-85.91732,163.96878,340.54977,-544.6643,345.26843,189.97293,-111.1466,169.04686,333.04764,-551.2509,340.07297,188.7447,-76.12649,175.21033,328.51633,-499.07373,362.71945,219.05122,18.853174,349.90207,270.99976,-19.000082,470.15186,260.95468,4.728586,460.508,297.5755,-42.135292,566.30273,300.85806,120.440956,564.0307,319.60397,61.568916,579.0775,308.44516,124.22251,578.0291,324.99615,64.261284,596.0335,301.69623,-0.70736104,592.92456,324.369,-68.26666
SHP_MTM_Glute-Bridge_3x2-1b81b87bee1f4deeb886600a44e5b2f8.jpg,362.51447,338.9072,-234.19969,345.59412,320.3116,-212.93858,348.33826,313.75433,-212.86597,351.23373,306.73248,-212.88426,333.62808,340.22446,-215.87138,328.79425,347.39124,-215.9381,325.26956,354.0666,-215.86952,354.4731,299.09454,-16.562183,320.46735,366.1211,-39.95911,385.12497,336.27234,-152.78383,373.1778,360.2867,-160.35806,473.2282,276.5439,85.67135,399.6095,466.20364,69.20084,603.5376,199.59676,138.51743,401.00928,593.0086,-193.15411,700.759,292.6343,-6.999976,398.73688,631.46484,-718.83466,712.8479,327.59662,-39.54524,372.07202,659.3946,-813.2423,694.0468,333.11237,-79.64836,384.187,643.9545,-825.5168,687.87915,327.10806,-19.393652,397.19922,633.0635,-737.58997,723.344,377.18176,-14.320258,693.0281,490.84293,13.8855295,962.3196,474.0383,-114.9503,945.1266,553.6887,-70.79614,1199.799,532.2377,-82.23194,1182.2639,584.9203,-31.16644,1231.7247,532.0936,-90.50528,1215.3175,576.7316,-37.373116,1285.3684,588.41064,-334.2432,1271.6907,638.9958,-245.97098
Screenshot_20230220_013854.png,86.48054,465.54422,-402.35907,75.61087,454.83694,-403.85025,76.0301,450.55713,-403.7578,76.41726,446.6583,-403.7391,70.758705,468.60284,-402.5096,68.29355,473.25732,-402.5538,66.13823,477.1498,-402.55832,77.14684,438.56293,-322.34338,62.391987,481.53894,-321.14618,98.245766,462.2823,-363.92413,94.60905,475.95248,-363.67902,132.15887,418.8087,-229.62048,84.95522,521.6701,-243.10101,198.6474,428.05435,-157.698,71.1855,598.26544,-328.29175,255.65897,443.78244,-152.13834,116.89604,616.72534,-477.7324,273.2796,450.06165,-158.13902,130.846,629.5266,-509.7725,269.02548,455.5698,-176.67262,136.62177,614.13324,-518.221,263.37012,456.10806,-157.1264,134.84232,607.71204,-485.16724,239.14828,475.91473,3.2501757,226.2132,526.23553,-3.4078863,317.9597,500.6991,146.87428,312.38428,534.28314,134.1351,381.03537,519.34735,354.9816,374.19086,535.23285,348.1243,384.55157,521.03674,371.8846,376.29718,534.0129,367.54727,419.7609,530.3147,290.36362,415.39514,539.1109,289.65396
Screenshot_20230220_013909.png,105.87052,348.7932,-638.2823,93.38609,337.29373,-641.14325,93.34333,332.00705,-641.035,92.8155,327.5216,-641.0833,90.006615,353.4657,-636.58966,88.33045,357.15125,-636.651,86.43183,360.18436,-636.69684,90.25224,312.56268,-547.0067,79.98596,361.90274,-528.33234,117.86566,340.58765,-594.02924,113.4358,355.27432,-588.8238,147.14856,279.77417,-404.65,101.93162,393.318,-420.2704,210.81114,292.5113,-319.90927,93.852295,472.9506,-495.34277,256.57333,305.41837,-285.86948,137.22177,508.73077,-635.7194,272.0175,309.7142,-290.80954,154.91177,525.02106,-674.46014,268.94916,316.5274,-305.4562,160.72044,512.81915,-683.86145,262.82465,316.6809,-288.56967,157.93965,505.99542,-643.82117,234.60567,338.77567,15.656731,216.5186,392.63867,-15.878785,314.86084,358.78296,186.51418,298.8483,393.2329,141.61877,365.95386,370.15802,519.2441,335.83774,389.42584,512.356,368.63528,376.4586,549.79846,340.53067,388.80807,548.7189,405.58023,379.08887,477.0586,382.95786,382.36414,487.39545
Screenshot_20230220_013936.png,100.516045,330.19476,-479.7811,88.31133,322.13962,-488.3095,87.91586,316.75714,-488.17685,87.10765,311.66245,-488.20108,85.95435,337.6682,-480.2224,84.333664,341.54697,-480.31592,82.358055,344.77512,-480.40195,80.0493,298.8158,-420.11377,74.94474,345.2312,-386.03412,108.480484,319.556,-444.4147,105.28005,336.86182,-435.00998,122.44138,254.39554,-298.98615,98.93733,374.6982,-309.1167,188.08916,264.2777,-175.68445,93.11586,437.2858,-425.83545,246.07484,287.92154,-86.59448,115.53425,463.7689,-622.2776,266.0652,296.31348,-72.48951,127.33545,479.53983,-657.147,261.9183,301.02216,-86.36022,134.9727,464.85297,-664.0189,253.99002,300.0681,-86.435974,132.2081,457.9626,-630.1047,239.78352,312.99802,11.054947,223.24529,362.2425,-11.435652,312.8027,341.97998,182.41255,308.3371,371.27817,150.90442,367.13565,360.92566,450.2404,365.20282,374.52997,419.13214,367.36148,364.43573,474.29547,366.51282,375.237,444.47623,408.12854,369.44745,402.19415,409.22473,376.272,366.42618
Screenshot_20230220_014240.png,41.940662,285.65518,-113.76913,37.466972,277.7147,-103.3071,38.941025,275.30035,-103.28653,40.573627,272.51358,-103.274055,33.415924,285.79797,-102.61265,32.159172,288.57028,-102.62508,30.961977,291.69534,-102.625145,47.357327,268.65515,-25.010544,35.570644,296.2113,-26.679937,53.86691,283.1864,-82.98318,48.55235,294.6622,-83.67522,108.63669,263.52753,22.33145,73.2914,335.4077,-6.4470587,169.42853,276.65588,34.57882,72.1063,383.03668,-148.67725,226.59856,296.8085,-15.437153,65.621605,397.84286,-385.75204,245.52806,303.69687,-20.553585,52.69852,405.7,-428.0466,242.62927,308.5866,-42.580193,57.390278,401.35623,-426.80853,237.1102,308.38077,-23.4309,63.48262,398.5307,-392.8959,210.87961,322.32028,6.9753633,197.70164,366.1987,-7.210266,298.23486,359.67755,-2.3722608,286.7474,388.46426,-29.295525,386.69363,397.44965,51.127026,382.04028,413.59555,26.627037,395.3463,401.943,51.33359,392.09937,414.5555,27.914211,420.72464,414.20676,-48.619534,416.5645,425.46933,-67.75133
Screenshot_20230220_014329.png,46.288403,280.45526,-201.08711,37.2756,274.12894,-195.70467,37.303284,270.128,-195.65775,37.38904,265.97913,-195.63828,36.911137,282.65283,-190.22284,36.554974,284.59018,-190.29672,36.23174,286.0761,-190.37218,39.567375,257.07733,-127.88412,37.69759,283.56128,-106.53434,54.915276,272.41003,-173.51335,53.285156,282.72974,-167.37906,102.056404,227.77156,-64.54818,79.478264,314.062,-83.03704,169.29749,238.99487,-61.43814,83.82844,356.62875,-234.73515,227.23645,255.73752,-117.459435,70.676605,374.908,-489.45413,246.19728,262.05692,-126.49008,53.592487,383.67987,-535.97186,244.46738,267.65076,-148.21594,56.73151,378.09155,-535.2413,238.59482,267.29782,-125.1093,65.00877,373.93314,-496.83063,210.28773,275.09164,12.179716,197.14389,319.85394,-12.333233,294.2526,312.3635,-23.59757,283.97162,338.57574,-101.04759,379.11737,341.3726,54.99528,373.02142,358.9395,-20.481781,385.5592,346.19272,56.688293,380.89096,360.00305,-17.030369,420.58563,351.74332,-44.906258,416.71475,361.68427,-127.01929
Screenshot_20230220_014404.png,59.091198,317.12436,-213.77716,52.10451,310.0847,-207.13025,52.62359,306.2924,-207.08925,52.941124,302.64767,-207.08676,50.4297,319.31305,-203.79395,49.907818,321.64587,-203.84909,49.408455,324.10944,-203.89992,55.216717,295.60712,-118.41554,50.49525,324.39432,-106.17856,69.4702,311.04333,-176.57956,68.04753,322.02982,-173.38905,106.355804,271.80878,-25.562763,88.84246,352.74292,-65.46674,164.99178,283.48474,13.561609,93.133705,389.93094,-215.76396,217.21306,297.876,-38.778214,79.184906,405.34842,-495.90234,234.54282,302.27176,-45.429207,64.865364,412.73395,-547.84875,232.07045,306.95847,-72.948425,68.047165,408.9331,-552.99945,226.96193,307.6688,-48.7355,74.254875,405.74426,-505.91415,211.77011,320.76157,16.871868,199.22618,361.88205,-17.091057,300.98697,354.49124,-8.519981,292.2393,376.94852,-54.40118,385.2238,383.1494,96.749405,382.8877,397.6535,35.7724,391.0235,388.9947,100.76698,389.44037,401.05377,39.940388,419.30032,390.20847,-15.070321,415.38504,399.14822,-79.29982
Side-Plank-Crunch.jpg,292.37683,508.43744,-732.6515,275.45078,479.1992,-692.701,280.83582,469.92493,-692.6033,286.6057,461.2429,-692.64923,258.18652,508.55252,-690.9173,252.18933,517.35114,-691.01697,246.27948,526.47766,-691.0383,304.25275,449.9693,-412.45728,252.40808,540.23,-412.99112,333.87888,501.65094,-625.9804,311.78986,540.55457,-625.64404,452.2854,414.93967,-363.02182,386.18732,686.2859,-303.66284,455.26437,174.2839,-1045.8875,378.80893,882.8759,-907.415,336.573,338.5958,-1553.4824,381.65182,946.1185,-1659.2615,319.49936,391.64505,-1692.6523,385.18036,996.64856,-1803.8627,330.15955,410.54034,-1602.8815,399.76373,979.45844,-1812.3702,341.689,405.12027,-1536.5688,404.60736,960.4161,-1688.8417,900.88794,591.8852,-10.707356,854.2093,746.0121,9.6796665,1243.9895,747.28156,-46.968616,1216.113,847.8911,-49.47657,1534.5563,855.80457,210.83868,1520.8402,932.8679,213.41089,1562.5192,869.69885,214.35712,1562.8362,938.40137,219.1246,1636.6368,878.38257,-133.46101,1623.2297,946.76807,-119.68756
Side-Plank-Marching.jpg,108.11026,98.314445,-152.60118,100.839615,90.79383,-141.852,101.593445,87.37282,-141.84888,102.15644,84.75567,-141.88536,98.46176,101.77022,-142.10196,97.62589,105.09784,-142.13391,96.86673,107.89282,-142.11757,104.19689,79.64912,-48.039925,97.21557,111.18665,-52.411026,117.704956,93.338005,-114.460945,116.04454,106.54614,-115.888176,152.08351,62.86867,23.449724,131.42151,136.75363,-15.243681,201.97452,36.6368,49.96521,125.39427,191.1963,-171.70532,246.38654,74.43583,-18.04384,123.04903,204.7828,-448.61325,261.55615,82.896255,-30.430288,112.95762,209.84204,-500.67728,257.06976,87.61677,-53.59908,115.51521,205.01172,-499.85944,252.20367,86.88946,-26.48786,120.808464,202.30125,-456.41058,268.34412,107.52528,6.9765577,259.28076,150.457,-7.0761995,367.81003,145.91495,-10.403406,361.50897,171.46579,-33.853565,459.20575,175.0842,67.00333,453.59497,180.89085,42.358913,469.13696,178.94406,69.123604,464.80835,181.14182,44.973587,489.56976,185.10556,-42.039837,482.09933,189.80687,-64.48174
Side-Plank3.jpg,48.93643,82.74002,-96.958694,44.299854,76.25828,-92.36405,45.020092,73.084915,-92.34028,45.717644,70.36463,-92.32909,42.56471,84.544365,-89.03119,42.18626,86.87613,-89.05354,41.98134,88.996445,-89.06201,51.49159,64.78986,-46.27206,47.54573,90.12762,-32.94999,58.643818,77.6245,-79.1037,57.125694,88.228935,-75.22418,107.7446,45.777206,-14.252337,86.644936,119.96421,-16.280815,153.80347,54.874245,5.20302,100.374275,161.41968,-103.13506,198.36859,74.7107,-9.063668,99.20515,174.11473,-261.0494,214.26477,80.959236,-9.39854,97.570244,180.91962,-284.74194,212.8425,84.81424,-22.870525,100.33465,173.19762,-284.33923,207.7394,83.8541,-12.957623,102.573,170.05394,-265.22595,203.6223,90.95684,3.0967455,192.50055,126.78467,-3.270367,278.8932,114.37238,-3.204256,270.26447,143.50464,-6.087824,349.74255,136.19775,35.126404,342.44653,152.10077,44.794006,357.57687,138.7623,33.679756,350.71268,152.96664,46.06582,375.01126,140.79466,-38.773018,363.2745,160.92107,-18.565691
Side-Plank34.jpg,224.28351,409.29056,-234.80946,216.25024,395.40988,-208.98277,218.96945,390.40082,-208.98822,221.7857,386.48752,-209.00278,209.9838,408.97955,-209.55879,208.00162,413.25452,-209.58829,206.33255,417.0826,-209.51443,232.93713,378.42154,-47.43571,214.08426,422.1686,-57.628727,242.60835,404.1925,-174.31677,235.11362,422.56088,-177.35088,314.6055,360.76416,41.923557,282.82324,485.77853,25.08037,403.17014,321.97913,84.27225,292.5503,578.85443,-152.7206,469.5911,378.2315,-37.62499,289.31772,607.9062,-557.8434,482.57474,395.59302,-70.93318,276.10297,620.9781,-633.8679,473.47635,401.59814,-104.23148,282.00226,613.2574,-652.2625,468.7424,398.83685,-50.84068,288.79297,608.3117,-576.8627,497.46268,437.59476,0.64192843,477.52423,507.81195,-0.6549916,646.2106,502.23367,-37.159855,633.49225,552.9538,-38.67926,792.96265,552.6303,72.35562,776.0827,580.42554,79.60631,812.4372,562.8053,72.16527,795.9367,586.0754,80.5211,827.95905,568.4999,-112.7587,806.5401,592.82324,-97.32555
Side_Plank_Female-1296x728-Header.jpg,286.6929,391.9186,-275.40726,272.16037,377.0487,-255.84491,273.7064,372.28308,-255.9058,275.0587,367.4868,-256.0522,262.60574,394.73502,-268.43948,257.54413,402.621,-268.48926,252.94237,409.3035,-268.45844,273.9409,364.13635,-78.569725,244.2525,426.40762,-143.02547,302.7141,391.20288,-200.97292,291.44632,412.4021,-219.87738,344.35007,341.99963,39.64574,281.87347,499.0138,-111.639496,355.52853,213.94023,6.327011,261.9771,596.96606,-422.55093,360.81738,90.08776,-138.68007,243.95541,643.22125,-823.7496,364.3607,48.401157,-161.86758,220.94896,654.4666,-888.0449,364.18524,44.17718,-196.12233,228.32959,645.8937,-899.2211,363.60553,60.407715,-163.01991,240.94466,639.87726,-841.8821,578.3369,469.08154,44.36467,547.5898,552.9189,-44.22994,773.0725,527.3084,-106.207146,755.75116,579.05695,-208.14944,976.72876,584.774,-77.857574,966.6307,599.6532,-185.10136,1010.5896,597.03217,-83.49731,999.04095,607.0298,-191.53651,1033.1475,564.3028,-251.39232,1021.69556,587.9089,-385.0056
Vicki_Chimenti_Rumble_Boxing_forearmsideplank-3cecd309d1fc4b979810df371e5ecdb7.jpg,154.25195,388.46118,-195.75925,139.6885,376.38507,-206.45929,141.06311,372.41608,-206.34193,142.53949,367.75262,-206.25362,136.92114,380.5094,-173.99529,136.1997,380.3352,-174.06517,135.47949,380.12006,-174.12793,155.4235,341.25323,-180.64212,147.53986,362.55118,-39.03774,173.67914,385.1056,-182.0803,171.75864,390.64465,-140.72548,266.8773,268.18042,-129.40524,243.97885,419.97968,53.461994,372.64542,195.764,-119.21848,260.61078,511.76266,-19.894728,461.2108,277.84497,-124.49785,235.49261,566.88574,-347.5466,483.36267,302.27682,-138.73135,208.59525,590.86426,-403.4644,468.62207,310.87347,-155.49341,211.66864,583.1266,-416.0617,462.08417,306.65198,-123.73319,224.40356,572.93304,-362.68985,493.786,339.34796,-45.79779,471.8537,419.10034,45.459583,670.2089,436.78943,-20.596676,656.9275,482.63095,-13.291759,818.5318,493.76843,68.77153,821.5858,518.84436,60.425224,845.7191,494.7606,68.053635,847.948,520.0608,59.778362,884.54535,526.22925,-70.42665,870.161,556.5663,-75.79187
beautiful-young-black-woman-standing-in-side-plank-on-yoga-mat-at-home-free-space.jpg,158.42822,228.76762,-197.35674,151.7374,220.44403,-183.90477,152.9834,217.80261,-183.90103,154.50258,214.46455,-183.90883,147.59341,230.95197,-184.15317,146.10611,235.34341,-184.19498,144.91087,239.51414,-184.18999,159.44304,212.2258,-82.14103,146.42819,246.45251,-88.53023,170.23131,226.47224,-157.7685,166.64278,240.45993,-159.66626,221.6029,197.5711,-2.5590177,187.33769,283.69006,-55.57197,291.5216,216.85915,24.286942,177.9487,344.1141,-213.85823,356.868,233.68184,-47.537067,171.75378,365.48154,-486.69397,376.9326,238.85242,-55.98564,162.39809,370.90585,-536.77686,376.89154,243.65768,-86.63519,169.77612,365.9683,-537.13074,368.9943,243.13754,-59.786034,174.5545,363.49557,-495.76,334.81274,260.1976,21.429901,319.83505,308.53592,-21.572033,435.9436,303.19305,16.2905,429.72986,334.2974,-45.485516,531.159,331.59167,108.6947,525.94073,348.69272,25.89385,540.5916,335.91763,111.88582,534.71173,350.15768,27.92084,573.19037,326.87607,2.825367,568.47046,342.69714,-92.49852
beginner-side-plank-exercise.jpg,159.36792,78.20715,-707.2532,141.60493,64.440125,-700.1053,142.67554,58.311993,-699.9481,143.46745,52.484283,-699.9888,135.49335,81.87123,-704.6365,131.87634,88.99112,-704.80164,128.32553,96.10201,-704.9144,142.56766,47.47654,-548.0132,122.19737,114.1316,-573.6556,177.48026,75.30981,-640.167,171.2363,95.137505,-647.84076,211.65332,28.130796,-383.4138,161.09889,186.27773,-434.86426,277.8442,10.63786,-154.26054,118.09169,321.4216,-515.2917,334.63474,80.61076,30.477104,176.14056,346.63583,-643.2709,357.68005,98.4086,61.929333,198.31044,359.82697,-668.94006,346.8059,104.853745,54.091316,208.85439,337.56628,-686.37006,336.50626,102.10594,37.754135,204.45538,329.68768,-652.71246,377.19632,135.43124,15.603932,356.31613,207.63478,-15.917856,479.37573,196.49637,268.88177,472.8838,250.76515,234.54367,555.0809,242.00813,613.61914,548.02515,265.3112,571.1055,558.8065,250.87437,643.76953,548.2277,272.88342,602.4083,615.8323,249.1059,539.53076,616.8671,263.27484,489.27728
bid-side-plank-1280x720.jpg,160.078,281.011,-375.52112,146.71008,262.23148,-341.9644,149.85687,256.06192,-341.9193,153.37059,248.57228,-341.87476,135.35873,281.09723,-347.93604,131.33923,288.47427,-348.0503,127.654076,296.1887,-348.04794,164.6883,240.27286,-107.35846,134.00002,311.43765,-143.76353,186.25565,277.41248,-284.5681,172.4516,304.1858,-295.39975,295.3486,217.25075,35.425182,215.57877,408.93903,-57.191826,429.10425,171.41475,80.06384,230.37082,527.8392,-370.80768,530.22943,234.04585,-145.69316,223.44864,568.8596,-993.3485,559.351,258.16638,-188.44238,198.31561,584.0399,-1112.0754,543.3817,268.78836,-245.57715,215.13715,567.5784,-1122.1558,535.629,266.80127,-168.84756,227.38022,561.1841,-1013.86914,584.68976,325.05923,18.617994,564.57544,442.6638,-18.813309,796.0774,398.22556,-21.753424,781.50134,497.0841,-74.95459,1006.048,488.0711,228.4791,1005.0133,534.4964,139.58887,1022.07574,503.8481,239.3996,1025.782,538.7218,146.70901,1081.3931,500.75262,-10.262899,1069.6145,548.0153,-110.0356
fsm22_sideplank.jpg,39.043617,40.637943,-160.25192,36.59998,33.062164,-158.02452,38.276108,30.983448,-157.98714,39.975494,28.576069,-157.99364,31.758902,38.774715,-157.97153,29.872282,40.65357,-158.03458,27.916233,42.284782,-158.06271,42.702488,23.903685,-102.691284,27.16459,44.045933,-105.49663,47.030113,39.99349,-135.57681,40.814957,47.878075,-136.6625,78.34586,14.431632,-56.49306,43.14291,75.86669,-71.29737,130.52316,23.18677,-51.31069,47.206566,109.13187,-155.95305,173.80125,46.402206,-98.832,43.78489,122.38967,-303.9026,186.93347,52.26225,-108.18926,40.115887,128.90594,-330.343,183.21313,56.39373,-123.236244,43.949627,123.618004,-331.54022,178.33665,56.00485,-104.19787,46.71731,120.75321,-307.98923,154.7074,58.548225,4.612662,142.76855,95.937096,-4.758023,215.37807,85.55049,-22.363794,210.07135,108.69475,-40.39898,286.97046,105.12748,4.8173623,284.39307,118.32221,-16.970984,294.05374,107.28048,3.82385,293.54996,118.72175,-17.294472,313.532,109.77939,-66.04343,311.84134,121.203354,-84.44723
maxresdefault.jpg,401.87152,454.90585,-344.47113,387.91205,433.5441,-332.91534,390.2609,424.31378,-332.88177,392.18686,417.1006,-332.96097,381.52948,456.97104,-326.94623,379.4154,462.53464,-326.92334,377.59082,468.11554,-326.93723,402.7738,404.5079,-184.57263,382.38797,468.83383,-161.75047,428.35605,442.03885,-280.94202,421.3112,472.37918,-275.09882,533.5106,383.325,-82.346344,445.45184,536.4764,-74.50432,671.64136,415.752,-22.762169,471.27438,641.50195,-301.103,806.8759,462.09708,-85.585464,466.91257,675.79785,-705.6533,849.43054,467.1694,-96.392,461.71127,705.25354,-776.34924,846.1775,483.2422,-149.43803,470.18683,687.3373,-790.1986,833.105,485.20792,-104.5044,474.50378,676.58905,-723.4943,746.46594,510.39926,-18.14129,717.083,604.7302,17.819254,940.7798,569.695,-113.960686,926.5637,649.4434,-44.908363,1159.0907,620.47736,-82.926575,1142.2129,649.7963,9.765652,1198.5516,617.49695,-93.64908,1180.9731,641.35486,6.233647,1210.7122,672.3366,-318.25644,1184.3915,701.9744,-173.09526
maxresdefault43.jpg,415.28833,405.36847,-441.52725,407.57156,391.16556,-420.9005,409.93707,385.83966,-420.8363,412.27615,380.87283,-420.88943,401.59622,405.02567,-417.25897,399.77353,409.10342,-417.29733,398.39355,412.8,-417.25223,422.57623,371.98154,-269.9798,403.69165,416.114,-257.76166,434.80823,398.0983,-383.83765,426.1892,418.1316,-380.47406,492.81824,346.13983,-219.91127,464.90778,475.3665,-161.32478,505.66266,233.77803,-511.40887,472.20456,564.54675,-421.0414,443.90625,312.29724,-760.7323,472.62,599.7807,-815.11597,433.2505,335.32425,-830.31055,471.71503,615.636,-890.9635,435.5391,342.16318,-793.0293,477.92557,607.0862,-899.99646,440.94995,340.74036,-753.0928,481.75476,600.3331,-832.19006,693.2148,419.00818,-24.48681,672.1899,496.06396,23.975407,855.4938,479.93848,-32.037052,837.2129,525.1288,27.056639,1005.39087,534.44257,111.149155,984.13684,551.79144,185.73746,1022.4808,540.22473,113.414474,1000.8642,552.6866,191.69778,1046.3286,548.25397,-70.866905,1017.3417,570.5196,30.605976
poster.jpg,448.24597,550.6701,-557.036,433.40332,518.30585,-529.37714,437.9302,508.59656,-529.38806,443.8274,498.90283,-529.46185,418.78668,544.99817,-513.29083,413.59106,553.328,-513.33484,408.62665,560.5187,-513.2995,460.3537,479.36823,-283.84766,415.1462,559.5315,-221.33986,486.93604,541.81586,-460.03165,463.85858,573.40845,-442.73337,636.6189,469.66,-104.7439,533.19006,684.75977,-47.092876,823.72833,380.45712,-99.281944,556.6842,859.93774,-322.31653,896.1315,548.9797,-307.90552,527.8848,925.9188,-988.2073,912.923,585.95776,-365.46533,474.9335,953.9226,-1115.0214,886.3118,599.3765,-384.14407,493.2099,934.6518,-1137.8934,876.64777,589.9,-311.65475,516.0005,924.66626,-1016.9839,960.3994,660.306,0.6340344,922.87555,787.82837,-1.3049985,1267.8524,746.9327,-40.6926,1253.556,818.61957,-38.57721,1554.2295,800.4126,162.366,1541.1641,850.77563,182.95964,1582.3606,809.1289,166.90451,1573.312,853.15643,191.89288,1659.0391,818.33655,-147.1826,1640.6587,865.01587,-98.3943
side-plank-1549646915.jpg,441.90942,544.91925,-407.64917,423.94617,517.36005,-375.58502,428.63016,504.6117,-375.49115,432.20627,494.09128,-375.46805,411.17712,545.9563,-367.29,407.58557,554.37854,-367.33673,404.19308,562.51825,-367.31616,445.16086,474.46414,-131.32413,412.76706,564.6401,-109.23844,479.92795,530.5554,-312.89734,464.59558,564.914,-306.172,610.0432,437.40204,16.205462,550.85864,672.83777,13.928053,765.4271,311.90637,61.56714,554.9626,851.9014,-299.1389,889.4018,450.73755,-109.904655,528.2831,927.317,-953.51886,916.57056,484.64066,-154.62833,488.2758,954.957,-1074.357,893.5053,501.28262,-197.02142,504.20322,936.6969,-1081.3314,880.9944,494.25836,-123.96951,523.99274,924.45233,-975.5279,976.116,558.2541,0.44770396,943.85864,694.8752,-0.93053675,1274.515,695.09204,-29.320349,1256.0548,788.60504,-69.078964,1556.3931,790.93665,170.6259,1552.0967,849.4849,84.16036,1592.3187,803.72815,175.4617,1594.2938,851.90137,83.82825,1650.4529,815.44055,-105.234665,1644.8898,883.4758,-220.32571
side-plank.jpg,186.13542,193.85558,-123.64017,173.50922,185.45566,-110.72644,174.25256,182.15779,-110.74648,175.22617,178.48778,-110.7963,169.57335,197.51704,-113.19396,167.83423,202.15413,-113.17724,166.12286,206.33871,-113.1632,180.04501,174.75505,0.5748411,168.17307,215.19597,-15.73556,200.77031,191.14279,-78.943,195.63089,205.43556,-83.80447,256.59937,150.48271,60.57679,225.07278,263.21762,19.591059,334.18048,104.584,74.13127,222.86815,332.74033,-135.33467,387.95795,160.13019,-6.235719,219.25461,374.95853,-436.43436,402.55707,179.99165,-24.213213,214.85817,388.0591,-491.61273,391.24283,187.80809,-44.97504,220.91513,382.57782,-498.86765,385.76096,183.9463,-11.941011,225.76642,376.81256,-447.92676,441.57053,221.66321,7.806115,425.54196,288.31595,-7.8770714,590.9886,273.0043,-36.77381,578.73615,315.8328,-67.98251,733.40546,315.60794,-23.294508,721.17267,340.5015,-45.40697,753.6068,321.824,-29.053799,740.5844,343.71295,-48.654,773.0041,324.13092,-160.01227,755.89825,347.1973,-172.49554
side-plank1.jpg,49.5096,91.467865,-181.48401,46.616604,85.145164,-164.90215,47.845264,82.804474,-164.92049,49.075443,80.29162,-164.94952,42.461815,91.90698,-167.14531,41.134945,94.269714,-167.18726,39.841278,96.88143,-167.15948,52.287434,77.677635,-63.518673,40.82031,101.95084,-76.83356,59.233604,90.96957,-143.42903,54.66798,100.12047,-147.40747,95.67867,72.43541,-11.097324,71.35127,138.15033,-5.166898,140.29523,37.379894,-15.083658,67.0817,184.65901,-86.5328,165.98428,75.96975,-110.54138,58.992744,199.1151,-302.20746,171.76979,87.98048,-138.0316,52.371277,207.54332,-343.16107,165.90462,90.145386,-150.19748,54.38294,199.9152,-353.18384,162.95686,88.32176,-115.91126,58.12667,196.09297,-311.96878,193.12961,113.70797,-2.834841,182.08475,154.00209,2.8324199,274.41196,144.28769,-26.871216,267.1489,173.58594,-15.75527,354.60962,174.39279,54.99659,351.58188,188.50473,59.82048,364.601,180.51337,56.721104,362.57236,192.12148,60.559666,379.61557,178.89284,-52.38663,374.54932,194.29123,-46.536
side-plank2.jpg,204.11781,150.62343,-396.65204,193.21347,141.35466,-400.83118,192.86485,137.56346,-400.74084,192.33737,133.73528,-400.78815,190.49268,152.41827,-405.7979,187.84045,157.02364,-405.9048,184.37955,162.24342,-405.92426,186.63394,129.49039,-311.27103,173.0298,173.51584,-337.16916,212.51553,149.08334,-351.93286,209.52715,161.68741,-359.41135,213.6412,107.84534,-210.30074,189.3994,224.93907,-233.4185,270.37424,70.94621,-107.58992,196.60919,308.888,-251.20636,319.11005,133.45634,-86.262634,239.57779,314.63925,-331.5246,337.5343,148.8619,-92.39608,260.78198,321.06198,-352.33615,330.11115,154.42851,-95.3695,262.85742,306.9663,-353.8996,323.00674,151.88972,-83.610756,257.8146,302.0318,-332.26764,357.66608,187.48936,6.6129017,343.87463,246.72285,-7.010815,425.5061,225.5574,175.36493,400.68933,263.96426,177.01309,481.64615,255.38464,384.44836,473.53027,276.073,387.58243,479.96506,261.772,404.32727,470.9871,278.52374,408.94092,530.19836,270.04803,346.19138,525.93896,279.257,357.38287
skimble-workout-trainer-exercise-right-side-plank-dips-2_iphone.jpg,68.83278,358.71017,-248.59422,60.09428,349.4081,-226.47284,60.98894,346.1654,-226.4927,62.09774,342.7975,-226.53278,57.693367,361.79846,-228.21837,57.00836,366.1245,-228.29764,56.678696,369.3913,-228.27676,68.93518,336.90045,-79.82351,60.07721,375.23822,-92.10278,82.08327,353.9325,-192.82144,78.41175,368.52737,-196.5401,139.07372,314.11993,16.914415,112.71307,418.10034,-28.036901,215.10709,275.07996,29.514679,116.50535,485.17688,-205.50081,280.32825,323.4751,-82.38792,106.57375,509.38043,-562.4646,296.08118,336.4008,-108.245834,98.40872,518.62146,-629.15894,287.131,342.64856,-135.25903,99.89811,510.67477,-635.39496,280.94937,341.18433,-92.5891,104.5607,505.39313,-574.1476,301.53528,373.98724,21.970093,286.10437,429.891,-22.064898,429.33612,427.5553,1.4889477,418.83142,470.3487,-45.834045,540.69604,475.7031,192.57967,531.52795,496.90656,126.29309,555.1732,483.88474,202.84178,547.1042,502.2013,134.30246,578.6079,474.0947,56.94564,561.9197,503.11948,-29.346367
tmp_Teaizk_f8b82d510bd44a7e_POPSUGAR_FITNESS_Workout_10_00177_1_.jpg,595.67926,564.14307,-434.3989,575.0764,542.32825,-402.104,576.1041,531.6389,-402.14957,577.5028,519.9409,-402.21094,569.7108,568.676,-392.62057,567.6014,576.0989,-392.7465,565.88806,582.00616,-392.74872,584.3168,501.79138,-118.69306,571.163,580.45294,-83.03964,626.1625,550.6966,-320.977,620.48254,582.148,-311.18814,741.55804,443.50488,105.871796,678.95337,660.2836,82.12738,910.7702,375.9621,122.68442,691.85486,798.6408,-237.73389,1014.73456,509.2121,-150.3051,709.2311,877.6731,-1029.2607,1039.4982,542.34595,-219.2501,718.094,906.5276,-1175.2621,1011.59784,553.8541,-266.44022,723.7344,892.04834,-1209.8944,1003.40967,547.7533,-167.44513,725.37354,879.9099,-1064.0499,1068.3258,591.82623,21.249786,1030.8743,715.6154,-21.225084,1333.0232,694.4158,-41.494045,1313.7642,784.6781,-109.78042,1589.8364,778.49207,200.23517,1589.4314,829.8842,80.61503,1628.7981,791.73474,205.42522,1632.6216,838.13293,79.4048,1657.698,766.8815,-114.58267,1651.3579,832.0855,-267.99503
