IMG_4850.png,648.01575,1633.6404,1009.6469,633.65796,1627.2666,1090.4001,634.82477,1627.2045,1090.4325,636.02167,1627.0332,1090.4785,624.8054,1630.3354,1015.3952,620.01434,1632.8873,1015.0685,615.24255,1635.581,1014.7437,630.4118,1646.4753,1302.8448,605.44324,1658.7561,953.2488,658.2637,1649.9325,1078.8784,648.99603,1653.3102,974.4594,782.4825,1734.0792,1267.5594,587.82007,1761.8652,617.5537,1024.2262,1806.1794,1180.7201,635.32574,1891.184,90.15556,1206.1538,1940.575,983.58435,725.5238,2088.7107,-379.6574,1283.6826,1970.3192,981.9119,736.35864,2153.8352,-469.1963,1276.6696,1985.0891,941.32184,745.11206,2145.6602,-452.62646,1239.2283,1970.3384,957.64844,748.9034,2120.4863,-384.0088,1048.4226,1747.7897,207.10753,932.81476,1829.1012,-208.24556,1216.8273,1487.6952,-233.2473,988.19556,1845.4885,-958.0582,1470.064,1226.7736,-617.43274,1092.8368,2171.0964,-1283.0557,1547.4454,1233.7887,-669.08295,1072.0585,2204.7358,-1308.4362,1479.251,1028.6941,-888.58344,1190.3099,2319.8652,-1525.7008
IMG_4851 copy 10.png,552.4722,1680.9241,388.63138,534.7804,1683.9728,431.89404,536.00476,1684.5269,431.8217,537.45123,1685.2463,431.86523,529.96344,1690.4736,387.88617,527.6805,1695.6627,387.82645,525.45105,1701.456,387.86313,543.6689,1708.1117,577.7902,527.19794,1733.6483,361.45267,573.68475,1691.6782,438.81934,568.2536,1698.2947,374.91553,663.8354,1742.6973,625.6411,590.9441,1793.19,200.54971,851.312,1779.7128,617.79785,716.287,1861.913,-18.291424,1005.3951,1822.0007,534.68146,869.1778,1919.3744,-268.26587,1046.3251,1839.926,511.15945,919.2768,1951.0919,-335.71158,1049.1925,1842.6599,475.60385,925.97375,1943.0588,-323.87567,1033.4585,1837.3047,515.03156,913.4853,1929.4861,-265.90854,908.7204,1700.446,172.07979,864.79895,1736.7323,-172.3372,1152.3353,1539.925,40.094387,1111.907,1638.7336,-320.42233,1399.5571,1471.9615,-12.178532,1214.7775,1914.2018,-420.15176,1428.5135,1503.1554,-27.398844,1201.5233,1979.1112,-422.75244,1465.7635,1343.2584,-95.50346,1360.843,1950.6176,-451.91534
IMG_4851 copy 11.png,552.4722,1680.9241,388.63138,534.7804,1683.9728,431.89404,536.00476,1684.5269,431.8217,537.45123,1685.2463,431.86523,529.96344,1690.4736,387.88617,527.6805,1695.6627,387.82645,525.45105,1701.456,387.86313,543.6689,1708.1117,577.7902,527.19794,1733.6483,361.45267,573.68475,1691.6782,438.81934,568.2536,1698.2947,374.91553,663.8354,1742.6973,625.6411,590.9441,1793.19,200.54971,851.312,1779.7128,617.79785,716.287,1861.913,-18.291424,1005.3951,1822.0007,534.68146,869.1778,1919.3744,-268.26587,1046.3251,1839.926,511.15945,919.2768,1951.0919,-335.71158,1049.1925,1842.6599,475.60385,925.97375,1943.0588,-323.87567,1033.4585,1837.3047,515.03156,913.4853,1929.4861,-265.90854,908.7204,1700.446,172.07979,864.79895,1736.7323,-172.3372,1152.3353,1539.925,40.094387,1111.907,1638.7336,-320.42233,1399.5571,1471.9615,-12.178532,1214.7775,1914.2018,-420.15176,1428.5135,1503.1554,-27.398844,1201.5233,1979.1112,-422.75244,1465.7635,1343.2584,-95.50346,1360.843,1950.6176,-451.91534
IMG_4851 copy 12.png,552.4722,1680.9241,388.63138,534.7804,1683.9728,431.89404,536.00476,1684.5269,431.8217,537.45123,1685.2463,431.86523,529.96344,1690.4736,387.88617,527.6805,1695.6627,387.82645,525.45105,1701.456,387.86313,543.6689,1708.1117,577.7902,527.19794,1733.6483,361.45267,573.68475,1691.6782,438.81934,568.2536,1698.2947,374.91553,663.8354,1742.6973,625.6411,590.9441,1793.19,200.54971,851.312,1779.7128,617.79785,716.287,1861.913,-18.291424,1005.3951,1822.0007,534.68146,869.1778,1919.3744,-268.26587,1046.3251,1839.926,511.15945,919.2768,1951.0919,-335.71158,1049.1925,1842.6599,475.60385,925.97375,1943.0588,-323.87567,1033.4585,1837.3047,515.03156,913.4853,1929.4861,-265.90854,908.7204,1700.446,172.07979,864.79895,1736.7323,-172.3372,1152.3353,1539.925,40.094387,1111.907,1638.7336,-320.42233,1399.5571,1471.9615,-12.178532,1214.7775,1914.2018,-420.15176,1428.5135,1503.1554,-27.398844,1201.5233,1979.1112,-422.75244,1465.7635,1343.2584,-95.50346,1360.843,1950.6176,-451.91534
IMG_4851 copy 13.png,552.4722,1680.9241,388.63138,534.7804,1683.9728,431.89404,536.00476,1684.5269,431.8217,537.45123,1685.2463,431.86523,529.96344,1690.4736,387.88617,527.6805,1695.6627,387.82645,525.45105,1701.456,387.86313,543.6689,1708.1117,577.7902,527.19794,1733.6483,361.45267,573.68475,1691.6782,438.81934,568.2536,1698.2947,374.91553,663.8354,1742.6973,625.6411,590.9441,1793.19,200.54971,851.312,1779.7128,617.79785,716.287,1861.913,-18.291424,1005.3951,1822.0007,534.68146,869.1778,1919.3744,-268.26587,1046.3251,1839.926,511.15945,919.2768,1951.0919,-335.71158,1049.1925,1842.6599,475.60385,925.97375,1943.0588,-323.87567,1033.4585,1837.3047,515.03156,913.4853,1929.4861,-265.90854,908.7204,1700.446,172.07979,864.79895,1736.7323,-172.3372,1152.3353,1539.925,40.094387,1111.907,1638.7336,-320.42233,1399.5571,1471.9615,-12.178532,1214.7775,1914.2018,-420.15176,1428.5135,1503.1554,-27.398844,1201.5233,1979.1112,-422.75244,1465.7635,1343.2584,-95.50346,1360.843,1950.6176,-451.91534
IMG_4851 copy 14.png,552.4722,1680.9241,388.63138,534.7804,1683.9728,431.89404,536.00476,1684.5269,431.8217,537.45123,1685.2463,431.86523,529.96344,1690.4736,387.88617,527.6805,1695.6627,387.82645,525.45105,1701.456,387.86313,543.6689,1708.1117,577.7902,527.19794,1733.6483,361.45267,573.68475,1691.6782,438.81934,568.2536,1698.2947,374.91553,663.8354,1742.6973,625.6411,590.9441,1793.19,200.54971,851.312,1779.7128,617.79785,716.287,1861.913,-18.291424,1005.3951,1822.0007,534.68146,869.1778,1919.3744,-268.26587,1046.3251,1839.926,511.15945,919.2768,1951.0919,-335.71158,1049.1925,1842.6599,475.60385,925.97375,1943.0588,-323.87567,1033.4585,1837.3047,515.03156,913.4853,1929.4861,-265.90854,908.7204,1700.446,172.07979,864.79895,1736.7323,-172.3372,1152.3353,1539.925,40.094387,1111.907,1638.7336,-320.42233,1399.5571,1471.9615,-12.178532,1214.7775,1914.2018,-420.15176,1428.5135,1503.1554,-27.398844,1201.5233,1979.1112,-422.75244,1465.7635,1343.2584,-95.50346,1360.843,1950.6176,-451.91534
IMG_4851 copy 15.png,552.4722,1680.9241,388.63138,534.7804,1683.9728,431.89404,536.00476,1684.5269,431.8217,537.45123,1685.2463,431.86523,529.96344,1690.4736,387.88617,527.6805,1695.6627,387.82645,525.45105,1701.456,387.86313,543.6689,1708.1117,577.7902,527.19794,1733.6483,361.45267,573.68475,1691.6782,438.81934,568.2536,1698.2947,374.91553,663.8354,1742.6973,625.6411,590.9441,1793.19,200.54971,851.312,1779.7128,617.79785,716.287,1861.913,-18.291424,1005.3951,1822.0007,534.68146,869.1778,1919.3744,-268.26587,1046.3251,1839.926,511.15945,919.2768,1951.0919,-335.71158,1049.1925,1842.6599,475.60385,925.97375,1943.0588,-323.87567,1033.4585,1837.3047,515.03156,913.4853,1929.4861,-265.90854,908.7204,1700.446,172.07979,864.79895,1736.7323,-172.3372,1152.3353,1539.925,40.094387,1111.907,1638.7336,-320.42233,1399.5571,1471.9615,-12.178532,1214.7775,1914.2018,-420.15176,1428.5135,1503.1554,-27.398844,1201.5233,1979.1112,-422.75244,1465.7635,1343.2584,-95.50346,1360.843,1950.6176,-451.91534
IMG_4851 copy 16.png,552.4722,1680.9241,388.63138,534.7804,1683.9728,431.89404,536.00476,1684.5269,431.8217,537.45123,1685.2463,431.86523,529.96344,1690.4736,387.88617,527.6805,1695.6627,387.82645,525.45105,1701.456,387.86313,543.6689,1708.1117,577.7902,527.19794,1733.6483,361.45267,573.68475,1691.6782,438.81934,568.2536,1698.2947,374.91553,663.8354,1742.6973,625.6411,590.9441,1793.19,200.54971,851.312,1779.7128,617.79785,716.287,1861.913,-18.291424,1005.3951,1822.0007,534.68146,869.1778,1919.3744,-268.26587,1046.3251,1839.926,511.15945,919.2768,1951.0919,-335.71158,1049.1925,1842.6599,475.60385,925.97375,1943.0588,-323.87567,1033.4585,1837.3047,515.03156,913.4853,1929.4861,-265.90854,908.7204,1700.446,172.07979,864.79895,1736.7323,-172.3372,1152.3353,1539.925,40.094387,1111.907,1638.7336,-320.42233,1399.5571,1471.9615,-12.178532,1214.7775,1914.2018,-420.15176,1428.5135,1503.1554,-27.398844,1201.5233,1979.1112,-422.75244,1465.7635,1343.2584,-95.50346,1360.843,1950.6176,-451.91534
IMG_4851 copy 17.png,552.4722,1680.9241,388.63138,534.7804,1683.9728,431.89404,536.00476,1684.5269,431.8217,537.45123,1685.2463,431.86523,529.96344,1690.4736,387.88617,527.6805,1695.6627,387.82645,525.45105,1701.456,387.86313,543.6689,1708.1117,577.7902,527.19794,1733.6483,361.45267,573.68475,1691.6782,438.81934,568.2536,1698.2947,374.91553,663.8354,1742.6973,625.6411,590.9441,1793.19,200.54971,851.312,1779.7128,617.79785,716.287,1861.913,-18.291424,1005.3951,1822.0007,534.68146,869.1778,1919.3744,-268.26587,1046.3251,1839.926,511.15945,919.2768,1951.0919,-335.71158,1049.1925,1842.6599,475.60385,925.97375,1943.0588,-323.87567,1033.4585,1837.3047,515.03156,913.4853,1929.4861,-265.90854,908.7204,1700.446,172.07979,864.79895,1736.7323,-172.3372,1152.3353,1539.925,40.094387,1111.907,1638.7336,-320.42233,1399.5571,1471.9615,-12.178532,1214.7775,1914.2018,-420.15176,1428.5135,1503.1554,-27.398844,1201.5233,1979.1112,-422.75244,1465.7635,1343.2584,-95.50346,1360.843,1950.6176,-451.91534
IMG_4851 copy 18.png,552.4722,1680.9241,388.63138,534.7804,1683.9728,431.89404,536.00476,1684.5269,431.8217,537.45123,1685.2463,431.86523,529.96344,1690.4736,387.88617,527.6805,1695.6627,387.82645,525.45105,1701.456,387.86313,543.6689,1708.1117,577.7902,527.19794,1733.6483,361.45267,573.68475,1691.6782,438.81934,568.2536,1698.2947,374.91553,663.8354,1742.6973,625.6411,590.9441,1793.19,200.54971,851.312,1779.7128,617.79785,716.287,1861.913,-18.291424,1005.3951,1822.0007,534.68146,869.1778,1919.3744,-268.26587,1046.3251,1839.926,511.15945,919.2768,1951.0919,-335.71158,1049.1925,1842.6599,475.60385,925.97375,1943.0588,-323.87567,1033.4585,1837.3047,515.03156,913.4853,1929.4861,-265.90854,908.7204,1700.446,172.07979,864.79895,1736.7323,-172.3372,1152.3353,1539.925,40.094387,1111.907,1638.7336,-320.42233,1399.5571,1471.9615,-12.178532,1214.7775,1914.2018,-420.15176,1428.5135,1503.1554,-27.398844,1201.5233,1979.1112,-422.75244,1465.7635,1343.2584,-95.50346,1360.843,1950.6176,-451.91534
IMG_4851 copy 19.png,552.4722,1680.9241,388.63138,534.7804,1683.9728,431.89404,536.00476,1684.5269,431.8217,537.45123,1685.2463,431.86523,529.96344,1690.4736,387.88617,527.6805,1695.6627,387.82645,525.45105,1701.456,387.86313,543.6689,1708.1117,577.7902,527.19794,1733.6483,361.45267,573.68475,1691.6782,438.81934,568.2536,1698.2947,374.91553,663.8354,1742.6973,625.6411,590.9441,1793.19,200.54971,851.312,1779.7128,617.79785,716.287,1861.913,-18.291424,1005.3951,1822.0007,534.68146,869.1778,1919.3744,-268.26587,1046.3251,1839.926,511.15945,919.2768,1951.0919,-335.71158,1049.1925,1842.6599,475.60385,925.97375,1943.0588,-323.87567,1033.4585,1837.3047,515.03156,913.4853,1929.4861,-265.90854,908.7204,1700.446,172.07979,864.79895,1736.7323,-172.3372,1152.3353,1539.925,40.094387,1111.907,1638.7336,-320.42233,1399.5571,1471.9615,-12.178532,1214.7775,1914.2018,-420.15176,1428.5135,1503.1554,-27.398844,1201.5233,1979.1112,-422.75244,1465.7635,1343.2584,-95.50346,1360.843,1950.6176,-451.91534
IMG_4851 copy 2.png,552.4722,1680.9241,388.63138,534.7804,1683.9728,431.89404,536.00476,1684.5269,431.8217,537.45123,1685.2463,431.86523,529.96344,1690.4736,387.88617,527.6805,1695.6627,387.82645,525.45105,1701.456,387.86313,543.6689,1708.1117,577.7902,527.19794,1733.6483,361.45267,573.68475,1691.6782,438.81934,568.2536,1698.2947,374.91553,663.8354,1742.6973,625.6411,590.9441,1793.19,200.54971,851.312,1779.7128,617.79785,716.287,1861.913,-18.291424,1005.3951,1822.0007,534.68146,869.1778,1919.3744,-268.26587,1046.3251,1839.926,511.15945,919.2768,1951.0919,-335.71158,1049.1925,1842.6599,475.60385,925.97375,1943.0588,-323.87567,1033.4585,1837.3047,515.03156,913.4853,1929.4861,-265.90854,908.7204,1700.446,172.07979,864.79895,1736.7323,-172.3372,1152.3353,1539.925,40.094387,1111.907,1638.7336,-320.42233,1399.5571,1471.9615,-12.178532,1214.7775,1914.2018,-420.15176,1428.5135,1503.1554,-27.398844,1201.5233,1979.1112,-422.75244,1465.7635,1343.2584,-95.50346,1360.843,1950.6176,-451.91534
IMG_4851 copy 20.png,552.4722,1680.9241,388.63138,534.7804,1683.9728,431.89404,536.00476,1684.5269,431.8217,537.45123,1685.2463,431.86523,529.96344,1690.4736,387.88617,527.6805,1695.6627,387.82645,525.45105,1701.456,387.86313,543.6689,1708.1117,577.7902,527.19794,1733.6483,361.45267,573.68475,1691.6782,438.81934,568.2536,1698.2947,374.91553,663.8354,1742.6973,625.6411,590.9441,1793.19,200.54971,851.312,1779.7128,617.79785,716.287,1861.913,-18.291424,1005.3951,1822.0007,534.68146,869.1778,1919.3744,-268.26587,1046.3251,1839.926,511.15945,919.2768,1951.0919,-335.71158,1049.1925,1842.6599,475.60385,925.97375,1943.0588,-323.87567,1033.4585,1837.3047,515.03156,913.4853,1929.4861,-265.90854,908.7204,1700.446,172.07979,864.79895,1736.7323,-172.3372,1152.3353,1539.925,40.094387,1111.907,1638.7336,-320.42233,1399.5571,1471.9615,-12.178532,1214.7775,1914.2018,-420.15176,1428.5135,1503.1554,-27.398844,1201.5233,1979.1112,-422.75244,1465.7635,1343.2584,-95.50346,1360.843,1950.6176,-451.91534
IMG_4851 copy 21.png,552.4722,1680.9241,388.63138,534.7804,1683.9728,431.89404,536.00476,1684.5269,431.8217,537.45123,1685.2463,431.86523,529.96344,1690.4736,387.88617,527.6805,1695.6627,387.82645,525.45105,1701.456,387.86313,543.6689,1708.1117,577.7902,527.19794,1733.6483,361.45267,573.68475,1691.6782,438.81934,568.2536,1698.2947,374.91553,663.8354,1742.6973,625.6411,590.9441,1793.19,200.54971,851.312,1779.7128,617.79785,716.287,1861.913,-18.291424,1005.3951,1822.0007,534.68146,869.1778,1919.3744,-268.26587,1046.3251,1839.926,511.15945,919.2768,1951.0919,-335.71158,1049.1925,1842.6599,475.60385,925.97375,1943.0588,-323.87567,1033.4585,1837.3047,515.03156,913.4853,1929.4861,-265.90854,908.7204,1700.446,172.07979,864.79895,1736.7323,-172.3372,1152.3353,1539.925,40.094387,1111.907,1638.7336,-320.42233,1399.5571,1471.9615,-12.178532,1214.7775,1914.2018,-420.15176,1428.5135,1503.1554,-27.398844,1201.5233,1979.1112,-422.75244,1465.7635,1343.2584,-95.50346,1360.843,1950.6176,-451.91534
IMG_4851 copy 22.png,552.4722,1680.9241,388.63138,534.7804,1683.9728,431.89404,536.00476,1684.5269,431.8217,537.45123,1685.2463,431.86523,529.96344,1690.4736,387.88617,527.6805,1695.6627,387.82645,525.45105,1701.456,387.86313,543.6689,1708.1117,577.7902,527.19794,1733.6483,361.45267,573.68475,1691.6782,438.81934,568.2536,1698.2947,374.91553,663.8354,1742.6973,625.6411,590.9441,1793.19,200.54971,851.312,1779.7128,617.79785,716.287,1861.913,-18.291424,1005.3951,1822.0007,534.68146,869.1778,1919.3744,-268.26587,1046.3251,1839.926,511.15945,919.2768,1951.0919,-335.71158,1049.1925,1842.6599,475.60385,925.97375,1943.0588,-323.87567,1033.4585,1837.3047,515.03156,913.4853,1929.4861,-265.90854,908.7204,1700.446,172.07979,864.79895,1736.7323,-172.3372,1152.3353,1539.925,40.094387,1111.907,1638.7336,-320.42233,1399.5571,1471.9615,-12.178532,1214.7775,1914.2018,-420.15176,1428.5135,1503.1554,-27.398844,1201.5233,1979.1112,-422.75244,1465.7635,1343.2584,-95.50346,1360.843,1950.6176,-451.91534
IMG_4851 copy 3.png,552.4722,1680.9241,388.63138,534.7804,1683.9728,431.89404,536.00476,1684.5269,431.8217,537.45123,1685.2463,431.86523,529.96344,1690.4736,387.88617,527.6805,1695.6627,387.82645,525.45105,1701.456,387.86313,543.6689,1708.1117,577.7902,527.19794,1733.6483,361.45267,573.68475,1691.6782,438.81934,568.2536,1698.2947,374.91553,663.8354,1742.6973,625.6411,590.9441,1793.19,200.54971,851.312,1779.7128,617.79785,716.287,1861.913,-18.291424,1005.3951,1822.0007,534.68146,869.1778,1919.3744,-268.26587,1046.3251,1839.926,511.15945,919.2768,1951.0919,-335.71158,1049.1925,1842.6599,475.60385,925.97375,1943.0588,-323.87567,1033.4585,1837.3047,515.03156,913.4853,1929.4861,-265.90854,908.7204,1700.446,172.07979,864.79895,1736.7323,-172.3372,1152.3353,1539.925,40.094387,1111.907,1638.7336,-320.42233,1399.5571,1471.9615,-12.178532,1214.7775,1914.2018,-420.15176,1428.5135,1503.1554,-27.398844,1201.5233,1979.1112,-422.75244,1465.7635,1343.2584,-95.50346,1360.843,1950.6176,-451.91534
IMG_4851 copy 4.png,552.4722,1680.9241,388.63138,534.7804,1683.9728,431.89404,536.00476,1684.5269,431.8217,537.45123,1685.2463,431.86523,529.96344,1690.4736,387.88617,527.6805,1695.6627,387.82645,525.45105,1701.456,387.86313,543.6689,1708.1117,577.7902,527.19794,1733.6483,361.45267,573.68475,1691.6782,438.81934,568.2536,1698.2947,374.91553,663.8354,1742.6973,625.6411,590.9441,1793.19,200.54971,851.312,1779.7128,617.79785,716.287,1861.913,-18.291424,1005.3951,1822.0007,534.68146,869.1778,1919.3744,-268.26587,1046.3251,1839.926,511.15945,919.2768,1951.0919,-335.71158,1049.1925,1842.6599,475.60385,925.97375,1943.0588,-323.87567,1033.4585,1837.3047,515.03156,913.4853,1929.4861,-265.90854,908.7204,1700.446,172.07979,864.79895,1736.7323,-172.3372,1152.3353,1539.925,40.094387,1111.907,1638.7336,-320.42233,1399.5571,1471.9615,-12.178532,1214.7775,1914.2018,-420.15176,1428.5135,1503.1554,-27.398844,1201.5233,1979.1112,-422.75244,1465.7635,1343.2584,-95.50346,1360.843,1950.6176,-451.91534
IMG_4851 copy 5.png,552.4722,1680.9241,388.63138,534.7804,1683.9728,431.89404,536.00476,1684.5269,431.8217,537.45123,1685.2463,431.86523,529.96344,1690.4736,387.88617,527.6805,1695.6627,387.82645,525.45105,1701.456,387.86313,543.6689,1708.1117,577.7902,527.19794,1733.6483,361.45267,573.68475,1691.6782,438.81934,568.2536,1698.2947,374.91553,663.8354,1742.6973,625.6411,590.9441,1793.19,200.54971,851.312,1779.7128,617.79785,716.287,1861.913,-18.291424,1005.3951,1822.0007,534.68146,869.1778,1919.3744,-268.26587,1046.3251,1839.926,511.15945,919.2768,1951.0919,-335.71158,1049.1925,1842.6599,475.60385,925.97375,1943.0588,-323.87567,1033.4585,1837.3047,515.03156,913.4853,1929.4861,-265.90854,908.7204,1700.446,172.07979,864.79895,1736.7323,-172.3372,1152.3353,1539.925,40.094387,1111.907,1638.7336,-320.42233,1399.5571,1471.9615,-12.178532,1214.7775,1914.2018,-420.15176,1428.5135,1503.1554,-27.398844,1201.5233,1979.1112,-422.75244,1465.7635,1343.2584,-95.50346,1360.843,1950.6176,-451.91534
IMG_4851 copy 6.png,552.4722,1680.9241,388.63138,534.7804,1683.9728,431.89404,536.00476,1684.5269,431.8217,537.45123,1685.2463,431.86523,529.96344,1690.4736,387.88617,527.6805,1695.6627,387.82645,525.45105,1701.456,387.86313,543.6689,1708.1117,577.7902,527.19794,1733.6483,361.45267,573.68475,1691.6782,438.81934,568.2536,1698.2947,374.91553,663.8354,1742.6973,625.6411,590.9441,1793.19,200.54971,851.312,1779.7128,617.79785,716.287,1861.913,-18.291424,1005.3951,1822.0007,534.68146,869.1778,1919.3744,-268.26587,1046.3251,1839.926,511.15945,919.2768,1951.0919,-335.71158,1049.1925,1842.6599,475.60385,925.97375,1943.0588,-323.87567,1033.4585,1837.3047,515.03156,913.4853,1929.4861,-265.90854,908.7204,1700.446,172.07979,864.79895,1736.7323,-172.3372,1152.3353,1539.925,40.094387,1111.907,1638.7336,-320.42233,1399.5571,1471.9615,-12.178532,1214.7775,1914.2018,-420.15176,1428.5135,1503.1554,-27.398844,1201.5233,1979.1112,-422.75244,1465.7635,1343.2584,-95.50346,1360.843,1950.6176,-451.91534
IMG_4851 copy 7.png,552.4722,1680.9241,388.63138,534.7804,1683.9728,431.89404,536.00476,1684.5269,431.8217,537.45123,1685.2463,431.86523,529.96344,1690.4736,387.88617,527.6805,1695.6627,387.82645,525.45105,1701.456,387.86313,543.6689,1708.1117,577.7902,527.19794,1733.6483,361.45267,573.68475,1691.6782,438.81934,568.2536,1698.2947,374.91553,663.8354,1742.6973,625.6411,590.9441,1793.19,200.54971,851.312,1779.7128,617.79785,716.287,1861.913,-18.291424,1005.3951,1822.0007,534.68146,869.1778,1919.3744,-268.26587,1046.3251,1839.926,511.15945,919.2768,1951.0919,-335.71158,1049.1925,1842.6599,475.60385,925.97375,1943.0588,-323.87567,1033.4585,1837.3047,515.03156,913.4853,1929.4861,-265.90854,908.7204,1700.446,172.07979,864.79895,1736.7323,-172.3372,1152.3353,1539.925,40.094387,1111.907,1638.7336,-320.42233,1399.5571,1471.9615,-12.178532,1214.7775,1914.2018,-420.15176,1428.5135,1503.1554,-27.398844,1201.5233,1979.1112,-422.75244,1465.7635,1343.2584,-95.50346,1360.843,1950.6176,-451.91534
IMG_4851 copy 8.png,552.4722,1680.9241,388.63138,534.7804,1683.9728,431.89404,536.00476,1684.5269,431.8217,537.45123,1685.2463,431.86523,529.96344,1690.4736,387.88617,527.6805,1695.6627,387.82645,525.45105,1701.456,387.86313,543.6689,1708.1117,577.7902,527.19794,1733.6483,361.45267,573.68475,1691.6782,438.81934,568.2536,1698.2947,374.91553,663.8354,1742.6973,625.6411,590.9441,1793.19,200.54971,851.312,1779.7128,617.79785,716.287,1861.913,-18.291424,1005.3951,1822.0007,534.68146,869.1778,1919.3744,-268.26587,1046.3251,1839.926,511.15945,919.2768,1951.0919,-335.71158,1049.1925,1842.6599,475.60385,925.97375,1943.0588,-323.87567,1033.4585,1837.3047,515.03156,913.4853,1929.4861,-265.90854,908.7204,1700.446,172.07979,864.79895,1736.7323,-172.3372,1152.3353,1539.925,40.094387,1111.907,1638.7336,-320.42233,1399.5571,1471.9615,-12.178532,1214.7775,1914.2018,-420.15176,1428.5135,1503.1554,-27.398844,1201.5233,1979.1112,-422.75244,1465.7635,1343.2584,-95.50346,1360.843,1950.6176,-451.91534
IMG_4851 copy 9.png,552.4722,1680.9241,388.63138,534.7804,1683.9728,431.89404,536.00476,1684.5269,431.8217,537.45123,1685.2463,431.86523,529.96344,1690.4736,387.88617,527.6805,1695.6627,387.82645,525.45105,1701.456,387.86313,543.6689,1708.1117,577.7902,527.19794,1733.6483,361.45267,573.68475,1691.6782,438.81934,568.2536,1698.2947,374.91553,663.8354,1742.6973,625.6411,590.9441,1793.19,200.54971,851.312,1779.7128,617.79785,716.287,1861.913,-18.291424,1005.3951,1822.0007,534.68146,869.1778,1919.3744,-268.26587,1046.3251,1839.926,511.15945,919.2768,1951.0919,-335.71158,1049.1925,1842.6599,475.60385,925.97375,1943.0588,-323.87567,1033.4585,1837.3047,515.03156,913.4853,1929.4861,-265.90854,908.7204,1700.446,172.07979,864.79895,1736.7323,-172.3372,1152.3353,1539.925,40.094387,1111.907,1638.7336,-320.42233,1399.5571,1471.9615,-12.178532,1214.7775,1914.2018,-420.15176,1428.5135,1503.1554,-27.398844,1201.5233,1979.1112,-422.75244,1465.7635,1343.2584,-95.50346,1360.843,1950.6176,-451.91534
IMG_4851 copy.png,552.4722,1680.9241,388.63138,534.7804,1683.9728,431.89404,536.00476,1684.5269,431.8217,537.45123,1685.2463,431.86523,529.96344,1690.4736,387.88617,527.6805,1695.6627,387.82645,525.45105,1701.456,387.86313,543.6689,1708.1117,577.7902,527.19794,1733.6483,361.45267,573.68475,1691.6782,438.81934,568.2536,1698.2947,374.91553,663.8354,1742.6973,625.6411,590.9441,1793.19,200.54971,851.312,1779.7128,617.79785,716.287,1861.913,-18.291424,1005.3951,1822.0007,534.68146,869.1778,1919.3744,-268.26587,1046.3251,1839.926,511.15945,919.2768,1951.0919,-335.71158,1049.1925,1842.6599,475.60385,925.97375,1943.0588,-323.87567,1033.4585,1837.3047,515.03156,913.4853,1929.4861,-265.90854,908.7204,1700.446,172.07979,864.79895,1736.7323,-172.3372,1152.3353,1539.925,40.094387,1111.907,1638.7336,-320.42233,1399.5571,1471.9615,-12.178532,1214.7775,1914.2018,-420.15176,1428.5135,1503.1554,-27.398844,1201.5233,1979.1112,-422.75244,1465.7635,1343.2584,-95.50346,1360.843,1950.6176,-451.91534
IMG_4851.png,552.4722,1680.9241,388.63138,534.7804,1683.9728,431.89404,536.00476,1684.5269,431.8217,537.45123,1685.2463,431.86523,529.96344,1690.4736,387.88617,527.6805,1695.6627,387.82645,525.45105,1701.456,387.86313,543.6689,1708.1117,577.7902,527.19794,1733.6483,361.45267,573.68475,1691.6782,438.81934,568.2536,1698.2947,374.91553,663.8354,1742.6973,625.6411,590.9441,1793.19,200.54971,851.312,1779.7128,617.79785,716.287,1861.913,-18.291424,1005.3951,1822.0007,534.68146,869.1778,1919.3744,-268.26587,1046.3251,1839.926,511.15945,919.2768,1951.0919,-335.71158,1049.1925,1842.6599,475.60385,925.97375,1943.0588,-323.87567,1033.4585,1837.3047,515.03156,913.4853,1929.4861,-265.90854,908.7204,1700.446,172.07979,864.79895,1736.7323,-172.3372,1152.3353,1539.925,40.094387,1111.907,1638.7336,-320.42233,1399.5571,1471.9615,-12.178532,1214.7775,1914.2018,-420.15176,1428.5135,1503.1554,-27.398844,1201.5233,1979.1112,-422.75244,1465.7635,1343.2584,-95.50346,1360.843,1950.6176,-451.91534
IMG_4852 copy 10.JPG,560.8907,1564.5154,-210.94359,531.5177,1577.7617,-173.90399,531.206,1578.582,-174.11346,531.088,1579.5725,-174.23656,531.4729,1587.7468,-267.91464,531.09125,1596.0492,-268.0662,531.1099,1605.1553,-268.19977,541.86145,1616.8309,51.423107,542.91986,1653.6736,-377.68826,595.44745,1575.4875,-113.433,597.0962,1588.8336,-239.05182,708.4817,1626.2646,372.35916,698.4789,1727.5232,-560.61255,934.4991,1638.6124,561.0324,921.743,1798.7029,-653.77814,1137.7076,1675.8208,502.45596,1161.9651,1812.4716,-642.9966,1196.4994,1683.6083,514.0818,1239.8153,1841.0763,-722.7064,1198.3693,1681.1699,434.32532,1248.7572,1825.8727,-705.5765,1176.9586,1682.4385,464.58255,1225.0693,1810.803,-631.2018,1123.978,1528.3809,280.99658,1138.403,1636.2272,-281.0609,1415.4044,1345.1067,161.1203,1459.0221,1433.368,-416.5093,1753.3788,1187.7379,293.1195,1566.8584,1719.8379,131.3096,1821.4746,1224.9125,292.19675,1546.4629,1792.8623,188.92473,1852.8757,1028.4807,123.03088,1766.4241,1743.6782,130.99211
IMG_4852 copy 11.JPG,560.8907,1564.5154,-210.94359,531.5177,1577.7617,-173.90399,531.206,1578.582,-174.11346,531.088,1579.5725,-174.23656,531.4729,1587.7468,-267.91464,531.09125,1596.0492,-268.0662,531.1099,1605.1553,-268.19977,541.86145,1616.8309,51.423107,542.91986,1653.6736,-377.68826,595.44745,1575.4875,-113.433,597.0962,1588.8336,-239.05182,708.4817,1626.2646,372.35916,698.4789,1727.5232,-560.61255,934.4991,1638.6124,561.0324,921.743,1798.7029,-653.77814,1137.7076,1675.8208,502.45596,1161.9651,1812.4716,-642.9966,1196.4994,1683.6083,514.0818,1239.8153,1841.0763,-722.7064,1198.3693,1681.1699,434.32532,1248.7572,1825.8727,-705.5765,1176.9586,1682.4385,464.58255,1225.0693,1810.803,-631.2018,1123.978,1528.3809,280.99658,1138.403,1636.2272,-281.0609,1415.4044,1345.1067,161.1203,1459.0221,1433.368,-416.5093,1753.3788,1187.7379,293.1195,1566.8584,1719.8379,131.3096,1821.4746,1224.9125,292.19675,1546.4629,1792.8623,188.92473,1852.8757,1028.4807,123.03088,1766.4241,1743.6782,130.99211
IMG_4852 copy 12.JPG,560.8907,1564.5154,-210.94359,531.5177,1577.7617,-173.90399,531.206,1578.582,-174.11346,531.088,1579.5725,-174.23656,531.4729,1587.7468,-267.91464,531.09125,1596.0492,-268.0662,531.1099,1605.1553,-268.19977,541.86145,1616.8309,51.423107,542.91986,1653.6736,-377.68826,595.44745,1575.4875,-113.433,597.0962,1588.8336,-239.05182,708.4817,1626.2646,372.35916,698.4789,1727.5232,-560.61255,934.4991,1638.6124,561.0324,921.743,1798.7029,-653.77814,1137.7076,1675.8208,502.45596,1161.9651,1812.4716,-642.9966,1196.4994,1683.6083,514.0818,1239.8153,1841.0763,-722.7064,1198.3693,1681.1699,434.32532,1248.7572,1825.8727,-705.5765,1176.9586,1682.4385,464.58255,1225.0693,1810.803,-631.2018,1123.978,1528.3809,280.99658,1138.403,1636.2272,-281.0609,1415.4044,1345.1067,161.1203,1459.0221,1433.368,-416.5093,1753.3788,1187.7379,293.1195,1566.8584,1719.8379,131.3096,1821.4746,1224.9125,292.19675,1546.4629,1792.8623,188.92473,1852.8757,1028.4807,123.03088,1766.4241,1743.6782,130.99211
IMG_4852 copy 13.JPG,560.8907,1564.5154,-210.94359,531.5177,1577.7617,-173.90399,531.206,1578.582,-174.11346,531.088,1579.5725,-174.23656,531.4729,1587.7468,-267.91464,531.09125,1596.0492,-268.0662,531.1099,1605.1553,-268.19977,541.86145,1616.8309,51.423107,542.91986,1653.6736,-377.68826,595.44745,1575.4875,-113.433,597.0962,1588.8336,-239.05182,708.4817,1626.2646,372.35916,698.4789,1727.5232,-560.61255,934.4991,1638.6124,561.0324,921.743,1798.7029,-653.77814,1137.7076,1675.8208,502.45596,1161.9651,1812.4716,-642.9966,1196.4994,1683.6083,514.0818,1239.8153,1841.0763,-722.7064,1198.3693,1681.1699,434.32532,1248.7572,1825.8727,-705.5765,1176.9586,1682.4385,464.58255,1225.0693,1810.803,-631.2018,1123.978,1528.3809,280.99658,1138.403,1636.2272,-281.0609,1415.4044,1345.1067,161.1203,1459.0221,1433.368,-416.5093,1753.3788,1187.7379,293.1195,1566.8584,1719.8379,131.3096,1821.4746,1224.9125,292.19675,1546.4629,1792.8623,188.92473,1852.8757,1028.4807,123.03088,1766.4241,1743.6782,130.99211
IMG_4852 copy 14.JPG,560.8907,1564.5154,-210.94359,531.5177,1577.7617,-173.90399,531.206,1578.582,-174.11346,531.088,1579.5725,-174.23656,531.4729,1587.7468,-267.91464,531.09125,1596.0492,-268.0662,531.1099,1605.1553,-268.19977,541.86145,1616.8309,51.423107,542.91986,1653.6736,-377.68826,595.44745,1575.4875,-113.433,597.0962,1588.8336,-239.05182,708.4817,1626.2646,372.35916,698.4789,1727.5232,-560.61255,934.4991,1638.6124,561.0324,921.743,1798.7029,-653.77814,1137.7076,1675.8208,502.45596,1161.9651,1812.4716,-642.9966,1196.4994,1683.6083,514.0818,1239.8153,1841.0763,-722.7064,1198.3693,1681.1699,434.32532,1248.7572,1825.8727,-705.5765,1176.9586,1682.4385,464.58255,1225.0693,1810.803,-631.2018,1123.978,1528.3809,280.99658,1138.403,1636.2272,-281.0609,1415.4044,1345.1067,161.1203,1459.0221,1433.368,-416.5093,1753.3788,1187.7379,293.1195,1566.8584,1719.8379,131.3096,1821.4746,1224.9125,292.19675,1546.4629,1792.8623,188.92473,1852.8757,1028.4807,123.03088,1766.4241,1743.6782,130.99211
IMG_4852 copy 15.JPG,560.8907,1564.5154,-210.94359,531.5177,1577.7617,-173.90399,531.206,1578.582,-174.11346,531.088,1579.5725,-174.23656,531.4729,1587.7468,-267.91464,531.09125,1596.0492,-268.0662,531.1099,1605.1553,-268.19977,541.86145,1616.8309,51.423107,542.91986,1653.6736,-377.68826,595.44745,1575.4875,-113.433,597.0962,1588.8336,-239.05182,708.4817,1626.2646,372.35916,698.4789,1727.5232,-560.61255,934.4991,1638.6124,561.0324,921.743,1798.7029,-653.77814,1137.7076,1675.8208,502.45596,1161.9651,1812.4716,-642.9966,1196.4994,1683.6083,514.0818,1239.8153,1841.0763,-722.7064,1198.3693,1681.1699,434.32532,1248.7572,1825.8727,-705.5765,1176.9586,1682.4385,464.58255,1225.0693,1810.803,-631.2018,1123.978,1528.3809,280.99658,1138.403,1636.2272,-281.0609,1415.4044,1345.1067,161.1203,1459.0221,1433.368,-416.5093,1753.3788,1187.7379,293.1195,1566.8584,1719.8379,131.3096,1821.4746,1224.9125,292.19675,1546.4629,1792.8623,188.92473,1852.8757,1028.4807,123.03088,1766.4241,1743.6782,130.99211
IMG_4852 copy 16.JPG,560.8907,1564.5154,-210.94359,531.5177,1577.7617,-173.90399,531.206,1578.582,-174.11346,531.088,1579.5725,-174.23656,531.4729,1587.7468,-267.91464,531.09125,1596.0492,-268.0662,531.1099,1605.1553,-268.19977,541.86145,1616.8309,51.423107,542.91986,1653.6736,-377.68826,595.44745,1575.4875,-113.433,597.0962,1588.8336,-239.05182,708.4817,1626.2646,372.35916,698.4789,1727.5232,-560.61255,934.4991,1638.6124,561.0324,921.743,1798.7029,-653.77814,1137.7076,1675.8208,502.45596,1161.9651,1812.4716,-642.9966,1196.4994,1683.6083,514.0818,1239.8153,1841.0763,-722.7064,1198.3693,1681.1699,434.32532,1248.7572,1825.8727,-705.5765,1176.9586,1682.4385,464.58255,1225.0693,1810.803,-631.2018,1123.978,1528.3809,280.99658,1138.403,1636.2272,-281.0609,1415.4044,1345.1067,161.1203,1459.0221,1433.368,-416.5093,1753.3788,1187.7379,293.1195,1566.8584,1719.8379,131.3096,1821.4746,1224.9125,292.19675,1546.4629,1792.8623,188.92473,1852.8757,1028.4807,123.03088,1766.4241,1743.6782,130.99211
IMG_4852 copy 17.JPG,560.8907,1564.5154,-210.94359,531.5177,1577.7617,-173.90399,531.206,1578.582,-174.11346,531.088,1579.5725,-174.23656,531.4729,1587.7468,-267.91464,531.09125,1596.0492,-268.0662,531.1099,1605.1553,-268.19977,541.86145,1616.8309,51.423107,542.91986,1653.6736,-377.68826,595.44745,1575.4875,-113.433,597.0962,1588.8336,-239.05182,708.4817,1626.2646,372.35916,698.4789,1727.5232,-560.61255,934.4991,1638.6124,561.0324,921.743,1798.7029,-653.77814,1137.7076,1675.8208,502.45596,1161.9651,1812.4716,-642.9966,1196.4994,1683.6083,514.0818,1239.8153,1841.0763,-722.7064,1198.3693,1681.1699,434.32532,1248.7572,1825.8727,-705.5765,1176.9586,1682.4385,464.58255,1225.0693,1810.803,-631.2018,1123.978,1528.3809,280.99658,1138.403,1636.2272,-281.0609,1415.4044,1345.1067,161.1203,1459.0221,1433.368,-416.5093,1753.3788,1187.7379,293.1195,1566.8584,1719.8379,131.3096,1821.4746,1224.9125,292.19675,1546.4629,1792.8623,188.92473,1852.8757,1028.4807,123.03088,1766.4241,1743.6782,130.99211
IMG_4852 copy 18.JPG,560.8907,1564.5154,-210.94359,531.5177,1577.7617,-173.90399,531.206,1578.582,-174.11346,531.088,1579.5725,-174.23656,531.4729,1587.7468,-267.91464,531.09125,1596.0492,-268.0662,531.1099,1605.1553,-268.19977,541.86145,1616.8309,51.423107,542.91986,1653.6736,-377.68826,595.44745,1575.4875,-113.433,597.0962,1588.8336,-239.05182,708.4817,1626.2646,372.35916,698.4789,1727.5232,-560.61255,934.4991,1638.6124,561.0324,921.743,1798.7029,-653.77814,1137.7076,1675.8208,502.45596,1161.9651,1812.4716,-642.9966,1196.4994,1683.6083,514.0818,1239.8153,1841.0763,-722.7064,1198.3693,1681.1699,434.32532,1248.7572,1825.8727,-705.5765,1176.9586,1682.4385,464.58255,1225.0693,1810.803,-631.2018,1123.978,1528.3809,280.99658,1138.403,1636.2272,-281.0609,1415.4044,1345.1067,161.1203,1459.0221,1433.368,-416.5093,1753.3788,1187.7379,293.1195,1566.8584,1719.8379,131.3096,1821.4746,1224.9125,292.19675,1546.4629,1792.8623,188.92473,1852.8757,1028.4807,123.03088,1766.4241,1743.6782,130.99211
IMG_4852 copy 19.JPG,560.8907,1564.5154,-210.94359,531.5177,1577.7617,-173.90399,531.206,1578.582,-174.11346,531.088,1579.5725,-174.23656,531.4729,1587.7468,-267.91464,531.09125,1596.0492,-268.0662,531.1099,1605.1553,-268.19977,541.86145,1616.8309,51.423107,542.91986,1653.6736,-377.68826,595.44745,1575.4875,-113.433,597.0962,1588.8336,-239.05182,708.4817,1626.2646,372.35916,698.4789,1727.5232,-560.61255,934.4991,1638.6124,561.0324,921.743,1798.7029,-653.77814,1137.7076,1675.8208,502.45596,1161.9651,1812.4716,-642.9966,1196.4994,1683.6083,514.0818,1239.8153,1841.0763,-722.7064,1198.3693,1681.1699,434.32532,1248.7572,1825.8727,-705.5765,1176.9586,1682.4385,464.58255,1225.0693,1810.803,-631.2018,1123.978,1528.3809,280.99658,1138.403,1636.2272,-281.0609,1415.4044,1345.1067,161.1203,1459.0221,1433.368,-416.5093,1753.3788,1187.7379,293.1195,1566.8584,1719.8379,131.3096,1821.4746,1224.9125,292.19675,1546.4629,1792.8623,188.92473,1852.8757,1028.4807,123.03088,1766.4241,1743.6782,130.99211
IMG_4852 copy 2.JPG,560.8907,1564.5154,-210.94359,531.5177,1577.7617,-173.90399,531.206,1578.582,-174.11346,531.088,1579.5725,-174.23656,531.4729,1587.7468,-267.91464,531.09125,1596.0492,-268.0662,531.1099,1605.1553,-268.19977,541.86145,1616.8309,51.423107,542.91986,1653.6736,-377.68826,595.44745,1575.4875,-113.433,597.0962,1588.8336,-239.05182,708.4817,1626.2646,372.35916,698.4789,1727.5232,-560.61255,934.4991,1638.6124,561.0324,921.743,1798.7029,-653.77814,1137.7076,1675.8208,502.45596,1161.9651,1812.4716,-642.9966,1196.4994,1683.6083,514.0818,1239.8153,1841.0763,-722.7064,1198.3693,1681.1699,434.32532,1248.7572,1825.8727,-705.5765,1176.9586,1682.4385,464.58255,1225.0693,1810.803,-631.2018,1123.978,1528.3809,280.99658,1138.403,1636.2272,-281.0609,1415.4044,1345.1067,161.1203,1459.0221,1433.368,-416.5093,1753.3788,1187.7379,293.1195,1566.8584,1719.8379,131.3096,1821.4746,1224.9125,292.19675,1546.4629,1792.8623,188.92473,1852.8757,1028.4807,123.03088,1766.4241,1743.6782,130.99211
IMG_4852 copy 3.JPG,560.8907,1564.5154,-210.94359,531.5177,1577.7617,-173.90399,531.206,1578.582,-174.11346,531.088,1579.5725,-174.23656,531.4729,1587.7468,-267.91464,531.09125,1596.0492,-268.0662,531.1099,1605.1553,-268.19977,541.86145,1616.8309,51.423107,542.91986,1653.6736,-377.68826,595.44745,1575.4875,-113.433,597.0962,1588.8336,-239.05182,708.4817,1626.2646,372.35916,698.4789,1727.5232,-560.61255,934.4991,1638.6124,561.0324,921.743,1798.7029,-653.77814,1137.7076,1675.8208,502.45596,1161.9651,1812.4716,-642.9966,1196.4994,1683.6083,514.0818,1239.8153,1841.0763,-722.7064,1198.3693,1681.1699,434.32532,1248.7572,1825.8727,-705.5765,1176.9586,1682.4385,464.58255,1225.0693,1810.803,-631.2018,1123.978,1528.3809,280.99658,1138.403,1636.2272,-281.0609,1415.4044,1345.1067,161.1203,1459.0221,1433.368,-416.5093,1753.3788,1187.7379,293.1195,1566.8584,1719.8379,131.3096,1821.4746,1224.9125,292.19675,1546.4629,1792.8623,188.92473,1852.8757,1028.4807,123.03088,1766.4241,1743.6782,130.99211
IMG_4852 copy 4.JPG,560.8907,1564.5154,-210.94359,531.5177,1577.7617,-173.90399,531.206,1578.582,-174.11346,531.088,1579.5725,-174.23656,531.4729,1587.7468,-267.91464,531.09125,1596.0492,-268.0662,531.1099,1605.1553,-268.19977,541.86145,1616.8309,51.423107,542.91986,1653.6736,-377.68826,595.44745,1575.4875,-113.433,597.0962,1588.8336,-239.05182,708.4817,1626.2646,372.35916,698.4789,1727.5232,-560.61255,934.4991,1638.6124,561.0324,921.743,1798.7029,-653.77814,1137.7076,1675.8208,502.45596,1161.9651,1812.4716,-642.9966,1196.4994,1683.6083,514.0818,1239.8153,1841.0763,-722.7064,1198.3693,1681.1699,434.32532,1248.7572,1825.8727,-705.5765,1176.9586,1682.4385,464.58255,1225.0693,1810.803,-631.2018,1123.978,1528.3809,280.99658,1138.403,1636.2272,-281.0609,1415.4044,1345.1067,161.1203,1459.0221,1433.368,-416.5093,1753.3788,1187.7379,293.1195,1566.8584,1719.8379,131.3096,1821.4746,1224.9125,292.19675,1546.4629,1792.8623,188.92473,1852.8757,1028.4807,123.03088,1766.4241,1743.6782,130.99211
IMG_4852 copy 5.JPG,560.8907,1564.5154,-210.94359,531.5177,1577.7617,-173.90399,531.206,1578.582,-174.11346,531.088,1579.5725,-174.23656,531.4729,1587.7468,-267.91464,531.09125,1596.0492,-268.0662,531.1099,1605.1553,-268.19977,541.86145,1616.8309,51.423107,542.91986,1653.6736,-377.68826,595.44745,1575.4875,-113.433,597.0962,1588.8336,-239.05182,708.4817,1626.2646,372.35916,698.4789,1727.5232,-560.61255,934.4991,1638.6124,561.0324,921.743,1798.7029,-653.77814,1137.7076,1675.8208,502.45596,1161.9651,1812.4716,-642.9966,1196.4994,1683.6083,514.0818,1239.8153,1841.0763,-722.7064,1198.3693,1681.1699,434.32532,1248.7572,1825.8727,-705.5765,1176.9586,1682.4385,464.58255,1225.0693,1810.803,-631.2018,1123.978,1528.3809,280.99658,1138.403,1636.2272,-281.0609,1415.4044,1345.1067,161.1203,1459.0221,1433.368,-416.5093,1753.3788,1187.7379,293.1195,1566.8584,1719.8379,131.3096,1821.4746,1224.9125,292.19675,1546.4629,1792.8623,188.92473,1852.8757,1028.4807,123.03088,1766.4241,1743.6782,130.99211
IMG_4852 copy 6.JPG,560.8907,1564.5154,-210.94359,531.5177,1577.7617,-173.90399,531.206,1578.582,-174.11346,531.088,1579.5725,-174.23656,531.4729,1587.7468,-267.91464,531.09125,1596.0492,-268.0662,531.1099,1605.1553,-268.19977,541.86145,1616.8309,51.423107,542.91986,1653.6736,-377.68826,595.44745,1575.4875,-113.433,597.0962,1588.8336,-239.05182,708.4817,1626.2646,372.35916,698.4789,1727.5232,-560.61255,934.4991,1638.6124,561.0324,921.743,1798.7029,-653.77814,1137.7076,1675.8208,502.45596,1161.9651,1812.4716,-642.9966,1196.4994,1683.6083,514.0818,1239.8153,1841.0763,-722.7064,1198.3693,1681.1699,434.32532,1248.7572,1825.8727,-705.5765,1176.9586,1682.4385,464.58255,1225.0693,1810.803,-631.2018,1123.978,1528.3809,280.99658,1138.403,1636.2272,-281.0609,1415.4044,1345.1067,161.1203,1459.0221,1433.368,-416.5093,1753.3788,1187.7379,293.1195,1566.8584,1719.8379,131.3096,1821.4746,1224.9125,292.19675,1546.4629,1792.8623,188.92473,1852.8757,1028.4807,123.03088,1766.4241,1743.6782,130.99211
IMG_4852 copy 7.JPG,560.8907,1564.5154,-210.94359,531.5177,1577.7617,-173.90399,531.206,1578.582,-174.11346,531.088,1579.5725,-174.23656,531.4729,1587.7468,-267.91464,531.09125,1596.0492,-268.0662,531.1099,1605.1553,-268.19977,541.86145,1616.8309,51.423107,542.91986,1653.6736,-377.68826,595.44745,1575.4875,-113.433,597.0962,1588.8336,-239.05182,708.4817,1626.2646,372.35916,698.4789,1727.5232,-560.61255,934.4991,1638.6124,561.0324,921.743,1798.7029,-653.77814,1137.7076,1675.8208,502.45596,1161.9651,1812.4716,-642.9966,1196.4994,1683.6083,514.0818,1239.8153,1841.0763,-722.7064,1198.3693,1681.1699,434.32532,1248.7572,1825.8727,-705.5765,1176.9586,1682.4385,464.58255,1225.0693,1810.803,-631.2018,1123.978,1528.3809,280.99658,1138.403,1636.2272,-281.0609,1415.4044,1345.1067,161.1203,1459.0221,1433.368,-416.5093,1753.3788,1187.7379,293.1195,1566.8584,1719.8379,131.3096,1821.4746,1224.9125,292.19675,1546.4629,1792.8623,188.92473,1852.8757,1028.4807,123.03088,1766.4241,1743.6782,130.99211
IMG_4852 copy 8.JPG,560.8907,1564.5154,-210.94359,531.5177,1577.7617,-173.90399,531.206,1578.582,-174.11346,531.088,1579.5725,-174.23656,531.4729,1587.7468,-267.91464,531.09125,1596.0492,-268.0662,531.1099,1605.1553,-268.19977,541.86145,1616.8309,51.423107,542.91986,1653.6736,-377.68826,595.44745,1575.4875,-113.433,597.0962,1588.8336,-239.05182,708.4817,1626.2646,372.35916,698.4789,1727.5232,-560.61255,934.4991,1638.6124,561.0324,921.743,1798.7029,-653.77814,1137.7076,1675.8208,502.45596,1161.9651,1812.4716,-642.9966,1196.4994,1683.6083,514.0818,1239.8153,1841.0763,-722.7064,1198.3693,1681.1699,434.32532,1248.7572,1825.8727,-705.5765,1176.9586,1682.4385,464.58255,1225.0693,1810.803,-631.2018,1123.978,1528.3809,280.99658,1138.403,1636.2272,-281.0609,1415.4044,1345.1067,161.1203,1459.0221,1433.368,-416.5093,1753.3788,1187.7379,293.1195,1566.8584,1719.8379,131.3096,1821.4746,1224.9125,292.19675,1546.4629,1792.8623,188.92473,1852.8757,1028.4807,123.03088,1766.4241,1743.6782,130.99211
IMG_4852 copy 9.JPG,560.8907,1564.5154,-210.94359,531.5177,1577.7617,-173.90399,531.206,1578.582,-174.11346,531.088,1579.5725,-174.23656,531.4729,1587.7468,-267.91464,531.09125,1596.0492,-268.0662,531.1099,1605.1553,-268.19977,541.86145,1616.8309,51.423107,542.91986,1653.6736,-377.68826,595.44745,1575.4875,-113.433,597.0962,1588.8336,-239.05182,708.4817,1626.2646,372.35916,698.4789,1727.5232,-560.61255,934.4991,1638.6124,561.0324,921.743,1798.7029,-653.77814,1137.7076,1675.8208,502.45596,1161.9651,1812.4716,-642.9966,1196.4994,1683.6083,514.0818,1239.8153,1841.0763,-722.7064,1198.3693,1681.1699,434.32532,1248.7572,1825.8727,-705.5765,1176.9586,1682.4385,464.58255,1225.0693,1810.803,-631.2018,1123.978,1528.3809,280.99658,1138.403,1636.2272,-281.0609,1415.4044,1345.1067,161.1203,1459.0221,1433.368,-416.5093,1753.3788,1187.7379,293.1195,1566.8584,1719.8379,131.3096,1821.4746,1224.9125,292.19675,1546.4629,1792.8623,188.92473,1852.8757,1028.4807,123.03088,1766.4241,1743.6782,130.99211
IMG_4852 copy.JPG,560.8907,1564.5154,-210.94359,531.5177,1577.7617,-173.90399,531.206,1578.582,-174.11346,531.088,1579.5725,-174.23656,531.4729,1587.7468,-267.91464,531.09125,1596.0492,-268.0662,531.1099,1605.1553,-268.19977,541.86145,1616.8309,51.423107,542.91986,1653.6736,-377.68826,595.44745,1575.4875,-113.433,597.0962,1588.8336,-239.05182,708.4817,1626.2646,372.35916,698.4789,1727.5232,-560.61255,934.4991,1638.6124,561.0324,921.743,1798.7029,-653.77814,1137.7076,1675.8208,502.45596,1161.9651,1812.4716,-642.9966,1196.4994,1683.6083,514.0818,1239.8153,1841.0763,-722.7064,1198.3693,1681.1699,434.32532,1248.7572,1825.8727,-705.5765,1176.9586,1682.4385,464.58255,1225.0693,1810.803,-631.2018,1123.978,1528.3809,280.99658,1138.403,1636.2272,-281.0609,1415.4044,1345.1067,161.1203,1459.0221,1433.368,-416.5093,1753.3788,1187.7379,293.1195,1566.8584,1719.8379,131.3096,1821.4746,1224.9125,292.19675,1546.4629,1792.8623,188.92473,1852.8757,1028.4807,123.03088,1766.4241,1743.6782,130.99211
IMG_4852.JPG,560.8907,1564.5154,-210.94359,531.5177,1577.7617,-173.90399,531.206,1578.582,-174.11346,531.088,1579.5725,-174.23656,531.4729,1587.7468,-267.91464,531.09125,1596.0492,-268.0662,531.1099,1605.1553,-268.19977,541.86145,1616.8309,51.423107,542.91986,1653.6736,-377.68826,595.44745,1575.4875,-113.433,597.0962,1588.8336,-239.05182,708.4817,1626.2646,372.35916,698.4789,1727.5232,-560.61255,934.4991,1638.6124,561.0324,921.743,1798.7029,-653.77814,1137.7076,1675.8208,502.45596,1161.9651,1812.4716,-642.9966,1196.4994,1683.6083,514.0818,1239.8153,1841.0763,-722.7064,1198.3693,1681.1699,434.32532,1248.7572,1825.8727,-705.5765,1176.9586,1682.4385,464.58255,1225.0693,1810.803,-631.2018,1123.978,1528.3809,280.99658,1138.403,1636.2272,-281.0609,1415.4044,1345.1067,161.1203,1459.0221,1433.368,-416.5093,1753.3788,1187.7379,293.1195,1566.8584,1719.8379,131.3096,1821.4746,1224.9125,292.19675,1546.4629,1792.8623,188.92473,1852.8757,1028.4807,123.03088,1766.4241,1743.6782,130.99211
IMG_4853 copy 10.JPG,779.80914,2135.6611,-1448.6869,751.3546,2162.3848,-1456.323,740.31665,2162.8074,-1456.1392,728.47876,2164.3318,-1456.5538,784.0974,2177.9626,-1520.9563,798.1548,2190.8455,-1521.4391,813.06104,2206.3484,-1521.5685,715.61896,2205.2644,-1113.0823,852.04376,2275.1492,-1405.9248,783.06195,2115.5273,-1274.7665,820.94556,2137.7698,-1360.1459,686.90283,2134.521,-535.3968,1076.1804,2230.759,-993.0172,797.92676,2020.8109,214.60492,1242.518,2119.4827,-235.68616,887.5402,1862.2329,569.55835,1391.1758,1994.1405,564.0623,906.8297,1820.7609,704.1768,1459.8241,1970.0801,707.4343,911.7986,1806.9364,595.22485,1443.9154,1948.4207,648.018,915.70264,1823.7861,545.7926,1417.441,1955.6952,578.442,990.4255,1687.2192,139.62715,1192.0085,1743.6962,-139.13655,1121.3385,1254.639,60.56002,1418.1626,1387.9551,-202.8169,1209.5918,863.26,485.56616,1325.1274,1756.7446,968.41516,1229.5942,840.49677,520.9512,1298.5492,1823.8693,1102.797,1261.5951,676.9991,335.02277,1375.3589,1740.862,1210.7568
IMG_4853 copy 11.JPG,779.80914,2135.6611,-1448.6869,751.3546,2162.3848,-1456.323,740.31665,2162.8074,-1456.1392,728.47876,2164.3318,-1456.5538,784.0974,2177.9626,-1520.9563,798.1548,2190.8455,-1521.4391,813.06104,2206.3484,-1521.5685,715.61896,2205.2644,-1113.0823,852.04376,2275.1492,-1405.9248,783.06195,2115.5273,-1274.7665,820.94556,2137.7698,-1360.1459,686.90283,2134.521,-535.3968,1076.1804,2230.759,-993.0172,797.92676,2020.8109,214.60492,1242.518,2119.4827,-235.68616,887.5402,1862.2329,569.55835,1391.1758,1994.1405,564.0623,906.8297,1820.7609,704.1768,1459.8241,1970.0801,707.4343,911.7986,1806.9364,595.22485,1443.9154,1948.4207,648.018,915.70264,1823.7861,545.7926,1417.441,1955.6952,578.442,990.4255,1687.2192,139.62715,1192.0085,1743.6962,-139.13655,1121.3385,1254.639,60.56002,1418.1626,1387.9551,-202.8169,1209.5918,863.26,485.56616,1325.1274,1756.7446,968.41516,1229.5942,840.49677,520.9512,1298.5492,1823.8693,1102.797,1261.5951,676.9991,335.02277,1375.3589,1740.862,1210.7568
IMG_4853 copy 12.JPG,779.80914,2135.6611,-1448.6869,751.3546,2162.3848,-1456.323,740.31665,2162.8074,-1456.1392,728.47876,2164.3318,-1456.5538,784.0974,2177.9626,-1520.9563,798.1548,2190.8455,-1521.4391,813.06104,2206.3484,-1521.5685,715.61896,2205.2644,-1113.0823,852.04376,2275.1492,-1405.9248,783.06195,2115.5273,-1274.7665,820.94556,2137.7698,-1360.1459,686.90283,2134.521,-535.3968,1076.1804,2230.759,-993.0172,797.92676,2020.8109,214.60492,1242.518,2119.4827,-235.68616,887.5402,1862.2329,569.55835,1391.1758,1994.1405,564.0623,906.8297,1820.7609,704.1768,1459.8241,1970.0801,707.4343,911.7986,1806.9364,595.22485,1443.9154,1948.4207,648.018,915.70264,1823.7861,545.7926,1417.441,1955.6952,578.442,990.4255,1687.2192,139.62715,1192.0085,1743.6962,-139.13655,1121.3385,1254.639,60.56002,1418.1626,1387.9551,-202.8169,1209.5918,863.26,485.56616,1325.1274,1756.7446,968.41516,1229.5942,840.49677,520.9512,1298.5492,1823.8693,1102.797,1261.5951,676.9991,335.02277,1375.3589,1740.862,1210.7568
IMG_4853 copy 13.JPG,779.80914,2135.6611,-1448.6869,751.3546,2162.3848,-1456.323,740.31665,2162.8074,-1456.1392,728.47876,2164.3318,-1456.5538,784.0974,2177.9626,-1520.9563,798.1548,2190.8455,-1521.4391,813.06104,2206.3484,-1521.5685,715.61896,2205.2644,-1113.0823,852.04376,2275.1492,-1405.9248,783.06195,2115.5273,-1274.7665,820.94556,2137.7698,-1360.1459,686.90283,2134.521,-535.3968,1076.1804,2230.759,-993.0172,797.92676,2020.8109,214.60492,1242.518,2119.4827,-235.68616,887.5402,1862.2329,569.55835,1391.1758,1994.1405,564.0623,906.8297,1820.7609,704.1768,1459.8241,1970.0801,707.4343,911.7986,1806.9364,595.22485,1443.9154,1948.4207,648.018,915.70264,1823.7861,545.7926,1417.441,1955.6952,578.442,990.4255,1687.2192,139.62715,1192.0085,1743.6962,-139.13655,1121.3385,1254.639,60.56002,1418.1626,1387.9551,-202.8169,1209.5918,863.26,485.56616,1325.1274,1756.7446,968.41516,1229.5942,840.49677,520.9512,1298.5492,1823.8693,1102.797,1261.5951,676.9991,335.02277,1375.3589,1740.862,1210.7568
IMG_4853 copy 14.JPG,779.80914,2135.6611,-1448.6869,751.3546,2162.3848,-1456.323,740.31665,2162.8074,-1456.1392,728.47876,2164.3318,-1456.5538,784.0974,2177.9626,-1520.9563,798.1548,2190.8455,-1521.4391,813.06104,2206.3484,-1521.5685,715.61896,2205.2644,-1113.0823,852.04376,2275.1492,-1405.9248,783.06195,2115.5273,-1274.7665,820.94556,2137.7698,-1360.1459,686.90283,2134.521,-535.3968,1076.1804,2230.759,-993.0172,797.92676,2020.8109,214.60492,1242.518,2119.4827,-235.68616,887.5402,1862.2329,569.55835,1391.1758,1994.1405,564.0623,906.8297,1820.7609,704.1768,1459.8241,1970.0801,707.4343,911.7986,1806.9364,595.22485,1443.9154,1948.4207,648.018,915.70264,1823.7861,545.7926,1417.441,1955.6952,578.442,990.4255,1687.2192,139.62715,1192.0085,1743.6962,-139.13655,1121.3385,1254.639,60.56002,1418.1626,1387.9551,-202.8169,1209.5918,863.26,485.56616,1325.1274,1756.7446,968.41516,1229.5942,840.49677,520.9512,1298.5492,1823.8693,1102.797,1261.5951,676.9991,335.02277,1375.3589,1740.862,1210.7568
IMG_4853 copy 15.JPG,779.80914,2135.6611,-1448.6869,751.3546,2162.3848,-1456.323,740.31665,2162.8074,-1456.1392,728.47876,2164.3318,-1456.5538,784.0974,2177.9626,-1520.9563,798.1548,2190.8455,-1521.4391,813.06104,2206.3484,-1521.5685,715.61896,2205.2644,-1113.0823,852.04376,2275.1492,-1405.9248,783.06195,2115.5273,-1274.7665,820.94556,2137.7698,-1360.1459,686.90283,2134.521,-535.3968,1076.1804,2230.759,-993.0172,797.92676,2020.8109,214.60492,1242.518,2119.4827,-235.68616,887.5402,1862.2329,569.55835,1391.1758,1994.1405,564.0623,906.8297,1820.7609,704.1768,1459.8241,1970.0801,707.4343,911.7986,1806.9364,595.22485,1443.9154,1948.4207,648.018,915.70264,1823.7861,545.7926,1417.441,1955.6952,578.442,990.4255,1687.2192,139.62715,1192.0085,1743.6962,-139.13655,1121.3385,1254.639,60.56002,1418.1626,1387.9551,-202.8169,1209.5918,863.26,485.56616,1325.1274,1756.7446,968.41516,1229.5942,840.49677,520.9512,1298.5492,1823.8693,1102.797,1261.5951,676.9991,335.02277,1375.3589,1740.862,1210.7568
IMG_4853 copy 16.JPG,779.80914,2135.6611,-1448.6869,751.3546,2162.3848,-1456.323,740.31665,2162.8074,-1456.1392,728.47876,2164.3318,-1456.5538,784.0974,2177.9626,-1520.9563,798.1548,2190.8455,-1521.4391,813.06104,2206.3484,-1521.5685,715.61896,2205.2644,-1113.0823,852.04376,2275.1492,-1405.9248,783.06195,2115.5273,-1274.7665,820.94556,2137.7698,-1360.1459,686.90283,2134.521,-535.3968,1076.1804,2230.759,-993.0172,797.92676,2020.8109,214.60492,1242.518,2119.4827,-235.68616,887.5402,1862.2329,569.55835,1391.1758,1994.1405,564.0623,906.8297,1820.7609,704.1768,1459.8241,1970.0801,707.4343,911.7986,1806.9364,595.22485,1443.9154,1948.4207,648.018,915.70264,1823.7861,545.7926,1417.441,1955.6952,578.442,990.4255,1687.2192,139.62715,1192.0085,1743.6962,-139.13655,1121.3385,1254.639,60.56002,1418.1626,1387.9551,-202.8169,1209.5918,863.26,485.56616,1325.1274,1756.7446,968.41516,1229.5942,840.49677,520.9512,1298.5492,1823.8693,1102.797,1261.5951,676.9991,335.02277,1375.3589,1740.862,1210.7568
IMG_4853 copy 17.JPG,779.80914,2135.6611,-1448.6869,751.3546,2162.3848,-1456.323,740.31665,2162.8074,-1456.1392,728.47876,2164.3318,-1456.5538,784.0974,2177.9626,-1520.9563,798.1548,2190.8455,-1521.4391,813.06104,2206.3484,-1521.5685,715.61896,2205.2644,-1113.0823,852.04376,2275.1492,-1405.9248,783.06195,2115.5273,-1274.7665,820.94556,2137.7698,-1360.1459,686.90283,2134.521,-535.3968,1076.1804,2230.759,-993.0172,797.92676,2020.8109,214.60492,1242.518,2119.4827,-235.68616,887.5402,1862.2329,569.55835,1391.1758,1994.1405,564.0623,906.8297,1820.7609,704.1768,1459.8241,1970.0801,707.4343,911.7986,1806.9364,595.22485,1443.9154,1948.4207,648.018,915.70264,1823.7861,545.7926,1417.441,1955.6952,578.442,990.4255,1687.2192,139.62715,1192.0085,1743.6962,-139.13655,1121.3385,1254.639,60.56002,1418.1626,1387.9551,-202.8169,1209.5918,863.26,485.56616,1325.1274,1756.7446,968.41516,1229.5942,840.49677,520.9512,1298.5492,1823.8693,1102.797,1261.5951,676.9991,335.02277,1375.3589,1740.862,1210.7568
IMG_4853 copy 18.JPG,779.80914,2135.6611,-1448.6869,751.3546,2162.3848,-1456.323,740.31665,2162.8074,-1456.1392,728.47876,2164.3318,-1456.5538,784.0974,2177.9626,-1520.9563,798.1548,2190.8455,-1521.4391,813.06104,2206.3484,-1521.5685,715.61896,2205.2644,-1113.0823,852.04376,2275.1492,-1405.9248,783.06195,2115.5273,-1274.7665,820.94556,2137.7698,-1360.1459,686.90283,2134.521,-535.3968,1076.1804,2230.759,-993.0172,797.92676,2020.8109,214.60492,1242.518,2119.4827,-235.68616,887.5402,1862.2329,569.55835,1391.1758,1994.1405,564.0623,906.8297,1820.7609,704.1768,1459.8241,1970.0801,707.4343,911.7986,1806.9364,595.22485,1443.9154,1948.4207,648.018,915.70264,1823.7861,545.7926,1417.441,1955.6952,578.442,990.4255,1687.2192,139.62715,1192.0085,1743.6962,-139.13655,1121.3385,1254.639,60.56002,1418.1626,1387.9551,-202.8169,1209.5918,863.26,485.56616,1325.1274,1756.7446,968.41516,1229.5942,840.49677,520.9512,1298.5492,1823.8693,1102.797,1261.5951,676.9991,335.02277,1375.3589,1740.862,1210.7568
IMG_4853 copy 2.JPG,779.80914,2135.6611,-1448.6869,751.3546,2162.3848,-1456.323,740.31665,2162.8074,-1456.1392,728.47876,2164.3318,-1456.5538,784.0974,2177.9626,-1520.9563,798.1548,2190.8455,-1521.4391,813.06104,2206.3484,-1521.5685,715.61896,2205.2644,-1113.0823,852.04376,2275.1492,-1405.9248,783.06195,2115.5273,-1274.7665,820.94556,2137.7698,-1360.1459,686.90283,2134.521,-535.3968,1076.1804,2230.759,-993.0172,797.92676,2020.8109,214.60492,1242.518,2119.4827,-235.68616,887.5402,1862.2329,569.55835,1391.1758,1994.1405,564.0623,906.8297,1820.7609,704.1768,1459.8241,1970.0801,707.4343,911.7986,1806.9364,595.22485,1443.9154,1948.4207,648.018,915.70264,1823.7861,545.7926,1417.441,1955.6952,578.442,990.4255,1687.2192,139.62715,1192.0085,1743.6962,-139.13655,1121.3385,1254.639,60.56002,1418.1626,1387.9551,-202.8169,1209.5918,863.26,485.56616,1325.1274,1756.7446,968.41516,1229.5942,840.49677,520.9512,1298.5492,1823.8693,1102.797,1261.5951,676.9991,335.02277,1375.3589,1740.862,1210.7568
IMG_4853 copy 3.JPG,779.80914,2135.6611,-1448.6869,751.3546,2162.3848,-1456.323,740.31665,2162.8074,-1456.1392,728.47876,2164.3318,-1456.5538,784.0974,2177.9626,-1520.9563,798.1548,2190.8455,-1521.4391,813.06104,2206.3484,-1521.5685,715.61896,2205.2644,-1113.0823,852.04376,2275.1492,-1405.9248,783.06195,2115.5273,-1274.7665,820.94556,2137.7698,-1360.1459,686.90283,2134.521,-535.3968,1076.1804,2230.759,-993.0172,797.92676,2020.8109,214.60492,1242.518,2119.4827,-235.68616,887.5402,1862.2329,569.55835,1391.1758,1994.1405,564.0623,906.8297,1820.7609,704.1768,1459.8241,1970.0801,707.4343,911.7986,1806.9364,595.22485,1443.9154,1948.4207,648.018,915.70264,1823.7861,545.7926,1417.441,1955.6952,578.442,990.4255,1687.2192,139.62715,1192.0085,1743.6962,-139.13655,1121.3385,1254.639,60.56002,1418.1626,1387.9551,-202.8169,1209.5918,863.26,485.56616,1325.1274,1756.7446,968.41516,1229.5942,840.49677,520.9512,1298.5492,1823.8693,1102.797,1261.5951,676.9991,335.02277,1375.3589,1740.862,1210.7568
IMG_4853 copy 4.JPG,779.80914,2135.6611,-1448.6869,751.3546,2162.3848,-1456.323,740.31665,2162.8074,-1456.1392,728.47876,2164.3318,-1456.5538,784.0974,2177.9626,-1520.9563,798.1548,2190.8455,-1521.4391,813.06104,2206.3484,-1521.5685,715.61896,2205.2644,-1113.0823,852.04376,2275.1492,-1405.9248,783.06195,2115.5273,-1274.7665,820.94556,2137.7698,-1360.1459,686.90283,2134.521,-535.3968,1076.1804,2230.759,-993.0172,797.92676,2020.8109,214.60492,1242.518,2119.4827,-235.68616,887.5402,1862.2329,569.55835,1391.1758,1994.1405,564.0623,906.8297,1820.7609,704.1768,1459.8241,1970.0801,707.4343,911.7986,1806.9364,595.22485,1443.9154,1948.4207,648.018,915.70264,1823.7861,545.7926,1417.441,1955.6952,578.442,990.4255,1687.2192,139.62715,1192.0085,1743.6962,-139.13655,1121.3385,1254.639,60.56002,1418.1626,1387.9551,-202.8169,1209.5918,863.26,485.56616,1325.1274,1756.7446,968.41516,1229.5942,840.49677,520.9512,1298.5492,1823.8693,1102.797,1261.5951,676.9991,335.02277,1375.3589,1740.862,1210.7568
IMG_4853 copy 5.JPG,779.80914,2135.6611,-1448.6869,751.3546,2162.3848,-1456.323,740.31665,2162.8074,-1456.1392,728.47876,2164.3318,-1456.5538,784.0974,2177.9626,-1520.9563,798.1548,2190.8455,-1521.4391,813.06104,2206.3484,-1521.5685,715.61896,2205.2644,-1113.0823,852.04376,2275.1492,-1405.9248,783.06195,2115.5273,-1274.7665,820.94556,2137.7698,-1360.1459,686.90283,2134.521,-535.3968,1076.1804,2230.759,-993.0172,797.92676,2020.8109,214.60492,1242.518,2119.4827,-235.68616,887.5402,1862.2329,569.55835,1391.1758,1994.1405,564.0623,906.8297,1820.7609,704.1768,1459.8241,1970.0801,707.4343,911.7986,1806.9364,595.22485,1443.9154,1948.4207,648.018,915.70264,1823.7861,545.7926,1417.441,1955.6952,578.442,990.4255,1687.2192,139.62715,1192.0085,1743.6962,-139.13655,1121.3385,1254.639,60.56002,1418.1626,1387.9551,-202.8169,1209.5918,863.26,485.56616,1325.1274,1756.7446,968.41516,1229.5942,840.49677,520.9512,1298.5492,1823.8693,1102.797,1261.5951,676.9991,335.02277,1375.3589,1740.862,1210.7568
IMG_4853 copy 6.JPG,779.80914,2135.6611,-1448.6869,751.3546,2162.3848,-1456.323,740.31665,2162.8074,-1456.1392,728.47876,2164.3318,-1456.5538,784.0974,2177.9626,-1520.9563,798.1548,2190.8455,-1521.4391,813.06104,2206.3484,-1521.5685,715.61896,2205.2644,-1113.0823,852.04376,2275.1492,-1405.9248,783.06195,2115.5273,-1274.7665,820.94556,2137.7698,-1360.1459,686.90283,2134.521,-535.3968,1076.1804,2230.759,-993.0172,797.92676,2020.8109,214.60492,1242.518,2119.4827,-235.68616,887.5402,1862.2329,569.55835,1391.1758,1994.1405,564.0623,906.8297,1820.7609,704.1768,1459.8241,1970.0801,707.4343,911.7986,1806.9364,595.22485,1443.9154,1948.4207,648.018,915.70264,1823.7861,545.7926,1417.441,1955.6952,578.442,990.4255,1687.2192,139.62715,1192.0085,1743.6962,-139.13655,1121.3385,1254.639,60.56002,1418.1626,1387.9551,-202.8169,1209.5918,863.26,485.56616,1325.1274,1756.7446,968.41516,1229.5942,840.49677,520.9512,1298.5492,1823.8693,1102.797,1261.5951,676.9991,335.02277,1375.3589,1740.862,1210.7568
IMG_4853 copy 7.JPG,779.80914,2135.6611,-1448.6869,751.3546,2162.3848,-1456.323,740.31665,2162.8074,-1456.1392,728.47876,2164.3318,-1456.5538,784.0974,2177.9626,-1520.9563,798.1548,2190.8455,-1521.4391,813.06104,2206.3484,-1521.5685,715.61896,2205.2644,-1113.0823,852.04376,2275.1492,-1405.9248,783.06195,2115.5273,-1274.7665,820.94556,2137.7698,-1360.1459,686.90283,2134.521,-535.3968,1076.1804,2230.759,-993.0172,797.92676,2020.8109,214.60492,1242.518,2119.4827,-235.68616,887.5402,1862.2329,569.55835,1391.1758,1994.1405,564.0623,906.8297,1820.7609,704.1768,1459.8241,1970.0801,707.4343,911.7986,1806.9364,595.22485,1443.9154,1948.4207,648.018,915.70264,1823.7861,545.7926,1417.441,1955.6952,578.442,990.4255,1687.2192,139.62715,1192.0085,1743.6962,-139.13655,1121.3385,1254.639,60.56002,1418.1626,1387.9551,-202.8169,1209.5918,863.26,485.56616,1325.1274,1756.7446,968.41516,1229.5942,840.49677,520.9512,1298.5492,1823.8693,1102.797,1261.5951,676.9991,335.02277,1375.3589,1740.862,1210.7568
IMG_4853 copy 8.JPG,779.80914,2135.6611,-1448.6869,751.3546,2162.3848,-1456.323,740.31665,2162.8074,-1456.1392,728.47876,2164.3318,-1456.5538,784.0974,2177.9626,-1520.9563,798.1548,2190.8455,-1521.4391,813.06104,2206.3484,-1521.5685,715.61896,2205.2644,-1113.0823,852.04376,2275.1492,-1405.9248,783.06195,2115.5273,-1274.7665,820.94556,2137.7698,-1360.1459,686.90283,2134.521,-535.3968,1076.1804,2230.759,-993.0172,797.92676,2020.8109,214.60492,1242.518,2119.4827,-235.68616,887.5402,1862.2329,569.55835,1391.1758,1994.1405,564.0623,906.8297,1820.7609,704.1768,1459.8241,1970.0801,707.4343,911.7986,1806.9364,595.22485,1443.9154,1948.4207,648.018,915.70264,1823.7861,545.7926,1417.441,1955.6952,578.442,990.4255,1687.2192,139.62715,1192.0085,1743.6962,-139.13655,1121.3385,1254.639,60.56002,1418.1626,1387.9551,-202.8169,1209.5918,863.26,485.56616,1325.1274,1756.7446,968.41516,1229.5942,840.49677,520.9512,1298.5492,1823.8693,1102.797,1261.5951,676.9991,335.02277,1375.3589,1740.862,1210.7568
IMG_4853 copy 9.JPG,779.80914,2135.6611,-1448.6869,751.3546,2162.3848,-1456.323,740.31665,2162.8074,-1456.1392,728.47876,2164.3318,-1456.5538,784.0974,2177.9626,-1520.9563,798.1548,2190.8455,-1521.4391,813.06104,2206.3484,-1521.5685,715.61896,2205.2644,-1113.0823,852.04376,2275.1492,-1405.9248,783.06195,2115.5273,-1274.7665,820.94556,2137.7698,-1360.1459,686.90283,2134.521,-535.3968,1076.1804,2230.759,-993.0172,797.92676,2020.8109,214.60492,1242.518,2119.4827,-235.68616,887.5402,1862.2329,569.55835,1391.1758,1994.1405,564.0623,906.8297,1820.7609,704.1768,1459.8241,1970.0801,707.4343,911.7986,1806.9364,595.22485,1443.9154,1948.4207,648.018,915.70264,1823.7861,545.7926,1417.441,1955.6952,578.442,990.4255,1687.2192,139.62715,1192.0085,1743.6962,-139.13655,1121.3385,1254.639,60.56002,1418.1626,1387.9551,-202.8169,1209.5918,863.26,485.56616,1325.1274,1756.7446,968.41516,1229.5942,840.49677,520.9512,1298.5492,1823.8693,1102.797,1261.5951,676.9991,335.02277,1375.3589,1740.862,1210.7568
IMG_4853 copy.JPG,779.80914,2135.6611,-1448.6869,751.3546,2162.3848,-1456.323,740.31665,2162.8074,-1456.1392,728.47876,2164.3318,-1456.5538,784.0974,2177.9626,-1520.9563,798.1548,2190.8455,-1521.4391,813.06104,2206.3484,-1521.5685,715.61896,2205.2644,-1113.0823,852.04376,2275.1492,-1405.9248,783.06195,2115.5273,-1274.7665,820.94556,2137.7698,-1360.1459,686.90283,2134.521,-535.3968,1076.1804,2230.759,-993.0172,797.92676,2020.8109,214.60492,1242.518,2119.4827,-235.68616,887.5402,1862.2329,569.55835,1391.1758,1994.1405,564.0623,906.8297,1820.7609,704.1768,1459.8241,1970.0801,707.4343,911.7986,1806.9364,595.22485,1443.9154,1948.4207,648.018,915.70264,1823.7861,545.7926,1417.441,1955.6952,578.442,990.4255,1687.2192,139.62715,1192.0085,1743.6962,-139.13655,1121.3385,1254.639,60.56002,1418.1626,1387.9551,-202.8169,1209.5918,863.26,485.56616,1325.1274,1756.7446,968.41516,1229.5942,840.49677,520.9512,1298.5492,1823.8693,1102.797,1261.5951,676.9991,335.02277,1375.3589,1740.862,1210.7568
IMG_4853.JPG,779.80914,2135.6611,-1448.6869,751.3546,2162.3848,-1456.323,740.31665,2162.8074,-1456.1392,728.47876,2164.3318,-1456.5538,784.0974,2177.9626,-1520.9563,798.1548,2190.8455,-1521.4391,813.06104,2206.3484,-1521.5685,715.61896,2205.2644,-1113.0823,852.04376,2275.1492,-1405.9248,783.06195,2115.5273,-1274.7665,820.94556,2137.7698,-1360.1459,686.90283,2134.521,-535.3968,1076.1804,2230.759,-993.0172,797.92676,2020.8109,214.60492,1242.518,2119.4827,-235.68616,887.5402,1862.2329,569.55835,1391.1758,1994.1405,564.0623,906.8297,1820.7609,704.1768,1459.8241,1970.0801,707.4343,911.7986,1806.9364,595.22485,1443.9154,1948.4207,648.018,915.70264,1823.7861,545.7926,1417.441,1955.6952,578.442,990.4255,1687.2192,139.62715,1192.0085,1743.6962,-139.13655,1121.3385,1254.639,60.56002,1418.1626,1387.9551,-202.8169,1209.5918,863.26,485.56616,1325.1274,1756.7446,968.41516,1229.5942,840.49677,520.9512,1298.5492,1823.8693,1102.797,1261.5951,676.9991,335.02277,1375.3589,1740.862,1210.7568
IMG_4854 copy 10.JPG,574.87445,1945.4254,-1135.235,553.40356,1976.2493,-1143.6663,549.4942,1978.9438,-1143.5414,545.1084,1981.5433,-1143.5623,568.09106,1979.446,-1219.4971,575.89514,1984.8977,-1219.9312,584.43195,1991.6215,-1220.3063,570.00653,2007.1127,-972.15137,623.78204,2036.719,-1311.4742,593.9428,1936.3085,-1042.1793,609.678,1944.5214,-1141.1405,641.03094,1978.0691,-571.64777,799.96295,1997.8096,-1217.9475,771.87555,2048.2744,-16.597115,1023.8503,1985.487,-1020.3355,863.9209,2045.2941,358.00116,1193.5876,1919.5435,-601.13666,902.0748,2053.2422,424.935,1246.9486,1917.5271,-591.3928,907.00635,2001.0679,379.9185,1238.7017,1896.6123,-616.8786,897.4693,1998.19,349.4933,1220.906,1893.9446,-594.02576,965.82025,1709.3384,192.65129,1073.2859,1781.1738,-193.09001,1137.879,1424.7831,297.358,1284.677,1499.8572,-3.7562962,1331.8851,1220.8813,805.5194,1329.1884,1710.9205,965.65924,1378.7654,1218.0875,851.9797,1318.275,1757.8834,1074.5791,1368.8984,1096.8778,726.4166,1446.6421,1666.794,1104.8389
IMG_4854 copy 11.JPG,574.87445,1945.4254,-1135.235,553.40356,1976.2493,-1143.6663,549.4942,1978.9438,-1143.5414,545.1084,1981.5433,-1143.5623,568.09106,1979.446,-1219.4971,575.89514,1984.8977,-1219.9312,584.43195,1991.6215,-1220.3063,570.00653,2007.1127,-972.15137,623.78204,2036.719,-1311.4742,593.9428,1936.3085,-1042.1793,609.678,1944.5214,-1141.1405,641.03094,1978.0691,-571.64777,799.96295,1997.8096,-1217.9475,771.87555,2048.2744,-16.597115,1023.8503,1985.487,-1020.3355,863.9209,2045.2941,358.00116,1193.5876,1919.5435,-601.13666,902.0748,2053.2422,424.935,1246.9486,1917.5271,-591.3928,907.00635,2001.0679,379.9185,1238.7017,1896.6123,-616.8786,897.4693,1998.19,349.4933,1220.906,1893.9446,-594.02576,965.82025,1709.3384,192.65129,1073.2859,1781.1738,-193.09001,1137.879,1424.7831,297.358,1284.677,1499.8572,-3.7562962,1331.8851,1220.8813,805.5194,1329.1884,1710.9205,965.65924,1378.7654,1218.0875,851.9797,1318.275,1757.8834,1074.5791,1368.8984,1096.8778,726.4166,1446.6421,1666.794,1104.8389
IMG_4854 copy 12.JPG,574.87445,1945.4254,-1135.235,553.40356,1976.2493,-1143.6663,549.4942,1978.9438,-1143.5414,545.1084,1981.5433,-1143.5623,568.09106,1979.446,-1219.4971,575.89514,1984.8977,-1219.9312,584.43195,1991.6215,-1220.3063,570.00653,2007.1127,-972.15137,623.78204,2036.719,-1311.4742,593.9428,1936.3085,-1042.1793,609.678,1944.5214,-1141.1405,641.03094,1978.0691,-571.64777,799.96295,1997.8096,-1217.9475,771.87555,2048.2744,-16.597115,1023.8503,1985.487,-1020.3355,863.9209,2045.2941,358.00116,1193.5876,1919.5435,-601.13666,902.0748,2053.2422,424.935,1246.9486,1917.5271,-591.3928,907.00635,2001.0679,379.9185,1238.7017,1896.6123,-616.8786,897.4693,1998.19,349.4933,1220.906,1893.9446,-594.02576,965.82025,1709.3384,192.65129,1073.2859,1781.1738,-193.09001,1137.879,1424.7831,297.358,1284.677,1499.8572,-3.7562962,1331.8851,1220.8813,805.5194,1329.1884,1710.9205,965.65924,1378.7654,1218.0875,851.9797,1318.275,1757.8834,1074.5791,1368.8984,1096.8778,726.4166,1446.6421,1666.794,1104.8389
IMG_4854 copy 13.JPG,574.87445,1945.4254,-1135.235,553.40356,1976.2493,-1143.6663,549.4942,1978.9438,-1143.5414,545.1084,1981.5433,-1143.5623,568.09106,1979.446,-1219.4971,575.89514,1984.8977,-1219.9312,584.43195,1991.6215,-1220.3063,570.00653,2007.1127,-972.15137,623.78204,2036.719,-1311.4742,593.9428,1936.3085,-1042.1793,609.678,1944.5214,-1141.1405,641.03094,1978.0691,-571.64777,799.96295,1997.8096,-1217.9475,771.87555,2048.2744,-16.597115,1023.8503,1985.487,-1020.3355,863.9209,2045.2941,358.00116,1193.5876,1919.5435,-601.13666,902.0748,2053.2422,424.935,1246.9486,1917.5271,-591.3928,907.00635,2001.0679,379.9185,1238.7017,1896.6123,-616.8786,897.4693,1998.19,349.4933,1220.906,1893.9446,-594.02576,965.82025,1709.3384,192.65129,1073.2859,1781.1738,-193.09001,1137.879,1424.7831,297.358,1284.677,1499.8572,-3.7562962,1331.8851,1220.8813,805.5194,1329.1884,1710.9205,965.65924,1378.7654,1218.0875,851.9797,1318.275,1757.8834,1074.5791,1368.8984,1096.8778,726.4166,1446.6421,1666.794,1104.8389
IMG_4854 copy 14.JPG,574.87445,1945.4254,-1135.235,553.40356,1976.2493,-1143.6663,549.4942,1978.9438,-1143.5414,545.1084,1981.5433,-1143.5623,568.09106,1979.446,-1219.4971,575.89514,1984.8977,-1219.9312,584.43195,1991.6215,-1220.3063,570.00653,2007.1127,-972.15137,623.78204,2036.719,-1311.4742,593.9428,1936.3085,-1042.1793,609.678,1944.5214,-1141.1405,641.03094,1978.0691,-571.64777,799.96295,1997.8096,-1217.9475,771.87555,2048.2744,-16.597115,1023.8503,1985.487,-1020.3355,863.9209,2045.2941,358.00116,1193.5876,1919.5435,-601.13666,902.0748,2053.2422,424.935,1246.9486,1917.5271,-591.3928,907.00635,2001.0679,379.9185,1238.7017,1896.6123,-616.8786,897.4693,1998.19,349.4933,1220.906,1893.9446,-594.02576,965.82025,1709.3384,192.65129,1073.2859,1781.1738,-193.09001,1137.879,1424.7831,297.358,1284.677,1499.8572,-3.7562962,1331.8851,1220.8813,805.5194,1329.1884,1710.9205,965.65924,1378.7654,1218.0875,851.9797,1318.275,1757.8834,1074.5791,1368.8984,1096.8778,726.4166,1446.6421,1666.794,1104.8389
IMG_4854 copy 15.JPG,574.87445,1945.4254,-1135.235,553.40356,1976.2493,-1143.6663,549.4942,1978.9438,-1143.5414,545.1084,1981.5433,-1143.5623,568.09106,1979.446,-1219.4971,575.89514,1984.8977,-1219.9312,584.43195,1991.6215,-1220.3063,570.00653,2007.1127,-972.15137,623.78204,2036.719,-1311.4742,593.9428,1936.3085,-1042.1793,609.678,1944.5214,-1141.1405,641.03094,1978.0691,-571.64777,799.96295,1997.8096,-1217.9475,771.87555,2048.2744,-16.597115,1023.8503,1985.487,-1020.3355,863.9209,2045.2941,358.00116,1193.5876,1919.5435,-601.13666,902.0748,2053.2422,424.935,1246.9486,1917.5271,-591.3928,907.00635,2001.0679,379.9185,1238.7017,1896.6123,-616.8786,897.4693,1998.19,349.4933,1220.906,1893.9446,-594.02576,965.82025,1709.3384,192.65129,1073.2859,1781.1738,-193.09001,1137.879,1424.7831,297.358,1284.677,1499.8572,-3.7562962,1331.8851,1220.8813,805.5194,1329.1884,1710.9205,965.65924,1378.7654,1218.0875,851.9797,1318.275,1757.8834,1074.5791,1368.8984,1096.8778,726.4166,1446.6421,1666.794,1104.8389
IMG_4854 copy 16.JPG,574.87445,1945.4254,-1135.235,553.40356,1976.2493,-1143.6663,549.4942,1978.9438,-1143.5414,545.1084,1981.5433,-1143.5623,568.09106,1979.446,-1219.4971,575.89514,1984.8977,-1219.9312,584.43195,1991.6215,-1220.3063,570.00653,2007.1127,-972.15137,623.78204,2036.719,-1311.4742,593.9428,1936.3085,-1042.1793,609.678,1944.5214,-1141.1405,641.03094,1978.0691,-571.64777,799.96295,1997.8096,-1217.9475,771.87555,2048.2744,-16.597115,1023.8503,1985.487,-1020.3355,863.9209,2045.2941,358.00116,1193.5876,1919.5435,-601.13666,902.0748,2053.2422,424.935,1246.9486,1917.5271,-591.3928,907.00635,2001.0679,379.9185,1238.7017,1896.6123,-616.8786,897.4693,1998.19,349.4933,1220.906,1893.9446,-594.02576,965.82025,1709.3384,192.65129,1073.2859,1781.1738,-193.09001,1137.879,1424.7831,297.358,1284.677,1499.8572,-3.7562962,1331.8851,1220.8813,805.5194,1329.1884,1710.9205,965.65924,1378.7654,1218.0875,851.9797,1318.275,1757.8834,1074.5791,1368.8984,1096.8778,726.4166,1446.6421,1666.794,1104.8389
IMG_4854 copy 17.JPG,574.87445,1945.4254,-1135.235,553.40356,1976.2493,-1143.6663,549.4942,1978.9438,-1143.5414,545.1084,1981.5433,-1143.5623,568.09106,1979.446,-1219.4971,575.89514,1984.8977,-1219.9312,584.43195,1991.6215,-1220.3063,570.00653,2007.1127,-972.15137,623.78204,2036.719,-1311.4742,593.9428,1936.3085,-1042.1793,609.678,1944.5214,-1141.1405,641.03094,1978.0691,-571.64777,799.96295,1997.8096,-1217.9475,771.87555,2048.2744,-16.597115,1023.8503,1985.487,-1020.3355,863.9209,2045.2941,358.00116,1193.5876,1919.5435,-601.13666,902.0748,2053.2422,424.935,1246.9486,1917.5271,-591.3928,907.00635,2001.0679,379.9185,1238.7017,1896.6123,-616.8786,897.4693,1998.19,349.4933,1220.906,1893.9446,-594.02576,965.82025,1709.3384,192.65129,1073.2859,1781.1738,-193.09001,1137.879,1424.7831,297.358,1284.677,1499.8572,-3.7562962,1331.8851,1220.8813,805.5194,1329.1884,1710.9205,965.65924,1378.7654,1218.0875,851.9797,1318.275,1757.8834,1074.5791,1368.8984,1096.8778,726.4166,1446.6421,1666.794,1104.8389
IMG_4854 copy 18.JPG,574.87445,1945.4254,-1135.235,553.40356,1976.2493,-1143.6663,549.4942,1978.9438,-1143.5414,545.1084,1981.5433,-1143.5623,568.09106,1979.446,-1219.4971,575.89514,1984.8977,-1219.9312,584.43195,1991.6215,-1220.3063,570.00653,2007.1127,-972.15137,623.78204,2036.719,-1311.4742,593.9428,1936.3085,-1042.1793,609.678,1944.5214,-1141.1405,641.03094,1978.0691,-571.64777,799.96295,1997.8096,-1217.9475,771.87555,2048.2744,-16.597115,1023.8503,1985.487,-1020.3355,863.9209,2045.2941,358.00116,1193.5876,1919.5435,-601.13666,902.0748,2053.2422,424.935,1246.9486,1917.5271,-591.3928,907.00635,2001.0679,379.9185,1238.7017,1896.6123,-616.8786,897.4693,1998.19,349.4933,1220.906,1893.9446,-594.02576,965.82025,1709.3384,192.65129,1073.2859,1781.1738,-193.09001,1137.879,1424.7831,297.358,1284.677,1499.8572,-3.7562962,1331.8851,1220.8813,805.5194,1329.1884,1710.9205,965.65924,1378.7654,1218.0875,851.9797,1318.275,1757.8834,1074.5791,1368.8984,1096.8778,726.4166,1446.6421,1666.794,1104.8389
IMG_4854 copy 2.JPG,574.87445,1945.4254,-1135.235,553.40356,1976.2493,-1143.6663,549.4942,1978.9438,-1143.5414,545.1084,1981.5433,-1143.5623,568.09106,1979.446,-1219.4971,575.89514,1984.8977,-1219.9312,584.43195,1991.6215,-1220.3063,570.00653,2007.1127,-972.15137,623.78204,2036.719,-1311.4742,593.9428,1936.3085,-1042.1793,609.678,1944.5214,-1141.1405,641.03094,1978.0691,-571.64777,799.96295,1997.8096,-1217.9475,771.87555,2048.2744,-16.597115,1023.8503,1985.487,-1020.3355,863.9209,2045.2941,358.00116,1193.5876,1919.5435,-601.13666,902.0748,2053.2422,424.935,1246.9486,1917.5271,-591.3928,907.00635,2001.0679,379.9185,1238.7017,1896.6123,-616.8786,897.4693,1998.19,349.4933,1220.906,1893.9446,-594.02576,965.82025,1709.3384,192.65129,1073.2859,1781.1738,-193.09001,1137.879,1424.7831,297.358,1284.677,1499.8572,-3.7562962,1331.8851,1220.8813,805.5194,1329.1884,1710.9205,965.65924,1378.7654,1218.0875,851.9797,1318.275,1757.8834,1074.5791,1368.8984,1096.8778,726.4166,1446.6421,1666.794,1104.8389
IMG_4854 copy 3.JPG,574.87445,1945.4254,-1135.235,553.40356,1976.2493,-1143.6663,549.4942,1978.9438,-1143.5414,545.1084,1981.5433,-1143.5623,568.09106,1979.446,-1219.4971,575.89514,1984.8977,-1219.9312,584.43195,1991.6215,-1220.3063,570.00653,2007.1127,-972.15137,623.78204,2036.719,-1311.4742,593.9428,1936.3085,-1042.1793,609.678,1944.5214,-1141.1405,641.03094,1978.0691,-571.64777,799.96295,1997.8096,-1217.9475,771.87555,2048.2744,-16.597115,1023.8503,1985.487,-1020.3355,863.9209,2045.2941,358.00116,1193.5876,1919.5435,-601.13666,902.0748,2053.2422,424.935,1246.9486,1917.5271,-591.3928,907.00635,2001.0679,379.9185,1238.7017,1896.6123,-616.8786,897.4693,1998.19,349.4933,1220.906,1893.9446,-594.02576,965.82025,1709.3384,192.65129,1073.2859,1781.1738,-193.09001,1137.879,1424.7831,297.358,1284.677,1499.8572,-3.7562962,1331.8851,1220.8813,805.5194,1329.1884,1710.9205,965.65924,1378.7654,1218.0875,851.9797,1318.275,1757.8834,1074.5791,1368.8984,1096.8778,726.4166,1446.6421,1666.794,1104.8389
IMG_4854 copy 4.JPG,574.87445,1945.4254,-1135.235,553.40356,1976.2493,-1143.6663,549.4942,1978.9438,-1143.5414,545.1084,1981.5433,-1143.5623,568.09106,1979.446,-1219.4971,575.89514,1984.8977,-1219.9312,584.43195,1991.6215,-1220.3063,570.00653,2007.1127,-972.15137,623.78204,2036.719,-1311.4742,593.9428,1936.3085,-1042.1793,609.678,1944.5214,-1141.1405,641.03094,1978.0691,-571.64777,799.96295,1997.8096,-1217.9475,771.87555,2048.2744,-16.597115,1023.8503,1985.487,-1020.3355,863.9209,2045.2941,358.00116,1193.5876,1919.5435,-601.13666,902.0748,2053.2422,424.935,1246.9486,1917.5271,-591.3928,907.00635,2001.0679,379.9185,1238.7017,1896.6123,-616.8786,897.4693,1998.19,349.4933,1220.906,1893.9446,-594.02576,965.82025,1709.3384,192.65129,1073.2859,1781.1738,-193.09001,1137.879,1424.7831,297.358,1284.677,1499.8572,-3.7562962,1331.8851,1220.8813,805.5194,1329.1884,1710.9205,965.65924,1378.7654,1218.0875,851.9797,1318.275,1757.8834,1074.5791,1368.8984,1096.8778,726.4166,1446.6421,1666.794,1104.8389
IMG_4854 copy 5.JPG,574.87445,1945.4254,-1135.235,553.40356,1976.2493,-1143.6663,549.4942,1978.9438,-1143.5414,545.1084,1981.5433,-1143.5623,568.09106,1979.446,-1219.4971,575.89514,1984.8977,-1219.9312,584.43195,1991.6215,-1220.3063,570.00653,2007.1127,-972.15137,623.78204,2036.719,-1311.4742,593.9428,1936.3085,-1042.1793,609.678,1944.5214,-1141.1405,641.03094,1978.0691,-571.64777,799.96295,1997.8096,-1217.9475,771.87555,2048.2744,-16.597115,1023.8503,1985.487,-1020.3355,863.9209,2045.2941,358.00116,1193.5876,1919.5435,-601.13666,902.0748,2053.2422,424.935,1246.9486,1917.5271,-591.3928,907.00635,2001.0679,379.9185,1238.7017,1896.6123,-616.8786,897.4693,1998.19,349.4933,1220.906,1893.9446,-594.02576,965.82025,1709.3384,192.65129,1073.2859,1781.1738,-193.09001,1137.879,1424.7831,297.358,1284.677,1499.8572,-3.7562962,1331.8851,1220.8813,805.5194,1329.1884,1710.9205,965.65924,1378.7654,1218.0875,851.9797,1318.275,1757.8834,1074.5791,1368.8984,1096.8778,726.4166,1446.6421,1666.794,1104.8389
IMG_4854 copy 6.JPG,574.87445,1945.4254,-1135.235,553.40356,1976.2493,-1143.6663,549.4942,1978.9438,-1143.5414,545.1084,1981.5433,-1143.5623,568.09106,1979.446,-1219.4971,575.89514,1984.8977,-1219.9312,584.43195,1991.6215,-1220.3063,570.00653,2007.1127,-972.15137,623.78204,2036.719,-1311.4742,593.9428,1936.3085,-1042.1793,609.678,1944.5214,-1141.1405,641.03094,1978.0691,-571.64777,799.96295,1997.8096,-1217.9475,771.87555,2048.2744,-16.597115,1023.8503,1985.487,-1020.3355,863.9209,2045.2941,358.00116,1193.5876,1919.5435,-601.13666,902.0748,2053.2422,424.935,1246.9486,1917.5271,-591.3928,907.00635,2001.0679,379.9185,1238.7017,1896.6123,-616.8786,897.4693,1998.19,349.4933,1220.906,1893.9446,-594.02576,965.82025,1709.3384,192.65129,1073.2859,1781.1738,-193.09001,1137.879,1424.7831,297.358,1284.677,1499.8572,-3.7562962,1331.8851,1220.8813,805.5194,1329.1884,1710.9205,965.65924,1378.7654,1218.0875,851.9797,1318.275,1757.8834,1074.5791,1368.8984,1096.8778,726.4166,1446.6421,1666.794,1104.8389
IMG_4854 copy 7.JPG,574.87445,1945.4254,-1135.235,553.40356,1976.2493,-1143.6663,549.4942,1978.9438,-1143.5414,545.1084,1981.5433,-1143.5623,568.09106,1979.446,-1219.4971,575.89514,1984.8977,-1219.9312,584.43195,1991.6215,-1220.3063,570.00653,2007.1127,-972.15137,623.78204,2036.719,-1311.4742,593.9428,1936.3085,-1042.1793,609.678,1944.5214,-1141.1405,641.03094,1978.0691,-571.64777,799.96295,1997.8096,-1217.9475,771.87555,2048.2744,-16.597115,1023.8503,1985.487,-1020.3355,863.9209,2045.2941,358.00116,1193.5876,1919.5435,-601.13666,902.0748,2053.2422,424.935,1246.9486,1917.5271,-591.3928,907.00635,2001.0679,379.9185,1238.7017,1896.6123,-616.8786,897.4693,1998.19,349.4933,1220.906,1893.9446,-594.02576,965.82025,1709.3384,192.65129,1073.2859,1781.1738,-193.09001,1137.879,1424.7831,297.358,1284.677,1499.8572,-3.7562962,1331.8851,1220.8813,805.5194,1329.1884,1710.9205,965.65924,1378.7654,1218.0875,851.9797,1318.275,1757.8834,1074.5791,1368.8984,1096.8778,726.4166,1446.6421,1666.794,1104.8389
IMG_4854 copy 8.JPG,574.87445,1945.4254,-1135.235,553.40356,1976.2493,-1143.6663,549.4942,1978.9438,-1143.5414,545.1084,1981.5433,-1143.5623,568.09106,1979.446,-1219.4971,575.89514,1984.8977,-1219.9312,584.43195,1991.6215,-1220.3063,570.00653,2007.1127,-972.15137,623.78204,2036.719,-1311.4742,593.9428,1936.3085,-1042.1793,609.678,1944.5214,-1141.1405,641.03094,1978.0691,-571.64777,799.96295,1997.8096,-1217.9475,771.87555,2048.2744,-16.597115,1023.8503,1985.487,-1020.3355,863.9209,2045.2941,358.00116,1193.5876,1919.5435,-601.13666,902.0748,2053.2422,424.935,1246.9486,1917.5271,-591.3928,907.00635,2001.0679,379.9185,1238.7017,1896.6123,-616.8786,897.4693,1998.19,349.4933,1220.906,1893.9446,-594.02576,965.82025,1709.3384,192.65129,1073.2859,1781.1738,-193.09001,1137.879,1424.7831,297.358,1284.677,1499.8572,-3.7562962,1331.8851,1220.8813,805.5194,1329.1884,1710.9205,965.65924,1378.7654,1218.0875,851.9797,1318.275,1757.8834,1074.5791,1368.8984,1096.8778,726.4166,1446.6421,1666.794,1104.8389
IMG_4854 copy 9.JPG,574.87445,1945.4254,-1135.235,553.40356,1976.2493,-1143.6663,549.4942,1978.9438,-1143.5414,545.1084,1981.5433,-1143.5623,568.09106,1979.446,-1219.4971,575.89514,1984.8977,-1219.9312,584.43195,1991.6215,-1220.3063,570.00653,2007.1127,-972.15137,623.78204,2036.719,-1311.4742,593.9428,1936.3085,-1042.1793,609.678,1944.5214,-1141.1405,641.03094,1978.0691,-571.64777,799.96295,1997.8096,-1217.9475,771.87555,2048.2744,-16.597115,1023.8503,1985.487,-1020.3355,863.9209,2045.2941,358.00116,1193.5876,1919.5435,-601.13666,902.0748,2053.2422,424.935,1246.9486,1917.5271,-591.3928,907.00635,2001.0679,379.9185,1238.7017,1896.6123,-616.8786,897.4693,1998.19,349.4933,1220.906,1893.9446,-594.02576,965.82025,1709.3384,192.65129,1073.2859,1781.1738,-193.09001,1137.879,1424.7831,297.358,1284.677,1499.8572,-3.7562962,1331.8851,1220.8813,805.5194,1329.1884,1710.9205,965.65924,1378.7654,1218.0875,851.9797,1318.275,1757.8834,1074.5791,1368.8984,1096.8778,726.4166,1446.6421,1666.794,1104.8389
IMG_4854 copy.JPG,574.87445,1945.4254,-1135.235,553.40356,1976.2493,-1143.6663,549.4942,1978.9438,-1143.5414,545.1084,1981.5433,-1143.5623,568.09106,1979.446,-1219.4971,575.89514,1984.8977,-1219.9312,584.43195,1991.6215,-1220.3063,570.00653,2007.1127,-972.15137,623.78204,2036.719,-1311.4742,593.9428,1936.3085,-1042.1793,609.678,1944.5214,-1141.1405,641.03094,1978.0691,-571.64777,799.96295,1997.8096,-1217.9475,771.87555,2048.2744,-16.597115,1023.8503,1985.487,-1020.3355,863.9209,2045.2941,358.00116,1193.5876,1919.5435,-601.13666,902.0748,2053.2422,424.935,1246.9486,1917.5271,-591.3928,907.00635,2001.0679,379.9185,1238.7017,1896.6123,-616.8786,897.4693,1998.19,349.4933,1220.906,1893.9446,-594.02576,965.82025,1709.3384,192.65129,1073.2859,1781.1738,-193.09001,1137.879,1424.7831,297.358,1284.677,1499.8572,-3.7562962,1331.8851,1220.8813,805.5194,1329.1884,1710.9205,965.65924,1378.7654,1218.0875,851.9797,1318.275,1757.8834,1074.5791,1368.8984,1096.8778,726.4166,1446.6421,1666.794,1104.8389
IMG_4854.JPG,574.87445,1945.4254,-1135.235,553.40356,1976.2493,-1143.6663,549.4942,1978.9438,-1143.5414,545.1084,1981.5433,-1143.5623,568.09106,1979.446,-1219.4971,575.89514,1984.8977,-1219.9312,584.43195,1991.6215,-1220.3063,570.00653,2007.1127,-972.15137,623.78204,2036.719,-1311.4742,593.9428,1936.3085,-1042.1793,609.678,1944.5214,-1141.1405,641.03094,1978.0691,-571.64777,799.96295,1997.8096,-1217.9475,771.87555,2048.2744,-16.597115,1023.8503,1985.487,-1020.3355,863.9209,2045.2941,358.00116,1193.5876,1919.5435,-601.13666,902.0748,2053.2422,424.935,1246.9486,1917.5271,-591.3928,907.00635,2001.0679,379.9185,1238.7017,1896.6123,-616.8786,897.4693,1998.19,349.4933,1220.906,1893.9446,-594.02576,965.82025,1709.3384,192.65129,1073.2859,1781.1738,-193.09001,1137.879,1424.7831,297.358,1284.677,1499.8572,-3.7562962,1331.8851,1220.8813,805.5194,1329.1884,1710.9205,965.65924,1378.7654,1218.0875,851.9797,1318.275,1757.8834,1074.5791,1368.8984,1096.8778,726.4166,1446.6421,1666.794,1104.8389
IMG_4856.JPG,1356.0266,1772.2207,-1041.1737,1376.9711,1799.1787,-1109.9099,1374.7007,1807.5153,-1109.5824,1372.7582,1816.7234,-1109.6749,1384.6514,1788.3091,-1028.5773,1387.3341,1788.5117,-1028.7749,1390.0042,1788.8455,-1028.682,1362.7045,1858.6857,-1129.2203,1383.5482,1819.86,-769.0476,1324.3077,1787.5421,-1017.9139,1336.7383,1773.1262,-914.53564,1161.3956,1885.3966,-1008.9701,1317.6925,1790.2844,-269.25827,931.48663,1848.3834,-762.05426,1141.362,1739.3059,519.87054,722.7057,1838.2124,-555.6496,999.41846,1677.5941,1066.8688,666.34735,1849.4631,-551.7314,966.07043,1662.0896,1177.0979,662.03656,1840.2406,-602.45624,962.84863,1664.9644,1099.225,680.3581,1833.7814,-558.0287,964.05597,1672.3092,1054.9862,874.5157,1585.906,-292.9291,965.81274,1552.3429,293.4108,780.4189,1255.853,-271.95294,819.2708,1322.1692,855.54694,645.5237,940.05347,-124.76886,751.10046,1618.349,1579.7291,587.65076,926.04706,-113.48434,752.06604,1660.872,1660.8529,668.1191,767.98755,-328.3321,647.33514,1588.5371,1685.5752
IMG_4906.JPG,652.7676,2039.2849,-1887.4542,615.635,2073.498,-1857.0125,604.3342,2071.2761,-1857.0016,592.46576,2069.6326,-1857.444,651.51385,2092.7275,-1925.6611,667.03894,2104.7227,-1926.106,684.35474,2119.7043,-1926.251,598.15533,2085.6487,-1430.1312,737.15796,2175.8027,-1729.68,667.5339,2003.0953,-1693.9204,706.6681,2029.0754,-1781.1744,623.1306,1959.6923,-844.8723,1037.7444,2146.636,-1309.582,732.99963,1847.6139,-103.73955,1232.8278,2068.128,-709.39105,889.5836,1729.5062,361.68024,1407.4723,1920.364,-92.49351,928.21375,1691.2692,467.95844,1475.3788,1895.9783,-12.359004,925.3118,1688.3525,397.89203,1447.649,1874.4668,-87.43564,921.5833,1705.1313,350.8449,1422.6714,1878.0884,-95.469315,1027.4987,1582.4108,83.95413,1227.1213,1695.4753,-83.639145,1150.1499,1219.7489,-71.79155,1450.4463,1411.561,273.02057,1323.9896,874.0524,493.27267,1529.9998,1585.2937,1709.2382,1382.0592,861.20544,539.6474,1506.4971,1638.1149,1860.0504,1369.6755,665.41156,241.80637,1620.7974,1477.4994,1833.1345
IMG_5317.JPG,798.4018,743.3012,2.1434393,767.19244,763.2257,32.561245,766.707,765.694,32.320778,766.3363,768.63354,32.254337,766.40906,770.7462,-52.26506,765.6469,778.2327,-52.31835,764.6736,786.1834,-52.18302,774.4506,807.50793,207.97403,772.02295,826.1474,-186.16318,833.17706,752.13763,76.95907,832.95996,761.30273,-38.3926,967.6072,793.2053,470.71893,932.9063,873.68506,-394.40704,1226.0497,826.1742,629.58636,1183.7557,904.4232,-506.98212,1424.6462,822.2257,640.471,1432.264,909.8607,-495.8425,1476.6967,812.67773,650.5577,1509.8088,927.53436,-577.8025,1486.7897,820.37476,565.5251,1517.8845,911.20575,-545.9921,1465.0397,821.61707,601.3869,1491.9354,898.99097,-480.16602,1387.4873,647.40283,279.2726,1393.4856,703.4476,-278.8552,1656.0507,359.39365,247.79694,1683.0247,466.20688,-333.95303,1899.3446,206.17569,405.42517,1886.3378,815.54004,-141.81262,1963.8177,184.10219,405.87708,1881.4448,879.27405,-123.35178,1914.1025,16.375889,307.3254,2053.2021,755.34735,-204.76862
IMG_5318.JPG,752.3231,709.69006,-369.9664,720.9972,731.5417,-346.39853,720.0529,733.9149,-346.60135,718.6037,736.7508,-346.73743,722.45703,740.51227,-440.94403,722.87286,748.8633,-441.09055,722.8987,758.49817,-441.04337,725.38916,778.61096,-146.57237,732.69684,804.8905,-582.91974,788.3999,718.603,-278.21082,792.57355,729.33704,-405.04507,913.88885,767.4905,173.77815,921.6416,841.1535,-699.42554,1198.7084,763.04095,359.87848,1216.2632,862.1633,-717.1285,1410.8617,756.3575,402.5164,1477.0568,858.15295,-550.816,1470.5914,756.81537,417.27933,1554.2832,867.7605,-605.2426,1480.8712,752.86316,343.9822,1559.1304,847.63525,-567.90924,1456.903,751.89935,368.08945,1531.2977,839.65753,-528.60046,1369.3809,595.6594,277.14697,1397.5176,666.0266,-277.021,1662.7332,372.69962,371.49942,1660.5931,373.65866,-378.47665,1878.545,182.89859,606.5223,1845.9297,707.8296,40.71493,1939.1478,182.31485,618.698,1843.4158,773.3393,85.48572,1912.4044,24.291245,538.6142,2023.5552,662.8772,37.03382
IMG_5321.JPG,1792.6118,856.9706,-1478.7716,1745.4111,896.134,-1484.318,1727.9031,898.8814,-1484.0269,1713.6635,901.4584,-1484.1045,1833.7405,900.48596,-1535.2397,1855.1259,911.2705,-1535.6293,1876.2927,922.0456,-1535.6912,1710.5669,938.384,-1216.2446,1922.0488,974.55695,-1450.4829,1786.1569,834.23425,-1343.8391,1853.8379,851.20917,-1411.1207,1718.4717,906.8054,-813.05396,2105.397,956.30255,-1100.0007,1717.6454,795.75574,-244.63025,2294.7834,894.3077,-703.8354,1769.7263,727.3607,76.09798,2409.3716,836.1332,-339.75122,1776.3867,703.1592,150.11996,2461.9053,839.623,-313.5106,1778.3864,707.3729,100.61912,2451.025,825.4872,-360.8399,1789.6942,716.84644,65.92624,2410.5806,819.21,-350.79385,1909.723,581.61316,73.7966,2119.797,584.5572,-72.93014,1914.6183,315.80243,554.8486,2136.0503,394.172,492.33984,1942.1051,144.0566,1103.1973,2115.491,440.5087,1305.4836,1956.9683,115.8332,1152.3447,2099.7764,449.75504,1389.2516,1922.045,18.442842,1058.8582,2113.31,337.29642,1381.7008
IMG_5322.JPG,2249.2732,578.85,-1560.6221,2253.0923,615.4035,-1636.3921,2245.6655,625.6947,-1636.1824,2233.807,641.4237,-1636.6588,2283.4055,589.17914,-1582.3352,2299.7834,584.6143,-1582.3319,2312.1487,582.0596,-1582.1754,2206.3218,717.3462,-1620.8586,2343.687,615.4295,-1369.2197,2210.2773,602.58295,-1513.7566,2237.5771,572.4128,-1441.3912,2014.2953,764.3767,-1332.7408,2291.788,577.3518,-894.82697,1772.3457,752.9416,-918.49646,2215.1428,510.61597,-107.31331,1596.1912,747.71906,-676.7395,2255.2764,509.19534,505.9269,1536.0989,771.7007,-663.12915,2267.6262,506.82184,589.3972,1528.8893,747.0137,-783.0246,2275.4775,499.72324,522.3738,1550.9078,736.4739,-709.8843,2256.21,508.47055,497.1306,1795.0204,456.10303,-169.1692,1939.4613,366.77084,170.52536,1641.7311,173.91129,262.4203,1908.2533,146.15633,766.4106,1485.3329,-2.848817,846.911,1821.0819,240.93547,1782.6406,1445.9235,0.8076802,902.88654,1792.8625,279.12018,1890.5308,1491.0828,-226.33084,759.69104,1785.9258,157.8038,1950.9033
IMG_5323 copy 10.JPG,2570.0825,524.03986,-1267.1664,2608.9272,557.3328,-1360.7559,2603.8318,566.7218,-1360.7363,2599.4294,575.97797,-1361.3527,2627.7397,542.19604,-1263.1721,2635.751,541.73895,-1263.39,2646.4414,542.6283,-1263.6193,2577.3755,629.0089,-1493.0516,2638.9573,598.6516,-1054.3391,2517.2322,541.585,-1283.1553,2530.7908,522.4022,-1157.1647,2247.154,741.883,-1399.8789,2488.2366,558.9098,-591.53406,1900.4883,779.8043,-1278.7192,2184.3623,507.74048,285.56995,1635.5211,789.87036,-1179.9371,2071.5344,441.0731,1049.8397,1565.1749,813.73303,-1235.7328,2041.039,429.05365,1188.1759,1555.0546,790.5974,-1300.1079,2050.6277,414.30713,1113.5178,1582.143,783.94183,-1197.2694,2055.0493,425.25888,1043.7987,1867.4523,499.45587,-256.3943,1988.1431,404.7326,256.805,1612.4172,182.6906,95.095,1810.4692,311.1669,1059.8988,1336.5201,52.18573,694.8325,1699.5225,530.73956,1896.6152,1275.5817,62.373356,758.0282,1701.0881,583.51605,1989.6665,1208.4722,-98.243416,601.2226,1601.4657,537.2765,1966.9143
IMG_5323 copy 2.JPG,2570.0825,524.03986,-1267.1664,2608.9272,557.3328,-1360.7559,2603.8318,566.7218,-1360.7363,2599.4294,575.97797,-1361.3527,2627.7397,542.19604,-1263.1721,2635.751,541.73895,-1263.39,2646.4414,542.6283,-1263.6193,2577.3755,629.0089,-1493.0516,2638.9573,598.6516,-1054.3391,2517.2322,541.585,-1283.1553,2530.7908,522.4022,-1157.1647,2247.154,741.883,-1399.8789,2488.2366,558.9098,-591.53406,1900.4883,779.8043,-1278.7192,2184.3623,507.74048,285.56995,1635.5211,789.87036,-1179.9371,2071.5344,441.0731,1049.8397,1565.1749,813.73303,-1235.7328,2041.039,429.05365,1188.1759,1555.0546,790.5974,-1300.1079,2050.6277,414.30713,1113.5178,1582.143,783.94183,-1197.2694,2055.0493,425.25888,1043.7987,1867.4523,499.45587,-256.3943,1988.1431,404.7326,256.805,1612.4172,182.6906,95.095,1810.4692,311.1669,1059.8988,1336.5201,52.18573,694.8325,1699.5225,530.73956,1896.6152,1275.5817,62.373356,758.0282,1701.0881,583.51605,1989.6665,1208.4722,-98.243416,601.2226,1601.4657,537.2765,1966.9143
IMG_5323 copy 3.JPG,2570.0825,524.03986,-1267.1664,2608.9272,557.3328,-1360.7559,2603.8318,566.7218,-1360.7363,2599.4294,575.97797,-1361.3527,2627.7397,542.19604,-1263.1721,2635.751,541.73895,-1263.39,2646.4414,542.6283,-1263.6193,2577.3755,629.0089,-1493.0516,2638.9573,598.6516,-1054.3391,2517.2322,541.585,-1283.1553,2530.7908,522.4022,-1157.1647,2247.154,741.883,-1399.8789,2488.2366,558.9098,-591.53406,1900.4883,779.8043,-1278.7192,2184.3623,507.74048,285.56995,1635.5211,789.87036,-1179.9371,2071.5344,441.0731,1049.8397,1565.1749,813.73303,-1235.7328,2041.039,429.05365,1188.1759,1555.0546,790.5974,-1300.1079,2050.6277,414.30713,1113.5178,1582.143,783.94183,-1197.2694,2055.0493,425.25888,1043.7987,1867.4523,499.45587,-256.3943,1988.1431,404.7326,256.805,1612.4172,182.6906,95.095,1810.4692,311.1669,1059.8988,1336.5201,52.18573,694.8325,1699.5225,530.73956,1896.6152,1275.5817,62.373356,758.0282,1701.0881,583.51605,1989.6665,1208.4722,-98.243416,601.2226,1601.4657,537.2765,1966.9143
IMG_5323 copy 4.JPG,2570.0825,524.03986,-1267.1664,2608.9272,557.3328,-1360.7559,2603.8318,566.7218,-1360.7363,2599.4294,575.97797,-1361.3527,2627.7397,542.19604,-1263.1721,2635.751,541.73895,-1263.39,2646.4414,542.6283,-1263.6193,2577.3755,629.0089,-1493.0516,2638.9573,598.6516,-1054.3391,2517.2322,541.585,-1283.1553,2530.7908,522.4022,-1157.1647,2247.154,741.883,-1399.8789,2488.2366,558.9098,-591.53406,1900.4883,779.8043,-1278.7192,2184.3623,507.74048,285.56995,1635.5211,789.87036,-1179.9371,2071.5344,441.0731,1049.8397,1565.1749,813.73303,-1235.7328,2041.039,429.05365,1188.1759,1555.0546,790.5974,-1300.1079,2050.6277,414.30713,1113.5178,1582.143,783.94183,-1197.2694,2055.0493,425.25888,1043.7987,1867.4523,499.45587,-256.3943,1988.1431,404.7326,256.805,1612.4172,182.6906,95.095,1810.4692,311.1669,1059.8988,1336.5201,52.18573,694.8325,1699.5225,530.73956,1896.6152,1275.5817,62.373356,758.0282,1701.0881,583.51605,1989.6665,1208.4722,-98.243416,601.2226,1601.4657,537.2765,1966.9143
IMG_5323 copy 5.JPG,2570.0825,524.03986,-1267.1664,2608.9272,557.3328,-1360.7559,2603.8318,566.7218,-1360.7363,2599.4294,575.97797,-1361.3527,2627.7397,542.19604,-1263.1721,2635.751,541.73895,-1263.39,2646.4414,542.6283,-1263.6193,2577.3755,629.0089,-1493.0516,2638.9573,598.6516,-1054.3391,2517.2322,541.585,-1283.1553,2530.7908,522.4022,-1157.1647,2247.154,741.883,-1399.8789,2488.2366,558.9098,-591.53406,1900.4883,779.8043,-1278.7192,2184.3623,507.74048,285.56995,1635.5211,789.87036,-1179.9371,2071.5344,441.0731,1049.8397,1565.1749,813.73303,-1235.7328,2041.039,429.05365,1188.1759,1555.0546,790.5974,-1300.1079,2050.6277,414.30713,1113.5178,1582.143,783.94183,-1197.2694,2055.0493,425.25888,1043.7987,1867.4523,499.45587,-256.3943,1988.1431,404.7326,256.805,1612.4172,182.6906,95.095,1810.4692,311.1669,1059.8988,1336.5201,52.18573,694.8325,1699.5225,530.73956,1896.6152,1275.5817,62.373356,758.0282,1701.0881,583.51605,1989.6665,1208.4722,-98.243416,601.2226,1601.4657,537.2765,1966.9143
IMG_5323 copy 6.JPG,2570.0825,524.03986,-1267.1664,2608.9272,557.3328,-1360.7559,2603.8318,566.7218,-1360.7363,2599.4294,575.97797,-1361.3527,2627.7397,542.19604,-1263.1721,2635.751,541.73895,-1263.39,2646.4414,542.6283,-1263.6193,2577.3755,629.0089,-1493.0516,2638.9573,598.6516,-1054.3391,2517.2322,541.585,-1283.1553,2530.7908,522.4022,-1157.1647,2247.154,741.883,-1399.8789,2488.2366,558.9098,-591.53406,1900.4883,779.8043,-1278.7192,2184.3623,507.74048,285.56995,1635.5211,789.87036,-1179.9371,2071.5344,441.0731,1049.8397,1565.1749,813.73303,-1235.7328,2041.039,429.05365,1188.1759,1555.0546,790.5974,-1300.1079,2050.6277,414.30713,1113.5178,1582.143,783.94183,-1197.2694,2055.0493,425.25888,1043.7987,1867.4523,499.45587,-256.3943,1988.1431,404.7326,256.805,1612.4172,182.6906,95.095,1810.4692,311.1669,1059.8988,1336.5201,52.18573,694.8325,1699.5225,530.73956,1896.6152,1275.5817,62.373356,758.0282,1701.0881,583.51605,1989.6665,1208.4722,-98.243416,601.2226,1601.4657,537.2765,1966.9143
IMG_5323 copy 7.JPG,2570.0825,524.03986,-1267.1664,2608.9272,557.3328,-1360.7559,2603.8318,566.7218,-1360.7363,2599.4294,575.97797,-1361.3527,2627.7397,542.19604,-1263.1721,2635.751,541.73895,-1263.39,2646.4414,542.6283,-1263.6193,2577.3755,629.0089,-1493.0516,2638.9573,598.6516,-1054.3391,2517.2322,541.585,-1283.1553,2530.7908,522.4022,-1157.1647,2247.154,741.883,-1399.8789,2488.2366,558.9098,-591.53406,1900.4883,779.8043,-1278.7192,2184.3623,507.74048,285.56995,1635.5211,789.87036,-1179.9371,2071.5344,441.0731,1049.8397,1565.1749,813.73303,-1235.7328,2041.039,429.05365,1188.1759,1555.0546,790.5974,-1300.1079,2050.6277,414.30713,1113.5178,1582.143,783.94183,-1197.2694,2055.0493,425.25888,1043.7987,1867.4523,499.45587,-256.3943,1988.1431,404.7326,256.805,1612.4172,182.6906,95.095,1810.4692,311.1669,1059.8988,1336.5201,52.18573,694.8325,1699.5225,530.73956,1896.6152,1275.5817,62.373356,758.0282,1701.0881,583.51605,1989.6665,1208.4722,-98.243416,601.2226,1601.4657,537.2765,1966.9143
IMG_5323 copy 8.JPG,2570.0825,524.03986,-1267.1664,2608.9272,557.3328,-1360.7559,2603.8318,566.7218,-1360.7363,2599.4294,575.97797,-1361.3527,2627.7397,542.19604,-1263.1721,2635.751,541.73895,-1263.39,2646.4414,542.6283,-1263.6193,2577.3755,629.0089,-1493.0516,2638.9573,598.6516,-1054.3391,2517.2322,541.585,-1283.1553,2530.7908,522.4022,-1157.1647,2247.154,741.883,-1399.8789,2488.2366,558.9098,-591.53406,1900.4883,779.8043,-1278.7192,2184.3623,507.74048,285.56995,1635.5211,789.87036,-1179.9371,2071.5344,441.0731,1049.8397,1565.1749,813.73303,-1235.7328,2041.039,429.05365,1188.1759,1555.0546,790.5974,-1300.1079,2050.6277,414.30713,1113.5178,1582.143,783.94183,-1197.2694,2055.0493,425.25888,1043.7987,1867.4523,499.45587,-256.3943,1988.1431,404.7326,256.805,1612.4172,182.6906,95.095,1810.4692,311.1669,1059.8988,1336.5201,52.18573,694.8325,1699.5225,530.73956,1896.6152,1275.5817,62.373356,758.0282,1701.0881,583.51605,1989.6665,1208.4722,-98.243416,601.2226,1601.4657,537.2765,1966.9143
IMG_5323 copy 9.JPG,2570.0825,524.03986,-1267.1664,2608.9272,557.3328,-1360.7559,2603.8318,566.7218,-1360.7363,2599.4294,575.97797,-1361.3527,2627.7397,542.19604,-1263.1721,2635.751,541.73895,-1263.39,2646.4414,542.6283,-1263.6193,2577.3755,629.0089,-1493.0516,2638.9573,598.6516,-1054.3391,2517.2322,541.585,-1283.1553,2530.7908,522.4022,-1157.1647,2247.154,741.883,-1399.8789,2488.2366,558.9098,-591.53406,1900.4883,779.8043,-1278.7192,2184.3623,507.74048,285.56995,1635.5211,789.87036,-1179.9371,2071.5344,441.0731,1049.8397,1565.1749,813.73303,-1235.7328,2041.039,429.05365,1188.1759,1555.0546,790.5974,-1300.1079,2050.6277,414.30713,1113.5178,1582.143,783.94183,-1197.2694,2055.0493,425.25888,1043.7987,1867.4523,499.45587,-256.3943,1988.1431,404.7326,256.805,1612.4172,182.6906,95.095,1810.4692,311.1669,1059.8988,1336.5201,52.18573,694.8325,1699.5225,530.73956,1896.6152,1275.5817,62.373356,758.0282,1701.0881,583.51605,1989.6665,1208.4722,-98.243416,601.2226,1601.4657,537.2765,1966.9143
IMG_5323 copy.JPG,2570.0825,524.03986,-1267.1664,2608.9272,557.3328,-1360.7559,2603.8318,566.7218,-1360.7363,2599.4294,575.97797,-1361.3527,2627.7397,542.19604,-1263.1721,2635.751,541.73895,-1263.39,2646.4414,542.6283,-1263.6193,2577.3755,629.0089,-1493.0516,2638.9573,598.6516,-1054.3391,2517.2322,541.585,-1283.1553,2530.7908,522.4022,-1157.1647,2247.154,741.883,-1399.8789,2488.2366,558.9098,-591.53406,1900.4883,779.8043,-1278.7192,2184.3623,507.74048,285.56995,1635.5211,789.87036,-1179.9371,2071.5344,441.0731,1049.8397,1565.1749,813.73303,-1235.7328,2041.039,429.05365,1188.1759,1555.0546,790.5974,-1300.1079,2050.6277,414.30713,1113.5178,1582.143,783.94183,-1197.2694,2055.0493,425.25888,1043.7987,1867.4523,499.45587,-256.3943,1988.1431,404.7326,256.805,1612.4172,182.6906,95.095,1810.4692,311.1669,1059.8988,1336.5201,52.18573,694.8325,1699.5225,530.73956,1896.6152,1275.5817,62.373356,758.0282,1701.0881,583.51605,1989.6665,1208.4722,-98.243416,601.2226,1601.4657,537.2765,1966.9143
IMG_5323.JPG,2570.0825,524.03986,-1267.1664,2608.9272,557.3328,-1360.7559,2603.8318,566.7218,-1360.7363,2599.4294,575.97797,-1361.3527,2627.7397,542.19604,-1263.1721,2635.751,541.73895,-1263.39,2646.4414,542.6283,-1263.6193,2577.3755,629.0089,-1493.0516,2638.9573,598.6516,-1054.3391,2517.2322,541.585,-1283.1553,2530.7908,522.4022,-1157.1647,2247.154,741.883,-1399.8789,2488.2366,558.9098,-591.53406,1900.4883,779.8043,-1278.7192,2184.3623,507.74048,285.56995,1635.5211,789.87036,-1179.9371,2071.5344,441.0731,1049.8397,1565.1749,813.73303,-1235.7328,2041.039,429.05365,1188.1759,1555.0546,790.5974,-1300.1079,2050.6277,414.30713,1113.5178,1582.143,783.94183,-1197.2694,2055.0493,425.25888,1043.7987,1867.4523,499.45587,-256.3943,1988.1431,404.7326,256.805,1612.4172,182.6906,95.095,1810.4692,311.1669,1059.8988,1336.5201,52.18573,694.8325,1699.5225,530.73956,1896.6152,1275.5817,62.373356,758.0282,1701.0881,583.51605,1989.6665,1208.4722,-98.243416,601.2226,1601.4657,537.2765,1966.9143
IMG_5324 copy 10.JPG,2953.4802,825.99963,-998.3427,3006.398,864.8866,-1102.1447,3006.9958,875.95294,-1102.0935,3007.979,887.8561,-1102.4507,3011.56,852.3178,-965.54065,3015.6855,854.5036,-965.7883,3020.614,857.1248,-965.9802,2992.7302,971.02356,-1280.3674,3009.603,939.49005,-681.3442,2901.1865,853.2243,-1033.113,2906.378,835.9154,-859.31696,2610.6626,1066.845,-1321.9518,2753.607,918.126,-153.62978,2143.9204,1143.5786,-1153.278,2342.2422,873.5098,455.39462,1772.2251,1173.0928,-863.10004,2080.5645,840.168,777.2157,1668.9707,1206.5585,-901.3637,1986.1704,795.20734,839.99774,1650.6941,1178.074,-957.17126,1990.4413,787.2518,752.0193,1690.4268,1163.1364,-864.33496,2013.1116,804.0299,746.6274,1926.827,844.10004,-356.22955,1988.5522,749.6462,356.5444,1529.8177,462.05167,-122.95346,1573.8015,537.5146,1087.8019,1047.4982,288.74033,167.23994,1428.991,908.51526,1795.4427,965.0707,313.97766,185.83157,1438.4844,987.6964,1873.8873,1053.5099,64.023384,-67.101494,1239.0488,856.5514,1909.6576
IMG_5324 copy 11.JPG,2953.4802,825.99963,-998.3427,3006.398,864.8866,-1102.1447,3006.9958,875.95294,-1102.0935,3007.979,887.8561,-1102.4507,3011.56,852.3178,-965.54065,3015.6855,854.5036,-965.7883,3020.614,857.1248,-965.9802,2992.7302,971.02356,-1280.3674,3009.603,939.49005,-681.3442,2901.1865,853.2243,-1033.113,2906.378,835.9154,-859.31696,2610.6626,1066.845,-1321.9518,2753.607,918.126,-153.62978,2143.9204,1143.5786,-1153.278,2342.2422,873.5098,455.39462,1772.2251,1173.0928,-863.10004,2080.5645,840.168,777.2157,1668.9707,1206.5585,-901.3637,1986.1704,795.20734,839.99774,1650.6941,1178.074,-957.17126,1990.4413,787.2518,752.0193,1690.4268,1163.1364,-864.33496,2013.1116,804.0299,746.6274,1926.827,844.10004,-356.22955,1988.5522,749.6462,356.5444,1529.8177,462.05167,-122.95346,1573.8015,537.5146,1087.8019,1047.4982,288.74033,167.23994,1428.991,908.51526,1795.4427,965.0707,313.97766,185.83157,1438.4844,987.6964,1873.8873,1053.5099,64.023384,-67.101494,1239.0488,856.5514,1909.6576
IMG_5324 copy 12.JPG,2953.4802,825.99963,-998.3427,3006.398,864.8866,-1102.1447,3006.9958,875.95294,-1102.0935,3007.979,887.8561,-1102.4507,3011.56,852.3178,-965.54065,3015.6855,854.5036,-965.7883,3020.614,857.1248,-965.9802,2992.7302,971.02356,-1280.3674,3009.603,939.49005,-681.3442,2901.1865,853.2243,-1033.113,2906.378,835.9154,-859.31696,2610.6626,1066.845,-1321.9518,2753.607,918.126,-153.62978,2143.9204,1143.5786,-1153.278,2342.2422,873.5098,455.39462,1772.2251,1173.0928,-863.10004,2080.5645,840.168,777.2157,1668.9707,1206.5585,-901.3637,1986.1704,795.20734,839.99774,1650.6941,1178.074,-957.17126,1990.4413,787.2518,752.0193,1690.4268,1163.1364,-864.33496,2013.1116,804.0299,746.6274,1926.827,844.10004,-356.22955,1988.5522,749.6462,356.5444,1529.8177,462.05167,-122.95346,1573.8015,537.5146,1087.8019,1047.4982,288.74033,167.23994,1428.991,908.51526,1795.4427,965.0707,313.97766,185.83157,1438.4844,987.6964,1873.8873,1053.5099,64.023384,-67.101494,1239.0488,856.5514,1909.6576
IMG_5324 copy 13.JPG,2953.4802,825.99963,-998.3427,3006.398,864.8866,-1102.1447,3006.9958,875.95294,-1102.0935,3007.979,887.8561,-1102.4507,3011.56,852.3178,-965.54065,3015.6855,854.5036,-965.7883,3020.614,857.1248,-965.9802,2992.7302,971.02356,-1280.3674,3009.603,939.49005,-681.3442,2901.1865,853.2243,-1033.113,2906.378,835.9154,-859.31696,2610.6626,1066.845,-1321.9518,2753.607,918.126,-153.62978,2143.9204,1143.5786,-1153.278,2342.2422,873.5098,455.39462,1772.2251,1173.0928,-863.10004,2080.5645,840.168,777.2157,1668.9707,1206.5585,-901.3637,1986.1704,795.20734,839.99774,1650.6941,1178.074,-957.17126,1990.4413,787.2518,752.0193,1690.4268,1163.1364,-864.33496,2013.1116,804.0299,746.6274,1926.827,844.10004,-356.22955,1988.5522,749.6462,356.5444,1529.8177,462.05167,-122.95346,1573.8015,537.5146,1087.8019,1047.4982,288.74033,167.23994,1428.991,908.51526,1795.4427,965.0707,313.97766,185.83157,1438.4844,987.6964,1873.8873,1053.5099,64.023384,-67.101494,1239.0488,856.5514,1909.6576
IMG_5324 copy 14.JPG,2953.4802,825.99963,-998.3427,3006.398,864.8866,-1102.1447,3006.9958,875.95294,-1102.0935,3007.979,887.8561,-1102.4507,3011.56,852.3178,-965.54065,3015.6855,854.5036,-965.7883,3020.614,857.1248,-965.9802,2992.7302,971.02356,-1280.3674,3009.603,939.49005,-681.3442,2901.1865,853.2243,-1033.113,2906.378,835.9154,-859.31696,2610.6626,1066.845,-1321.9518,2753.607,918.126,-153.62978,2143.9204,1143.5786,-1153.278,2342.2422,873.5098,455.39462,1772.2251,1173.0928,-863.10004,2080.5645,840.168,777.2157,1668.9707,1206.5585,-901.3637,1986.1704,795.20734,839.99774,1650.6941,1178.074,-957.17126,1990.4413,787.2518,752.0193,1690.4268,1163.1364,-864.33496,2013.1116,804.0299,746.6274,1926.827,844.10004,-356.22955,1988.5522,749.6462,356.5444,1529.8177,462.05167,-122.95346,1573.8015,537.5146,1087.8019,1047.4982,288.74033,167.23994,1428.991,908.51526,1795.4427,965.0707,313.97766,185.83157,1438.4844,987.6964,1873.8873,1053.5099,64.023384,-67.101494,1239.0488,856.5514,1909.6576
IMG_5324 copy 15.JPG,2953.4802,825.99963,-998.3427,3006.398,864.8866,-1102.1447,3006.9958,875.95294,-1102.0935,3007.979,887.8561,-1102.4507,3011.56,852.3178,-965.54065,3015.6855,854.5036,-965.7883,3020.614,857.1248,-965.9802,2992.7302,971.02356,-1280.3674,3009.603,939.49005,-681.3442,2901.1865,853.2243,-1033.113,2906.378,835.9154,-859.31696,2610.6626,1066.845,-1321.9518,2753.607,918.126,-153.62978,2143.9204,1143.5786,-1153.278,2342.2422,873.5098,455.39462,1772.2251,1173.0928,-863.10004,2080.5645,840.168,777.2157,1668.9707,1206.5585,-901.3637,1986.1704,795.20734,839.99774,1650.6941,1178.074,-957.17126,1990.4413,787.2518,752.0193,1690.4268,1163.1364,-864.33496,2013.1116,804.0299,746.6274,1926.827,844.10004,-356.22955,1988.5522,749.6462,356.5444,1529.8177,462.05167,-122.95346,1573.8015,537.5146,1087.8019,1047.4982,288.74033,167.23994,1428.991,908.51526,1795.4427,965.0707,313.97766,185.83157,1438.4844,987.6964,1873.8873,1053.5099,64.023384,-67.101494,1239.0488,856.5514,1909.6576
IMG_5324 copy 16.JPG,2953.4802,825.99963,-998.3427,3006.398,864.8866,-1102.1447,3006.9958,875.95294,-1102.0935,3007.979,887.8561,-1102.4507,3011.56,852.3178,-965.54065,3015.6855,854.5036,-965.7883,3020.614,857.1248,-965.9802,2992.7302,971.02356,-1280.3674,3009.603,939.49005,-681.3442,2901.1865,853.2243,-1033.113,2906.378,835.9154,-859.31696,2610.6626,1066.845,-1321.9518,2753.607,918.126,-153.62978,2143.9204,1143.5786,-1153.278,2342.2422,873.5098,455.39462,1772.2251,1173.0928,-863.10004,2080.5645,840.168,777.2157,1668.9707,1206.5585,-901.3637,1986.1704,795.20734,839.99774,1650.6941,1178.074,-957.17126,1990.4413,787.2518,752.0193,1690.4268,1163.1364,-864.33496,2013.1116,804.0299,746.6274,1926.827,844.10004,-356.22955,1988.5522,749.6462,356.5444,1529.8177,462.05167,-122.95346,1573.8015,537.5146,1087.8019,1047.4982,288.74033,167.23994,1428.991,908.51526,1795.4427,965.0707,313.97766,185.83157,1438.4844,987.6964,1873.8873,1053.5099,64.023384,-67.101494,1239.0488,856.5514,1909.6576
IMG_5324 copy 17.JPG,2953.4802,825.99963,-998.3427,3006.398,864.8866,-1102.1447,3006.9958,875.95294,-1102.0935,3007.979,887.8561,-1102.4507,3011.56,852.3178,-965.54065,3015.6855,854.5036,-965.7883,3020.614,857.1248,-965.9802,2992.7302,971.02356,-1280.3674,3009.603,939.49005,-681.3442,2901.1865,853.2243,-1033.113,2906.378,835.9154,-859.31696,2610.6626,1066.845,-1321.9518,2753.607,918.126,-153.62978,2143.9204,1143.5786,-1153.278,2342.2422,873.5098,455.39462,1772.2251,1173.0928,-863.10004,2080.5645,840.168,777.2157,1668.9707,1206.5585,-901.3637,1986.1704,795.20734,839.99774,1650.6941,1178.074,-957.17126,1990.4413,787.2518,752.0193,1690.4268,1163.1364,-864.33496,2013.1116,804.0299,746.6274,1926.827,844.10004,-356.22955,1988.5522,749.6462,356.5444,1529.8177,462.05167,-122.95346,1573.8015,537.5146,1087.8019,1047.4982,288.74033,167.23994,1428.991,908.51526,1795.4427,965.0707,313.97766,185.83157,1438.4844,987.6964,1873.8873,1053.5099,64.023384,-67.101494,1239.0488,856.5514,1909.6576
IMG_5324 copy 18.JPG,2953.4802,825.99963,-998.3427,3006.398,864.8866,-1102.1447,3006.9958,875.95294,-1102.0935,3007.979,887.8561,-1102.4507,3011.56,852.3178,-965.54065,3015.6855,854.5036,-965.7883,3020.614,857.1248,-965.9802,2992.7302,971.02356,-1280.3674,3009.603,939.49005,-681.3442,2901.1865,853.2243,-1033.113,2906.378,835.9154,-859.31696,2610.6626,1066.845,-1321.9518,2753.607,918.126,-153.62978,2143.9204,1143.5786,-1153.278,2342.2422,873.5098,455.39462,1772.2251,1173.0928,-863.10004,2080.5645,840.168,777.2157,1668.9707,1206.5585,-901.3637,1986.1704,795.20734,839.99774,1650.6941,1178.074,-957.17126,1990.4413,787.2518,752.0193,1690.4268,1163.1364,-864.33496,2013.1116,804.0299,746.6274,1926.827,844.10004,-356.22955,1988.5522,749.6462,356.5444,1529.8177,462.05167,-122.95346,1573.8015,537.5146,1087.8019,1047.4982,288.74033,167.23994,1428.991,908.51526,1795.4427,965.0707,313.97766,185.83157,1438.4844,987.6964,1873.8873,1053.5099,64.023384,-67.101494,1239.0488,856.5514,1909.6576
IMG_5324 copy 19.JPG,2953.4802,825.99963,-998.3427,3006.398,864.8866,-1102.1447,3006.9958,875.95294,-1102.0935,3007.979,887.8561,-1102.4507,3011.56,852.3178,-965.54065,3015.6855,854.5036,-965.7883,3020.614,857.1248,-965.9802,2992.7302,971.02356,-1280.3674,3009.603,939.49005,-681.3442,2901.1865,853.2243,-1033.113,2906.378,835.9154,-859.31696,2610.6626,1066.845,-1321.9518,2753.607,918.126,-153.62978,2143.9204,1143.5786,-1153.278,2342.2422,873.5098,455.39462,1772.2251,1173.0928,-863.10004,2080.5645,840.168,777.2157,1668.9707,1206.5585,-901.3637,1986.1704,795.20734,839.99774,1650.6941,1178.074,-957.17126,1990.4413,787.2518,752.0193,1690.4268,1163.1364,-864.33496,2013.1116,804.0299,746.6274,1926.827,844.10004,-356.22955,1988.5522,749.6462,356.5444,1529.8177,462.05167,-122.95346,1573.8015,537.5146,1087.8019,1047.4982,288.74033,167.23994,1428.991,908.51526,1795.4427,965.0707,313.97766,185.83157,1438.4844,987.6964,1873.8873,1053.5099,64.023384,-67.101494,1239.0488,856.5514,1909.6576
IMG_5324 copy 2.JPG,2953.4802,825.99963,-998.3427,3006.398,864.8866,-1102.1447,3006.9958,875.95294,-1102.0935,3007.979,887.8561,-1102.4507,3011.56,852.3178,-965.54065,3015.6855,854.5036,-965.7883,3020.614,857.1248,-965.9802,2992.7302,971.02356,-1280.3674,3009.603,939.49005,-681.3442,2901.1865,853.2243,-1033.113,2906.378,835.9154,-859.31696,2610.6626,1066.845,-1321.9518,2753.607,918.126,-153.62978,2143.9204,1143.5786,-1153.278,2342.2422,873.5098,455.39462,1772.2251,1173.0928,-863.10004,2080.5645,840.168,777.2157,1668.9707,1206.5585,-901.3637,1986.1704,795.20734,839.99774,1650.6941,1178.074,-957.17126,1990.4413,787.2518,752.0193,1690.4268,1163.1364,-864.33496,2013.1116,804.0299,746.6274,1926.827,844.10004,-356.22955,1988.5522,749.6462,356.5444,1529.8177,462.05167,-122.95346,1573.8015,537.5146,1087.8019,1047.4982,288.74033,167.23994,1428.991,908.51526,1795.4427,965.0707,313.97766,185.83157,1438.4844,987.6964,1873.8873,1053.5099,64.023384,-67.101494,1239.0488,856.5514,1909.6576
IMG_5324 copy 3.JPG,2953.4802,825.99963,-998.3427,3006.398,864.8866,-1102.1447,3006.9958,875.95294,-1102.0935,3007.979,887.8561,-1102.4507,3011.56,852.3178,-965.54065,3015.6855,854.5036,-965.7883,3020.614,857.1248,-965.9802,2992.7302,971.02356,-1280.3674,3009.603,939.49005,-681.3442,2901.1865,853.2243,-1033.113,2906.378,835.9154,-859.31696,2610.6626,1066.845,-1321.9518,2753.607,918.126,-153.62978,2143.9204,1143.5786,-1153.278,2342.2422,873.5098,455.39462,1772.2251,1173.0928,-863.10004,2080.5645,840.168,777.2157,1668.9707,1206.5585,-901.3637,1986.1704,795.20734,839.99774,1650.6941,1178.074,-957.17126,1990.4413,787.2518,752.0193,1690.4268,1163.1364,-864.33496,2013.1116,804.0299,746.6274,1926.827,844.10004,-356.22955,1988.5522,749.6462,356.5444,1529.8177,462.05167,-122.95346,1573.8015,537.5146,1087.8019,1047.4982,288.74033,167.23994,1428.991,908.51526,1795.4427,965.0707,313.97766,185.83157,1438.4844,987.6964,1873.8873,1053.5099,64.023384,-67.101494,1239.0488,856.5514,1909.6576
IMG_5324 copy 4.JPG,2953.4802,825.99963,-998.3427,3006.398,864.8866,-1102.1447,3006.9958,875.95294,-1102.0935,3007.979,887.8561,-1102.4507,3011.56,852.3178,-965.54065,3015.6855,854.5036,-965.7883,3020.614,857.1248,-965.9802,2992.7302,971.02356,-1280.3674,3009.603,939.49005,-681.3442,2901.1865,853.2243,-1033.113,2906.378,835.9154,-859.31696,2610.6626,1066.845,-1321.9518,2753.607,918.126,-153.62978,2143.9204,1143.5786,-1153.278,2342.2422,873.5098,455.39462,1772.2251,1173.0928,-863.10004,2080.5645,840.168,777.2157,1668.9707,1206.5585,-901.3637,1986.1704,795.20734,839.99774,1650.6941,1178.074,-957.17126,1990.4413,787.2518,752.0193,1690.4268,1163.1364,-864.33496,2013.1116,804.0299,746.6274,1926.827,844.10004,-356.22955,1988.5522,749.6462,356.5444,1529.8177,462.05167,-122.95346,1573.8015,537.5146,1087.8019,1047.4982,288.74033,167.23994,1428.991,908.51526,1795.4427,965.0707,313.97766,185.83157,1438.4844,987.6964,1873.8873,1053.5099,64.023384,-67.101494,1239.0488,856.5514,1909.6576
IMG_5324 copy 5.JPG,2953.4802,825.99963,-998.3427,3006.398,864.8866,-1102.1447,3006.9958,875.95294,-1102.0935,3007.979,887.8561,-1102.4507,3011.56,852.3178,-965.54065,3015.6855,854.5036,-965.7883,3020.614,857.1248,-965.9802,2992.7302,971.02356,-1280.3674,3009.603,939.49005,-681.3442,2901.1865,853.2243,-1033.113,2906.378,835.9154,-859.31696,2610.6626,1066.845,-1321.9518,2753.607,918.126,-153.62978,2143.9204,1143.5786,-1153.278,2342.2422,873.5098,455.39462,1772.2251,1173.0928,-863.10004,2080.5645,840.168,777.2157,1668.9707,1206.5585,-901.3637,1986.1704,795.20734,839.99774,1650.6941,1178.074,-957.17126,1990.4413,787.2518,752.0193,1690.4268,1163.1364,-864.33496,2013.1116,804.0299,746.6274,1926.827,844.10004,-356.22955,1988.5522,749.6462,356.5444,1529.8177,462.05167,-122.95346,1573.8015,537.5146,1087.8019,1047.4982,288.74033,167.23994,1428.991,908.51526,1795.4427,965.0707,313.97766,185.83157,1438.4844,987.6964,1873.8873,1053.5099,64.023384,-67.101494,1239.0488,856.5514,1909.6576
IMG_5324 copy 6.JPG,2953.4802,825.99963,-998.3427,3006.398,864.8866,-1102.1447,3006.9958,875.95294,-1102.0935,3007.979,887.8561,-1102.4507,3011.56,852.3178,-965.54065,3015.6855,854.5036,-965.7883,3020.614,857.1248,-965.9802,2992.7302,971.02356,-1280.3674,3009.603,939.49005,-681.3442,2901.1865,853.2243,-1033.113,2906.378,835.9154,-859.31696,2610.6626,1066.845,-1321.9518,2753.607,918.126,-153.62978,2143.9204,1143.5786,-1153.278,2342.2422,873.5098,455.39462,1772.2251,1173.0928,-863.10004,2080.5645,840.168,777.2157,1668.9707,1206.5585,-901.3637,1986.1704,795.20734,839.99774,1650.6941,1178.074,-957.17126,1990.4413,787.2518,752.0193,1690.4268,1163.1364,-864.33496,2013.1116,804.0299,746.6274,1926.827,844.10004,-356.22955,1988.5522,749.6462,356.5444,1529.8177,462.05167,-122.95346,1573.8015,537.5146,1087.8019,1047.4982,288.74033,167.23994,1428.991,908.51526,1795.4427,965.0707,313.97766,185.83157,1438.4844,987.6964,1873.8873,1053.5099,64.023384,-67.101494,1239.0488,856.5514,1909.6576
IMG_5324 copy 7.JPG,2953.4802,825.99963,-998.3427,3006.398,864.8866,-1102.1447,3006.9958,875.95294,-1102.0935,3007.979,887.8561,-1102.4507,3011.56,852.3178,-965.54065,3015.6855,854.5036,-965.7883,3020.614,857.1248,-965.9802,2992.7302,971.02356,-1280.3674,3009.603,939.49005,-681.3442,2901.1865,853.2243,-1033.113,2906.378,835.9154,-859.31696,2610.6626,1066.845,-1321.9518,2753.607,918.126,-153.62978,2143.9204,1143.5786,-1153.278,2342.2422,873.5098,455.39462,1772.2251,1173.0928,-863.10004,2080.5645,840.168,777.2157,1668.9707,1206.5585,-901.3637,1986.1704,795.20734,839.99774,1650.6941,1178.074,-957.17126,1990.4413,787.2518,752.0193,1690.4268,1163.1364,-864.33496,2013.1116,804.0299,746.6274,1926.827,844.10004,-356.22955,1988.5522,749.6462,356.5444,1529.8177,462.05167,-122.95346,1573.8015,537.5146,1087.8019,1047.4982,288.74033,167.23994,1428.991,908.51526,1795.4427,965.0707,313.97766,185.83157,1438.4844,987.6964,1873.8873,1053.5099,64.023384,-67.101494,1239.0488,856.5514,1909.6576
IMG_5324 copy 8.JPG,2953.4802,825.99963,-998.3427,3006.398,864.8866,-1102.1447,3006.9958,875.95294,-1102.0935,3007.979,887.8561,-1102.4507,3011.56,852.3178,-965.54065,3015.6855,854.5036,-965.7883,3020.614,857.1248,-965.9802,2992.7302,971.02356,-1280.3674,3009.603,939.49005,-681.3442,2901.1865,853.2243,-1033.113,2906.378,835.9154,-859.31696,2610.6626,1066.845,-1321.9518,2753.607,918.126,-153.62978,2143.9204,1143.5786,-1153.278,2342.2422,873.5098,455.39462,1772.2251,1173.0928,-863.10004,2080.5645,840.168,777.2157,1668.9707,1206.5585,-901.3637,1986.1704,795.20734,839.99774,1650.6941,1178.074,-957.17126,1990.4413,787.2518,752.0193,1690.4268,1163.1364,-864.33496,2013.1116,804.0299,746.6274,1926.827,844.10004,-356.22955,1988.5522,749.6462,356.5444,1529.8177,462.05167,-122.95346,1573.8015,537.5146,1087.8019,1047.4982,288.74033,167.23994,1428.991,908.51526,1795.4427,965.0707,313.97766,185.83157,1438.4844,987.6964,1873.8873,1053.5099,64.023384,-67.101494,1239.0488,856.5514,1909.6576
IMG_5324 copy 9.JPG,2953.4802,825.99963,-998.3427,3006.398,864.8866,-1102.1447,3006.9958,875.95294,-1102.0935,3007.979,887.8561,-1102.4507,3011.56,852.3178,-965.54065,3015.6855,854.5036,-965.7883,3020.614,857.1248,-965.9802,2992.7302,971.02356,-1280.3674,3009.603,939.49005,-681.3442,2901.1865,853.2243,-1033.113,2906.378,835.9154,-859.31696,2610.6626,1066.845,-1321.9518,2753.607,918.126,-153.62978,2143.9204,1143.5786,-1153.278,2342.2422,873.5098,455.39462,1772.2251,1173.0928,-863.10004,2080.5645,840.168,777.2157,1668.9707,1206.5585,-901.3637,1986.1704,795.20734,839.99774,1650.6941,1178.074,-957.17126,1990.4413,787.2518,752.0193,1690.4268,1163.1364,-864.33496,2013.1116,804.0299,746.6274,1926.827,844.10004,-356.22955,1988.5522,749.6462,356.5444,1529.8177,462.05167,-122.95346,1573.8015,537.5146,1087.8019,1047.4982,288.74033,167.23994,1428.991,908.51526,1795.4427,965.0707,313.97766,185.83157,1438.4844,987.6964,1873.8873,1053.5099,64.023384,-67.101494,1239.0488,856.5514,1909.6576
IMG_5324 copy.JPG,2953.4802,825.99963,-998.3427,3006.398,864.8866,-1102.1447,3006.9958,875.95294,-1102.0935,3007.979,887.8561,-1102.4507,3011.56,852.3178,-965.54065,3015.6855,854.5036,-965.7883,3020.614,857.1248,-965.9802,2992.7302,971.02356,-1280.3674,3009.603,939.49005,-681.3442,2901.1865,853.2243,-1033.113,2906.378,835.9154,-859.31696,2610.6626,1066.845,-1321.9518,2753.607,918.126,-153.62978,2143.9204,1143.5786,-1153.278,2342.2422,873.5098,455.39462,1772.2251,1173.0928,-863.10004,2080.5645,840.168,777.2157,1668.9707,1206.5585,-901.3637,1986.1704,795.20734,839.99774,1650.6941,1178.074,-957.17126,1990.4413,787.2518,752.0193,1690.4268,1163.1364,-864.33496,2013.1116,804.0299,746.6274,1926.827,844.10004,-356.22955,1988.5522,749.6462,356.5444,1529.8177,462.05167,-122.95346,1573.8015,537.5146,1087.8019,1047.4982,288.74033,167.23994,1428.991,908.51526,1795.4427,965.0707,313.97766,185.83157,1438.4844,987.6964,1873.8873,1053.5099,64.023384,-67.101494,1239.0488,856.5514,1909.6576
IMG_5324.JPG,2953.4802,825.99963,-998.3427,3006.398,864.8866,-1102.1447,3006.9958,875.95294,-1102.0935,3007.979,887.8561,-1102.4507,3011.56,852.3178,-965.54065,3015.6855,854.5036,-965.7883,3020.614,857.1248,-965.9802,2992.7302,971.02356,-1280.3674,3009.603,939.49005,-681.3442,2901.1865,853.2243,-1033.113,2906.378,835.9154,-859.31696,2610.6626,1066.845,-1321.9518,2753.607,918.126,-153.62978,2143.9204,1143.5786,-1153.278,2342.2422,873.5098,455.39462,1772.2251,1173.0928,-863.10004,2080.5645,840.168,777.2157,1668.9707,1206.5585,-901.3637,1986.1704,795.20734,839.99774,1650.6941,1178.074,-957.17126,1990.4413,787.2518,752.0193,1690.4268,1163.1364,-864.33496,2013.1116,804.0299,746.6274,1926.827,844.10004,-356.22955,1988.5522,749.6462,356.5444,1529.8177,462.05167,-122.95346,1573.8015,537.5146,1087.8019,1047.4982,288.74033,167.23994,1428.991,908.51526,1795.4427,965.0707,313.97766,185.83157,1438.4844,987.6964,1873.8873,1053.5099,64.023384,-67.101494,1239.0488,856.5514,1909.6576
IMG_5325 copy 10.JPG,2698.2664,989.70605,46.931973,2749.3467,1034.8356,-34.560085,2750.0642,1045.7562,-34.39669,2751.8608,1058.5048,-34.30028,2748.5654,1024.1978,98.66562,2748.8499,1027.2413,98.6339,2749.845,1030.4656,98.45813,2732.867,1135.8876,-224.50716,2732.524,1096.516,350.23822,2639.7783,1015.7282,-7.792248,2638.2173,997.80994,160.55258,2470.5352,1240.1267,-524.38715,2419.4587,1066.2639,709.9609,2027.6465,1310.3197,-617.1422,2011.9603,1061.0182,914.44714,1608.225,1314.2814,-621.4622,1649.3739,1056.5012,811.1767,1461.0155,1360.656,-685.13654,1539.4438,1043.3247,797.00775,1445.7971,1323.3503,-675.3456,1522.0327,1053.4441,713.9871,1510.1587,1294.6937,-603.33453,1563.3809,1064.1146,766.0043,1704.0007,994.6282,-427.43942,1703.444,878.3891,426.86322,1213.3833,533.4112,-371.82413,1248.3463,589.1204,225.25087,561.9875,292.18805,-301.5568,962.3968,1050.9232,575.92395,444.12222,309.99045,-305.6157,929.6031,1169.3241,615.43445,424.87943,-63.4451,-619.6873,699.101,945.49677,564.10315
IMG_5325 copy 11.JPG,2698.2664,989.70605,46.931973,2749.3467,1034.8356,-34.560085,2750.0642,1045.7562,-34.39669,2751.8608,1058.5048,-34.30028,2748.5654,1024.1978,98.66562,2748.8499,1027.2413,98.6339,2749.845,1030.4656,98.45813,2732.867,1135.8876,-224.50716,2732.524,1096.516,350.23822,2639.7783,1015.7282,-7.792248,2638.2173,997.80994,160.55258,2470.5352,1240.1267,-524.38715,2419.4587,1066.2639,709.9609,2027.6465,1310.3197,-617.1422,2011.9603,1061.0182,914.44714,1608.225,1314.2814,-621.4622,1649.3739,1056.5012,811.1767,1461.0155,1360.656,-685.13654,1539.4438,1043.3247,797.00775,1445.7971,1323.3503,-675.3456,1522.0327,1053.4441,713.9871,1510.1587,1294.6937,-603.33453,1563.3809,1064.1146,766.0043,1704.0007,994.6282,-427.43942,1703.444,878.3891,426.86322,1213.3833,533.4112,-371.82413,1248.3463,589.1204,225.25087,561.9875,292.18805,-301.5568,962.3968,1050.9232,575.92395,444.12222,309.99045,-305.6157,929.6031,1169.3241,615.43445,424.87943,-63.4451,-619.6873,699.101,945.49677,564.10315
IMG_5325 copy 12.JPG,2698.2664,989.70605,46.931973,2749.3467,1034.8356,-34.560085,2750.0642,1045.7562,-34.39669,2751.8608,1058.5048,-34.30028,2748.5654,1024.1978,98.66562,2748.8499,1027.2413,98.6339,2749.845,1030.4656,98.45813,2732.867,1135.8876,-224.50716,2732.524,1096.516,350.23822,2639.7783,1015.7282,-7.792248,2638.2173,997.80994,160.55258,2470.5352,1240.1267,-524.38715,2419.4587,1066.2639,709.9609,2027.6465,1310.3197,-617.1422,2011.9603,1061.0182,914.44714,1608.225,1314.2814,-621.4622,1649.3739,1056.5012,811.1767,1461.0155,1360.656,-685.13654,1539.4438,1043.3247,797.00775,1445.7971,1323.3503,-675.3456,1522.0327,1053.4441,713.9871,1510.1587,1294.6937,-603.33453,1563.3809,1064.1146,766.0043,1704.0007,994.6282,-427.43942,1703.444,878.3891,426.86322,1213.3833,533.4112,-371.82413,1248.3463,589.1204,225.25087,561.9875,292.18805,-301.5568,962.3968,1050.9232,575.92395,444.12222,309.99045,-305.6157,929.6031,1169.3241,615.43445,424.87943,-63.4451,-619.6873,699.101,945.49677,564.10315
IMG_5325 copy 13.JPG,2698.2664,989.70605,46.931973,2749.3467,1034.8356,-34.560085,2750.0642,1045.7562,-34.39669,2751.8608,1058.5048,-34.30028,2748.5654,1024.1978,98.66562,2748.8499,1027.2413,98.6339,2749.845,1030.4656,98.45813,2732.867,1135.8876,-224.50716,2732.524,1096.516,350.23822,2639.7783,1015.7282,-7.792248,2638.2173,997.80994,160.55258,2470.5352,1240.1267,-524.38715,2419.4587,1066.2639,709.9609,2027.6465,1310.3197,-617.1422,2011.9603,1061.0182,914.44714,1608.225,1314.2814,-621.4622,1649.3739,1056.5012,811.1767,1461.0155,1360.656,-685.13654,1539.4438,1043.3247,797.00775,1445.7971,1323.3503,-675.3456,1522.0327,1053.4441,713.9871,1510.1587,1294.6937,-603.33453,1563.3809,1064.1146,766.0043,1704.0007,994.6282,-427.43942,1703.444,878.3891,426.86322,1213.3833,533.4112,-371.82413,1248.3463,589.1204,225.25087,561.9875,292.18805,-301.5568,962.3968,1050.9232,575.92395,444.12222,309.99045,-305.6157,929.6031,1169.3241,615.43445,424.87943,-63.4451,-619.6873,699.101,945.49677,564.10315
IMG_5325 copy 14.JPG,2698.2664,989.70605,46.931973,2749.3467,1034.8356,-34.560085,2750.0642,1045.7562,-34.39669,2751.8608,1058.5048,-34.30028,2748.5654,1024.1978,98.66562,2748.8499,1027.2413,98.6339,2749.845,1030.4656,98.45813,2732.867,1135.8876,-224.50716,2732.524,1096.516,350.23822,2639.7783,1015.7282,-7.792248,2638.2173,997.80994,160.55258,2470.5352,1240.1267,-524.38715,2419.4587,1066.2639,709.9609,2027.6465,1310.3197,-617.1422,2011.9603,1061.0182,914.44714,1608.225,1314.2814,-621.4622,1649.3739,1056.5012,811.1767,1461.0155,1360.656,-685.13654,1539.4438,1043.3247,797.00775,1445.7971,1323.3503,-675.3456,1522.0327,1053.4441,713.9871,1510.1587,1294.6937,-603.33453,1563.3809,1064.1146,766.0043,1704.0007,994.6282,-427.43942,1703.444,878.3891,426.86322,1213.3833,533.4112,-371.82413,1248.3463,589.1204,225.25087,561.9875,292.18805,-301.5568,962.3968,1050.9232,575.92395,444.12222,309.99045,-305.6157,929.6031,1169.3241,615.43445,424.87943,-63.4451,-619.6873,699.101,945.49677,564.10315
IMG_5325 copy 15.JPG,2698.2664,989.70605,46.931973,2749.3467,1034.8356,-34.560085,2750.0642,1045.7562,-34.39669,2751.8608,1058.5048,-34.30028,2748.5654,1024.1978,98.66562,2748.8499,1027.2413,98.6339,2749.845,1030.4656,98.45813,2732.867,1135.8876,-224.50716,2732.524,1096.516,350.23822,2639.7783,1015.7282,-7.792248,2638.2173,997.80994,160.55258,2470.5352,1240.1267,-524.38715,2419.4587,1066.2639,709.9609,2027.6465,1310.3197,-617.1422,2011.9603,1061.0182,914.44714,1608.225,1314.2814,-621.4622,1649.3739,1056.5012,811.1767,1461.0155,1360.656,-685.13654,1539.4438,1043.3247,797.00775,1445.7971,1323.3503,-675.3456,1522.0327,1053.4441,713.9871,1510.1587,1294.6937,-603.33453,1563.3809,1064.1146,766.0043,1704.0007,994.6282,-427.43942,1703.444,878.3891,426.86322,1213.3833,533.4112,-371.82413,1248.3463,589.1204,225.25087,561.9875,292.18805,-301.5568,962.3968,1050.9232,575.92395,444.12222,309.99045,-305.6157,929.6031,1169.3241,615.43445,424.87943,-63.4451,-619.6873,699.101,945.49677,564.10315
IMG_5325 copy 2.JPG,2698.2664,989.70605,46.931973,2749.3467,1034.8356,-34.560085,2750.0642,1045.7562,-34.39669,2751.8608,1058.5048,-34.30028,2748.5654,1024.1978,98.66562,2748.8499,1027.2413,98.6339,2749.845,1030.4656,98.45813,2732.867,1135.8876,-224.50716,2732.524,1096.516,350.23822,2639.7783,1015.7282,-7.792248,2638.2173,997.80994,160.55258,2470.5352,1240.1267,-524.38715,2419.4587,1066.2639,709.9609,2027.6465,1310.3197,-617.1422,2011.9603,1061.0182,914.44714,1608.225,1314.2814,-621.4622,1649.3739,1056.5012,811.1767,1461.0155,1360.656,-685.13654,1539.4438,1043.3247,797.00775,1445.7971,1323.3503,-675.3456,1522.0327,1053.4441,713.9871,1510.1587,1294.6937,-603.33453,1563.3809,1064.1146,766.0043,1704.0007,994.6282,-427.43942,1703.444,878.3891,426.86322,1213.3833,533.4112,-371.82413,1248.3463,589.1204,225.25087,561.9875,292.18805,-301.5568,962.3968,1050.9232,575.92395,444.12222,309.99045,-305.6157,929.6031,1169.3241,615.43445,424.87943,-63.4451,-619.6873,699.101,945.49677,564.10315
IMG_5325 copy 3.JPG,2698.2664,989.70605,46.931973,2749.3467,1034.8356,-34.560085,2750.0642,1045.7562,-34.39669,2751.8608,1058.5048,-34.30028,2748.5654,1024.1978,98.66562,2748.8499,1027.2413,98.6339,2749.845,1030.4656,98.45813,2732.867,1135.8876,-224.50716,2732.524,1096.516,350.23822,2639.7783,1015.7282,-7.792248,2638.2173,997.80994,160.55258,2470.5352,1240.1267,-524.38715,2419.4587,1066.2639,709.9609,2027.6465,1310.3197,-617.1422,2011.9603,1061.0182,914.44714,1608.225,1314.2814,-621.4622,1649.3739,1056.5012,811.1767,1461.0155,1360.656,-685.13654,1539.4438,1043.3247,797.00775,1445.7971,1323.3503,-675.3456,1522.0327,1053.4441,713.9871,1510.1587,1294.6937,-603.33453,1563.3809,1064.1146,766.0043,1704.0007,994.6282,-427.43942,1703.444,878.3891,426.86322,1213.3833,533.4112,-371.82413,1248.3463,589.1204,225.25087,561.9875,292.18805,-301.5568,962.3968,1050.9232,575.92395,444.12222,309.99045,-305.6157,929.6031,1169.3241,615.43445,424.87943,-63.4451,-619.6873,699.101,945.49677,564.10315
IMG_5325 copy 4.JPG,2698.2664,989.70605,46.931973,2749.3467,1034.8356,-34.560085,2750.0642,1045.7562,-34.39669,2751.8608,1058.5048,-34.30028,2748.5654,1024.1978,98.66562,2748.8499,1027.2413,98.6339,2749.845,1030.4656,98.45813,2732.867,1135.8876,-224.50716,2732.524,1096.516,350.23822,2639.7783,1015.7282,-7.792248,2638.2173,997.80994,160.55258,2470.5352,1240.1267,-524.38715,2419.4587,1066.2639,709.9609,2027.6465,1310.3197,-617.1422,2011.9603,1061.0182,914.44714,1608.225,1314.2814,-621.4622,1649.3739,1056.5012,811.1767,1461.0155,1360.656,-685.13654,1539.4438,1043.3247,797.00775,1445.7971,1323.3503,-675.3456,1522.0327,1053.4441,713.9871,1510.1587,1294.6937,-603.33453,1563.3809,1064.1146,766.0043,1704.0007,994.6282,-427.43942,1703.444,878.3891,426.86322,1213.3833,533.4112,-371.82413,1248.3463,589.1204,225.25087,561.9875,292.18805,-301.5568,962.3968,1050.9232,575.92395,444.12222,309.99045,-305.6157,929.6031,1169.3241,615.43445,424.87943,-63.4451,-619.6873,699.101,945.49677,564.10315
IMG_5325 copy 5.JPG,2698.2664,989.70605,46.931973,2749.3467,1034.8356,-34.560085,2750.0642,1045.7562,-34.39669,2751.8608,1058.5048,-34.30028,2748.5654,1024.1978,98.66562,2748.8499,1027.2413,98.6339,2749.845,1030.4656,98.45813,2732.867,1135.8876,-224.50716,2732.524,1096.516,350.23822,2639.7783,1015.7282,-7.792248,2638.2173,997.80994,160.55258,2470.5352,1240.1267,-524.38715,2419.4587,1066.2639,709.9609,2027.6465,1310.3197,-617.1422,2011.9603,1061.0182,914.44714,1608.225,1314.2814,-621.4622,1649.3739,1056.5012,811.1767,1461.0155,1360.656,-685.13654,1539.4438,1043.3247,797.00775,1445.7971,1323.3503,-675.3456,1522.0327,1053.4441,713.9871,1510.1587,1294.6937,-603.33453,1563.3809,1064.1146,766.0043,1704.0007,994.6282,-427.43942,1703.444,878.3891,426.86322,1213.3833,533.4112,-371.82413,1248.3463,589.1204,225.25087,561.9875,292.18805,-301.5568,962.3968,1050.9232,575.92395,444.12222,309.99045,-305.6157,929.6031,1169.3241,615.43445,424.87943,-63.4451,-619.6873,699.101,945.49677,564.10315
IMG_5325 copy 6.JPG,2698.2664,989.70605,46.931973,2749.3467,1034.8356,-34.560085,2750.0642,1045.7562,-34.39669,2751.8608,1058.5048,-34.30028,2748.5654,1024.1978,98.66562,2748.8499,1027.2413,98.6339,2749.845,1030.4656,98.45813,2732.867,1135.8876,-224.50716,2732.524,1096.516,350.23822,2639.7783,1015.7282,-7.792248,2638.2173,997.80994,160.55258,2470.5352,1240.1267,-524.38715,2419.4587,1066.2639,709.9609,2027.6465,1310.3197,-617.1422,2011.9603,1061.0182,914.44714,1608.225,1314.2814,-621.4622,1649.3739,1056.5012,811.1767,1461.0155,1360.656,-685.13654,1539.4438,1043.3247,797.00775,1445.7971,1323.3503,-675.3456,1522.0327,1053.4441,713.9871,1510.1587,1294.6937,-603.33453,1563.3809,1064.1146,766.0043,1704.0007,994.6282,-427.43942,1703.444,878.3891,426.86322,1213.3833,533.4112,-371.82413,1248.3463,589.1204,225.25087,561.9875,292.18805,-301.5568,962.3968,1050.9232,575.92395,444.12222,309.99045,-305.6157,929.6031,1169.3241,615.43445,424.87943,-63.4451,-619.6873,699.101,945.49677,564.10315
IMG_5325 copy 7.JPG,2698.2664,989.70605,46.931973,2749.3467,1034.8356,-34.560085,2750.0642,1045.7562,-34.39669,2751.8608,1058.5048,-34.30028,2748.5654,1024.1978,98.66562,2748.8499,1027.2413,98.6339,2749.845,1030.4656,98.45813,2732.867,1135.8876,-224.50716,2732.524,1096.516,350.23822,2639.7783,1015.7282,-7.792248,2638.2173,997.80994,160.55258,2470.5352,1240.1267,-524.38715,2419.4587,1066.2639,709.9609,2027.6465,1310.3197,-617.1422,2011.9603,1061.0182,914.44714,1608.225,1314.2814,-621.4622,1649.3739,1056.5012,811.1767,1461.0155,1360.656,-685.13654,1539.4438,1043.3247,797.00775,1445.7971,1323.3503,-675.3456,1522.0327,1053.4441,713.9871,1510.1587,1294.6937,-603.33453,1563.3809,1064.1146,766.0043,1704.0007,994.6282,-427.43942,1703.444,878.3891,426.86322,1213.3833,533.4112,-371.82413,1248.3463,589.1204,225.25087,561.9875,292.18805,-301.5568,962.3968,1050.9232,575.92395,444.12222,309.99045,-305.6157,929.6031,1169.3241,615.43445,424.87943,-63.4451,-619.6873,699.101,945.49677,564.10315
IMG_5325 copy 8.JPG,2698.2664,989.70605,46.931973,2749.3467,1034.8356,-34.560085,2750.0642,1045.7562,-34.39669,2751.8608,1058.5048,-34.30028,2748.5654,1024.1978,98.66562,2748.8499,1027.2413,98.6339,2749.845,1030.4656,98.45813,2732.867,1135.8876,-224.50716,2732.524,1096.516,350.23822,2639.7783,1015.7282,-7.792248,2638.2173,997.80994,160.55258,2470.5352,1240.1267,-524.38715,2419.4587,1066.2639,709.9609,2027.6465,1310.3197,-617.1422,2011.9603,1061.0182,914.44714,1608.225,1314.2814,-621.4622,1649.3739,1056.5012,811.1767,1461.0155,1360.656,-685.13654,1539.4438,1043.3247,797.00775,1445.7971,1323.3503,-675.3456,1522.0327,1053.4441,713.9871,1510.1587,1294.6937,-603.33453,1563.3809,1064.1146,766.0043,1704.0007,994.6282,-427.43942,1703.444,878.3891,426.86322,1213.3833,533.4112,-371.82413,1248.3463,589.1204,225.25087,561.9875,292.18805,-301.5568,962.3968,1050.9232,575.92395,444.12222,309.99045,-305.6157,929.6031,1169.3241,615.43445,424.87943,-63.4451,-619.6873,699.101,945.49677,564.10315
IMG_5325 copy 9.JPG,2698.2664,989.70605,46.931973,2749.3467,1034.8356,-34.560085,2750.0642,1045.7562,-34.39669,2751.8608,1058.5048,-34.30028,2748.5654,1024.1978,98.66562,2748.8499,1027.2413,98.6339,2749.845,1030.4656,98.45813,2732.867,1135.8876,-224.50716,2732.524,1096.516,350.23822,2639.7783,1015.7282,-7.792248,2638.2173,997.80994,160.55258,2470.5352,1240.1267,-524.38715,2419.4587,1066.2639,709.9609,2027.6465,1310.3197,-617.1422,2011.9603,1061.0182,914.44714,1608.225,1314.2814,-621.4622,1649.3739,1056.5012,811.1767,1461.0155,1360.656,-685.13654,1539.4438,1043.3247,797.00775,1445.7971,1323.3503,-675.3456,1522.0327,1053.4441,713.9871,1510.1587,1294.6937,-603.33453,1563.3809,1064.1146,766.0043,1704.0007,994.6282,-427.43942,1703.444,878.3891,426.86322,1213.3833,533.4112,-371.82413,1248.3463,589.1204,225.25087,561.9875,292.18805,-301.5568,962.3968,1050.9232,575.92395,444.12222,309.99045,-305.6157,929.6031,1169.3241,615.43445,424.87943,-63.4451,-619.6873,699.101,945.49677,564.10315
IMG_5325 copy.JPG,2698.2664,989.70605,46.931973,2749.3467,1034.8356,-34.560085,2750.0642,1045.7562,-34.39669,2751.8608,1058.5048,-34.30028,2748.5654,1024.1978,98.66562,2748.8499,1027.2413,98.6339,2749.845,1030.4656,98.45813,2732.867,1135.8876,-224.50716,2732.524,1096.516,350.23822,2639.7783,1015.7282,-7.792248,2638.2173,997.80994,160.55258,2470.5352,1240.1267,-524.38715,2419.4587,1066.2639,709.9609,2027.6465,1310.3197,-617.1422,2011.9603,1061.0182,914.44714,1608.225,1314.2814,-621.4622,1649.3739,1056.5012,811.1767,1461.0155,1360.656,-685.13654,1539.4438,1043.3247,797.00775,1445.7971,1323.3503,-675.3456,1522.0327,1053.4441,713.9871,1510.1587,1294.6937,-603.33453,1563.3809,1064.1146,766.0043,1704.0007,994.6282,-427.43942,1703.444,878.3891,426.86322,1213.3833,533.4112,-371.82413,1248.3463,589.1204,225.25087,561.9875,292.18805,-301.5568,962.3968,1050.9232,575.92395,444.12222,309.99045,-305.6157,929.6031,1169.3241,615.43445,424.87943,-63.4451,-619.6873,699.101,945.49677,564.10315
IMG_5325.JPG,2698.2664,989.70605,46.931973,2749.3467,1034.8356,-34.560085,2750.0642,1045.7562,-34.39669,2751.8608,1058.5048,-34.30028,2748.5654,1024.1978,98.66562,2748.8499,1027.2413,98.6339,2749.845,1030.4656,98.45813,2732.867,1135.8876,-224.50716,2732.524,1096.516,350.23822,2639.7783,1015.7282,-7.792248,2638.2173,997.80994,160.55258,2470.5352,1240.1267,-524.38715,2419.4587,1066.2639,709.9609,2027.6465,1310.3197,-617.1422,2011.9603,1061.0182,914.44714,1608.225,1314.2814,-621.4622,1649.3739,1056.5012,811.1767,1461.0155,1360.656,-685.13654,1539.4438,1043.3247,797.00775,1445.7971,1323.3503,-675.3456,1522.0327,1053.4441,713.9871,1510.1587,1294.6937,-603.33453,1563.3809,1064.1146,766.0043,1704.0007,994.6282,-427.43942,1703.444,878.3891,426.86322,1213.3833,533.4112,-371.82413,1248.3463,589.1204,225.25087,561.9875,292.18805,-301.5568,962.3968,1050.9232,575.92395,444.12222,309.99045,-305.6157,929.6031,1169.3241,615.43445,424.87943,-63.4451,-619.6873,699.101,945.49677,564.10315
IMG_5901.JPG,2628.846,718.2277,128.08237,2676.599,743.4964,50.213856,2678.4453,751.29913,50.29864,2680.651,759.8032,50.305252,2675.6191,741.8468,189.39911,2676.2188,747.4403,189.36996,2677.046,753.35266,189.34677,2675.2495,830.5083,-162.25223,2669.6804,805.9243,441.9311,2588.3213,739.341,62.141975,2587.2551,736.4423,238.39859,2483.2988,961.11786,-535.14764,2406.4448,852.6629,833.3939,2131.1753,1057.5919,-664.59937,2077.101,890.3017,1016.5353,1799.5503,932.12274,-537.5629,1836.0392,784.9574,835.4183,1684.0629,930.719,-608.53937,1743.4972,757.499,813.6443,1689.5424,882.98566,-564.66205,1746.835,751.741,729.6308,1728.1469,871.4872,-499.59238,1787.2638,762.1638,783.8203,1792.0447,791.12805,-434.37222,1787.5377,727.8522,433.9831,1308.9929,430.31265,-350.44,1317.4801,482.17743,329.02084,885.6045,84.43263,80.9873,1283.131,996.6251,829.2351,789.5914,112.16024,115.57384,1349.2395,1089.1211,886.0412,734.03625,-123.78104,-135.10431,1048.2782,1059.3022,826.4701
IMG_5902 copy 10.JPG,2539.0027,768.5785,-43.65379,2577.8877,795.6346,-125.741936,2578.8325,804.4812,-125.721886,2580.7585,814.03534,-125.83165,2577.585,788.9723,12.265301,2577.7764,792.0673,12.40122,2578.7761,795.28015,12.227302,2566.4421,889.1108,-345.26724,2567.3513,855.47943,260.3291,2490.3298,787.1582,-111.794495,2488.9514,778.8542,64.41776,2328.988,1006.75714,-656.3113,2302.369,835.93274,651.6575,1925.1066,1082.7,-680.07574,1938.0298,856.1856,858.3308,1548.1376,1107.0333,-551.058,1652.122,901.18713,725.752,1431.7653,1132.9967,-615.3301,1564.2336,903.92816,726.4193,1414.8519,1116.1877,-610.24994,1547.3053,912.5288,655.65375,1457.8484,1105.5985,-531.5439,1587.5387,915.6244,686.84973,1617.9156,758.2357,-448.83325,1669.6827,639.355,448.62485,1195.5668,323.88342,-385.89832,1389.741,453.96017,627.50714,771.98376,15.656752,-160.76163,1233.9542,840.60406,1161.6398,708.9445,21.304878,-145.03108,1240.2279,955.97845,1221.7273,625.35834,-226.4301,-373.03183,1178.9293,804.4952,1240.5248
IMG_5902 copy 11.JPG,2539.0027,768.5785,-43.65379,2577.8877,795.6346,-125.741936,2578.8325,804.4812,-125.721886,2580.7585,814.03534,-125.83165,2577.585,788.9723,12.265301,2577.7764,792.0673,12.40122,2578.7761,795.28015,12.227302,2566.4421,889.1108,-345.26724,2567.3513,855.47943,260.3291,2490.3298,787.1582,-111.794495,2488.9514,778.8542,64.41776,2328.988,1006.75714,-656.3113,2302.369,835.93274,651.6575,1925.1066,1082.7,-680.07574,1938.0298,856.1856,858.3308,1548.1376,1107.0333,-551.058,1652.122,901.18713,725.752,1431.7653,1132.9967,-615.3301,1564.2336,903.92816,726.4193,1414.8519,1116.1877,-610.24994,1547.3053,912.5288,655.65375,1457.8484,1105.5985,-531.5439,1587.5387,915.6244,686.84973,1617.9156,758.2357,-448.83325,1669.6827,639.355,448.62485,1195.5668,323.88342,-385.89832,1389.741,453.96017,627.50714,771.98376,15.656752,-160.76163,1233.9542,840.60406,1161.6398,708.9445,21.304878,-145.03108,1240.2279,955.97845,1221.7273,625.35834,-226.4301,-373.03183,1178.9293,804.4952,1240.5248
IMG_5902 copy 12.JPG,2539.0027,768.5785,-43.65379,2577.8877,795.6346,-125.741936,2578.8325,804.4812,-125.721886,2580.7585,814.03534,-125.83165,2577.585,788.9723,12.265301,2577.7764,792.0673,12.40122,2578.7761,795.28015,12.227302,2566.4421,889.1108,-345.26724,2567.3513,855.47943,260.3291,2490.3298,787.1582,-111.794495,2488.9514,778.8542,64.41776,2328.988,1006.75714,-656.3113,2302.369,835.93274,651.6575,1925.1066,1082.7,-680.07574,1938.0298,856.1856,858.3308,1548.1376,1107.0333,-551.058,1652.122,901.18713,725.752,1431.7653,1132.9967,-615.3301,1564.2336,903.92816,726.4193,1414.8519,1116.1877,-610.24994,1547.3053,912.5288,655.65375,1457.8484,1105.5985,-531.5439,1587.5387,915.6244,686.84973,1617.9156,758.2357,-448.83325,1669.6827,639.355,448.62485,1195.5668,323.88342,-385.89832,1389.741,453.96017,627.50714,771.98376,15.656752,-160.76163,1233.9542,840.60406,1161.6398,708.9445,21.304878,-145.03108,1240.2279,955.97845,1221.7273,625.35834,-226.4301,-373.03183,1178.9293,804.4952,1240.5248
IMG_5902 copy 13.JPG,2539.0027,768.5785,-43.65379,2577.8877,795.6346,-125.741936,2578.8325,804.4812,-125.721886,2580.7585,814.03534,-125.83165,2577.585,788.9723,12.265301,2577.7764,792.0673,12.40122,2578.7761,795.28015,12.227302,2566.4421,889.1108,-345.26724,2567.3513,855.47943,260.3291,2490.3298,787.1582,-111.794495,2488.9514,778.8542,64.41776,2328.988,1006.75714,-656.3113,2302.369,835.93274,651.6575,1925.1066,1082.7,-680.07574,1938.0298,856.1856,858.3308,1548.1376,1107.0333,-551.058,1652.122,901.18713,725.752,1431.7653,1132.9967,-615.3301,1564.2336,903.92816,726.4193,1414.8519,1116.1877,-610.24994,1547.3053,912.5288,655.65375,1457.8484,1105.5985,-531.5439,1587.5387,915.6244,686.84973,1617.9156,758.2357,-448.83325,1669.6827,639.355,448.62485,1195.5668,323.88342,-385.89832,1389.741,453.96017,627.50714,771.98376,15.656752,-160.76163,1233.9542,840.60406,1161.6398,708.9445,21.304878,-145.03108,1240.2279,955.97845,1221.7273,625.35834,-226.4301,-373.03183,1178.9293,804.4952,1240.5248
IMG_5902 copy 14.JPG,2539.0027,768.5785,-43.65379,2577.8877,795.6346,-125.741936,2578.8325,804.4812,-125.721886,2580.7585,814.03534,-125.83165,2577.585,788.9723,12.265301,2577.7764,792.0673,12.40122,2578.7761,795.28015,12.227302,2566.4421,889.1108,-345.26724,2567.3513,855.47943,260.3291,2490.3298,787.1582,-111.794495,2488.9514,778.8542,64.41776,2328.988,1006.75714,-656.3113,2302.369,835.93274,651.6575,1925.1066,1082.7,-680.07574,1938.0298,856.1856,858.3308,1548.1376,1107.0333,-551.058,1652.122,901.18713,725.752,1431.7653,1132.9967,-615.3301,1564.2336,903.92816,726.4193,1414.8519,1116.1877,-610.24994,1547.3053,912.5288,655.65375,1457.8484,1105.5985,-531.5439,1587.5387,915.6244,686.84973,1617.9156,758.2357,-448.83325,1669.6827,639.355,448.62485,1195.5668,323.88342,-385.89832,1389.741,453.96017,627.50714,771.98376,15.656752,-160.76163,1233.9542,840.60406,1161.6398,708.9445,21.304878,-145.03108,1240.2279,955.97845,1221.7273,625.35834,-226.4301,-373.03183,1178.9293,804.4952,1240.5248
IMG_5902 copy 15.JPG,2539.0027,768.5785,-43.65379,2577.8877,795.6346,-125.741936,2578.8325,804.4812,-125.721886,2580.7585,814.03534,-125.83165,2577.585,788.9723,12.265301,2577.7764,792.0673,12.40122,2578.7761,795.28015,12.227302,2566.4421,889.1108,-345.26724,2567.3513,855.47943,260.3291,2490.3298,787.1582,-111.794495,2488.9514,778.8542,64.41776,2328.988,1006.75714,-656.3113,2302.369,835.93274,651.6575,1925.1066,1082.7,-680.07574,1938.0298,856.1856,858.3308,1548.1376,1107.0333,-551.058,1652.122,901.18713,725.752,1431.7653,1132.9967,-615.3301,1564.2336,903.92816,726.4193,1414.8519,1116.1877,-610.24994,1547.3053,912.5288,655.65375,1457.8484,1105.5985,-531.5439,1587.5387,915.6244,686.84973,1617.9156,758.2357,-448.83325,1669.6827,639.355,448.62485,1195.5668,323.88342,-385.89832,1389.741,453.96017,627.50714,771.98376,15.656752,-160.76163,1233.9542,840.60406,1161.6398,708.9445,21.304878,-145.03108,1240.2279,955.97845,1221.7273,625.35834,-226.4301,-373.03183,1178.9293,804.4952,1240.5248
IMG_5902 copy 16.JPG,2539.0027,768.5785,-43.65379,2577.8877,795.6346,-125.741936,2578.8325,804.4812,-125.721886,2580.7585,814.03534,-125.83165,2577.585,788.9723,12.265301,2577.7764,792.0673,12.40122,2578.7761,795.28015,12.227302,2566.4421,889.1108,-345.26724,2567.3513,855.47943,260.3291,2490.3298,787.1582,-111.794495,2488.9514,778.8542,64.41776,2328.988,1006.75714,-656.3113,2302.369,835.93274,651.6575,1925.1066,1082.7,-680.07574,1938.0298,856.1856,858.3308,1548.1376,1107.0333,-551.058,1652.122,901.18713,725.752,1431.7653,1132.9967,-615.3301,1564.2336,903.92816,726.4193,1414.8519,1116.1877,-610.24994,1547.3053,912.5288,655.65375,1457.8484,1105.5985,-531.5439,1587.5387,915.6244,686.84973,1617.9156,758.2357,-448.83325,1669.6827,639.355,448.62485,1195.5668,323.88342,-385.89832,1389.741,453.96017,627.50714,771.98376,15.656752,-160.76163,1233.9542,840.60406,1161.6398,708.9445,21.304878,-145.03108,1240.2279,955.97845,1221.7273,625.35834,-226.4301,-373.03183,1178.9293,804.4952,1240.5248
IMG_5902 copy 17.JPG,2539.0027,768.5785,-43.65379,2577.8877,795.6346,-125.741936,2578.8325,804.4812,-125.721886,2580.7585,814.03534,-125.83165,2577.585,788.9723,12.265301,2577.7764,792.0673,12.40122,2578.7761,795.28015,12.227302,2566.4421,889.1108,-345.26724,2567.3513,855.47943,260.3291,2490.3298,787.1582,-111.794495,2488.9514,778.8542,64.41776,2328.988,1006.75714,-656.3113,2302.369,835.93274,651.6575,1925.1066,1082.7,-680.07574,1938.0298,856.1856,858.3308,1548.1376,1107.0333,-551.058,1652.122,901.18713,725.752,1431.7653,1132.9967,-615.3301,1564.2336,903.92816,726.4193,1414.8519,1116.1877,-610.24994,1547.3053,912.5288,655.65375,1457.8484,1105.5985,-531.5439,1587.5387,915.6244,686.84973,1617.9156,758.2357,-448.83325,1669.6827,639.355,448.62485,1195.5668,323.88342,-385.89832,1389.741,453.96017,627.50714,771.98376,15.656752,-160.76163,1233.9542,840.60406,1161.6398,708.9445,21.304878,-145.03108,1240.2279,955.97845,1221.7273,625.35834,-226.4301,-373.03183,1178.9293,804.4952,1240.5248
IMG_5902 copy 18.JPG,2539.0027,768.5785,-43.65379,2577.8877,795.6346,-125.741936,2578.8325,804.4812,-125.721886,2580.7585,814.03534,-125.83165,2577.585,788.9723,12.265301,2577.7764,792.0673,12.40122,2578.7761,795.28015,12.227302,2566.4421,889.1108,-345.26724,2567.3513,855.47943,260.3291,2490.3298,787.1582,-111.794495,2488.9514,778.8542,64.41776,2328.988,1006.75714,-656.3113,2302.369,835.93274,651.6575,1925.1066,1082.7,-680.07574,1938.0298,856.1856,858.3308,1548.1376,1107.0333,-551.058,1652.122,901.18713,725.752,1431.7653,1132.9967,-615.3301,1564.2336,903.92816,726.4193,1414.8519,1116.1877,-610.24994,1547.3053,912.5288,655.65375,1457.8484,1105.5985,-531.5439,1587.5387,915.6244,686.84973,1617.9156,758.2357,-448.83325,1669.6827,639.355,448.62485,1195.5668,323.88342,-385.89832,1389.741,453.96017,627.50714,771.98376,15.656752,-160.76163,1233.9542,840.60406,1161.6398,708.9445,21.304878,-145.03108,1240.2279,955.97845,1221.7273,625.35834,-226.4301,-373.03183,1178.9293,804.4952,1240.5248
IMG_5902 copy 19.JPG,2539.0027,768.5785,-43.65379,2577.8877,795.6346,-125.741936,2578.8325,804.4812,-125.721886,2580.7585,814.03534,-125.83165,2577.585,788.9723,12.265301,2577.7764,792.0673,12.40122,2578.7761,795.28015,12.227302,2566.4421,889.1108,-345.26724,2567.3513,855.47943,260.3291,2490.3298,787.1582,-111.794495,2488.9514,778.8542,64.41776,2328.988,1006.75714,-656.3113,2302.369,835.93274,651.6575,1925.1066,1082.7,-680.07574,1938.0298,856.1856,858.3308,1548.1376,1107.0333,-551.058,1652.122,901.18713,725.752,1431.7653,1132.9967,-615.3301,1564.2336,903.92816,726.4193,1414.8519,1116.1877,-610.24994,1547.3053,912.5288,655.65375,1457.8484,1105.5985,-531.5439,1587.5387,915.6244,686.84973,1617.9156,758.2357,-448.83325,1669.6827,639.355,448.62485,1195.5668,323.88342,-385.89832,1389.741,453.96017,627.50714,771.98376,15.656752,-160.76163,1233.9542,840.60406,1161.6398,708.9445,21.304878,-145.03108,1240.2279,955.97845,1221.7273,625.35834,-226.4301,-373.03183,1178.9293,804.4952,1240.5248
IMG_5902 copy 2.JPG,2539.0027,768.5785,-43.65379,2577.8877,795.6346,-125.741936,2578.8325,804.4812,-125.721886,2580.7585,814.03534,-125.83165,2577.585,788.9723,12.265301,2577.7764,792.0673,12.40122,2578.7761,795.28015,12.227302,2566.4421,889.1108,-345.26724,2567.3513,855.47943,260.3291,2490.3298,787.1582,-111.794495,2488.9514,778.8542,64.41776,2328.988,1006.75714,-656.3113,2302.369,835.93274,651.6575,1925.1066,1082.7,-680.07574,1938.0298,856.1856,858.3308,1548.1376,1107.0333,-551.058,1652.122,901.18713,725.752,1431.7653,1132.9967,-615.3301,1564.2336,903.92816,726.4193,1414.8519,1116.1877,-610.24994,1547.3053,912.5288,655.65375,1457.8484,1105.5985,-531.5439,1587.5387,915.6244,686.84973,1617.9156,758.2357,-448.83325,1669.6827,639.355,448.62485,1195.5668,323.88342,-385.89832,1389.741,453.96017,627.50714,771.98376,15.656752,-160.76163,1233.9542,840.60406,1161.6398,708.9445,21.304878,-145.03108,1240.2279,955.97845,1221.7273,625.35834,-226.4301,-373.03183,1178.9293,804.4952,1240.5248
IMG_5902 copy 3.JPG,2539.0027,768.5785,-43.65379,2577.8877,795.6346,-125.741936,2578.8325,804.4812,-125.721886,2580.7585,814.03534,-125.83165,2577.585,788.9723,12.265301,2577.7764,792.0673,12.40122,2578.7761,795.28015,12.227302,2566.4421,889.1108,-345.26724,2567.3513,855.47943,260.3291,2490.3298,787.1582,-111.794495,2488.9514,778.8542,64.41776,2328.988,1006.75714,-656.3113,2302.369,835.93274,651.6575,1925.1066,1082.7,-680.07574,1938.0298,856.1856,858.3308,1548.1376,1107.0333,-551.058,1652.122,901.18713,725.752,1431.7653,1132.9967,-615.3301,1564.2336,903.92816,726.4193,1414.8519,1116.1877,-610.24994,1547.3053,912.5288,655.65375,1457.8484,1105.5985,-531.5439,1587.5387,915.6244,686.84973,1617.9156,758.2357,-448.83325,1669.6827,639.355,448.62485,1195.5668,323.88342,-385.89832,1389.741,453.96017,627.50714,771.98376,15.656752,-160.76163,1233.9542,840.60406,1161.6398,708.9445,21.304878,-145.03108,1240.2279,955.97845,1221.7273,625.35834,-226.4301,-373.03183,1178.9293,804.4952,1240.5248
IMG_5902 copy 4.JPG,2539.0027,768.5785,-43.65379,2577.8877,795.6346,-125.741936,2578.8325,804.4812,-125.721886,2580.7585,814.03534,-125.83165,2577.585,788.9723,12.265301,2577.7764,792.0673,12.40122,2578.7761,795.28015,12.227302,2566.4421,889.1108,-345.26724,2567.3513,855.47943,260.3291,2490.3298,787.1582,-111.794495,2488.9514,778.8542,64.41776,2328.988,1006.75714,-656.3113,2302.369,835.93274,651.6575,1925.1066,1082.7,-680.07574,1938.0298,856.1856,858.3308,1548.1376,1107.0333,-551.058,1652.122,901.18713,725.752,1431.7653,1132.9967,-615.3301,1564.2336,903.92816,726.4193,1414.8519,1116.1877,-610.24994,1547.3053,912.5288,655.65375,1457.8484,1105.5985,-531.5439,1587.5387,915.6244,686.84973,1617.9156,758.2357,-448.83325,1669.6827,639.355,448.62485,1195.5668,323.88342,-385.89832,1389.741,453.96017,627.50714,771.98376,15.656752,-160.76163,1233.9542,840.60406,1161.6398,708.9445,21.304878,-145.03108,1240.2279,955.97845,1221.7273,625.35834,-226.4301,-373.03183,1178.9293,804.4952,1240.5248
IMG_5902 copy 5.JPG,2539.0027,768.5785,-43.65379,2577.8877,795.6346,-125.741936,2578.8325,804.4812,-125.721886,2580.7585,814.03534,-125.83165,2577.585,788.9723,12.265301,2577.7764,792.0673,12.40122,2578.7761,795.28015,12.227302,2566.4421,889.1108,-345.26724,2567.3513,855.47943,260.3291,2490.3298,787.1582,-111.794495,2488.9514,778.8542,64.41776,2328.988,1006.75714,-656.3113,2302.369,835.93274,651.6575,1925.1066,1082.7,-680.07574,1938.0298,856.1856,858.3308,1548.1376,1107.0333,-551.058,1652.122,901.18713,725.752,1431.7653,1132.9967,-615.3301,1564.2336,903.92816,726.4193,1414.8519,1116.1877,-610.24994,1547.3053,912.5288,655.65375,1457.8484,1105.5985,-531.5439,1587.5387,915.6244,686.84973,1617.9156,758.2357,-448.83325,1669.6827,639.355,448.62485,1195.5668,323.88342,-385.89832,1389.741,453.96017,627.50714,771.98376,15.656752,-160.76163,1233.9542,840.60406,1161.6398,708.9445,21.304878,-145.03108,1240.2279,955.97845,1221.7273,625.35834,-226.4301,-373.03183,1178.9293,804.4952,1240.5248
IMG_5902 copy 6.JPG,2539.0027,768.5785,-43.65379,2577.8877,795.6346,-125.741936,2578.8325,804.4812,-125.721886,2580.7585,814.03534,-125.83165,2577.585,788.9723,12.265301,2577.7764,792.0673,12.40122,2578.7761,795.28015,12.227302,2566.4421,889.1108,-345.26724,2567.3513,855.47943,260.3291,2490.3298,787.1582,-111.794495,2488.9514,778.8542,64.41776,2328.988,1006.75714,-656.3113,2302.369,835.93274,651.6575,1925.1066,1082.7,-680.07574,1938.0298,856.1856,858.3308,1548.1376,1107.0333,-551.058,1652.122,901.18713,725.752,1431.7653,1132.9967,-615.3301,1564.2336,903.92816,726.4193,1414.8519,1116.1877,-610.24994,1547.3053,912.5288,655.65375,1457.8484,1105.5985,-531.5439,1587.5387,915.6244,686.84973,1617.9156,758.2357,-448.83325,1669.6827,639.355,448.62485,1195.5668,323.88342,-385.89832,1389.741,453.96017,627.50714,771.98376,15.656752,-160.76163,1233.9542,840.60406,1161.6398,708.9445,21.304878,-145.03108,1240.2279,955.97845,1221.7273,625.35834,-226.4301,-373.03183,1178.9293,804.4952,1240.5248
IMG_5902 copy 7.JPG,2539.0027,768.5785,-43.65379,2577.8877,795.6346,-125.741936,2578.8325,804.4812,-125.721886,2580.7585,814.03534,-125.83165,2577.585,788.9723,12.265301,2577.7764,792.0673,12.40122,2578.7761,795.28015,12.227302,2566.4421,889.1108,-345.26724,2567.3513,855.47943,260.3291,2490.3298,787.1582,-111.794495,2488.9514,778.8542,64.41776,2328.988,1006.75714,-656.3113,2302.369,835.93274,651.6575,1925.1066,1082.7,-680.07574,1938.0298,856.1856,858.3308,1548.1376,1107.0333,-551.058,1652.122,901.18713,725.752,1431.7653,1132.9967,-615.3301,1564.2336,903.92816,726.4193,1414.8519,1116.1877,-610.24994,1547.3053,912.5288,655.65375,1457.8484,1105.5985,-531.5439,1587.5387,915.6244,686.84973,1617.9156,758.2357,-448.83325,1669.6827,639.355,448.62485,1195.5668,323.88342,-385.89832,1389.741,453.96017,627.50714,771.98376,15.656752,-160.76163,1233.9542,840.60406,1161.6398,708.9445,21.304878,-145.03108,1240.2279,955.97845,1221.7273,625.35834,-226.4301,-373.03183,1178.9293,804.4952,1240.5248
IMG_5902 copy 8.JPG,2539.0027,768.5785,-43.65379,2577.8877,795.6346,-125.741936,2578.8325,804.4812,-125.721886,2580.7585,814.03534,-125.83165,2577.585,788.9723,12.265301,2577.7764,792.0673,12.40122,2578.7761,795.28015,12.227302,2566.4421,889.1108,-345.26724,2567.3513,855.47943,260.3291,2490.3298,787.1582,-111.794495,2488.9514,778.8542,64.41776,2328.988,1006.75714,-656.3113,2302.369,835.93274,651.6575,1925.1066,1082.7,-680.07574,1938.0298,856.1856,858.3308,1548.1376,1107.0333,-551.058,1652.122,901.18713,725.752,1431.7653,1132.9967,-615.3301,1564.2336,903.92816,726.4193,1414.8519,1116.1877,-610.24994,1547.3053,912.5288,655.65375,1457.8484,1105.5985,-531.5439,1587.5387,915.6244,686.84973,1617.9156,758.2357,-448.83325,1669.6827,639.355,448.62485,1195.5668,323.88342,-385.89832,1389.741,453.96017,627.50714,771.98376,15.656752,-160.76163,1233.9542,840.60406,1161.6398,708.9445,21.304878,-145.03108,1240.2279,955.97845,1221.7273,625.35834,-226.4301,-373.03183,1178.9293,804.4952,1240.5248
IMG_5902 copy 9.JPG,2539.0027,768.5785,-43.65379,2577.8877,795.6346,-125.741936,2578.8325,804.4812,-125.721886,2580.7585,814.03534,-125.83165,2577.585,788.9723,12.265301,2577.7764,792.0673,12.40122,2578.7761,795.28015,12.227302,2566.4421,889.1108,-345.26724,2567.3513,855.47943,260.3291,2490.3298,787.1582,-111.794495,2488.9514,778.8542,64.41776,2328.988,1006.75714,-656.3113,2302.369,835.93274,651.6575,1925.1066,1082.7,-680.07574,1938.0298,856.1856,858.3308,1548.1376,1107.0333,-551.058,1652.122,901.18713,725.752,1431.7653,1132.9967,-615.3301,1564.2336,903.92816,726.4193,1414.8519,1116.1877,-610.24994,1547.3053,912.5288,655.65375,1457.8484,1105.5985,-531.5439,1587.5387,915.6244,686.84973,1617.9156,758.2357,-448.83325,1669.6827,639.355,448.62485,1195.5668,323.88342,-385.89832,1389.741,453.96017,627.50714,771.98376,15.656752,-160.76163,1233.9542,840.60406,1161.6398,708.9445,21.304878,-145.03108,1240.2279,955.97845,1221.7273,625.35834,-226.4301,-373.03183,1178.9293,804.4952,1240.5248
IMG_5902 copy.JPG,2539.0027,768.5785,-43.65379,2577.8877,795.6346,-125.741936,2578.8325,804.4812,-125.721886,2580.7585,814.03534,-125.83165,2577.585,788.9723,12.265301,2577.7764,792.0673,12.40122,2578.7761,795.28015,12.227302,2566.4421,889.1108,-345.26724,2567.3513,855.47943,260.3291,2490.3298,787.1582,-111.794495,2488.9514,778.8542,64.41776,2328.988,1006.75714,-656.3113,2302.369,835.93274,651.6575,1925.1066,1082.7,-680.07574,1938.0298,856.1856,858.3308,1548.1376,1107.0333,-551.058,1652.122,901.18713,725.752,1431.7653,1132.9967,-615.3301,1564.2336,903.92816,726.4193,1414.8519,1116.1877,-610.24994,1547.3053,912.5288,655.65375,1457.8484,1105.5985,-531.5439,1587.5387,915.6244,686.84973,1617.9156,758.2357,-448.83325,1669.6827,639.355,448.62485,1195.5668,323.88342,-385.89832,1389.741,453.96017,627.50714,771.98376,15.656752,-160.76163,1233.9542,840.60406,1161.6398,708.9445,21.304878,-145.03108,1240.2279,955.97845,1221.7273,625.35834,-226.4301,-373.03183,1178.9293,804.4952,1240.5248
IMG_5902.JPG,2539.0027,768.5785,-43.65379,2577.8877,795.6346,-125.741936,2578.8325,804.4812,-125.721886,2580.7585,814.03534,-125.83165,2577.585,788.9723,12.265301,2577.7764,792.0673,12.40122,2578.7761,795.28015,12.227302,2566.4421,889.1108,-345.26724,2567.3513,855.47943,260.3291,2490.3298,787.1582,-111.794495,2488.9514,778.8542,64.41776,2328.988,1006.75714,-656.3113,2302.369,835.93274,651.6575,1925.1066,1082.7,-680.07574,1938.0298,856.1856,858.3308,1548.1376,1107.0333,-551.058,1652.122,901.18713,725.752,1431.7653,1132.9967,-615.3301,1564.2336,903.92816,726.4193,1414.8519,1116.1877,-610.24994,1547.3053,912.5288,655.65375,1457.8484,1105.5985,-531.5439,1587.5387,915.6244,686.84973,1617.9156,758.2357,-448.83325,1669.6827,639.355,448.62485,1195.5668,323.88342,-385.89832,1389.741,453.96017,627.50714,771.98376,15.656752,-160.76163,1233.9542,840.60406,1161.6398,708.9445,21.304878,-145.03108,1240.2279,955.97845,1221.7273,625.35834,-226.4301,-373.03183,1178.9293,804.4952,1240.5248
IMG_5903.JPG,2601.5894,802.2417,-667.2126,2653.1113,838.05475,-769.1001,2652.6782,845.27014,-769.2349,2652.6182,852.39777,-769.78625,2656.4082,831.5372,-623.9764,2658.2654,834.55493,-624.1249,2660.654,837.79663,-624.4549,2615.0295,925.03296,-1017.8318,2627.2322,903.14343,-371.03342,2548.2239,809.7041,-738.2243,2551.7302,801.0743,-549.86206,2298.1394,989.1663,-1167.7072,2338.5188,855.4953,59.3678,1851.86,1046.3732,-1038.1656,2001.9353,778.1275,377.4913,1490.9579,1016.53156,-727.353,1789.0614,789.3204,440.54135,1394.6559,1025.9563,-797.2397,1707.9738,772.3121,462.30017,1359.4623,996.0765,-809.6312,1731.3231,783.63776,398.37772,1430.5607,980.2654,-716.24457,1736.7368,792.9173,409.71625,1625.1984,685.6262,-387.2652,1690.0422,603.3182,387.8572,1302.118,216.90378,-414.82236,1324.7517,334.55725,925.96594,1001.603,-13.276403,77.35652,1213.4346,772.9121,1681.6205,975.6963,-5.1305027,117.5143,1205.1584,854.2908,1767.8666,931.38354,-295.6568,-110.72781,1036.026,778.6766,1719.8646
IMG_5907.JPG,2208.5005,966.19586,-1353.704,2231.7708,1007.5041,-1433.606,2226.2603,1016.99066,-1433.6172,2220.329,1027.6825,-1434.2794,2244.7034,995.11414,-1350.4316,2248.4666,996.04553,-1350.6294,2252.4275,997.179,-1350.6396,2172.1326,1100.8383,-1480.9885,2214.0857,1057.9998,-1108.8499,2142.3335,969.8984,-1336.4739,2160.7156,957.2965,-1229.6051,1828.1536,1114.5681,-1294.8801,2111.3792,981.25714,-697.535,1492.8275,1121.5972,-907.6315,1780.6185,1003.3567,14.030104,1239.9749,1102.1414,-400.2201,1520.8591,935.5187,529.36285,1161.9575,1132.902,-411.96295,1465.481,921.8212,600.36084,1161.163,1098.5881,-464.6925,1447.5098,915.384,523.7005,1195.698,1083.6754,-403.42267,1457.8829,927.0125,518.2497,1405.8328,771.9175,-217.83621,1548.5583,792.93256,218.21187,1272.4617,395.83286,297.77423,1369.4901,589.5424,1026.617,1091.3989,191.7219,1062.5972,1161.4927,625.42786,1855.3768,1051.1566,192.65805,1145.8083,1099.6174,635.2202,1948.0059,1098.6246,-3.9353423,1110.1318,1145.7891,514.42065,2003.9688
IMG_5908.JPG,2062.064,1112.7498,-1530.5319,2081.9094,1174.15,-1596.6648,2063.995,1189.7098,-1596.6011,2046.7715,1207.4884,-1597.4255,2134.9197,1143.747,-1549.7665,2151.5046,1138.7712,-1549.7069,2166.4758,1135.4896,-1549.6313,1981.8513,1309.4117,-1564.7302,2142.4521,1178.5944,-1348.5365,1982.4418,1115.0044,-1480.3635,2026.3318,1077.7134,-1416.3203,1615.414,1284.8804,-1242.9073,2012.72,1088.417,-918.8244,1278.2655,1295.5292,-721.13135,1795.6351,898.9485,-113.712875,1086.2618,1239.5996,-324.18387,1644.0557,815.00757,492.6049,987.95984,1265.4471,-312.04614,1609.5282,789.1833,587.13293,991.4899,1224.0712,-401.12616,1613.7509,789.1666,532.7775,1037.9957,1215.5319,-347.12027,1609.7458,806.5248,492.45706,1267.9718,879.317,-117.89292,1496.6826,790.4375,118.85464,1130.0403,360.78784,-6.3764462,1349.4591,456.3048,306.89447,985.1106,136.78033,735.3308,1142.01,253.08092,1021.67163,925.46985,127.55352,807.5349,1093.6871,246.86583,1098.8547,972.9345,-107.87994,728.4649,1087.7594,97.71877,1103.4926
IMG_5910.JPG,1143.0824,1103.323,-2253.7097,1069.7649,1167.3062,-2229.693,1059.7852,1168.4984,-2229.3716,1050.2865,1170.6761,-2229.595,1107.0999,1186.709,-2379.2332,1127.4791,1202.9991,-2379.8613,1187.3469,1259.6338,-2379.778,1103.7258,1241.4944,-1787.3944,1279.5117,1345.309,-2477.98,1202.0922,1066.761,-2047.759,1251.2037,1095.5894,-2245.9717,1243.4325,1130.656,-1117.3258,1702.663,1342.38,-2105.6926,1484.5029,937.3954,-38.7411,2143.618,1350.5452,-1105.0701,1650.3655,717.9156,735.3583,2419.5007,1237.575,219.85437,1688.2399,646.43164,936.1016,2530.2983,1262.984,400.43002,1688.9823,644.21497,843.09973,2520.0845,1223.3665,321.10892,1698.932,679.4485,720.94257,2474.8643,1204.4252,228.54424,1873.3616,593.59424,252.63487,2200.8098,774.66974,-251.65504,2136.6199,128.98041,882.7746,2448.9578,327.18427,60.125446,2206.1108,-3.5437024,1954.9384,2397.5735,639.29254,1597.9724,2221.5835,16.879705,2071.6025,2353.0278,707.2104,1789.1638,2323.6475,-165.1816,2254.1934,2463.9573,511.42972,2110.276
IMG_5912.JPG,508.9042,1191.4332,536.5022,452.64453,1252.1301,613.9996,453.88858,1261.1067,613.5255,455.28433,1270.4794,613.38885,448.4153,1258.051,452.8246,446.31638,1271.0896,452.67737,444.4346,1285.3025,452.0741,490.6877,1342.7576,923.2999,478.47708,1371.3639,167.95448,575.32745,1211.511,663.13446,571.62445,1216.6593,440.97644,860.7243,1274.256,1360.6724,702.5356,1496.2456,-452.42627,1340.6216,1344.2974,1499.1638,1156.3993,1641.3544,-1140.7917,1795.8967,1317.3672,1361.6654,1674.3936,1686.2732,-1674.594,1945.1927,1320.6006,1399.2329,1841.0903,1756.6246,-1899.7716,1955.0107,1328.0287,1255.6475,1858.0657,1708.437,-1825.5942,1895.8805,1332.7188,1292.3708,1816.4729,1660.3866,-1654.915,1671.7886,1032.258,607.2784,1668.5624,1196.6102,-608.02405,2239.968,482.59818,654.8843,2402.3994,766.33386,-989.84955,2820.2278,119.31503,1052.5664,2492.5818,1445.9135,-45.62446,3004.6443,161.69637,1067.4347,2437.3633,1596.4109,73.511604,2917.222,-242.8769,889.20575,2866.1558,1449.6086,120.4037
IMG_5935 copy 10.JPG,2422.7043,820.011,867.0679,2487.0635,845.77106,842.06195,2491.392,855.0208,841.8946,2496.2346,865.30475,841.7297,2481.819,840.52313,976.6886,2482.007,844.4728,977.08136,2482.411,848.92847,977.2407,2497.9846,939.5023,759.056,2479.2976,907.1314,1340.0573,2383.1934,849.2968,827.4293,2381.1804,842.8308,997.75653,2343.07,1082.9501,419.12885,2166.6882,991.30304,1418.1682,2024.6848,1285.7755,25.020008,1752.8634,1117.4695,1396.9578,1687.195,1385.5415,-596.63385,1444.4209,1199.441,1180.1858,1581.0156,1490.3376,-731.07196,1325.1624,1229.054,1132.8916,1560.745,1448.9814,-733.4053,1327.6824,1241.3752,1067.7788,1591.5845,1394.0894,-601.3615,1370.7885,1232.8425,1141.3624,1708.81,1057.3988,-302.31833,1588.1067,1003.9455,302.3354,1097.4615,615.62445,-496.3229,1062.0803,690.35767,212.9296,464.022,181.64133,-902.3156,948.1741,1330.8672,-90.276436,328.5988,157.29787,-936.91,960.92725,1462.1046,-114.49677,331.17734,-31.301582,-1231.7155,613.4999,1353.5886,-265.8587
IMG_5935 copy 11.JPG,2422.7043,820.011,867.0679,2487.0635,845.77106,842.06195,2491.392,855.0208,841.8946,2496.2346,865.30475,841.7297,2481.819,840.52313,976.6886,2482.007,844.4728,977.08136,2482.411,848.92847,977.2407,2497.9846,939.5023,759.056,2479.2976,907.1314,1340.0573,2383.1934,849.2968,827.4293,2381.1804,842.8308,997.75653,2343.07,1082.9501,419.12885,2166.6882,991.30304,1418.1682,2024.6848,1285.7755,25.020008,1752.8634,1117.4695,1396.9578,1687.195,1385.5415,-596.63385,1444.4209,1199.441,1180.1858,1581.0156,1490.3376,-731.07196,1325.1624,1229.054,1132.8916,1560.745,1448.9814,-733.4053,1327.6824,1241.3752,1067.7788,1591.5845,1394.0894,-601.3615,1370.7885,1232.8425,1141.3624,1708.81,1057.3988,-302.31833,1588.1067,1003.9455,302.3354,1097.4615,615.62445,-496.3229,1062.0803,690.35767,212.9296,464.022,181.64133,-902.3156,948.1741,1330.8672,-90.276436,328.5988,157.29787,-936.91,960.92725,1462.1046,-114.49677,331.17734,-31.301582,-1231.7155,613.4999,1353.5886,-265.8587
IMG_5935 copy 12.JPG,2422.7043,820.011,867.0679,2487.0635,845.77106,842.06195,2491.392,855.0208,841.8946,2496.2346,865.30475,841.7297,2481.819,840.52313,976.6886,2482.007,844.4728,977.08136,2482.411,848.92847,977.2407,2497.9846,939.5023,759.056,2479.2976,907.1314,1340.0573,2383.1934,849.2968,827.4293,2381.1804,842.8308,997.75653,2343.07,1082.9501,419.12885,2166.6882,991.30304,1418.1682,2024.6848,1285.7755,25.020008,1752.8634,1117.4695,1396.9578,1687.195,1385.5415,-596.63385,1444.4209,1199.441,1180.1858,1581.0156,1490.3376,-731.07196,1325.1624,1229.054,1132.8916,1560.745,1448.9814,-733.4053,1327.6824,1241.3752,1067.7788,1591.5845,1394.0894,-601.3615,1370.7885,1232.8425,1141.3624,1708.81,1057.3988,-302.31833,1588.1067,1003.9455,302.3354,1097.4615,615.62445,-496.3229,1062.0803,690.35767,212.9296,464.022,181.64133,-902.3156,948.1741,1330.8672,-90.276436,328.5988,157.29787,-936.91,960.92725,1462.1046,-114.49677,331.17734,-31.301582,-1231.7155,613.4999,1353.5886,-265.8587
IMG_5935 copy 13.JPG,2422.7043,820.011,867.0679,2487.0635,845.77106,842.06195,2491.392,855.0208,841.8946,2496.2346,865.30475,841.7297,2481.819,840.52313,976.6886,2482.007,844.4728,977.08136,2482.411,848.92847,977.2407,2497.9846,939.5023,759.056,2479.2976,907.1314,1340.0573,2383.1934,849.2968,827.4293,2381.1804,842.8308,997.75653,2343.07,1082.9501,419.12885,2166.6882,991.30304,1418.1682,2024.6848,1285.7755,25.020008,1752.8634,1117.4695,1396.9578,1687.195,1385.5415,-596.63385,1444.4209,1199.441,1180.1858,1581.0156,1490.3376,-731.07196,1325.1624,1229.054,1132.8916,1560.745,1448.9814,-733.4053,1327.6824,1241.3752,1067.7788,1591.5845,1394.0894,-601.3615,1370.7885,1232.8425,1141.3624,1708.81,1057.3988,-302.31833,1588.1067,1003.9455,302.3354,1097.4615,615.62445,-496.3229,1062.0803,690.35767,212.9296,464.022,181.64133,-902.3156,948.1741,1330.8672,-90.276436,328.5988,157.29787,-936.91,960.92725,1462.1046,-114.49677,331.17734,-31.301582,-1231.7155,613.4999,1353.5886,-265.8587
IMG_5935 copy 14.JPG,2422.7043,820.011,867.0679,2487.0635,845.77106,842.06195,2491.392,855.0208,841.8946,2496.2346,865.30475,841.7297,2481.819,840.52313,976.6886,2482.007,844.4728,977.08136,2482.411,848.92847,977.2407,2497.9846,939.5023,759.056,2479.2976,907.1314,1340.0573,2383.1934,849.2968,827.4293,2381.1804,842.8308,997.75653,2343.07,1082.9501,419.12885,2166.6882,991.30304,1418.1682,2024.6848,1285.7755,25.020008,1752.8634,1117.4695,1396.9578,1687.195,1385.5415,-596.63385,1444.4209,1199.441,1180.1858,1581.0156,1490.3376,-731.07196,1325.1624,1229.054,1132.8916,1560.745,1448.9814,-733.4053,1327.6824,1241.3752,1067.7788,1591.5845,1394.0894,-601.3615,1370.7885,1232.8425,1141.3624,1708.81,1057.3988,-302.31833,1588.1067,1003.9455,302.3354,1097.4615,615.62445,-496.3229,1062.0803,690.35767,212.9296,464.022,181.64133,-902.3156,948.1741,1330.8672,-90.276436,328.5988,157.29787,-936.91,960.92725,1462.1046,-114.49677,331.17734,-31.301582,-1231.7155,613.4999,1353.5886,-265.8587
IMG_5935 copy 15.JPG,2422.7043,820.011,867.0679,2487.0635,845.77106,842.06195,2491.392,855.0208,841.8946,2496.2346,865.30475,841.7297,2481.819,840.52313,976.6886,2482.007,844.4728,977.08136,2482.411,848.92847,977.2407,2497.9846,939.5023,759.056,2479.2976,907.1314,1340.0573,2383.1934,849.2968,827.4293,2381.1804,842.8308,997.75653,2343.07,1082.9501,419.12885,2166.6882,991.30304,1418.1682,2024.6848,1285.7755,25.020008,1752.8634,1117.4695,1396.9578,1687.195,1385.5415,-596.63385,1444.4209,1199.441,1180.1858,1581.0156,1490.3376,-731.07196,1325.1624,1229.054,1132.8916,1560.745,1448.9814,-733.4053,1327.6824,1241.3752,1067.7788,1591.5845,1394.0894,-601.3615,1370.7885,1232.8425,1141.3624,1708.81,1057.3988,-302.31833,1588.1067,1003.9455,302.3354,1097.4615,615.62445,-496.3229,1062.0803,690.35767,212.9296,464.022,181.64133,-902.3156,948.1741,1330.8672,-90.276436,328.5988,157.29787,-936.91,960.92725,1462.1046,-114.49677,331.17734,-31.301582,-1231.7155,613.4999,1353.5886,-265.8587
IMG_5935 copy 16.JPG,2422.7043,820.011,867.0679,2487.0635,845.77106,842.06195,2491.392,855.0208,841.8946,2496.2346,865.30475,841.7297,2481.819,840.52313,976.6886,2482.007,844.4728,977.08136,2482.411,848.92847,977.2407,2497.9846,939.5023,759.056,2479.2976,907.1314,1340.0573,2383.1934,849.2968,827.4293,2381.1804,842.8308,997.75653,2343.07,1082.9501,419.12885,2166.6882,991.30304,1418.1682,2024.6848,1285.7755,25.020008,1752.8634,1117.4695,1396.9578,1687.195,1385.5415,-596.63385,1444.4209,1199.441,1180.1858,1581.0156,1490.3376,-731.07196,1325.1624,1229.054,1132.8916,1560.745,1448.9814,-733.4053,1327.6824,1241.3752,1067.7788,1591.5845,1394.0894,-601.3615,1370.7885,1232.8425,1141.3624,1708.81,1057.3988,-302.31833,1588.1067,1003.9455,302.3354,1097.4615,615.62445,-496.3229,1062.0803,690.35767,212.9296,464.022,181.64133,-902.3156,948.1741,1330.8672,-90.276436,328.5988,157.29787,-936.91,960.92725,1462.1046,-114.49677,331.17734,-31.301582,-1231.7155,613.4999,1353.5886,-265.8587
IMG_5935 copy 17.JPG,2422.7043,820.011,867.0679,2487.0635,845.77106,842.06195,2491.392,855.0208,841.8946,2496.2346,865.30475,841.7297,2481.819,840.52313,976.6886,2482.007,844.4728,977.08136,2482.411,848.92847,977.2407,2497.9846,939.5023,759.056,2479.2976,907.1314,1340.0573,2383.1934,849.2968,827.4293,2381.1804,842.8308,997.75653,2343.07,1082.9501,419.12885,2166.6882,991.30304,1418.1682,2024.6848,1285.7755,25.020008,1752.8634,1117.4695,1396.9578,1687.195,1385.5415,-596.63385,1444.4209,1199.441,1180.1858,1581.0156,1490.3376,-731.07196,1325.1624,1229.054,1132.8916,1560.745,1448.9814,-733.4053,1327.6824,1241.3752,1067.7788,1591.5845,1394.0894,-601.3615,1370.7885,1232.8425,1141.3624,1708.81,1057.3988,-302.31833,1588.1067,1003.9455,302.3354,1097.4615,615.62445,-496.3229,1062.0803,690.35767,212.9296,464.022,181.64133,-902.3156,948.1741,1330.8672,-90.276436,328.5988,157.29787,-936.91,960.92725,1462.1046,-114.49677,331.17734,-31.301582,-1231.7155,613.4999,1353.5886,-265.8587
IMG_5935 copy 18.JPG,2422.7043,820.011,867.0679,2487.0635,845.77106,842.06195,2491.392,855.0208,841.8946,2496.2346,865.30475,841.7297,2481.819,840.52313,976.6886,2482.007,844.4728,977.08136,2482.411,848.92847,977.2407,2497.9846,939.5023,759.056,2479.2976,907.1314,1340.0573,2383.1934,849.2968,827.4293,2381.1804,842.8308,997.75653,2343.07,1082.9501,419.12885,2166.6882,991.30304,1418.1682,2024.6848,1285.7755,25.020008,1752.8634,1117.4695,1396.9578,1687.195,1385.5415,-596.63385,1444.4209,1199.441,1180.1858,1581.0156,1490.3376,-731.07196,1325.1624,1229.054,1132.8916,1560.745,1448.9814,-733.4053,1327.6824,1241.3752,1067.7788,1591.5845,1394.0894,-601.3615,1370.7885,1232.8425,1141.3624,1708.81,1057.3988,-302.31833,1588.1067,1003.9455,302.3354,1097.4615,615.62445,-496.3229,1062.0803,690.35767,212.9296,464.022,181.64133,-902.3156,948.1741,1330.8672,-90.276436,328.5988,157.29787,-936.91,960.92725,1462.1046,-114.49677,331.17734,-31.301582,-1231.7155,613.4999,1353.5886,-265.8587
IMG_5935 copy 19.JPG,2422.7043,820.011,867.0679,2487.0635,845.77106,842.06195,2491.392,855.0208,841.8946,2496.2346,865.30475,841.7297,2481.819,840.52313,976.6886,2482.007,844.4728,977.08136,2482.411,848.92847,977.2407,2497.9846,939.5023,759.056,2479.2976,907.1314,1340.0573,2383.1934,849.2968,827.4293,2381.1804,842.8308,997.75653,2343.07,1082.9501,419.12885,2166.6882,991.30304,1418.1682,2024.6848,1285.7755,25.020008,1752.8634,1117.4695,1396.9578,1687.195,1385.5415,-596.63385,1444.4209,1199.441,1180.1858,1581.0156,1490.3376,-731.07196,1325.1624,1229.054,1132.8916,1560.745,1448.9814,-733.4053,1327.6824,1241.3752,1067.7788,1591.5845,1394.0894,-601.3615,1370.7885,1232.8425,1141.3624,1708.81,1057.3988,-302.31833,1588.1067,1003.9455,302.3354,1097.4615,615.62445,-496.3229,1062.0803,690.35767,212.9296,464.022,181.64133,-902.3156,948.1741,1330.8672,-90.276436,328.5988,157.29787,-936.91,960.92725,1462.1046,-114.49677,331.17734,-31.301582,-1231.7155,613.4999,1353.5886,-265.8587
IMG_5935 copy 2.JPG,2422.7043,820.011,867.0679,2487.0635,845.77106,842.06195,2491.392,855.0208,841.8946,2496.2346,865.30475,841.7297,2481.819,840.52313,976.6886,2482.007,844.4728,977.08136,2482.411,848.92847,977.2407,2497.9846,939.5023,759.056,2479.2976,907.1314,1340.0573,2383.1934,849.2968,827.4293,2381.1804,842.8308,997.75653,2343.07,1082.9501,419.12885,2166.6882,991.30304,1418.1682,2024.6848,1285.7755,25.020008,1752.8634,1117.4695,1396.9578,1687.195,1385.5415,-596.63385,1444.4209,1199.441,1180.1858,1581.0156,1490.3376,-731.07196,1325.1624,1229.054,1132.8916,1560.745,1448.9814,-733.4053,1327.6824,1241.3752,1067.7788,1591.5845,1394.0894,-601.3615,1370.7885,1232.8425,1141.3624,1708.81,1057.3988,-302.31833,1588.1067,1003.9455,302.3354,1097.4615,615.62445,-496.3229,1062.0803,690.35767,212.9296,464.022,181.64133,-902.3156,948.1741,1330.8672,-90.276436,328.5988,157.29787,-936.91,960.92725,1462.1046,-114.49677,331.17734,-31.301582,-1231.7155,613.4999,1353.5886,-265.8587
IMG_5935 copy 3.JPG,2422.7043,820.011,867.0679,2487.0635,845.77106,842.06195,2491.392,855.0208,841.8946,2496.2346,865.30475,841.7297,2481.819,840.52313,976.6886,2482.007,844.4728,977.08136,2482.411,848.92847,977.2407,2497.9846,939.5023,759.056,2479.2976,907.1314,1340.0573,2383.1934,849.2968,827.4293,2381.1804,842.8308,997.75653,2343.07,1082.9501,419.12885,2166.6882,991.30304,1418.1682,2024.6848,1285.7755,25.020008,1752.8634,1117.4695,1396.9578,1687.195,1385.5415,-596.63385,1444.4209,1199.441,1180.1858,1581.0156,1490.3376,-731.07196,1325.1624,1229.054,1132.8916,1560.745,1448.9814,-733.4053,1327.6824,1241.3752,1067.7788,1591.5845,1394.0894,-601.3615,1370.7885,1232.8425,1141.3624,1708.81,1057.3988,-302.31833,1588.1067,1003.9455,302.3354,1097.4615,615.62445,-496.3229,1062.0803,690.35767,212.9296,464.022,181.64133,-902.3156,948.1741,1330.8672,-90.276436,328.5988,157.29787,-936.91,960.92725,1462.1046,-114.49677,331.17734,-31.301582,-1231.7155,613.4999,1353.5886,-265.8587
IMG_5935 copy 4.JPG,2422.7043,820.011,867.0679,2487.0635,845.77106,842.06195,2491.392,855.0208,841.8946,2496.2346,865.30475,841.7297,2481.819,840.52313,976.6886,2482.007,844.4728,977.08136,2482.411,848.92847,977.2407,2497.9846,939.5023,759.056,2479.2976,907.1314,1340.0573,2383.1934,849.2968,827.4293,2381.1804,842.8308,997.75653,2343.07,1082.9501,419.12885,2166.6882,991.30304,1418.1682,2024.6848,1285.7755,25.020008,1752.8634,1117.4695,1396.9578,1687.195,1385.5415,-596.63385,1444.4209,1199.441,1180.1858,1581.0156,1490.3376,-731.07196,1325.1624,1229.054,1132.8916,1560.745,1448.9814,-733.4053,1327.6824,1241.3752,1067.7788,1591.5845,1394.0894,-601.3615,1370.7885,1232.8425,1141.3624,1708.81,1057.3988,-302.31833,1588.1067,1003.9455,302.3354,1097.4615,615.62445,-496.3229,1062.0803,690.35767,212.9296,464.022,181.64133,-902.3156,948.1741,1330.8672,-90.276436,328.5988,157.29787,-936.91,960.92725,1462.1046,-114.49677,331.17734,-31.301582,-1231.7155,613.4999,1353.5886,-265.8587
IMG_5935 copy 5.JPG,2422.7043,820.011,867.0679,2487.0635,845.77106,842.06195,2491.392,855.0208,841.8946,2496.2346,865.30475,841.7297,2481.819,840.52313,976.6886,2482.007,844.4728,977.08136,2482.411,848.92847,977.2407,2497.9846,939.5023,759.056,2479.2976,907.1314,1340.0573,2383.1934,849.2968,827.4293,2381.1804,842.8308,997.75653,2343.07,1082.9501,419.12885,2166.6882,991.30304,1418.1682,2024.6848,1285.7755,25.020008,1752.8634,1117.4695,1396.9578,1687.195,1385.5415,-596.63385,1444.4209,1199.441,1180.1858,1581.0156,1490.3376,-731.07196,1325.1624,1229.054,1132.8916,1560.745,1448.9814,-733.4053,1327.6824,1241.3752,1067.7788,1591.5845,1394.0894,-601.3615,1370.7885,1232.8425,1141.3624,1708.81,1057.3988,-302.31833,1588.1067,1003.9455,302.3354,1097.4615,615.62445,-496.3229,1062.0803,690.35767,212.9296,464.022,181.64133,-902.3156,948.1741,1330.8672,-90.276436,328.5988,157.29787,-936.91,960.92725,1462.1046,-114.49677,331.17734,-31.301582,-1231.7155,613.4999,1353.5886,-265.8587
IMG_5935 copy 6.JPG,2422.7043,820.011,867.0679,2487.0635,845.77106,842.06195,2491.392,855.0208,841.8946,2496.2346,865.30475,841.7297,2481.819,840.52313,976.6886,2482.007,844.4728,977.08136,2482.411,848.92847,977.2407,2497.9846,939.5023,759.056,2479.2976,907.1314,1340.0573,2383.1934,849.2968,827.4293,2381.1804,842.8308,997.75653,2343.07,1082.9501,419.12885,2166.6882,991.30304,1418.1682,2024.6848,1285.7755,25.020008,1752.8634,1117.4695,1396.9578,1687.195,1385.5415,-596.63385,1444.4209,1199.441,1180.1858,1581.0156,1490.3376,-731.07196,1325.1624,1229.054,1132.8916,1560.745,1448.9814,-733.4053,1327.6824,1241.3752,1067.7788,1591.5845,1394.0894,-601.3615,1370.7885,1232.8425,1141.3624,1708.81,1057.3988,-302.31833,1588.1067,1003.9455,302.3354,1097.4615,615.62445,-496.3229,1062.0803,690.35767,212.9296,464.022,181.64133,-902.3156,948.1741,1330.8672,-90.276436,328.5988,157.29787,-936.91,960.92725,1462.1046,-114.49677,331.17734,-31.301582,-1231.7155,613.4999,1353.5886,-265.8587
IMG_5935 copy 7.JPG,2422.7043,820.011,867.0679,2487.0635,845.77106,842.06195,2491.392,855.0208,841.8946,2496.2346,865.30475,841.7297,2481.819,840.52313,976.6886,2482.007,844.4728,977.08136,2482.411,848.92847,977.2407,2497.9846,939.5023,759.056,2479.2976,907.1314,1340.0573,2383.1934,849.2968,827.4293,2381.1804,842.8308,997.75653,2343.07,1082.9501,419.12885,2166.6882,991.30304,1418.1682,2024.6848,1285.7755,25.020008,1752.8634,1117.4695,1396.9578,1687.195,1385.5415,-596.63385,1444.4209,1199.441,1180.1858,1581.0156,1490.3376,-731.07196,1325.1624,1229.054,1132.8916,1560.745,1448.9814,-733.4053,1327.6824,1241.3752,1067.7788,1591.5845,1394.0894,-601.3615,1370.7885,1232.8425,1141.3624,1708.81,1057.3988,-302.31833,1588.1067,1003.9455,302.3354,1097.4615,615.62445,-496.3229,1062.0803,690.35767,212.9296,464.022,181.64133,-902.3156,948.1741,1330.8672,-90.276436,328.5988,157.29787,-936.91,960.92725,1462.1046,-114.49677,331.17734,-31.301582,-1231.7155,613.4999,1353.5886,-265.8587
IMG_5935 copy 8.JPG,2422.7043,820.011,867.0679,2487.0635,845.77106,842.06195,2491.392,855.0208,841.8946,2496.2346,865.30475,841.7297,2481.819,840.52313,976.6886,2482.007,844.4728,977.08136,2482.411,848.92847,977.2407,2497.9846,939.5023,759.056,2479.2976,907.1314,1340.0573,2383.1934,849.2968,827.4293,2381.1804,842.8308,997.75653,2343.07,1082.9501,419.12885,2166.6882,991.30304,1418.1682,2024.6848,1285.7755,25.020008,1752.8634,1117.4695,1396.9578,1687.195,1385.5415,-596.63385,1444.4209,1199.441,1180.1858,1581.0156,1490.3376,-731.07196,1325.1624,1229.054,1132.8916,1560.745,1448.9814,-733.4053,1327.6824,1241.3752,1067.7788,1591.5845,1394.0894,-601.3615,1370.7885,1232.8425,1141.3624,1708.81,1057.3988,-302.31833,1588.1067,1003.9455,302.3354,1097.4615,615.62445,-496.3229,1062.0803,690.35767,212.9296,464.022,181.64133,-902.3156,948.1741,1330.8672,-90.276436,328.5988,157.29787,-936.91,960.92725,1462.1046,-114.49677,331.17734,-31.301582,-1231.7155,613.4999,1353.5886,-265.8587
IMG_5935 copy 9.JPG,2422.7043,820.011,867.0679,2487.0635,845.77106,842.06195,2491.392,855.0208,841.8946,2496.2346,865.30475,841.7297,2481.819,840.52313,976.6886,2482.007,844.4728,977.08136,2482.411,848.92847,977.2407,2497.9846,939.5023,759.056,2479.2976,907.1314,1340.0573,2383.1934,849.2968,827.4293,2381.1804,842.8308,997.75653,2343.07,1082.9501,419.12885,2166.6882,991.30304,1418.1682,2024.6848,1285.7755,25.020008,1752.8634,1117.4695,1396.9578,1687.195,1385.5415,-596.63385,1444.4209,1199.441,1180.1858,1581.0156,1490.3376,-731.07196,1325.1624,1229.054,1132.8916,1560.745,1448.9814,-733.4053,1327.6824,1241.3752,1067.7788,1591.5845,1394.0894,-601.3615,1370.7885,1232.8425,1141.3624,1708.81,1057.3988,-302.31833,1588.1067,1003.9455,302.3354,1097.4615,615.62445,-496.3229,1062.0803,690.35767,212.9296,464.022,181.64133,-902.3156,948.1741,1330.8672,-90.276436,328.5988,157.29787,-936.91,960.92725,1462.1046,-114.49677,331.17734,-31.301582,-1231.7155,613.4999,1353.5886,-265.8587
IMG_5935 copy.JPG,2422.7043,820.011,867.0679,2487.0635,845.77106,842.06195,2491.392,855.0208,841.8946,2496.2346,865.30475,841.7297,2481.819,840.52313,976.6886,2482.007,844.4728,977.08136,2482.411,848.92847,977.2407,2497.9846,939.5023,759.056,2479.2976,907.1314,1340.0573,2383.1934,849.2968,827.4293,2381.1804,842.8308,997.75653,2343.07,1082.9501,419.12885,2166.6882,991.30304,1418.1682,2024.6848,1285.7755,25.020008,1752.8634,1117.4695,1396.9578,1687.195,1385.5415,-596.63385,1444.4209,1199.441,1180.1858,1581.0156,1490.3376,-731.07196,1325.1624,1229.054,1132.8916,1560.745,1448.9814,-733.4053,1327.6824,1241.3752,1067.7788,1591.5845,1394.0894,-601.3615,1370.7885,1232.8425,1141.3624,1708.81,1057.3988,-302.31833,1588.1067,1003.9455,302.3354,1097.4615,615.62445,-496.3229,1062.0803,690.35767,212.9296,464.022,181.64133,-902.3156,948.1741,1330.8672,-90.276436,328.5988,157.29787,-936.91,960.92725,1462.1046,-114.49677,331.17734,-31.301582,-1231.7155,613.4999,1353.5886,-265.8587
IMG_5935.JPG,2422.7043,820.011,867.0679,2487.0635,845.77106,842.06195,2491.392,855.0208,841.8946,2496.2346,865.30475,841.7297,2481.819,840.52313,976.6886,2482.007,844.4728,977.08136,2482.411,848.92847,977.2407,2497.9846,939.5023,759.056,2479.2976,907.1314,1340.0573,2383.1934,849.2968,827.4293,2381.1804,842.8308,997.75653,2343.07,1082.9501,419.12885,2166.6882,991.30304,1418.1682,2024.6848,1285.7755,25.020008,1752.8634,1117.4695,1396.9578,1687.195,1385.5415,-596.63385,1444.4209,1199.441,1180.1858,1581.0156,1490.3376,-731.07196,1325.1624,1229.054,1132.8916,1560.745,1448.9814,-733.4053,1327.6824,1241.3752,1067.7788,1591.5845,1394.0894,-601.3615,1370.7885,1232.8425,1141.3624,1708.81,1057.3988,-302.31833,1588.1067,1003.9455,302.3354,1097.4615,615.62445,-496.3229,1062.0803,690.35767,212.9296,464.022,181.64133,-902.3156,948.1741,1330.8672,-90.276436,328.5988,157.29787,-936.91,960.92725,1462.1046,-114.49677,331.17734,-31.301582,-1231.7155,613.4999,1353.5886,-265.8587
IMG_5936.JPG,2296.6729,746.1708,636.72955,2351.6277,776.4803,566.5285,2353.7244,784.0228,566.74976,2356.524,792.8586,566.77606,2350.042,771.6246,734.0158,2350.579,774.9604,734.16064,2351.4656,779.07635,733.79846,2344.2622,866.18286,323.97058,2340.0374,840.9012,1047.317,2250.5752,769.1079,554.34436,2246.864,760.6116,766.58417,2117.0522,1017.6742,-208.49568,2009.2777,847.03357,1439.9469,1694.4773,1186.2734,-496.06787,1590.5671,880.67035,1543.6788,1262.297,1277.0801,-768.0362,1207.1786,987.96454,1336.8761,1125.196,1355.7365,-942.9964,1105.3839,988.5934,1320.5986,1109.1843,1300.1624,-926.31244,1107.9644,1008.9256,1235.1525,1149.0079,1268.8074,-757.3267,1144.4954,1009.63745,1283.4991,1367.7246,927.8718,-526.92426,1333.7836,787.28436,526.88696,845.83746,404.49268,-661.8357,806.69916,380.58975,272.58792,285.38058,-0.03794253,-408.05856,674.5384,1010.98395,875.4361,193.51012,8.33821,-388.12204,713.20795,1161.5667,942.1314,95.70187,-181.49806,-699.10913,346.5929,1062.5157,836.90497
IMG_5937 copy 10.JPG,2573.9543,987.69403,-72.48941,2627.8054,1022.11694,-151.04156,2630.6877,1032.8362,-151.15263,2633.5857,1044.0093,-151.06918,2627.1443,1014.4102,-9.3545,2629.3447,1019.03564,-9.283304,2632.1484,1024.2632,-9.456875,2617.0303,1130.1394,-351.69064,2614.1965,1096.7069,258.8745,2523.8064,1013.9386,-138.24808,2520.7102,1003.3201,41.264862,2337.7788,1299.4354,-639.90344,2249.9958,1114.4012,640.12726,1893.2423,1502.9811,-785.62036,1830.2571,1164.5167,889.2627,1454.1719,1590.741,-890.19366,1530.2963,1189.2986,679.8136,1316.8278,1671.0482,-981.00836,1427.2928,1191.9227,648.05286,1279.3165,1619.0011,-1006.3725,1428.1744,1208.4314,549.5401,1342.9952,1573.2573,-888.15735,1459.0067,1211.9349,623.3238,1532.0883,1266.9678,-395.47113,1523.937,1105.1555,395.98212,986.4494,784.222,-534.33374,1057.1079,773.467,200.4542,351.84787,355.67184,-632.43604,956.49066,1367.6053,279.96075,224.01562,354.78046,-653.81683,958.18384,1502.6268,292.10062,441.4693,20.438335,-1020.7638,625.0933,1384.5098,204.50587
IMG_5937 copy 11.JPG,2573.9543,987.69403,-72.48941,2627.8054,1022.11694,-151.04156,2630.6877,1032.8362,-151.15263,2633.5857,1044.0093,-151.06918,2627.1443,1014.4102,-9.3545,2629.3447,1019.03564,-9.283304,2632.1484,1024.2632,-9.456875,2617.0303,1130.1394,-351.69064,2614.1965,1096.7069,258.8745,2523.8064,1013.9386,-138.24808,2520.7102,1003.3201,41.264862,2337.7788,1299.4354,-639.90344,2249.9958,1114.4012,640.12726,1893.2423,1502.9811,-785.62036,1830.2571,1164.5167,889.2627,1454.1719,1590.741,-890.19366,1530.2963,1189.2986,679.8136,1316.8278,1671.0482,-981.00836,1427.2928,1191.9227,648.05286,1279.3165,1619.0011,-1006.3725,1428.1744,1208.4314,549.5401,1342.9952,1573.2573,-888.15735,1459.0067,1211.9349,623.3238,1532.0883,1266.9678,-395.47113,1523.937,1105.1555,395.98212,986.4494,784.222,-534.33374,1057.1079,773.467,200.4542,351.84787,355.67184,-632.43604,956.49066,1367.6053,279.96075,224.01562,354.78046,-653.81683,958.18384,1502.6268,292.10062,441.4693,20.438335,-1020.7638,625.0933,1384.5098,204.50587
IMG_5937 copy 12.JPG,2573.9543,987.69403,-72.48941,2627.8054,1022.11694,-151.04156,2630.6877,1032.8362,-151.15263,2633.5857,1044.0093,-151.06918,2627.1443,1014.4102,-9.3545,2629.3447,1019.03564,-9.283304,2632.1484,1024.2632,-9.456875,2617.0303,1130.1394,-351.69064,2614.1965,1096.7069,258.8745,2523.8064,1013.9386,-138.24808,2520.7102,1003.3201,41.264862,2337.7788,1299.4354,-639.90344,2249.9958,1114.4012,640.12726,1893.2423,1502.9811,-785.62036,1830.2571,1164.5167,889.2627,1454.1719,1590.741,-890.19366,1530.2963,1189.2986,679.8136,1316.8278,1671.0482,-981.00836,1427.2928,1191.9227,648.05286,1279.3165,1619.0011,-1006.3725,1428.1744,1208.4314,549.5401,1342.9952,1573.2573,-888.15735,1459.0067,1211.9349,623.3238,1532.0883,1266.9678,-395.47113,1523.937,1105.1555,395.98212,986.4494,784.222,-534.33374,1057.1079,773.467,200.4542,351.84787,355.67184,-632.43604,956.49066,1367.6053,279.96075,224.01562,354.78046,-653.81683,958.18384,1502.6268,292.10062,441.4693,20.438335,-1020.7638,625.0933,1384.5098,204.50587
IMG_5937 copy 13.JPG,2573.9543,987.69403,-72.48941,2627.8054,1022.11694,-151.04156,2630.6877,1032.8362,-151.15263,2633.5857,1044.0093,-151.06918,2627.1443,1014.4102,-9.3545,2629.3447,1019.03564,-9.283304,2632.1484,1024.2632,-9.456875,2617.0303,1130.1394,-351.69064,2614.1965,1096.7069,258.8745,2523.8064,1013.9386,-138.24808,2520.7102,1003.3201,41.264862,2337.7788,1299.4354,-639.90344,2249.9958,1114.4012,640.12726,1893.2423,1502.9811,-785.62036,1830.2571,1164.5167,889.2627,1454.1719,1590.741,-890.19366,1530.2963,1189.2986,679.8136,1316.8278,1671.0482,-981.00836,1427.2928,1191.9227,648.05286,1279.3165,1619.0011,-1006.3725,1428.1744,1208.4314,549.5401,1342.9952,1573.2573,-888.15735,1459.0067,1211.9349,623.3238,1532.0883,1266.9678,-395.47113,1523.937,1105.1555,395.98212,986.4494,784.222,-534.33374,1057.1079,773.467,200.4542,351.84787,355.67184,-632.43604,956.49066,1367.6053,279.96075,224.01562,354.78046,-653.81683,958.18384,1502.6268,292.10062,441.4693,20.438335,-1020.7638,625.0933,1384.5098,204.50587
IMG_5937 copy 14.JPG,2573.9543,987.69403,-72.48941,2627.8054,1022.11694,-151.04156,2630.6877,1032.8362,-151.15263,2633.5857,1044.0093,-151.06918,2627.1443,1014.4102,-9.3545,2629.3447,1019.03564,-9.283304,2632.1484,1024.2632,-9.456875,2617.0303,1130.1394,-351.69064,2614.1965,1096.7069,258.8745,2523.8064,1013.9386,-138.24808,2520.7102,1003.3201,41.264862,2337.7788,1299.4354,-639.90344,2249.9958,1114.4012,640.12726,1893.2423,1502.9811,-785.62036,1830.2571,1164.5167,889.2627,1454.1719,1590.741,-890.19366,1530.2963,1189.2986,679.8136,1316.8278,1671.0482,-981.00836,1427.2928,1191.9227,648.05286,1279.3165,1619.0011,-1006.3725,1428.1744,1208.4314,549.5401,1342.9952,1573.2573,-888.15735,1459.0067,1211.9349,623.3238,1532.0883,1266.9678,-395.47113,1523.937,1105.1555,395.98212,986.4494,784.222,-534.33374,1057.1079,773.467,200.4542,351.84787,355.67184,-632.43604,956.49066,1367.6053,279.96075,224.01562,354.78046,-653.81683,958.18384,1502.6268,292.10062,441.4693,20.438335,-1020.7638,625.0933,1384.5098,204.50587
IMG_5937 copy 15.JPG,2573.9543,987.69403,-72.48941,2627.8054,1022.11694,-151.04156,2630.6877,1032.8362,-151.15263,2633.5857,1044.0093,-151.06918,2627.1443,1014.4102,-9.3545,2629.3447,1019.03564,-9.283304,2632.1484,1024.2632,-9.456875,2617.0303,1130.1394,-351.69064,2614.1965,1096.7069,258.8745,2523.8064,1013.9386,-138.24808,2520.7102,1003.3201,41.264862,2337.7788,1299.4354,-639.90344,2249.9958,1114.4012,640.12726,1893.2423,1502.9811,-785.62036,1830.2571,1164.5167,889.2627,1454.1719,1590.741,-890.19366,1530.2963,1189.2986,679.8136,1316.8278,1671.0482,-981.00836,1427.2928,1191.9227,648.05286,1279.3165,1619.0011,-1006.3725,1428.1744,1208.4314,549.5401,1342.9952,1573.2573,-888.15735,1459.0067,1211.9349,623.3238,1532.0883,1266.9678,-395.47113,1523.937,1105.1555,395.98212,986.4494,784.222,-534.33374,1057.1079,773.467,200.4542,351.84787,355.67184,-632.43604,956.49066,1367.6053,279.96075,224.01562,354.78046,-653.81683,958.18384,1502.6268,292.10062,441.4693,20.438335,-1020.7638,625.0933,1384.5098,204.50587
IMG_5937 copy 16.JPG,2573.9543,987.69403,-72.48941,2627.8054,1022.11694,-151.04156,2630.6877,1032.8362,-151.15263,2633.5857,1044.0093,-151.06918,2627.1443,1014.4102,-9.3545,2629.3447,1019.03564,-9.283304,2632.1484,1024.2632,-9.456875,2617.0303,1130.1394,-351.69064,2614.1965,1096.7069,258.8745,2523.8064,1013.9386,-138.24808,2520.7102,1003.3201,41.264862,2337.7788,1299.4354,-639.90344,2249.9958,1114.4012,640.12726,1893.2423,1502.9811,-785.62036,1830.2571,1164.5167,889.2627,1454.1719,1590.741,-890.19366,1530.2963,1189.2986,679.8136,1316.8278,1671.0482,-981.00836,1427.2928,1191.9227,648.05286,1279.3165,1619.0011,-1006.3725,1428.1744,1208.4314,549.5401,1342.9952,1573.2573,-888.15735,1459.0067,1211.9349,623.3238,1532.0883,1266.9678,-395.47113,1523.937,1105.1555,395.98212,986.4494,784.222,-534.33374,1057.1079,773.467,200.4542,351.84787,355.67184,-632.43604,956.49066,1367.6053,279.96075,224.01562,354.78046,-653.81683,958.18384,1502.6268,292.10062,441.4693,20.438335,-1020.7638,625.0933,1384.5098,204.50587
IMG_5937 copy 17.JPG,2573.9543,987.69403,-72.48941,2627.8054,1022.11694,-151.04156,2630.6877,1032.8362,-151.15263,2633.5857,1044.0093,-151.06918,2627.1443,1014.4102,-9.3545,2629.3447,1019.03564,-9.283304,2632.1484,1024.2632,-9.456875,2617.0303,1130.1394,-351.69064,2614.1965,1096.7069,258.8745,2523.8064,1013.9386,-138.24808,2520.7102,1003.3201,41.264862,2337.7788,1299.4354,-639.90344,2249.9958,1114.4012,640.12726,1893.2423,1502.9811,-785.62036,1830.2571,1164.5167,889.2627,1454.1719,1590.741,-890.19366,1530.2963,1189.2986,679.8136,1316.8278,1671.0482,-981.00836,1427.2928,1191.9227,648.05286,1279.3165,1619.0011,-1006.3725,1428.1744,1208.4314,549.5401,1342.9952,1573.2573,-888.15735,1459.0067,1211.9349,623.3238,1532.0883,1266.9678,-395.47113,1523.937,1105.1555,395.98212,986.4494,784.222,-534.33374,1057.1079,773.467,200.4542,351.84787,355.67184,-632.43604,956.49066,1367.6053,279.96075,224.01562,354.78046,-653.81683,958.18384,1502.6268,292.10062,441.4693,20.438335,-1020.7638,625.0933,1384.5098,204.50587
IMG_5937 copy 2.JPG,2573.9543,987.69403,-72.48941,2627.8054,1022.11694,-151.04156,2630.6877,1032.8362,-151.15263,2633.5857,1044.0093,-151.06918,2627.1443,1014.4102,-9.3545,2629.3447,1019.03564,-9.283304,2632.1484,1024.2632,-9.456875,2617.0303,1130.1394,-351.69064,2614.1965,1096.7069,258.8745,2523.8064,1013.9386,-138.24808,2520.7102,1003.3201,41.264862,2337.7788,1299.4354,-639.90344,2249.9958,1114.4012,640.12726,1893.2423,1502.9811,-785.62036,1830.2571,1164.5167,889.2627,1454.1719,1590.741,-890.19366,1530.2963,1189.2986,679.8136,1316.8278,1671.0482,-981.00836,1427.2928,1191.9227,648.05286,1279.3165,1619.0011,-1006.3725,1428.1744,1208.4314,549.5401,1342.9952,1573.2573,-888.15735,1459.0067,1211.9349,623.3238,1532.0883,1266.9678,-395.47113,1523.937,1105.1555,395.98212,986.4494,784.222,-534.33374,1057.1079,773.467,200.4542,351.84787,355.67184,-632.43604,956.49066,1367.6053,279.96075,224.01562,354.78046,-653.81683,958.18384,1502.6268,292.10062,441.4693,20.438335,-1020.7638,625.0933,1384.5098,204.50587
IMG_5937 copy 3.JPG,2573.9543,987.69403,-72.48941,2627.8054,1022.11694,-151.04156,2630.6877,1032.8362,-151.15263,2633.5857,1044.0093,-151.06918,2627.1443,1014.4102,-9.3545,2629.3447,1019.03564,-9.283304,2632.1484,1024.2632,-9.456875,2617.0303,1130.1394,-351.69064,2614.1965,1096.7069,258.8745,2523.8064,1013.9386,-138.24808,2520.7102,1003.3201,41.264862,2337.7788,1299.4354,-639.90344,2249.9958,1114.4012,640.12726,1893.2423,1502.9811,-785.62036,1830.2571,1164.5167,889.2627,1454.1719,1590.741,-890.19366,1530.2963,1189.2986,679.8136,1316.8278,1671.0482,-981.00836,1427.2928,1191.9227,648.05286,1279.3165,1619.0011,-1006.3725,1428.1744,1208.4314,549.5401,1342.9952,1573.2573,-888.15735,1459.0067,1211.9349,623.3238,1532.0883,1266.9678,-395.47113,1523.937,1105.1555,395.98212,986.4494,784.222,-534.33374,1057.1079,773.467,200.4542,351.84787,355.67184,-632.43604,956.49066,1367.6053,279.96075,224.01562,354.78046,-653.81683,958.18384,1502.6268,292.10062,441.4693,20.438335,-1020.7638,625.0933,1384.5098,204.50587
IMG_5937 copy 4.JPG,2573.9543,987.69403,-72.48941,2627.8054,1022.11694,-151.04156,2630.6877,1032.8362,-151.15263,2633.5857,1044.0093,-151.06918,2627.1443,1014.4102,-9.3545,2629.3447,1019.03564,-9.283304,2632.1484,1024.2632,-9.456875,2617.0303,1130.1394,-351.69064,2614.1965,1096.7069,258.8745,2523.8064,1013.9386,-138.24808,2520.7102,1003.3201,41.264862,2337.7788,1299.4354,-639.90344,2249.9958,1114.4012,640.12726,1893.2423,1502.9811,-785.62036,1830.2571,1164.5167,889.2627,1454.1719,1590.741,-890.19366,1530.2963,1189.2986,679.8136,1316.8278,1671.0482,-981.00836,1427.2928,1191.9227,648.05286,1279.3165,1619.0011,-1006.3725,1428.1744,1208.4314,549.5401,1342.9952,1573.2573,-888.15735,1459.0067,1211.9349,623.3238,1532.0883,1266.9678,-395.47113,1523.937,1105.1555,395.98212,986.4494,784.222,-534.33374,1057.1079,773.467,200.4542,351.84787,355.67184,-632.43604,956.49066,1367.6053,279.96075,224.01562,354.78046,-653.81683,958.18384,1502.6268,292.10062,441.4693,20.438335,-1020.7638,625.0933,1384.5098,204.50587
IMG_5937 copy 5.JPG,2573.9543,987.69403,-72.48941,2627.8054,1022.11694,-151.04156,2630.6877,1032.8362,-151.15263,2633.5857,1044.0093,-151.06918,2627.1443,1014.4102,-9.3545,2629.3447,1019.03564,-9.283304,2632.1484,1024.2632,-9.456875,2617.0303,1130.1394,-351.69064,2614.1965,1096.7069,258.8745,2523.8064,1013.9386,-138.24808,2520.7102,1003.3201,41.264862,2337.7788,1299.4354,-639.90344,2249.9958,1114.4012,640.12726,1893.2423,1502.9811,-785.62036,1830.2571,1164.5167,889.2627,1454.1719,1590.741,-890.19366,1530.2963,1189.2986,679.8136,1316.8278,1671.0482,-981.00836,1427.2928,1191.9227,648.05286,1279.3165,1619.0011,-1006.3725,1428.1744,1208.4314,549.5401,1342.9952,1573.2573,-888.15735,1459.0067,1211.9349,623.3238,1532.0883,1266.9678,-395.47113,1523.937,1105.1555,395.98212,986.4494,784.222,-534.33374,1057.1079,773.467,200.4542,351.84787,355.67184,-632.43604,956.49066,1367.6053,279.96075,224.01562,354.78046,-653.81683,958.18384,1502.6268,292.10062,441.4693,20.438335,-1020.7638,625.0933,1384.5098,204.50587
IMG_5937 copy 6.JPG,2573.9543,987.69403,-72.48941,2627.8054,1022.11694,-151.04156,2630.6877,1032.8362,-151.15263,2633.5857,1044.0093,-151.06918,2627.1443,1014.4102,-9.3545,2629.3447,1019.03564,-9.283304,2632.1484,1024.2632,-9.456875,2617.0303,1130.1394,-351.69064,2614.1965,1096.7069,258.8745,2523.8064,1013.9386,-138.24808,2520.7102,1003.3201,41.264862,2337.7788,1299.4354,-639.90344,2249.9958,1114.4012,640.12726,1893.2423,1502.9811,-785.62036,1830.2571,1164.5167,889.2627,1454.1719,1590.741,-890.19366,1530.2963,1189.2986,679.8136,1316.8278,1671.0482,-981.00836,1427.2928,1191.9227,648.05286,1279.3165,1619.0011,-1006.3725,1428.1744,1208.4314,549.5401,1342.9952,1573.2573,-888.15735,1459.0067,1211.9349,623.3238,1532.0883,1266.9678,-395.47113,1523.937,1105.1555,395.98212,986.4494,784.222,-534.33374,1057.1079,773.467,200.4542,351.84787,355.67184,-632.43604,956.49066,1367.6053,279.96075,224.01562,354.78046,-653.81683,958.18384,1502.6268,292.10062,441.4693,20.438335,-1020.7638,625.0933,1384.5098,204.50587
IMG_5937 copy 7.JPG,2573.9543,987.69403,-72.48941,2627.8054,1022.11694,-151.04156,2630.6877,1032.8362,-151.15263,2633.5857,1044.0093,-151.06918,2627.1443,1014.4102,-9.3545,2629.3447,1019.03564,-9.283304,2632.1484,1024.2632,-9.456875,2617.0303,1130.1394,-351.69064,2614.1965,1096.7069,258.8745,2523.8064,1013.9386,-138.24808,2520.7102,1003.3201,41.264862,2337.7788,1299.4354,-639.90344,2249.9958,1114.4012,640.12726,1893.2423,1502.9811,-785.62036,1830.2571,1164.5167,889.2627,1454.1719,1590.741,-890.19366,1530.2963,1189.2986,679.8136,1316.8278,1671.0482,-981.00836,1427.2928,1191.9227,648.05286,1279.3165,1619.0011,-1006.3725,1428.1744,1208.4314,549.5401,1342.9952,1573.2573,-888.15735,1459.0067,1211.9349,623.3238,1532.0883,1266.9678,-395.47113,1523.937,1105.1555,395.98212,986.4494,784.222,-534.33374,1057.1079,773.467,200.4542,351.84787,355.67184,-632.43604,956.49066,1367.6053,279.96075,224.01562,354.78046,-653.81683,958.18384,1502.6268,292.10062,441.4693,20.438335,-1020.7638,625.0933,1384.5098,204.50587
IMG_5937 copy 8.JPG,2573.9543,987.69403,-72.48941,2627.8054,1022.11694,-151.04156,2630.6877,1032.8362,-151.15263,2633.5857,1044.0093,-151.06918,2627.1443,1014.4102,-9.3545,2629.3447,1019.03564,-9.283304,2632.1484,1024.2632,-9.456875,2617.0303,1130.1394,-351.69064,2614.1965,1096.7069,258.8745,2523.8064,1013.9386,-138.24808,2520.7102,1003.3201,41.264862,2337.7788,1299.4354,-639.90344,2249.9958,1114.4012,640.12726,1893.2423,1502.9811,-785.62036,1830.2571,1164.5167,889.2627,1454.1719,1590.741,-890.19366,1530.2963,1189.2986,679.8136,1316.8278,1671.0482,-981.00836,1427.2928,1191.9227,648.05286,1279.3165,1619.0011,-1006.3725,1428.1744,1208.4314,549.5401,1342.9952,1573.2573,-888.15735,1459.0067,1211.9349,623.3238,1532.0883,1266.9678,-395.47113,1523.937,1105.1555,395.98212,986.4494,784.222,-534.33374,1057.1079,773.467,200.4542,351.84787,355.67184,-632.43604,956.49066,1367.6053,279.96075,224.01562,354.78046,-653.81683,958.18384,1502.6268,292.10062,441.4693,20.438335,-1020.7638,625.0933,1384.5098,204.50587
IMG_5937 copy 9.JPG,2573.9543,987.69403,-72.48941,2627.8054,1022.11694,-151.04156,2630.6877,1032.8362,-151.15263,2633.5857,1044.0093,-151.06918,2627.1443,1014.4102,-9.3545,2629.3447,1019.03564,-9.283304,2632.1484,1024.2632,-9.456875,2617.0303,1130.1394,-351.69064,2614.1965,1096.7069,258.8745,2523.8064,1013.9386,-138.24808,2520.7102,1003.3201,41.264862,2337.7788,1299.4354,-639.90344,2249.9958,1114.4012,640.12726,1893.2423,1502.9811,-785.62036,1830.2571,1164.5167,889.2627,1454.1719,1590.741,-890.19366,1530.2963,1189.2986,679.8136,1316.8278,1671.0482,-981.00836,1427.2928,1191.9227,648.05286,1279.3165,1619.0011,-1006.3725,1428.1744,1208.4314,549.5401,1342.9952,1573.2573,-888.15735,1459.0067,1211.9349,623.3238,1532.0883,1266.9678,-395.47113,1523.937,1105.1555,395.98212,986.4494,784.222,-534.33374,1057.1079,773.467,200.4542,351.84787,355.67184,-632.43604,956.49066,1367.6053,279.96075,224.01562,354.78046,-653.81683,958.18384,1502.6268,292.10062,441.4693,20.438335,-1020.7638,625.0933,1384.5098,204.50587
IMG_5937 copy.JPG,2573.9543,987.69403,-72.48941,2627.8054,1022.11694,-151.04156,2630.6877,1032.8362,-151.15263,2633.5857,1044.0093,-151.06918,2627.1443,1014.4102,-9.3545,2629.3447,1019.03564,-9.283304,2632.1484,1024.2632,-9.456875,2617.0303,1130.1394,-351.69064,2614.1965,1096.7069,258.8745,2523.8064,1013.9386,-138.24808,2520.7102,1003.3201,41.264862,2337.7788,1299.4354,-639.90344,2249.9958,1114.4012,640.12726,1893.2423,1502.9811,-785.62036,1830.2571,1164.5167,889.2627,1454.1719,1590.741,-890.19366,1530.2963,1189.2986,679.8136,1316.8278,1671.0482,-981.00836,1427.2928,1191.9227,648.05286,1279.3165,1619.0011,-1006.3725,1428.1744,1208.4314,549.5401,1342.9952,1573.2573,-888.15735,1459.0067,1211.9349,623.3238,1532.0883,1266.9678,-395.47113,1523.937,1105.1555,395.98212,986.4494,784.222,-534.33374,1057.1079,773.467,200.4542,351.84787,355.67184,-632.43604,956.49066,1367.6053,279.96075,224.01562,354.78046,-653.81683,958.18384,1502.6268,292.10062,441.4693,20.438335,-1020.7638,625.0933,1384.5098,204.50587
IMG_5937.JPG,2573.9543,987.69403,-72.48941,2627.8054,1022.11694,-151.04156,2630.6877,1032.8362,-151.15263,2633.5857,1044.0093,-151.06918,2627.1443,1014.4102,-9.3545,2629.3447,1019.03564,-9.283304,2632.1484,1024.2632,-9.456875,2617.0303,1130.1394,-351.69064,2614.1965,1096.7069,258.8745,2523.8064,1013.9386,-138.24808,2520.7102,1003.3201,41.264862,2337.7788,1299.4354,-639.90344,2249.9958,1114.4012,640.12726,1893.2423,1502.9811,-785.62036,1830.2571,1164.5167,889.2627,1454.1719,1590.741,-890.19366,1530.2963,1189.2986,679.8136,1316.8278,1671.0482,-981.00836,1427.2928,1191.9227,648.05286,1279.3165,1619.0011,-1006.3725,1428.1744,1208.4314,549.5401,1342.9952,1573.2573,-888.15735,1459.0067,1211.9349,623.3238,1532.0883,1266.9678,-395.47113,1523.937,1105.1555,395.98212,986.4494,784.222,-534.33374,1057.1079,773.467,200.4542,351.84787,355.67184,-632.43604,956.49066,1367.6053,279.96075,224.01562,354.78046,-653.81683,958.18384,1502.6268,292.10062,441.4693,20.438335,-1020.7638,625.0933,1384.5098,204.50587
IMG_5938.JPG,2523.589,928.803,-1149.2045,2584.5073,972.1045,-1260.8156,2582.8289,984.08356,-1260.4471,2581.4429,997.703,-1260.5033,2590.147,960.48914,-1134.3828,2592.322,964.4045,-1134.7369,2594.9094,969.11523,-1134.9484,2549.0967,1110.8601,-1464.7113,2568.9165,1065.1127,-909.8296,2453.5874,958.3289,-1191.4028,2457.794,943.5997,-1028.4657,2070.4558,1259.3448,-1292.7312,2285.7844,1031.3688,-517.25684,1489.9358,1388.745,-1037.0947,1825.4054,1000.31,215.04153,1038.7222,1406.4213,-905.0875,1559.1125,994.196,737.5865,906.08716,1476.3536,-935.35236,1425.1058,999.3628,782.015,888.4621,1437.2806,-1026.6842,1438.0651,989.98285,707.34265,939.0622,1409.854,-925.79224,1460.1733,1000.8858,719.9068,1317.143,930.0468,-275.1598,1461.7234,846.3308,275.78006,820.23566,448.6774,-161.0162,973.52246,607.3264,1065.3699,301.3026,56.518673,27.571344,900.32465,1071.2218,1904.7402,224.47604,76.591805,25.629154,924.27814,1159.9625,1997.4999,132.0132,-213.4806,-324.5981,694.95264,1049.498,2056.883
IMG_5941.JPG,1852.1881,1289.7268,-2338.391,1816.4645,1346.4705,-2377.5361,1796.6066,1355.3619,-2376.8833,1776.8827,1366.0889,-2377.0696,1895.9882,1332.6238,-2383.6653,1922.0559,1334.9253,-2383.906,1942.1694,1338.7908,-2383.6262,1730.4023,1430.8894,-2052.3208,2005.1936,1385.1426,-2072.2678,1810.2925,1271.925,-2160.8955,1883.0768,1259.4324,-2167.2175,1601.8921,1433.9839,-1310.759,2122.4734,1340.4634,-1497.3289,1462.8303,1509.6136,-562.8594,2242.5437,1319.5806,-771.50934,1532.5608,1349.7577,140.99516,2220.8176,1243.526,-49.747562,1538.0707,1312.0116,276.85425,2245.3306,1252.1212,35.735153,1564.5458,1303.8444,256.507,2209.237,1235.3707,-4.2795005,1587.4733,1310.6818,159.55298,2167.5537,1249.0435,-37.76323,1662.0099,971.58203,-5.5951343,1899.6589,936.4358,7.0422297,1632.3242,659.9373,115.87774,1859.4829,669.43933,832.96216,1566.6732,339.66888,682.8337,1858.7341,743.67975,2197.2979,1565.0381,305.23596,729.2723,1840.6721,768.5445,2337.8108,1563.6958,141.4271,388.98993,1818.6091,643.36743,2257.927
Screenshot_20230220_021754.png,355.0301,463.0768,-231.05371,362.40158,474.85687,-253.57164,360.6518,477.71396,-253.52744,358.818,480.89218,-253.57875,366.2071,471.38846,-226.21416,367.3298,471.30182,-226.23216,368.53882,471.24362,-226.235,347.43692,498.34344,-290.05298,360.82324,483.73557,-168.99312,341.55798,464.03473,-237.81664,345.87674,460.04666,-202.32263,264.0264,490.20346,-288.07474,329.53946,472.46356,-50.64298,176.15056,496.737,-221.9681,269.28555,453.73358,145.4788,115.17569,480.37793,-122.403336,219.23196,428.4869,268.24606,97.81347,481.0474,-128.191,206.09541,420.2016,295.81693,100.563,471.04727,-137.29013,203.76506,419.46063,272.46985,106.52801,470.2794,-122.51247,205.43121,422.86688,262.5133,158.10545,401.64035,-72.089645,194.74043,397.42038,72.4788,171.90178,270.8476,-87.104416,175.05272,279.19,32.630573,136.93224,151.52917,-73.89512,144.302,157.57198,48.03839,114.915115,136.70703,-74.63526,130.2438,144.06908,46.970966,162.64307,85.91483,-137.33606,176.56212,110.0329,2.4232996
Screenshot_20230220_021835.png,372.9633,355.6419,-251.46628,381.3695,365.07983,-272.63403,380.10294,367.8819,-272.5765,378.94162,370.8312,-272.6383,384.77246,361.33798,-253.45726,385.83508,361.45435,-253.49644,386.88025,361.73123,-253.54095,371.7078,390.17438,-297.75156,380.21188,379.17215,-211.47604,359.19952,361.03653,-252.86412,362.77405,356.6318,-227.86613,285.93408,403.35547,-249.92236,358.34805,371.89948,-128.67413,195.53528,399.7459,-169.95023,300.72992,352.27835,71.91442,119.7739,390.46588,-78.60632,258.91943,331.118,236.55621,93.13909,396.4993,-66.65264,245.83107,319.63858,263.99197,90.22933,391.04456,-89.10077,244.65688,320.6611,248.53061,98.55961,388.13013,-82.26882,246.22379,325.1951,235.27388,186.1401,318.52637,-42.896053,217.2789,294.16794,42.964943,113.49275,227.1879,-1.737279,153.18025,220.87816,116.0681,49.48712,162.29388,80.01503,147.53299,314.16443,302.86942,40.213882,163.32483,84.41489,151.40756,326.46292,323.92886,40.719063,109.480736,27.453562,103.44581,294.06522,345.74203
