3461.jpg,306.5125,367.02646,231.52933,299.20917,371.2639,250.46878,299.75522,372.10684,250.43384,300.2655,373.11148,250.46672,296.45892,372.65427,233.17499,295.09192,374.46475,233.16118,293.6393,376.6037,233.10237,301.98016,387.1657,306.7772,294.13428,393.9551,222.67673,315.7899,371.23218,249.37263,313.6141,372.39563,225.3338,368.2158,397.24982,281.30484,309.64813,422.4981,138.902,465.3268,411.59622,228.91977,368.20972,452.18185,-37.82218,554.3727,429.2608,174.68616,437.5524,471.2799,-200.87642,571.22186,435.4823,164.75737,454.3948,485.25064,-220.0512,572.98236,438.31058,155.97531,459.532,480.8472,-199.11174,567.5381,436.75662,168.33128,454.48032,473.7997,-193.43439,469.48215,341.0015,74.14982,426.98666,347.75357,-75.16851,594.4027,299.92313,6.6200876,420.55948,234.70656,-61.732464,648.41473,447.27615,-53.6436,473.6581,245.38406,-97.59719,639.7528,471.07108,-56.604008,487.56598,264.50793,-97.923454,692.60254,448.51263,-79.2914,541.93665,239.43346,-84.04669
67fdd17937f364001dc40f779f143a7e.jpg,644.12836,496.0208,69.39848,655.7808,503.20663,42.21523,656.1059,505.2945,42.14704,656.49567,507.52588,42.022194,655.9819,502.05798,87.13479,656.42755,503.31546,87.17985,656.9161,504.724,87.114075,653.8302,525.6389,-25.800034,653.4595,522.6927,179.07019,629.3042,502.65042,48.31066,629.34033,501.26096,107.38756,585.8724,545.81006,-143.20178,575.54694,526.26575,318.5597,482.0766,573.1039,-149.0997,479.70172,532.81116,349.5818,447.76184,479.24838,-3.6054847,443.10638,469.42178,214.17896,435.85892,457.66882,-23.35795,431.35553,449.20386,216.36238,450.66815,454.3583,-3.7424946,440.83282,446.20227,176.57098,454.45514,459.86438,12.380219,447.7667,451.26108,193.60211,377.46924,486.14783,-140.3064,385.4506,466.14062,140.00497,216.33228,385.4995,-205.574,303.24185,321.6109,124.74303,204.90247,534.46173,-40.906696,165.34085,255.5256,132.02351,214.70976,562.17523,-18.747229,133.13136,256.92764,128.794,137.18365,568.8382,13.198782,148.73155,185.9079,89.09333
Foot-Elevated-Single-Leg-Glute-Bridge.jpg,1189.6161,848.37177,-61.810905,1201.0994,856.0122,-86.18135,1201.5448,858.92505,-86.220024,1202.0411,862.2586,-86.20262,1200.3672,853.29755,-49.831734,1200.2577,853.87274,-49.78627,1200.1018,854.44055,-49.810528,1198.2048,883.3124,-132.7223,1196.4065,871.7994,32.896996,1175.999,855.3812,-73.06693,1175.7185,851.93396,-25.03983,1143.007,913.4735,-199.80916,1127.4977,872.99023,148.15497,1055.937,944.2596,-295.4155,1036.2391,874.4075,235.32451,965.7151,951.74506,-368.7177,957.78186,875.0974,196.64865,938.6716,968.54565,-401.83716,932.00165,872.5761,201.56882,935.6817,962.792,-395.78314,934.30286,876.0237,171.9019,943.7199,955.00604,-365.74725,941.6553,877.302,183.78918,949.46747,841.57465,-123.64713,960.99634,809.8542,123.56009,859.9293,728.2608,-147.71071,857.7606,723.9101,128.01477,748.3725,780.1153,-94.4185,759.8601,634.272,147.36624,737.4348,805.90216,-87.494934,725.83026,637.0494,145.76823,698.69653,735.6717,-125.246284,763.5911,567.0892,102.83346
Gail-single-leg-glute-bridge.jpg,1548.1785,2359.0305,342.32837,1463.7881,2387.416,452.3648,1465.1187,2393.1343,452.03802,1465.8938,2400.0977,452.37833,1459.1635,2404.318,176.11562,1456.2068,2420.909,175.7715,1452.3334,2442.1675,175.47649,1488.963,2535.095,958.5468,1472.6172,2582.9685,-287.45108,1641.0085,2398.9778,548.9159,1640.6217,2423.2175,191.26706,2025.0322,2587.4827,1499.0853,2001.7136,2763.943,-952.3711,2718.9622,2646.2307,1952.5671,2704.1367,2860.4648,-1412.1313,3243.347,2617.492,1682.5002,3358.0706,2915.6562,-1589.7229,3400.9175,2605.8833,1624.6847,3554.0305,2961.015,-1791.9652,3419.6377,2616.1616,1499.2614,3569.6897,2917.9995,-1819.1759,3357.256,2613.4592,1600.0956,3496.2695,2878.0703,-1589.8378,3196.1326,2138.5552,790.03107,3151.4927,2201.9976,-790.9934,4080.74,1527.6694,470.88455,2714.1077,1217.7086,-823.678,4274.055,2511.0435,1348.5419,3586.2356,684.41736,-63.049583,4194.5596,2701.0059,1477.7102,3821.3577,682.3535,40.832912,4696.864,2709.205,1374.8665,3518.6626,203.47913,-192.03677
Glute_Bridge_Reach_2400x.jpg,626.7442,1207.9001,148.30074,602.26306,1227.7394,177.74626,602.23773,1231.2952,177.65175,602.0472,1235.0455,177.78133,601.3829,1231.9037,91.041046,600.57104,1238.0884,90.92483,599.2185,1244.9844,90.84821,612.44586,1272.6373,329.4509,607.9367,1285.5951,-64.2352,656.73236,1219.8066,214.99693,655.1534,1225.696,101.19626,798.72504,1258.955,532.1004,752.393,1330.12,-279.28156,1028.3921,1295.4481,669.23535,987.2037,1365.0541,-475.28214,1206.9246,1279.3805,570.8031,1229.5696,1370.9199,-662.2662,1263.1013,1272.0957,567.9054,1292.8362,1372.9788,-761.0795,1266.1403,1279.3381,497.17737,1295.0818,1364.7941,-727.35,1246.8495,1278.7727,536.13574,1274.5303,1356.0562,-646.39215,1176.9281,1088.5679,262.92755,1151.2965,1095.2887,-262.57047,1491.6853,961.7276,229.18497,1113.3601,723.79315,-149.48637,1649.9342,1257.2228,481.46838,1181.4541,371.23804,26.194502,1631.8334,1319.2773,516.343,1221.758,331.9074,43.05511,1779.1844,1304.1232,448.78445,1034.9502,259.2967,-117.69971
How-to-do-a-single-leg-bridge-Complete-Pilates-scaled.jpg,1866.4098,1270.7136,36.202244,1889.1669,1284.663,-19.991827,1889.4911,1289.1072,-20.067995,1889.8789,1293.9417,-20.050098,1888.5676,1282.1625,68.76286,1888.6262,1284.6776,68.82265,1889.0529,1287.477,68.81454,1877.7874,1330.6617,-169.37216,1877.6501,1321.1771,234.05907,1845.2452,1280.461,-13.372058,1843.8674,1276.1084,103.6893,1756.1671,1355.6808,-445.68173,1716.1558,1291.3347,535.58496,1722.5995,1162.3804,-576.3107,1683.0759,1139.264,799.0997,1758.0251,975.77094,-387.78583,1715.2655,957.57117,751.07837,1762.561,922.45605,-447.06265,1716.9209,909.4249,786.1952,1783.1235,916.96027,-394.09375,1738.595,903.64734,705.027,1778.5089,938.34814,-359.97574,1735.5098,924.95166,712.912,1359.6804,1249.4421,-276.4368,1390.1295,1195.1953,275.89117,1088.2832,1071.9604,-450.6687,1469.738,919.298,311.93396,1069.1216,1365.053,34.22715,1195.0304,803.4147,602.02765,1096.0485,1402.3427,96.08069,1145.3903,834.45264,629.5755,932.953,1408.4144,128.39256,1091.8455,710.1547,632.0718
IMG_4838 copy 10.JPG,617.36646,1572.725,1294.1892,597.0585,1565.4866,1381.5713,599.6211,1565.3004,1381.7084,601.9279,1564.9695,1381.3973,583.69086,1571.5054,1301.3693,577.69965,1576.0669,1301.2372,571.72894,1581.2236,1300.9388,597.3189,1588.2966,1637.2388,565.4127,1612.9138,1281.8422,635.1821,1593.0605,1380.8958,622.4456,1602.229,1276.6483,761.18555,1676.6696,1528.649,566.6094,1737.6001,893.50616,1034.4913,1780.6545,1419.4963,681.3442,1909.7383,327.73404,1245.8662,1854.1154,1156.0367,830.67664,2063.335,-262.79724,1310.2363,1880.4774,1133.2339,857.1551,2138.7788,-345.2503,1310.9276,1889.3999,1116.6522,872.73254,2130.3079,-330.43652,1293.9087,1882.0806,1138.629,871.89246,2098.422,-264.4003,1052.5796,1730.2012,219.99132,940.28046,1732.9479,-221.71753,1406.9165,1629.0037,-366.43823,1179.7693,1596.8235,-919.58594,1419.3988,1984.9148,-425.61923,1582.3075,1477.7814,-1352.3522,1375.1244,2045.7705,-421.8159,1613.1036,1497.9708,-1391.0322,1563.6349,2111.207,-565.9646,1805.5039,1368.7819,-1712.1494
IMG_4838 copy 11.JPG,617.36646,1572.725,1294.1892,597.0585,1565.4866,1381.5713,599.6211,1565.3004,1381.7084,601.9279,1564.9695,1381.3973,583.69086,1571.5054,1301.3693,577.69965,1576.0669,1301.2372,571.72894,1581.2236,1300.9388,597.3189,1588.2966,1637.2388,565.4127,1612.9138,1281.8422,635.1821,1593.0605,1380.8958,622.4456,1602.229,1276.6483,761.18555,1676.6696,1528.649,566.6094,1737.6001,893.50616,1034.4913,1780.6545,1419.4963,681.3442,1909.7383,327.73404,1245.8662,1854.1154,1156.0367,830.67664,2063.335,-262.79724,1310.2363,1880.4774,1133.2339,857.1551,2138.7788,-345.2503,1310.9276,1889.3999,1116.6522,872.73254,2130.3079,-330.43652,1293.9087,1882.0806,1138.629,871.89246,2098.422,-264.4003,1052.5796,1730.2012,219.99132,940.28046,1732.9479,-221.71753,1406.9165,1629.0037,-366.43823,1179.7693,1596.8235,-919.58594,1419.3988,1984.9148,-425.61923,1582.3075,1477.7814,-1352.3522,1375.1244,2045.7705,-421.8159,1613.1036,1497.9708,-1391.0322,1563.6349,2111.207,-565.9646,1805.5039,1368.7819,-1712.1494
IMG_4838 copy 12.JPG,617.36646,1572.725,1294.1892,597.0585,1565.4866,1381.5713,599.6211,1565.3004,1381.7084,601.9279,1564.9695,1381.3973,583.69086,1571.5054,1301.3693,577.69965,1576.0669,1301.2372,571.72894,1581.2236,1300.9388,597.3189,1588.2966,1637.2388,565.4127,1612.9138,1281.8422,635.1821,1593.0605,1380.8958,622.4456,1602.229,1276.6483,761.18555,1676.6696,1528.649,566.6094,1737.6001,893.50616,1034.4913,1780.6545,1419.4963,681.3442,1909.7383,327.73404,1245.8662,1854.1154,1156.0367,830.67664,2063.335,-262.79724,1310.2363,1880.4774,1133.2339,857.1551,2138.7788,-345.2503,1310.9276,1889.3999,1116.6522,872.73254,2130.3079,-330.43652,1293.9087,1882.0806,1138.629,871.89246,2098.422,-264.4003,1052.5796,1730.2012,219.99132,940.28046,1732.9479,-221.71753,1406.9165,1629.0037,-366.43823,1179.7693,1596.8235,-919.58594,1419.3988,1984.9148,-425.61923,1582.3075,1477.7814,-1352.3522,1375.1244,2045.7705,-421.8159,1613.1036,1497.9708,-1391.0322,1563.6349,2111.207,-565.9646,1805.5039,1368.7819,-1712.1494
IMG_4838 copy 13.JPG,617.36646,1572.725,1294.1892,597.0585,1565.4866,1381.5713,599.6211,1565.3004,1381.7084,601.9279,1564.9695,1381.3973,583.69086,1571.5054,1301.3693,577.69965,1576.0669,1301.2372,571.72894,1581.2236,1300.9388,597.3189,1588.2966,1637.2388,565.4127,1612.9138,1281.8422,635.1821,1593.0605,1380.8958,622.4456,1602.229,1276.6483,761.18555,1676.6696,1528.649,566.6094,1737.6001,893.50616,1034.4913,1780.6545,1419.4963,681.3442,1909.7383,327.73404,1245.8662,1854.1154,1156.0367,830.67664,2063.335,-262.79724,1310.2363,1880.4774,1133.2339,857.1551,2138.7788,-345.2503,1310.9276,1889.3999,1116.6522,872.73254,2130.3079,-330.43652,1293.9087,1882.0806,1138.629,871.89246,2098.422,-264.4003,1052.5796,1730.2012,219.99132,940.28046,1732.9479,-221.71753,1406.9165,1629.0037,-366.43823,1179.7693,1596.8235,-919.58594,1419.3988,1984.9148,-425.61923,1582.3075,1477.7814,-1352.3522,1375.1244,2045.7705,-421.8159,1613.1036,1497.9708,-1391.0322,1563.6349,2111.207,-565.9646,1805.5039,1368.7819,-1712.1494
IMG_4838 copy 14.JPG,617.36646,1572.725,1294.1892,597.0585,1565.4866,1381.5713,599.6211,1565.3004,1381.7084,601.9279,1564.9695,1381.3973,583.69086,1571.5054,1301.3693,577.69965,1576.0669,1301.2372,571.72894,1581.2236,1300.9388,597.3189,1588.2966,1637.2388,565.4127,1612.9138,1281.8422,635.1821,1593.0605,1380.8958,622.4456,1602.229,1276.6483,761.18555,1676.6696,1528.649,566.6094,1737.6001,893.50616,1034.4913,1780.6545,1419.4963,681.3442,1909.7383,327.73404,1245.8662,1854.1154,1156.0367,830.67664,2063.335,-262.79724,1310.2363,1880.4774,1133.2339,857.1551,2138.7788,-345.2503,1310.9276,1889.3999,1116.6522,872.73254,2130.3079,-330.43652,1293.9087,1882.0806,1138.629,871.89246,2098.422,-264.4003,1052.5796,1730.2012,219.99132,940.28046,1732.9479,-221.71753,1406.9165,1629.0037,-366.43823,1179.7693,1596.8235,-919.58594,1419.3988,1984.9148,-425.61923,1582.3075,1477.7814,-1352.3522,1375.1244,2045.7705,-421.8159,1613.1036,1497.9708,-1391.0322,1563.6349,2111.207,-565.9646,1805.5039,1368.7819,-1712.1494
IMG_4838 copy 15.JPG,617.36646,1572.725,1294.1892,597.0585,1565.4866,1381.5713,599.6211,1565.3004,1381.7084,601.9279,1564.9695,1381.3973,583.69086,1571.5054,1301.3693,577.69965,1576.0669,1301.2372,571.72894,1581.2236,1300.9388,597.3189,1588.2966,1637.2388,565.4127,1612.9138,1281.8422,635.1821,1593.0605,1380.8958,622.4456,1602.229,1276.6483,761.18555,1676.6696,1528.649,566.6094,1737.6001,893.50616,1034.4913,1780.6545,1419.4963,681.3442,1909.7383,327.73404,1245.8662,1854.1154,1156.0367,830.67664,2063.335,-262.79724,1310.2363,1880.4774,1133.2339,857.1551,2138.7788,-345.2503,1310.9276,1889.3999,1116.6522,872.73254,2130.3079,-330.43652,1293.9087,1882.0806,1138.629,871.89246,2098.422,-264.4003,1052.5796,1730.2012,219.99132,940.28046,1732.9479,-221.71753,1406.9165,1629.0037,-366.43823,1179.7693,1596.8235,-919.58594,1419.3988,1984.9148,-425.61923,1582.3075,1477.7814,-1352.3522,1375.1244,2045.7705,-421.8159,1613.1036,1497.9708,-1391.0322,1563.6349,2111.207,-565.9646,1805.5039,1368.7819,-1712.1494
IMG_4838 copy 16.JPG,617.36646,1572.725,1294.1892,597.0585,1565.4866,1381.5713,599.6211,1565.3004,1381.7084,601.9279,1564.9695,1381.3973,583.69086,1571.5054,1301.3693,577.69965,1576.0669,1301.2372,571.72894,1581.2236,1300.9388,597.3189,1588.2966,1637.2388,565.4127,1612.9138,1281.8422,635.1821,1593.0605,1380.8958,622.4456,1602.229,1276.6483,761.18555,1676.6696,1528.649,566.6094,1737.6001,893.50616,1034.4913,1780.6545,1419.4963,681.3442,1909.7383,327.73404,1245.8662,1854.1154,1156.0367,830.67664,2063.335,-262.79724,1310.2363,1880.4774,1133.2339,857.1551,2138.7788,-345.2503,1310.9276,1889.3999,1116.6522,872.73254,2130.3079,-330.43652,1293.9087,1882.0806,1138.629,871.89246,2098.422,-264.4003,1052.5796,1730.2012,219.99132,940.28046,1732.9479,-221.71753,1406.9165,1629.0037,-366.43823,1179.7693,1596.8235,-919.58594,1419.3988,1984.9148,-425.61923,1582.3075,1477.7814,-1352.3522,1375.1244,2045.7705,-421.8159,1613.1036,1497.9708,-1391.0322,1563.6349,2111.207,-565.9646,1805.5039,1368.7819,-1712.1494
IMG_4838 copy 17.JPG,617.36646,1572.725,1294.1892,597.0585,1565.4866,1381.5713,599.6211,1565.3004,1381.7084,601.9279,1564.9695,1381.3973,583.69086,1571.5054,1301.3693,577.69965,1576.0669,1301.2372,571.72894,1581.2236,1300.9388,597.3189,1588.2966,1637.2388,565.4127,1612.9138,1281.8422,635.1821,1593.0605,1380.8958,622.4456,1602.229,1276.6483,761.18555,1676.6696,1528.649,566.6094,1737.6001,893.50616,1034.4913,1780.6545,1419.4963,681.3442,1909.7383,327.73404,1245.8662,1854.1154,1156.0367,830.67664,2063.335,-262.79724,1310.2363,1880.4774,1133.2339,857.1551,2138.7788,-345.2503,1310.9276,1889.3999,1116.6522,872.73254,2130.3079,-330.43652,1293.9087,1882.0806,1138.629,871.89246,2098.422,-264.4003,1052.5796,1730.2012,219.99132,940.28046,1732.9479,-221.71753,1406.9165,1629.0037,-366.43823,1179.7693,1596.8235,-919.58594,1419.3988,1984.9148,-425.61923,1582.3075,1477.7814,-1352.3522,1375.1244,2045.7705,-421.8159,1613.1036,1497.9708,-1391.0322,1563.6349,2111.207,-565.9646,1805.5039,1368.7819,-1712.1494
IMG_4838 copy 2.JPG,617.36646,1572.725,1294.1892,597.0585,1565.4866,1381.5713,599.6211,1565.3004,1381.7084,601.9279,1564.9695,1381.3973,583.69086,1571.5054,1301.3693,577.69965,1576.0669,1301.2372,571.72894,1581.2236,1300.9388,597.3189,1588.2966,1637.2388,565.4127,1612.9138,1281.8422,635.1821,1593.0605,1380.8958,622.4456,1602.229,1276.6483,761.18555,1676.6696,1528.649,566.6094,1737.6001,893.50616,1034.4913,1780.6545,1419.4963,681.3442,1909.7383,327.73404,1245.8662,1854.1154,1156.0367,830.67664,2063.335,-262.79724,1310.2363,1880.4774,1133.2339,857.1551,2138.7788,-345.2503,1310.9276,1889.3999,1116.6522,872.73254,2130.3079,-330.43652,1293.9087,1882.0806,1138.629,871.89246,2098.422,-264.4003,1052.5796,1730.2012,219.99132,940.28046,1732.9479,-221.71753,1406.9165,1629.0037,-366.43823,1179.7693,1596.8235,-919.58594,1419.3988,1984.9148,-425.61923,1582.3075,1477.7814,-1352.3522,1375.1244,2045.7705,-421.8159,1613.1036,1497.9708,-1391.0322,1563.6349,2111.207,-565.9646,1805.5039,1368.7819,-1712.1494
IMG_4838 copy 3.JPG,617.36646,1572.725,1294.1892,597.0585,1565.4866,1381.5713,599.6211,1565.3004,1381.7084,601.9279,1564.9695,1381.3973,583.69086,1571.5054,1301.3693,577.69965,1576.0669,1301.2372,571.72894,1581.2236,1300.9388,597.3189,1588.2966,1637.2388,565.4127,1612.9138,1281.8422,635.1821,1593.0605,1380.8958,622.4456,1602.229,1276.6483,761.18555,1676.6696,1528.649,566.6094,1737.6001,893.50616,1034.4913,1780.6545,1419.4963,681.3442,1909.7383,327.73404,1245.8662,1854.1154,1156.0367,830.67664,2063.335,-262.79724,1310.2363,1880.4774,1133.2339,857.1551,2138.7788,-345.2503,1310.9276,1889.3999,1116.6522,872.73254,2130.3079,-330.43652,1293.9087,1882.0806,1138.629,871.89246,2098.422,-264.4003,1052.5796,1730.2012,219.99132,940.28046,1732.9479,-221.71753,1406.9165,1629.0037,-366.43823,1179.7693,1596.8235,-919.58594,1419.3988,1984.9148,-425.61923,1582.3075,1477.7814,-1352.3522,1375.1244,2045.7705,-421.8159,1613.1036,1497.9708,-1391.0322,1563.6349,2111.207,-565.9646,1805.5039,1368.7819,-1712.1494
IMG_4838 copy 4.JPG,617.36646,1572.725,1294.1892,597.0585,1565.4866,1381.5713,599.6211,1565.3004,1381.7084,601.9279,1564.9695,1381.3973,583.69086,1571.5054,1301.3693,577.69965,1576.0669,1301.2372,571.72894,1581.2236,1300.9388,597.3189,1588.2966,1637.2388,565.4127,1612.9138,1281.8422,635.1821,1593.0605,1380.8958,622.4456,1602.229,1276.6483,761.18555,1676.6696,1528.649,566.6094,1737.6001,893.50616,1034.4913,1780.6545,1419.4963,681.3442,1909.7383,327.73404,1245.8662,1854.1154,1156.0367,830.67664,2063.335,-262.79724,1310.2363,1880.4774,1133.2339,857.1551,2138.7788,-345.2503,1310.9276,1889.3999,1116.6522,872.73254,2130.3079,-330.43652,1293.9087,1882.0806,1138.629,871.89246,2098.422,-264.4003,1052.5796,1730.2012,219.99132,940.28046,1732.9479,-221.71753,1406.9165,1629.0037,-366.43823,1179.7693,1596.8235,-919.58594,1419.3988,1984.9148,-425.61923,1582.3075,1477.7814,-1352.3522,1375.1244,2045.7705,-421.8159,1613.1036,1497.9708,-1391.0322,1563.6349,2111.207,-565.9646,1805.5039,1368.7819,-1712.1494
IMG_4838 copy 5.JPG,617.36646,1572.725,1294.1892,597.0585,1565.4866,1381.5713,599.6211,1565.3004,1381.7084,601.9279,1564.9695,1381.3973,583.69086,1571.5054,1301.3693,577.69965,1576.0669,1301.2372,571.72894,1581.2236,1300.9388,597.3189,1588.2966,1637.2388,565.4127,1612.9138,1281.8422,635.1821,1593.0605,1380.8958,622.4456,1602.229,1276.6483,761.18555,1676.6696,1528.649,566.6094,1737.6001,893.50616,1034.4913,1780.6545,1419.4963,681.3442,1909.7383,327.73404,1245.8662,1854.1154,1156.0367,830.67664,2063.335,-262.79724,1310.2363,1880.4774,1133.2339,857.1551,2138.7788,-345.2503,1310.9276,1889.3999,1116.6522,872.73254,2130.3079,-330.43652,1293.9087,1882.0806,1138.629,871.89246,2098.422,-264.4003,1052.5796,1730.2012,219.99132,940.28046,1732.9479,-221.71753,1406.9165,1629.0037,-366.43823,1179.7693,1596.8235,-919.58594,1419.3988,1984.9148,-425.61923,1582.3075,1477.7814,-1352.3522,1375.1244,2045.7705,-421.8159,1613.1036,1497.9708,-1391.0322,1563.6349,2111.207,-565.9646,1805.5039,1368.7819,-1712.1494
IMG_4838 copy 6.JPG,617.36646,1572.725,1294.1892,597.0585,1565.4866,1381.5713,599.6211,1565.3004,1381.7084,601.9279,1564.9695,1381.3973,583.69086,1571.5054,1301.3693,577.69965,1576.0669,1301.2372,571.72894,1581.2236,1300.9388,597.3189,1588.2966,1637.2388,565.4127,1612.9138,1281.8422,635.1821,1593.0605,1380.8958,622.4456,1602.229,1276.6483,761.18555,1676.6696,1528.649,566.6094,1737.6001,893.50616,1034.4913,1780.6545,1419.4963,681.3442,1909.7383,327.73404,1245.8662,1854.1154,1156.0367,830.67664,2063.335,-262.79724,1310.2363,1880.4774,1133.2339,857.1551,2138.7788,-345.2503,1310.9276,1889.3999,1116.6522,872.73254,2130.3079,-330.43652,1293.9087,1882.0806,1138.629,871.89246,2098.422,-264.4003,1052.5796,1730.2012,219.99132,940.28046,1732.9479,-221.71753,1406.9165,1629.0037,-366.43823,1179.7693,1596.8235,-919.58594,1419.3988,1984.9148,-425.61923,1582.3075,1477.7814,-1352.3522,1375.1244,2045.7705,-421.8159,1613.1036,1497.9708,-1391.0322,1563.6349,2111.207,-565.9646,1805.5039,1368.7819,-1712.1494
IMG_4838 copy 7.JPG,617.36646,1572.725,1294.1892,597.0585,1565.4866,1381.5713,599.6211,1565.3004,1381.7084,601.9279,1564.9695,1381.3973,583.69086,1571.5054,1301.3693,577.69965,1576.0669,1301.2372,571.72894,1581.2236,1300.9388,597.3189,1588.2966,1637.2388,565.4127,1612.9138,1281.8422,635.1821,1593.0605,1380.8958,622.4456,1602.229,1276.6483,761.18555,1676.6696,1528.649,566.6094,1737.6001,893.50616,1034.4913,1780.6545,1419.4963,681.3442,1909.7383,327.73404,1245.8662,1854.1154,1156.0367,830.67664,2063.335,-262.79724,1310.2363,1880.4774,1133.2339,857.1551,2138.7788,-345.2503,1310.9276,1889.3999,1116.6522,872.73254,2130.3079,-330.43652,1293.9087,1882.0806,1138.629,871.89246,2098.422,-264.4003,1052.5796,1730.2012,219.99132,940.28046,1732.9479,-221.71753,1406.9165,1629.0037,-366.43823,1179.7693,1596.8235,-919.58594,1419.3988,1984.9148,-425.61923,1582.3075,1477.7814,-1352.3522,1375.1244,2045.7705,-421.8159,1613.1036,1497.9708,-1391.0322,1563.6349,2111.207,-565.9646,1805.5039,1368.7819,-1712.1494
IMG_4838 copy 8.JPG,617.36646,1572.725,1294.1892,597.0585,1565.4866,1381.5713,599.6211,1565.3004,1381.7084,601.9279,1564.9695,1381.3973,583.69086,1571.5054,1301.3693,577.69965,1576.0669,1301.2372,571.72894,1581.2236,1300.9388,597.3189,1588.2966,1637.2388,565.4127,1612.9138,1281.8422,635.1821,1593.0605,1380.8958,622.4456,1602.229,1276.6483,761.18555,1676.6696,1528.649,566.6094,1737.6001,893.50616,1034.4913,1780.6545,1419.4963,681.3442,1909.7383,327.73404,1245.8662,1854.1154,1156.0367,830.67664,2063.335,-262.79724,1310.2363,1880.4774,1133.2339,857.1551,2138.7788,-345.2503,1310.9276,1889.3999,1116.6522,872.73254,2130.3079,-330.43652,1293.9087,1882.0806,1138.629,871.89246,2098.422,-264.4003,1052.5796,1730.2012,219.99132,940.28046,1732.9479,-221.71753,1406.9165,1629.0037,-366.43823,1179.7693,1596.8235,-919.58594,1419.3988,1984.9148,-425.61923,1582.3075,1477.7814,-1352.3522,1375.1244,2045.7705,-421.8159,1613.1036,1497.9708,-1391.0322,1563.6349,2111.207,-565.9646,1805.5039,1368.7819,-1712.1494
IMG_4838 copy 9.JPG,617.36646,1572.725,1294.1892,597.0585,1565.4866,1381.5713,599.6211,1565.3004,1381.7084,601.9279,1564.9695,1381.3973,583.69086,1571.5054,1301.3693,577.69965,1576.0669,1301.2372,571.72894,1581.2236,1300.9388,597.3189,1588.2966,1637.2388,565.4127,1612.9138,1281.8422,635.1821,1593.0605,1380.8958,622.4456,1602.229,1276.6483,761.18555,1676.6696,1528.649,566.6094,1737.6001,893.50616,1034.4913,1780.6545,1419.4963,681.3442,1909.7383,327.73404,1245.8662,1854.1154,1156.0367,830.67664,2063.335,-262.79724,1310.2363,1880.4774,1133.2339,857.1551,2138.7788,-345.2503,1310.9276,1889.3999,1116.6522,872.73254,2130.3079,-330.43652,1293.9087,1882.0806,1138.629,871.89246,2098.422,-264.4003,1052.5796,1730.2012,219.99132,940.28046,1732.9479,-221.71753,1406.9165,1629.0037,-366.43823,1179.7693,1596.8235,-919.58594,1419.3988,1984.9148,-425.61923,1582.3075,1477.7814,-1352.3522,1375.1244,2045.7705,-421.8159,1613.1036,1497.9708,-1391.0322,1563.6349,2111.207,-565.9646,1805.5039,1368.7819,-1712.1494
IMG_4838 copy.JPG,617.36646,1572.725,1294.1892,597.0585,1565.4866,1381.5713,599.6211,1565.3004,1381.7084,601.9279,1564.9695,1381.3973,583.69086,1571.5054,1301.3693,577.69965,1576.0669,1301.2372,571.72894,1581.2236,1300.9388,597.3189,1588.2966,1637.2388,565.4127,1612.9138,1281.8422,635.1821,1593.0605,1380.8958,622.4456,1602.229,1276.6483,761.18555,1676.6696,1528.649,566.6094,1737.6001,893.50616,1034.4913,1780.6545,1419.4963,681.3442,1909.7383,327.73404,1245.8662,1854.1154,1156.0367,830.67664,2063.335,-262.79724,1310.2363,1880.4774,1133.2339,857.1551,2138.7788,-345.2503,1310.9276,1889.3999,1116.6522,872.73254,2130.3079,-330.43652,1293.9087,1882.0806,1138.629,871.89246,2098.422,-264.4003,1052.5796,1730.2012,219.99132,940.28046,1732.9479,-221.71753,1406.9165,1629.0037,-366.43823,1179.7693,1596.8235,-919.58594,1419.3988,1984.9148,-425.61923,1582.3075,1477.7814,-1352.3522,1375.1244,2045.7705,-421.8159,1613.1036,1497.9708,-1391.0322,1563.6349,2111.207,-565.9646,1805.5039,1368.7819,-1712.1494
IMG_4838.JPG,617.36646,1572.725,1294.1892,597.0585,1565.4866,1381.5713,599.6211,1565.3004,1381.7084,601.9279,1564.9695,1381.3973,583.69086,1571.5054,1301.3693,577.69965,1576.0669,1301.2372,571.72894,1581.2236,1300.9388,597.3189,1588.2966,1637.2388,565.4127,1612.9138,1281.8422,635.1821,1593.0605,1380.8958,622.4456,1602.229,1276.6483,761.18555,1676.6696,1528.649,566.6094,1737.6001,893.50616,1034.4913,1780.6545,1419.4963,681.3442,1909.7383,327.73404,1245.8662,1854.1154,1156.0367,830.67664,2063.335,-262.79724,1310.2363,1880.4774,1133.2339,857.1551,2138.7788,-345.2503,1310.9276,1889.3999,1116.6522,872.73254,2130.3079,-330.43652,1293.9087,1882.0806,1138.629,871.89246,2098.422,-264.4003,1052.5796,1730.2012,219.99132,940.28046,1732.9479,-221.71753,1406.9165,1629.0037,-366.43823,1179.7693,1596.8235,-919.58594,1419.3988,1984.9148,-425.61923,1582.3075,1477.7814,-1352.3522,1375.1244,2045.7705,-421.8159,1613.1036,1497.9708,-1391.0322,1563.6349,2111.207,-565.9646,1805.5039,1368.7819,-1712.1494
IMG_4839 copy 10.png,567.405,1572.7832,258.6338,547.2682,1572.5175,296.48737,548.6803,1572.6984,296.3461,549.9743,1572.7439,296.4221,538.9077,1579.5802,246.30794,534.5723,1585.1652,246.22348,529.8769,1591.2069,246.03041,546.51306,1597.1235,432.2828,519.8321,1626.1283,199.0359,587.282,1587.5955,309.00287,578.4128,1596.17,240.43164,674.00305,1640.0548,515.7231,584.23126,1720.6351,11.518575,871.60693,1692.2478,580.72626,742.71716,1796.3644,-126.549164,1043.3772,1733.8776,504.87332,910.6569,1855.8495,-272.13342,1088.7191,1748.0852,484.25897,957.2696,1891.8457,-312.12326,1084.5546,1752.471,453.2948,968.6142,1872.6721,-328.73495,1066.8939,1748.777,485.56522,955.00684,1857.85,-274.3793,956.33057,1654.5444,173.10419,916.2666,1700.8142,-172.88934,1220.6252,1546.6416,57.039482,1173.462,1533.165,-424.21753,1378.035,1811.5413,86.8269,1490.0143,1453.5919,-588.01935,1382.6309,1882.045,87.92071,1560.996,1480.4885,-600.3805,1518.129,1776.8276,17.717695,1556.5087,1292.9694,-768.9666
IMG_4839 copy 11.png,567.405,1572.7832,258.6338,547.2682,1572.5175,296.48737,548.6803,1572.6984,296.3461,549.9743,1572.7439,296.4221,538.9077,1579.5802,246.30794,534.5723,1585.1652,246.22348,529.8769,1591.2069,246.03041,546.51306,1597.1235,432.2828,519.8321,1626.1283,199.0359,587.282,1587.5955,309.00287,578.4128,1596.17,240.43164,674.00305,1640.0548,515.7231,584.23126,1720.6351,11.518575,871.60693,1692.2478,580.72626,742.71716,1796.3644,-126.549164,1043.3772,1733.8776,504.87332,910.6569,1855.8495,-272.13342,1088.7191,1748.0852,484.25897,957.2696,1891.8457,-312.12326,1084.5546,1752.471,453.2948,968.6142,1872.6721,-328.73495,1066.8939,1748.777,485.56522,955.00684,1857.85,-274.3793,956.33057,1654.5444,173.10419,916.2666,1700.8142,-172.88934,1220.6252,1546.6416,57.039482,1173.462,1533.165,-424.21753,1378.035,1811.5413,86.8269,1490.0143,1453.5919,-588.01935,1382.6309,1882.045,87.92071,1560.996,1480.4885,-600.3805,1518.129,1776.8276,17.717695,1556.5087,1292.9694,-768.9666
IMG_4839 copy 12.png,567.405,1572.7832,258.6338,547.2682,1572.5175,296.48737,548.6803,1572.6984,296.3461,549.9743,1572.7439,296.4221,538.9077,1579.5802,246.30794,534.5723,1585.1652,246.22348,529.8769,1591.2069,246.03041,546.51306,1597.1235,432.2828,519.8321,1626.1283,199.0359,587.282,1587.5955,309.00287,578.4128,1596.17,240.43164,674.00305,1640.0548,515.7231,584.23126,1720.6351,11.518575,871.60693,1692.2478,580.72626,742.71716,1796.3644,-126.549164,1043.3772,1733.8776,504.87332,910.6569,1855.8495,-272.13342,1088.7191,1748.0852,484.25897,957.2696,1891.8457,-312.12326,1084.5546,1752.471,453.2948,968.6142,1872.6721,-328.73495,1066.8939,1748.777,485.56522,955.00684,1857.85,-274.3793,956.33057,1654.5444,173.10419,916.2666,1700.8142,-172.88934,1220.6252,1546.6416,57.039482,1173.462,1533.165,-424.21753,1378.035,1811.5413,86.8269,1490.0143,1453.5919,-588.01935,1382.6309,1882.045,87.92071,1560.996,1480.4885,-600.3805,1518.129,1776.8276,17.717695,1556.5087,1292.9694,-768.9666
IMG_4839 copy 13.png,567.405,1572.7832,258.6338,547.2682,1572.5175,296.48737,548.6803,1572.6984,296.3461,549.9743,1572.7439,296.4221,538.9077,1579.5802,246.30794,534.5723,1585.1652,246.22348,529.8769,1591.2069,246.03041,546.51306,1597.1235,432.2828,519.8321,1626.1283,199.0359,587.282,1587.5955,309.00287,578.4128,1596.17,240.43164,674.00305,1640.0548,515.7231,584.23126,1720.6351,11.518575,871.60693,1692.2478,580.72626,742.71716,1796.3644,-126.549164,1043.3772,1733.8776,504.87332,910.6569,1855.8495,-272.13342,1088.7191,1748.0852,484.25897,957.2696,1891.8457,-312.12326,1084.5546,1752.471,453.2948,968.6142,1872.6721,-328.73495,1066.8939,1748.777,485.56522,955.00684,1857.85,-274.3793,956.33057,1654.5444,173.10419,916.2666,1700.8142,-172.88934,1220.6252,1546.6416,57.039482,1173.462,1533.165,-424.21753,1378.035,1811.5413,86.8269,1490.0143,1453.5919,-588.01935,1382.6309,1882.045,87.92071,1560.996,1480.4885,-600.3805,1518.129,1776.8276,17.717695,1556.5087,1292.9694,-768.9666
IMG_4839 copy 14.png,567.405,1572.7832,258.6338,547.2682,1572.5175,296.48737,548.6803,1572.6984,296.3461,549.9743,1572.7439,296.4221,538.9077,1579.5802,246.30794,534.5723,1585.1652,246.22348,529.8769,1591.2069,246.03041,546.51306,1597.1235,432.2828,519.8321,1626.1283,199.0359,587.282,1587.5955,309.00287,578.4128,1596.17,240.43164,674.00305,1640.0548,515.7231,584.23126,1720.6351,11.518575,871.60693,1692.2478,580.72626,742.71716,1796.3644,-126.549164,1043.3772,1733.8776,504.87332,910.6569,1855.8495,-272.13342,1088.7191,1748.0852,484.25897,957.2696,1891.8457,-312.12326,1084.5546,1752.471,453.2948,968.6142,1872.6721,-328.73495,1066.8939,1748.777,485.56522,955.00684,1857.85,-274.3793,956.33057,1654.5444,173.10419,916.2666,1700.8142,-172.88934,1220.6252,1546.6416,57.039482,1173.462,1533.165,-424.21753,1378.035,1811.5413,86.8269,1490.0143,1453.5919,-588.01935,1382.6309,1882.045,87.92071,1560.996,1480.4885,-600.3805,1518.129,1776.8276,17.717695,1556.5087,1292.9694,-768.9666
IMG_4839 copy 15.png,567.405,1572.7832,258.6338,547.2682,1572.5175,296.48737,548.6803,1572.6984,296.3461,549.9743,1572.7439,296.4221,538.9077,1579.5802,246.30794,534.5723,1585.1652,246.22348,529.8769,1591.2069,246.03041,546.51306,1597.1235,432.2828,519.8321,1626.1283,199.0359,587.282,1587.5955,309.00287,578.4128,1596.17,240.43164,674.00305,1640.0548,515.7231,584.23126,1720.6351,11.518575,871.60693,1692.2478,580.72626,742.71716,1796.3644,-126.549164,1043.3772,1733.8776,504.87332,910.6569,1855.8495,-272.13342,1088.7191,1748.0852,484.25897,957.2696,1891.8457,-312.12326,1084.5546,1752.471,453.2948,968.6142,1872.6721,-328.73495,1066.8939,1748.777,485.56522,955.00684,1857.85,-274.3793,956.33057,1654.5444,173.10419,916.2666,1700.8142,-172.88934,1220.6252,1546.6416,57.039482,1173.462,1533.165,-424.21753,1378.035,1811.5413,86.8269,1490.0143,1453.5919,-588.01935,1382.6309,1882.045,87.92071,1560.996,1480.4885,-600.3805,1518.129,1776.8276,17.717695,1556.5087,1292.9694,-768.9666
IMG_4839 copy 16.png,567.405,1572.7832,258.6338,547.2682,1572.5175,296.48737,548.6803,1572.6984,296.3461,549.9743,1572.7439,296.4221,538.9077,1579.5802,246.30794,534.5723,1585.1652,246.22348,529.8769,1591.2069,246.03041,546.51306,1597.1235,432.2828,519.8321,1626.1283,199.0359,587.282,1587.5955,309.00287,578.4128,1596.17,240.43164,674.00305,1640.0548,515.7231,584.23126,1720.6351,11.518575,871.60693,1692.2478,580.72626,742.71716,1796.3644,-126.549164,1043.3772,1733.8776,504.87332,910.6569,1855.8495,-272.13342,1088.7191,1748.0852,484.25897,957.2696,1891.8457,-312.12326,1084.5546,1752.471,453.2948,968.6142,1872.6721,-328.73495,1066.8939,1748.777,485.56522,955.00684,1857.85,-274.3793,956.33057,1654.5444,173.10419,916.2666,1700.8142,-172.88934,1220.6252,1546.6416,57.039482,1173.462,1533.165,-424.21753,1378.035,1811.5413,86.8269,1490.0143,1453.5919,-588.01935,1382.6309,1882.045,87.92071,1560.996,1480.4885,-600.3805,1518.129,1776.8276,17.717695,1556.5087,1292.9694,-768.9666
IMG_4839 copy 17.png,567.405,1572.7832,258.6338,547.2682,1572.5175,296.48737,548.6803,1572.6984,296.3461,549.9743,1572.7439,296.4221,538.9077,1579.5802,246.30794,534.5723,1585.1652,246.22348,529.8769,1591.2069,246.03041,546.51306,1597.1235,432.2828,519.8321,1626.1283,199.0359,587.282,1587.5955,309.00287,578.4128,1596.17,240.43164,674.00305,1640.0548,515.7231,584.23126,1720.6351,11.518575,871.60693,1692.2478,580.72626,742.71716,1796.3644,-126.549164,1043.3772,1733.8776,504.87332,910.6569,1855.8495,-272.13342,1088.7191,1748.0852,484.25897,957.2696,1891.8457,-312.12326,1084.5546,1752.471,453.2948,968.6142,1872.6721,-328.73495,1066.8939,1748.777,485.56522,955.00684,1857.85,-274.3793,956.33057,1654.5444,173.10419,916.2666,1700.8142,-172.88934,1220.6252,1546.6416,57.039482,1173.462,1533.165,-424.21753,1378.035,1811.5413,86.8269,1490.0143,1453.5919,-588.01935,1382.6309,1882.045,87.92071,1560.996,1480.4885,-600.3805,1518.129,1776.8276,17.717695,1556.5087,1292.9694,-768.9666
IMG_4839 copy 18.png,567.405,1572.7832,258.6338,547.2682,1572.5175,296.48737,548.6803,1572.6984,296.3461,549.9743,1572.7439,296.4221,538.9077,1579.5802,246.30794,534.5723,1585.1652,246.22348,529.8769,1591.2069,246.03041,546.51306,1597.1235,432.2828,519.8321,1626.1283,199.0359,587.282,1587.5955,309.00287,578.4128,1596.17,240.43164,674.00305,1640.0548,515.7231,584.23126,1720.6351,11.518575,871.60693,1692.2478,580.72626,742.71716,1796.3644,-126.549164,1043.3772,1733.8776,504.87332,910.6569,1855.8495,-272.13342,1088.7191,1748.0852,484.25897,957.2696,1891.8457,-312.12326,1084.5546,1752.471,453.2948,968.6142,1872.6721,-328.73495,1066.8939,1748.777,485.56522,955.00684,1857.85,-274.3793,956.33057,1654.5444,173.10419,916.2666,1700.8142,-172.88934,1220.6252,1546.6416,57.039482,1173.462,1533.165,-424.21753,1378.035,1811.5413,86.8269,1490.0143,1453.5919,-588.01935,1382.6309,1882.045,87.92071,1560.996,1480.4885,-600.3805,1518.129,1776.8276,17.717695,1556.5087,1292.9694,-768.9666
IMG_4839 copy 19.png,567.405,1572.7832,258.6338,547.2682,1572.5175,296.48737,548.6803,1572.6984,296.3461,549.9743,1572.7439,296.4221,538.9077,1579.5802,246.30794,534.5723,1585.1652,246.22348,529.8769,1591.2069,246.03041,546.51306,1597.1235,432.2828,519.8321,1626.1283,199.0359,587.282,1587.5955,309.00287,578.4128,1596.17,240.43164,674.00305,1640.0548,515.7231,584.23126,1720.6351,11.518575,871.60693,1692.2478,580.72626,742.71716,1796.3644,-126.549164,1043.3772,1733.8776,504.87332,910.6569,1855.8495,-272.13342,1088.7191,1748.0852,484.25897,957.2696,1891.8457,-312.12326,1084.5546,1752.471,453.2948,968.6142,1872.6721,-328.73495,1066.8939,1748.777,485.56522,955.00684,1857.85,-274.3793,956.33057,1654.5444,173.10419,916.2666,1700.8142,-172.88934,1220.6252,1546.6416,57.039482,1173.462,1533.165,-424.21753,1378.035,1811.5413,86.8269,1490.0143,1453.5919,-588.01935,1382.6309,1882.045,87.92071,1560.996,1480.4885,-600.3805,1518.129,1776.8276,17.717695,1556.5087,1292.9694,-768.9666
IMG_4839 copy 2.png,567.405,1572.7832,258.6338,547.2682,1572.5175,296.48737,548.6803,1572.6984,296.3461,549.9743,1572.7439,296.4221,538.9077,1579.5802,246.30794,534.5723,1585.1652,246.22348,529.8769,1591.2069,246.03041,546.51306,1597.1235,432.2828,519.8321,1626.1283,199.0359,587.282,1587.5955,309.00287,578.4128,1596.17,240.43164,674.00305,1640.0548,515.7231,584.23126,1720.6351,11.518575,871.60693,1692.2478,580.72626,742.71716,1796.3644,-126.549164,1043.3772,1733.8776,504.87332,910.6569,1855.8495,-272.13342,1088.7191,1748.0852,484.25897,957.2696,1891.8457,-312.12326,1084.5546,1752.471,453.2948,968.6142,1872.6721,-328.73495,1066.8939,1748.777,485.56522,955.00684,1857.85,-274.3793,956.33057,1654.5444,173.10419,916.2666,1700.8142,-172.88934,1220.6252,1546.6416,57.039482,1173.462,1533.165,-424.21753,1378.035,1811.5413,86.8269,1490.0143,1453.5919,-588.01935,1382.6309,1882.045,87.92071,1560.996,1480.4885,-600.3805,1518.129,1776.8276,17.717695,1556.5087,1292.9694,-768.9666
IMG_4839 copy 20.png,567.405,1572.7832,258.6338,547.2682,1572.5175,296.48737,548.6803,1572.6984,296.3461,549.9743,1572.7439,296.4221,538.9077,1579.5802,246.30794,534.5723,1585.1652,246.22348,529.8769,1591.2069,246.03041,546.51306,1597.1235,432.2828,519.8321,1626.1283,199.0359,587.282,1587.5955,309.00287,578.4128,1596.17,240.43164,674.00305,1640.0548,515.7231,584.23126,1720.6351,11.518575,871.60693,1692.2478,580.72626,742.71716,1796.3644,-126.549164,1043.3772,1733.8776,504.87332,910.6569,1855.8495,-272.13342,1088.7191,1748.0852,484.25897,957.2696,1891.8457,-312.12326,1084.5546,1752.471,453.2948,968.6142,1872.6721,-328.73495,1066.8939,1748.777,485.56522,955.00684,1857.85,-274.3793,956.33057,1654.5444,173.10419,916.2666,1700.8142,-172.88934,1220.6252,1546.6416,57.039482,1173.462,1533.165,-424.21753,1378.035,1811.5413,86.8269,1490.0143,1453.5919,-588.01935,1382.6309,1882.045,87.92071,1560.996,1480.4885,-600.3805,1518.129,1776.8276,17.717695,1556.5087,1292.9694,-768.9666
IMG_4839 copy 21.png,567.405,1572.7832,258.6338,547.2682,1572.5175,296.48737,548.6803,1572.6984,296.3461,549.9743,1572.7439,296.4221,538.9077,1579.5802,246.30794,534.5723,1585.1652,246.22348,529.8769,1591.2069,246.03041,546.51306,1597.1235,432.2828,519.8321,1626.1283,199.0359,587.282,1587.5955,309.00287,578.4128,1596.17,240.43164,674.00305,1640.0548,515.7231,584.23126,1720.6351,11.518575,871.60693,1692.2478,580.72626,742.71716,1796.3644,-126.549164,1043.3772,1733.8776,504.87332,910.6569,1855.8495,-272.13342,1088.7191,1748.0852,484.25897,957.2696,1891.8457,-312.12326,1084.5546,1752.471,453.2948,968.6142,1872.6721,-328.73495,1066.8939,1748.777,485.56522,955.00684,1857.85,-274.3793,956.33057,1654.5444,173.10419,916.2666,1700.8142,-172.88934,1220.6252,1546.6416,57.039482,1173.462,1533.165,-424.21753,1378.035,1811.5413,86.8269,1490.0143,1453.5919,-588.01935,1382.6309,1882.045,87.92071,1560.996,1480.4885,-600.3805,1518.129,1776.8276,17.717695,1556.5087,1292.9694,-768.9666
IMG_4839 copy 3.png,567.405,1572.7832,258.6338,547.2682,1572.5175,296.48737,548.6803,1572.6984,296.3461,549.9743,1572.7439,296.4221,538.9077,1579.5802,246.30794,534.5723,1585.1652,246.22348,529.8769,1591.2069,246.03041,546.51306,1597.1235,432.2828,519.8321,1626.1283,199.0359,587.282,1587.5955,309.00287,578.4128,1596.17,240.43164,674.00305,1640.0548,515.7231,584.23126,1720.6351,11.518575,871.60693,1692.2478,580.72626,742.71716,1796.3644,-126.549164,1043.3772,1733.8776,504.87332,910.6569,1855.8495,-272.13342,1088.7191,1748.0852,484.25897,957.2696,1891.8457,-312.12326,1084.5546,1752.471,453.2948,968.6142,1872.6721,-328.73495,1066.8939,1748.777,485.56522,955.00684,1857.85,-274.3793,956.33057,1654.5444,173.10419,916.2666,1700.8142,-172.88934,1220.6252,1546.6416,57.039482,1173.462,1533.165,-424.21753,1378.035,1811.5413,86.8269,1490.0143,1453.5919,-588.01935,1382.6309,1882.045,87.92071,1560.996,1480.4885,-600.3805,1518.129,1776.8276,17.717695,1556.5087,1292.9694,-768.9666
IMG_4839 copy 4.png,567.405,1572.7832,258.6338,547.2682,1572.5175,296.48737,548.6803,1572.6984,296.3461,549.9743,1572.7439,296.4221,538.9077,1579.5802,246.30794,534.5723,1585.1652,246.22348,529.8769,1591.2069,246.03041,546.51306,1597.1235,432.2828,519.8321,1626.1283,199.0359,587.282,1587.5955,309.00287,578.4128,1596.17,240.43164,674.00305,1640.0548,515.7231,584.23126,1720.6351,11.518575,871.60693,1692.2478,580.72626,742.71716,1796.3644,-126.549164,1043.3772,1733.8776,504.87332,910.6569,1855.8495,-272.13342,1088.7191,1748.0852,484.25897,957.2696,1891.8457,-312.12326,1084.5546,1752.471,453.2948,968.6142,1872.6721,-328.73495,1066.8939,1748.777,485.56522,955.00684,1857.85,-274.3793,956.33057,1654.5444,173.10419,916.2666,1700.8142,-172.88934,1220.6252,1546.6416,57.039482,1173.462,1533.165,-424.21753,1378.035,1811.5413,86.8269,1490.0143,1453.5919,-588.01935,1382.6309,1882.045,87.92071,1560.996,1480.4885,-600.3805,1518.129,1776.8276,17.717695,1556.5087,1292.9694,-768.9666
IMG_4839 copy 5.png,567.405,1572.7832,258.6338,547.2682,1572.5175,296.48737,548.6803,1572.6984,296.3461,549.9743,1572.7439,296.4221,538.9077,1579.5802,246.30794,534.5723,1585.1652,246.22348,529.8769,1591.2069,246.03041,546.51306,1597.1235,432.2828,519.8321,1626.1283,199.0359,587.282,1587.5955,309.00287,578.4128,1596.17,240.43164,674.00305,1640.0548,515.7231,584.23126,1720.6351,11.518575,871.60693,1692.2478,580.72626,742.71716,1796.3644,-126.549164,1043.3772,1733.8776,504.87332,910.6569,1855.8495,-272.13342,1088.7191,1748.0852,484.25897,957.2696,1891.8457,-312.12326,1084.5546,1752.471,453.2948,968.6142,1872.6721,-328.73495,1066.8939,1748.777,485.56522,955.00684,1857.85,-274.3793,956.33057,1654.5444,173.10419,916.2666,1700.8142,-172.88934,1220.6252,1546.6416,57.039482,1173.462,1533.165,-424.21753,1378.035,1811.5413,86.8269,1490.0143,1453.5919,-588.01935,1382.6309,1882.045,87.92071,1560.996,1480.4885,-600.3805,1518.129,1776.8276,17.717695,1556.5087,1292.9694,-768.9666
IMG_4839 copy 6.png,567.405,1572.7832,258.6338,547.2682,1572.5175,296.48737,548.6803,1572.6984,296.3461,549.9743,1572.7439,296.4221,538.9077,1579.5802,246.30794,534.5723,1585.1652,246.22348,529.8769,1591.2069,246.03041,546.51306,1597.1235,432.2828,519.8321,1626.1283,199.0359,587.282,1587.5955,309.00287,578.4128,1596.17,240.43164,674.00305,1640.0548,515.7231,584.23126,1720.6351,11.518575,871.60693,1692.2478,580.72626,742.71716,1796.3644,-126.549164,1043.3772,1733.8776,504.87332,910.6569,1855.8495,-272.13342,1088.7191,1748.0852,484.25897,957.2696,1891.8457,-312.12326,1084.5546,1752.471,453.2948,968.6142,1872.6721,-328.73495,1066.8939,1748.777,485.56522,955.00684,1857.85,-274.3793,956.33057,1654.5444,173.10419,916.2666,1700.8142,-172.88934,1220.6252,1546.6416,57.039482,1173.462,1533.165,-424.21753,1378.035,1811.5413,86.8269,1490.0143,1453.5919,-588.01935,1382.6309,1882.045,87.92071,1560.996,1480.4885,-600.3805,1518.129,1776.8276,17.717695,1556.5087,1292.9694,-768.9666
IMG_4839 copy 7.png,567.405,1572.7832,258.6338,547.2682,1572.5175,296.48737,548.6803,1572.6984,296.3461,549.9743,1572.7439,296.4221,538.9077,1579.5802,246.30794,534.5723,1585.1652,246.22348,529.8769,1591.2069,246.03041,546.51306,1597.1235,432.2828,519.8321,1626.1283,199.0359,587.282,1587.5955,309.00287,578.4128,1596.17,240.43164,674.00305,1640.0548,515.7231,584.23126,1720.6351,11.518575,871.60693,1692.2478,580.72626,742.71716,1796.3644,-126.549164,1043.3772,1733.8776,504.87332,910.6569,1855.8495,-272.13342,1088.7191,1748.0852,484.25897,957.2696,1891.8457,-312.12326,1084.5546,1752.471,453.2948,968.6142,1872.6721,-328.73495,1066.8939,1748.777,485.56522,955.00684,1857.85,-274.3793,956.33057,1654.5444,173.10419,916.2666,1700.8142,-172.88934,1220.6252,1546.6416,57.039482,1173.462,1533.165,-424.21753,1378.035,1811.5413,86.8269,1490.0143,1453.5919,-588.01935,1382.6309,1882.045,87.92071,1560.996,1480.4885,-600.3805,1518.129,1776.8276,17.717695,1556.5087,1292.9694,-768.9666
IMG_4839 copy 8.png,567.405,1572.7832,258.6338,547.2682,1572.5175,296.48737,548.6803,1572.6984,296.3461,549.9743,1572.7439,296.4221,538.9077,1579.5802,246.30794,534.5723,1585.1652,246.22348,529.8769,1591.2069,246.03041,546.51306,1597.1235,432.2828,519.8321,1626.1283,199.0359,587.282,1587.5955,309.00287,578.4128,1596.17,240.43164,674.00305,1640.0548,515.7231,584.23126,1720.6351,11.518575,871.60693,1692.2478,580.72626,742.71716,1796.3644,-126.549164,1043.3772,1733.8776,504.87332,910.6569,1855.8495,-272.13342,1088.7191,1748.0852,484.25897,957.2696,1891.8457,-312.12326,1084.5546,1752.471,453.2948,968.6142,1872.6721,-328.73495,1066.8939,1748.777,485.56522,955.00684,1857.85,-274.3793,956.33057,1654.5444,173.10419,916.2666,1700.8142,-172.88934,1220.6252,1546.6416,57.039482,1173.462,1533.165,-424.21753,1378.035,1811.5413,86.8269,1490.0143,1453.5919,-588.01935,1382.6309,1882.045,87.92071,1560.996,1480.4885,-600.3805,1518.129,1776.8276,17.717695,1556.5087,1292.9694,-768.9666
IMG_4839 copy 9.png,567.405,1572.7832,258.6338,547.2682,1572.5175,296.48737,548.6803,1572.6984,296.3461,549.9743,1572.7439,296.4221,538.9077,1579.5802,246.30794,534.5723,1585.1652,246.22348,529.8769,1591.2069,246.03041,546.51306,1597.1235,432.2828,519.8321,1626.1283,199.0359,587.282,1587.5955,309.00287,578.4128,1596.17,240.43164,674.00305,1640.0548,515.7231,584.23126,1720.6351,11.518575,871.60693,1692.2478,580.72626,742.71716,1796.3644,-126.549164,1043.3772,1733.8776,504.87332,910.6569,1855.8495,-272.13342,1088.7191,1748.0852,484.25897,957.2696,1891.8457,-312.12326,1084.5546,1752.471,453.2948,968.6142,1872.6721,-328.73495,1066.8939,1748.777,485.56522,955.00684,1857.85,-274.3793,956.33057,1654.5444,173.10419,916.2666,1700.8142,-172.88934,1220.6252,1546.6416,57.039482,1173.462,1533.165,-424.21753,1378.035,1811.5413,86.8269,1490.0143,1453.5919,-588.01935,1382.6309,1882.045,87.92071,1560.996,1480.4885,-600.3805,1518.129,1776.8276,17.717695,1556.5087,1292.9694,-768.9666
IMG_4839 copy.png,567.405,1572.7832,258.6338,547.2682,1572.5175,296.48737,548.6803,1572.6984,296.3461,549.9743,1572.7439,296.4221,538.9077,1579.5802,246.30794,534.5723,1585.1652,246.22348,529.8769,1591.2069,246.03041,546.51306,1597.1235,432.2828,519.8321,1626.1283,199.0359,587.282,1587.5955,309.00287,578.4128,1596.17,240.43164,674.00305,1640.0548,515.7231,584.23126,1720.6351,11.518575,871.60693,1692.2478,580.72626,742.71716,1796.3644,-126.549164,1043.3772,1733.8776,504.87332,910.6569,1855.8495,-272.13342,1088.7191,1748.0852,484.25897,957.2696,1891.8457,-312.12326,1084.5546,1752.471,453.2948,968.6142,1872.6721,-328.73495,1066.8939,1748.777,485.56522,955.00684,1857.85,-274.3793,956.33057,1654.5444,173.10419,916.2666,1700.8142,-172.88934,1220.6252,1546.6416,57.039482,1173.462,1533.165,-424.21753,1378.035,1811.5413,86.8269,1490.0143,1453.5919,-588.01935,1382.6309,1882.045,87.92071,1560.996,1480.4885,-600.3805,1518.129,1776.8276,17.717695,1556.5087,1292.9694,-768.9666
IMG_4839.png,567.405,1572.7832,258.6338,547.2682,1572.5175,296.48737,548.6803,1572.6984,296.3461,549.9743,1572.7439,296.4221,538.9077,1579.5802,246.30794,534.5723,1585.1652,246.22348,529.8769,1591.2069,246.03041,546.51306,1597.1235,432.2828,519.8321,1626.1283,199.0359,587.282,1587.5955,309.00287,578.4128,1596.17,240.43164,674.00305,1640.0548,515.7231,584.23126,1720.6351,11.518575,871.60693,1692.2478,580.72626,742.71716,1796.3644,-126.549164,1043.3772,1733.8776,504.87332,910.6569,1855.8495,-272.13342,1088.7191,1748.0852,484.25897,957.2696,1891.8457,-312.12326,1084.5546,1752.471,453.2948,968.6142,1872.6721,-328.73495,1066.8939,1748.777,485.56522,955.00684,1857.85,-274.3793,956.33057,1654.5444,173.10419,916.2666,1700.8142,-172.88934,1220.6252,1546.6416,57.039482,1173.462,1533.165,-424.21753,1378.035,1811.5413,86.8269,1490.0143,1453.5919,-588.01935,1382.6309,1882.045,87.92071,1560.996,1480.4885,-600.3805,1518.129,1776.8276,17.717695,1556.5087,1292.9694,-768.9666
IMG_4840.JPG,655.2905,1766.071,-1043.9124,626.0816,1786.297,-1028.7207,622.89233,1786.7319,-1028.5497,619.4516,1787.1389,-1028.7136,637.15894,1796.876,-1107.5413,642.66223,1805.7988,-1107.9586,648.51416,1816.0929,-1108.1224,634.23694,1824.583,-803.8051,669.8241,1864.9941,-1155.9368,682.6975,1759.9489,-937.9063,695.12445,1775.8099,-1040.2852,699.32574,1776.5404,-408.72717,897.0226,1862.7102,-1057.1531,852.40857,1748.4583,287.92554,1096.5319,1842.6871,-815.31885,973.4948,1678.1576,877.1678,1277.8329,1784.2161,-320.274,993.8547,1657.3201,1002.42096,1341.6357,1786.8972,-269.49686,1003.8322,1651.2163,972.6353,1337.8601,1768.9143,-287.20285,1002.9537,1661.3225,882.1515,1317.5795,1763.8856,-307.9892,1067.702,1554.7224,193.50067,1164.6182,1614.0555,-193.7929,1230.6849,1345.7343,546.769,1342.8655,1326.499,-92.49844,1396.7283,1526.9105,1112.6879,1574.3862,1132.8033,181.06093,1408.7052,1577.9705,1179.6761,1620.5973,1129.7368,213.22911,1500.9038,1453.9192,1248.4473,1597.0254,974.6334,86.899925
IMG_4843.JPG,1441.8021,1476.9303,-826.5379,1455.5188,1501.9523,-922.7066,1452.338,1507.2109,-922.6308,1449.2589,1512.6223,-922.84076,1463.2554,1497.9164,-830.89984,1464.9724,1500.5977,-830.8357,1466.5626,1503.569,-830.914,1429.3068,1553.6326,-1090.3665,1450.7456,1541.3683,-670.5381,1409.097,1483.9493,-861.5713,1420.0557,1478.2025,-741.1577,1216.5306,1577.609,-1044.5948,1386.1948,1502.6201,-262.0927,1008.3761,1544.3308,-885.57605,1233.8214,1441.9952,426.98874,828.53467,1516.8312,-602.2529,1143.2937,1355.5103,994.0028,768.2862,1520.9375,-602.6094,1111.0928,1325.3348,1136.1095,766.7349,1502.7408,-645.16235,1111.1163,1324.5242,1038.7721,785.35895,1495.7745,-600.93274,1119.7706,1335.3779,977.1025,966.33765,1312.5616,-238.85323,1065.222,1241.7689,238.87224,740.00934,1066.9279,-52.371464,895.64685,993.8441,412.64584,773.95105,1357.7635,798.6779,759.9854,736.3704,466.73962,802.3146,1415.9448,893.8103,711.6052,730.7785,465.51822,719.02545,1389.2535,1040.5901,706.73334,588.4637,390.5924
IMG_4844.JPG,1810.8766,2292.9875,-898.58264,1815.2601,2357.0493,-999.3221,1804.4757,2365.5115,-999.3365,1792.6956,2374.6553,-999.6419,1839.8938,2349.508,-888.1183,1845.5442,2352.8206,-888.0774,1851.2074,2356.5261,-888.2476,1720.4587,2422.9214,-1100.5323,1796.0474,2399.1501,-606.01636,1754.4042,2281.4766,-901.5013,1783.2169,2266.5688,-759.82983,1375.2712,2375.7102,-1023.4549,1705.5345,2257.2522,-140.5866,1041.726,2278.8848,-838.8168,1479.8593,2105.271,520.8767,797.1171,2126.3108,-563.6578,1306.468,1953.056,845.0647,697.71173,2104.1,-576.6307,1245.7454,1895.4236,929.15735,720.6674,2076.1785,-642.8997,1243.0503,1892.4792,816.51196,752.48065,2074.1868,-567.3179,1255.647,1913.4674,809.45306,1003.9978,1848.3615,-221.74759,1190.1388,1732.6958,221.78386,698.12823,1436.1884,-77.23301,868.75806,1318.8671,204.55016,569.0832,1675.5139,1175.0426,594.33624,945.99414,227.56018,561.0961,1741.7374,1308.0048,520.40155,938.35944,214.53787,417.27783,1572.4614,1392.9103,544.05096,708.50635,17.241499
IMG_4845.JPG,1962.2161,2262.3066,-221.46875,1953.7247,2322.3716,-277.70538,1944.96,2330.2583,-278.41403,1934.3403,2342.504,-279.21317,1970.9899,2301.8254,-180.29976,1978.216,2287.8503,-180.09334,1980.6736,2283.0818,-180.63873,1894.4471,2332.6133,-272.76462,1938.833,2286.0786,176.52235,1903.2003,2242.0132,-190.38525,1923.1278,2236.8315,-62.798256,1704.7921,2317.1528,-470.6652,1813.5251,2058.4465,759.66516,1283.2687,2284.1921,-647.7164,1501.3501,1903.0095,1461.8982,885.3141,2240.7842,-766.3833,1427.1821,1876.6593,1776.671,758.40594,2258.716,-818.57794,1374.6597,1856.2278,1888.5908,766.8205,2218.4768,-898.73596,1400.4849,1857.6246,1768.4293,808.88635,2210.0356,-785.74854,1418.4198,1864.0385,1736.9939,1025.3605,1876.3811,-386.69418,1129.2733,1692.531,386.74228,511.59616,1542.5535,-308.80887,651.0709,1350.8705,301.7716,179.36938,1895.0311,465.95343,149.577,985.5925,216.43173,172.37575,1988.1628,551.9636,61.349,978.7102,182.5473,-27.693562,1820.4385,479.1419,104.14593,748.3713,-154.34323
IMG_4846.JPG,1969.3956,1345.8906,-179.18472,1992.7196,1358.918,-252.47044,1992.0217,1362.6282,-252.49399,1991.5393,1366.8618,-252.46127,1994.2949,1356.4648,-166.58095,1994.6195,1358.237,-166.45322,1995.2242,1359.8873,-166.60265,1981.6239,1407.5238,-415.86038,1984.545,1390.9814,-20.15495,1946.9507,1361.4858,-223.53752,1947.5916,1356.7572,-108.79596,1872.8319,1477.0818,-553.8248,1845.9419,1403.8882,289.91098,1647.0095,1521.6898,-671.4397,1633.6973,1413.1537,485.7509,1441.1628,1574.8737,-783.8139,1447.2434,1384.3855,418.14438,1375.6995,1599.4951,-863.40753,1396.955,1381.7827,463.50427,1365.9578,1582.2737,-842.0733,1392.5012,1384.8242,361.6095,1389.6266,1573.427,-773.2663,1406.4839,1385.7253,379.01694,1470.0245,1322.5935,-271.54633,1481.4026,1252.712,271.57278,1188.9271,1184.8125,-281.27997,1244.8645,1066.2238,396.1521,1190.4159,1462.6908,157.90022,1023.58746,861.97003,419.34164,1214.3605,1519.1449,210.49391,978.00793,867.35236,410.31866,1046.1652,1465.545,306.33224,940.58417,733.1188,339.07416
IMG_4884.JPG,686.6369,1607.3615,804.2254,666.8899,1608.5981,890.09094,667.0571,1609.3525,890.1056,667.23114,1610.0399,890.0869,658.76697,1614.2194,821.8771,652.08795,1619.3469,821.70593,644.2385,1625.0752,821.5332,655.54443,1635.681,1204.0875,623.6129,1662.6052,889.97296,703.9355,1623.547,917.30804,696.14264,1630.248,826.0455,811.4179,1705.9182,1277.5964,601.96545,1773.7032,664.183,954.7065,1815.5017,1233.3284,676.02295,1939.3184,198.79048,1106.3524,1871.1187,941.45386,762.9998,2097.212,-288.06396,1161.3995,1889.8905,915.5971,770.00885,2158.981,-386.3524,1154.1145,1887.7689,853.5001,787.9062,2151.7114,-394.79263,1126.168,1889.2052,905.5114,795.4535,2124.6794,-301.46976,1027.3362,1857.5481,197.27281,907.7608,1891.8271,-197.98615,1328.9319,1825.7877,-534.8759,1165.7129,1716.4614,-692.91254,1358.6926,2226.049,-871.80206,1250.8969,1465.3854,-1009.20886,1334.6694,2299.048,-902.494,1313.0016,1484.258,-1041.602,1507.7169,2310.041,-1047.8174,1339.8607,1424.7015,-1225.0721
IMG_4887.JPG,452.91177,2198.9177,-2057.969,420.4114,2237.9902,-2028.376,410.29813,2238.337,-2028.3156,398.75592,2239.004,-2028.8073,451.33676,2253.208,-2123.99,465.81754,2265.7266,-2124.654,482.14526,2281.7473,-2125.1992,401.2168,2271.1633,-1513.3245,539.1545,2351.1448,-1939.1355,467.5921,2172.0676,-1822.9622,508.66333,2191.3186,-1947.3086,392.29446,2159.2063,-743.89966,854.37854,2268.3699,-1439.394,556.4409,1972.3882,333.7052,1094.2814,2076.9539,-636.7411,694.3595,1815.0155,978.2141,1283.5962,1945.3308,283.49863,737.5132,1771.9457,1154.6104,1370.6609,1914.7867,437.62946,733.4215,1771.1252,1038.757,1361.9631,1900.7439,351.6854,725.78485,1783.0737,958.46405,1331.9355,1900.4573,289.14413,858.62317,1663.3779,210.89018,1053.3837,1758.2216,-210.8502,1095.624,1278.0723,751.3973,1204.0574,1288.7085,-512.92554,1187.3851,1420.6407,2138.2412,1402.2274,793.48157,-374.69974,1232.8943,1472.3158,2286.7205,1428.453,751.4449,-376.983,1331.0094,1306.55,2267.7366,1385.4702,578.47876,-892.99554
IMG_4888.JPG,346.0803,1928.4998,-1076.4519,320.36725,1953.4761,-1072.2692,317.12012,1953.3544,-1072.0459,313.3775,1952.7123,-1072.3295,334.0208,1965.985,-1172.4862,341.66095,1976.7064,-1172.9745,349.1782,1987.7382,-1173.1041,326.47086,1980.3903,-856.36145,376.51965,2035.0175,-1308.1348,370.46524,1916.413,-966.9086,388.37704,1933.2488,-1098.7261,388.2785,1955.3458,-397.34872,610.715,2027.2539,-1222.0193,536.92377,1882.5602,540.475,818.6826,1966.5591,-934.5204,601.13995,1806.9851,1433.4142,1034.2963,1903.3499,-314.01324,609.7405,1779.9501,1615.3047,1102.2507,1889.361,-237.25394,618.6585,1772.7207,1587.422,1101.2957,1871.0535,-273.57623,625.0204,1778.7635,1446.7065,1079.3198,1864.5562,-302.97406,769.8891,1658.5446,266.7216,881.44055,1675.5687,-267.15393,927.02075,1408.724,994.9107,949.79315,1301.3428,-222.07632,1068.785,1613.1511,1735.9866,1090.4685,937.1946,-112.35295,1097.7456,1684.2124,1825.1049,1153.5149,906.4281,-95.170525,1139.509,1593.691,1968.47,1015.8912,749.5862,-234.62161
IMG_4889.JPG,1425.0355,1602.5822,-1004.14813,1447.5051,1630.5779,-1071.2633,1443.1982,1641.172,-1071.3455,1439.1158,1652.4551,-1071.7115,1457.8395,1613.9795,-991.3134,1461.0192,1612.2183,-991.3089,1464.37,1610.6888,-991.3644,1423.8257,1695.7894,-1108.9758,1455.3667,1641.9347,-743.9828,1381.5178,1619.8256,-991.19714,1397.6523,1597.4363,-886.28,1186.0524,1704.6895,-1037.2706,1370.2955,1606.4026,-259.64655,921.1889,1692.6407,-995.798,1186.9457,1544.7236,374.97397,711.5988,1656.5464,-927.4039,1060.8141,1493.8224,815.9944,641.92914,1663.8685,-978.8002,1016.2318,1477.6019,934.7845,640.71027,1636.8893,-1019.83606,1024.7573,1470.8049,846.32196,660.8244,1629.063,-933.66327,1036.9077,1477.1222,799.5611,895.85034,1450.9822,-230.31947,989.25775,1385.5677,230.55028,670.59357,1171.3682,-88.735085,807.0501,1080.0046,280.59512,567.1065,1405.136,649.2592,662.1864,791.96234,349.38855,580.46216,1469.8673,728.6974,600.4296,790.0488,349.60013,461.99347,1343.1642,787.59174,665.3776,640.01373,220.64215
IMG_4890.JPG,1531.1218,2129.8855,-1343.7137,1543.3196,2177.5498,-1451.4915,1533.9094,2186.8784,-1451.4279,1524.6066,2197.014,-1451.9125,1565.724,2165.6882,-1343.7954,1572.2416,2165.9492,-1343.7079,1578.2191,2166.682,-1343.7855,1468.4133,2269.3765,-1546.6198,1536.434,2217.1707,-1042.9132,1472.5646,2126.4126,-1337.4799,1497.6707,2109.1829,-1193.5751,1150.7703,2266.0037,-1333.7115,1485.8202,2102.8708,-459.5126,849.5941,2158.6416,-1006.6359,1302.7886,1965.078,442.84613,633.88275,2012.2893,-580.8356,1222.471,1867.6975,1128.3053,553.44763,1987.5782,-556.1435,1188.8367,1833.3373,1281.1819,563.2726,1957.956,-632.90344,1194.5101,1828.2611,1175.9187,593.6135,1957.237,-582.8849,1199.3912,1842.4452,1109.6927,862.88873,1734.015,-275.17166,1053.0684,1623.5254,274.88202,579.1518,1314.8408,-121.254166,883.7257,1141.2186,471.30725,592.1672,1614.7712,1276.2551,716.0425,714.1221,590.7005,606.4736,1682.9956,1429.0753,641.17957,675.764,594.4326,511.45755,1681.1886,1602.7721,766.9224,490.074,430.00107
IMG_4891.png,1544.5963,1888.3914,-415.09006,1571.9879,1909.2969,-450.45157,1572.1692,1917.6099,-450.49567,1572.0115,1927.2573,-450.56387,1572.6692,1900.6683,-379.3671,1573.4218,1900.5662,-379.35345,1574.2703,1900.4015,-379.44064,1558.1686,1970.7944,-484.8299,1563.0138,1929.4481,-160.1161,1515.6725,1901.1947,-417.44745,1518.1525,1887.96,-323.70593,1376.7476,2014.1173,-566.352,1413.4207,1908.8073,132.3273,1132.3479,2038.1587,-653.503,1204.3734,1878.4315,332.8182,936.84674,2041.4636,-709.5199,1045.8649,1848.734,292.64163,864.83875,2058.7002,-768.69946,992.92413,1834.1337,320.23618,859.4964,2040.724,-760.9592,990.6638,1833.0215,249.05148,885.9062,2034.0865,-701.55896,1008.30707,1842.2883,265.52707,1011.1049,1848.3784,-205.35197,1043.3912,1763.2732,204.88693,762.2569,1630.7528,-294.1424,857.3231,1525.6831,89.06229,618.6183,1866.1611,82.65578,658.9108,1261.4192,130.54408,622.42566,1928.9854,125.63788,586.8423,1252.937,128.20433,462.17288,1810.82,113.92265,673.2999,1111.169,16.054842
IMG_5327.JPG,993.77466,786.05286,-33.904972,961.8664,802.69855,-3.4509032,960.8471,804.99475,-3.62532,959.154,807.7177,-3.5578928,960.5496,811.6694,-107.016174,958.8665,819.6336,-107.01416,956.2544,829.0942,-106.98139,960.8418,847.6276,186.9725,959.90155,875.82007,-278.1088,1026.9557,801.7842,52.28959,1027.3354,812.4169,-82.23054,1153.0177,859.82477,476.483,1126.2678,936.4537,-482.74484,1422.1611,894.50165,658.8577,1398.4967,995.0543,-550.1259,1636.4707,917.5109,611.59735,1645.6931,1016.67816,-459.6512,1706.3484,928.68134,604.88165,1723.7861,1032.8875,-525.23413,1711.5225,929.32837,532.88635,1729.522,1013.90955,-516.2527,1686.6354,922.03015,574.37305,1707.0198,1003.34045,-449.15268,1613.9773,794.39856,304.19208,1610.4572,853.4375,-304.08807,1957.8757,686.0975,348.47888,1855.7435,540.0036,-396.09192,2203.2466,916.69025,665.0196,2212.769,381.2375,-123.69789,2220.5654,992.35706,696.7833,2257.8484,407.0517,-98.07677,2331.6567,859.7947,636.89294,2319.3345,211.63416,-268.92795
IMG_5328 copy 10.JPG,804.7099,721.37964,-547.80005,766.8519,743.0078,-524.25433,766.09186,743.8747,-524.35956,765.3064,745.01556,-524.42126,768.03723,754.9169,-629.2991,768.23865,764.34375,-629.5637,768.78796,774.81934,-629.6199,773.85016,786.96106,-313.03555,781.515,832.0835,-784.9311,839.53485,729.7325,-447.91812,841.03516,745.98047,-584.158,962.5917,790.5001,64.88752,983.0897,878.7124,-907.0916,1268.6807,804.0542,302.21176,1304.4913,912.39325,-870.3449,1489.6155,811.916,289.02194,1571.2231,929.36017,-599.9405,1552.6536,812.6159,290.4633,1649.3655,956.0051,-648.6748,1553.6514,809.22516,229.82915,1658.1185,934.56757,-638.0326,1542.0045,809.0154,256.26437,1633.2101,918.45197,-586.791,1486.8524,704.8201,305.1364,1511.8278,768.30664,-305.32626,1782.5913,580.2947,674.5756,1747.1191,454.99588,-218.29848,2018.089,796.2152,1271.8472,2055.0776,286.15424,232.479,2050.1802,854.262,1336.1603,2109.6929,310.18744,277.413,2129.88,720.07227,1339.5938,2155.6611,116.8739,151.27557
IMG_5328 copy 2.JPG,804.7099,721.37964,-547.80005,766.8519,743.0078,-524.25433,766.09186,743.8747,-524.35956,765.3064,745.01556,-524.42126,768.03723,754.9169,-629.2991,768.23865,764.34375,-629.5637,768.78796,774.81934,-629.6199,773.85016,786.96106,-313.03555,781.515,832.0835,-784.9311,839.53485,729.7325,-447.91812,841.03516,745.98047,-584.158,962.5917,790.5001,64.88752,983.0897,878.7124,-907.0916,1268.6807,804.0542,302.21176,1304.4913,912.39325,-870.3449,1489.6155,811.916,289.02194,1571.2231,929.36017,-599.9405,1552.6536,812.6159,290.4633,1649.3655,956.0051,-648.6748,1553.6514,809.22516,229.82915,1658.1185,934.56757,-638.0326,1542.0045,809.0154,256.26437,1633.2101,918.45197,-586.791,1486.8524,704.8201,305.1364,1511.8278,768.30664,-305.32626,1782.5913,580.2947,674.5756,1747.1191,454.99588,-218.29848,2018.089,796.2152,1271.8472,2055.0776,286.15424,232.479,2050.1802,854.262,1336.1603,2109.6929,310.18744,277.413,2129.88,720.07227,1339.5938,2155.6611,116.8739,151.27557
IMG_5328 copy 3.JPG,804.7099,721.37964,-547.80005,766.8519,743.0078,-524.25433,766.09186,743.8747,-524.35956,765.3064,745.01556,-524.42126,768.03723,754.9169,-629.2991,768.23865,764.34375,-629.5637,768.78796,774.81934,-629.6199,773.85016,786.96106,-313.03555,781.515,832.0835,-784.9311,839.53485,729.7325,-447.91812,841.03516,745.98047,-584.158,962.5917,790.5001,64.88752,983.0897,878.7124,-907.0916,1268.6807,804.0542,302.21176,1304.4913,912.39325,-870.3449,1489.6155,811.916,289.02194,1571.2231,929.36017,-599.9405,1552.6536,812.6159,290.4633,1649.3655,956.0051,-648.6748,1553.6514,809.22516,229.82915,1658.1185,934.56757,-638.0326,1542.0045,809.0154,256.26437,1633.2101,918.45197,-586.791,1486.8524,704.8201,305.1364,1511.8278,768.30664,-305.32626,1782.5913,580.2947,674.5756,1747.1191,454.99588,-218.29848,2018.089,796.2152,1271.8472,2055.0776,286.15424,232.479,2050.1802,854.262,1336.1603,2109.6929,310.18744,277.413,2129.88,720.07227,1339.5938,2155.6611,116.8739,151.27557
IMG_5328 copy 4.JPG,804.7099,721.37964,-547.80005,766.8519,743.0078,-524.25433,766.09186,743.8747,-524.35956,765.3064,745.01556,-524.42126,768.03723,754.9169,-629.2991,768.23865,764.34375,-629.5637,768.78796,774.81934,-629.6199,773.85016,786.96106,-313.03555,781.515,832.0835,-784.9311,839.53485,729.7325,-447.91812,841.03516,745.98047,-584.158,962.5917,790.5001,64.88752,983.0897,878.7124,-907.0916,1268.6807,804.0542,302.21176,1304.4913,912.39325,-870.3449,1489.6155,811.916,289.02194,1571.2231,929.36017,-599.9405,1552.6536,812.6159,290.4633,1649.3655,956.0051,-648.6748,1553.6514,809.22516,229.82915,1658.1185,934.56757,-638.0326,1542.0045,809.0154,256.26437,1633.2101,918.45197,-586.791,1486.8524,704.8201,305.1364,1511.8278,768.30664,-305.32626,1782.5913,580.2947,674.5756,1747.1191,454.99588,-218.29848,2018.089,796.2152,1271.8472,2055.0776,286.15424,232.479,2050.1802,854.262,1336.1603,2109.6929,310.18744,277.413,2129.88,720.07227,1339.5938,2155.6611,116.8739,151.27557
IMG_5328 copy 5.JPG,804.7099,721.37964,-547.80005,766.8519,743.0078,-524.25433,766.09186,743.8747,-524.35956,765.3064,745.01556,-524.42126,768.03723,754.9169,-629.2991,768.23865,764.34375,-629.5637,768.78796,774.81934,-629.6199,773.85016,786.96106,-313.03555,781.515,832.0835,-784.9311,839.53485,729.7325,-447.91812,841.03516,745.98047,-584.158,962.5917,790.5001,64.88752,983.0897,878.7124,-907.0916,1268.6807,804.0542,302.21176,1304.4913,912.39325,-870.3449,1489.6155,811.916,289.02194,1571.2231,929.36017,-599.9405,1552.6536,812.6159,290.4633,1649.3655,956.0051,-648.6748,1553.6514,809.22516,229.82915,1658.1185,934.56757,-638.0326,1542.0045,809.0154,256.26437,1633.2101,918.45197,-586.791,1486.8524,704.8201,305.1364,1511.8278,768.30664,-305.32626,1782.5913,580.2947,674.5756,1747.1191,454.99588,-218.29848,2018.089,796.2152,1271.8472,2055.0776,286.15424,232.479,2050.1802,854.262,1336.1603,2109.6929,310.18744,277.413,2129.88,720.07227,1339.5938,2155.6611,116.8739,151.27557
IMG_5328 copy 6.JPG,804.7099,721.37964,-547.80005,766.8519,743.0078,-524.25433,766.09186,743.8747,-524.35956,765.3064,745.01556,-524.42126,768.03723,754.9169,-629.2991,768.23865,764.34375,-629.5637,768.78796,774.81934,-629.6199,773.85016,786.96106,-313.03555,781.515,832.0835,-784.9311,839.53485,729.7325,-447.91812,841.03516,745.98047,-584.158,962.5917,790.5001,64.88752,983.0897,878.7124,-907.0916,1268.6807,804.0542,302.21176,1304.4913,912.39325,-870.3449,1489.6155,811.916,289.02194,1571.2231,929.36017,-599.9405,1552.6536,812.6159,290.4633,1649.3655,956.0051,-648.6748,1553.6514,809.22516,229.82915,1658.1185,934.56757,-638.0326,1542.0045,809.0154,256.26437,1633.2101,918.45197,-586.791,1486.8524,704.8201,305.1364,1511.8278,768.30664,-305.32626,1782.5913,580.2947,674.5756,1747.1191,454.99588,-218.29848,2018.089,796.2152,1271.8472,2055.0776,286.15424,232.479,2050.1802,854.262,1336.1603,2109.6929,310.18744,277.413,2129.88,720.07227,1339.5938,2155.6611,116.8739,151.27557
IMG_5328 copy 7.JPG,804.7099,721.37964,-547.80005,766.8519,743.0078,-524.25433,766.09186,743.8747,-524.35956,765.3064,745.01556,-524.42126,768.03723,754.9169,-629.2991,768.23865,764.34375,-629.5637,768.78796,774.81934,-629.6199,773.85016,786.96106,-313.03555,781.515,832.0835,-784.9311,839.53485,729.7325,-447.91812,841.03516,745.98047,-584.158,962.5917,790.5001,64.88752,983.0897,878.7124,-907.0916,1268.6807,804.0542,302.21176,1304.4913,912.39325,-870.3449,1489.6155,811.916,289.02194,1571.2231,929.36017,-599.9405,1552.6536,812.6159,290.4633,1649.3655,956.0051,-648.6748,1553.6514,809.22516,229.82915,1658.1185,934.56757,-638.0326,1542.0045,809.0154,256.26437,1633.2101,918.45197,-586.791,1486.8524,704.8201,305.1364,1511.8278,768.30664,-305.32626,1782.5913,580.2947,674.5756,1747.1191,454.99588,-218.29848,2018.089,796.2152,1271.8472,2055.0776,286.15424,232.479,2050.1802,854.262,1336.1603,2109.6929,310.18744,277.413,2129.88,720.07227,1339.5938,2155.6611,116.8739,151.27557
IMG_5328 copy 8.JPG,804.7099,721.37964,-547.80005,766.8519,743.0078,-524.25433,766.09186,743.8747,-524.35956,765.3064,745.01556,-524.42126,768.03723,754.9169,-629.2991,768.23865,764.34375,-629.5637,768.78796,774.81934,-629.6199,773.85016,786.96106,-313.03555,781.515,832.0835,-784.9311,839.53485,729.7325,-447.91812,841.03516,745.98047,-584.158,962.5917,790.5001,64.88752,983.0897,878.7124,-907.0916,1268.6807,804.0542,302.21176,1304.4913,912.39325,-870.3449,1489.6155,811.916,289.02194,1571.2231,929.36017,-599.9405,1552.6536,812.6159,290.4633,1649.3655,956.0051,-648.6748,1553.6514,809.22516,229.82915,1658.1185,934.56757,-638.0326,1542.0045,809.0154,256.26437,1633.2101,918.45197,-586.791,1486.8524,704.8201,305.1364,1511.8278,768.30664,-305.32626,1782.5913,580.2947,674.5756,1747.1191,454.99588,-218.29848,2018.089,796.2152,1271.8472,2055.0776,286.15424,232.479,2050.1802,854.262,1336.1603,2109.6929,310.18744,277.413,2129.88,720.07227,1339.5938,2155.6611,116.8739,151.27557
IMG_5328 copy 9.JPG,804.7099,721.37964,-547.80005,766.8519,743.0078,-524.25433,766.09186,743.8747,-524.35956,765.3064,745.01556,-524.42126,768.03723,754.9169,-629.2991,768.23865,764.34375,-629.5637,768.78796,774.81934,-629.6199,773.85016,786.96106,-313.03555,781.515,832.0835,-784.9311,839.53485,729.7325,-447.91812,841.03516,745.98047,-584.158,962.5917,790.5001,64.88752,983.0897,878.7124,-907.0916,1268.6807,804.0542,302.21176,1304.4913,912.39325,-870.3449,1489.6155,811.916,289.02194,1571.2231,929.36017,-599.9405,1552.6536,812.6159,290.4633,1649.3655,956.0051,-648.6748,1553.6514,809.22516,229.82915,1658.1185,934.56757,-638.0326,1542.0045,809.0154,256.26437,1633.2101,918.45197,-586.791,1486.8524,704.8201,305.1364,1511.8278,768.30664,-305.32626,1782.5913,580.2947,674.5756,1747.1191,454.99588,-218.29848,2018.089,796.2152,1271.8472,2055.0776,286.15424,232.479,2050.1802,854.262,1336.1603,2109.6929,310.18744,277.413,2129.88,720.07227,1339.5938,2155.6611,116.8739,151.27557
IMG_5328 copy.JPG,804.7099,721.37964,-547.80005,766.8519,743.0078,-524.25433,766.09186,743.8747,-524.35956,765.3064,745.01556,-524.42126,768.03723,754.9169,-629.2991,768.23865,764.34375,-629.5637,768.78796,774.81934,-629.6199,773.85016,786.96106,-313.03555,781.515,832.0835,-784.9311,839.53485,729.7325,-447.91812,841.03516,745.98047,-584.158,962.5917,790.5001,64.88752,983.0897,878.7124,-907.0916,1268.6807,804.0542,302.21176,1304.4913,912.39325,-870.3449,1489.6155,811.916,289.02194,1571.2231,929.36017,-599.9405,1552.6536,812.6159,290.4633,1649.3655,956.0051,-648.6748,1553.6514,809.22516,229.82915,1658.1185,934.56757,-638.0326,1542.0045,809.0154,256.26437,1633.2101,918.45197,-586.791,1486.8524,704.8201,305.1364,1511.8278,768.30664,-305.32626,1782.5913,580.2947,674.5756,1747.1191,454.99588,-218.29848,2018.089,796.2152,1271.8472,2055.0776,286.15424,232.479,2050.1802,854.262,1336.1603,2109.6929,310.18744,277.413,2129.88,720.07227,1339.5938,2155.6611,116.8739,151.27557
IMG_5328.JPG,804.7099,721.37964,-547.80005,766.8519,743.0078,-524.25433,766.09186,743.8747,-524.35956,765.3064,745.01556,-524.42126,768.03723,754.9169,-629.2991,768.23865,764.34375,-629.5637,768.78796,774.81934,-629.6199,773.85016,786.96106,-313.03555,781.515,832.0835,-784.9311,839.53485,729.7325,-447.91812,841.03516,745.98047,-584.158,962.5917,790.5001,64.88752,983.0897,878.7124,-907.0916,1268.6807,804.0542,302.21176,1304.4913,912.39325,-870.3449,1489.6155,811.916,289.02194,1571.2231,929.36017,-599.9405,1552.6536,812.6159,290.4633,1649.3655,956.0051,-648.6748,1553.6514,809.22516,229.82915,1658.1185,934.56757,-638.0326,1542.0045,809.0154,256.26437,1633.2101,918.45197,-586.791,1486.8524,704.8201,305.1364,1511.8278,768.30664,-305.32626,1782.5913,580.2947,674.5756,1747.1191,454.99588,-218.29848,2018.089,796.2152,1271.8472,2055.0776,286.15424,232.479,2050.1802,854.262,1336.1603,2109.6929,310.18744,277.413,2129.88,720.07227,1339.5938,2155.6611,116.8739,151.27557
IMG_5331.png,2119.0571,1199.7578,-1467.0975,2084.9094,1299.6481,-1516.613,2066.36,1314.5428,-1516.4312,2047.7494,1329.1925,-1516.6265,2131.2446,1271.6393,-1485.2875,2148.9277,1264.8604,-1485.2689,2166.6367,1258.0273,-1485.0435,2006.2317,1366.6519,-1399.3928,2176.2246,1268.0339,-1245.8445,2052.491,1196.7803,-1388.2552,2116.0664,1169.7079,-1342.9767,1793.8513,1313.943,-1008.48676,2147.0234,1160.3188,-888.4384,1623.3381,1261.171,-829.19507,2092.7302,1006.92804,-231.06566,1518.2653,1171.2206,-1002.17267,2077.354,937.0621,195.30406,1453.5355,1145.4164,-1053.7957,2075.0742,909.8855,231.5314,1486.8463,1120.0537,-1112.9283,2085.974,922.0428,151.84187,1527.3806,1122.5739,-1026.5806,2076.2683,934.0435,176.71738,1719.0767,892.46387,3.841348,1893.0665,805.6274,-3.1313772,1594.1543,740.52356,572.0325,1850.918,533.1368,608.2412,1627.0485,666.4117,1612.6371,1753.5568,324.40652,1462.8362,1642.6084,660.41394,1715.9785,1738.9581,320.7741,1544.4713,1594.1235,561.0803,1624.6106,1691.136,170.56482,1355.1016
IMG_5332.JPG,2551.0781,1173.2097,-1281.0958,2604.2874,1229.1266,-1362.1471,2600.0945,1244.28,-1362.3403,2595.901,1262.5375,-1362.8362,2615.6414,1203.9498,-1256.5028,2617.9336,1202.8749,-1256.7628,2620.7515,1202.5588,-1257.1425,2555.0713,1370.9713,-1435.2139,2584.7903,1299.4832,-953.42755,2481.9917,1205.1453,-1278.6543,2492.7769,1175.2755,-1139.2687,2091.4294,1422.892,-1313.2356,2341.8113,1245.9747,-467.5959,1618.3768,1442.7329,-1139.5403,1945.6779,1175.8218,401.31497,1265.6041,1400.3885,-1008.422,1677.5929,1053.5394,1055.2543,1134.5658,1432.9685,-1064.2094,1606.502,1035.5555,1174.6086,1132.8807,1395.3986,-1132.5221,1623.0032,1013.6644,1074.1592,1178.6158,1383.6836,-1026.0946,1638.6719,1033.2047,1034.4961,1473.0603,1093.7212,-252.74182,1606.0825,943.9114,252.80205,1100.6863,738.0209,260.926,1264.711,619.7398,871.2543,810.1061,1109.569,1092.1672,885.06244,461.74182,1528.8093,792.73724,1200.6765,1173.5325,816.0657,477.16046,1594.023,680.9947,942.8903,1069.4221,845.5806,240.05872,1514.8665
IMG_5333.JPG,3004.1416,1134.4313,-638.31964,3065.5083,1177.6782,-750.4653,3066.4148,1189.5917,-750.39307,3067.4897,1202.1442,-750.4659,3068.4663,1166.5239,-606.0109,3071.2847,1170.183,-606.04846,3074.2126,1174.415,-606.2087,3041.1401,1294.3721,-1005.2367,3050.9167,1253.0199,-354.85486,2934.769,1169.9521,-710.7369,2939.267,1152.3433,-521.43054,2682.9053,1439.7439,-1174.597,2696.3967,1257.9845,107.346016,2122.8213,1512.7179,-1215.4976,2210.4192,1225.4381,439.00998,1672.9205,1531.8535,-1182.9814,1792.0598,1272.4485,400.21127,1530.8625,1578.7567,-1302.5891,1661.8433,1277.0403,443.76166,1513.7386,1539.355,-1289.324,1663.4446,1269.5156,295.7695,1562.4692,1518.7742,-1167.3279,1744.5455,1250.8711,344.5965,1803.4443,1203.165,-383.6363,1850.2031,1038.0385,383.5314,1265.3365,849.79346,-226.82483,1421.8112,718.85004,568.71027,849.8387,1323.557,386.43384,927.7417,530.2441,890.7614,821.68744,1439.689,445.79846,849.8941,588.1185,905.9628,617.7098,1131.9824,309.71564,694.89343,309.4228,735.58374
IMG_5884.JPG,2589.9705,677.5135,-13.251568,2633.0095,707.2595,-95.607765,2633.8242,716.27124,-95.78915,2634.8518,726.12366,-96.01075,2633.135,701.6401,33.632103,2633.8823,705.4387,33.79454,2635.0173,709.9107,33.35034,2613.8738,801.6312,-299.82733,2617.6533,773.44324,289.8679,2537.6042,693.9082,-74.647285,2537.2766,686.35406,95.919846,2354.2034,902.3538,-627.82184,2310.2954,734.7365,713.80066,1920.3268,987.92194,-791.0603,1927.7948,742.20355,942.4804,1537.3447,1020.7173,-906.45,1623.4235,814.40625,833.5964,1407.4374,1060.8181,-1032.1234,1524.3274,819.33215,872.62146,1396.6644,1037.4578,-1021.05865,1516.7701,828.2739,747.2135,1439.4769,1021.66473,-895.1125,1553.3478,825.62634,781.56116,1614.9976,672.28186,-437.2805,1643.1208,554.2708,436.80115,1099.4432,287.84055,-533.5042,1152.7339,237.4714,571.50635,960.4615,889.3525,-116.97613,727.71606,-8.606758,744.0058,1011.6226,985.09357,-66.16161,661.48376,16.932222,742.7399,687.1303,881.11395,-44.68453,657.038,-163.20834,612.91547
IMG_5885.JPG,2680.088,859.8158,-473.034,2733.029,886.1436,-572.6785,2733.7686,894.55774,-572.89716,2734.5085,903.6824,-573.2989,2734.038,880.08795,-438.7567,2735.5688,884.238,-438.68042,2737.295,889.00037,-439.1992,2706.9717,984.27325,-814.2367,2711.0713,971.3661,-204.9355,2615.4395,882.02356,-544.12366,2616.4695,874.6937,-367.0137,2359.2915,1070.6971,-1043.6113,2379.0488,938.0799,269.581,1857.7178,1131.8727,-1037.616,1956.9274,898.0575,529.6342,1446.3337,1127.1221,-876.80194,1662.2524,905.1223,459.3595,1300.0348,1166.4778,-979.25256,1582.922,868.57196,492.9168,1283.239,1145.3927,-986.29565,1579.8188,897.54486,378.30997,1352.802,1120.9758,-867.1754,1609.5348,886.27435,408.81744,1586.087,812.5893,-392.1515,1639.1234,701.4915,391.50037,1068.3999,363.7711,-386.3965,1243.6741,264.28168,761.79724,932.4053,953.95087,284.2229,794.1473,72.327255,1091.6824,964.1325,1063.825,356.21112,693.62463,85.725334,1110.8813,644.4076,928.569,375.2867,710.90326,-82.92372,1010.7207
IMG_5886 copy 10.JPG,2716.5789,1079.7391,-1202.2716,2764.799,1127.757,-1318.9357,2760.5684,1141.6879,-1318.9281,2756.2983,1157.578,-1319.2778,2773.961,1105.2931,-1184.6663,2776.103,1103.1068,-1184.8411,2779.2673,1101.2203,-1185.0707,2708.908,1267.9304,-1526.6204,2738.9846,1197.0449,-912.02985,2652.3667,1107.5465,-1247.0737,2662.5562,1080.0497,-1069.4105,2329.6584,1324.1682,-1516.1154,2464.6548,1147.8844,-321.39322,1872.4875,1344.1661,-1340.6729,2095.5684,1117.4761,489.72415,1463.4711,1311.8789,-1164.4822,1864.116,1064.7603,1042.2294,1357.0104,1341.4828,-1245.7513,1777.6321,1075.6371,1190.1354,1341.2871,1316.9065,-1280.3936,1798.596,1055.1648,1056.0741,1382.041,1298.862,-1164.4315,1826.3639,1069.3555,1009.8268,1655.628,965.449,-403.96695,1778.2299,849.14813,403.78864,1236.1215,522.95026,-178.14056,1465.2172,503.78958,1164.7906,1189.3861,1064.9321,790.4566,1201.1053,253.24408,1625.6509,1211.3292,1163.7789,902.4747,1126.5299,265.78842,1676.8208,994.6616,1065.9346,1085.4126,1096.0164,43.500786,1709.4541
IMG_5886 copy 2.JPG,2716.5789,1079.7391,-1202.2716,2764.799,1127.757,-1318.9357,2760.5684,1141.6879,-1318.9281,2756.2983,1157.578,-1319.2778,2773.961,1105.2931,-1184.6663,2776.103,1103.1068,-1184.8411,2779.2673,1101.2203,-1185.0707,2708.908,1267.9304,-1526.6204,2738.9846,1197.0449,-912.02985,2652.3667,1107.5465,-1247.0737,2662.5562,1080.0497,-1069.4105,2329.6584,1324.1682,-1516.1154,2464.6548,1147.8844,-321.39322,1872.4875,1344.1661,-1340.6729,2095.5684,1117.4761,489.72415,1463.4711,1311.8789,-1164.4822,1864.116,1064.7603,1042.2294,1357.0104,1341.4828,-1245.7513,1777.6321,1075.6371,1190.1354,1341.2871,1316.9065,-1280.3936,1798.596,1055.1648,1056.0741,1382.041,1298.862,-1164.4315,1826.3639,1069.3555,1009.8268,1655.628,965.449,-403.96695,1778.2299,849.14813,403.78864,1236.1215,522.95026,-178.14056,1465.2172,503.78958,1164.7906,1189.3861,1064.9321,790.4566,1201.1053,253.24408,1625.6509,1211.3292,1163.7789,902.4747,1126.5299,265.78842,1676.8208,994.6616,1065.9346,1085.4126,1096.0164,43.500786,1709.4541
IMG_5886 copy 3.JPG,2716.5789,1079.7391,-1202.2716,2764.799,1127.757,-1318.9357,2760.5684,1141.6879,-1318.9281,2756.2983,1157.578,-1319.2778,2773.961,1105.2931,-1184.6663,2776.103,1103.1068,-1184.8411,2779.2673,1101.2203,-1185.0707,2708.908,1267.9304,-1526.6204,2738.9846,1197.0449,-912.02985,2652.3667,1107.5465,-1247.0737,2662.5562,1080.0497,-1069.4105,2329.6584,1324.1682,-1516.1154,2464.6548,1147.8844,-321.39322,1872.4875,1344.1661,-1340.6729,2095.5684,1117.4761,489.72415,1463.4711,1311.8789,-1164.4822,1864.116,1064.7603,1042.2294,1357.0104,1341.4828,-1245.7513,1777.6321,1075.6371,1190.1354,1341.2871,1316.9065,-1280.3936,1798.596,1055.1648,1056.0741,1382.041,1298.862,-1164.4315,1826.3639,1069.3555,1009.8268,1655.628,965.449,-403.96695,1778.2299,849.14813,403.78864,1236.1215,522.95026,-178.14056,1465.2172,503.78958,1164.7906,1189.3861,1064.9321,790.4566,1201.1053,253.24408,1625.6509,1211.3292,1163.7789,902.4747,1126.5299,265.78842,1676.8208,994.6616,1065.9346,1085.4126,1096.0164,43.500786,1709.4541
IMG_5886 copy 4.JPG,2716.5789,1079.7391,-1202.2716,2764.799,1127.757,-1318.9357,2760.5684,1141.6879,-1318.9281,2756.2983,1157.578,-1319.2778,2773.961,1105.2931,-1184.6663,2776.103,1103.1068,-1184.8411,2779.2673,1101.2203,-1185.0707,2708.908,1267.9304,-1526.6204,2738.9846,1197.0449,-912.02985,2652.3667,1107.5465,-1247.0737,2662.5562,1080.0497,-1069.4105,2329.6584,1324.1682,-1516.1154,2464.6548,1147.8844,-321.39322,1872.4875,1344.1661,-1340.6729,2095.5684,1117.4761,489.72415,1463.4711,1311.8789,-1164.4822,1864.116,1064.7603,1042.2294,1357.0104,1341.4828,-1245.7513,1777.6321,1075.6371,1190.1354,1341.2871,1316.9065,-1280.3936,1798.596,1055.1648,1056.0741,1382.041,1298.862,-1164.4315,1826.3639,1069.3555,1009.8268,1655.628,965.449,-403.96695,1778.2299,849.14813,403.78864,1236.1215,522.95026,-178.14056,1465.2172,503.78958,1164.7906,1189.3861,1064.9321,790.4566,1201.1053,253.24408,1625.6509,1211.3292,1163.7789,902.4747,1126.5299,265.78842,1676.8208,994.6616,1065.9346,1085.4126,1096.0164,43.500786,1709.4541
IMG_5886 copy 5.JPG,2716.5789,1079.7391,-1202.2716,2764.799,1127.757,-1318.9357,2760.5684,1141.6879,-1318.9281,2756.2983,1157.578,-1319.2778,2773.961,1105.2931,-1184.6663,2776.103,1103.1068,-1184.8411,2779.2673,1101.2203,-1185.0707,2708.908,1267.9304,-1526.6204,2738.9846,1197.0449,-912.02985,2652.3667,1107.5465,-1247.0737,2662.5562,1080.0497,-1069.4105,2329.6584,1324.1682,-1516.1154,2464.6548,1147.8844,-321.39322,1872.4875,1344.1661,-1340.6729,2095.5684,1117.4761,489.72415,1463.4711,1311.8789,-1164.4822,1864.116,1064.7603,1042.2294,1357.0104,1341.4828,-1245.7513,1777.6321,1075.6371,1190.1354,1341.2871,1316.9065,-1280.3936,1798.596,1055.1648,1056.0741,1382.041,1298.862,-1164.4315,1826.3639,1069.3555,1009.8268,1655.628,965.449,-403.96695,1778.2299,849.14813,403.78864,1236.1215,522.95026,-178.14056,1465.2172,503.78958,1164.7906,1189.3861,1064.9321,790.4566,1201.1053,253.24408,1625.6509,1211.3292,1163.7789,902.4747,1126.5299,265.78842,1676.8208,994.6616,1065.9346,1085.4126,1096.0164,43.500786,1709.4541
IMG_5886 copy 6.JPG,2716.5789,1079.7391,-1202.2716,2764.799,1127.757,-1318.9357,2760.5684,1141.6879,-1318.9281,2756.2983,1157.578,-1319.2778,2773.961,1105.2931,-1184.6663,2776.103,1103.1068,-1184.8411,2779.2673,1101.2203,-1185.0707,2708.908,1267.9304,-1526.6204,2738.9846,1197.0449,-912.02985,2652.3667,1107.5465,-1247.0737,2662.5562,1080.0497,-1069.4105,2329.6584,1324.1682,-1516.1154,2464.6548,1147.8844,-321.39322,1872.4875,1344.1661,-1340.6729,2095.5684,1117.4761,489.72415,1463.4711,1311.8789,-1164.4822,1864.116,1064.7603,1042.2294,1357.0104,1341.4828,-1245.7513,1777.6321,1075.6371,1190.1354,1341.2871,1316.9065,-1280.3936,1798.596,1055.1648,1056.0741,1382.041,1298.862,-1164.4315,1826.3639,1069.3555,1009.8268,1655.628,965.449,-403.96695,1778.2299,849.14813,403.78864,1236.1215,522.95026,-178.14056,1465.2172,503.78958,1164.7906,1189.3861,1064.9321,790.4566,1201.1053,253.24408,1625.6509,1211.3292,1163.7789,902.4747,1126.5299,265.78842,1676.8208,994.6616,1065.9346,1085.4126,1096.0164,43.500786,1709.4541
IMG_5886 copy 7.JPG,2716.5789,1079.7391,-1202.2716,2764.799,1127.757,-1318.9357,2760.5684,1141.6879,-1318.9281,2756.2983,1157.578,-1319.2778,2773.961,1105.2931,-1184.6663,2776.103,1103.1068,-1184.8411,2779.2673,1101.2203,-1185.0707,2708.908,1267.9304,-1526.6204,2738.9846,1197.0449,-912.02985,2652.3667,1107.5465,-1247.0737,2662.5562,1080.0497,-1069.4105,2329.6584,1324.1682,-1516.1154,2464.6548,1147.8844,-321.39322,1872.4875,1344.1661,-1340.6729,2095.5684,1117.4761,489.72415,1463.4711,1311.8789,-1164.4822,1864.116,1064.7603,1042.2294,1357.0104,1341.4828,-1245.7513,1777.6321,1075.6371,1190.1354,1341.2871,1316.9065,-1280.3936,1798.596,1055.1648,1056.0741,1382.041,1298.862,-1164.4315,1826.3639,1069.3555,1009.8268,1655.628,965.449,-403.96695,1778.2299,849.14813,403.78864,1236.1215,522.95026,-178.14056,1465.2172,503.78958,1164.7906,1189.3861,1064.9321,790.4566,1201.1053,253.24408,1625.6509,1211.3292,1163.7789,902.4747,1126.5299,265.78842,1676.8208,994.6616,1065.9346,1085.4126,1096.0164,43.500786,1709.4541
IMG_5886 copy 8.JPG,2716.5789,1079.7391,-1202.2716,2764.799,1127.757,-1318.9357,2760.5684,1141.6879,-1318.9281,2756.2983,1157.578,-1319.2778,2773.961,1105.2931,-1184.6663,2776.103,1103.1068,-1184.8411,2779.2673,1101.2203,-1185.0707,2708.908,1267.9304,-1526.6204,2738.9846,1197.0449,-912.02985,2652.3667,1107.5465,-1247.0737,2662.5562,1080.0497,-1069.4105,2329.6584,1324.1682,-1516.1154,2464.6548,1147.8844,-321.39322,1872.4875,1344.1661,-1340.6729,2095.5684,1117.4761,489.72415,1463.4711,1311.8789,-1164.4822,1864.116,1064.7603,1042.2294,1357.0104,1341.4828,-1245.7513,1777.6321,1075.6371,1190.1354,1341.2871,1316.9065,-1280.3936,1798.596,1055.1648,1056.0741,1382.041,1298.862,-1164.4315,1826.3639,1069.3555,1009.8268,1655.628,965.449,-403.96695,1778.2299,849.14813,403.78864,1236.1215,522.95026,-178.14056,1465.2172,503.78958,1164.7906,1189.3861,1064.9321,790.4566,1201.1053,253.24408,1625.6509,1211.3292,1163.7789,902.4747,1126.5299,265.78842,1676.8208,994.6616,1065.9346,1085.4126,1096.0164,43.500786,1709.4541
IMG_5886 copy 9.JPG,2716.5789,1079.7391,-1202.2716,2764.799,1127.757,-1318.9357,2760.5684,1141.6879,-1318.9281,2756.2983,1157.578,-1319.2778,2773.961,1105.2931,-1184.6663,2776.103,1103.1068,-1184.8411,2779.2673,1101.2203,-1185.0707,2708.908,1267.9304,-1526.6204,2738.9846,1197.0449,-912.02985,2652.3667,1107.5465,-1247.0737,2662.5562,1080.0497,-1069.4105,2329.6584,1324.1682,-1516.1154,2464.6548,1147.8844,-321.39322,1872.4875,1344.1661,-1340.6729,2095.5684,1117.4761,489.72415,1463.4711,1311.8789,-1164.4822,1864.116,1064.7603,1042.2294,1357.0104,1341.4828,-1245.7513,1777.6321,1075.6371,1190.1354,1341.2871,1316.9065,-1280.3936,1798.596,1055.1648,1056.0741,1382.041,1298.862,-1164.4315,1826.3639,1069.3555,1009.8268,1655.628,965.449,-403.96695,1778.2299,849.14813,403.78864,1236.1215,522.95026,-178.14056,1465.2172,503.78958,1164.7906,1189.3861,1064.9321,790.4566,1201.1053,253.24408,1625.6509,1211.3292,1163.7789,902.4747,1126.5299,265.78842,1676.8208,994.6616,1065.9346,1085.4126,1096.0164,43.500786,1709.4541
IMG_5886 copy.JPG,2716.5789,1079.7391,-1202.2716,2764.799,1127.757,-1318.9357,2760.5684,1141.6879,-1318.9281,2756.2983,1157.578,-1319.2778,2773.961,1105.2931,-1184.6663,2776.103,1103.1068,-1184.8411,2779.2673,1101.2203,-1185.0707,2708.908,1267.9304,-1526.6204,2738.9846,1197.0449,-912.02985,2652.3667,1107.5465,-1247.0737,2662.5562,1080.0497,-1069.4105,2329.6584,1324.1682,-1516.1154,2464.6548,1147.8844,-321.39322,1872.4875,1344.1661,-1340.6729,2095.5684,1117.4761,489.72415,1463.4711,1311.8789,-1164.4822,1864.116,1064.7603,1042.2294,1357.0104,1341.4828,-1245.7513,1777.6321,1075.6371,1190.1354,1341.2871,1316.9065,-1280.3936,1798.596,1055.1648,1056.0741,1382.041,1298.862,-1164.4315,1826.3639,1069.3555,1009.8268,1655.628,965.449,-403.96695,1778.2299,849.14813,403.78864,1236.1215,522.95026,-178.14056,1465.2172,503.78958,1164.7906,1189.3861,1064.9321,790.4566,1201.1053,253.24408,1625.6509,1211.3292,1163.7789,902.4747,1126.5299,265.78842,1676.8208,994.6616,1065.9346,1085.4126,1096.0164,43.500786,1709.4541
IMG_5886.JPG,2716.5789,1079.7391,-1202.2716,2764.799,1127.757,-1318.9357,2760.5684,1141.6879,-1318.9281,2756.2983,1157.578,-1319.2778,2773.961,1105.2931,-1184.6663,2776.103,1103.1068,-1184.8411,2779.2673,1101.2203,-1185.0707,2708.908,1267.9304,-1526.6204,2738.9846,1197.0449,-912.02985,2652.3667,1107.5465,-1247.0737,2662.5562,1080.0497,-1069.4105,2329.6584,1324.1682,-1516.1154,2464.6548,1147.8844,-321.39322,1872.4875,1344.1661,-1340.6729,2095.5684,1117.4761,489.72415,1463.4711,1311.8789,-1164.4822,1864.116,1064.7603,1042.2294,1357.0104,1341.4828,-1245.7513,1777.6321,1075.6371,1190.1354,1341.2871,1316.9065,-1280.3936,1798.596,1055.1648,1056.0741,1382.041,1298.862,-1164.4315,1826.3639,1069.3555,1009.8268,1655.628,965.449,-403.96695,1778.2299,849.14813,403.78864,1236.1215,522.95026,-178.14056,1465.2172,503.78958,1164.7906,1189.3861,1064.9321,790.4566,1201.1053,253.24408,1625.6509,1211.3292,1163.7789,902.4747,1126.5299,265.78842,1676.8208,994.6616,1065.9346,1085.4126,1096.0164,43.500786,1709.4541
IMG_5887 copy 10.JPG,2454.37,1179.6837,-1722.5671,2461.4644,1236.0731,-1811.4137,2448.0493,1253.848,-1811.085,2431.811,1269.2557,-1811.548,2505.108,1211.044,-1719.6469,2518.8887,1210.7087,-1719.5189,2531.2566,1209.2358,-1719.279,2370.3672,1378.3776,-1841.2089,2517.139,1261.9376,-1405.2946,2380.262,1198.1028,-1693.1327,2433.461,1167.7339,-1567.7115,2001.3527,1411.5133,-1492.6537,2358.8237,1205.6904,-878.8564,1714.2817,1406.1249,-968.4231,2238.4485,1081.827,-10.742664,1525.8749,1299.5697,-461.8232,2158.9602,984.3826,623.9862,1457.6089,1315.7543,-423.5994,2130.0505,932.47876,732.6935,1458.9762,1268.1501,-542.53174,2125.496,947.94916,617.1653,1497.6744,1256.0424,-486.10706,2124.0322,964.8604,599.94293,1738.5518,961.6811,-220.66383,1938.2611,894.6067,220.82314,1494.1968,570.35565,26.431301,1775.0714,544.8914,716.2454,1492.305,1000.8331,1204.7416,1605.5599,260.01,1302.7198,1553.0223,1056.7974,1336.6742,1549.4244,259.4738,1362.7534,1491.5632,976.26324,1508.2369,1546.7004,91.00194,1360.594
IMG_5887 copy 2.JPG,2454.37,1179.6837,-1722.5671,2461.4644,1236.0731,-1811.4137,2448.0493,1253.848,-1811.085,2431.811,1269.2557,-1811.548,2505.108,1211.044,-1719.6469,2518.8887,1210.7087,-1719.5189,2531.2566,1209.2358,-1719.279,2370.3672,1378.3776,-1841.2089,2517.139,1261.9376,-1405.2946,2380.262,1198.1028,-1693.1327,2433.461,1167.7339,-1567.7115,2001.3527,1411.5133,-1492.6537,2358.8237,1205.6904,-878.8564,1714.2817,1406.1249,-968.4231,2238.4485,1081.827,-10.742664,1525.8749,1299.5697,-461.8232,2158.9602,984.3826,623.9862,1457.6089,1315.7543,-423.5994,2130.0505,932.47876,732.6935,1458.9762,1268.1501,-542.53174,2125.496,947.94916,617.1653,1497.6744,1256.0424,-486.10706,2124.0322,964.8604,599.94293,1738.5518,961.6811,-220.66383,1938.2611,894.6067,220.82314,1494.1968,570.35565,26.431301,1775.0714,544.8914,716.2454,1492.305,1000.8331,1204.7416,1605.5599,260.01,1302.7198,1553.0223,1056.7974,1336.6742,1549.4244,259.4738,1362.7534,1491.5632,976.26324,1508.2369,1546.7004,91.00194,1360.594
IMG_5887 copy 3.JPG,2454.37,1179.6837,-1722.5671,2461.4644,1236.0731,-1811.4137,2448.0493,1253.848,-1811.085,2431.811,1269.2557,-1811.548,2505.108,1211.044,-1719.6469,2518.8887,1210.7087,-1719.5189,2531.2566,1209.2358,-1719.279,2370.3672,1378.3776,-1841.2089,2517.139,1261.9376,-1405.2946,2380.262,1198.1028,-1693.1327,2433.461,1167.7339,-1567.7115,2001.3527,1411.5133,-1492.6537,2358.8237,1205.6904,-878.8564,1714.2817,1406.1249,-968.4231,2238.4485,1081.827,-10.742664,1525.8749,1299.5697,-461.8232,2158.9602,984.3826,623.9862,1457.6089,1315.7543,-423.5994,2130.0505,932.47876,732.6935,1458.9762,1268.1501,-542.53174,2125.496,947.94916,617.1653,1497.6744,1256.0424,-486.10706,2124.0322,964.8604,599.94293,1738.5518,961.6811,-220.66383,1938.2611,894.6067,220.82314,1494.1968,570.35565,26.431301,1775.0714,544.8914,716.2454,1492.305,1000.8331,1204.7416,1605.5599,260.01,1302.7198,1553.0223,1056.7974,1336.6742,1549.4244,259.4738,1362.7534,1491.5632,976.26324,1508.2369,1546.7004,91.00194,1360.594
IMG_5887 copy 4.JPG,2454.37,1179.6837,-1722.5671,2461.4644,1236.0731,-1811.4137,2448.0493,1253.848,-1811.085,2431.811,1269.2557,-1811.548,2505.108,1211.044,-1719.6469,2518.8887,1210.7087,-1719.5189,2531.2566,1209.2358,-1719.279,2370.3672,1378.3776,-1841.2089,2517.139,1261.9376,-1405.2946,2380.262,1198.1028,-1693.1327,2433.461,1167.7339,-1567.7115,2001.3527,1411.5133,-1492.6537,2358.8237,1205.6904,-878.8564,1714.2817,1406.1249,-968.4231,2238.4485,1081.827,-10.742664,1525.8749,1299.5697,-461.8232,2158.9602,984.3826,623.9862,1457.6089,1315.7543,-423.5994,2130.0505,932.47876,732.6935,1458.9762,1268.1501,-542.53174,2125.496,947.94916,617.1653,1497.6744,1256.0424,-486.10706,2124.0322,964.8604,599.94293,1738.5518,961.6811,-220.66383,1938.2611,894.6067,220.82314,1494.1968,570.35565,26.431301,1775.0714,544.8914,716.2454,1492.305,1000.8331,1204.7416,1605.5599,260.01,1302.7198,1553.0223,1056.7974,1336.6742,1549.4244,259.4738,1362.7534,1491.5632,976.26324,1508.2369,1546.7004,91.00194,1360.594
IMG_5887 copy 5.JPG,2454.37,1179.6837,-1722.5671,2461.4644,1236.0731,-1811.4137,2448.0493,1253.848,-1811.085,2431.811,1269.2557,-1811.548,2505.108,1211.044,-1719.6469,2518.8887,1210.7087,-1719.5189,2531.2566,1209.2358,-1719.279,2370.3672,1378.3776,-1841.2089,2517.139,1261.9376,-1405.2946,2380.262,1198.1028,-1693.1327,2433.461,1167.7339,-1567.7115,2001.3527,1411.5133,-1492.6537,2358.8237,1205.6904,-878.8564,1714.2817,1406.1249,-968.4231,2238.4485,1081.827,-10.742664,1525.8749,1299.5697,-461.8232,2158.9602,984.3826,623.9862,1457.6089,1315.7543,-423.5994,2130.0505,932.47876,732.6935,1458.9762,1268.1501,-542.53174,2125.496,947.94916,617.1653,1497.6744,1256.0424,-486.10706,2124.0322,964.8604,599.94293,1738.5518,961.6811,-220.66383,1938.2611,894.6067,220.82314,1494.1968,570.35565,26.431301,1775.0714,544.8914,716.2454,1492.305,1000.8331,1204.7416,1605.5599,260.01,1302.7198,1553.0223,1056.7974,1336.6742,1549.4244,259.4738,1362.7534,1491.5632,976.26324,1508.2369,1546.7004,91.00194,1360.594
IMG_5887 copy 6.JPG,2454.37,1179.6837,-1722.5671,2461.4644,1236.0731,-1811.4137,2448.0493,1253.848,-1811.085,2431.811,1269.2557,-1811.548,2505.108,1211.044,-1719.6469,2518.8887,1210.7087,-1719.5189,2531.2566,1209.2358,-1719.279,2370.3672,1378.3776,-1841.2089,2517.139,1261.9376,-1405.2946,2380.262,1198.1028,-1693.1327,2433.461,1167.7339,-1567.7115,2001.3527,1411.5133,-1492.6537,2358.8237,1205.6904,-878.8564,1714.2817,1406.1249,-968.4231,2238.4485,1081.827,-10.742664,1525.8749,1299.5697,-461.8232,2158.9602,984.3826,623.9862,1457.6089,1315.7543,-423.5994,2130.0505,932.47876,732.6935,1458.9762,1268.1501,-542.53174,2125.496,947.94916,617.1653,1497.6744,1256.0424,-486.10706,2124.0322,964.8604,599.94293,1738.5518,961.6811,-220.66383,1938.2611,894.6067,220.82314,1494.1968,570.35565,26.431301,1775.0714,544.8914,716.2454,1492.305,1000.8331,1204.7416,1605.5599,260.01,1302.7198,1553.0223,1056.7974,1336.6742,1549.4244,259.4738,1362.7534,1491.5632,976.26324,1508.2369,1546.7004,91.00194,1360.594
IMG_5887 copy 7.JPG,2454.37,1179.6837,-1722.5671,2461.4644,1236.0731,-1811.4137,2448.0493,1253.848,-1811.085,2431.811,1269.2557,-1811.548,2505.108,1211.044,-1719.6469,2518.8887,1210.7087,-1719.5189,2531.2566,1209.2358,-1719.279,2370.3672,1378.3776,-1841.2089,2517.139,1261.9376,-1405.2946,2380.262,1198.1028,-1693.1327,2433.461,1167.7339,-1567.7115,2001.3527,1411.5133,-1492.6537,2358.8237,1205.6904,-878.8564,1714.2817,1406.1249,-968.4231,2238.4485,1081.827,-10.742664,1525.8749,1299.5697,-461.8232,2158.9602,984.3826,623.9862,1457.6089,1315.7543,-423.5994,2130.0505,932.47876,732.6935,1458.9762,1268.1501,-542.53174,2125.496,947.94916,617.1653,1497.6744,1256.0424,-486.10706,2124.0322,964.8604,599.94293,1738.5518,961.6811,-220.66383,1938.2611,894.6067,220.82314,1494.1968,570.35565,26.431301,1775.0714,544.8914,716.2454,1492.305,1000.8331,1204.7416,1605.5599,260.01,1302.7198,1553.0223,1056.7974,1336.6742,1549.4244,259.4738,1362.7534,1491.5632,976.26324,1508.2369,1546.7004,91.00194,1360.594
IMG_5887 copy 8.JPG,2454.37,1179.6837,-1722.5671,2461.4644,1236.0731,-1811.4137,2448.0493,1253.848,-1811.085,2431.811,1269.2557,-1811.548,2505.108,1211.044,-1719.6469,2518.8887,1210.7087,-1719.5189,2531.2566,1209.2358,-1719.279,2370.3672,1378.3776,-1841.2089,2517.139,1261.9376,-1405.2946,2380.262,1198.1028,-1693.1327,2433.461,1167.7339,-1567.7115,2001.3527,1411.5133,-1492.6537,2358.8237,1205.6904,-878.8564,1714.2817,1406.1249,-968.4231,2238.4485,1081.827,-10.742664,1525.8749,1299.5697,-461.8232,2158.9602,984.3826,623.9862,1457.6089,1315.7543,-423.5994,2130.0505,932.47876,732.6935,1458.9762,1268.1501,-542.53174,2125.496,947.94916,617.1653,1497.6744,1256.0424,-486.10706,2124.0322,964.8604,599.94293,1738.5518,961.6811,-220.66383,1938.2611,894.6067,220.82314,1494.1968,570.35565,26.431301,1775.0714,544.8914,716.2454,1492.305,1000.8331,1204.7416,1605.5599,260.01,1302.7198,1553.0223,1056.7974,1336.6742,1549.4244,259.4738,1362.7534,1491.5632,976.26324,1508.2369,1546.7004,91.00194,1360.594
IMG_5887 copy 9.JPG,2454.37,1179.6837,-1722.5671,2461.4644,1236.0731,-1811.4137,2448.0493,1253.848,-1811.085,2431.811,1269.2557,-1811.548,2505.108,1211.044,-1719.6469,2518.8887,1210.7087,-1719.5189,2531.2566,1209.2358,-1719.279,2370.3672,1378.3776,-1841.2089,2517.139,1261.9376,-1405.2946,2380.262,1198.1028,-1693.1327,2433.461,1167.7339,-1567.7115,2001.3527,1411.5133,-1492.6537,2358.8237,1205.6904,-878.8564,1714.2817,1406.1249,-968.4231,2238.4485,1081.827,-10.742664,1525.8749,1299.5697,-461.8232,2158.9602,984.3826,623.9862,1457.6089,1315.7543,-423.5994,2130.0505,932.47876,732.6935,1458.9762,1268.1501,-542.53174,2125.496,947.94916,617.1653,1497.6744,1256.0424,-486.10706,2124.0322,964.8604,599.94293,1738.5518,961.6811,-220.66383,1938.2611,894.6067,220.82314,1494.1968,570.35565,26.431301,1775.0714,544.8914,716.2454,1492.305,1000.8331,1204.7416,1605.5599,260.01,1302.7198,1553.0223,1056.7974,1336.6742,1549.4244,259.4738,1362.7534,1491.5632,976.26324,1508.2369,1546.7004,91.00194,1360.594
IMG_5887 copy.JPG,2454.37,1179.6837,-1722.5671,2461.4644,1236.0731,-1811.4137,2448.0493,1253.848,-1811.085,2431.811,1269.2557,-1811.548,2505.108,1211.044,-1719.6469,2518.8887,1210.7087,-1719.5189,2531.2566,1209.2358,-1719.279,2370.3672,1378.3776,-1841.2089,2517.139,1261.9376,-1405.2946,2380.262,1198.1028,-1693.1327,2433.461,1167.7339,-1567.7115,2001.3527,1411.5133,-1492.6537,2358.8237,1205.6904,-878.8564,1714.2817,1406.1249,-968.4231,2238.4485,1081.827,-10.742664,1525.8749,1299.5697,-461.8232,2158.9602,984.3826,623.9862,1457.6089,1315.7543,-423.5994,2130.0505,932.47876,732.6935,1458.9762,1268.1501,-542.53174,2125.496,947.94916,617.1653,1497.6744,1256.0424,-486.10706,2124.0322,964.8604,599.94293,1738.5518,961.6811,-220.66383,1938.2611,894.6067,220.82314,1494.1968,570.35565,26.431301,1775.0714,544.8914,716.2454,1492.305,1000.8331,1204.7416,1605.5599,260.01,1302.7198,1553.0223,1056.7974,1336.6742,1549.4244,259.4738,1362.7534,1491.5632,976.26324,1508.2369,1546.7004,91.00194,1360.594
IMG_5887.JPG,2454.37,1179.6837,-1722.5671,2461.4644,1236.0731,-1811.4137,2448.0493,1253.848,-1811.085,2431.811,1269.2557,-1811.548,2505.108,1211.044,-1719.6469,2518.8887,1210.7087,-1719.5189,2531.2566,1209.2358,-1719.279,2370.3672,1378.3776,-1841.2089,2517.139,1261.9376,-1405.2946,2380.262,1198.1028,-1693.1327,2433.461,1167.7339,-1567.7115,2001.3527,1411.5133,-1492.6537,2358.8237,1205.6904,-878.8564,1714.2817,1406.1249,-968.4231,2238.4485,1081.827,-10.742664,1525.8749,1299.5697,-461.8232,2158.9602,984.3826,623.9862,1457.6089,1315.7543,-423.5994,2130.0505,932.47876,732.6935,1458.9762,1268.1501,-542.53174,2125.496,947.94916,617.1653,1497.6744,1256.0424,-486.10706,2124.0322,964.8604,599.94293,1738.5518,961.6811,-220.66383,1938.2611,894.6067,220.82314,1494.1968,570.35565,26.431301,1775.0714,544.8914,716.2454,1492.305,1000.8331,1204.7416,1605.5599,260.01,1302.7198,1553.0223,1056.7974,1336.6742,1549.4244,259.4738,1362.7534,1491.5632,976.26324,1508.2369,1546.7004,91.00194,1360.594
IMG_5889 copy 10.JPG,2442.021,953.4546,-1218.3495,2474.9026,982.9025,-1311.0131,2469.9531,991.66724,-1310.97,2465.3123,1000.74146,-1311.4183,2486.8196,970.36554,-1204.205,2490.16,970.52454,-1204.348,2494.175,971.15985,-1204.6681,2432.797,1076.7113,-1476.8058,2463.1235,1045.7775,-983.06177,2389.0344,970.619,-1252.7563,2402.2822,954.1294,-1110.9763,2094.3826,1165.5319,-1440.3512,2312.2832,1028.2115,-500.77502,1762.9203,1222.9867,-1345.849,1990.8989,1034.1073,212.32861,1461.6295,1259.5833,-1213.5754,1805.8792,1009.4914,818.24274,1399.0795,1271.7341,-1290.8926,1752.0813,1009.48737,955.7222,1388.6484,1254.3672,-1330.2395,1757.0626,997.17755,850.8891,1421.4596,1250.5966,-1221.8818,1771.1838,1002.99426,798.8724,1725.3568,976.2676,-292.513,1833.0204,884.2208,292.4258,1354.9012,740.3325,-73.214905,1541.7451,622.74005,914.6955,1397.1466,1110.2604,749.7899,1363.175,375.7964,1319.7336,1434.5552,1145.2908,845.2248,1317.5135,384.56564,1366.3335,1315.5636,1177.8928,959.70715,1356.4716,194.14685,1363.2874
IMG_5889 copy 2.JPG,2442.021,953.4546,-1218.3495,2474.9026,982.9025,-1311.0131,2469.9531,991.66724,-1310.97,2465.3123,1000.74146,-1311.4183,2486.8196,970.36554,-1204.205,2490.16,970.52454,-1204.348,2494.175,971.15985,-1204.6681,2432.797,1076.7113,-1476.8058,2463.1235,1045.7775,-983.06177,2389.0344,970.619,-1252.7563,2402.2822,954.1294,-1110.9763,2094.3826,1165.5319,-1440.3512,2312.2832,1028.2115,-500.77502,1762.9203,1222.9867,-1345.849,1990.8989,1034.1073,212.32861,1461.6295,1259.5833,-1213.5754,1805.8792,1009.4914,818.24274,1399.0795,1271.7341,-1290.8926,1752.0813,1009.48737,955.7222,1388.6484,1254.3672,-1330.2395,1757.0626,997.17755,850.8891,1421.4596,1250.5966,-1221.8818,1771.1838,1002.99426,798.8724,1725.3568,976.2676,-292.513,1833.0204,884.2208,292.4258,1354.9012,740.3325,-73.214905,1541.7451,622.74005,914.6955,1397.1466,1110.2604,749.7899,1363.175,375.7964,1319.7336,1434.5552,1145.2908,845.2248,1317.5135,384.56564,1366.3335,1315.5636,1177.8928,959.70715,1356.4716,194.14685,1363.2874
IMG_5889 copy 3.JPG,2442.021,953.4546,-1218.3495,2474.9026,982.9025,-1311.0131,2469.9531,991.66724,-1310.97,2465.3123,1000.74146,-1311.4183,2486.8196,970.36554,-1204.205,2490.16,970.52454,-1204.348,2494.175,971.15985,-1204.6681,2432.797,1076.7113,-1476.8058,2463.1235,1045.7775,-983.06177,2389.0344,970.619,-1252.7563,2402.2822,954.1294,-1110.9763,2094.3826,1165.5319,-1440.3512,2312.2832,1028.2115,-500.77502,1762.9203,1222.9867,-1345.849,1990.8989,1034.1073,212.32861,1461.6295,1259.5833,-1213.5754,1805.8792,1009.4914,818.24274,1399.0795,1271.7341,-1290.8926,1752.0813,1009.48737,955.7222,1388.6484,1254.3672,-1330.2395,1757.0626,997.17755,850.8891,1421.4596,1250.5966,-1221.8818,1771.1838,1002.99426,798.8724,1725.3568,976.2676,-292.513,1833.0204,884.2208,292.4258,1354.9012,740.3325,-73.214905,1541.7451,622.74005,914.6955,1397.1466,1110.2604,749.7899,1363.175,375.7964,1319.7336,1434.5552,1145.2908,845.2248,1317.5135,384.56564,1366.3335,1315.5636,1177.8928,959.70715,1356.4716,194.14685,1363.2874
IMG_5889 copy 4.JPG,2442.021,953.4546,-1218.3495,2474.9026,982.9025,-1311.0131,2469.9531,991.66724,-1310.97,2465.3123,1000.74146,-1311.4183,2486.8196,970.36554,-1204.205,2490.16,970.52454,-1204.348,2494.175,971.15985,-1204.6681,2432.797,1076.7113,-1476.8058,2463.1235,1045.7775,-983.06177,2389.0344,970.619,-1252.7563,2402.2822,954.1294,-1110.9763,2094.3826,1165.5319,-1440.3512,2312.2832,1028.2115,-500.77502,1762.9203,1222.9867,-1345.849,1990.8989,1034.1073,212.32861,1461.6295,1259.5833,-1213.5754,1805.8792,1009.4914,818.24274,1399.0795,1271.7341,-1290.8926,1752.0813,1009.48737,955.7222,1388.6484,1254.3672,-1330.2395,1757.0626,997.17755,850.8891,1421.4596,1250.5966,-1221.8818,1771.1838,1002.99426,798.8724,1725.3568,976.2676,-292.513,1833.0204,884.2208,292.4258,1354.9012,740.3325,-73.214905,1541.7451,622.74005,914.6955,1397.1466,1110.2604,749.7899,1363.175,375.7964,1319.7336,1434.5552,1145.2908,845.2248,1317.5135,384.56564,1366.3335,1315.5636,1177.8928,959.70715,1356.4716,194.14685,1363.2874
IMG_5889 copy 5.JPG,2442.021,953.4546,-1218.3495,2474.9026,982.9025,-1311.0131,2469.9531,991.66724,-1310.97,2465.3123,1000.74146,-1311.4183,2486.8196,970.36554,-1204.205,2490.16,970.52454,-1204.348,2494.175,971.15985,-1204.6681,2432.797,1076.7113,-1476.8058,2463.1235,1045.7775,-983.06177,2389.0344,970.619,-1252.7563,2402.2822,954.1294,-1110.9763,2094.3826,1165.5319,-1440.3512,2312.2832,1028.2115,-500.77502,1762.9203,1222.9867,-1345.849,1990.8989,1034.1073,212.32861,1461.6295,1259.5833,-1213.5754,1805.8792,1009.4914,818.24274,1399.0795,1271.7341,-1290.8926,1752.0813,1009.48737,955.7222,1388.6484,1254.3672,-1330.2395,1757.0626,997.17755,850.8891,1421.4596,1250.5966,-1221.8818,1771.1838,1002.99426,798.8724,1725.3568,976.2676,-292.513,1833.0204,884.2208,292.4258,1354.9012,740.3325,-73.214905,1541.7451,622.74005,914.6955,1397.1466,1110.2604,749.7899,1363.175,375.7964,1319.7336,1434.5552,1145.2908,845.2248,1317.5135,384.56564,1366.3335,1315.5636,1177.8928,959.70715,1356.4716,194.14685,1363.2874
IMG_5889 copy 6.JPG,2442.021,953.4546,-1218.3495,2474.9026,982.9025,-1311.0131,2469.9531,991.66724,-1310.97,2465.3123,1000.74146,-1311.4183,2486.8196,970.36554,-1204.205,2490.16,970.52454,-1204.348,2494.175,971.15985,-1204.6681,2432.797,1076.7113,-1476.8058,2463.1235,1045.7775,-983.06177,2389.0344,970.619,-1252.7563,2402.2822,954.1294,-1110.9763,2094.3826,1165.5319,-1440.3512,2312.2832,1028.2115,-500.77502,1762.9203,1222.9867,-1345.849,1990.8989,1034.1073,212.32861,1461.6295,1259.5833,-1213.5754,1805.8792,1009.4914,818.24274,1399.0795,1271.7341,-1290.8926,1752.0813,1009.48737,955.7222,1388.6484,1254.3672,-1330.2395,1757.0626,997.17755,850.8891,1421.4596,1250.5966,-1221.8818,1771.1838,1002.99426,798.8724,1725.3568,976.2676,-292.513,1833.0204,884.2208,292.4258,1354.9012,740.3325,-73.214905,1541.7451,622.74005,914.6955,1397.1466,1110.2604,749.7899,1363.175,375.7964,1319.7336,1434.5552,1145.2908,845.2248,1317.5135,384.56564,1366.3335,1315.5636,1177.8928,959.70715,1356.4716,194.14685,1363.2874
IMG_5889 copy 7.JPG,2442.021,953.4546,-1218.3495,2474.9026,982.9025,-1311.0131,2469.9531,991.66724,-1310.97,2465.3123,1000.74146,-1311.4183,2486.8196,970.36554,-1204.205,2490.16,970.52454,-1204.348,2494.175,971.15985,-1204.6681,2432.797,1076.7113,-1476.8058,2463.1235,1045.7775,-983.06177,2389.0344,970.619,-1252.7563,2402.2822,954.1294,-1110.9763,2094.3826,1165.5319,-1440.3512,2312.2832,1028.2115,-500.77502,1762.9203,1222.9867,-1345.849,1990.8989,1034.1073,212.32861,1461.6295,1259.5833,-1213.5754,1805.8792,1009.4914,818.24274,1399.0795,1271.7341,-1290.8926,1752.0813,1009.48737,955.7222,1388.6484,1254.3672,-1330.2395,1757.0626,997.17755,850.8891,1421.4596,1250.5966,-1221.8818,1771.1838,1002.99426,798.8724,1725.3568,976.2676,-292.513,1833.0204,884.2208,292.4258,1354.9012,740.3325,-73.214905,1541.7451,622.74005,914.6955,1397.1466,1110.2604,749.7899,1363.175,375.7964,1319.7336,1434.5552,1145.2908,845.2248,1317.5135,384.56564,1366.3335,1315.5636,1177.8928,959.70715,1356.4716,194.14685,1363.2874
IMG_5889 copy 8.JPG,2442.021,953.4546,-1218.3495,2474.9026,982.9025,-1311.0131,2469.9531,991.66724,-1310.97,2465.3123,1000.74146,-1311.4183,2486.8196,970.36554,-1204.205,2490.16,970.52454,-1204.348,2494.175,971.15985,-1204.6681,2432.797,1076.7113,-1476.8058,2463.1235,1045.7775,-983.06177,2389.0344,970.619,-1252.7563,2402.2822,954.1294,-1110.9763,2094.3826,1165.5319,-1440.3512,2312.2832,1028.2115,-500.77502,1762.9203,1222.9867,-1345.849,1990.8989,1034.1073,212.32861,1461.6295,1259.5833,-1213.5754,1805.8792,1009.4914,818.24274,1399.0795,1271.7341,-1290.8926,1752.0813,1009.48737,955.7222,1388.6484,1254.3672,-1330.2395,1757.0626,997.17755,850.8891,1421.4596,1250.5966,-1221.8818,1771.1838,1002.99426,798.8724,1725.3568,976.2676,-292.513,1833.0204,884.2208,292.4258,1354.9012,740.3325,-73.214905,1541.7451,622.74005,914.6955,1397.1466,1110.2604,749.7899,1363.175,375.7964,1319.7336,1434.5552,1145.2908,845.2248,1317.5135,384.56564,1366.3335,1315.5636,1177.8928,959.70715,1356.4716,194.14685,1363.2874
IMG_5889 copy 9.JPG,2442.021,953.4546,-1218.3495,2474.9026,982.9025,-1311.0131,2469.9531,991.66724,-1310.97,2465.3123,1000.74146,-1311.4183,2486.8196,970.36554,-1204.205,2490.16,970.52454,-1204.348,2494.175,971.15985,-1204.6681,2432.797,1076.7113,-1476.8058,2463.1235,1045.7775,-983.06177,2389.0344,970.619,-1252.7563,2402.2822,954.1294,-1110.9763,2094.3826,1165.5319,-1440.3512,2312.2832,1028.2115,-500.77502,1762.9203,1222.9867,-1345.849,1990.8989,1034.1073,212.32861,1461.6295,1259.5833,-1213.5754,1805.8792,1009.4914,818.24274,1399.0795,1271.7341,-1290.8926,1752.0813,1009.48737,955.7222,1388.6484,1254.3672,-1330.2395,1757.0626,997.17755,850.8891,1421.4596,1250.5966,-1221.8818,1771.1838,1002.99426,798.8724,1725.3568,976.2676,-292.513,1833.0204,884.2208,292.4258,1354.9012,740.3325,-73.214905,1541.7451,622.74005,914.6955,1397.1466,1110.2604,749.7899,1363.175,375.7964,1319.7336,1434.5552,1145.2908,845.2248,1317.5135,384.56564,1366.3335,1315.5636,1177.8928,959.70715,1356.4716,194.14685,1363.2874
IMG_5889 copy.JPG,2442.021,953.4546,-1218.3495,2474.9026,982.9025,-1311.0131,2469.9531,991.66724,-1310.97,2465.3123,1000.74146,-1311.4183,2486.8196,970.36554,-1204.205,2490.16,970.52454,-1204.348,2494.175,971.15985,-1204.6681,2432.797,1076.7113,-1476.8058,2463.1235,1045.7775,-983.06177,2389.0344,970.619,-1252.7563,2402.2822,954.1294,-1110.9763,2094.3826,1165.5319,-1440.3512,2312.2832,1028.2115,-500.77502,1762.9203,1222.9867,-1345.849,1990.8989,1034.1073,212.32861,1461.6295,1259.5833,-1213.5754,1805.8792,1009.4914,818.24274,1399.0795,1271.7341,-1290.8926,1752.0813,1009.48737,955.7222,1388.6484,1254.3672,-1330.2395,1757.0626,997.17755,850.8891,1421.4596,1250.5966,-1221.8818,1771.1838,1002.99426,798.8724,1725.3568,976.2676,-292.513,1833.0204,884.2208,292.4258,1354.9012,740.3325,-73.214905,1541.7451,622.74005,914.6955,1397.1466,1110.2604,749.7899,1363.175,375.7964,1319.7336,1434.5552,1145.2908,845.2248,1317.5135,384.56564,1366.3335,1315.5636,1177.8928,959.70715,1356.4716,194.14685,1363.2874
IMG_5889.JPG,2442.021,953.4546,-1218.3495,2474.9026,982.9025,-1311.0131,2469.9531,991.66724,-1310.97,2465.3123,1000.74146,-1311.4183,2486.8196,970.36554,-1204.205,2490.16,970.52454,-1204.348,2494.175,971.15985,-1204.6681,2432.797,1076.7113,-1476.8058,2463.1235,1045.7775,-983.06177,2389.0344,970.619,-1252.7563,2402.2822,954.1294,-1110.9763,2094.3826,1165.5319,-1440.3512,2312.2832,1028.2115,-500.77502,1762.9203,1222.9867,-1345.849,1990.8989,1034.1073,212.32861,1461.6295,1259.5833,-1213.5754,1805.8792,1009.4914,818.24274,1399.0795,1271.7341,-1290.8926,1752.0813,1009.48737,955.7222,1388.6484,1254.3672,-1330.2395,1757.0626,997.17755,850.8891,1421.4596,1250.5966,-1221.8818,1771.1838,1002.99426,798.8724,1725.3568,976.2676,-292.513,1833.0204,884.2208,292.4258,1354.9012,740.3325,-73.214905,1541.7451,622.74005,914.6955,1397.1466,1110.2604,749.7899,1363.175,375.7964,1319.7336,1434.5552,1145.2908,845.2248,1317.5135,384.56564,1366.3335,1315.5636,1177.8928,959.70715,1356.4716,194.14685,1363.2874
IMG_5890 copy 10.JPG,2506.062,997.7915,-1227.7943,2533.5515,1035.183,-1316.5372,2526.745,1043.9993,-1316.4756,2520.34,1053.2133,-1316.9471,2551.543,1021.85474,-1226.3829,2557.2053,1021.1878,-1226.5339,2562.9932,1021.14,-1226.8228,2483.354,1118.7461,-1451.0759,2526.5627,1084.3479,-1031.347,2456.2087,1005.2975,-1248.3463,2472.1995,992.2743,-1127.8938,2161.287,1163.3153,-1356.3215,2389.3835,1053.5555,-597.9916,1832.5653,1214.6516,-1225.751,2100.365,988.0169,100.89561,1566.0602,1229.2759,-1110.0095,1915.5859,944.0567,723.17914,1494.7147,1248.1909,-1166.0956,1856.7092,936.44135,855.18787,1491.2926,1222.5826,-1222.4309,1865.0204,926.9301,757.8498,1524.6832,1213.3086,-1125.704,1879.5012,934.9253,707.6213,1794.9103,914.26117,-249.41396,1924.8832,846.78986,249.27716,1467.6644,695.2932,81.97192,1651.8713,586.2301,856.03796,1517.8052,1041.4906,917.6124,1536.0759,347.08237,1256.9811,1556.3278,1033.6036,1014.5875,1480.4233,324.4982,1304.6202,1485.2659,1038.3729,1140.1024,1526.4261,162.30539,1320.3323
IMG_5890 copy 2.JPG,2506.062,997.7915,-1227.7943,2533.5515,1035.183,-1316.5372,2526.745,1043.9993,-1316.4756,2520.34,1053.2133,-1316.9471,2551.543,1021.85474,-1226.3829,2557.2053,1021.1878,-1226.5339,2562.9932,1021.14,-1226.8228,2483.354,1118.7461,-1451.0759,2526.5627,1084.3479,-1031.347,2456.2087,1005.2975,-1248.3463,2472.1995,992.2743,-1127.8938,2161.287,1163.3153,-1356.3215,2389.3835,1053.5555,-597.9916,1832.5653,1214.6516,-1225.751,2100.365,988.0169,100.89561,1566.0602,1229.2759,-1110.0095,1915.5859,944.0567,723.17914,1494.7147,1248.1909,-1166.0956,1856.7092,936.44135,855.18787,1491.2926,1222.5826,-1222.4309,1865.0204,926.9301,757.8498,1524.6832,1213.3086,-1125.704,1879.5012,934.9253,707.6213,1794.9103,914.26117,-249.41396,1924.8832,846.78986,249.27716,1467.6644,695.2932,81.97192,1651.8713,586.2301,856.03796,1517.8052,1041.4906,917.6124,1536.0759,347.08237,1256.9811,1556.3278,1033.6036,1014.5875,1480.4233,324.4982,1304.6202,1485.2659,1038.3729,1140.1024,1526.4261,162.30539,1320.3323
IMG_5890 copy 3.JPG,2506.062,997.7915,-1227.7943,2533.5515,1035.183,-1316.5372,2526.745,1043.9993,-1316.4756,2520.34,1053.2133,-1316.9471,2551.543,1021.85474,-1226.3829,2557.2053,1021.1878,-1226.5339,2562.9932,1021.14,-1226.8228,2483.354,1118.7461,-1451.0759,2526.5627,1084.3479,-1031.347,2456.2087,1005.2975,-1248.3463,2472.1995,992.2743,-1127.8938,2161.287,1163.3153,-1356.3215,2389.3835,1053.5555,-597.9916,1832.5653,1214.6516,-1225.751,2100.365,988.0169,100.89561,1566.0602,1229.2759,-1110.0095,1915.5859,944.0567,723.17914,1494.7147,1248.1909,-1166.0956,1856.7092,936.44135,855.18787,1491.2926,1222.5826,-1222.4309,1865.0204,926.9301,757.8498,1524.6832,1213.3086,-1125.704,1879.5012,934.9253,707.6213,1794.9103,914.26117,-249.41396,1924.8832,846.78986,249.27716,1467.6644,695.2932,81.97192,1651.8713,586.2301,856.03796,1517.8052,1041.4906,917.6124,1536.0759,347.08237,1256.9811,1556.3278,1033.6036,1014.5875,1480.4233,324.4982,1304.6202,1485.2659,1038.3729,1140.1024,1526.4261,162.30539,1320.3323
IMG_5890 copy 4.JPG,2506.062,997.7915,-1227.7943,2533.5515,1035.183,-1316.5372,2526.745,1043.9993,-1316.4756,2520.34,1053.2133,-1316.9471,2551.543,1021.85474,-1226.3829,2557.2053,1021.1878,-1226.5339,2562.9932,1021.14,-1226.8228,2483.354,1118.7461,-1451.0759,2526.5627,1084.3479,-1031.347,2456.2087,1005.2975,-1248.3463,2472.1995,992.2743,-1127.8938,2161.287,1163.3153,-1356.3215,2389.3835,1053.5555,-597.9916,1832.5653,1214.6516,-1225.751,2100.365,988.0169,100.89561,1566.0602,1229.2759,-1110.0095,1915.5859,944.0567,723.17914,1494.7147,1248.1909,-1166.0956,1856.7092,936.44135,855.18787,1491.2926,1222.5826,-1222.4309,1865.0204,926.9301,757.8498,1524.6832,1213.3086,-1125.704,1879.5012,934.9253,707.6213,1794.9103,914.26117,-249.41396,1924.8832,846.78986,249.27716,1467.6644,695.2932,81.97192,1651.8713,586.2301,856.03796,1517.8052,1041.4906,917.6124,1536.0759,347.08237,1256.9811,1556.3278,1033.6036,1014.5875,1480.4233,324.4982,1304.6202,1485.2659,1038.3729,1140.1024,1526.4261,162.30539,1320.3323
IMG_5890 copy 5.JPG,2506.062,997.7915,-1227.7943,2533.5515,1035.183,-1316.5372,2526.745,1043.9993,-1316.4756,2520.34,1053.2133,-1316.9471,2551.543,1021.85474,-1226.3829,2557.2053,1021.1878,-1226.5339,2562.9932,1021.14,-1226.8228,2483.354,1118.7461,-1451.0759,2526.5627,1084.3479,-1031.347,2456.2087,1005.2975,-1248.3463,2472.1995,992.2743,-1127.8938,2161.287,1163.3153,-1356.3215,2389.3835,1053.5555,-597.9916,1832.5653,1214.6516,-1225.751,2100.365,988.0169,100.89561,1566.0602,1229.2759,-1110.0095,1915.5859,944.0567,723.17914,1494.7147,1248.1909,-1166.0956,1856.7092,936.44135,855.18787,1491.2926,1222.5826,-1222.4309,1865.0204,926.9301,757.8498,1524.6832,1213.3086,-1125.704,1879.5012,934.9253,707.6213,1794.9103,914.26117,-249.41396,1924.8832,846.78986,249.27716,1467.6644,695.2932,81.97192,1651.8713,586.2301,856.03796,1517.8052,1041.4906,917.6124,1536.0759,347.08237,1256.9811,1556.3278,1033.6036,1014.5875,1480.4233,324.4982,1304.6202,1485.2659,1038.3729,1140.1024,1526.4261,162.30539,1320.3323
IMG_5890 copy 6.JPG,2506.062,997.7915,-1227.7943,2533.5515,1035.183,-1316.5372,2526.745,1043.9993,-1316.4756,2520.34,1053.2133,-1316.9471,2551.543,1021.85474,-1226.3829,2557.2053,1021.1878,-1226.5339,2562.9932,1021.14,-1226.8228,2483.354,1118.7461,-1451.0759,2526.5627,1084.3479,-1031.347,2456.2087,1005.2975,-1248.3463,2472.1995,992.2743,-1127.8938,2161.287,1163.3153,-1356.3215,2389.3835,1053.5555,-597.9916,1832.5653,1214.6516,-1225.751,2100.365,988.0169,100.89561,1566.0602,1229.2759,-1110.0095,1915.5859,944.0567,723.17914,1494.7147,1248.1909,-1166.0956,1856.7092,936.44135,855.18787,1491.2926,1222.5826,-1222.4309,1865.0204,926.9301,757.8498,1524.6832,1213.3086,-1125.704,1879.5012,934.9253,707.6213,1794.9103,914.26117,-249.41396,1924.8832,846.78986,249.27716,1467.6644,695.2932,81.97192,1651.8713,586.2301,856.03796,1517.8052,1041.4906,917.6124,1536.0759,347.08237,1256.9811,1556.3278,1033.6036,1014.5875,1480.4233,324.4982,1304.6202,1485.2659,1038.3729,1140.1024,1526.4261,162.30539,1320.3323
IMG_5890 copy 7.JPG,2506.062,997.7915,-1227.7943,2533.5515,1035.183,-1316.5372,2526.745,1043.9993,-1316.4756,2520.34,1053.2133,-1316.9471,2551.543,1021.85474,-1226.3829,2557.2053,1021.1878,-1226.5339,2562.9932,1021.14,-1226.8228,2483.354,1118.7461,-1451.0759,2526.5627,1084.3479,-1031.347,2456.2087,1005.2975,-1248.3463,2472.1995,992.2743,-1127.8938,2161.287,1163.3153,-1356.3215,2389.3835,1053.5555,-597.9916,1832.5653,1214.6516,-1225.751,2100.365,988.0169,100.89561,1566.0602,1229.2759,-1110.0095,1915.5859,944.0567,723.17914,1494.7147,1248.1909,-1166.0956,1856.7092,936.44135,855.18787,1491.2926,1222.5826,-1222.4309,1865.0204,926.9301,757.8498,1524.6832,1213.3086,-1125.704,1879.5012,934.9253,707.6213,1794.9103,914.26117,-249.41396,1924.8832,846.78986,249.27716,1467.6644,695.2932,81.97192,1651.8713,586.2301,856.03796,1517.8052,1041.4906,917.6124,1536.0759,347.08237,1256.9811,1556.3278,1033.6036,1014.5875,1480.4233,324.4982,1304.6202,1485.2659,1038.3729,1140.1024,1526.4261,162.30539,1320.3323
IMG_5890 copy 8.JPG,2506.062,997.7915,-1227.7943,2533.5515,1035.183,-1316.5372,2526.745,1043.9993,-1316.4756,2520.34,1053.2133,-1316.9471,2551.543,1021.85474,-1226.3829,2557.2053,1021.1878,-1226.5339,2562.9932,1021.14,-1226.8228,2483.354,1118.7461,-1451.0759,2526.5627,1084.3479,-1031.347,2456.2087,1005.2975,-1248.3463,2472.1995,992.2743,-1127.8938,2161.287,1163.3153,-1356.3215,2389.3835,1053.5555,-597.9916,1832.5653,1214.6516,-1225.751,2100.365,988.0169,100.89561,1566.0602,1229.2759,-1110.0095,1915.5859,944.0567,723.17914,1494.7147,1248.1909,-1166.0956,1856.7092,936.44135,855.18787,1491.2926,1222.5826,-1222.4309,1865.0204,926.9301,757.8498,1524.6832,1213.3086,-1125.704,1879.5012,934.9253,707.6213,1794.9103,914.26117,-249.41396,1924.8832,846.78986,249.27716,1467.6644,695.2932,81.97192,1651.8713,586.2301,856.03796,1517.8052,1041.4906,917.6124,1536.0759,347.08237,1256.9811,1556.3278,1033.6036,1014.5875,1480.4233,324.4982,1304.6202,1485.2659,1038.3729,1140.1024,1526.4261,162.30539,1320.3323
IMG_5890 copy 9.JPG,2506.062,997.7915,-1227.7943,2533.5515,1035.183,-1316.5372,2526.745,1043.9993,-1316.4756,2520.34,1053.2133,-1316.9471,2551.543,1021.85474,-1226.3829,2557.2053,1021.1878,-1226.5339,2562.9932,1021.14,-1226.8228,2483.354,1118.7461,-1451.0759,2526.5627,1084.3479,-1031.347,2456.2087,1005.2975,-1248.3463,2472.1995,992.2743,-1127.8938,2161.287,1163.3153,-1356.3215,2389.3835,1053.5555,-597.9916,1832.5653,1214.6516,-1225.751,2100.365,988.0169,100.89561,1566.0602,1229.2759,-1110.0095,1915.5859,944.0567,723.17914,1494.7147,1248.1909,-1166.0956,1856.7092,936.44135,855.18787,1491.2926,1222.5826,-1222.4309,1865.0204,926.9301,757.8498,1524.6832,1213.3086,-1125.704,1879.5012,934.9253,707.6213,1794.9103,914.26117,-249.41396,1924.8832,846.78986,249.27716,1467.6644,695.2932,81.97192,1651.8713,586.2301,856.03796,1517.8052,1041.4906,917.6124,1536.0759,347.08237,1256.9811,1556.3278,1033.6036,1014.5875,1480.4233,324.4982,1304.6202,1485.2659,1038.3729,1140.1024,1526.4261,162.30539,1320.3323
IMG_5890 copy.JPG,2506.062,997.7915,-1227.7943,2533.5515,1035.183,-1316.5372,2526.745,1043.9993,-1316.4756,2520.34,1053.2133,-1316.9471,2551.543,1021.85474,-1226.3829,2557.2053,1021.1878,-1226.5339,2562.9932,1021.14,-1226.8228,2483.354,1118.7461,-1451.0759,2526.5627,1084.3479,-1031.347,2456.2087,1005.2975,-1248.3463,2472.1995,992.2743,-1127.8938,2161.287,1163.3153,-1356.3215,2389.3835,1053.5555,-597.9916,1832.5653,1214.6516,-1225.751,2100.365,988.0169,100.89561,1566.0602,1229.2759,-1110.0095,1915.5859,944.0567,723.17914,1494.7147,1248.1909,-1166.0956,1856.7092,936.44135,855.18787,1491.2926,1222.5826,-1222.4309,1865.0204,926.9301,757.8498,1524.6832,1213.3086,-1125.704,1879.5012,934.9253,707.6213,1794.9103,914.26117,-249.41396,1924.8832,846.78986,249.27716,1467.6644,695.2932,81.97192,1651.8713,586.2301,856.03796,1517.8052,1041.4906,917.6124,1536.0759,347.08237,1256.9811,1556.3278,1033.6036,1014.5875,1480.4233,324.4982,1304.6202,1485.2659,1038.3729,1140.1024,1526.4261,162.30539,1320.3323
IMG_5890.JPG,2506.062,997.7915,-1227.7943,2533.5515,1035.183,-1316.5372,2526.745,1043.9993,-1316.4756,2520.34,1053.2133,-1316.9471,2551.543,1021.85474,-1226.3829,2557.2053,1021.1878,-1226.5339,2562.9932,1021.14,-1226.8228,2483.354,1118.7461,-1451.0759,2526.5627,1084.3479,-1031.347,2456.2087,1005.2975,-1248.3463,2472.1995,992.2743,-1127.8938,2161.287,1163.3153,-1356.3215,2389.3835,1053.5555,-597.9916,1832.5653,1214.6516,-1225.751,2100.365,988.0169,100.89561,1566.0602,1229.2759,-1110.0095,1915.5859,944.0567,723.17914,1494.7147,1248.1909,-1166.0956,1856.7092,936.44135,855.18787,1491.2926,1222.5826,-1222.4309,1865.0204,926.9301,757.8498,1524.6832,1213.3086,-1125.704,1879.5012,934.9253,707.6213,1794.9103,914.26117,-249.41396,1924.8832,846.78986,249.27716,1467.6644,695.2932,81.97192,1651.8713,586.2301,856.03796,1517.8052,1041.4906,917.6124,1536.0759,347.08237,1256.9811,1556.3278,1033.6036,1014.5875,1480.4233,324.4982,1304.6202,1485.2659,1038.3729,1140.1024,1526.4261,162.30539,1320.3323
IMG_5897.JPG,664.58307,1070.1128,-270.5903,613.93195,1113.7876,-232.34688,613.99524,1119.3505,-232.86566,614.58563,1125.3796,-233.00623,614.97723,1124.1022,-394.9363,615.56445,1135.8475,-395.26666,616.78107,1148.9589,-395.48843,649.4449,1206.4661,31.848242,651.35834,1234.4712,-691.4838,730.45135,1086.7975,-145.45737,732.5122,1097.4584,-355.4171,978.21466,1177.4933,510.2471,976.9954,1399.6213,-967.8139,1425.7104,1244.8754,1050.3207,1473.4672,1485.7731,-1057.9807,1815.0873,1249.131,1253.7249,1965.0707,1550.479,-1127.6997,1937.5829,1240.6664,1291.605,2100.8901,1601.0056,-1270.0641,1941.0107,1245.9275,1160.6401,2124.6074,1564.1827,-1292.3505,1905.2542,1258.9784,1201.2312,2072.233,1528.2634,-1126.6134,1825.0209,945.1734,464.88617,1906.412,1095.5803,-464.41922,2380.167,584.34717,886.15283,2422.7156,495.45596,-426.4677,2416.617,1218.8247,1518.5281,2907.8904,-33.318024,-351.87653,2379.6643,1344.5732,1591.6249,3005.106,-11.401287,-351.5502,2658.9377,1289.3147,1607.9398,2951.2256,-501.57498,-699.49146
IMG_5899 copy 10.JPG,1056.2849,626.8863,888.3575,1038.1642,641.57153,932.26917,1039.039,645.0335,932.17883,1039.8815,648.86273,932.1529,1033.4857,646.27765,849.5426,1030.6531,653.1008,849.26556,1027.7833,660.5115,849.0157,1048.1368,687.5167,1044.9823,1033.58,702.2377,668.95734,1084.9803,640.7201,929.4795,1078.9569,643.7818,819.4054,1245.661,715.0411,1075.5992,1092.8136,755.4982,289.20953,1494.2377,783.9886,1101.869,1282.5985,814.46423,-147.59248,1694.3854,843.1615,1064.0027,1481.727,895.8032,-650.22614,1743.8602,866.91534,1050.0605,1535.0441,931.874,-754.34546,1735.2538,865.49054,1014.8724,1547.6323,918.71027,-728.7439,1710.3446,860.20874,1038.4291,1533.3877,902.0348,-645.7247,1607.884,665.60657,269.09412,1525.8346,661.4983,-269.19232,1938.728,475.58057,-18.963474,1816.5687,390.77615,-614.4798,2027.5726,822.24744,186.99901,2173.0872,181.34154,-661.7625,2002.4755,899.431,210.60501,2250.207,218.91727,-659.72345,2228.4177,846.73914,93.3681,2270.8037,14.1452465,-921.26953
IMG_5899 copy 11.JPG,1056.2849,626.8863,888.3575,1038.1642,641.57153,932.26917,1039.039,645.0335,932.17883,1039.8815,648.86273,932.1529,1033.4857,646.27765,849.5426,1030.6531,653.1008,849.26556,1027.7833,660.5115,849.0157,1048.1368,687.5167,1044.9823,1033.58,702.2377,668.95734,1084.9803,640.7201,929.4795,1078.9569,643.7818,819.4054,1245.661,715.0411,1075.5992,1092.8136,755.4982,289.20953,1494.2377,783.9886,1101.869,1282.5985,814.46423,-147.59248,1694.3854,843.1615,1064.0027,1481.727,895.8032,-650.22614,1743.8602,866.91534,1050.0605,1535.0441,931.874,-754.34546,1735.2538,865.49054,1014.8724,1547.6323,918.71027,-728.7439,1710.3446,860.20874,1038.4291,1533.3877,902.0348,-645.7247,1607.884,665.60657,269.09412,1525.8346,661.4983,-269.19232,1938.728,475.58057,-18.963474,1816.5687,390.77615,-614.4798,2027.5726,822.24744,186.99901,2173.0872,181.34154,-661.7625,2002.4755,899.431,210.60501,2250.207,218.91727,-659.72345,2228.4177,846.73914,93.3681,2270.8037,14.1452465,-921.26953
IMG_5899 copy 2.JPG,1056.2849,626.8863,888.3575,1038.1642,641.57153,932.26917,1039.039,645.0335,932.17883,1039.8815,648.86273,932.1529,1033.4857,646.27765,849.5426,1030.6531,653.1008,849.26556,1027.7833,660.5115,849.0157,1048.1368,687.5167,1044.9823,1033.58,702.2377,668.95734,1084.9803,640.7201,929.4795,1078.9569,643.7818,819.4054,1245.661,715.0411,1075.5992,1092.8136,755.4982,289.20953,1494.2377,783.9886,1101.869,1282.5985,814.46423,-147.59248,1694.3854,843.1615,1064.0027,1481.727,895.8032,-650.22614,1743.8602,866.91534,1050.0605,1535.0441,931.874,-754.34546,1735.2538,865.49054,1014.8724,1547.6323,918.71027,-728.7439,1710.3446,860.20874,1038.4291,1533.3877,902.0348,-645.7247,1607.884,665.60657,269.09412,1525.8346,661.4983,-269.19232,1938.728,475.58057,-18.963474,1816.5687,390.77615,-614.4798,2027.5726,822.24744,186.99901,2173.0872,181.34154,-661.7625,2002.4755,899.431,210.60501,2250.207,218.91727,-659.72345,2228.4177,846.73914,93.3681,2270.8037,14.1452465,-921.26953
IMG_5899 copy 3.JPG,1056.2849,626.8863,888.3575,1038.1642,641.57153,932.26917,1039.039,645.0335,932.17883,1039.8815,648.86273,932.1529,1033.4857,646.27765,849.5426,1030.6531,653.1008,849.26556,1027.7833,660.5115,849.0157,1048.1368,687.5167,1044.9823,1033.58,702.2377,668.95734,1084.9803,640.7201,929.4795,1078.9569,643.7818,819.4054,1245.661,715.0411,1075.5992,1092.8136,755.4982,289.20953,1494.2377,783.9886,1101.869,1282.5985,814.46423,-147.59248,1694.3854,843.1615,1064.0027,1481.727,895.8032,-650.22614,1743.8602,866.91534,1050.0605,1535.0441,931.874,-754.34546,1735.2538,865.49054,1014.8724,1547.6323,918.71027,-728.7439,1710.3446,860.20874,1038.4291,1533.3877,902.0348,-645.7247,1607.884,665.60657,269.09412,1525.8346,661.4983,-269.19232,1938.728,475.58057,-18.963474,1816.5687,390.77615,-614.4798,2027.5726,822.24744,186.99901,2173.0872,181.34154,-661.7625,2002.4755,899.431,210.60501,2250.207,218.91727,-659.72345,2228.4177,846.73914,93.3681,2270.8037,14.1452465,-921.26953
IMG_5899 copy 4.JPG,1056.2849,626.8863,888.3575,1038.1642,641.57153,932.26917,1039.039,645.0335,932.17883,1039.8815,648.86273,932.1529,1033.4857,646.27765,849.5426,1030.6531,653.1008,849.26556,1027.7833,660.5115,849.0157,1048.1368,687.5167,1044.9823,1033.58,702.2377,668.95734,1084.9803,640.7201,929.4795,1078.9569,643.7818,819.4054,1245.661,715.0411,1075.5992,1092.8136,755.4982,289.20953,1494.2377,783.9886,1101.869,1282.5985,814.46423,-147.59248,1694.3854,843.1615,1064.0027,1481.727,895.8032,-650.22614,1743.8602,866.91534,1050.0605,1535.0441,931.874,-754.34546,1735.2538,865.49054,1014.8724,1547.6323,918.71027,-728.7439,1710.3446,860.20874,1038.4291,1533.3877,902.0348,-645.7247,1607.884,665.60657,269.09412,1525.8346,661.4983,-269.19232,1938.728,475.58057,-18.963474,1816.5687,390.77615,-614.4798,2027.5726,822.24744,186.99901,2173.0872,181.34154,-661.7625,2002.4755,899.431,210.60501,2250.207,218.91727,-659.72345,2228.4177,846.73914,93.3681,2270.8037,14.1452465,-921.26953
IMG_5899 copy 5.JPG,1056.2849,626.8863,888.3575,1038.1642,641.57153,932.26917,1039.039,645.0335,932.17883,1039.8815,648.86273,932.1529,1033.4857,646.27765,849.5426,1030.6531,653.1008,849.26556,1027.7833,660.5115,849.0157,1048.1368,687.5167,1044.9823,1033.58,702.2377,668.95734,1084.9803,640.7201,929.4795,1078.9569,643.7818,819.4054,1245.661,715.0411,1075.5992,1092.8136,755.4982,289.20953,1494.2377,783.9886,1101.869,1282.5985,814.46423,-147.59248,1694.3854,843.1615,1064.0027,1481.727,895.8032,-650.22614,1743.8602,866.91534,1050.0605,1535.0441,931.874,-754.34546,1735.2538,865.49054,1014.8724,1547.6323,918.71027,-728.7439,1710.3446,860.20874,1038.4291,1533.3877,902.0348,-645.7247,1607.884,665.60657,269.09412,1525.8346,661.4983,-269.19232,1938.728,475.58057,-18.963474,1816.5687,390.77615,-614.4798,2027.5726,822.24744,186.99901,2173.0872,181.34154,-661.7625,2002.4755,899.431,210.60501,2250.207,218.91727,-659.72345,2228.4177,846.73914,93.3681,2270.8037,14.1452465,-921.26953
IMG_5899 copy 6.JPG,1056.2849,626.8863,888.3575,1038.1642,641.57153,932.26917,1039.039,645.0335,932.17883,1039.8815,648.86273,932.1529,1033.4857,646.27765,849.5426,1030.6531,653.1008,849.26556,1027.7833,660.5115,849.0157,1048.1368,687.5167,1044.9823,1033.58,702.2377,668.95734,1084.9803,640.7201,929.4795,1078.9569,643.7818,819.4054,1245.661,715.0411,1075.5992,1092.8136,755.4982,289.20953,1494.2377,783.9886,1101.869,1282.5985,814.46423,-147.59248,1694.3854,843.1615,1064.0027,1481.727,895.8032,-650.22614,1743.8602,866.91534,1050.0605,1535.0441,931.874,-754.34546,1735.2538,865.49054,1014.8724,1547.6323,918.71027,-728.7439,1710.3446,860.20874,1038.4291,1533.3877,902.0348,-645.7247,1607.884,665.60657,269.09412,1525.8346,661.4983,-269.19232,1938.728,475.58057,-18.963474,1816.5687,390.77615,-614.4798,2027.5726,822.24744,186.99901,2173.0872,181.34154,-661.7625,2002.4755,899.431,210.60501,2250.207,218.91727,-659.72345,2228.4177,846.73914,93.3681,2270.8037,14.1452465,-921.26953
IMG_5899 copy 7.JPG,1056.2849,626.8863,888.3575,1038.1642,641.57153,932.26917,1039.039,645.0335,932.17883,1039.8815,648.86273,932.1529,1033.4857,646.27765,849.5426,1030.6531,653.1008,849.26556,1027.7833,660.5115,849.0157,1048.1368,687.5167,1044.9823,1033.58,702.2377,668.95734,1084.9803,640.7201,929.4795,1078.9569,643.7818,819.4054,1245.661,715.0411,1075.5992,1092.8136,755.4982,289.20953,1494.2377,783.9886,1101.869,1282.5985,814.46423,-147.59248,1694.3854,843.1615,1064.0027,1481.727,895.8032,-650.22614,1743.8602,866.91534,1050.0605,1535.0441,931.874,-754.34546,1735.2538,865.49054,1014.8724,1547.6323,918.71027,-728.7439,1710.3446,860.20874,1038.4291,1533.3877,902.0348,-645.7247,1607.884,665.60657,269.09412,1525.8346,661.4983,-269.19232,1938.728,475.58057,-18.963474,1816.5687,390.77615,-614.4798,2027.5726,822.24744,186.99901,2173.0872,181.34154,-661.7625,2002.4755,899.431,210.60501,2250.207,218.91727,-659.72345,2228.4177,846.73914,93.3681,2270.8037,14.1452465,-921.26953
IMG_5899 copy 8.JPG,1056.2849,626.8863,888.3575,1038.1642,641.57153,932.26917,1039.039,645.0335,932.17883,1039.8815,648.86273,932.1529,1033.4857,646.27765,849.5426,1030.6531,653.1008,849.26556,1027.7833,660.5115,849.0157,1048.1368,687.5167,1044.9823,1033.58,702.2377,668.95734,1084.9803,640.7201,929.4795,1078.9569,643.7818,819.4054,1245.661,715.0411,1075.5992,1092.8136,755.4982,289.20953,1494.2377,783.9886,1101.869,1282.5985,814.46423,-147.59248,1694.3854,843.1615,1064.0027,1481.727,895.8032,-650.22614,1743.8602,866.91534,1050.0605,1535.0441,931.874,-754.34546,1735.2538,865.49054,1014.8724,1547.6323,918.71027,-728.7439,1710.3446,860.20874,1038.4291,1533.3877,902.0348,-645.7247,1607.884,665.60657,269.09412,1525.8346,661.4983,-269.19232,1938.728,475.58057,-18.963474,1816.5687,390.77615,-614.4798,2027.5726,822.24744,186.99901,2173.0872,181.34154,-661.7625,2002.4755,899.431,210.60501,2250.207,218.91727,-659.72345,2228.4177,846.73914,93.3681,2270.8037,14.1452465,-921.26953
IMG_5899 copy 9.JPG,1056.2849,626.8863,888.3575,1038.1642,641.57153,932.26917,1039.039,645.0335,932.17883,1039.8815,648.86273,932.1529,1033.4857,646.27765,849.5426,1030.6531,653.1008,849.26556,1027.7833,660.5115,849.0157,1048.1368,687.5167,1044.9823,1033.58,702.2377,668.95734,1084.9803,640.7201,929.4795,1078.9569,643.7818,819.4054,1245.661,715.0411,1075.5992,1092.8136,755.4982,289.20953,1494.2377,783.9886,1101.869,1282.5985,814.46423,-147.59248,1694.3854,843.1615,1064.0027,1481.727,895.8032,-650.22614,1743.8602,866.91534,1050.0605,1535.0441,931.874,-754.34546,1735.2538,865.49054,1014.8724,1547.6323,918.71027,-728.7439,1710.3446,860.20874,1038.4291,1533.3877,902.0348,-645.7247,1607.884,665.60657,269.09412,1525.8346,661.4983,-269.19232,1938.728,475.58057,-18.963474,1816.5687,390.77615,-614.4798,2027.5726,822.24744,186.99901,2173.0872,181.34154,-661.7625,2002.4755,899.431,210.60501,2250.207,218.91727,-659.72345,2228.4177,846.73914,93.3681,2270.8037,14.1452465,-921.26953
IMG_5899 copy.JPG,1056.2849,626.8863,888.3575,1038.1642,641.57153,932.26917,1039.039,645.0335,932.17883,1039.8815,648.86273,932.1529,1033.4857,646.27765,849.5426,1030.6531,653.1008,849.26556,1027.7833,660.5115,849.0157,1048.1368,687.5167,1044.9823,1033.58,702.2377,668.95734,1084.9803,640.7201,929.4795,1078.9569,643.7818,819.4054,1245.661,715.0411,1075.5992,1092.8136,755.4982,289.20953,1494.2377,783.9886,1101.869,1282.5985,814.46423,-147.59248,1694.3854,843.1615,1064.0027,1481.727,895.8032,-650.22614,1743.8602,866.91534,1050.0605,1535.0441,931.874,-754.34546,1735.2538,865.49054,1014.8724,1547.6323,918.71027,-728.7439,1710.3446,860.20874,1038.4291,1533.3877,902.0348,-645.7247,1607.884,665.60657,269.09412,1525.8346,661.4983,-269.19232,1938.728,475.58057,-18.963474,1816.5687,390.77615,-614.4798,2027.5726,822.24744,186.99901,2173.0872,181.34154,-661.7625,2002.4755,899.431,210.60501,2250.207,218.91727,-659.72345,2228.4177,846.73914,93.3681,2270.8037,14.1452465,-921.26953
IMG_5899.JPG,1056.2849,626.8863,888.3575,1038.1642,641.57153,932.26917,1039.039,645.0335,932.17883,1039.8815,648.86273,932.1529,1033.4857,646.27765,849.5426,1030.6531,653.1008,849.26556,1027.7833,660.5115,849.0157,1048.1368,687.5167,1044.9823,1033.58,702.2377,668.95734,1084.9803,640.7201,929.4795,1078.9569,643.7818,819.4054,1245.661,715.0411,1075.5992,1092.8136,755.4982,289.20953,1494.2377,783.9886,1101.869,1282.5985,814.46423,-147.59248,1694.3854,843.1615,1064.0027,1481.727,895.8032,-650.22614,1743.8602,866.91534,1050.0605,1535.0441,931.874,-754.34546,1735.2538,865.49054,1014.8724,1547.6323,918.71027,-728.7439,1710.3446,860.20874,1038.4291,1533.3877,902.0348,-645.7247,1607.884,665.60657,269.09412,1525.8346,661.4983,-269.19232,1938.728,475.58057,-18.963474,1816.5687,390.77615,-614.4798,2027.5726,822.24744,186.99901,2173.0872,181.34154,-661.7625,2002.4755,899.431,210.60501,2250.207,218.91727,-659.72345,2228.4177,846.73914,93.3681,2270.8037,14.1452465,-921.26953
IMG_5922.JPG,2862.3726,690.5535,100.437614,2921.4326,731.4829,15.61591,2923.963,741.6805,15.644258,2926.183,753.3163,15.851431,2919.7422,725.46655,165.92192,2921.0337,730.4026,165.83879,2922.0876,735.81116,165.28352,2906.5078,846.7816,-206.32129,2899.944,807.4811,458.46838,2796.9075,722.2272,21.796436,2794.876,715.617,216.14426,2630.3179,1011.9237,-590.3441,2503.6868,842.28815,872.05133,2181.942,1215.7407,-804.18604,2057.1272,947.3128,1109.4067,1735.9948,1331.3699,-1039.2494,1688.89,1011.5121,986.26953,1577.3875,1407.5934,-1179.6421,1562.7988,1027.1028,1016.0469,1552.7769,1345.986,-1167.3052,1560.6982,1042.88,868.434,1618.524,1300.706,-1026.6388,1609.6694,1041.7643,924.4265,1796.1655,925.057,-407.4281,1745.1442,771.4391,407.25665,1145.9976,477.0743,-480.84616,1148.121,420.14566,396.7419,1034.4988,1181.1934,-66.15298,555.5337,79.159386,487.15805,1088.2325,1316.5665,-8.422102,425.4564,109.65727,472.11606,665.6865,1160.0677,61.165043,355.0807,-233.89917,301.36362
IMG_5923.JPG,2793.3962,823.8845,-908.14685,2849.1587,878.88605,-1017.4378,2845.9592,890.6914,-1017.5596,2843.7578,903.5892,-1018.069,2856.2344,868.4632,-861.3157,2857.3115,872.8925,-861.2882,2858.8582,878.2599,-861.828,2795.8506,1016.751,-1272.5161,2808.5227,985.9555,-555.34546,2709.3525,845.6878,-982.5,2713.7617,830.9897,-775.12933,2298.939,1173.2972,-1430.4742,2404.9631,948.53357,60.327023,1655.4503,1329.8151,-1366.6495,1878.1515,881.04584,594.4285,1140.079,1356.9027,-1345.0144,1574.8444,860.7769,718.5205,997.9486,1419.3855,-1483.9619,1469.1355,858.2909,800.98676,974.74567,1355.0529,-1548.6478,1492.2753,843.64703,626.7424,1030.7139,1332.0831,-1360.0052,1527.0903,854.9871,653.28625,1471.0944,902.85156,-445.89148,1571.8398,706.0458,444.9668,792.1153,437.38782,-610.9797,991.1139,232.75948,893.13727,717.2704,1095.4574,470.75537,456.67273,40.766266,1154.8782,781.0267,1217.0883,592.3837,351.65128,65.0473,1172.6558,441.8976,1049.5686,715.08765,259.60226,-199.8715,1021.4301
IMG_5924.JPG,2491.5295,980.7953,-1511.8798,2553.6648,1062.6647,-1608.4977,2546.0981,1087.9438,-1608.7382,2538.845,1117.2443,-1609.337,2571.5417,1021.2098,-1480.9397,2576.924,1014.824,-1481.3534,2584.018,1009.0922,-1481.9615,2462.0295,1262.7893,-1749.1797,2509.5752,1139.7537,-1158.9064,2394.193,1011.85583,-1537.5917,2415.5337,965.0939,-1366.1555,1847.7625,1350.4357,-1592.2263,2197.7075,1055.4689,-669.4444,1236.856,1392.657,-1466.0054,1725.0878,930.3185,187.35287,783.8742,1394.3734,-1493.2277,1507.6831,779.36584,825.085,645.0193,1455.2773,-1592.2784,1409.3137,728.3766,964.31903,645.39813,1396.4587,-1688.0729,1452.2428,727.9415,801.78125,694.06793,1360.7606,-1529.158,1466.6873,745.36554,783.58527,1198.7561,892.25696,-312.97894,1384.4735,728.5963,313.31207,643.0391,390.96613,-244.13472,982.1693,283.597,1078.616,661.40814,1020.7225,821.2986,680.0605,103.50055,1408.8943,708.31104,1158.9098,947.45667,608.4392,120.69495,1453.5677,431.4483,1008.10455,1189.835,533.3344,-84.3669,1493.3524
KB-Single-Leg-Glute-Bridges_COLLAGE.jpg,138.00407,421.59488,15.1835985,129.34747,425.7912,24.440443,129.09642,426.56808,24.43595,128.87425,427.5683,24.412569,129.07104,427.60168,-5.8874145,128.58803,429.6321,-5.9477615,128.13136,432.03104,-5.9953847,130.92676,440.6257,73.82506,129.46593,445.85806,-60.385616,145.38864,425.76068,37.65323,145.12624,428.3264,-1.16319,174.29613,431.76483,151.41318,178.16176,464.47632,-131.1893,225.71655,404.38092,203.96233,243.73212,430.91653,-133.87874,254.62732,360.46176,161.33333,256.81906,364.29352,-82.39317,265.85727,348.3251,159.07797,264.27316,349.37106,-92.40059,261.53012,347.6193,143.81021,257.49792,347.04767,-87.808846,257.3554,353.48193,152.03464,255.21036,352.34357,-75.725334,293.54456,389.5349,83.54731,294.40442,400.86096,-83.47781,380.62384,344.92648,78.90094,333.54587,294.27307,-100.627556,376.00784,437.09833,233.01308,398.15286,206.36829,-63.320507,365.5354,452.3491,252.20515,411.9115,203.08514,-57.759575,416.68866,451.75912,253.45102,392.0713,154.476,-106.85948
Screenshot_20230220_021738 copy 10.png,367.27142,295.25247,-153.60239,377.15585,303.1463,-174.19373,376.64127,304.48462,-174.24269,376.22092,305.85724,-174.32397,378.48587,302.5989,-145.91524,378.8415,303.75296,-145.89516,379.31055,305.1933,-145.91112,370.47375,319.88516,-226.35213,373.13272,320.32648,-97.95954,356.2741,298.59253,-169.78503,357.30283,297.13052,-132.59958,297.03223,332.2138,-257.63733,321.0612,316.6007,-11.758864,204.50693,342.9584,-240.55002,238.53271,320.4062,43.951817,126.18187,349.25745,-177.37436,173.42459,332.6317,45.742905,106.95027,353.49716,-196.7501,157.10083,331.52692,52.049507,105.1655,350.47214,-201.2417,158.13223,331.93204,30.050156,113.512054,347.95786,-176.8704,162.52524,333.01443,37.469154,171.1511,284.17737,-72.85669,195.52733,268.48187,72.734665,78.72494,216.68965,-94.38962,192.02159,181.01442,120.155495,55.086555,322.75772,18.734556,139.54543,97.29916,156.69313,61.261757,341.3836,32.659515,121.254,93.156654,160.01448,10.308816,321.73572,45.139256,148.36064,53.040604,162.52878
Screenshot_20230220_021738 copy 11.png,367.27142,295.25247,-153.60239,377.15585,303.1463,-174.19373,376.64127,304.48462,-174.24269,376.22092,305.85724,-174.32397,378.48587,302.5989,-145.91524,378.8415,303.75296,-145.89516,379.31055,305.1933,-145.91112,370.47375,319.88516,-226.35213,373.13272,320.32648,-97.95954,356.2741,298.59253,-169.78503,357.30283,297.13052,-132.59958,297.03223,332.2138,-257.63733,321.0612,316.6007,-11.758864,204.50693,342.9584,-240.55002,238.53271,320.4062,43.951817,126.18187,349.25745,-177.37436,173.42459,332.6317,45.742905,106.95027,353.49716,-196.7501,157.10083,331.52692,52.049507,105.1655,350.47214,-201.2417,158.13223,331.93204,30.050156,113.512054,347.95786,-176.8704,162.52524,333.01443,37.469154,171.1511,284.17737,-72.85669,195.52733,268.48187,72.734665,78.72494,216.68965,-94.38962,192.02159,181.01442,120.155495,55.086555,322.75772,18.734556,139.54543,97.29916,156.69313,61.261757,341.3836,32.659515,121.254,93.156654,160.01448,10.308816,321.73572,45.139256,148.36064,53.040604,162.52878
Screenshot_20230220_021738 copy 12.png,367.27142,295.25247,-153.60239,377.15585,303.1463,-174.19373,376.64127,304.48462,-174.24269,376.22092,305.85724,-174.32397,378.48587,302.5989,-145.91524,378.8415,303.75296,-145.89516,379.31055,305.1933,-145.91112,370.47375,319.88516,-226.35213,373.13272,320.32648,-97.95954,356.2741,298.59253,-169.78503,357.30283,297.13052,-132.59958,297.03223,332.2138,-257.63733,321.0612,316.6007,-11.758864,204.50693,342.9584,-240.55002,238.53271,320.4062,43.951817,126.18187,349.25745,-177.37436,173.42459,332.6317,45.742905,106.95027,353.49716,-196.7501,157.10083,331.52692,52.049507,105.1655,350.47214,-201.2417,158.13223,331.93204,30.050156,113.512054,347.95786,-176.8704,162.52524,333.01443,37.469154,171.1511,284.17737,-72.85669,195.52733,268.48187,72.734665,78.72494,216.68965,-94.38962,192.02159,181.01442,120.155495,55.086555,322.75772,18.734556,139.54543,97.29916,156.69313,61.261757,341.3836,32.659515,121.254,93.156654,160.01448,10.308816,321.73572,45.139256,148.36064,53.040604,162.52878
Screenshot_20230220_021738 copy 13.png,367.27142,295.25247,-153.60239,377.15585,303.1463,-174.19373,376.64127,304.48462,-174.24269,376.22092,305.85724,-174.32397,378.48587,302.5989,-145.91524,378.8415,303.75296,-145.89516,379.31055,305.1933,-145.91112,370.47375,319.88516,-226.35213,373.13272,320.32648,-97.95954,356.2741,298.59253,-169.78503,357.30283,297.13052,-132.59958,297.03223,332.2138,-257.63733,321.0612,316.6007,-11.758864,204.50693,342.9584,-240.55002,238.53271,320.4062,43.951817,126.18187,349.25745,-177.37436,173.42459,332.6317,45.742905,106.95027,353.49716,-196.7501,157.10083,331.52692,52.049507,105.1655,350.47214,-201.2417,158.13223,331.93204,30.050156,113.512054,347.95786,-176.8704,162.52524,333.01443,37.469154,171.1511,284.17737,-72.85669,195.52733,268.48187,72.734665,78.72494,216.68965,-94.38962,192.02159,181.01442,120.155495,55.086555,322.75772,18.734556,139.54543,97.29916,156.69313,61.261757,341.3836,32.659515,121.254,93.156654,160.01448,10.308816,321.73572,45.139256,148.36064,53.040604,162.52878
Screenshot_20230220_021738 copy 14.png,367.27142,295.25247,-153.60239,377.15585,303.1463,-174.19373,376.64127,304.48462,-174.24269,376.22092,305.85724,-174.32397,378.48587,302.5989,-145.91524,378.8415,303.75296,-145.89516,379.31055,305.1933,-145.91112,370.47375,319.88516,-226.35213,373.13272,320.32648,-97.95954,356.2741,298.59253,-169.78503,357.30283,297.13052,-132.59958,297.03223,332.2138,-257.63733,321.0612,316.6007,-11.758864,204.50693,342.9584,-240.55002,238.53271,320.4062,43.951817,126.18187,349.25745,-177.37436,173.42459,332.6317,45.742905,106.95027,353.49716,-196.7501,157.10083,331.52692,52.049507,105.1655,350.47214,-201.2417,158.13223,331.93204,30.050156,113.512054,347.95786,-176.8704,162.52524,333.01443,37.469154,171.1511,284.17737,-72.85669,195.52733,268.48187,72.734665,78.72494,216.68965,-94.38962,192.02159,181.01442,120.155495,55.086555,322.75772,18.734556,139.54543,97.29916,156.69313,61.261757,341.3836,32.659515,121.254,93.156654,160.01448,10.308816,321.73572,45.139256,148.36064,53.040604,162.52878
Screenshot_20230220_021738 copy 15.png,367.27142,295.25247,-153.60239,377.15585,303.1463,-174.19373,376.64127,304.48462,-174.24269,376.22092,305.85724,-174.32397,378.48587,302.5989,-145.91524,378.8415,303.75296,-145.89516,379.31055,305.1933,-145.91112,370.47375,319.88516,-226.35213,373.13272,320.32648,-97.95954,356.2741,298.59253,-169.78503,357.30283,297.13052,-132.59958,297.03223,332.2138,-257.63733,321.0612,316.6007,-11.758864,204.50693,342.9584,-240.55002,238.53271,320.4062,43.951817,126.18187,349.25745,-177.37436,173.42459,332.6317,45.742905,106.95027,353.49716,-196.7501,157.10083,331.52692,52.049507,105.1655,350.47214,-201.2417,158.13223,331.93204,30.050156,113.512054,347.95786,-176.8704,162.52524,333.01443,37.469154,171.1511,284.17737,-72.85669,195.52733,268.48187,72.734665,78.72494,216.68965,-94.38962,192.02159,181.01442,120.155495,55.086555,322.75772,18.734556,139.54543,97.29916,156.69313,61.261757,341.3836,32.659515,121.254,93.156654,160.01448,10.308816,321.73572,45.139256,148.36064,53.040604,162.52878
Screenshot_20230220_021738 copy 2.png,367.27142,295.25247,-153.60239,377.15585,303.1463,-174.19373,376.64127,304.48462,-174.24269,376.22092,305.85724,-174.32397,378.48587,302.5989,-145.91524,378.8415,303.75296,-145.89516,379.31055,305.1933,-145.91112,370.47375,319.88516,-226.35213,373.13272,320.32648,-97.95954,356.2741,298.59253,-169.78503,357.30283,297.13052,-132.59958,297.03223,332.2138,-257.63733,321.0612,316.6007,-11.758864,204.50693,342.9584,-240.55002,238.53271,320.4062,43.951817,126.18187,349.25745,-177.37436,173.42459,332.6317,45.742905,106.95027,353.49716,-196.7501,157.10083,331.52692,52.049507,105.1655,350.47214,-201.2417,158.13223,331.93204,30.050156,113.512054,347.95786,-176.8704,162.52524,333.01443,37.469154,171.1511,284.17737,-72.85669,195.52733,268.48187,72.734665,78.72494,216.68965,-94.38962,192.02159,181.01442,120.155495,55.086555,322.75772,18.734556,139.54543,97.29916,156.69313,61.261757,341.3836,32.659515,121.254,93.156654,160.01448,10.308816,321.73572,45.139256,148.36064,53.040604,162.52878
Screenshot_20230220_021738 copy 3.png,367.27142,295.25247,-153.60239,377.15585,303.1463,-174.19373,376.64127,304.48462,-174.24269,376.22092,305.85724,-174.32397,378.48587,302.5989,-145.91524,378.8415,303.75296,-145.89516,379.31055,305.1933,-145.91112,370.47375,319.88516,-226.35213,373.13272,320.32648,-97.95954,356.2741,298.59253,-169.78503,357.30283,297.13052,-132.59958,297.03223,332.2138,-257.63733,321.0612,316.6007,-11.758864,204.50693,342.9584,-240.55002,238.53271,320.4062,43.951817,126.18187,349.25745,-177.37436,173.42459,332.6317,45.742905,106.95027,353.49716,-196.7501,157.10083,331.52692,52.049507,105.1655,350.47214,-201.2417,158.13223,331.93204,30.050156,113.512054,347.95786,-176.8704,162.52524,333.01443,37.469154,171.1511,284.17737,-72.85669,195.52733,268.48187,72.734665,78.72494,216.68965,-94.38962,192.02159,181.01442,120.155495,55.086555,322.75772,18.734556,139.54543,97.29916,156.69313,61.261757,341.3836,32.659515,121.254,93.156654,160.01448,10.308816,321.73572,45.139256,148.36064,53.040604,162.52878
Screenshot_20230220_021738 copy 4.png,367.27142,295.25247,-153.60239,377.15585,303.1463,-174.19373,376.64127,304.48462,-174.24269,376.22092,305.85724,-174.32397,378.48587,302.5989,-145.91524,378.8415,303.75296,-145.89516,379.31055,305.1933,-145.91112,370.47375,319.88516,-226.35213,373.13272,320.32648,-97.95954,356.2741,298.59253,-169.78503,357.30283,297.13052,-132.59958,297.03223,332.2138,-257.63733,321.0612,316.6007,-11.758864,204.50693,342.9584,-240.55002,238.53271,320.4062,43.951817,126.18187,349.25745,-177.37436,173.42459,332.6317,45.742905,106.95027,353.49716,-196.7501,157.10083,331.52692,52.049507,105.1655,350.47214,-201.2417,158.13223,331.93204,30.050156,113.512054,347.95786,-176.8704,162.52524,333.01443,37.469154,171.1511,284.17737,-72.85669,195.52733,268.48187,72.734665,78.72494,216.68965,-94.38962,192.02159,181.01442,120.155495,55.086555,322.75772,18.734556,139.54543,97.29916,156.69313,61.261757,341.3836,32.659515,121.254,93.156654,160.01448,10.308816,321.73572,45.139256,148.36064,53.040604,162.52878
Screenshot_20230220_021738 copy 5.png,367.27142,295.25247,-153.60239,377.15585,303.1463,-174.19373,376.64127,304.48462,-174.24269,376.22092,305.85724,-174.32397,378.48587,302.5989,-145.91524,378.8415,303.75296,-145.89516,379.31055,305.1933,-145.91112,370.47375,319.88516,-226.35213,373.13272,320.32648,-97.95954,356.2741,298.59253,-169.78503,357.30283,297.13052,-132.59958,297.03223,332.2138,-257.63733,321.0612,316.6007,-11.758864,204.50693,342.9584,-240.55002,238.53271,320.4062,43.951817,126.18187,349.25745,-177.37436,173.42459,332.6317,45.742905,106.95027,353.49716,-196.7501,157.10083,331.52692,52.049507,105.1655,350.47214,-201.2417,158.13223,331.93204,30.050156,113.512054,347.95786,-176.8704,162.52524,333.01443,37.469154,171.1511,284.17737,-72.85669,195.52733,268.48187,72.734665,78.72494,216.68965,-94.38962,192.02159,181.01442,120.155495,55.086555,322.75772,18.734556,139.54543,97.29916,156.69313,61.261757,341.3836,32.659515,121.254,93.156654,160.01448,10.308816,321.73572,45.139256,148.36064,53.040604,162.52878
Screenshot_20230220_021738 copy 6.png,367.27142,295.25247,-153.60239,377.15585,303.1463,-174.19373,376.64127,304.48462,-174.24269,376.22092,305.85724,-174.32397,378.48587,302.5989,-145.91524,378.8415,303.75296,-145.89516,379.31055,305.1933,-145.91112,370.47375,319.88516,-226.35213,373.13272,320.32648,-97.95954,356.2741,298.59253,-169.78503,357.30283,297.13052,-132.59958,297.03223,332.2138,-257.63733,321.0612,316.6007,-11.758864,204.50693,342.9584,-240.55002,238.53271,320.4062,43.951817,126.18187,349.25745,-177.37436,173.42459,332.6317,45.742905,106.95027,353.49716,-196.7501,157.10083,331.52692,52.049507,105.1655,350.47214,-201.2417,158.13223,331.93204,30.050156,113.512054,347.95786,-176.8704,162.52524,333.01443,37.469154,171.1511,284.17737,-72.85669,195.52733,268.48187,72.734665,78.72494,216.68965,-94.38962,192.02159,181.01442,120.155495,55.086555,322.75772,18.734556,139.54543,97.29916,156.69313,61.261757,341.3836,32.659515,121.254,93.156654,160.01448,10.308816,321.73572,45.139256,148.36064,53.040604,162.52878
Screenshot_20230220_021738 copy 7.png,367.27142,295.25247,-153.60239,377.15585,303.1463,-174.19373,376.64127,304.48462,-174.24269,376.22092,305.85724,-174.32397,378.48587,302.5989,-145.91524,378.8415,303.75296,-145.89516,379.31055,305.1933,-145.91112,370.47375,319.88516,-226.35213,373.13272,320.32648,-97.95954,356.2741,298.59253,-169.78503,357.30283,297.13052,-132.59958,297.03223,332.2138,-257.63733,321.0612,316.6007,-11.758864,204.50693,342.9584,-240.55002,238.53271,320.4062,43.951817,126.18187,349.25745,-177.37436,173.42459,332.6317,45.742905,106.95027,353.49716,-196.7501,157.10083,331.52692,52.049507,105.1655,350.47214,-201.2417,158.13223,331.93204,30.050156,113.512054,347.95786,-176.8704,162.52524,333.01443,37.469154,171.1511,284.17737,-72.85669,195.52733,268.48187,72.734665,78.72494,216.68965,-94.38962,192.02159,181.01442,120.155495,55.086555,322.75772,18.734556,139.54543,97.29916,156.69313,61.261757,341.3836,32.659515,121.254,93.156654,160.01448,10.308816,321.73572,45.139256,148.36064,53.040604,162.52878
Screenshot_20230220_021738 copy 8.png,367.27142,295.25247,-153.60239,377.15585,303.1463,-174.19373,376.64127,304.48462,-174.24269,376.22092,305.85724,-174.32397,378.48587,302.5989,-145.91524,378.8415,303.75296,-145.89516,379.31055,305.1933,-145.91112,370.47375,319.88516,-226.35213,373.13272,320.32648,-97.95954,356.2741,298.59253,-169.78503,357.30283,297.13052,-132.59958,297.03223,332.2138,-257.63733,321.0612,316.6007,-11.758864,204.50693,342.9584,-240.55002,238.53271,320.4062,43.951817,126.18187,349.25745,-177.37436,173.42459,332.6317,45.742905,106.95027,353.49716,-196.7501,157.10083,331.52692,52.049507,105.1655,350.47214,-201.2417,158.13223,331.93204,30.050156,113.512054,347.95786,-176.8704,162.52524,333.01443,37.469154,171.1511,284.17737,-72.85669,195.52733,268.48187,72.734665,78.72494,216.68965,-94.38962,192.02159,181.01442,120.155495,55.086555,322.75772,18.734556,139.54543,97.29916,156.69313,61.261757,341.3836,32.659515,121.254,93.156654,160.01448,10.308816,321.73572,45.139256,148.36064,53.040604,162.52878
Screenshot_20230220_021738 copy 9.png,367.27142,295.25247,-153.60239,377.15585,303.1463,-174.19373,376.64127,304.48462,-174.24269,376.22092,305.85724,-174.32397,378.48587,302.5989,-145.91524,378.8415,303.75296,-145.89516,379.31055,305.1933,-145.91112,370.47375,319.88516,-226.35213,373.13272,320.32648,-97.95954,356.2741,298.59253,-169.78503,357.30283,297.13052,-132.59958,297.03223,332.2138,-257.63733,321.0612,316.6007,-11.758864,204.50693,342.9584,-240.55002,238.53271,320.4062,43.951817,126.18187,349.25745,-177.37436,173.42459,332.6317,45.742905,106.95027,353.49716,-196.7501,157.10083,331.52692,52.049507,105.1655,350.47214,-201.2417,158.13223,331.93204,30.050156,113.512054,347.95786,-176.8704,162.52524,333.01443,37.469154,171.1511,284.17737,-72.85669,195.52733,268.48187,72.734665,78.72494,216.68965,-94.38962,192.02159,181.01442,120.155495,55.086555,322.75772,18.734556,139.54543,97.29916,156.69313,61.261757,341.3836,32.659515,121.254,93.156654,160.01448,10.308816,321.73572,45.139256,148.36064,53.040604,162.52878
Screenshot_20230220_021738 copy.png,367.27142,295.25247,-153.60239,377.15585,303.1463,-174.19373,376.64127,304.48462,-174.24269,376.22092,305.85724,-174.32397,378.48587,302.5989,-145.91524,378.8415,303.75296,-145.89516,379.31055,305.1933,-145.91112,370.47375,319.88516,-226.35213,373.13272,320.32648,-97.95954,356.2741,298.59253,-169.78503,357.30283,297.13052,-132.59958,297.03223,332.2138,-257.63733,321.0612,316.6007,-11.758864,204.50693,342.9584,-240.55002,238.53271,320.4062,43.951817,126.18187,349.25745,-177.37436,173.42459,332.6317,45.742905,106.95027,353.49716,-196.7501,157.10083,331.52692,52.049507,105.1655,350.47214,-201.2417,158.13223,331.93204,30.050156,113.512054,347.95786,-176.8704,162.52524,333.01443,37.469154,171.1511,284.17737,-72.85669,195.52733,268.48187,72.734665,78.72494,216.68965,-94.38962,192.02159,181.01442,120.155495,55.086555,322.75772,18.734556,139.54543,97.29916,156.69313,61.261757,341.3836,32.659515,121.254,93.156654,160.01448,10.308816,321.73572,45.139256,148.36064,53.040604,162.52878
Screenshot_20230220_021738.png,367.27142,295.25247,-153.60239,377.15585,303.1463,-174.19373,376.64127,304.48462,-174.24269,376.22092,305.85724,-174.32397,378.48587,302.5989,-145.91524,378.8415,303.75296,-145.89516,379.31055,305.1933,-145.91112,370.47375,319.88516,-226.35213,373.13272,320.32648,-97.95954,356.2741,298.59253,-169.78503,357.30283,297.13052,-132.59958,297.03223,332.2138,-257.63733,321.0612,316.6007,-11.758864,204.50693,342.9584,-240.55002,238.53271,320.4062,43.951817,126.18187,349.25745,-177.37436,173.42459,332.6317,45.742905,106.95027,353.49716,-196.7501,157.10083,331.52692,52.049507,105.1655,350.47214,-201.2417,158.13223,331.93204,30.050156,113.512054,347.95786,-176.8704,162.52524,333.01443,37.469154,171.1511,284.17737,-72.85669,195.52733,268.48187,72.734665,78.72494,216.68965,-94.38962,192.02159,181.01442,120.155495,55.086555,322.75772,18.734556,139.54543,97.29916,156.69313,61.261757,341.3836,32.659515,121.254,93.156654,160.01448,10.308816,321.73572,45.139256,148.36064,53.040604,162.52878
Screenshot_20230220_021805 copy 10.png,346.7605,489.94504,-256.11383,352.21973,500.73535,-274.694,350.0366,503.82666,-274.68518,347.80347,507.2887,-274.76718,357.8674,495.85132,-254.67065,359.8107,495.06348,-254.68938,361.8285,494.29904,-254.69322,337.95602,524.04517,-294.04733,354.43073,506.86426,-204.22174,333.55054,491.83722,-256.9185,338.32425,486.1915,-231.02138,259.08273,520.7894,-267.83777,335.6851,500.56754,-99.748955,185.64009,525.95734,-219.69312,276.56827,481.72366,72.92744,128.99023,515.0366,-151.16998,240.75705,458.6471,207.29489,111.97315,515.6222,-155.31015,230.1837,450.9996,235.45485,111.7088,508.07706,-171.6947,229.15852,449.63736,210.93608,118.61121,506.71823,-154.09477,230.20253,452.5305,202.5921,178.66978,450.27872,-47.40997,221.826,434.54935,47.540375,107.90928,367.42212,-33.18392,208.78839,322.68924,12.735451,86.758804,452.49188,116.57515,178.41176,217.22853,-30.884361,87.11294,468.4484,135.61444,164.7259,206.4171,-35.556755,38.39678,457.31027,173.44942,191.84972,168.02673,-45.733017
Screenshot_20230220_021805 copy 11.png,346.7605,489.94504,-256.11383,352.21973,500.73535,-274.694,350.0366,503.82666,-274.68518,347.80347,507.2887,-274.76718,357.8674,495.85132,-254.67065,359.8107,495.06348,-254.68938,361.8285,494.29904,-254.69322,337.95602,524.04517,-294.04733,354.43073,506.86426,-204.22174,333.55054,491.83722,-256.9185,338.32425,486.1915,-231.02138,259.08273,520.7894,-267.83777,335.6851,500.56754,-99.748955,185.64009,525.95734,-219.69312,276.56827,481.72366,72.92744,128.99023,515.0366,-151.16998,240.75705,458.6471,207.29489,111.97315,515.6222,-155.31015,230.1837,450.9996,235.45485,111.7088,508.07706,-171.6947,229.15852,449.63736,210.93608,118.61121,506.71823,-154.09477,230.20253,452.5305,202.5921,178.66978,450.27872,-47.40997,221.826,434.54935,47.540375,107.90928,367.42212,-33.18392,208.78839,322.68924,12.735451,86.758804,452.49188,116.57515,178.41176,217.22853,-30.884361,87.11294,468.4484,135.61444,164.7259,206.4171,-35.556755,38.39678,457.31027,173.44942,191.84972,168.02673,-45.733017
Screenshot_20230220_021805 copy 12.png,346.7605,489.94504,-256.11383,352.21973,500.73535,-274.694,350.0366,503.82666,-274.68518,347.80347,507.2887,-274.76718,357.8674,495.85132,-254.67065,359.8107,495.06348,-254.68938,361.8285,494.29904,-254.69322,337.95602,524.04517,-294.04733,354.43073,506.86426,-204.22174,333.55054,491.83722,-256.9185,338.32425,486.1915,-231.02138,259.08273,520.7894,-267.83777,335.6851,500.56754,-99.748955,185.64009,525.95734,-219.69312,276.56827,481.72366,72.92744,128.99023,515.0366,-151.16998,240.75705,458.6471,207.29489,111.97315,515.6222,-155.31015,230.1837,450.9996,235.45485,111.7088,508.07706,-171.6947,229.15852,449.63736,210.93608,118.61121,506.71823,-154.09477,230.20253,452.5305,202.5921,178.66978,450.27872,-47.40997,221.826,434.54935,47.540375,107.90928,367.42212,-33.18392,208.78839,322.68924,12.735451,86.758804,452.49188,116.57515,178.41176,217.22853,-30.884361,87.11294,468.4484,135.61444,164.7259,206.4171,-35.556755,38.39678,457.31027,173.44942,191.84972,168.02673,-45.733017
Screenshot_20230220_021805 copy 13.png,346.7605,489.94504,-256.11383,352.21973,500.73535,-274.694,350.0366,503.82666,-274.68518,347.80347,507.2887,-274.76718,357.8674,495.85132,-254.67065,359.8107,495.06348,-254.68938,361.8285,494.29904,-254.69322,337.95602,524.04517,-294.04733,354.43073,506.86426,-204.22174,333.55054,491.83722,-256.9185,338.32425,486.1915,-231.02138,259.08273,520.7894,-267.83777,335.6851,500.56754,-99.748955,185.64009,525.95734,-219.69312,276.56827,481.72366,72.92744,128.99023,515.0366,-151.16998,240.75705,458.6471,207.29489,111.97315,515.6222,-155.31015,230.1837,450.9996,235.45485,111.7088,508.07706,-171.6947,229.15852,449.63736,210.93608,118.61121,506.71823,-154.09477,230.20253,452.5305,202.5921,178.66978,450.27872,-47.40997,221.826,434.54935,47.540375,107.90928,367.42212,-33.18392,208.78839,322.68924,12.735451,86.758804,452.49188,116.57515,178.41176,217.22853,-30.884361,87.11294,468.4484,135.61444,164.7259,206.4171,-35.556755,38.39678,457.31027,173.44942,191.84972,168.02673,-45.733017
Screenshot_20230220_021805 copy 2.png,346.7605,489.94504,-256.11383,352.21973,500.73535,-274.694,350.0366,503.82666,-274.68518,347.80347,507.2887,-274.76718,357.8674,495.85132,-254.67065,359.8107,495.06348,-254.68938,361.8285,494.29904,-254.69322,337.95602,524.04517,-294.04733,354.43073,506.86426,-204.22174,333.55054,491.83722,-256.9185,338.32425,486.1915,-231.02138,259.08273,520.7894,-267.83777,335.6851,500.56754,-99.748955,185.64009,525.95734,-219.69312,276.56827,481.72366,72.92744,128.99023,515.0366,-151.16998,240.75705,458.6471,207.29489,111.97315,515.6222,-155.31015,230.1837,450.9996,235.45485,111.7088,508.07706,-171.6947,229.15852,449.63736,210.93608,118.61121,506.71823,-154.09477,230.20253,452.5305,202.5921,178.66978,450.27872,-47.40997,221.826,434.54935,47.540375,107.90928,367.42212,-33.18392,208.78839,322.68924,12.735451,86.758804,452.49188,116.57515,178.41176,217.22853,-30.884361,87.11294,468.4484,135.61444,164.7259,206.4171,-35.556755,38.39678,457.31027,173.44942,191.84972,168.02673,-45.733017
Screenshot_20230220_021805 copy 3.png,346.7605,489.94504,-256.11383,352.21973,500.73535,-274.694,350.0366,503.82666,-274.68518,347.80347,507.2887,-274.76718,357.8674,495.85132,-254.67065,359.8107,495.06348,-254.68938,361.8285,494.29904,-254.69322,337.95602,524.04517,-294.04733,354.43073,506.86426,-204.22174,333.55054,491.83722,-256.9185,338.32425,486.1915,-231.02138,259.08273,520.7894,-267.83777,335.6851,500.56754,-99.748955,185.64009,525.95734,-219.69312,276.56827,481.72366,72.92744,128.99023,515.0366,-151.16998,240.75705,458.6471,207.29489,111.97315,515.6222,-155.31015,230.1837,450.9996,235.45485,111.7088,508.07706,-171.6947,229.15852,449.63736,210.93608,118.61121,506.71823,-154.09477,230.20253,452.5305,202.5921,178.66978,450.27872,-47.40997,221.826,434.54935,47.540375,107.90928,367.42212,-33.18392,208.78839,322.68924,12.735451,86.758804,452.49188,116.57515,178.41176,217.22853,-30.884361,87.11294,468.4484,135.61444,164.7259,206.4171,-35.556755,38.39678,457.31027,173.44942,191.84972,168.02673,-45.733017
Screenshot_20230220_021805 copy 4.png,346.7605,489.94504,-256.11383,352.21973,500.73535,-274.694,350.0366,503.82666,-274.68518,347.80347,507.2887,-274.76718,357.8674,495.85132,-254.67065,359.8107,495.06348,-254.68938,361.8285,494.29904,-254.69322,337.95602,524.04517,-294.04733,354.43073,506.86426,-204.22174,333.55054,491.83722,-256.9185,338.32425,486.1915,-231.02138,259.08273,520.7894,-267.83777,335.6851,500.56754,-99.748955,185.64009,525.95734,-219.69312,276.56827,481.72366,72.92744,128.99023,515.0366,-151.16998,240.75705,458.6471,207.29489,111.97315,515.6222,-155.31015,230.1837,450.9996,235.45485,111.7088,508.07706,-171.6947,229.15852,449.63736,210.93608,118.61121,506.71823,-154.09477,230.20253,452.5305,202.5921,178.66978,450.27872,-47.40997,221.826,434.54935,47.540375,107.90928,367.42212,-33.18392,208.78839,322.68924,12.735451,86.758804,452.49188,116.57515,178.41176,217.22853,-30.884361,87.11294,468.4484,135.61444,164.7259,206.4171,-35.556755,38.39678,457.31027,173.44942,191.84972,168.02673,-45.733017
Screenshot_20230220_021805 copy 5.png,346.7605,489.94504,-256.11383,352.21973,500.73535,-274.694,350.0366,503.82666,-274.68518,347.80347,507.2887,-274.76718,357.8674,495.85132,-254.67065,359.8107,495.06348,-254.68938,361.8285,494.29904,-254.69322,337.95602,524.04517,-294.04733,354.43073,506.86426,-204.22174,333.55054,491.83722,-256.9185,338.32425,486.1915,-231.02138,259.08273,520.7894,-267.83777,335.6851,500.56754,-99.748955,185.64009,525.95734,-219.69312,276.56827,481.72366,72.92744,128.99023,515.0366,-151.16998,240.75705,458.6471,207.29489,111.97315,515.6222,-155.31015,230.1837,450.9996,235.45485,111.7088,508.07706,-171.6947,229.15852,449.63736,210.93608,118.61121,506.71823,-154.09477,230.20253,452.5305,202.5921,178.66978,450.27872,-47.40997,221.826,434.54935,47.540375,107.90928,367.42212,-33.18392,208.78839,322.68924,12.735451,86.758804,452.49188,116.57515,178.41176,217.22853,-30.884361,87.11294,468.4484,135.61444,164.7259,206.4171,-35.556755,38.39678,457.31027,173.44942,191.84972,168.02673,-45.733017
Screenshot_20230220_021805 copy 6.png,346.7605,489.94504,-256.11383,352.21973,500.73535,-274.694,350.0366,503.82666,-274.68518,347.80347,507.2887,-274.76718,357.8674,495.85132,-254.67065,359.8107,495.06348,-254.68938,361.8285,494.29904,-254.69322,337.95602,524.04517,-294.04733,354.43073,506.86426,-204.22174,333.55054,491.83722,-256.9185,338.32425,486.1915,-231.02138,259.08273,520.7894,-267.83777,335.6851,500.56754,-99.748955,185.64009,525.95734,-219.69312,276.56827,481.72366,72.92744,128.99023,515.0366,-151.16998,240.75705,458.6471,207.29489,111.97315,515.6222,-155.31015,230.1837,450.9996,235.45485,111.7088,508.07706,-171.6947,229.15852,449.63736,210.93608,118.61121,506.71823,-154.09477,230.20253,452.5305,202.5921,178.66978,450.27872,-47.40997,221.826,434.54935,47.540375,107.90928,367.42212,-33.18392,208.78839,322.68924,12.735451,86.758804,452.49188,116.57515,178.41176,217.22853,-30.884361,87.11294,468.4484,135.61444,164.7259,206.4171,-35.556755,38.39678,457.31027,173.44942,191.84972,168.02673,-45.733017
Screenshot_20230220_021805 copy 7.png,346.7605,489.94504,-256.11383,352.21973,500.73535,-274.694,350.0366,503.82666,-274.68518,347.80347,507.2887,-274.76718,357.8674,495.85132,-254.67065,359.8107,495.06348,-254.68938,361.8285,494.29904,-254.69322,337.95602,524.04517,-294.04733,354.43073,506.86426,-204.22174,333.55054,491.83722,-256.9185,338.32425,486.1915,-231.02138,259.08273,520.7894,-267.83777,335.6851,500.56754,-99.748955,185.64009,525.95734,-219.69312,276.56827,481.72366,72.92744,128.99023,515.0366,-151.16998,240.75705,458.6471,207.29489,111.97315,515.6222,-155.31015,230.1837,450.9996,235.45485,111.7088,508.07706,-171.6947,229.15852,449.63736,210.93608,118.61121,506.71823,-154.09477,230.20253,452.5305,202.5921,178.66978,450.27872,-47.40997,221.826,434.54935,47.540375,107.90928,367.42212,-33.18392,208.78839,322.68924,12.735451,86.758804,452.49188,116.57515,178.41176,217.22853,-30.884361,87.11294,468.4484,135.61444,164.7259,206.4171,-35.556755,38.39678,457.31027,173.44942,191.84972,168.02673,-45.733017
Screenshot_20230220_021805 copy 8.png,346.7605,489.94504,-256.11383,352.21973,500.73535,-274.694,350.0366,503.82666,-274.68518,347.80347,507.2887,-274.76718,357.8674,495.85132,-254.67065,359.8107,495.06348,-254.68938,361.8285,494.29904,-254.69322,337.95602,524.04517,-294.04733,354.43073,506.86426,-204.22174,333.55054,491.83722,-256.9185,338.32425,486.1915,-231.02138,259.08273,520.7894,-267.83777,335.6851,500.56754,-99.748955,185.64009,525.95734,-219.69312,276.56827,481.72366,72.92744,128.99023,515.0366,-151.16998,240.75705,458.6471,207.29489,111.97315,515.6222,-155.31015,230.1837,450.9996,235.45485,111.7088,508.07706,-171.6947,229.15852,449.63736,210.93608,118.61121,506.71823,-154.09477,230.20253,452.5305,202.5921,178.66978,450.27872,-47.40997,221.826,434.54935,47.540375,107.90928,367.42212,-33.18392,208.78839,322.68924,12.735451,86.758804,452.49188,116.57515,178.41176,217.22853,-30.884361,87.11294,468.4484,135.61444,164.7259,206.4171,-35.556755,38.39678,457.31027,173.44942,191.84972,168.02673,-45.733017
Screenshot_20230220_021805 copy 9.png,346.7605,489.94504,-256.11383,352.21973,500.73535,-274.694,350.0366,503.82666,-274.68518,347.80347,507.2887,-274.76718,357.8674,495.85132,-254.67065,359.8107,495.06348,-254.68938,361.8285,494.29904,-254.69322,337.95602,524.04517,-294.04733,354.43073,506.86426,-204.22174,333.55054,491.83722,-256.9185,338.32425,486.1915,-231.02138,259.08273,520.7894,-267.83777,335.6851,500.56754,-99.748955,185.64009,525.95734,-219.69312,276.56827,481.72366,72.92744,128.99023,515.0366,-151.16998,240.75705,458.6471,207.29489,111.97315,515.6222,-155.31015,230.1837,450.9996,235.45485,111.7088,508.07706,-171.6947,229.15852,449.63736,210.93608,118.61121,506.71823,-154.09477,230.20253,452.5305,202.5921,178.66978,450.27872,-47.40997,221.826,434.54935,47.540375,107.90928,367.42212,-33.18392,208.78839,322.68924,12.735451,86.758804,452.49188,116.57515,178.41176,217.22853,-30.884361,87.11294,468.4484,135.61444,164.7259,206.4171,-35.556755,38.39678,457.31027,173.44942,191.84972,168.02673,-45.733017
Screenshot_20230220_021805 copy.png,346.7605,489.94504,-256.11383,352.21973,500.73535,-274.694,350.0366,503.82666,-274.68518,347.80347,507.2887,-274.76718,357.8674,495.85132,-254.67065,359.8107,495.06348,-254.68938,361.8285,494.29904,-254.69322,337.95602,524.04517,-294.04733,354.43073,506.86426,-204.22174,333.55054,491.83722,-256.9185,338.32425,486.1915,-231.02138,259.08273,520.7894,-267.83777,335.6851,500.56754,-99.748955,185.64009,525.95734,-219.69312,276.56827,481.72366,72.92744,128.99023,515.0366,-151.16998,240.75705,458.6471,207.29489,111.97315,515.6222,-155.31015,230.1837,450.9996,235.45485,111.7088,508.07706,-171.6947,229.15852,449.63736,210.93608,118.61121,506.71823,-154.09477,230.20253,452.5305,202.5921,178.66978,450.27872,-47.40997,221.826,434.54935,47.540375,107.90928,367.42212,-33.18392,208.78839,322.68924,12.735451,86.758804,452.49188,116.57515,178.41176,217.22853,-30.884361,87.11294,468.4484,135.61444,164.7259,206.4171,-35.556755,38.39678,457.31027,173.44942,191.84972,168.02673,-45.733017
Screenshot_20230220_021805.png,346.7605,489.94504,-256.11383,352.21973,500.73535,-274.694,350.0366,503.82666,-274.68518,347.80347,507.2887,-274.76718,357.8674,495.85132,-254.67065,359.8107,495.06348,-254.68938,361.8285,494.29904,-254.69322,337.95602,524.04517,-294.04733,354.43073,506.86426,-204.22174,333.55054,491.83722,-256.9185,338.32425,486.1915,-231.02138,259.08273,520.7894,-267.83777,335.6851,500.56754,-99.748955,185.64009,525.95734,-219.69312,276.56827,481.72366,72.92744,128.99023,515.0366,-151.16998,240.75705,458.6471,207.29489,111.97315,515.6222,-155.31015,230.1837,450.9996,235.45485,111.7088,508.07706,-171.6947,229.15852,449.63736,210.93608,118.61121,506.71823,-154.09477,230.20253,452.5305,202.5921,178.66978,450.27872,-47.40997,221.826,434.54935,47.540375,107.90928,367.42212,-33.18392,208.78839,322.68924,12.735451,86.758804,452.49188,116.57515,178.41176,217.22853,-30.884361,87.11294,468.4484,135.61444,164.7259,206.4171,-35.556755,38.39678,457.31027,173.44942,191.84972,168.02673,-45.733017
Screenshot_20230220_021826 copy 10.png,346.64093,402.3571,-278.45938,354.9955,411.69946,-302.6558,353.63864,414.98645,-302.6369,352.29807,418.73856,-302.71292,359.38864,405.76343,-281.85834,360.92908,404.8633,-281.84616,362.41864,404.08154,-281.87466,347.34857,442.04907,-326.72394,361.00702,417.2721,-230.69925,332.70715,408.01657,-278.36734,337.51862,400.85672,-250.73433,268.39066,445.9418,-281.33945,331.50998,412.73007,-113.39,173.60988,446.5023,-227.33296,274.13974,391.68866,92.017235,96.806076,439.3667,-177.93105,236.65938,362.50137,254.03876,75.88705,443.61047,-178.27235,221.92708,354.53296,293.07132,72.39957,438.90186,-194.7643,223.9634,352.81213,266.27045,79.28042,435.27213,-180.9521,227.16316,356.36136,249.28493,161.03444,345.14465,-54.388756,194.97922,322.46536,54.332623,66.628525,278.82043,-1.9744437,124.33395,236.3667,174.6606,66.66228,384.44662,200.2858,71.96599,168.98892,214.37628,78.88704,406.08588,223.30031,63.497826,174.06448,217.24274,31.520784,404.91675,273.01813,39.382435,124.96641,205.61612
Screenshot_20230220_021826 copy 11.png,346.64093,402.3571,-278.45938,354.9955,411.69946,-302.6558,353.63864,414.98645,-302.6369,352.29807,418.73856,-302.71292,359.38864,405.76343,-281.85834,360.92908,404.8633,-281.84616,362.41864,404.08154,-281.87466,347.34857,442.04907,-326.72394,361.00702,417.2721,-230.69925,332.70715,408.01657,-278.36734,337.51862,400.85672,-250.73433,268.39066,445.9418,-281.33945,331.50998,412.73007,-113.39,173.60988,446.5023,-227.33296,274.13974,391.68866,92.017235,96.806076,439.3667,-177.93105,236.65938,362.50137,254.03876,75.88705,443.61047,-178.27235,221.92708,354.53296,293.07132,72.39957,438.90186,-194.7643,223.9634,352.81213,266.27045,79.28042,435.27213,-180.9521,227.16316,356.36136,249.28493,161.03444,345.14465,-54.388756,194.97922,322.46536,54.332623,66.628525,278.82043,-1.9744437,124.33395,236.3667,174.6606,66.66228,384.44662,200.2858,71.96599,168.98892,214.37628,78.88704,406.08588,223.30031,63.497826,174.06448,217.24274,31.520784,404.91675,273.01813,39.382435,124.96641,205.61612
Screenshot_20230220_021826 copy 12.png,346.64093,402.3571,-278.45938,354.9955,411.69946,-302.6558,353.63864,414.98645,-302.6369,352.29807,418.73856,-302.71292,359.38864,405.76343,-281.85834,360.92908,404.8633,-281.84616,362.41864,404.08154,-281.87466,347.34857,442.04907,-326.72394,361.00702,417.2721,-230.69925,332.70715,408.01657,-278.36734,337.51862,400.85672,-250.73433,268.39066,445.9418,-281.33945,331.50998,412.73007,-113.39,173.60988,446.5023,-227.33296,274.13974,391.68866,92.017235,96.806076,439.3667,-177.93105,236.65938,362.50137,254.03876,75.88705,443.61047,-178.27235,221.92708,354.53296,293.07132,72.39957,438.90186,-194.7643,223.9634,352.81213,266.27045,79.28042,435.27213,-180.9521,227.16316,356.36136,249.28493,161.03444,345.14465,-54.388756,194.97922,322.46536,54.332623,66.628525,278.82043,-1.9744437,124.33395,236.3667,174.6606,66.66228,384.44662,200.2858,71.96599,168.98892,214.37628,78.88704,406.08588,223.30031,63.497826,174.06448,217.24274,31.520784,404.91675,273.01813,39.382435,124.96641,205.61612
Screenshot_20230220_021826 copy 13.png,346.64093,402.3571,-278.45938,354.9955,411.69946,-302.6558,353.63864,414.98645,-302.6369,352.29807,418.73856,-302.71292,359.38864,405.76343,-281.85834,360.92908,404.8633,-281.84616,362.41864,404.08154,-281.87466,347.34857,442.04907,-326.72394,361.00702,417.2721,-230.69925,332.70715,408.01657,-278.36734,337.51862,400.85672,-250.73433,268.39066,445.9418,-281.33945,331.50998,412.73007,-113.39,173.60988,446.5023,-227.33296,274.13974,391.68866,92.017235,96.806076,439.3667,-177.93105,236.65938,362.50137,254.03876,75.88705,443.61047,-178.27235,221.92708,354.53296,293.07132,72.39957,438.90186,-194.7643,223.9634,352.81213,266.27045,79.28042,435.27213,-180.9521,227.16316,356.36136,249.28493,161.03444,345.14465,-54.388756,194.97922,322.46536,54.332623,66.628525,278.82043,-1.9744437,124.33395,236.3667,174.6606,66.66228,384.44662,200.2858,71.96599,168.98892,214.37628,78.88704,406.08588,223.30031,63.497826,174.06448,217.24274,31.520784,404.91675,273.01813,39.382435,124.96641,205.61612
Screenshot_20230220_021826 copy 14.png,346.64093,402.3571,-278.45938,354.9955,411.69946,-302.6558,353.63864,414.98645,-302.6369,352.29807,418.73856,-302.71292,359.38864,405.76343,-281.85834,360.92908,404.8633,-281.84616,362.41864,404.08154,-281.87466,347.34857,442.04907,-326.72394,361.00702,417.2721,-230.69925,332.70715,408.01657,-278.36734,337.51862,400.85672,-250.73433,268.39066,445.9418,-281.33945,331.50998,412.73007,-113.39,173.60988,446.5023,-227.33296,274.13974,391.68866,92.017235,96.806076,439.3667,-177.93105,236.65938,362.50137,254.03876,75.88705,443.61047,-178.27235,221.92708,354.53296,293.07132,72.39957,438.90186,-194.7643,223.9634,352.81213,266.27045,79.28042,435.27213,-180.9521,227.16316,356.36136,249.28493,161.03444,345.14465,-54.388756,194.97922,322.46536,54.332623,66.628525,278.82043,-1.9744437,124.33395,236.3667,174.6606,66.66228,384.44662,200.2858,71.96599,168.98892,214.37628,78.88704,406.08588,223.30031,63.497826,174.06448,217.24274,31.520784,404.91675,273.01813,39.382435,124.96641,205.61612
Screenshot_20230220_021826 copy 15.png,346.64093,402.3571,-278.45938,354.9955,411.69946,-302.6558,353.63864,414.98645,-302.6369,352.29807,418.73856,-302.71292,359.38864,405.76343,-281.85834,360.92908,404.8633,-281.84616,362.41864,404.08154,-281.87466,347.34857,442.04907,-326.72394,361.00702,417.2721,-230.69925,332.70715,408.01657,-278.36734,337.51862,400.85672,-250.73433,268.39066,445.9418,-281.33945,331.50998,412.73007,-113.39,173.60988,446.5023,-227.33296,274.13974,391.68866,92.017235,96.806076,439.3667,-177.93105,236.65938,362.50137,254.03876,75.88705,443.61047,-178.27235,221.92708,354.53296,293.07132,72.39957,438.90186,-194.7643,223.9634,352.81213,266.27045,79.28042,435.27213,-180.9521,227.16316,356.36136,249.28493,161.03444,345.14465,-54.388756,194.97922,322.46536,54.332623,66.628525,278.82043,-1.9744437,124.33395,236.3667,174.6606,66.66228,384.44662,200.2858,71.96599,168.98892,214.37628,78.88704,406.08588,223.30031,63.497826,174.06448,217.24274,31.520784,404.91675,273.01813,39.382435,124.96641,205.61612
Screenshot_20230220_021826 copy 16.png,346.64093,402.3571,-278.45938,354.9955,411.69946,-302.6558,353.63864,414.98645,-302.6369,352.29807,418.73856,-302.71292,359.38864,405.76343,-281.85834,360.92908,404.8633,-281.84616,362.41864,404.08154,-281.87466,347.34857,442.04907,-326.72394,361.00702,417.2721,-230.69925,332.70715,408.01657,-278.36734,337.51862,400.85672,-250.73433,268.39066,445.9418,-281.33945,331.50998,412.73007,-113.39,173.60988,446.5023,-227.33296,274.13974,391.68866,92.017235,96.806076,439.3667,-177.93105,236.65938,362.50137,254.03876,75.88705,443.61047,-178.27235,221.92708,354.53296,293.07132,72.39957,438.90186,-194.7643,223.9634,352.81213,266.27045,79.28042,435.27213,-180.9521,227.16316,356.36136,249.28493,161.03444,345.14465,-54.388756,194.97922,322.46536,54.332623,66.628525,278.82043,-1.9744437,124.33395,236.3667,174.6606,66.66228,384.44662,200.2858,71.96599,168.98892,214.37628,78.88704,406.08588,223.30031,63.497826,174.06448,217.24274,31.520784,404.91675,273.01813,39.382435,124.96641,205.61612
Screenshot_20230220_021826 copy 2.png,346.64093,402.3571,-278.45938,354.9955,411.69946,-302.6558,353.63864,414.98645,-302.6369,352.29807,418.73856,-302.71292,359.38864,405.76343,-281.85834,360.92908,404.8633,-281.84616,362.41864,404.08154,-281.87466,347.34857,442.04907,-326.72394,361.00702,417.2721,-230.69925,332.70715,408.01657,-278.36734,337.51862,400.85672,-250.73433,268.39066,445.9418,-281.33945,331.50998,412.73007,-113.39,173.60988,446.5023,-227.33296,274.13974,391.68866,92.017235,96.806076,439.3667,-177.93105,236.65938,362.50137,254.03876,75.88705,443.61047,-178.27235,221.92708,354.53296,293.07132,72.39957,438.90186,-194.7643,223.9634,352.81213,266.27045,79.28042,435.27213,-180.9521,227.16316,356.36136,249.28493,161.03444,345.14465,-54.388756,194.97922,322.46536,54.332623,66.628525,278.82043,-1.9744437,124.33395,236.3667,174.6606,66.66228,384.44662,200.2858,71.96599,168.98892,214.37628,78.88704,406.08588,223.30031,63.497826,174.06448,217.24274,31.520784,404.91675,273.01813,39.382435,124.96641,205.61612
Screenshot_20230220_021826 copy 3.png,346.64093,402.3571,-278.45938,354.9955,411.69946,-302.6558,353.63864,414.98645,-302.6369,352.29807,418.73856,-302.71292,359.38864,405.76343,-281.85834,360.92908,404.8633,-281.84616,362.41864,404.08154,-281.87466,347.34857,442.04907,-326.72394,361.00702,417.2721,-230.69925,332.70715,408.01657,-278.36734,337.51862,400.85672,-250.73433,268.39066,445.9418,-281.33945,331.50998,412.73007,-113.39,173.60988,446.5023,-227.33296,274.13974,391.68866,92.017235,96.806076,439.3667,-177.93105,236.65938,362.50137,254.03876,75.88705,443.61047,-178.27235,221.92708,354.53296,293.07132,72.39957,438.90186,-194.7643,223.9634,352.81213,266.27045,79.28042,435.27213,-180.9521,227.16316,356.36136,249.28493,161.03444,345.14465,-54.388756,194.97922,322.46536,54.332623,66.628525,278.82043,-1.9744437,124.33395,236.3667,174.6606,66.66228,384.44662,200.2858,71.96599,168.98892,214.37628,78.88704,406.08588,223.30031,63.497826,174.06448,217.24274,31.520784,404.91675,273.01813,39.382435,124.96641,205.61612
Screenshot_20230220_021826 copy 4.png,346.64093,402.3571,-278.45938,354.9955,411.69946,-302.6558,353.63864,414.98645,-302.6369,352.29807,418.73856,-302.71292,359.38864,405.76343,-281.85834,360.92908,404.8633,-281.84616,362.41864,404.08154,-281.87466,347.34857,442.04907,-326.72394,361.00702,417.2721,-230.69925,332.70715,408.01657,-278.36734,337.51862,400.85672,-250.73433,268.39066,445.9418,-281.33945,331.50998,412.73007,-113.39,173.60988,446.5023,-227.33296,274.13974,391.68866,92.017235,96.806076,439.3667,-177.93105,236.65938,362.50137,254.03876,75.88705,443.61047,-178.27235,221.92708,354.53296,293.07132,72.39957,438.90186,-194.7643,223.9634,352.81213,266.27045,79.28042,435.27213,-180.9521,227.16316,356.36136,249.28493,161.03444,345.14465,-54.388756,194.97922,322.46536,54.332623,66.628525,278.82043,-1.9744437,124.33395,236.3667,174.6606,66.66228,384.44662,200.2858,71.96599,168.98892,214.37628,78.88704,406.08588,223.30031,63.497826,174.06448,217.24274,31.520784,404.91675,273.01813,39.382435,124.96641,205.61612
Screenshot_20230220_021826 copy 5.png,346.64093,402.3571,-278.45938,354.9955,411.69946,-302.6558,353.63864,414.98645,-302.6369,352.29807,418.73856,-302.71292,359.38864,405.76343,-281.85834,360.92908,404.8633,-281.84616,362.41864,404.08154,-281.87466,347.34857,442.04907,-326.72394,361.00702,417.2721,-230.69925,332.70715,408.01657,-278.36734,337.51862,400.85672,-250.73433,268.39066,445.9418,-281.33945,331.50998,412.73007,-113.39,173.60988,446.5023,-227.33296,274.13974,391.68866,92.017235,96.806076,439.3667,-177.93105,236.65938,362.50137,254.03876,75.88705,443.61047,-178.27235,221.92708,354.53296,293.07132,72.39957,438.90186,-194.7643,223.9634,352.81213,266.27045,79.28042,435.27213,-180.9521,227.16316,356.36136,249.28493,161.03444,345.14465,-54.388756,194.97922,322.46536,54.332623,66.628525,278.82043,-1.9744437,124.33395,236.3667,174.6606,66.66228,384.44662,200.2858,71.96599,168.98892,214.37628,78.88704,406.08588,223.30031,63.497826,174.06448,217.24274,31.520784,404.91675,273.01813,39.382435,124.96641,205.61612
Screenshot_20230220_021826 copy 6.png,346.64093,402.3571,-278.45938,354.9955,411.69946,-302.6558,353.63864,414.98645,-302.6369,352.29807,418.73856,-302.71292,359.38864,405.76343,-281.85834,360.92908,404.8633,-281.84616,362.41864,404.08154,-281.87466,347.34857,442.04907,-326.72394,361.00702,417.2721,-230.69925,332.70715,408.01657,-278.36734,337.51862,400.85672,-250.73433,268.39066,445.9418,-281.33945,331.50998,412.73007,-113.39,173.60988,446.5023,-227.33296,274.13974,391.68866,92.017235,96.806076,439.3667,-177.93105,236.65938,362.50137,254.03876,75.88705,443.61047,-178.27235,221.92708,354.53296,293.07132,72.39957,438.90186,-194.7643,223.9634,352.81213,266.27045,79.28042,435.27213,-180.9521,227.16316,356.36136,249.28493,161.03444,345.14465,-54.388756,194.97922,322.46536,54.332623,66.628525,278.82043,-1.9744437,124.33395,236.3667,174.6606,66.66228,384.44662,200.2858,71.96599,168.98892,214.37628,78.88704,406.08588,223.30031,63.497826,174.06448,217.24274,31.520784,404.91675,273.01813,39.382435,124.96641,205.61612
Screenshot_20230220_021826 copy 7.png,346.64093,402.3571,-278.45938,354.9955,411.69946,-302.6558,353.63864,414.98645,-302.6369,352.29807,418.73856,-302.71292,359.38864,405.76343,-281.85834,360.92908,404.8633,-281.84616,362.41864,404.08154,-281.87466,347.34857,442.04907,-326.72394,361.00702,417.2721,-230.69925,332.70715,408.01657,-278.36734,337.51862,400.85672,-250.73433,268.39066,445.9418,-281.33945,331.50998,412.73007,-113.39,173.60988,446.5023,-227.33296,274.13974,391.68866,92.017235,96.806076,439.3667,-177.93105,236.65938,362.50137,254.03876,75.88705,443.61047,-178.27235,221.92708,354.53296,293.07132,72.39957,438.90186,-194.7643,223.9634,352.81213,266.27045,79.28042,435.27213,-180.9521,227.16316,356.36136,249.28493,161.03444,345.14465,-54.388756,194.97922,322.46536,54.332623,66.628525,278.82043,-1.9744437,124.33395,236.3667,174.6606,66.66228,384.44662,200.2858,71.96599,168.98892,214.37628,78.88704,406.08588,223.30031,63.497826,174.06448,217.24274,31.520784,404.91675,273.01813,39.382435,124.96641,205.61612
Screenshot_20230220_021826 copy 8.png,346.64093,402.3571,-278.45938,354.9955,411.69946,-302.6558,353.63864,414.98645,-302.6369,352.29807,418.73856,-302.71292,359.38864,405.76343,-281.85834,360.92908,404.8633,-281.84616,362.41864,404.08154,-281.87466,347.34857,442.04907,-326.72394,361.00702,417.2721,-230.69925,332.70715,408.01657,-278.36734,337.51862,400.85672,-250.73433,268.39066,445.9418,-281.33945,331.50998,412.73007,-113.39,173.60988,446.5023,-227.33296,274.13974,391.68866,92.017235,96.806076,439.3667,-177.93105,236.65938,362.50137,254.03876,75.88705,443.61047,-178.27235,221.92708,354.53296,293.07132,72.39957,438.90186,-194.7643,223.9634,352.81213,266.27045,79.28042,435.27213,-180.9521,227.16316,356.36136,249.28493,161.03444,345.14465,-54.388756,194.97922,322.46536,54.332623,66.628525,278.82043,-1.9744437,124.33395,236.3667,174.6606,66.66228,384.44662,200.2858,71.96599,168.98892,214.37628,78.88704,406.08588,223.30031,63.497826,174.06448,217.24274,31.520784,404.91675,273.01813,39.382435,124.96641,205.61612
Screenshot_20230220_021826 copy 9.png,346.64093,402.3571,-278.45938,354.9955,411.69946,-302.6558,353.63864,414.98645,-302.6369,352.29807,418.73856,-302.71292,359.38864,405.76343,-281.85834,360.92908,404.8633,-281.84616,362.41864,404.08154,-281.87466,347.34857,442.04907,-326.72394,361.00702,417.2721,-230.69925,332.70715,408.01657,-278.36734,337.51862,400.85672,-250.73433,268.39066,445.9418,-281.33945,331.50998,412.73007,-113.39,173.60988,446.5023,-227.33296,274.13974,391.68866,92.017235,96.806076,439.3667,-177.93105,236.65938,362.50137,254.03876,75.88705,443.61047,-178.27235,221.92708,354.53296,293.07132,72.39957,438.90186,-194.7643,223.9634,352.81213,266.27045,79.28042,435.27213,-180.9521,227.16316,356.36136,249.28493,161.03444,345.14465,-54.388756,194.97922,322.46536,54.332623,66.628525,278.82043,-1.9744437,124.33395,236.3667,174.6606,66.66228,384.44662,200.2858,71.96599,168.98892,214.37628,78.88704,406.08588,223.30031,63.497826,174.06448,217.24274,31.520784,404.91675,273.01813,39.382435,124.96641,205.61612
Screenshot_20230220_021826 copy.png,346.64093,402.3571,-278.45938,354.9955,411.69946,-302.6558,353.63864,414.98645,-302.6369,352.29807,418.73856,-302.71292,359.38864,405.76343,-281.85834,360.92908,404.8633,-281.84616,362.41864,404.08154,-281.87466,347.34857,442.04907,-326.72394,361.00702,417.2721,-230.69925,332.70715,408.01657,-278.36734,337.51862,400.85672,-250.73433,268.39066,445.9418,-281.33945,331.50998,412.73007,-113.39,173.60988,446.5023,-227.33296,274.13974,391.68866,92.017235,96.806076,439.3667,-177.93105,236.65938,362.50137,254.03876,75.88705,443.61047,-178.27235,221.92708,354.53296,293.07132,72.39957,438.90186,-194.7643,223.9634,352.81213,266.27045,79.28042,435.27213,-180.9521,227.16316,356.36136,249.28493,161.03444,345.14465,-54.388756,194.97922,322.46536,54.332623,66.628525,278.82043,-1.9744437,124.33395,236.3667,174.6606,66.66228,384.44662,200.2858,71.96599,168.98892,214.37628,78.88704,406.08588,223.30031,63.497826,174.06448,217.24274,31.520784,404.91675,273.01813,39.382435,124.96641,205.61612
Screenshot_20230220_021826.png,346.64093,402.3571,-278.45938,354.9955,411.69946,-302.6558,353.63864,414.98645,-302.6369,352.29807,418.73856,-302.71292,359.38864,405.76343,-281.85834,360.92908,404.8633,-281.84616,362.41864,404.08154,-281.87466,347.34857,442.04907,-326.72394,361.00702,417.2721,-230.69925,332.70715,408.01657,-278.36734,337.51862,400.85672,-250.73433,268.39066,445.9418,-281.33945,331.50998,412.73007,-113.39,173.60988,446.5023,-227.33296,274.13974,391.68866,92.017235,96.806076,439.3667,-177.93105,236.65938,362.50137,254.03876,75.88705,443.61047,-178.27235,221.92708,354.53296,293.07132,72.39957,438.90186,-194.7643,223.9634,352.81213,266.27045,79.28042,435.27213,-180.9521,227.16316,356.36136,249.28493,161.03444,345.14465,-54.388756,194.97922,322.46536,54.332623,66.628525,278.82043,-1.9744437,124.33395,236.3667,174.6606,66.66228,384.44662,200.2858,71.96599,168.98892,214.37628,78.88704,406.08588,223.30031,63.497826,174.06448,217.24274,31.520784,404.91675,273.01813,39.382435,124.96641,205.61612
Single-Leg-Glute-Bridge.jpg,525.6689,220.43202,4.904878,535.94,227.24138,-17.456911,536.15,229.60077,-17.47986,536.6788,232.39027,-17.48561,535.37854,224.03143,12.2263565,535.2512,224.14778,12.255799,535.13983,224.36768,12.216814,535.6454,248.32355,-66.52533,532.9043,237.23463,71.65604,516.2701,226.73099,-7.991047,514.8893,222.5166,31.962158,495.92587,272.96454,-127.95745,475.59515,235.70134,160.26636,425.49625,293.04294,-205.02545,396.66104,239.6132,235.99283,352.1553,306.437,-276.1167,334.42996,232.38826,244.03702,330.18875,314.9457,-304.56992,315.95645,229.44383,256.57196,326.74945,308.5388,-299.42578,316.0037,232.49948,225.1308,335.1762,303.78506,-274.196,323.1166,234.03185,231.6612,348.3289,204.41603,-97.842026,347.15994,186.81387,97.79674,239.50163,152.78671,-107.76826,236.80357,143.6969,109.3066,217.19197,263.55087,-26.072369,128.05542,100.507675,128.16821,224.53035,281.81592,-14.982207,104.95608,105.36823,125.856285,161.77177,269.36655,-5.288318,124.08399,45.084328,91.22203
Single-Leg_Glute_Bridge_1000x.jpg,731.0041,436.42255,38.317543,741.9421,444.3798,15.360705,741.99255,446.6558,15.364302,742.01996,448.8687,15.368326,741.74347,442.71106,50.81586,741.64417,443.68628,50.928707,741.58466,444.76587,50.94976,735.96405,466.53897,-47.672264,736.4511,462.0664,111.45543,718.754,441.94223,16.686962,718.4371,439.90125,62.838196,676.2117,487.3701,-149.29626,664.9672,464.5174,208.95164,578.98804,503.82233,-193.87788,570.25165,471.61725,237.90182,482.04715,507.63904,-212.75322,486.2235,468.12595,206.95717,452.92114,513.67474,-246.4172,462.62256,463.6739,213.26453,448.80417,503.24548,-243.19958,458.8627,466.26935,186.30069,460.9741,493.1837,-210.35196,466.6351,468.53607,194.86052,500.551,392.20706,-117.93255,514.8938,375.48267,117.380936,359.4107,328.93152,-161.23918,601.1289,256.45465,113.54225,313.21954,469.41074,-59.383152,500.53668,156.3473,153.958,323.20078,492.54636,-45.799458,468.79977,149.72868,153.6068,249.93837,487.48935,-24.20058,518.82605,88.72226,159.5562
Single-leg-glute-bridge-300x221.jpg,59.943726,159.42009,32.800884,53.685905,162.57689,40.801186,53.38913,163.08405,40.780426,53.073494,163.7589,40.80272,53.763485,163.71872,20.71048,53.570866,165.1678,20.688377,53.381386,166.78989,20.640053,55.159683,173.54893,77.26696,55.15641,176.33372,-12.68698,66.888596,161.5625,47.99788,67.11241,163.21521,22.059242,94.46725,171.94037,121.62006,89.92559,191.05678,-70.75742,143.58186,178.7167,154.96028,141.03891,199.37321,-114.76855,184.76022,180.64964,140.0162,189.14362,202.7324,-140.49962,197.05339,179.46286,136.42722,204.56128,205.85393,-158.10439,198.50406,181.74712,127.405396,204.63715,203.01094,-159.34119,194.18616,182.16061,134.07674,199.94388,200.25243,-140.50029,182.79301,141.45697,60.1606,179.19012,147.7179,-60.218826,246.79623,104.288055,27.948864,160.91843,69.586044,-68.6024,254.56209,174.7527,108.642105,233.6388,45.25096,-15.488901,250.71126,186.97868,119.17177,247.32892,53.634884,-8.435496,286.52332,184.63799,106.97152,255.04077,12.790765,-35.15701
Single_2BLeg_2BEccentric_2BBridge.jpg,514.0514,290.85834,23.132238,524.8493,299.12384,-0.4057198,525.0615,301.1645,-0.47619507,525.4257,303.51813,-0.5540591,525.2398,297.59375,34.539234,525.53937,298.52216,34.578182,525.9623,299.5657,34.595287,520.69867,321.0834,-56.14841,521.0984,317.213,102.82011,500.9349,294.9805,4.9757214,501.34537,293.49094,50.711006,462.76892,343.23758,-134.89818,452.27646,311.165,199.14647,384.87274,373.55142,-144.87886,384.42917,329.50726,177.36668,379.31207,287.95587,15.884507,376.78152,268.82025,42.399902,368.6831,268.5453,18.669403,370.3725,254.32758,34.456158,382.49835,266.6863,35.75527,378.0668,254.3638,17.249775,387.15073,272.7545,31.760712,381.54755,259.29132,30.14311,281.6566,259.1546,-100.876816,301.49066,236.78224,100.58524,152.6339,198.89752,-142.02422,315.27325,110.85648,101.95839,116.70986,326.07233,25.246622,195.39742,77.89428,138.0494,121.400215,358.4012,47.233894,168.42854,82.812454,139.76698,59.111954,312.5219,76.17243,202.71814,22.744202,151.38785
Straight-Leg-Upward-Glute-Bridge-1200x661.jpg,123.136536,545.76416,-61.607456,111.175255,552.9264,-54.11089,111.029045,553.9602,-54.120365,110.94809,555.3387,-54.12218,111.727,555.907,-96.071686,112.2152,559.14087,-96.16821,112.6966,562.924,-96.18551,117.48955,576.0214,12.762753,118.56198,584.6795,-176.42673,137.6307,549.3153,-28.565847,138.57344,553.9251,-83.3567,173.97229,577.6345,132.79169,203.78842,603.64246,-229.63629,265.3983,581.4129,257.18118,313.97302,616.90015,-173.85127,331.38437,579.3559,309.77856,434.50443,624.573,-27.878918,351.29324,578.9942,324.93314,478.68588,634.8414,-35.349194,355.9445,581.0952,303.1352,480.22128,627.97577,-29.175146,348.59808,580.1272,300.2506,467.04587,622.56067,-19.111282,351.5201,465.14352,115.59802,356.88284,473.38675,-115.412056,476.45172,390.89737,153.06033,348.71024,296.2125,-94.09009,491.00952,551.078,321.35837,342.63803,120.57391,-45.388863,479.43973,575.37823,344.06387,354.07666,89.62516,-38.72922,563.5493,577.19916,353.24893,273.43915,91.59371,-87.62301
bent-single-leg-glute-bridge_3.jpg.300x250_q95_crop-_2C_filters-detail.jpg,226.97711,179.4777,5.2403746,231.20453,182.14818,-4.550526,231.24883,182.91154,-4.5513434,231.33357,183.83531,-4.5534964,231.33327,181.57379,9.5269575,231.41576,181.9035,9.564965,231.53998,182.31435,9.562239,229.2434,191.69939,-29.8551,229.46986,189.70712,33.72255,221.52776,181.4279,-2.9327693,221.52925,180.70708,15.502722,202.69847,199.82097,-65.32848,200.72746,190.53021,74.14807,163.71094,206.5659,-73.21032,163.01991,193.80528,93.77581,128.89287,209.50905,-59.013687,133.25015,192.9374,81.98465,117.9321,212.80354,-69.35207,124.68582,194.30617,84.256836,117.502884,210.53693,-68.65707,123.34051,195.29083,72.95614,121.56381,208.04591,-57.4659,126.45839,194.79262,76.97976,131.57529,170.68866,-45.369133,137.30782,161.79503,45.270256,81.071655,140.74759,-61.589733,153.26054,104.19263,37.66139,81.87035,195.52673,-2.0691125,102.87177,90.08708,57.37048,86.30816,203.12613,5.4429607,90.769165,91.89868,58.295174,58.221485,203.31213,18.779999,101.96248,65.912766,63.059814
fitness-woman-working-out-at-home-and-doing-single-leg-glute-bridge.jpg,173.12274,314.77002,44.21676,164.11588,318.80328,56.47579,163.9301,319.37158,56.452946,163.72401,320.0823,56.4909,164.36246,320.72943,28.602856,164.29962,322.5568,28.575886,164.093,324.63312,28.552984,165.83386,331.8427,108.69261,165.39163,336.78494,-17.404552,181.23163,316.84796,66.26594,181.38525,318.74,30.04671,218.80632,336.27405,169.90823,218.29048,351.23376,-82.04409,290.20633,335.41257,189.31161,295.04053,358.1912,-99.67756,353.16107,342.77667,148.81593,359.40994,353.26968,-64.94145,370.99402,342.1103,142.92766,377.0624,353.8561,-83.22278,371.51938,342.3024,132.94086,376.26126,349.2326,-76.082794,365.2418,341.97507,140.85695,370.91742,347.2489,-60.04096,335.8176,276.04465,83.26081,323.97708,274.79718,-83.26992,433.3902,244.77518,76.335075,300.82578,157.932,-43.508633,449.9028,340.609,139.04564,284.6377,53.963264,13.362584,443.1348,356.40103,147.49161,288.1047,46.672173,18.453388,490.66815,355.58142,118.482445,261.08047,15.92279,-24.848787
hqdefault.jpg,336.88058,239.9096,24.512352,343.37466,244.23575,10.8761635,343.4532,245.53423,10.8558445,343.58942,246.96747,10.81766,343.71198,243.63803,32.024307,343.9767,244.4232,32.031883,344.2294,245.25386,32.0028,341.67252,257.5754,-23.386045,342.09323,255.49014,73.01074,330.26376,242.72284,13.478593,330.29224,241.47795,41.31634,305.46826,274.16296,-72.488495,298.7436,252.38518,124.29042,262.5121,290.67508,-79.117615,251.51521,250.8653,153.44043,222.78117,284.72855,-39.854706,226.14867,252.71803,133.89397,211.95969,286.07355,-45.863846,216.01846,254.6168,138.7239,212.52698,280.2059,-38.90313,220.07648,251.97897,124.85717,216.81151,278.98737,-34.584076,225.0263,248.43538,127.63192,205.41808,245.783,-60.33137,208.24745,231.86554,60.228325,133.3262,189.85475,-103.14542,209.40855,151.09161,62.33694,128.14516,264.11044,7.3968887,162.98354,90.5059,79.53313,134.4479,277.78723,21.497965,147.29979,80.94396,79.7457,96.151405,273.6192,41.224762,178.488,59.871346,73.850784
image_iphone.jpg,505.87,355.6466,99.75525,515.3997,358.5678,79.09278,516.45233,360.5509,79.0541,517.7603,362.85687,79.05939,514.334,356.7726,109.84521,514.3112,357.19516,109.858185,514.3749,357.68115,109.82952,519.83875,379.57156,27.274239,514.9969,372.1997,169.34619,497.60776,363.5033,84.94878,495.9101,361.42578,126.007454,489.7246,406.80072,-64.31299,461.373,380.7776,261.22192,441.12686,383.35437,-141.90901,409.66403,357.49576,340.72485,410.2279,321.87073,-142.70181,393.4088,303.16107,333.47162,400.84552,310.44324,-166.36766,386.58472,291.7822,342.36435,407.36414,307.31424,-156.08908,395.34177,290.94406,309.61108,409.9348,310.7169,-135.93645,397.78076,296.19714,318.69687,336.2042,364.91364,-103.1929,331.87195,337.39896,103.07606,231.06189,316.79715,-202.20506,229.41074,261.58417,71.478226,217.1513,440.5625,-99.4585,108.44301,217.58014,53.235363,228.5065,462.31726,-84.85215,85.527,228.84369,46.763435,154.89378,470.3206,-71.61484,93.35397,166.42754,8.13069
knee-to-chest-single-leg-glute-bridge.jpg,615.7624,292.33075,-121.519516,625.90137,301.48898,-152.71881,625.2889,303.41373,-152.71184,624.6732,305.6588,-152.74576,626.82294,300.2016,-113.57621,626.82355,301.10455,-113.53052,626.8791,302.14966,-113.54078,613.7905,326.5009,-223.5644,616.89764,322.69257,-47.009773,598.87555,295.33514,-142.75151,599.82623,293.1436,-91.76395,524.1693,329.53876,-302.43066,546.5026,312.6444,87.86392,448.17944,231.07777,-270.29025,475.32162,240.46498,196.53868,424.9511,138.42519,-135.11395,445.71008,162.11256,253.40779,420.24597,120.26857,-153.0282,442.45514,139.38722,271.70154,433.4015,119.793015,-148.1034,448.97977,138.40186,238.28993,436.0303,126.11736,-129.3381,450.7093,145.8452,239.96837,354.66187,279.21622,-111.03035,390.8461,254.47989,110.52804,254.91376,182.38866,-197.25998,454.26678,131.07173,194.02509,172.76518,329.29022,-18.9056,320.0562,153.07617,269.37973,177.60367,356.54816,6.412694,296.6666,173.46648,278.139,107.14037,323.67242,39.90998,275.45685,105.24018,304.15628
maxresdefaul1t.jpg,593.5506,451.26324,357.2203,580.2386,457.75494,380.64496,580.31195,458.32373,380.6079,580.4719,459.15707,380.5664,578.6068,461.51495,338.73505,577.7761,464.5068,338.61652,576.8595,468.44235,338.52768,583.1791,475.36533,447.96036,579.66144,487.66534,257.67496,609.2185,456.46408,383.06732,607.4358,459.91483,327.24335,676.45844,482.97043,491.39926,623.4757,518.26935,74.19402,801.9712,504.7327,517.1299,708.44446,561.6196,-129.83606,912.6741,518.1007,477.83963,805.9761,587.85126,-333.8809,939.0851,529.38306,480.19556,835.6831,608.7399,-388.39572,938.2693,531.7223,458.35883,842.10474,599.9763,-375.94202,927.5458,527.3216,464.38397,834.97345,588.8168,-331.79593,861.43,471.6905,139.05432,828.02014,481.81326,-139.08029,1008.25256,383.32886,116.92003,952.59827,353.4768,-244.92369,1063.9762,538.94006,279.92316,1084.486,206.75362,-258.00946,1056.575,573.3193,298.61218,1130.0901,179.35788,-258.88138,1149.474,555.14655,254.61594,1099.2113,103.397354,-386.25565
maxresdefault.jpg,255.25839,452.9178,57.088615,239.31223,461.52573,75.49489,239.31999,461.81335,75.4886,239.14362,462.5581,75.44849,238.1527,468.96945,32.0121,237.55348,474.64285,31.961832,236.80626,480.70908,31.948925,243.22783,487.63348,183.42973,241.39407,507.94922,-16.987583,272.88828,457.81702,102.982475,272.17303,464.73297,44.942757,341.57825,474.97742,319.34717,308.52698,541.7173,-119.08723,463.5698,466.26758,483.7317,423.21323,599.4517,-311.01956,494.00388,367.4393,505.65646,400.17615,457.58987,-455.76154,508.41272,345.32465,506.18436,394.76904,428.08417,-492.6919,505.69183,345.20193,471.3719,375.04907,429.99518,-452.78885,501.91724,353.91476,489.362,375.96603,436.65598,-435.21674,588.4657,395.26477,148.22018,572.6496,406.93582,-148.06258,787.53656,303.5641,121.12853,687.94275,233.82181,-204.79001,871.03894,490.85403,289.1576,838.44385,70.57448,-134.14687,869.8058,534.0572,308.16473,863.0191,102.633484,-122.7594,973.14484,468.25815,257.89346,880.3645,-9.278984,-219.87851
maxresdefault1.jpg,1056.8407,398.60544,400.09863,1071.5288,409.61322,415.39078,1074.279,414.30908,415.23557,1076.555,418.86548,415.09796,1062.5996,402.081,443.5358,1059.1034,401.47433,443.6246,1055.1853,400.80228,443.47266,1071.896,438.248,475.8228,1045.2257,413.17032,606.57684,1051.2764,410.1527,415.9004,1041.4414,401.07126,454.25983,1063.0265,483.91043,293.49805,940.2975,416.52332,631.25946,1020.7181,505.01953,54.65822,852.5664,378.387,542.9159,913.42175,359.1871,-101.36192,821.1536,325.19095,289.219,886.54407,335.55542,-149.04393,793.2544,311.7731,234.79071,893.3236,324.02783,-139.14903,810.6696,318.20465,202.11047,899.35315,329.66736,-94.235146,821.2589,324.4751,265.92178,850.88,431.53683,-99.69334,771.20966,368.77545,99.449936,668.75745,323.01434,-397.8437,652.7017,220.72157,-165.5234,562.0606,570.33276,-555.7973,424.6311,219.86241,-368.7213,572.2082,608.93054,-563.60693,382.36298,262.70248,-399.4321,442.02155,611.5881,-602.9711,315.8634,122.584915,-487.309
maxresdefault2.jpg,342.84082,396.17957,146.75812,330.79895,406.22046,168.27841,331.79376,407.36554,168.18326,332.78717,408.6574,168.18182,328.4277,409.902,125.125275,327.79102,413.6114,125.06116,327.21582,417.5313,124.98977,342.32605,426.9438,271.2286,334.12537,437.80746,75.49478,359.61194,399.6649,189.5482,357.1311,403.5547,132.4903,452.77603,424.40616,381.01038,403.2562,472.61713,-64.23501,591.68774,446.59146,478.23428,526.01306,515.89575,-206.97714,713.00305,460.62125,493.42374,649.94995,562.6143,-368.289,747.4517,467.18423,498.7635,686.3887,585.1598,-415.96405,751.0645,469.92078,461.71756,693.6278,576.62115,-416.80545,736.3707,467.55157,476.927,685.62964,565.9453,-368.93555,682.55176,382.71548,143.49763,659.8225,409.75827,-143.54906,881.93427,303.85895,104.31518,888.62885,245.76073,-147.94247,882.3862,479.4849,178.26958,1092.8359,179.41714,-127.51445,928.883,521.6483,186.19798,1125.9551,196.5914,-124.9554,1001.36914,509.76022,157.93637,1154.6152,113.35902,-205.36441
maxresdefault3.jpg,687.31085,435.2605,187.89459,675.23926,443.50293,214.42747,675.7037,443.47205,214.35707,676.2804,443.55432,214.33298,675.0647,449.75488,182.6997,675.3439,454.05807,182.69925,675.63354,458.8285,182.65988,686.0367,460.1311,320.50266,682.7715,481.4373,174.63779,703.7367,437.40726,228.12018,702.93567,444.25824,185.09839,775.63513,451.63654,382.55893,725.17444,521.04175,73.54955,889.3265,453.52216,476.02905,789.96497,594.0791,-61.867374,978.30316,431.8337,552.28455,905.20087,652.9768,-225.38246,1008.55774,428.37604,568.60974,941.07104,680.49585,-257.38126,1011.89325,429.48264,544.92725,947.78894,665.6812,-263.66193,998.778,431.4233,542.67535,936.4354,653.056,-230.21475,945.10266,384.25266,112.4545,920.35876,403.70807,-112.52025,1127.9065,321.84402,95.93209,1023.9328,207.13014,-181.07826,1135.2166,470.39972,191.08656,1193.8563,79.23874,-230.46753,1117.8765,510.01028,202.41605,1228.2778,79.21072,-231.15587,1214.2859,482.5646,203.7254,1239.9232,-24.498396,-293.3943
maxresdefault4.jpg,371.00525,521.1095,96.074745,357.99292,526.53314,111.67595,358.19928,526.69403,111.64559,358.37527,527.15765,111.6357,357.6611,531.26,70.319435,357.67474,534.64655,70.30942,357.56894,539.01605,70.33038,363.1198,542.38586,191.764,362.0369,557.0559,4.4230237,384.76434,523.97906,130.4099,383.72125,529.6345,75.8276,440.81207,545.5206,296.77963,422.90338,584.0033,-105.329315,548.7592,548.3588,432.71234,529.62024,597.4529,-211.68105,632.9981,548.3454,488.30695,628.5287,620.94995,-311.84833,659.54504,547.96747,503.38086,658.714,625.0768,-348.20538,662.5699,550.75146,475.66785,659.7668,619.8756,-341.42712,650.2606,551.35266,477.88165,652.0755,616.1027,-307.68585,610.7942,474.45187,125.52062,604.453,492.61484,-125.59424,763.83453,395.04916,126.0559,745.0481,375.23425,-156.779,783.2467,536.9661,309.02808,881.5901,277.31128,-105.25246,773.751,565.6975,330.12195,916.8928,273.71884,-98.76328,851.02124,562.9858,317.71576,887.6179,197.28545,-178.39212
maxresdefault5.jpg,856.40894,469.6381,168.07579,867.84534,476.92746,150.86752,868.95215,480.17404,150.79549,870.1196,483.73492,150.73245,865.56824,472.26196,190.4979,865.0586,471.95917,190.62247,864.6774,471.90048,190.67085,869.8248,502.56592,100.0475,864.04205,486.9506,282.74115,846.74835,478.8821,150.81015,845.03265,473.2642,203.71263,834.5648,539.1982,-23.612402,796.3038,499.18283,360.79755,756.47406,568.3331,-210.42372,707.96295,508.82562,377.30667,686.4646,587.7593,-420.68964,621.64606,508.13437,330.61343,662.5742,601.9265,-481.69025,598.662,511.73737,338.51245,659.84125,596.5384,-463.0656,594.54517,517.4671,305.2259,667.1571,589.853,-417.20627,601.37384,516.33844,315.93027,673.42584,466.02914,-126.60657,663.958,436.58502,126.59709,525.79895,412.33032,-154.28258,622.56976,301.23923,154.77472,522.75885,543.41565,-99.18987,585.49243,178.45453,190.64594,536.9187,568.5562,-91.829796,562.0957,165.98721,192.0144,468.89667,572.0397,-111.80633,606.40796,109.267555,167.35492
maxresdefault6.jpg,878.9104,388.3136,65.10625,897.80084,400.88043,32.730736,898.421,403.76416,32.64933,899.27826,407.58856,32.644062,896.83563,399.14035,87.770386,896.6578,400.3236,87.78831,896.6057,401.6604,87.668045,893.73303,437.7275,-62.480434,889.9707,427.07205,185.53175,862.65,395.69446,32.274517,860.97437,392.92056,104.428925,805.73395,476.53165,-201.3577,770.78125,423.7474,307.65997,683.1942,516.21063,-339.77585,649.5279,424.8285,385.53677,565.1905,560.27606,-509.6216,553.5815,407.0406,357.54828,521.92035,580.9659,-574.1814,514.73193,408.50577,373.2611,515.6875,574.7699,-561.7425,511.40353,411.4042,320.25598,529.4618,565.70056,-506.4163,527.57227,411.1043,335.5146,553.745,360.13736,-142.73953,556.65216,314.93378,142.6383,355.44034,254.5621,-183.18915,484.62793,138.4948,191.7164,337.42154,457.41766,18.051863,397.32172,-2.3414826,314.11853,349.3487,495.93384,39.281857,373.42038,-13.098321,320.9054,237.60086,450.02823,42.84788,357.1498,-85.58745,297.46658
maxresdefault7.jpg,411.0135,419.71292,33.759827,399.0539,426.75708,47.022827,399.01474,427.31653,46.998043,398.93295,428.15952,47.014404,398.77594,430.29495,1.1972166,398.61133,433.5205,1.1187555,398.37097,437.23276,1.0088673,405.143,443.36816,126.22951,404.80563,456.31506,-82.89692,424.5774,423.29156,67.93126,424.79855,427.009,6.997132,478.8768,447.76822,265.1736,471.6666,480.66556,-198.50778,561.26514,451.15305,476.12766,540.44604,519.7253,-428.16595,626.67474,435.0643,635.69,604.8829,539.3507,-665.67316,646.77026,434.01328,684.4919,625.7785,550.606,-723.367,644.11505,432.48846,651.22925,624.4425,540.96814,-709.39154,635.50116,433.0182,626.478,618.9189,535.9187,-663.5117,650.3639,386.76257,146.37498,654.02844,395.37048,-146.40068,755.3336,326.181,235.38278,765.3967,294.72498,-165.41032,781.7457,458.06436,418.0119,884.485,174.71815,-133.62111,771.1834,476.77213,436.03015,917.25024,171.39067,-133.4812,854.4863,469.70685,411.54926,858.2272,99.35411,-238.80202
maxresdefault8.jpg,930.4383,361.98132,15.729681,944.0119,371.44064,-15.466968,944.8451,374.36978,-15.516343,945.8379,377.30682,-15.563244,942.7495,369.17062,27.494694,942.5288,370.32852,27.471218,942.4204,371.5385,27.40032,940.947,399.7462,-78.60254,936.4769,390.98538,117.61071,917.6454,370.61996,-2.1379128,915.6091,367.16595,54.572865,880.111,437.1009,-161.69252,856.78955,387.05243,245.25381,778.04504,471.19928,-302.31296,751.04175,382.1606,300.9692,809.0772,362.3539,-228.33472,766.5305,337.2146,231.33029,814.3948,345.20218,-236.01363,761.40674,314.09564,235.95831,825.1842,347.45374,-193.31754,767.16003,307.9349,201.32852,822.89825,352.28146,-204.02838,777.2647,324.68073,212.8721,625.2051,350.02005,-142.0214,626.4498,322.49915,142.01772,476.77432,222.66519,-221.7798,471.73874,225.6267,169.54904,435.904,426.9308,-109.22044,297.02948,178.39935,133.50471,449.92273,453.54138,-89.982834,258.86316,195.37553,121.85668,332.766,436.31592,-42.73169,282.07397,87.049934,80.04676
mqdefault.jpg,211.31555,137.20235,29.623835,213.47292,138.40485,25.669209,213.5686,138.8049,25.678131,213.66225,139.28986,25.669937,213.42093,138.15523,33.038067,213.46286,138.31418,33.051304,213.5147,138.51033,33.049076,212.97787,143.15543,13.811718,212.76886,142.20996,46.953606,208.8015,138.29822,25.763344,208.70078,137.93034,35.37642,202.29109,147.51619,-9.490434,198.98203,143.54718,63.833347,184.12947,152.26578,-21.538616,178.52945,148.34009,65.68387,164.66673,154.54372,-32.31211,160.20926,150.43613,60.220177,160.16014,156.01242,-40.404835,154.61653,150.15729,60.60363,158.56042,155.08965,-38.32253,154.02882,150.52597,56.6143,160.41702,154.33723,-31.590452,155.8251,150.50021,58.125797,169.8447,132.93481,-25.318027,168.20612,130.24887,25.259384,150.58913,110.61806,-35.985676,156.33018,98.29707,13.519964,139.1222,132.07962,-15.994443,144.80286,91.477715,34.368687,140.1775,135.7642,-13.615961,142.88365,92.49463,35.779922,126.96056,135.33174,-12.107119,139.7618,83.14058,31.830063
screen-shot-2019-06-19-at-1-09-05-pm-1560981646.jpg,876.1448,983.7631,138.43802,892.9913,995.3276,118.96306,894.3552,1000.0768,118.96929,895.63837,1004.80096,119.01325,890.1826,990.4295,169.13751,889.8434,990.9763,169.23306,889.43274,991.7337,169.28485,891.63464,1032.1609,80.899414,883.40594,1016.2897,310.79767,862.5134,996.25195,126.01889,858.75134,988.66724,192.89886,827.56775,1065.5472,-54.371716,784.0927,1009.08264,438.18427,725.11884,1107.2222,-290.26413,661.5914,1007.47473,475.63394,615.278,1142.2888,-550.3853,547.10645,1005.4885,407.42303,571.82526,1168.7795,-619.782,513.5536,1004.64404,416.31656,568.54816,1158.1206,-589.5209,513.5113,1010.1882,379.147,581.96387,1147.073,-542.5728,524.65137,1010.37054,391.99445,611.4384,970.5709,-163.60199,595.05646,928.32764,163.20735,418.31317,875.8262,-246.78151,592.435,737.703,198.02806,371.66003,1053.4435,-198.30492,548.14624,541.147,258.21686,392.9999,1081.6965,-186.25407,513.8826,513.30695,262.71786,279.23715,1074.3933,-197.36397,608.85486,471.12894,268.4227
signlelegglutebridge.jpg,161.6718,210.77306,68.18037,154.75467,216.34064,76.02689,154.84402,217.06773,76.00263,154.83382,217.86984,75.98991,154.63318,217.7591,49.601974,154.61455,219.38527,49.56841,154.4825,221.46341,49.50989,158.91682,227.31946,115.43664,158.64767,231.99171,-3.375169,170.46936,212.73547,85.74966,170.43082,214.58669,51.132713,208.45863,229.27083,181.99644,196.16348,245.88588,-82.5067,270.1484,234.47398,261.38983,254.3282,253.74214,-185.10883,317.0219,232.55292,294.09647,314.03995,262.85373,-291.3572,333.72443,233.99371,307.14655,332.47192,268.34607,-324.8473,335.957,236.6448,289.0236,335.2131,265.54538,-315.66193,329.6374,234.99586,286.91458,329.0625,262.1551,-288.50076,315.94598,185.34425,80.35116,312.55313,188.33377,-80.389366,401.96478,140.99332,74.34751,386.35156,117.63457,-76.76031,399.23062,228.73972,203.99054,448.97614,39.371002,-18.12654,389.413,243.9356,218.45908,467.14746,37.22588,-12.062067,435.92398,252.7072,208.07277,447.89914,-10.5077715,-64.80192
single-leg-glute-bridge-at-home-glute-workout-scaled.jpg,688.0765,557.86304,-0.9555787,711.5998,573.6889,-35.96494,712.8262,578.0468,-35.950146,714.3266,582.41455,-35.850174,710.904,571.3341,17.56623,711.70593,573.7444,17.604845,712.82043,576.1238,17.491964,710.45624,612.8644,-111.777245,708.5096,603.7053,130.50359,671.4734,569.11346,-22.760881,671.894,563.61536,47.692814,611.0354,663.04675,-205.56894,617.2202,608.603,246.58313,441.51422,701.4048,-294.96945,482.1242,595.4246,319.08286,260.43515,740.0038,-367.98157,336.62317,612.9769,270.80054,210.06522,760.19775,-411.6822,304.16977,607.9881,281.6828,202.9021,752.2673,-403.42947,304.33398,612.57806,234.7553,222.56938,743.2167,-364.43814,315.05164,614.9845,252.29918,302.37213,531.074,-147.84361,328.29474,486.23346,147.52867,78.42824,423.76498,-169.42506,279.8399,273.35266,214.48671,73.121185,643.3402,-29.641502,188.02223,86.00035,271.79514,100.32343,683.6071,-11.359146,147.56458,63.883446,273.84116,-15.754688,686.1584,6.8966217,236.27014,11.284876,267.93176
single-leg-glute-bridge-e1418015246822.jpg,127.77413,257.06454,30.638353,121.989075,261.37506,39.401745,122.18353,261.86374,39.387436,122.35685,262.45837,39.340824,121.47285,263.44843,15.916986,121.25383,265.2775,15.88063,121.03611,267.27753,15.883133,124.942215,271.3577,92.56659,123.295006,278.0761,-15.155696,134.14078,258.4645,53.4135,133.7093,261.04764,22.15872,165.62079,267.61066,153.0875,151.71233,296.51266,-61.337086,217.10405,265.23508,178.54259,209.22011,313.94153,-131.7719,220.04482,225.33441,107.37129,210.33678,259.45132,-177.90384,219.37405,218.23657,99.590775,212.1641,248.79659,-195.50092,214.7847,218.01863,85.07275,205.6933,247.0061,-179.08328,214.71413,222.05069,99.0804,205.09431,250.13841,-168.59323,266.14722,237.64816,73.270966,260.74783,249.1014,-73.113205,349.3784,196.40083,27.37699,269.845,152.81169,-62.730267,349.71143,278.0171,118.57387,300.5989,56.135693,-16.06856,340.82507,290.8475,130.85173,312.6933,49.781773,-9.24993,389.9824,292.26355,115.419136,276.91858,23.050629,-51.05827
zxolxwa-g4q.jpg,1411.9108,630.3002,-17.471111,1445.2787,652.69916,-94.03653,1445.1646,657.70374,-94.27253,1445.209,663.1216,-94.320625,1446.0848,651.2091,-2.4401772,1446.5132,655.3326,-2.2457159,1447.262,660.32477,-2.334842,1428.8715,707.69855,-269.70483,1430.9773,707.20483,138.94391,1378.0692,639.4391,-70.911125,1377.5984,637.8583,48.132206,1251.2283,687.4863,-538.9266,1212.2117,700.4225,475.53705,1026.3875,440.70367,-550.24115,988.2022,515.4682,645.9277,924.50287,167.13313,-281.33853,921.99414,247.05264,724.6736,905.4601,118.4847,-328.6902,898.1184,188.62697,770.37714,923.1308,118.02326,-282.21307,893.93384,235.27667,688.2923,928.0331,130.97946,-255.10245,894.40967,245.40915,688.7942,695.1921,574.8169,-284.30148,746.7767,538.96686,283.4606,271.5617,311.4138,-476.67517,907.4416,179.85016,421.39645,232.63068,735.531,-24.201582,513.3437,198.7518,599.97,265.34213,814.8933,36.70031,467.2614,255.33185,613.873,48.540115,812.48755,122.01695,356.23557,74.50383,649.7238
