IMG_4583 copy 2.JPG,1165.1249,745.85315,-1425.0205,1150.0894,695.5002,-1349.2611,1148.9092,693.7656,-1350.7344,1148.8535,692.48944,-1351.0634,1127.625,697.6432,-1470.2155,1108.0363,697.8021,-1471.7554,1086.299,698.3092,-1472.616,1077.8073,709.1652,-897.6759,987.47833,715.36676,-1442.1595,1118.9349,810.18616,-1236.4427,1090.6709,810.1959,-1401.3562,1113.01,1034.7659,-328.06625,762.75,1181.9174,-1491.7373,1119.9312,1439.2882,155.6423,678.52057,1768.1317,-1480.0221,1186.6868,1761.8939,187.3335,755.0479,2200.7012,-1425.0735,1196.7323,1839.938,195.77734,734.0764,2335.2996,-1548.0693,1212.6719,1852.4438,49.047134,811.30225,2325.0293,-1622.1984,1185.8729,1833.4409,131.58673,828.2917,2285.4653,-1448.4355,1051.7573,1830.5829,338.96814,805.5533,1910.9987,-340.08743,1487.9377,2106.2644,107.03094,717.84406,2522.9824,-825.9766,1185.1091,2481.1587,664.3348,224.48251,2249.283,299.10687,1083.7695,2536.0398,707.273,142.94154,2201.311,431.82516,1397.6105,2667.2742,562.21594,256.56296,2494.0977,442.62836
IMG_4583 copy 3.JPG,1165.1249,745.85315,-1425.0205,1150.0894,695.5002,-1349.2611,1148.9092,693.7656,-1350.7344,1148.8535,692.48944,-1351.0634,1127.625,697.6432,-1470.2155,1108.0363,697.8021,-1471.7554,1086.299,698.3092,-1472.616,1077.8073,709.1652,-897.6759,987.47833,715.36676,-1442.1595,1118.9349,810.18616,-1236.4427,1090.6709,810.1959,-1401.3562,1113.01,1034.7659,-328.06625,762.75,1181.9174,-1491.7373,1119.9312,1439.2882,155.6423,678.52057,1768.1317,-1480.0221,1186.6868,1761.8939,187.3335,755.0479,2200.7012,-1425.0735,1196.7323,1839.938,195.77734,734.0764,2335.2996,-1548.0693,1212.6719,1852.4438,49.047134,811.30225,2325.0293,-1622.1984,1185.8729,1833.4409,131.58673,828.2917,2285.4653,-1448.4355,1051.7573,1830.5829,338.96814,805.5533,1910.9987,-340.08743,1487.9377,2106.2644,107.03094,717.84406,2522.9824,-825.9766,1185.1091,2481.1587,664.3348,224.48251,2249.283,299.10687,1083.7695,2536.0398,707.273,142.94154,2201.311,431.82516,1397.6105,2667.2742,562.21594,256.56296,2494.0977,442.62836
IMG_4583 copy 4.JPG,1165.1249,745.85315,-1425.0205,1150.0894,695.5002,-1349.2611,1148.9092,693.7656,-1350.7344,1148.8535,692.48944,-1351.0634,1127.625,697.6432,-1470.2155,1108.0363,697.8021,-1471.7554,1086.299,698.3092,-1472.616,1077.8073,709.1652,-897.6759,987.47833,715.36676,-1442.1595,1118.9349,810.18616,-1236.4427,1090.6709,810.1959,-1401.3562,1113.01,1034.7659,-328.06625,762.75,1181.9174,-1491.7373,1119.9312,1439.2882,155.6423,678.52057,1768.1317,-1480.0221,1186.6868,1761.8939,187.3335,755.0479,2200.7012,-1425.0735,1196.7323,1839.938,195.77734,734.0764,2335.2996,-1548.0693,1212.6719,1852.4438,49.047134,811.30225,2325.0293,-1622.1984,1185.8729,1833.4409,131.58673,828.2917,2285.4653,-1448.4355,1051.7573,1830.5829,338.96814,805.5533,1910.9987,-340.08743,1487.9377,2106.2644,107.03094,717.84406,2522.9824,-825.9766,1185.1091,2481.1587,664.3348,224.48251,2249.283,299.10687,1083.7695,2536.0398,707.273,142.94154,2201.311,431.82516,1397.6105,2667.2742,562.21594,256.56296,2494.0977,442.62836
IMG_4583 copy 5.JPG,1165.1249,745.85315,-1425.0205,1150.0894,695.5002,-1349.2611,1148.9092,693.7656,-1350.7344,1148.8535,692.48944,-1351.0634,1127.625,697.6432,-1470.2155,1108.0363,697.8021,-1471.7554,1086.299,698.3092,-1472.616,1077.8073,709.1652,-897.6759,987.47833,715.36676,-1442.1595,1118.9349,810.18616,-1236.4427,1090.6709,810.1959,-1401.3562,1113.01,1034.7659,-328.06625,762.75,1181.9174,-1491.7373,1119.9312,1439.2882,155.6423,678.52057,1768.1317,-1480.0221,1186.6868,1761.8939,187.3335,755.0479,2200.7012,-1425.0735,1196.7323,1839.938,195.77734,734.0764,2335.2996,-1548.0693,1212.6719,1852.4438,49.047134,811.30225,2325.0293,-1622.1984,1185.8729,1833.4409,131.58673,828.2917,2285.4653,-1448.4355,1051.7573,1830.5829,338.96814,805.5533,1910.9987,-340.08743,1487.9377,2106.2644,107.03094,717.84406,2522.9824,-825.9766,1185.1091,2481.1587,664.3348,224.48251,2249.283,299.10687,1083.7695,2536.0398,707.273,142.94154,2201.311,431.82516,1397.6105,2667.2742,562.21594,256.56296,2494.0977,442.62836
IMG_4583 copy.JPG,1165.1249,745.85315,-1425.0205,1150.0894,695.5002,-1349.2611,1148.9092,693.7656,-1350.7344,1148.8535,692.48944,-1351.0634,1127.625,697.6432,-1470.2155,1108.0363,697.8021,-1471.7554,1086.299,698.3092,-1472.616,1077.8073,709.1652,-897.6759,987.47833,715.36676,-1442.1595,1118.9349,810.18616,-1236.4427,1090.6709,810.1959,-1401.3562,1113.01,1034.7659,-328.06625,762.75,1181.9174,-1491.7373,1119.9312,1439.2882,155.6423,678.52057,1768.1317,-1480.0221,1186.6868,1761.8939,187.3335,755.0479,2200.7012,-1425.0735,1196.7323,1839.938,195.77734,734.0764,2335.2996,-1548.0693,1212.6719,1852.4438,49.047134,811.30225,2325.0293,-1622.1984,1185.8729,1833.4409,131.58673,828.2917,2285.4653,-1448.4355,1051.7573,1830.5829,338.96814,805.5533,1910.9987,-340.08743,1487.9377,2106.2644,107.03094,717.84406,2522.9824,-825.9766,1185.1091,2481.1587,664.3348,224.48251,2249.283,299.10687,1083.7695,2536.0398,707.273,142.94154,2201.311,431.82516,1397.6105,2667.2742,562.21594,256.56296,2494.0977,442.62836
IMG_4583.JPG,1165.1249,745.85315,-1425.0205,1150.0894,695.5002,-1349.2611,1148.9092,693.7656,-1350.7344,1148.8535,692.48944,-1351.0634,1127.625,697.6432,-1470.2155,1108.0363,697.8021,-1471.7554,1086.299,698.3092,-1472.616,1077.8073,709.1652,-897.6759,987.47833,715.36676,-1442.1595,1118.9349,810.18616,-1236.4427,1090.6709,810.1959,-1401.3562,1113.01,1034.7659,-328.06625,762.75,1181.9174,-1491.7373,1119.9312,1439.2882,155.6423,678.52057,1768.1317,-1480.0221,1186.6868,1761.8939,187.3335,755.0479,2200.7012,-1425.0735,1196.7323,1839.938,195.77734,734.0764,2335.2996,-1548.0693,1212.6719,1852.4438,49.047134,811.30225,2325.0293,-1622.1984,1185.8729,1833.4409,131.58673,828.2917,2285.4653,-1448.4355,1051.7573,1830.5829,338.96814,805.5533,1910.9987,-340.08743,1487.9377,2106.2644,107.03094,717.84406,2522.9824,-825.9766,1185.1091,2481.1587,664.3348,224.48251,2249.283,299.10687,1083.7695,2536.0398,707.273,142.94154,2201.311,431.82516,1397.6105,2667.2742,562.21594,256.56296,2494.0977,442.62836
IMG_4584 copy 2.JPG,1086.452,480.3046,-990.52045,1053.0559,416.27917,-956.49994,1048.602,416.22736,-957.9864,1044.9391,415.74866,-958.09735,1041.081,419.56226,-1082.0831,1027.8033,423.0285,-1083.6455,1013.6007,426.63855,-1084.4086,952.8115,453.61676,-692.22156,928.3538,469.5176,-1258.4161,1059.1057,567.7938,-862.2618,1039.5106,569.81366,-1035.3347,825.41144,877.86676,-187.62871,858.2126,956.62317,-1399.6201,766.5082,1397.3031,178.04086,814.18164,1607.7455,-1312.018,857.95105,1810.4241,267.63522,944.60974,2112.6873,-1020.69476,875.02094,1876.5387,292.72684,958.4459,2245.902,-1148.8148,902.2665,1862.4811,143.36365,1026.3777,2233.9956,-1159.6357,902.9208,1874.5356,213.89816,1019.36584,2195.2788,-1022.97046,822.0624,1755.5409,433.12878,710.0175,1874.192,-433.51834,1365.5352,1864.4585,1299.1029,730.09424,2512.356,-544.42834,1064.9572,2332.4004,1813.1831,4.104048,2503.5527,-6.6851583,972.5927,2420.25,1844.5924,-81.77518,2552.0957,65.893616,1304.481,2430.282,1854.6351,116.456245,2714.3027,50.964855
IMG_4584 copy 3.JPG,1086.452,480.3046,-990.52045,1053.0559,416.27917,-956.49994,1048.602,416.22736,-957.9864,1044.9391,415.74866,-958.09735,1041.081,419.56226,-1082.0831,1027.8033,423.0285,-1083.6455,1013.6007,426.63855,-1084.4086,952.8115,453.61676,-692.22156,928.3538,469.5176,-1258.4161,1059.1057,567.7938,-862.2618,1039.5106,569.81366,-1035.3347,825.41144,877.86676,-187.62871,858.2126,956.62317,-1399.6201,766.5082,1397.3031,178.04086,814.18164,1607.7455,-1312.018,857.95105,1810.4241,267.63522,944.60974,2112.6873,-1020.69476,875.02094,1876.5387,292.72684,958.4459,2245.902,-1148.8148,902.2665,1862.4811,143.36365,1026.3777,2233.9956,-1159.6357,902.9208,1874.5356,213.89816,1019.36584,2195.2788,-1022.97046,822.0624,1755.5409,433.12878,710.0175,1874.192,-433.51834,1365.5352,1864.4585,1299.1029,730.09424,2512.356,-544.42834,1064.9572,2332.4004,1813.1831,4.104048,2503.5527,-6.6851583,972.5927,2420.25,1844.5924,-81.77518,2552.0957,65.893616,1304.481,2430.282,1854.6351,116.456245,2714.3027,50.964855
IMG_4584 copy 4.JPG,1086.452,480.3046,-990.52045,1053.0559,416.27917,-956.49994,1048.602,416.22736,-957.9864,1044.9391,415.74866,-958.09735,1041.081,419.56226,-1082.0831,1027.8033,423.0285,-1083.6455,1013.6007,426.63855,-1084.4086,952.8115,453.61676,-692.22156,928.3538,469.5176,-1258.4161,1059.1057,567.7938,-862.2618,1039.5106,569.81366,-1035.3347,825.41144,877.86676,-187.62871,858.2126,956.62317,-1399.6201,766.5082,1397.3031,178.04086,814.18164,1607.7455,-1312.018,857.95105,1810.4241,267.63522,944.60974,2112.6873,-1020.69476,875.02094,1876.5387,292.72684,958.4459,2245.902,-1148.8148,902.2665,1862.4811,143.36365,1026.3777,2233.9956,-1159.6357,902.9208,1874.5356,213.89816,1019.36584,2195.2788,-1022.97046,822.0624,1755.5409,433.12878,710.0175,1874.192,-433.51834,1365.5352,1864.4585,1299.1029,730.09424,2512.356,-544.42834,1064.9572,2332.4004,1813.1831,4.104048,2503.5527,-6.6851583,972.5927,2420.25,1844.5924,-81.77518,2552.0957,65.893616,1304.481,2430.282,1854.6351,116.456245,2714.3027,50.964855
IMG_4584 copy 5.JPG,1086.452,480.3046,-990.52045,1053.0559,416.27917,-956.49994,1048.602,416.22736,-957.9864,1044.9391,415.74866,-958.09735,1041.081,419.56226,-1082.0831,1027.8033,423.0285,-1083.6455,1013.6007,426.63855,-1084.4086,952.8115,453.61676,-692.22156,928.3538,469.5176,-1258.4161,1059.1057,567.7938,-862.2618,1039.5106,569.81366,-1035.3347,825.41144,877.86676,-187.62871,858.2126,956.62317,-1399.6201,766.5082,1397.3031,178.04086,814.18164,1607.7455,-1312.018,857.95105,1810.4241,267.63522,944.60974,2112.6873,-1020.69476,875.02094,1876.5387,292.72684,958.4459,2245.902,-1148.8148,902.2665,1862.4811,143.36365,1026.3777,2233.9956,-1159.6357,902.9208,1874.5356,213.89816,1019.36584,2195.2788,-1022.97046,822.0624,1755.5409,433.12878,710.0175,1874.192,-433.51834,1365.5352,1864.4585,1299.1029,730.09424,2512.356,-544.42834,1064.9572,2332.4004,1813.1831,4.104048,2503.5527,-6.6851583,972.5927,2420.25,1844.5924,-81.77518,2552.0957,65.893616,1304.481,2430.282,1854.6351,116.456245,2714.3027,50.964855
IMG_4584 copy.JPG,1086.452,480.3046,-990.52045,1053.0559,416.27917,-956.49994,1048.602,416.22736,-957.9864,1044.9391,415.74866,-958.09735,1041.081,419.56226,-1082.0831,1027.8033,423.0285,-1083.6455,1013.6007,426.63855,-1084.4086,952.8115,453.61676,-692.22156,928.3538,469.5176,-1258.4161,1059.1057,567.7938,-862.2618,1039.5106,569.81366,-1035.3347,825.41144,877.86676,-187.62871,858.2126,956.62317,-1399.6201,766.5082,1397.3031,178.04086,814.18164,1607.7455,-1312.018,857.95105,1810.4241,267.63522,944.60974,2112.6873,-1020.69476,875.02094,1876.5387,292.72684,958.4459,2245.902,-1148.8148,902.2665,1862.4811,143.36365,1026.3777,2233.9956,-1159.6357,902.9208,1874.5356,213.89816,1019.36584,2195.2788,-1022.97046,822.0624,1755.5409,433.12878,710.0175,1874.192,-433.51834,1365.5352,1864.4585,1299.1029,730.09424,2512.356,-544.42834,1064.9572,2332.4004,1813.1831,4.104048,2503.5527,-6.6851583,972.5927,2420.25,1844.5924,-81.77518,2552.0957,65.893616,1304.481,2430.282,1854.6351,116.456245,2714.3027,50.964855
IMG_4584.JPG,1086.452,480.3046,-990.52045,1053.0559,416.27917,-956.49994,1048.602,416.22736,-957.9864,1044.9391,415.74866,-958.09735,1041.081,419.56226,-1082.0831,1027.8033,423.0285,-1083.6455,1013.6007,426.63855,-1084.4086,952.8115,453.61676,-692.22156,928.3538,469.5176,-1258.4161,1059.1057,567.7938,-862.2618,1039.5106,569.81366,-1035.3347,825.41144,877.86676,-187.62871,858.2126,956.62317,-1399.6201,766.5082,1397.3031,178.04086,814.18164,1607.7455,-1312.018,857.95105,1810.4241,267.63522,944.60974,2112.6873,-1020.69476,875.02094,1876.5387,292.72684,958.4459,2245.902,-1148.8148,902.2665,1862.4811,143.36365,1026.3777,2233.9956,-1159.6357,902.9208,1874.5356,213.89816,1019.36584,2195.2788,-1022.97046,822.0624,1755.5409,433.12878,710.0175,1874.192,-433.51834,1365.5352,1864.4585,1299.1029,730.09424,2512.356,-544.42834,1064.9572,2332.4004,1813.1831,4.104048,2503.5527,-6.6851583,972.5927,2420.25,1844.5924,-81.77518,2552.0957,65.893616,1304.481,2430.282,1854.6351,116.456245,2714.3027,50.964855
IMG_4585.JPG,646.0075,510.27573,-601.57214,655.9992,432.88855,-743.7194,663.4674,432.93,-744.6527,670.3634,433.08984,-744.0866,663.0119,431.4028,-640.0364,676.34796,429.06793,-642.1536,692.1477,425.0261,-643.2101,754.36664,456.3082,-1091.6663,794.5957,437.79523,-630.799,703.7396,600.59174,-669.6212,707.6938,596.8698,-547.9457,719.1045,995.6537,-1200.3888,1097.6028,889.2176,-195.5227,578.15753,1640.3735,-1085.6862,975.3223,1407.7295,340.1468,457.55496,2043.8552,-780.2483,761.56104,1700.2461,853.48627,403.3374,2174.406,-860.4567,718.20074,1781.4602,893.5797,398.9975,2182.1501,-903.5348,696.1204,1770.6768,776.9374,426.30585,2119.526,-785.1195,696.11536,1755.2157,812.43634,790.2522,1935.2673,-398.5912,1079.5397,1891.901,397.68048,313.4603,1736.105,940.27966,1179.276,2395.7676,1279.0221,475.28778,2377.3096,1962.5566,1768.7607,2751.6145,1580.1826,559.85175,2506.6409,2058.5015,1902.997,2838.867,1620.4857,268.04785,2371.0073,2165.664,1636.5481,2902.1504,1590.3882
IMG_4586.JPG,567.16754,800.81226,-1525.2979,571.6039,699.80505,-1617.8931,591.5061,689.71936,-1619.0525,613.196,680.0173,-1618.7341,546.7416,708.16736,-1444.747,546.9697,704.31616,-1446.1392,545.859,699.7865,-1447.1508,721.65326,657.0856,-1737.9823,631.3018,670.5459,-953.0797,647.36383,853.0858,-1515.3807,624.8145,865.3959,-1300.6799,946.87537,1165.3085,-1840.2433,944.4749,998.4011,-179.32019,1093.1769,1811.2308,-2124.2869,1086.424,1314.3997,733.31116,1157.9958,2465.9448,-2080.895,1263.437,1464.9438,1738.2781,1212.0095,2637.6362,-2218.9646,1259.6339,1473.7941,1861.5049,1112.9374,2641.483,-2248.3726,1239.2518,1460.0404,1790.9999,1088.2133,2586.827,-2076.0198,1233.0773,1468.2463,1726.0676,967.4993,2057.5032,-549.20325,1058.8761,1931.4196,548.17413,223.33922,2067.8533,186.5737,1119.6737,2270.6267,1782.2029,457.66522,2649.9194,1522.6292,1695.255,2415.6616,2781.1968,573.2075,2755.4512,1663.5443,1853.3408,2428.508,2905.3633,136.16995,2736.2815,1782.6626,1594.8219,2594.8887,3133.1743
IMG_4588.JPG,1150.2135,430.83807,-2252.3147,1221.851,353.13525,-2156.38,1263.3099,362.57086,-2158.4692,1299.5151,372.9163,-2158.6328,1126.1202,339.5594,-2093.5076,1098.4028,339.4035,-2095.5361,1069.5599,339.9555,-2096.9358,1350.1532,424.37115,-1586.3413,1050.7172,389.5153,-1290.6388,1228.699,537.33826,-2028.6837,1077.8895,526.95233,-1955.7025,1561.9193,969.3071,-1502.5928,852.73706,867.612,-565.571,1608.9669,1638.9376,-1377.1366,699.713,1387.3456,-378.88794,1550.7686,2218.0015,-1529.3538,502.0154,1813.0533,-939.20996,1561.4172,2366.1272,-1687.8491,433.9837,1939.0385,-1056.9182,1495.4858,2358.2903,-1844.342,424.1446,1948.4891,-1265.4124,1476.6808,2312.6472,-1587.7307,460.90518,1915.4742,-1042.0409,1304.4537,1906.8163,-435.4369,986.8123,1869.4048,433.12387,887.68085,2433.4336,-856.22253,936.599,2367.3608,1363.6294,999.99854,2844.0278,451.73303,1009.63544,2395.029,3254.301,1060.1205,2860.6736,582.6672,1061.9131,2394.9124,3457.3728,836.8719,3182.2463,303.77533,902.07684,2531.5881,3503.96
IMG_4616.JPG,1507.6444,665.43256,-910.42676,1475.9988,607.78534,-871.36194,1464.4084,603.91364,-872.3419,1450.8934,600.58435,-872.48987,1475.965,612.15393,-1000.96783,1465.6515,611.2572,-1002.0468,1455.5526,609.93005,-1002.5571,1361.8679,620.21655,-615.6062,1376.1786,628.12665,-1205.8352,1468.1534,719.70245,-792.6856,1470.3469,721.3319,-969.9837,1187.9872,932.61115,-155.01689,1255.0591,993.21765,-1393.6604,1168.3065,1373.1832,40.363045,1271.4795,1481.7047,-1387.6559,1282.1364,1744.2961,-44.203407,1350.1116,1872.955,-1100.3495,1314.386,1820.4327,-41.654293,1353.0157,1985.1254,-1217.3918,1327.8324,1785.0635,-170.67368,1386.7743,1984.5312,-1242.0836,1324.3799,1771.0145,-97.852196,1381.053,1950.3872,-1107.3263,1198.9397,1580.8624,401.30222,1105.749,1698.5481,-401.725,1611.9711,1521.4403,1182.5964,1066.6813,2183.595,-790.56604,1390.0657,1940.4602,1511.1151,499.08948,2011.3657,-166.99466,1308.5656,2034.1442,1524.5636,401.56302,1933.9362,-82.65933,1562.2104,2054.0823,1581.6183,479.53687,2234.0078,20.824162
IMG_4618.JPG,1380.3695,675.53455,-668.27106,1349.3838,613.678,-657.151,1339.038,610.6455,-658.2003,1327.35,607.8486,-658.2,1351.6401,616.9505,-759.704,1344.4481,616.35095,-760.96515,1335.9858,615.04596,-761.2814,1234.363,626.9258,-494.32263,1248.8519,631.39984,-960.58044,1340.6267,729.2081,-578.3053,1343.5183,730.7801,-720.7779,1051.561,943.0527,-92.92632,1184.8828,1019.1064,-1067.0962,1061.1338,1350.7998,360.04785,1215.406,1560.8508,-985.80414,1290.537,1484.7668,732.80084,1260.2758,1931.4686,-631.2913,1357.6299,1457.8915,799.36523,1264.0952,2027.0073,-698.8531,1355.3883,1453.1678,693.0889,1273.8889,2029.4856,-725.79565,1354.0122,1502.597,699.10223,1267.5812,1997.8981,-640.74854,1014.9243,1657.8856,350.7186,1005.1855,1736.724,-351.29776,1445.423,1736.6816,1173.6661,994.1674,2320.6118,-463.37643,1178.4529,2165.5552,1694.7145,378.31952,2321.1846,-128.22209,1122.4668,2224.8406,1731.3477,231.30592,2262.617,-78.96745,1370.6145,2256.0488,1822.8042,398.4486,2575.3413,-52.456257
IMG_4619.JPG,1164.3815,444.63623,-62.29003,1129.7295,393.21902,-163.19861,1112.1917,391.5671,-164.42928,1092.3046,389.91162,-164.48964,1157.8871,397.22195,-222.5246,1162.722,397.7041,-223.78316,1167.7964,397.02914,-223.97847,1026.5337,416.9259,-472.60547,1146.729,422.9618,-743.6554,1140.4858,506.83456,-129.80528,1166.573,508.8099,-216.89783,713.62964,776.7476,-317.03827,1268.4806,856.89496,-939.4878,680.26587,1207.2983,139.12483,1341.1831,1440.0289,-696.3562,769.1002,1519.3296,778.4767,1374.8308,1810.4536,-217.40395,770.1722,1586.8751,879.91425,1380.9984,1911.8569,-265.49545,811.6779,1583.5452,780.62714,1368.6205,1908.0239,-299.14563,814.27795,1621.6106,762.57446,1359.7579,1874.7406,-226.02805,792.31616,1615.1497,273.29126,1061.0524,1662.9712,-274.41357,980.4594,1772.321,1882.393,1106.0093,2271.301,234.63977,1022.11945,2176.7554,2507.3123,629.8213,2520.612,442.6863,1026.028,2255.1006,2551.7605,487.1698,2515.5168,470.73727,1064.3438,2246.4707,2732.8755,673.29767,2782.9592,492.62613
IMG_4620.JPG,719.39667,502.2621,-1347.3932,773.6182,432.57404,-1439.1753,785.0172,435.6638,-1440.4758,797.0971,437.8485,-1440.5184,771.6578,426.09286,-1243.9344,780.3243,424.83893,-1245.5173,791.4404,423.26065,-1246.44,932.5282,503.2781,-1657.61,914.8742,493.203,-774.512,753.335,594.7303,-1396.5049,742.55475,594.36334,-1151.9882,990.1717,1098.6886,-1905.0769,1007.7018,921.3522,-84.802124,873.9078,1738.5758,-1973.8434,1001.6654,1530.4447,77.56482,695.48816,2254.144,-1634.989,857.624,1999.6179,-263.2783,643.4936,2366.2437,-1817.554,809.5143,2086.0989,-325.7016,612.3619,2342.9316,-1806.2958,784.3573,2078.0854,-485.90833,636.7749,2295.4216,-1617.8511,816.2127,2066.6936,-348.9206,1079.8629,1995.4475,-589.794,1132.7411,1828.502,588.17194,385.5691,1953.7775,-214.04295,1061.7225,1964.7295,2150.6338,670.26166,2509.0176,1288.3735,1573.3896,2203.9587,3274.1064,801.1961,2598.4373,1443.6304,1677.4294,2193.0552,3394.9585,384.14243,2613.343,1507.4299,1547.5406,2379.7424,3533.3118
IMG_5230.JPG,1673.5072,449.9805,-521.3954,1657.4812,418.97574,-485.75027,1653.9452,417.38257,-486.5225,1650.9963,415.70154,-486.3478,1652.6113,418.11057,-594.54486,1646.6589,415.702,-595.34515,1637.752,413.20392,-595.7505,1599.731,417.98282,-278.45868,1584.3899,414.80194,-776.70844,1650.4817,482.04538,-427.52478,1644.1044,480.84036,-576.33154,1549.871,622.0968,86.148865,1495.7985,612.4783,-1012.61975,1521.4575,880.3704,268.4274,1465.7185,897.7787,-1174.6918,1542.4749,1132.4266,166.63968,1493.6262,1191.4315,-1093.9728,1548.6652,1191.4962,169.5747,1473.9508,1264.2432,-1203.7046,1543.0461,1240.8882,80.78146,1516.9716,1265.1035,-1215.5505,1557.0851,1184.1122,128.8382,1526.9653,1244.1127,-1098.3363,1576.5956,1098.7998,359.00702,1491.5818,1129.8785,-359.54224,1880.7883,1085.4403,1021.1238,1413.2186,1475.5796,-524.3237,1779.201,1441.0153,1461.9889,992.65826,1432.3813,-96.81036,1730.0336,1502.7369,1488.0321,921.35394,1418.1503,-44.930065,1948.7668,1510.4927,1468.4995,1024.0083,1565.2562,-93.43519
IMG_5231.JPG,1530.0477,290.82068,-673.0469,1498.4727,253.44016,-642.9014,1492.763,253.53989,-643.8262,1487.4442,253.94244,-643.5741,1496.7482,253.10948,-750.332,1491.015,253.3209,-751.1853,1484.6711,253.66393,-751.57275,1440.612,267.7633,-442.53018,1435.9397,268.6988,-934.05505,1504.8981,327.52426,-579.196,1503.4111,325.76453,-726.62616,1393.0144,486.0996,-94.57114,1390.3203,479.3626,-1099.3099,1406.3398,773.73627,101.13975,1387.93,784.96027,-1189.6782,1465.3757,1035.4194,41.709984,1456.4852,1066.8049,-1037.9989,1457.959,1095.5387,45.501293,1455.2968,1145.1519,-1135.4125,1473.4232,1103.0946,-41.114388,1494.2286,1143.2329,-1137.3549,1485.8895,1078.9807,7.087031,1500.7645,1121.6122,-1037.4318,1494.893,956.5304,329.65677,1428.3551,1005.8425,-330.234,1795.2241,928.5758,1004.7524,1366.6141,1373.774,-260.24734,1734.4728,1297.75,1527.6288,925.7426,1380.8431,308.36,1690.2435,1363.8647,1563.2377,855.93164,1373.0131,372.86365,1908.065,1340.6833,1535.341,978.99133,1516.8854,315.59772
IMG_5232.JPG,1637.5952,115.42778,-641.82043,1613.4059,76.867966,-618.7375,1606.354,75.54511,-619.4933,1598.6301,74.42377,-619.3393,1613.4574,77.49977,-744.6897,1607.501,76.68279,-745.4882,1599.581,75.72355,-745.88153,1550.9331,84.99539,-440.57974,1552.6702,88.95776,-1017.0115,1615.1709,154.56735,-553.6832,1614.0745,155.337,-725.42926,1417.3406,312.4355,-43.28062,1534.837,307.81174,-1263.9612,1374.0504,623.25354,191.39326,1540.9828,640.9789,-1328.8512,1366.727,887.17346,182.83852,1565.3029,940.1682,-1086.7206,1358.8453,947.76025,201.2686,1557.6318,1015.89453,-1200.9111,1365.6493,946.0277,96.67038,1595.345,1016.8884,-1200.259,1373.9434,925.7844,143.33295,1597.4976,992.138,-1085.176,1527.4222,827.19885,426.9053,1509.1226,864.08386,-427.4095,1830.5525,821.8925,1187.5426,1435.1135,1274.1635,-623.0398,1751.4337,1195.0399,1801.9938,967.1848,1283.4873,-356.28024,1711.1012,1266.9933,1850.6349,879.81146,1274.1592,-314.28372,1917.2994,1254.3654,1919.6818,1010.33923,1421.6613,-323.14496
IMG_5234.JPG,1810.6985,59.03185,272.8944,1773.978,16.482872,159.08827,1758.7202,18.154821,158.38855,1742.9233,20.07142,157.68736,1812.524,17.440699,132.1677,1825.342,18.182674,131.29446,1836.9719,17.174688,130.99854,1710.985,49.886932,-261.90717,1847.7079,40.242683,-397.1755,1803.7297,103.33468,151.76672,1838.5294,104.359955,107.19069,1522.5435,378.7645,-353.0129,1978.6096,324.96365,-662.8763,1477.0265,785.0805,-391.0186,2016.9727,759.6199,-686.4969,1446.7776,1123.6018,-181.61394,2076.0247,1128.8381,-455.6121,1426.6523,1213.5,-175.9714,2067.9353,1233.5504,-509.303,1452.7572,1227.9988,-220.29161,2063.8403,1242.681,-532.63776,1473.4175,1193.3718,-189.73915,2053.1274,1207.554,-468.22888,1661.0575,988.1873,226.091,1869.333,1000.0889,-226.4429,1728.7477,1035.6923,1493.702,1850.9233,1567.5507,-266.66776,1842.6506,1358.0164,2018.4067,1567.6101,1768.724,-751.89276,1851.8127,1425.0116,2060.6052,1491.3209,1789.8757,-795.7137,1896.5544,1488.1172,2315.792,1606.267,1969.8309,-823.6872
IMG_5235.JPG,1840.0626,174.04332,-442.95343,1834.7184,125.86062,-619.3858,1824.5378,124.66847,-620.3366,1814.7764,124.663216,-620.3179,1873.0385,119.86098,-556.37415,1890.1561,115.52998,-557.3269,1906.8864,110.849365,-557.7879,1832.1259,104.90572,-1158.5275,1966.8169,82.91434,-875.43,1836.9137,188.0443,-590.5231,1882.3632,183.3354,-514.4629,1780.491,206.79074,-1300.174,2211.2778,198.85661,-813.5162,1727.8618,645.5825,-1414.2349,2284.743,622.3081,-692.13434,1673.423,974.5529,-1159.2452,2285.1902,969.8872,-382.358,1666.4718,1072.7642,-1208.1187,2278.9602,1054.5135,-378.0651,1668.3785,1081.782,-1222.8878,2250.8604,1061.9028,-427.57147,1669.6,1053.5289,-1152.6375,2243.5872,1038.5911,-399.4693,1906.1198,840.1837,-154.53207,2113.4297,841.67725,152.91653,1973.0308,1178.6254,556.1487,2006.1941,1066.2223,1212.9225,2388.2866,1550.9358,670.5236,1860.6396,1255.9983,1599.6968,2438.7893,1559.9025,673.366,1886.54,1356.1868,1637.0984,2359.2424,1723.5092,660.03424,1779.458,1346.1453,1753.9761
IMG_5237.JPG,1565.2765,129.31693,-309.6448,1580.309,85.19219,-406.60556,1586.6621,84.99262,-407.10355,1592.5072,84.58611,-407.1092,1583.0796,82.781685,-276.5451,1591.4785,81.47329,-277.45242,1600.8735,79.9003,-277.81677,1647.755,90.859314,-692.7248,1660.7417,91.8447,-112.71724,1599.1144,176.37599,-385.21362,1603.892,175.38164,-225.02304,1722.2281,371.05576,-989.00446,1871.1724,351.39804,278.0588,1748.1692,814.1715,-1143.4153,1915.0781,743.6532,294.2013,1726.8048,1232.8939,-881.9162,1881.4255,1021.75183,161.40318,1747.2231,1350.1958,-952.3775,1879.1407,1124.1621,145.90413,1692.144,1358.1985,-943.5917,1876.5632,1108.8684,71.77714,1687.3373,1330.6451,-862.19025,1871.593,1115.9235,115.41546,1824.9802,1029.2473,-385.17688,1956.7435,1013.2448,384.31186,1387.1144,1053.8413,-9.646496,2133.4116,1475.9054,572.28174,1610.7533,1541.6274,705.2422,2670.3936,1466.8577,710.6033,1677.2096,1625.7107,773.8054,2776.995,1461.1366,737.24225,1414.4214,1611.4972,801.1657,2643.3845,1636.3809,723.9127
IMG_5527.JPG,1645.3975,386.42523,-1264.4469,1680.193,351.34003,-1266.939,1696.2142,353.59204,-1267.7485,1710.3369,356.60648,-1267.6683,1655.2864,348.4182,-1188.7264,1651.229,347.41443,-1189.6384,1646.6934,346.01138,-1190.1855,1766.4587,381.45724,-1103.5587,1681.0922,360.29846,-753.2275,1674.7047,430.26492,-1185.8136,1643.3494,420.1414,-1090.7769,1906.6193,616.0164,-1123.8096,1625.1151,549.9409,-249.42282,1941.8805,916.96655,-1159.0474,1631.0312,811.6947,-193.84242,1967.617,1188.2273,-1232.8496,1624.0177,1033.0028,-498.0329,1984.2913,1255.1349,-1363.1338,1613.6495,1087.0605,-569.13934,1951.177,1254.3076,-1409.7097,1614.4071,1093.4805,-653.28125,1938.7228,1231.0498,-1248.5852,1621.5321,1072.6549,-547.4576,1858.3418,1064.3348,-314.07278,1721.0853,1049.4117,313.36273,1495.8326,1250.3953,-637.6342,1816.5375,1323.2543,760.5939,1595.5718,1606.793,-188.25676,2070.476,1286.0703,1776.3652,1666.778,1657.4751,-151.29582,2114.559,1255.9247,1886.6533,1428.3582,1735.6553,-454.28995,2034.6588,1366.6663,1845.9272
IMG_5528.JPG,1575.6698,384.30984,-1006.23706,1602.223,354.36374,-1033.1593,1611.7668,356.41104,-1033.9435,1623.79,358.97302,-1033.8737,1586.8646,350.76227,-943.3593,1585.4122,349.45132,-944.149,1583.8351,347.58395,-944.6197,1674.9203,376.49133,-986.02264,1625.3282,360.82123,-581.2893,1603.0908,422.5526,-969.22,1576.8424,414.84503,-858.3243,1802.3529,594.08405,-1068.7865,1584.8551,542.3,-102.19931,1838.7568,873.5271,-1149.5515,1608.6606,783.03204,15.754552,1857.4551,1128.7444,-1215.0437,1594.1128,970.80774,-202.58113,1881.1567,1192.7426,-1341.1176,1578.1432,1016.27747,-249.30629,1843.019,1196.8943,-1372.4172,1578.3613,1020.37585,-336.98557,1828.8213,1177.758,-1224.2379,1581.8911,1002.4928,-251.7198,1759.0391,1031.2312,-322.0336,1655.8989,1018.2462,321.49826,1415.0625,1173.9865,-579.3687,1767.4524,1277.926,845.1583,1498.7649,1509.6116,-102.4272,2022.126,1251.8164,1735.0647,1558.343,1559.1489,-64.13359,2076.9155,1235.6283,1829.1954,1333.0205,1613.6951,-347.1194,1974.6301,1348.4685,1765.2736
IMG_5529.JPG,2014.5364,359.35162,-709.44086,2034.1826,330.23907,-765.373,2040.8539,331.41907,-766.17096,2047.9177,332.30167,-766.08417,2030.6956,327.89767,-660.042,2034.4629,327.65616,-660.7283,2038.5952,327.07346,-661.1885,2099.8323,346.754,-852.5957,2089.6272,345.7503,-379.1386,2035.4022,397.11093,-722.3328,2029.8931,395.29953,-591.2041,2214.3406,531.7686,-1014.4159,2061.445,489.08942,65.282814,2216.313,792.039,-1110.3429,2069.107,713.10675,111.44215,2177.2705,1007.78564,-1108.1417,2062.1807,915.33167,-241.17874,2181.3245,1074.5471,-1218.185,2048.4558,955.7174,-295.8197,2143.8164,1069.3275,-1230.7642,2044.6311,959.3579,-380.67975,2140.0588,1051.3729,-1105.787,2051.2107,953.73505,-292.63315,2160.9177,931.529,-328.74136,2090.796,913.78406,328.33585,1859.5895,1040.3582,-343.11197,2172.4988,1149.5635,681.48224,1929.1112,1330.7932,187.32149,2470.6372,1168.9534,1170.5872,1979.829,1379.3446,229.10666,2534.4355,1154.0693,1217.7712,1773.9803,1396.149,3.4168077,2393.0227,1260.1548,1102.4785
IMG_5530 copy 2.JPG,1699.1469,212.67525,-1456.6202,1735.5535,162.0896,-1437.8005,1756.1067,162.08629,-1438.8313,1776.5801,163.2238,-1438.895,1698.543,164.42722,-1363.8665,1689.9404,164.79561,-1364.9012,1682.1443,163.89738,-1365.5999,1842.0677,183.0111,-1219.0096,1717.5133,182.04855,-882.753,1740.1255,263.63773,-1362.2211,1695.6232,257.48962,-1272.1969,2042.1581,490.96304,-1252.2721,1646.5459,479.49515,-396.12732,2079.2983,882.86005,-1258.7426,1673.3674,812.8734,-346.07806,2080.2837,1221.8628,-1317.7915,1678.1588,1120.3314,-636.3721,2101.7346,1315.9264,-1466.6691,1680.6505,1205.8297,-719.90466,2053.3433,1322.8877,-1529.5195,1693.1678,1213.9271,-826.2234,2035.0824,1289.6841,-1339.7126,1704.2405,1193.7457,-694.2731,2031.1141,1011.7298,-317.12402,1858.415,1026.982,316.07294,1695.2245,1303.6216,-728.73517,2014.3257,1379.2202,900.6996,1806.1318,1756.2,-175.94308,2177.4214,1224.7644,2029.344,1876.7319,1800.6844,-127.48568,2203.2092,1171.0334,2153.1035,1658.3677,1964.5219,-460.7217,2203.048,1310.2974,2123.9282
IMG_5530 copy 3.JPG,1699.1469,212.67525,-1456.6202,1735.5535,162.0896,-1437.8005,1756.1067,162.08629,-1438.8313,1776.5801,163.2238,-1438.895,1698.543,164.42722,-1363.8665,1689.9404,164.79561,-1364.9012,1682.1443,163.89738,-1365.5999,1842.0677,183.0111,-1219.0096,1717.5133,182.04855,-882.753,1740.1255,263.63773,-1362.2211,1695.6232,257.48962,-1272.1969,2042.1581,490.96304,-1252.2721,1646.5459,479.49515,-396.12732,2079.2983,882.86005,-1258.7426,1673.3674,812.8734,-346.07806,2080.2837,1221.8628,-1317.7915,1678.1588,1120.3314,-636.3721,2101.7346,1315.9264,-1466.6691,1680.6505,1205.8297,-719.90466,2053.3433,1322.8877,-1529.5195,1693.1678,1213.9271,-826.2234,2035.0824,1289.6841,-1339.7126,1704.2405,1193.7457,-694.2731,2031.1141,1011.7298,-317.12402,1858.415,1026.982,316.07294,1695.2245,1303.6216,-728.73517,2014.3257,1379.2202,900.6996,1806.1318,1756.2,-175.94308,2177.4214,1224.7644,2029.344,1876.7319,1800.6844,-127.48568,2203.2092,1171.0334,2153.1035,1658.3677,1964.5219,-460.7217,2203.048,1310.2974,2123.9282
IMG_5530 copy 4.JPG,1699.1469,212.67525,-1456.6202,1735.5535,162.0896,-1437.8005,1756.1067,162.08629,-1438.8313,1776.5801,163.2238,-1438.895,1698.543,164.42722,-1363.8665,1689.9404,164.79561,-1364.9012,1682.1443,163.89738,-1365.5999,1842.0677,183.0111,-1219.0096,1717.5133,182.04855,-882.753,1740.1255,263.63773,-1362.2211,1695.6232,257.48962,-1272.1969,2042.1581,490.96304,-1252.2721,1646.5459,479.49515,-396.12732,2079.2983,882.86005,-1258.7426,1673.3674,812.8734,-346.07806,2080.2837,1221.8628,-1317.7915,1678.1588,1120.3314,-636.3721,2101.7346,1315.9264,-1466.6691,1680.6505,1205.8297,-719.90466,2053.3433,1322.8877,-1529.5195,1693.1678,1213.9271,-826.2234,2035.0824,1289.6841,-1339.7126,1704.2405,1193.7457,-694.2731,2031.1141,1011.7298,-317.12402,1858.415,1026.982,316.07294,1695.2245,1303.6216,-728.73517,2014.3257,1379.2202,900.6996,1806.1318,1756.2,-175.94308,2177.4214,1224.7644,2029.344,1876.7319,1800.6844,-127.48568,2203.2092,1171.0334,2153.1035,1658.3677,1964.5219,-460.7217,2203.048,1310.2974,2123.9282
IMG_5530 copy 5.JPG,1699.1469,212.67525,-1456.6202,1735.5535,162.0896,-1437.8005,1756.1067,162.08629,-1438.8313,1776.5801,163.2238,-1438.895,1698.543,164.42722,-1363.8665,1689.9404,164.79561,-1364.9012,1682.1443,163.89738,-1365.5999,1842.0677,183.0111,-1219.0096,1717.5133,182.04855,-882.753,1740.1255,263.63773,-1362.2211,1695.6232,257.48962,-1272.1969,2042.1581,490.96304,-1252.2721,1646.5459,479.49515,-396.12732,2079.2983,882.86005,-1258.7426,1673.3674,812.8734,-346.07806,2080.2837,1221.8628,-1317.7915,1678.1588,1120.3314,-636.3721,2101.7346,1315.9264,-1466.6691,1680.6505,1205.8297,-719.90466,2053.3433,1322.8877,-1529.5195,1693.1678,1213.9271,-826.2234,2035.0824,1289.6841,-1339.7126,1704.2405,1193.7457,-694.2731,2031.1141,1011.7298,-317.12402,1858.415,1026.982,316.07294,1695.2245,1303.6216,-728.73517,2014.3257,1379.2202,900.6996,1806.1318,1756.2,-175.94308,2177.4214,1224.7644,2029.344,1876.7319,1800.6844,-127.48568,2203.2092,1171.0334,2153.1035,1658.3677,1964.5219,-460.7217,2203.048,1310.2974,2123.9282
IMG_5530 copy.JPG,1699.1469,212.67525,-1456.6202,1735.5535,162.0896,-1437.8005,1756.1067,162.08629,-1438.8313,1776.5801,163.2238,-1438.895,1698.543,164.42722,-1363.8665,1689.9404,164.79561,-1364.9012,1682.1443,163.89738,-1365.5999,1842.0677,183.0111,-1219.0096,1717.5133,182.04855,-882.753,1740.1255,263.63773,-1362.2211,1695.6232,257.48962,-1272.1969,2042.1581,490.96304,-1252.2721,1646.5459,479.49515,-396.12732,2079.2983,882.86005,-1258.7426,1673.3674,812.8734,-346.07806,2080.2837,1221.8628,-1317.7915,1678.1588,1120.3314,-636.3721,2101.7346,1315.9264,-1466.6691,1680.6505,1205.8297,-719.90466,2053.3433,1322.8877,-1529.5195,1693.1678,1213.9271,-826.2234,2035.0824,1289.6841,-1339.7126,1704.2405,1193.7457,-694.2731,2031.1141,1011.7298,-317.12402,1858.415,1026.982,316.07294,1695.2245,1303.6216,-728.73517,2014.3257,1379.2202,900.6996,1806.1318,1756.2,-175.94308,2177.4214,1224.7644,2029.344,1876.7319,1800.6844,-127.48568,2203.2092,1171.0334,2153.1035,1658.3677,1964.5219,-460.7217,2203.048,1310.2974,2123.9282
IMG_5530.JPG,1699.1469,212.67525,-1456.6202,1735.5535,162.0896,-1437.8005,1756.1067,162.08629,-1438.8313,1776.5801,163.2238,-1438.895,1698.543,164.42722,-1363.8665,1689.9404,164.79561,-1364.9012,1682.1443,163.89738,-1365.5999,1842.0677,183.0111,-1219.0096,1717.5133,182.04855,-882.753,1740.1255,263.63773,-1362.2211,1695.6232,257.48962,-1272.1969,2042.1581,490.96304,-1252.2721,1646.5459,479.49515,-396.12732,2079.2983,882.86005,-1258.7426,1673.3674,812.8734,-346.07806,2080.2837,1221.8628,-1317.7915,1678.1588,1120.3314,-636.3721,2101.7346,1315.9264,-1466.6691,1680.6505,1205.8297,-719.90466,2053.3433,1322.8877,-1529.5195,1693.1678,1213.9271,-826.2234,2035.0824,1289.6841,-1339.7126,1704.2405,1193.7457,-694.2731,2031.1141,1011.7298,-317.12402,1858.415,1026.982,316.07294,1695.2245,1303.6216,-728.73517,2014.3257,1379.2202,900.6996,1806.1318,1756.2,-175.94308,2177.4214,1224.7644,2029.344,1876.7319,1800.6844,-127.48568,2203.2092,1171.0334,2153.1035,1658.3677,1964.5219,-460.7217,2203.048,1310.2974,2123.9282
IMG_5531.JPG,1374.7349,311.31668,-126.602646,1403.5664,271.6711,-220.18733,1409.3469,273.97556,-220.83667,1414.3285,276.38812,-220.70174,1411.562,265.43542,-113.54853,1424.2357,264.27692,-114.59243,1439.3064,264.3359,-115.13912,1474.9105,310.33353,-491.5639,1509.86,301.4534,-21.964699,1405.0533,363.85352,-192.33464,1414.0631,362.6178,-64.86028,1521.5886,659.8259,-793.96686,1712.9917,552.69574,372.74814,1499.9387,1068.0018,-959.0261,1925.3015,620.5421,912.3058,1434.2616,1384.283,-745.49036,1925.159,529.32336,1500.2924,1428.8776,1503.2721,-803.5491,1982.0553,575.7579,1573.8651,1405.4886,1507.2343,-782.5729,1943.0227,563.82904,1536.965,1406.415,1476.6136,-720.16864,1921.8441,583.67163,1489.9937,1795.3873,1268.2217,-376.4931,1899.5236,1227.8407,376.2051,1309.2783,1305.9786,320.7452,2008.585,1688.4553,320.55853,1448.052,1796.6483,824.29895,2540.7668,1643.361,370.43335,1517.6283,1881.3344,871.97284,2678.0764,1648.9557,391.846,1233.0677,1836.9803,832.8157,2492.4468,1815.1512,344.16687
IMG_5532.JPG,1374.2485,78.52935,-66.72674,1401.0886,52.49393,-161.45317,1408.8899,54.116314,-162.25691,1416.877,56.18368,-162.13179,1402.8643,49.91443,-61.78454,1412.3802,50.255795,-63.00262,1423.5559,50.74722,-63.52336,1476.0892,87.69073,-405.7231,1492.4862,83.904564,27.890823,1410.1768,138.09995,-119.95113,1412.5271,135.88217,-2.8837304,1444.4552,416.00323,-684.35693,1708.3405,331.6083,453.9406,1444.8615,817.13794,-530.8392,1736.9097,642.42303,675.55963,1310.8549,989.0594,-49.503742,1730.3641,929.51166,688.26984,1289.8536,1044.2024,-65.41789,1723.429,982.4435,686.47797,1281.7283,1028.7693,-60.41435,1699.5449,976.4416,601.3149,1291.6338,1010.34406,-23.369827,1696.5972,960.4695,643.4822,1768.8663,1069.3429,-371.4386,1897.932,1048.74,370.91458,1331.0846,1067.741,628.62836,2002.1587,1536.2549,467.4701,1425.4631,1564.6691,1375.0496,2538.7842,1685.7363,352.6444,1490.2786,1657.3214,1438.3998,2653.9854,1692.2045,346.64453,1242.4081,1587.2993,1499.4667,2449.1426,1842.0992,234.23111
IMG_5533.JPG,944.9539,99.59866,322.67633,937.8449,64.79687,208.58386,930.5569,66.91439,207.89023,923.30066,69.89026,208.0908,968.47406,60.34768,248.48122,983.84045,59.15382,247.55956,999.9777,57.64208,247.10793,931.12,97.10661,-160.49123,1037.1189,84.94158,11.486276,941.197,142.73059,226.42755,976.176,141.47017,267.9744,869.71564,387.45157,-441.54535,1250.8561,331.39212,160.4914,923.68726,810.25525,-442.17697,1288.103,631.18713,457.8631,959.991,1185.9272,-257.28183,1154.9431,496.6568,1019.9255,979.75903,1272.9454,-280.0048,1118.0151,464.09964,1081.3049,983.5186,1303.4949,-297.37698,1117.8953,438.23413,1060.4342,984.7598,1270.4171,-250.19893,1112.9656,453.52325,1015.7159,1163.5571,1016.1839,-128.02774,1376.7844,975.39923,127.87974,920.16364,1086.0424,905.20886,1482.4197,1479.3103,127.0302,1023.6127,1499.9249,1560.2518,1925.3766,1684.2008,39.249855,1084.1127,1579.6248,1624.4915,2022.1865,1711.4937,39.749496,904.75653,1517.6556,1694.8898,1894.446,1832.1195,-33.360878
IMG_5534.JPG,1393.4291,373.4172,-130.46826,1404.2947,347.2079,-203.36787,1406.3439,347.4803,-203.84512,1408.0222,347.73184,-203.6901,1408.431,345.21765,-122.31302,1413.9719,344.64133,-122.85573,1420.2693,344.09927,-123.047195,1438.8137,356.91504,-414.551,1450.3152,353.36002,-53.734005,1407.7972,400.97955,-185.96475,1413.817,399.93192,-86.32183,1433.8276,520.5297,-638.3849,1588.4106,467.1238,240.95807,1422.0084,738.0211,-688.7396,1572.8286,648.34955,435.76337,1382.1726,897.9873,-508.64178,1497.271,794.6572,472.21524,1375.2606,954.0589,-554.399,1475.3535,823.7286,491.16202,1374.2136,955.0895,-542.99915,1465.0355,822.4165,425.5494,1378.091,935.3148,-493.15216,1472.1062,812.9243,439.4186,1528.9647,853.5707,-270.696,1641.6857,834.0386,270.17087,1320.2322,873.0514,442.79718,1704.2467,1054.0197,671.7253,1377.4148,1129.5857,950.9399,1928.4669,1146.6215,910.11597,1410.8529,1173.3752,994.3776,1984.5598,1166.5433,935.7955,1288.8123,1140.0703,1008.52954,1876.5851,1221.0563,930.0545
IMG_5536.JPG,1501.8932,105.55316,371.06604,1476.5009,67.106705,287.67252,1462.2748,65.209045,286.96408,1448.3159,63.39512,286.8956,1507.865,73.88809,239.0194,1515.467,75.96277,238.10497,1522.2349,77.38836,237.81857,1413.5522,86.96133,0.38496643,1511.2979,98.17349,-225.37897,1477.5895,148.03941,300.73834,1508.4717,148.5597,229.5163,1224.2882,325.06445,81.40776,1588.8751,377.18863,-488.3935,1234.7026,663.79987,259.6451,1573.8263,741.3006,-306.08215,1290.0911,960.9912,535.87177,1538.3452,993.36597,240.57118,1311.5625,1010.9661,591.92725,1523.8296,1068.9492,240.9133,1356.7312,987.16724,526.71014,1515.4467,1070.1289,217.87007,1349.6111,995.3687,517.83105,1515.7921,1036.7721,236.84842,1212.8871,939.4161,265.22958,1407.9617,971.68085,-266.06235,1397.4672,1058.5465,1475.0994,1325.9868,1461.7256,213.04916,1417.9083,1322.2864,2116.789,986.0752,1814.3013,347.3232,1390.8673,1407.0529,2170.5225,888.403,1848.6316,360.0454,1573.2594,1317.4908,2245.4036,1069.7007,1975.369,219.86134
IMG_5537 copy 2.JPG,1730.73,84.44154,408.1826,1712.5498,51.285435,356.00867,1702.605,50.844524,355.5857,1691.3772,50.4851,355.58514,1728.6106,55.399162,296.82275,1731.1003,57.342964,296.11197,1733.2786,58.40801,295.919,1648.256,71.51636,163.26797,1713.7719,77.57377,-110.21971,1707.3556,123.2417,363.28458,1723.3446,121.81186,279.26877,1474.9508,272.9802,286.9456,1761.3253,334.86163,-446.31235,1422.3025,559.4787,468.87875,1729.1759,664.8796,-360.88956,1483.336,786.28033,673.18854,1699.6139,917.9537,21.140396,1505.6213,830.9861,725.08435,1678.0454,1010.57086,-9.746284,1535.4526,834.8438,649.5944,1680.9847,1018.0753,-29.34474,1536.263,822.4852,648.3529,1679.2417,985.7623,16.338068,1419.5935,812.79095,304.55786,1541.276,851.29486,-304.94574,1684.0359,871.86035,1188.9026,1441.1248,1285.1788,-233.63072,1690.8417,1170.2496,1669.1761,1042.6222,1471.4895,-184.49644,1651.4193,1258.3029,1703.6028,950.02124,1483.2474,-176.64825,1832.1508,1210.977,1744.1139,1129.1661,1626.5933,-301.20816
IMG_5537 copy 3.JPG,1730.73,84.44154,408.1826,1712.5498,51.285435,356.00867,1702.605,50.844524,355.5857,1691.3772,50.4851,355.58514,1728.6106,55.399162,296.82275,1731.1003,57.342964,296.11197,1733.2786,58.40801,295.919,1648.256,71.51636,163.26797,1713.7719,77.57377,-110.21971,1707.3556,123.2417,363.28458,1723.3446,121.81186,279.26877,1474.9508,272.9802,286.9456,1761.3253,334.86163,-446.31235,1422.3025,559.4787,468.87875,1729.1759,664.8796,-360.88956,1483.336,786.28033,673.18854,1699.6139,917.9537,21.140396,1505.6213,830.9861,725.08435,1678.0454,1010.57086,-9.746284,1535.4526,834.8438,649.5944,1680.9847,1018.0753,-29.34474,1536.263,822.4852,648.3529,1679.2417,985.7623,16.338068,1419.5935,812.79095,304.55786,1541.276,851.29486,-304.94574,1684.0359,871.86035,1188.9026,1441.1248,1285.1788,-233.63072,1690.8417,1170.2496,1669.1761,1042.6222,1471.4895,-184.49644,1651.4193,1258.3029,1703.6028,950.02124,1483.2474,-176.64825,1832.1508,1210.977,1744.1139,1129.1661,1626.5933,-301.20816
IMG_5537 copy 4.JPG,1730.73,84.44154,408.1826,1712.5498,51.285435,356.00867,1702.605,50.844524,355.5857,1691.3772,50.4851,355.58514,1728.6106,55.399162,296.82275,1731.1003,57.342964,296.11197,1733.2786,58.40801,295.919,1648.256,71.51636,163.26797,1713.7719,77.57377,-110.21971,1707.3556,123.2417,363.28458,1723.3446,121.81186,279.26877,1474.9508,272.9802,286.9456,1761.3253,334.86163,-446.31235,1422.3025,559.4787,468.87875,1729.1759,664.8796,-360.88956,1483.336,786.28033,673.18854,1699.6139,917.9537,21.140396,1505.6213,830.9861,725.08435,1678.0454,1010.57086,-9.746284,1535.4526,834.8438,649.5944,1680.9847,1018.0753,-29.34474,1536.263,822.4852,648.3529,1679.2417,985.7623,16.338068,1419.5935,812.79095,304.55786,1541.276,851.29486,-304.94574,1684.0359,871.86035,1188.9026,1441.1248,1285.1788,-233.63072,1690.8417,1170.2496,1669.1761,1042.6222,1471.4895,-184.49644,1651.4193,1258.3029,1703.6028,950.02124,1483.2474,-176.64825,1832.1508,1210.977,1744.1139,1129.1661,1626.5933,-301.20816
IMG_5537 copy 5.JPG,1730.73,84.44154,408.1826,1712.5498,51.285435,356.00867,1702.605,50.844524,355.5857,1691.3772,50.4851,355.58514,1728.6106,55.399162,296.82275,1731.1003,57.342964,296.11197,1733.2786,58.40801,295.919,1648.256,71.51636,163.26797,1713.7719,77.57377,-110.21971,1707.3556,123.2417,363.28458,1723.3446,121.81186,279.26877,1474.9508,272.9802,286.9456,1761.3253,334.86163,-446.31235,1422.3025,559.4787,468.87875,1729.1759,664.8796,-360.88956,1483.336,786.28033,673.18854,1699.6139,917.9537,21.140396,1505.6213,830.9861,725.08435,1678.0454,1010.57086,-9.746284,1535.4526,834.8438,649.5944,1680.9847,1018.0753,-29.34474,1536.263,822.4852,648.3529,1679.2417,985.7623,16.338068,1419.5935,812.79095,304.55786,1541.276,851.29486,-304.94574,1684.0359,871.86035,1188.9026,1441.1248,1285.1788,-233.63072,1690.8417,1170.2496,1669.1761,1042.6222,1471.4895,-184.49644,1651.4193,1258.3029,1703.6028,950.02124,1483.2474,-176.64825,1832.1508,1210.977,1744.1139,1129.1661,1626.5933,-301.20816
IMG_5537 copy.JPG,1730.73,84.44154,408.1826,1712.5498,51.285435,356.00867,1702.605,50.844524,355.5857,1691.3772,50.4851,355.58514,1728.6106,55.399162,296.82275,1731.1003,57.342964,296.11197,1733.2786,58.40801,295.919,1648.256,71.51636,163.26797,1713.7719,77.57377,-110.21971,1707.3556,123.2417,363.28458,1723.3446,121.81186,279.26877,1474.9508,272.9802,286.9456,1761.3253,334.86163,-446.31235,1422.3025,559.4787,468.87875,1729.1759,664.8796,-360.88956,1483.336,786.28033,673.18854,1699.6139,917.9537,21.140396,1505.6213,830.9861,725.08435,1678.0454,1010.57086,-9.746284,1535.4526,834.8438,649.5944,1680.9847,1018.0753,-29.34474,1536.263,822.4852,648.3529,1679.2417,985.7623,16.338068,1419.5935,812.79095,304.55786,1541.276,851.29486,-304.94574,1684.0359,871.86035,1188.9026,1441.1248,1285.1788,-233.63072,1690.8417,1170.2496,1669.1761,1042.6222,1471.4895,-184.49644,1651.4193,1258.3029,1703.6028,950.02124,1483.2474,-176.64825,1832.1508,1210.977,1744.1139,1129.1661,1626.5933,-301.20816
IMG_5537.JPG,1730.73,84.44154,408.1826,1712.5498,51.285435,356.00867,1702.605,50.844524,355.5857,1691.3772,50.4851,355.58514,1728.6106,55.399162,296.82275,1731.1003,57.342964,296.11197,1733.2786,58.40801,295.919,1648.256,71.51636,163.26797,1713.7719,77.57377,-110.21971,1707.3556,123.2417,363.28458,1723.3446,121.81186,279.26877,1474.9508,272.9802,286.9456,1761.3253,334.86163,-446.31235,1422.3025,559.4787,468.87875,1729.1759,664.8796,-360.88956,1483.336,786.28033,673.18854,1699.6139,917.9537,21.140396,1505.6213,830.9861,725.08435,1678.0454,1010.57086,-9.746284,1535.4526,834.8438,649.5944,1680.9847,1018.0753,-29.34474,1536.263,822.4852,648.3529,1679.2417,985.7623,16.338068,1419.5935,812.79095,304.55786,1541.276,851.29486,-304.94574,1684.0359,871.86035,1188.9026,1441.1248,1285.1788,-233.63072,1690.8417,1170.2496,1669.1761,1042.6222,1471.4895,-184.49644,1651.4193,1258.3029,1703.6028,950.02124,1483.2474,-176.64825,1832.1508,1210.977,1744.1139,1129.1661,1626.5933,-301.20816
IMG_5538 copy 2.JPG,2102.8975,372.131,201.5253,2083.9932,343.1416,194.91954,2074.55,343.65952,194.54552,2064.43,344.67578,194.67757,2094.1038,344.95776,111.38687,2093.6277,346.25137,110.7091,2093.2104,347.1074,110.47212,2030.1322,366.26294,179.21054,2069.978,364.01273,-207.10512,2081.206,410.98645,215.54027,2090.9224,410.52985,99.25435,1908.7797,550.2708,424.84918,2094.2507,598.22174,-570.9323,1908.9916,810.50116,670.6519,2105.1104,889.0409,-600.185,1955.9816,1030.0543,833.7666,2134.8076,1123.6152,-297.8679,1971.802,1050.1765,903.868,2126.5652,1199.5598,-360.53848,1981.8396,1047.1627,815.874,2139.8594,1198.5865,-343.27963,1988.1456,1034.7875,804.3889,2142.034,1171.7937,-288.81653,1822.0259,1018.9134,369.24655,1915.0991,1053.423,-369.39313,2083.2734,1051.2799,1127.22,1798.685,1439.979,-410.60657,2085.668,1377.8333,1576.2618,1428.5463,1576.1132,-353.83804,2041.7466,1457.3118,1608.4823,1338.9752,1572.5057,-344.98886,2221.7383,1411.9656,1628.6738,1499.1396,1722.3545,-470.2078
IMG_5538 copy 3.JPG,2102.8975,372.131,201.5253,2083.9932,343.1416,194.91954,2074.55,343.65952,194.54552,2064.43,344.67578,194.67757,2094.1038,344.95776,111.38687,2093.6277,346.25137,110.7091,2093.2104,347.1074,110.47212,2030.1322,366.26294,179.21054,2069.978,364.01273,-207.10512,2081.206,410.98645,215.54027,2090.9224,410.52985,99.25435,1908.7797,550.2708,424.84918,2094.2507,598.22174,-570.9323,1908.9916,810.50116,670.6519,2105.1104,889.0409,-600.185,1955.9816,1030.0543,833.7666,2134.8076,1123.6152,-297.8679,1971.802,1050.1765,903.868,2126.5652,1199.5598,-360.53848,1981.8396,1047.1627,815.874,2139.8594,1198.5865,-343.27963,1988.1456,1034.7875,804.3889,2142.034,1171.7937,-288.81653,1822.0259,1018.9134,369.24655,1915.0991,1053.423,-369.39313,2083.2734,1051.2799,1127.22,1798.685,1439.979,-410.60657,2085.668,1377.8333,1576.2618,1428.5463,1576.1132,-353.83804,2041.7466,1457.3118,1608.4823,1338.9752,1572.5057,-344.98886,2221.7383,1411.9656,1628.6738,1499.1396,1722.3545,-470.2078
IMG_5538 copy 4.JPG,2102.8975,372.131,201.5253,2083.9932,343.1416,194.91954,2074.55,343.65952,194.54552,2064.43,344.67578,194.67757,2094.1038,344.95776,111.38687,2093.6277,346.25137,110.7091,2093.2104,347.1074,110.47212,2030.1322,366.26294,179.21054,2069.978,364.01273,-207.10512,2081.206,410.98645,215.54027,2090.9224,410.52985,99.25435,1908.7797,550.2708,424.84918,2094.2507,598.22174,-570.9323,1908.9916,810.50116,670.6519,2105.1104,889.0409,-600.185,1955.9816,1030.0543,833.7666,2134.8076,1123.6152,-297.8679,1971.802,1050.1765,903.868,2126.5652,1199.5598,-360.53848,1981.8396,1047.1627,815.874,2139.8594,1198.5865,-343.27963,1988.1456,1034.7875,804.3889,2142.034,1171.7937,-288.81653,1822.0259,1018.9134,369.24655,1915.0991,1053.423,-369.39313,2083.2734,1051.2799,1127.22,1798.685,1439.979,-410.60657,2085.668,1377.8333,1576.2618,1428.5463,1576.1132,-353.83804,2041.7466,1457.3118,1608.4823,1338.9752,1572.5057,-344.98886,2221.7383,1411.9656,1628.6738,1499.1396,1722.3545,-470.2078
IMG_5538 copy 5.JPG,2102.8975,372.131,201.5253,2083.9932,343.1416,194.91954,2074.55,343.65952,194.54552,2064.43,344.67578,194.67757,2094.1038,344.95776,111.38687,2093.6277,346.25137,110.7091,2093.2104,347.1074,110.47212,2030.1322,366.26294,179.21054,2069.978,364.01273,-207.10512,2081.206,410.98645,215.54027,2090.9224,410.52985,99.25435,1908.7797,550.2708,424.84918,2094.2507,598.22174,-570.9323,1908.9916,810.50116,670.6519,2105.1104,889.0409,-600.185,1955.9816,1030.0543,833.7666,2134.8076,1123.6152,-297.8679,1971.802,1050.1765,903.868,2126.5652,1199.5598,-360.53848,1981.8396,1047.1627,815.874,2139.8594,1198.5865,-343.27963,1988.1456,1034.7875,804.3889,2142.034,1171.7937,-288.81653,1822.0259,1018.9134,369.24655,1915.0991,1053.423,-369.39313,2083.2734,1051.2799,1127.22,1798.685,1439.979,-410.60657,2085.668,1377.8333,1576.2618,1428.5463,1576.1132,-353.83804,2041.7466,1457.3118,1608.4823,1338.9752,1572.5057,-344.98886,2221.7383,1411.9656,1628.6738,1499.1396,1722.3545,-470.2078
IMG_5538 copy.JPG,2102.8975,372.131,201.5253,2083.9932,343.1416,194.91954,2074.55,343.65952,194.54552,2064.43,344.67578,194.67757,2094.1038,344.95776,111.38687,2093.6277,346.25137,110.7091,2093.2104,347.1074,110.47212,2030.1322,366.26294,179.21054,2069.978,364.01273,-207.10512,2081.206,410.98645,215.54027,2090.9224,410.52985,99.25435,1908.7797,550.2708,424.84918,2094.2507,598.22174,-570.9323,1908.9916,810.50116,670.6519,2105.1104,889.0409,-600.185,1955.9816,1030.0543,833.7666,2134.8076,1123.6152,-297.8679,1971.802,1050.1765,903.868,2126.5652,1199.5598,-360.53848,1981.8396,1047.1627,815.874,2139.8594,1198.5865,-343.27963,1988.1456,1034.7875,804.3889,2142.034,1171.7937,-288.81653,1822.0259,1018.9134,369.24655,1915.0991,1053.423,-369.39313,2083.2734,1051.2799,1127.22,1798.685,1439.979,-410.60657,2085.668,1377.8333,1576.2618,1428.5463,1576.1132,-353.83804,2041.7466,1457.3118,1608.4823,1338.9752,1572.5057,-344.98886,2221.7383,1411.9656,1628.6738,1499.1396,1722.3545,-470.2078
IMG_5538.JPG,2102.8975,372.131,201.5253,2083.9932,343.1416,194.91954,2074.55,343.65952,194.54552,2064.43,344.67578,194.67757,2094.1038,344.95776,111.38687,2093.6277,346.25137,110.7091,2093.2104,347.1074,110.47212,2030.1322,366.26294,179.21054,2069.978,364.01273,-207.10512,2081.206,410.98645,215.54027,2090.9224,410.52985,99.25435,1908.7797,550.2708,424.84918,2094.2507,598.22174,-570.9323,1908.9916,810.50116,670.6519,2105.1104,889.0409,-600.185,1955.9816,1030.0543,833.7666,2134.8076,1123.6152,-297.8679,1971.802,1050.1765,903.868,2126.5652,1199.5598,-360.53848,1981.8396,1047.1627,815.874,2139.8594,1198.5865,-343.27963,1988.1456,1034.7875,804.3889,2142.034,1171.7937,-288.81653,1822.0259,1018.9134,369.24655,1915.0991,1053.423,-369.39313,2083.2734,1051.2799,1127.22,1798.685,1439.979,-410.60657,2085.668,1377.8333,1576.2618,1428.5463,1576.1132,-353.83804,2041.7466,1457.3118,1608.4823,1338.9752,1572.5057,-344.98886,2221.7383,1411.9656,1628.6738,1499.1396,1722.3545,-470.2078
IMG_5539.JPG,2051.568,85.847595,446.80084,2022.0232,46.482372,341.3443,2003.5514,45.49864,340.5601,1985.4254,44.814022,340.446,2068.9893,51.69584,310.55466,2084.7568,54.247902,309.42288,2099.2615,56.044006,309.03137,1948.7224,77.08311,-29.58746,2111.728,90.87595,-180.18279,2023.8063,132.62695,347.24298,2078.1814,130.6219,298.12732,1781.0933,361.89212,47.76123,2194.7932,393.29178,-478.00595,1726.0732,699.74097,513.692,2234.1758,794.00635,-331.20065,1832.4894,845.7564,1172.8708,2318.7773,1127.4285,18.888317,1825.9757,913.24066,1275.9347,2313.657,1213.4507,-25.198704,1868.2894,903.6978,1206.1921,2320.376,1215.4194,-42.310062,1878.6636,896.87573,1165.2596,2317.6099,1188.0254,14.699433,1817.6077,1013.7999,234.57864,2028.0085,1053.012,-235.43054,1961.8629,1152.378,1537.9102,1894.2908,1546.7799,149.28206,2033.6917,1401.2625,2279.169,1493.7217,1843.558,192.21431,2020.7435,1478.9523,2346.9102,1398.4083,1875.7831,199.47937,2222.0168,1374.1178,2492.938,1627.84,1964.7909,78.84135
IMG_5540.JPG,1825.7612,373.77768,-1552.0084,1819.6481,317.01425,-1432.7501,1830.0837,314.31708,-1434.2446,1840.2322,313.19485,-1434.3864,1779.1272,320.74667,-1520.0985,1762.1017,322.36975,-1521.348,1739.3875,324.63712,-1522.0215,1792.9963,330.77,-834.4691,1655.3176,350.54895,-1211.7699,1830.0409,425.11194,-1317.2048,1780.1162,428.65958,-1434.8395,1851.8417,567.51044,-365.7699,1453.9725,702.5507,-1072.025,1929.3004,883.59283,-54.072212,1368.4279,1110.0303,-1149.3439,2076.8755,1124.382,-289.2462,1313.4055,1468.4058,-1262.0225,2113.4595,1205.1799,-329.26193,1285.0282,1548.4855,-1379.3019,2123.3713,1209.1401,-480.47638,1323.5596,1561.6769,-1469.5142,2104.1445,1192.0425,-353.5935,1334.9373,1533.1763,-1303.304,1774.0013,1226.01,198.5127,1514.3645,1291.0394,-199.54578,2094.9053,1539.8794,-1070.7328,1436.3021,1664.4828,-453.0903,2023.8649,1926.7488,-303.53983,1241.468,1571.1107,1395.2751,1957.9164,1950.1216,-236.69652,1215.8586,1535.2595,1585.967,2085.6519,2151.744,-548.8268,1235.1864,1746.3303,1541.1355
IMG_5542.JPG,1492.2253,350.48795,-1429.3085,1488.8467,300.00214,-1317.0168,1501.5425,299.1165,-1318.2788,1509.5739,297.2257,-1318.4017,1444.1636,299.90942,-1393.8262,1423.6344,298.9368,-1394.9106,1404.9114,300.43814,-1395.4076,1479.1384,318.53513,-758.1015,1344.0725,331.97424,-1083.6998,1501.4608,397.61716,-1211.7714,1454.9104,400.54938,-1314.0411,1545.1787,552.5583,-315.8952,1160.0358,634.3196,-1025.8346,1631.7358,849.6587,-217.52628,1083.9441,1002.74927,-1197.0236,1796.3705,1073.6039,-654.4535,1094.2174,1360.5145,-1353.8151,1834.3744,1160.1134,-734.7651,1075.873,1459.4246,-1488.4183,1837.541,1160.1526,-866.0738,1135.957,1449.2295,-1547.135,1813.4751,1134.687,-717.5522,1143.6042,1413.5085,-1383.0812,1443.8467,1151.7759,184.77928,1204.6576,1202.5663,-185.84302,1741.0325,1397.6726,-1197.4612,1166.9456,1594.3566,-220.38214,1734.1688,1799.2606,-549.4599,1015.6113,1480.1438,1477.8291,1662.8905,1850.9069,-493.43576,985.40594,1447.1425,1653.4989,1858.3013,1988.9169,-799.20197,1007.94293,1647.6665,1604.5952
IMG_5544.JPG,1882.3126,405.67868,-1786.7352,1896.9923,350.83804,-1720.9473,1905.1853,347.6581,-1721.8629,1913.7166,344.24756,-1722.1649,1863.6101,349.8193,-1794.4065,1847.6896,346.38406,-1795.474,1832.8638,343.1402,-1796.1084,1866.9928,338.85208,-1253.7207,1738.282,332.22778,-1574.6514,1872.8727,452.6487,-1592.7992,1825.9205,452.21173,-1691.2366,1901.0522,541.53735,-807.1801,1454.3553,583.31177,-1373.3286,1919.9652,864.8413,-569.80426,1335.1968,1001.53314,-1485.1677,1992.8434,1123.245,-643.0089,1300.0308,1345.2374,-1681.0535,1989.2628,1206.3997,-687.7776,1251.7485,1452.202,-1816.1484,2003.5546,1208.7122,-811.6596,1308.0868,1450.0042,-1890.7882,1994.3087,1184.6018,-695.4688,1337.191,1416.6625,-1716.7386,1734.8075,1048.9083,100.14412,1498.251,1074.1243,-101.14601,1979.0143,1223.5518,-875.8585,1362.6718,1513.4995,-209.42955,1907.7786,1684.0952,-249.59683,1216.9697,1277.9927,1192.8698,1849.7478,1737.6915,-192.92195,1209.1432,1224.556,1341.7925,1990.6564,1931.9486,-441.7308,1146.617,1430.0532,1295.846
IMG_5545.JPG,2141.9368,321.7007,-478.00537,2123.3628,296.5968,-440.2746,2120.6936,295.031,-440.91394,2117.4463,293.47125,-440.81793,2120.8782,298.86722,-532.85767,2116.9058,299.46735,-533.5054,2111.0293,299.96277,-533.8405,2075.2393,308.84198,-246.83313,2068.8335,312.19763,-671.0745,2131.7659,348.13837,-396.51212,2126.9614,348.72263,-522.6253,2065.4338,459.89743,20.143929,1988.6156,485.98163,-822.21716,2080.03,688.9234,160.40785,1973.1396,738.3685,-922.0148,2152.519,865.49164,58.12151,2001.6376,952.22034,-860.37933,2169.2712,915.52856,63.023735,1993.0559,1010.65326,-940.6515,2179.6116,918.003,-22.406536,2026.2363,1008.66254,-954.58234,2168.9238,901.32056,21.023293,2033.8009,993.5608,-864.86774,2075.9692,837.3094,250.31476,1989.4158,875.8242,-250.64954,2311.26,869.16284,485.59387,1888.826,1123.4923,-443.38394,2257.7136,1143.9008,643.88983,1612.2244,1055.7347,160.1398,2209.412,1192.7535,647.34106,1562.9655,1037.4814,227.91309,2388.8652,1225.8276,550.66315,1642.5566,1164.7556,222.16919
IMG_5548 copy 2.JPG,1865.944,240.5872,-228.12283,1847.5753,206.29076,-216.14449,1842.6101,206.72612,-216.61731,1836.7278,207.14455,-216.55908,1850.8126,207.09268,-314.7637,1848.9067,208.29652,-315.37073,1846.5875,209.31206,-315.64694,1798.7811,229.54115,-112.05873,1817.2708,231.7391,-567.8491,1858.5585,275.2845,-171.99689,1858.6346,278.60544,-308.01373,1661.1993,427.44128,192.43373,1855.1143,454.4015,-834.0602,1678.0931,696.20715,335.1115,1883.5667,757.3053,-827.9317,1793.801,941.26117,357.99222,1963.1868,970.16077,-484.25183,1810.5304,958.5066,404.0741,1967.483,1035.2853,-547.34894,1829.9587,960.34033,309.6449,1983.572,1029.5176,-523.9053,1832.0725,955.5853,322.34317,1979.6415,1001.5547,-471.7056,1739.5072,873.2585,365.1101,1776.6007,914.35077,-365.36777,2001.6967,835.0403,1033.2941,1702.3826,1260.4862,-579.6321,1957.4359,1169.2769,1375.6107,1346.3519,1328.0503,-445.63416,1910.8119,1231.3002,1399.403,1251.0756,1311.7722,-419.30075,2096.0806,1204.3596,1432.3914,1377.4485,1466.9497,-439.7513
IMG_5548 copy 3.JPG,1865.944,240.5872,-228.12283,1847.5753,206.29076,-216.14449,1842.6101,206.72612,-216.61731,1836.7278,207.14455,-216.55908,1850.8126,207.09268,-314.7637,1848.9067,208.29652,-315.37073,1846.5875,209.31206,-315.64694,1798.7811,229.54115,-112.05873,1817.2708,231.7391,-567.8491,1858.5585,275.2845,-171.99689,1858.6346,278.60544,-308.01373,1661.1993,427.44128,192.43373,1855.1143,454.4015,-834.0602,1678.0931,696.20715,335.1115,1883.5667,757.3053,-827.9317,1793.801,941.26117,357.99222,1963.1868,970.16077,-484.25183,1810.5304,958.5066,404.0741,1967.483,1035.2853,-547.34894,1829.9587,960.34033,309.6449,1983.572,1029.5176,-523.9053,1832.0725,955.5853,322.34317,1979.6415,1001.5547,-471.7056,1739.5072,873.2585,365.1101,1776.6007,914.35077,-365.36777,2001.6967,835.0403,1033.2941,1702.3826,1260.4862,-579.6321,1957.4359,1169.2769,1375.6107,1346.3519,1328.0503,-445.63416,1910.8119,1231.3002,1399.403,1251.0756,1311.7722,-419.30075,2096.0806,1204.3596,1432.3914,1377.4485,1466.9497,-439.7513
IMG_5548 copy 4.JPG,1865.944,240.5872,-228.12283,1847.5753,206.29076,-216.14449,1842.6101,206.72612,-216.61731,1836.7278,207.14455,-216.55908,1850.8126,207.09268,-314.7637,1848.9067,208.29652,-315.37073,1846.5875,209.31206,-315.64694,1798.7811,229.54115,-112.05873,1817.2708,231.7391,-567.8491,1858.5585,275.2845,-171.99689,1858.6346,278.60544,-308.01373,1661.1993,427.44128,192.43373,1855.1143,454.4015,-834.0602,1678.0931,696.20715,335.1115,1883.5667,757.3053,-827.9317,1793.801,941.26117,357.99222,1963.1868,970.16077,-484.25183,1810.5304,958.5066,404.0741,1967.483,1035.2853,-547.34894,1829.9587,960.34033,309.6449,1983.572,1029.5176,-523.9053,1832.0725,955.5853,322.34317,1979.6415,1001.5547,-471.7056,1739.5072,873.2585,365.1101,1776.6007,914.35077,-365.36777,2001.6967,835.0403,1033.2941,1702.3826,1260.4862,-579.6321,1957.4359,1169.2769,1375.6107,1346.3519,1328.0503,-445.63416,1910.8119,1231.3002,1399.403,1251.0756,1311.7722,-419.30075,2096.0806,1204.3596,1432.3914,1377.4485,1466.9497,-439.7513
IMG_5548 copy 5.JPG,1865.944,240.5872,-228.12283,1847.5753,206.29076,-216.14449,1842.6101,206.72612,-216.61731,1836.7278,207.14455,-216.55908,1850.8126,207.09268,-314.7637,1848.9067,208.29652,-315.37073,1846.5875,209.31206,-315.64694,1798.7811,229.54115,-112.05873,1817.2708,231.7391,-567.8491,1858.5585,275.2845,-171.99689,1858.6346,278.60544,-308.01373,1661.1993,427.44128,192.43373,1855.1143,454.4015,-834.0602,1678.0931,696.20715,335.1115,1883.5667,757.3053,-827.9317,1793.801,941.26117,357.99222,1963.1868,970.16077,-484.25183,1810.5304,958.5066,404.0741,1967.483,1035.2853,-547.34894,1829.9587,960.34033,309.6449,1983.572,1029.5176,-523.9053,1832.0725,955.5853,322.34317,1979.6415,1001.5547,-471.7056,1739.5072,873.2585,365.1101,1776.6007,914.35077,-365.36777,2001.6967,835.0403,1033.2941,1702.3826,1260.4862,-579.6321,1957.4359,1169.2769,1375.6107,1346.3519,1328.0503,-445.63416,1910.8119,1231.3002,1399.403,1251.0756,1311.7722,-419.30075,2096.0806,1204.3596,1432.3914,1377.4485,1466.9497,-439.7513
IMG_5548 copy.JPG,1865.944,240.5872,-228.12283,1847.5753,206.29076,-216.14449,1842.6101,206.72612,-216.61731,1836.7278,207.14455,-216.55908,1850.8126,207.09268,-314.7637,1848.9067,208.29652,-315.37073,1846.5875,209.31206,-315.64694,1798.7811,229.54115,-112.05873,1817.2708,231.7391,-567.8491,1858.5585,275.2845,-171.99689,1858.6346,278.60544,-308.01373,1661.1993,427.44128,192.43373,1855.1143,454.4015,-834.0602,1678.0931,696.20715,335.1115,1883.5667,757.3053,-827.9317,1793.801,941.26117,357.99222,1963.1868,970.16077,-484.25183,1810.5304,958.5066,404.0741,1967.483,1035.2853,-547.34894,1829.9587,960.34033,309.6449,1983.572,1029.5176,-523.9053,1832.0725,955.5853,322.34317,1979.6415,1001.5547,-471.7056,1739.5072,873.2585,365.1101,1776.6007,914.35077,-365.36777,2001.6967,835.0403,1033.2941,1702.3826,1260.4862,-579.6321,1957.4359,1169.2769,1375.6107,1346.3519,1328.0503,-445.63416,1910.8119,1231.3002,1399.403,1251.0756,1311.7722,-419.30075,2096.0806,1204.3596,1432.3914,1377.4485,1466.9497,-439.7513
IMG_5548.JPG,1865.944,240.5872,-228.12283,1847.5753,206.29076,-216.14449,1842.6101,206.72612,-216.61731,1836.7278,207.14455,-216.55908,1850.8126,207.09268,-314.7637,1848.9067,208.29652,-315.37073,1846.5875,209.31206,-315.64694,1798.7811,229.54115,-112.05873,1817.2708,231.7391,-567.8491,1858.5585,275.2845,-171.99689,1858.6346,278.60544,-308.01373,1661.1993,427.44128,192.43373,1855.1143,454.4015,-834.0602,1678.0931,696.20715,335.1115,1883.5667,757.3053,-827.9317,1793.801,941.26117,357.99222,1963.1868,970.16077,-484.25183,1810.5304,958.5066,404.0741,1967.483,1035.2853,-547.34894,1829.9587,960.34033,309.6449,1983.572,1029.5176,-523.9053,1832.0725,955.5853,322.34317,1979.6415,1001.5547,-471.7056,1739.5072,873.2585,365.1101,1776.6007,914.35077,-365.36777,2001.6967,835.0403,1033.2941,1702.3826,1260.4862,-579.6321,1957.4359,1169.2769,1375.6107,1346.3519,1328.0503,-445.63416,1910.8119,1231.3002,1399.403,1251.0756,1311.7722,-419.30075,2096.0806,1204.3596,1432.3914,1377.4485,1466.9497,-439.7513
IMG_5549 copy 2.JPG,1886.3384,192.57385,-294.63556,1867.0553,153.50189,-323.81754,1856.3652,152.03494,-324.60977,1843.388,149.45125,-324.63306,1877.041,155.32266,-406.771,1876.1788,155.64934,-407.5058,1875.5343,155.2463,-407.8788,1797.1791,166.9289,-353.77966,1852.1892,171.74028,-737.0212,1869.3549,228.04965,-277.12863,1878.1783,226.94861,-393.203,1601.876,406.25674,-104.511116,1919.5084,425.31268,-928.26843,1612.2334,693.23096,129.90074,1959.7992,785.6331,-831.84644,1717.0857,944.46844,302.62256,2032.1075,1045.2632,-492.56738,1727.3472,1000.3507,342.76556,2043.0952,1126.8096,-562.79736,1734.9291,1019.41345,237.85503,2053.7146,1127.7903,-553.52594,1741.2903,1011.5905,268.0018,2044.3461,1100.7908,-487.3036,1720.2035,923.2981,321.7207,1807.8147,965.98206,-322.1355,1964.6755,978.1814,1329.0144,1738.1534,1350.35,-209.56482,1925.8965,1246.0953,1969.6805,1386.5942,1497.8822,14.485985,1875.745,1311.4852,2023.9755,1285.7771,1483.0669,47.05013,2051.0142,1264.2695,2086.7378,1406.0563,1673.8856,-1.7549043
IMG_5549 copy 3.JPG,1886.3384,192.57385,-294.63556,1867.0553,153.50189,-323.81754,1856.3652,152.03494,-324.60977,1843.388,149.45125,-324.63306,1877.041,155.32266,-406.771,1876.1788,155.64934,-407.5058,1875.5343,155.2463,-407.8788,1797.1791,166.9289,-353.77966,1852.1892,171.74028,-737.0212,1869.3549,228.04965,-277.12863,1878.1783,226.94861,-393.203,1601.876,406.25674,-104.511116,1919.5084,425.31268,-928.26843,1612.2334,693.23096,129.90074,1959.7992,785.6331,-831.84644,1717.0857,944.46844,302.62256,2032.1075,1045.2632,-492.56738,1727.3472,1000.3507,342.76556,2043.0952,1126.8096,-562.79736,1734.9291,1019.41345,237.85503,2053.7146,1127.7903,-553.52594,1741.2903,1011.5905,268.0018,2044.3461,1100.7908,-487.3036,1720.2035,923.2981,321.7207,1807.8147,965.98206,-322.1355,1964.6755,978.1814,1329.0144,1738.1534,1350.35,-209.56482,1925.8965,1246.0953,1969.6805,1386.5942,1497.8822,14.485985,1875.745,1311.4852,2023.9755,1285.7771,1483.0669,47.05013,2051.0142,1264.2695,2086.7378,1406.0563,1673.8856,-1.7549043
IMG_5549 copy 4.JPG,1886.3384,192.57385,-294.63556,1867.0553,153.50189,-323.81754,1856.3652,152.03494,-324.60977,1843.388,149.45125,-324.63306,1877.041,155.32266,-406.771,1876.1788,155.64934,-407.5058,1875.5343,155.2463,-407.8788,1797.1791,166.9289,-353.77966,1852.1892,171.74028,-737.0212,1869.3549,228.04965,-277.12863,1878.1783,226.94861,-393.203,1601.876,406.25674,-104.511116,1919.5084,425.31268,-928.26843,1612.2334,693.23096,129.90074,1959.7992,785.6331,-831.84644,1717.0857,944.46844,302.62256,2032.1075,1045.2632,-492.56738,1727.3472,1000.3507,342.76556,2043.0952,1126.8096,-562.79736,1734.9291,1019.41345,237.85503,2053.7146,1127.7903,-553.52594,1741.2903,1011.5905,268.0018,2044.3461,1100.7908,-487.3036,1720.2035,923.2981,321.7207,1807.8147,965.98206,-322.1355,1964.6755,978.1814,1329.0144,1738.1534,1350.35,-209.56482,1925.8965,1246.0953,1969.6805,1386.5942,1497.8822,14.485985,1875.745,1311.4852,2023.9755,1285.7771,1483.0669,47.05013,2051.0142,1264.2695,2086.7378,1406.0563,1673.8856,-1.7549043
IMG_5549 copy 5.JPG,1886.3384,192.57385,-294.63556,1867.0553,153.50189,-323.81754,1856.3652,152.03494,-324.60977,1843.388,149.45125,-324.63306,1877.041,155.32266,-406.771,1876.1788,155.64934,-407.5058,1875.5343,155.2463,-407.8788,1797.1791,166.9289,-353.77966,1852.1892,171.74028,-737.0212,1869.3549,228.04965,-277.12863,1878.1783,226.94861,-393.203,1601.876,406.25674,-104.511116,1919.5084,425.31268,-928.26843,1612.2334,693.23096,129.90074,1959.7992,785.6331,-831.84644,1717.0857,944.46844,302.62256,2032.1075,1045.2632,-492.56738,1727.3472,1000.3507,342.76556,2043.0952,1126.8096,-562.79736,1734.9291,1019.41345,237.85503,2053.7146,1127.7903,-553.52594,1741.2903,1011.5905,268.0018,2044.3461,1100.7908,-487.3036,1720.2035,923.2981,321.7207,1807.8147,965.98206,-322.1355,1964.6755,978.1814,1329.0144,1738.1534,1350.35,-209.56482,1925.8965,1246.0953,1969.6805,1386.5942,1497.8822,14.485985,1875.745,1311.4852,2023.9755,1285.7771,1483.0669,47.05013,2051.0142,1264.2695,2086.7378,1406.0563,1673.8856,-1.7549043
IMG_5549 copy.JPG,1886.3384,192.57385,-294.63556,1867.0553,153.50189,-323.81754,1856.3652,152.03494,-324.60977,1843.388,149.45125,-324.63306,1877.041,155.32266,-406.771,1876.1788,155.64934,-407.5058,1875.5343,155.2463,-407.8788,1797.1791,166.9289,-353.77966,1852.1892,171.74028,-737.0212,1869.3549,228.04965,-277.12863,1878.1783,226.94861,-393.203,1601.876,406.25674,-104.511116,1919.5084,425.31268,-928.26843,1612.2334,693.23096,129.90074,1959.7992,785.6331,-831.84644,1717.0857,944.46844,302.62256,2032.1075,1045.2632,-492.56738,1727.3472,1000.3507,342.76556,2043.0952,1126.8096,-562.79736,1734.9291,1019.41345,237.85503,2053.7146,1127.7903,-553.52594,1741.2903,1011.5905,268.0018,2044.3461,1100.7908,-487.3036,1720.2035,923.2981,321.7207,1807.8147,965.98206,-322.1355,1964.6755,978.1814,1329.0144,1738.1534,1350.35,-209.56482,1925.8965,1246.0953,1969.6805,1386.5942,1497.8822,14.485985,1875.745,1311.4852,2023.9755,1285.7771,1483.0669,47.05013,2051.0142,1264.2695,2086.7378,1406.0563,1673.8856,-1.7549043
IMG_5549.JPG,1886.3384,192.57385,-294.63556,1867.0553,153.50189,-323.81754,1856.3652,152.03494,-324.60977,1843.388,149.45125,-324.63306,1877.041,155.32266,-406.771,1876.1788,155.64934,-407.5058,1875.5343,155.2463,-407.8788,1797.1791,166.9289,-353.77966,1852.1892,171.74028,-737.0212,1869.3549,228.04965,-277.12863,1878.1783,226.94861,-393.203,1601.876,406.25674,-104.511116,1919.5084,425.31268,-928.26843,1612.2334,693.23096,129.90074,1959.7992,785.6331,-831.84644,1717.0857,944.46844,302.62256,2032.1075,1045.2632,-492.56738,1727.3472,1000.3507,342.76556,2043.0952,1126.8096,-562.79736,1734.9291,1019.41345,237.85503,2053.7146,1127.7903,-553.52594,1741.2903,1011.5905,268.0018,2044.3461,1100.7908,-487.3036,1720.2035,923.2981,321.7207,1807.8147,965.98206,-322.1355,1964.6755,978.1814,1329.0144,1738.1534,1350.35,-209.56482,1925.8965,1246.0953,1969.6805,1386.5942,1497.8822,14.485985,1875.745,1311.4852,2023.9755,1285.7771,1483.0669,47.05013,2051.0142,1264.2695,2086.7378,1406.0563,1673.8856,-1.7549043
IMG_5553.JPG,1505.481,187.92297,-411.94525,1533.5295,146.57393,-524.7548,1538.7183,149.62456,-525.3644,1543.3801,152.58514,-525.1954,1539.3794,143.22249,-419.0304,1549.6333,144.7528,-420.19116,1561.8036,146.60533,-420.87927,1596.306,190.71756,-851.18506,1617.8092,184.14702,-382.80356,1525.6675,241.21689,-497.27768,1533.6768,242.0496,-369.3552,1608.8104,558.1804,-1098.2384,1814.3701,439.6788,-25.004517,1548.1716,1008.0276,-1153.3015,1800.0316,803.7475,257.63898,1455.7255,1314.0441,-891.10034,1630.155,1060.0219,475.44754,1418.0908,1414.6787,-952.143,1588.3297,1107.4883,506.03177,1404.2672,1417.6987,-956.53107,1584.5476,1100.5586,409.74835,1422.2267,1391.0275,-878.8453,1592.893,1104.8955,432.96817,1727.947,1139.1904,-341.98315,1859.7928,1107.9305,341.15375,1275.833,1105.085,717.96515,1968.7972,1501.0648,820.99835,1390.1096,1543.5068,1483.1204,2413.7258,1723.9072,976.6616,1448.8257,1629.0471,1554.3232,2572.1921,1642.0466,1001.7125,1214.2941,1551.6344,1628.6096,2403.44,1817.9095,989.83185
IMG_5556.JPG,1667.1035,356.92508,-1645.6129,1709.6829,315.47302,-1627.6783,1727.4043,315.1007,-1628.509,1744.0754,315.87125,-1628.604,1664.055,319.4561,-1571.0209,1654.4366,320.418,-1571.9927,1645.3357,320.90598,-1572.6259,1793.5593,334.11307,-1366.1752,1658.399,335.4516,-1104.328,1704.7654,404.40527,-1532.4386,1655.5137,399.5245,-1463.3289,1949.7089,602.75116,-1260.3693,1558.0836,580.91284,-674.2218,2001.9056,959.41345,-1277.3517,1533.8448,903.36993,-657.372,2013.8375,1264.1405,-1455.5819,1479.5123,1190.3209,-1019.7889,2030.4568,1351.9335,-1597.9089,1476.5839,1279.8284,-1128.8176,1988.1162,1357.6078,-1689.4713,1485.85,1280.9014,-1241.1042,1974.7657,1325.5852,-1492.223,1505.4531,1247.0009,-1079.5929,1883.4808,1081.7114,-218.78596,1683.6139,1090.4515,217.75038,1658.1204,1311.242,-1071.9794,1665.0969,1425.5674,452.32022,1687.152,1714.0525,-489.24805,1918.0083,1224.9933,1598.9475,1742.4042,1758.4409,-436.8689,1949.8594,1198.7281,1720.947,1571.3744,1907.6237,-836.3661,1961.3611,1306.5293,1595.4868
IMG_5557.JPG,1721.248,304.11823,-1558.7174,1766.2659,266.03525,-1540.735,1785.8796,265.16528,-1541.5995,1802.0452,265.20117,-1541.7053,1717.884,270.76514,-1482.1183,1707.116,271.4496,-1483.0815,1697.737,272.13727,-1483.6863,1847.3877,289.1249,-1288.5027,1707.7585,288.5813,-1018.005,1758.83,352.2761,-1449.5599,1705.7511,345.36902,-1378.0544,1999.8899,558.3022,-1197.9933,1605.3387,531.647,-598.1665,2038.6421,925.8864,-1217.2004,1575.6685,847.8515,-580.1374,2047.5604,1228.5638,-1397.6025,1516.2058,1136.05,-932.46655,2054.2263,1316.1251,-1538.6451,1508.9066,1221.0306,-1036.2335,2012.026,1313.9735,-1627.674,1513.9407,1225.2909,-1146.8787,2000.992,1282.2233,-1433.1042,1535.5469,1196.3346,-991.78357,1912.9565,1041.2607,-210.95653,1715.4176,1046.1804,209.9354,1693.719,1259.23,-1092.5748,1704.5618,1362.0206,432.66483,1721.499,1655.3693,-528.6762,1954.4412,1172.166,1501.2377,1773.877,1700.3629,-477.61386,1991.162,1139.1532,1614.6154,1611.6791,1854.479,-874.12164,2006.841,1233.1464,1479.3652
Screenshot_20230220_020327 copy 2.png,228.27592,270.10065,-169.46153,226.85309,262.81696,-150.51523,227.62875,262.75946,-150.66354,228.54031,262.613,-150.66934,222.83371,262.2079,-169.15887,220.04182,261.77795,-169.33931,217.19754,261.48346,-169.43907,218.12259,264.86972,-62.57105,203.32434,264.1036,-144.49281,226.19737,278.264,-135.24657,221.11751,277.41064,-160.0833,234.22305,317.8937,22.140182,167.99715,320.05988,-155.97083,235.93907,377.03363,68.82394,156.66971,390.3335,-162.18413,231.49947,418.83282,22.22343,159.67642,443.1219,-152.2956,231.03227,429.99863,15.956163,156.66373,456.8446,-172.28545,230.001,430.8945,-6.9556975,163.66867,458.01773,-180.69008,228.6319,428.1841,11.916182,165.92226,453.13086,-155.13866,213.17444,418.21436,47.252117,176.924,424.4707,-47.402885,255.48093,434.57724,-181.04639,168.75877,506.78644,-69.74064,244.93588,515.6062,-131.70683,131.10072,471.2993,171.92194,237.53336,526.9091,-129.61862,126.16796,462.54672,197.24693,269.1177,541.5518,-194.36737,121.25399,496.7961,180.46185
Screenshot_20230220_020327 copy 3.png,228.27592,270.10065,-169.46153,226.85309,262.81696,-150.51523,227.62875,262.75946,-150.66354,228.54031,262.613,-150.66934,222.83371,262.2079,-169.15887,220.04182,261.77795,-169.33931,217.19754,261.48346,-169.43907,218.12259,264.86972,-62.57105,203.32434,264.1036,-144.49281,226.19737,278.264,-135.24657,221.11751,277.41064,-160.0833,234.22305,317.8937,22.140182,167.99715,320.05988,-155.97083,235.93907,377.03363,68.82394,156.66971,390.3335,-162.18413,231.49947,418.83282,22.22343,159.67642,443.1219,-152.2956,231.03227,429.99863,15.956163,156.66373,456.8446,-172.28545,230.001,430.8945,-6.9556975,163.66867,458.01773,-180.69008,228.6319,428.1841,11.916182,165.92226,453.13086,-155.13866,213.17444,418.21436,47.252117,176.924,424.4707,-47.402885,255.48093,434.57724,-181.04639,168.75877,506.78644,-69.74064,244.93588,515.6062,-131.70683,131.10072,471.2993,171.92194,237.53336,526.9091,-129.61862,126.16796,462.54672,197.24693,269.1177,541.5518,-194.36737,121.25399,496.7961,180.46185
Screenshot_20230220_020327 copy 4.png,228.27592,270.10065,-169.46153,226.85309,262.81696,-150.51523,227.62875,262.75946,-150.66354,228.54031,262.613,-150.66934,222.83371,262.2079,-169.15887,220.04182,261.77795,-169.33931,217.19754,261.48346,-169.43907,218.12259,264.86972,-62.57105,203.32434,264.1036,-144.49281,226.19737,278.264,-135.24657,221.11751,277.41064,-160.0833,234.22305,317.8937,22.140182,167.99715,320.05988,-155.97083,235.93907,377.03363,68.82394,156.66971,390.3335,-162.18413,231.49947,418.83282,22.22343,159.67642,443.1219,-152.2956,231.03227,429.99863,15.956163,156.66373,456.8446,-172.28545,230.001,430.8945,-6.9556975,163.66867,458.01773,-180.69008,228.6319,428.1841,11.916182,165.92226,453.13086,-155.13866,213.17444,418.21436,47.252117,176.924,424.4707,-47.402885,255.48093,434.57724,-181.04639,168.75877,506.78644,-69.74064,244.93588,515.6062,-131.70683,131.10072,471.2993,171.92194,237.53336,526.9091,-129.61862,126.16796,462.54672,197.24693,269.1177,541.5518,-194.36737,121.25399,496.7961,180.46185
Screenshot_20230220_020327 copy 5.png,228.27592,270.10065,-169.46153,226.85309,262.81696,-150.51523,227.62875,262.75946,-150.66354,228.54031,262.613,-150.66934,222.83371,262.2079,-169.15887,220.04182,261.77795,-169.33931,217.19754,261.48346,-169.43907,218.12259,264.86972,-62.57105,203.32434,264.1036,-144.49281,226.19737,278.264,-135.24657,221.11751,277.41064,-160.0833,234.22305,317.8937,22.140182,167.99715,320.05988,-155.97083,235.93907,377.03363,68.82394,156.66971,390.3335,-162.18413,231.49947,418.83282,22.22343,159.67642,443.1219,-152.2956,231.03227,429.99863,15.956163,156.66373,456.8446,-172.28545,230.001,430.8945,-6.9556975,163.66867,458.01773,-180.69008,228.6319,428.1841,11.916182,165.92226,453.13086,-155.13866,213.17444,418.21436,47.252117,176.924,424.4707,-47.402885,255.48093,434.57724,-181.04639,168.75877,506.78644,-69.74064,244.93588,515.6062,-131.70683,131.10072,471.2993,171.92194,237.53336,526.9091,-129.61862,126.16796,462.54672,197.24693,269.1177,541.5518,-194.36737,121.25399,496.7961,180.46185
Screenshot_20230220_020327 copy.png,228.27592,270.10065,-169.46153,226.85309,262.81696,-150.51523,227.62875,262.75946,-150.66354,228.54031,262.613,-150.66934,222.83371,262.2079,-169.15887,220.04182,261.77795,-169.33931,217.19754,261.48346,-169.43907,218.12259,264.86972,-62.57105,203.32434,264.1036,-144.49281,226.19737,278.264,-135.24657,221.11751,277.41064,-160.0833,234.22305,317.8937,22.140182,167.99715,320.05988,-155.97083,235.93907,377.03363,68.82394,156.66971,390.3335,-162.18413,231.49947,418.83282,22.22343,159.67642,443.1219,-152.2956,231.03227,429.99863,15.956163,156.66373,456.8446,-172.28545,230.001,430.8945,-6.9556975,163.66867,458.01773,-180.69008,228.6319,428.1841,11.916182,165.92226,453.13086,-155.13866,213.17444,418.21436,47.252117,176.924,424.4707,-47.402885,255.48093,434.57724,-181.04639,168.75877,506.78644,-69.74064,244.93588,515.6062,-131.70683,131.10072,471.2993,171.92194,237.53336,526.9091,-129.61862,126.16796,462.54672,197.24693,269.1177,541.5518,-194.36737,121.25399,496.7961,180.46185
Screenshot_20230220_020327.png,228.27592,270.10065,-169.46153,226.85309,262.81696,-150.51523,227.62875,262.75946,-150.66354,228.54031,262.613,-150.66934,222.83371,262.2079,-169.15887,220.04182,261.77795,-169.33931,217.19754,261.48346,-169.43907,218.12259,264.86972,-62.57105,203.32434,264.1036,-144.49281,226.19737,278.264,-135.24657,221.11751,277.41064,-160.0833,234.22305,317.8937,22.140182,167.99715,320.05988,-155.97083,235.93907,377.03363,68.82394,156.66971,390.3335,-162.18413,231.49947,418.83282,22.22343,159.67642,443.1219,-152.2956,231.03227,429.99863,15.956163,156.66373,456.8446,-172.28545,230.001,430.8945,-6.9556975,163.66867,458.01773,-180.69008,228.6319,428.1841,11.916182,165.92226,453.13086,-155.13866,213.17444,418.21436,47.252117,176.924,424.4707,-47.402885,255.48093,434.57724,-181.04639,168.75877,506.78644,-69.74064,244.93588,515.6062,-131.70683,131.10072,471.2993,171.92194,237.53336,526.9091,-129.61862,126.16796,462.54672,197.24693,269.1177,541.5518,-194.36737,121.25399,496.7961,180.46185
Screenshot_20230220_020417 copy 2.png,257.77283,261.07837,-304.9215,257.35153,252.65742,-284.36078,259.225,252.54044,-284.5589,260.8927,252.48013,-284.57285,250.67775,253.08138,-302.75964,247.6948,253.64595,-302.96634,243.72896,254.27664,-303.07962,252.61111,257.15518,-177.9953,229.8997,259.22092,-259.40445,259.68295,269.86298,-263.59497,250.78752,270.99857,-288.3362,272.09485,311.56033,-68.704056,198.58958,317.14716,-258.09824,284.13516,372.05078,-32.152107,192.27454,394.50073,-275.9305,301.81482,420.76328,-96.74366,199.80931,459.8055,-287.2559,304.43085,434.97113,-106.636894,198.60793,478.59125,-314.4174,304.14966,435.48532,-135.26282,207.56775,476.92526,-324.21497,300.686,431.32144,-109.84247,209.18343,471.3358,-291.25165,252.19142,418.77548,51.630547,211.86052,429.03528,-51.804558,305.7046,447.242,-128.87584,186.93597,516.9926,-104.0929,281.32993,507.06372,-1.0396719,139.66602,478.3905,158.46887,270.63626,516.32996,8.929593,132.08968,464.9613,185.99284,309.31625,533.78516,-35.732662,131.03767,499.8627,177.92651
Screenshot_20230220_020417 copy 3.png,257.77283,261.07837,-304.9215,257.35153,252.65742,-284.36078,259.225,252.54044,-284.5589,260.8927,252.48013,-284.57285,250.67775,253.08138,-302.75964,247.6948,253.64595,-302.96634,243.72896,254.27664,-303.07962,252.61111,257.15518,-177.9953,229.8997,259.22092,-259.40445,259.68295,269.86298,-263.59497,250.78752,270.99857,-288.3362,272.09485,311.56033,-68.704056,198.58958,317.14716,-258.09824,284.13516,372.05078,-32.152107,192.27454,394.50073,-275.9305,301.81482,420.76328,-96.74366,199.80931,459.8055,-287.2559,304.43085,434.97113,-106.636894,198.60793,478.59125,-314.4174,304.14966,435.48532,-135.26282,207.56775,476.92526,-324.21497,300.686,431.32144,-109.84247,209.18343,471.3358,-291.25165,252.19142,418.77548,51.630547,211.86052,429.03528,-51.804558,305.7046,447.242,-128.87584,186.93597,516.9926,-104.0929,281.32993,507.06372,-1.0396719,139.66602,478.3905,158.46887,270.63626,516.32996,8.929593,132.08968,464.9613,185.99284,309.31625,533.78516,-35.732662,131.03767,499.8627,177.92651
Screenshot_20230220_020417 copy 4.png,257.77283,261.07837,-304.9215,257.35153,252.65742,-284.36078,259.225,252.54044,-284.5589,260.8927,252.48013,-284.57285,250.67775,253.08138,-302.75964,247.6948,253.64595,-302.96634,243.72896,254.27664,-303.07962,252.61111,257.15518,-177.9953,229.8997,259.22092,-259.40445,259.68295,269.86298,-263.59497,250.78752,270.99857,-288.3362,272.09485,311.56033,-68.704056,198.58958,317.14716,-258.09824,284.13516,372.05078,-32.152107,192.27454,394.50073,-275.9305,301.81482,420.76328,-96.74366,199.80931,459.8055,-287.2559,304.43085,434.97113,-106.636894,198.60793,478.59125,-314.4174,304.14966,435.48532,-135.26282,207.56775,476.92526,-324.21497,300.686,431.32144,-109.84247,209.18343,471.3358,-291.25165,252.19142,418.77548,51.630547,211.86052,429.03528,-51.804558,305.7046,447.242,-128.87584,186.93597,516.9926,-104.0929,281.32993,507.06372,-1.0396719,139.66602,478.3905,158.46887,270.63626,516.32996,8.929593,132.08968,464.9613,185.99284,309.31625,533.78516,-35.732662,131.03767,499.8627,177.92651
Screenshot_20230220_020417 copy 5.png,257.77283,261.07837,-304.9215,257.35153,252.65742,-284.36078,259.225,252.54044,-284.5589,260.8927,252.48013,-284.57285,250.67775,253.08138,-302.75964,247.6948,253.64595,-302.96634,243.72896,254.27664,-303.07962,252.61111,257.15518,-177.9953,229.8997,259.22092,-259.40445,259.68295,269.86298,-263.59497,250.78752,270.99857,-288.3362,272.09485,311.56033,-68.704056,198.58958,317.14716,-258.09824,284.13516,372.05078,-32.152107,192.27454,394.50073,-275.9305,301.81482,420.76328,-96.74366,199.80931,459.8055,-287.2559,304.43085,434.97113,-106.636894,198.60793,478.59125,-314.4174,304.14966,435.48532,-135.26282,207.56775,476.92526,-324.21497,300.686,431.32144,-109.84247,209.18343,471.3358,-291.25165,252.19142,418.77548,51.630547,211.86052,429.03528,-51.804558,305.7046,447.242,-128.87584,186.93597,516.9926,-104.0929,281.32993,507.06372,-1.0396719,139.66602,478.3905,158.46887,270.63626,516.32996,8.929593,132.08968,464.9613,185.99284,309.31625,533.78516,-35.732662,131.03767,499.8627,177.92651
Screenshot_20230220_020417 copy.png,257.77283,261.07837,-304.9215,257.35153,252.65742,-284.36078,259.225,252.54044,-284.5589,260.8927,252.48013,-284.57285,250.67775,253.08138,-302.75964,247.6948,253.64595,-302.96634,243.72896,254.27664,-303.07962,252.61111,257.15518,-177.9953,229.8997,259.22092,-259.40445,259.68295,269.86298,-263.59497,250.78752,270.99857,-288.3362,272.09485,311.56033,-68.704056,198.58958,317.14716,-258.09824,284.13516,372.05078,-32.152107,192.27454,394.50073,-275.9305,301.81482,420.76328,-96.74366,199.80931,459.8055,-287.2559,304.43085,434.97113,-106.636894,198.60793,478.59125,-314.4174,304.14966,435.48532,-135.26282,207.56775,476.92526,-324.21497,300.686,431.32144,-109.84247,209.18343,471.3358,-291.25165,252.19142,418.77548,51.630547,211.86052,429.03528,-51.804558,305.7046,447.242,-128.87584,186.93597,516.9926,-104.0929,281.32993,507.06372,-1.0396719,139.66602,478.3905,158.46887,270.63626,516.32996,8.929593,132.08968,464.9613,185.99284,309.31625,533.78516,-35.732662,131.03767,499.8627,177.92651
Screenshot_20230220_020417.png,257.77283,261.07837,-304.9215,257.35153,252.65742,-284.36078,259.225,252.54044,-284.5589,260.8927,252.48013,-284.57285,250.67775,253.08138,-302.75964,247.6948,253.64595,-302.96634,243.72896,254.27664,-303.07962,252.61111,257.15518,-177.9953,229.8997,259.22092,-259.40445,259.68295,269.86298,-263.59497,250.78752,270.99857,-288.3362,272.09485,311.56033,-68.704056,198.58958,317.14716,-258.09824,284.13516,372.05078,-32.152107,192.27454,394.50073,-275.9305,301.81482,420.76328,-96.74366,199.80931,459.8055,-287.2559,304.43085,434.97113,-106.636894,198.60793,478.59125,-314.4174,304.14966,435.48532,-135.26282,207.56775,476.92526,-324.21497,300.686,431.32144,-109.84247,209.18343,471.3358,-291.25165,252.19142,418.77548,51.630547,211.86052,429.03528,-51.804558,305.7046,447.242,-128.87584,186.93597,516.9926,-104.0929,281.32993,507.06372,-1.0396719,139.66602,478.3905,158.46887,270.63626,516.32996,8.929593,132.08968,464.9613,185.99284,309.31625,533.78516,-35.732662,131.03767,499.8627,177.92651
Screenshot_20230220_020445 copy 2.png,253.18369,273.4413,-275.56747,253.07674,265.35764,-255.17363,254.72119,265.30194,-255.3668,256.30588,265.35547,-255.37837,247.14984,265.33612,-273.93945,244.52054,265.70023,-274.14578,240.84085,266.11682,-274.2476,248.20142,269.5043,-151.00075,226.6158,270.95764,-234.2193,255.10123,281.84097,-235.16595,246.35028,282.21658,-260.40524,265.70212,324.48727,-44.9806,193.80246,329.18814,-238.03172,277.47137,385.66727,-10.055448,186.75569,405.45428,-261.3905,296.39255,434.6813,-77.58911,193.86145,469.39474,-283.23932,301.27692,448.84705,-88.01565,190.80159,488.68533,-311.84586,301.45813,450.23248,-116.79964,201.65068,488.23682,-322.66263,297.37845,446.56857,-90.92374,203.64267,482.31912,-287.93085,246.38463,435.52075,53.803566,206.39424,445.87643,-53.992455,303.72446,458.2115,-120.8739,179.53278,531.07086,-98.92448,274.81717,523.1807,-18.915281,122.18801,494.40408,156.84381,262.15604,533.4886,-11.812272,116.62889,481.19275,183.64482,304.7788,548.29034,-60.80514,113.81023,513.2301,173.40971
Screenshot_20230220_020445 copy 3.png,253.18369,273.4413,-275.56747,253.07674,265.35764,-255.17363,254.72119,265.30194,-255.3668,256.30588,265.35547,-255.37837,247.14984,265.33612,-273.93945,244.52054,265.70023,-274.14578,240.84085,266.11682,-274.2476,248.20142,269.5043,-151.00075,226.6158,270.95764,-234.2193,255.10123,281.84097,-235.16595,246.35028,282.21658,-260.40524,265.70212,324.48727,-44.9806,193.80246,329.18814,-238.03172,277.47137,385.66727,-10.055448,186.75569,405.45428,-261.3905,296.39255,434.6813,-77.58911,193.86145,469.39474,-283.23932,301.27692,448.84705,-88.01565,190.80159,488.68533,-311.84586,301.45813,450.23248,-116.79964,201.65068,488.23682,-322.66263,297.37845,446.56857,-90.92374,203.64267,482.31912,-287.93085,246.38463,435.52075,53.803566,206.39424,445.87643,-53.992455,303.72446,458.2115,-120.8739,179.53278,531.07086,-98.92448,274.81717,523.1807,-18.915281,122.18801,494.40408,156.84381,262.15604,533.4886,-11.812272,116.62889,481.19275,183.64482,304.7788,548.29034,-60.80514,113.81023,513.2301,173.40971
Screenshot_20230220_020445 copy 4.png,253.18369,273.4413,-275.56747,253.07674,265.35764,-255.17363,254.72119,265.30194,-255.3668,256.30588,265.35547,-255.37837,247.14984,265.33612,-273.93945,244.52054,265.70023,-274.14578,240.84085,266.11682,-274.2476,248.20142,269.5043,-151.00075,226.6158,270.95764,-234.2193,255.10123,281.84097,-235.16595,246.35028,282.21658,-260.40524,265.70212,324.48727,-44.9806,193.80246,329.18814,-238.03172,277.47137,385.66727,-10.055448,186.75569,405.45428,-261.3905,296.39255,434.6813,-77.58911,193.86145,469.39474,-283.23932,301.27692,448.84705,-88.01565,190.80159,488.68533,-311.84586,301.45813,450.23248,-116.79964,201.65068,488.23682,-322.66263,297.37845,446.56857,-90.92374,203.64267,482.31912,-287.93085,246.38463,435.52075,53.803566,206.39424,445.87643,-53.992455,303.72446,458.2115,-120.8739,179.53278,531.07086,-98.92448,274.81717,523.1807,-18.915281,122.18801,494.40408,156.84381,262.15604,533.4886,-11.812272,116.62889,481.19275,183.64482,304.7788,548.29034,-60.80514,113.81023,513.2301,173.40971
Screenshot_20230220_020445 copy 5.png,253.18369,273.4413,-275.56747,253.07674,265.35764,-255.17363,254.72119,265.30194,-255.3668,256.30588,265.35547,-255.37837,247.14984,265.33612,-273.93945,244.52054,265.70023,-274.14578,240.84085,266.11682,-274.2476,248.20142,269.5043,-151.00075,226.6158,270.95764,-234.2193,255.10123,281.84097,-235.16595,246.35028,282.21658,-260.40524,265.70212,324.48727,-44.9806,193.80246,329.18814,-238.03172,277.47137,385.66727,-10.055448,186.75569,405.45428,-261.3905,296.39255,434.6813,-77.58911,193.86145,469.39474,-283.23932,301.27692,448.84705,-88.01565,190.80159,488.68533,-311.84586,301.45813,450.23248,-116.79964,201.65068,488.23682,-322.66263,297.37845,446.56857,-90.92374,203.64267,482.31912,-287.93085,246.38463,435.52075,53.803566,206.39424,445.87643,-53.992455,303.72446,458.2115,-120.8739,179.53278,531.07086,-98.92448,274.81717,523.1807,-18.915281,122.18801,494.40408,156.84381,262.15604,533.4886,-11.812272,116.62889,481.19275,183.64482,304.7788,548.29034,-60.80514,113.81023,513.2301,173.40971
Screenshot_20230220_020445 copy.png,253.18369,273.4413,-275.56747,253.07674,265.35764,-255.17363,254.72119,265.30194,-255.3668,256.30588,265.35547,-255.37837,247.14984,265.33612,-273.93945,244.52054,265.70023,-274.14578,240.84085,266.11682,-274.2476,248.20142,269.5043,-151.00075,226.6158,270.95764,-234.2193,255.10123,281.84097,-235.16595,246.35028,282.21658,-260.40524,265.70212,324.48727,-44.9806,193.80246,329.18814,-238.03172,277.47137,385.66727,-10.055448,186.75569,405.45428,-261.3905,296.39255,434.6813,-77.58911,193.86145,469.39474,-283.23932,301.27692,448.84705,-88.01565,190.80159,488.68533,-311.84586,301.45813,450.23248,-116.79964,201.65068,488.23682,-322.66263,297.37845,446.56857,-90.92374,203.64267,482.31912,-287.93085,246.38463,435.52075,53.803566,206.39424,445.87643,-53.992455,303.72446,458.2115,-120.8739,179.53278,531.07086,-98.92448,274.81717,523.1807,-18.915281,122.18801,494.40408,156.84381,262.15604,533.4886,-11.812272,116.62889,481.19275,183.64482,304.7788,548.29034,-60.80514,113.81023,513.2301,173.40971
Screenshot_20230220_020445.png,253.18369,273.4413,-275.56747,253.07674,265.35764,-255.17363,254.72119,265.30194,-255.3668,256.30588,265.35547,-255.37837,247.14984,265.33612,-273.93945,244.52054,265.70023,-274.14578,240.84085,266.11682,-274.2476,248.20142,269.5043,-151.00075,226.6158,270.95764,-234.2193,255.10123,281.84097,-235.16595,246.35028,282.21658,-260.40524,265.70212,324.48727,-44.9806,193.80246,329.18814,-238.03172,277.47137,385.66727,-10.055448,186.75569,405.45428,-261.3905,296.39255,434.6813,-77.58911,193.86145,469.39474,-283.23932,301.27692,448.84705,-88.01565,190.80159,488.68533,-311.84586,301.45813,450.23248,-116.79964,201.65068,488.23682,-322.66263,297.37845,446.56857,-90.92374,203.64267,482.31912,-287.93085,246.38463,435.52075,53.803566,206.39424,445.87643,-53.992455,303.72446,458.2115,-120.8739,179.53278,531.07086,-98.92448,274.81717,523.1807,-18.915281,122.18801,494.40408,156.84381,262.15604,533.4886,-11.812272,116.62889,481.19275,183.64482,304.7788,548.29034,-60.80514,113.81023,513.2301,173.40971
Screenshot_20230220_020538 copy 2.png,245.0351,262.17865,-216.78189,246.91476,253.72119,-195.8212,248.84433,253.7727,-195.97589,250.65997,253.76596,-195.95975,239.88132,253.16641,-210.41045,237.0207,252.57846,-210.61119,233.2743,251.87813,-210.72275,245.24242,256.27628,-93.128456,222.32915,252.9559,-157.01778,245.6278,269.14136,-177.23724,238.04633,268.4743,-196.86058,259.95258,306.19937,9.812613,191.79463,303.11758,-160.92828,267.5394,367.30652,61.987328,176.23343,365.0422,-177.60844,277.34708,416.127,14.185041,178.4413,421.9774,-199.80547,277.72238,428.42065,8.589779,175.05331,439.6108,-224.79427,277.6934,428.95462,-19.810774,185.1927,438.91827,-235.11012,275.92133,426.48688,1.84847,188.04112,433.93143,-204.25658,232.48259,406.62494,45.62796,195.67294,411.3351,-45.819145,280.05786,436.89047,-176.93678,178.47704,494.0435,-85.21942,270.53317,514.63,-102.05657,133.68732,462.45227,165.46361,263.195,524.7901,-98.20372,126.36169,455.8286,191.30403,292.4464,543.2861,-165.39738,130.53181,489.0422,171.04594
Screenshot_20230220_020538 copy 3.png,245.0351,262.17865,-216.78189,246.91476,253.72119,-195.8212,248.84433,253.7727,-195.97589,250.65997,253.76596,-195.95975,239.88132,253.16641,-210.41045,237.0207,252.57846,-210.61119,233.2743,251.87813,-210.72275,245.24242,256.27628,-93.128456,222.32915,252.9559,-157.01778,245.6278,269.14136,-177.23724,238.04633,268.4743,-196.86058,259.95258,306.19937,9.812613,191.79463,303.11758,-160.92828,267.5394,367.30652,61.987328,176.23343,365.0422,-177.60844,277.34708,416.127,14.185041,178.4413,421.9774,-199.80547,277.72238,428.42065,8.589779,175.05331,439.6108,-224.79427,277.6934,428.95462,-19.810774,185.1927,438.91827,-235.11012,275.92133,426.48688,1.84847,188.04112,433.93143,-204.25658,232.48259,406.62494,45.62796,195.67294,411.3351,-45.819145,280.05786,436.89047,-176.93678,178.47704,494.0435,-85.21942,270.53317,514.63,-102.05657,133.68732,462.45227,165.46361,263.195,524.7901,-98.20372,126.36169,455.8286,191.30403,292.4464,543.2861,-165.39738,130.53181,489.0422,171.04594
Screenshot_20230220_020538 copy 4.png,245.0351,262.17865,-216.78189,246.91476,253.72119,-195.8212,248.84433,253.7727,-195.97589,250.65997,253.76596,-195.95975,239.88132,253.16641,-210.41045,237.0207,252.57846,-210.61119,233.2743,251.87813,-210.72275,245.24242,256.27628,-93.128456,222.32915,252.9559,-157.01778,245.6278,269.14136,-177.23724,238.04633,268.4743,-196.86058,259.95258,306.19937,9.812613,191.79463,303.11758,-160.92828,267.5394,367.30652,61.987328,176.23343,365.0422,-177.60844,277.34708,416.127,14.185041,178.4413,421.9774,-199.80547,277.72238,428.42065,8.589779,175.05331,439.6108,-224.79427,277.6934,428.95462,-19.810774,185.1927,438.91827,-235.11012,275.92133,426.48688,1.84847,188.04112,433.93143,-204.25658,232.48259,406.62494,45.62796,195.67294,411.3351,-45.819145,280.05786,436.89047,-176.93678,178.47704,494.0435,-85.21942,270.53317,514.63,-102.05657,133.68732,462.45227,165.46361,263.195,524.7901,-98.20372,126.36169,455.8286,191.30403,292.4464,543.2861,-165.39738,130.53181,489.0422,171.04594
Screenshot_20230220_020538 copy 5.png,245.0351,262.17865,-216.78189,246.91476,253.72119,-195.8212,248.84433,253.7727,-195.97589,250.65997,253.76596,-195.95975,239.88132,253.16641,-210.41045,237.0207,252.57846,-210.61119,233.2743,251.87813,-210.72275,245.24242,256.27628,-93.128456,222.32915,252.9559,-157.01778,245.6278,269.14136,-177.23724,238.04633,268.4743,-196.86058,259.95258,306.19937,9.812613,191.79463,303.11758,-160.92828,267.5394,367.30652,61.987328,176.23343,365.0422,-177.60844,277.34708,416.127,14.185041,178.4413,421.9774,-199.80547,277.72238,428.42065,8.589779,175.05331,439.6108,-224.79427,277.6934,428.95462,-19.810774,185.1927,438.91827,-235.11012,275.92133,426.48688,1.84847,188.04112,433.93143,-204.25658,232.48259,406.62494,45.62796,195.67294,411.3351,-45.819145,280.05786,436.89047,-176.93678,178.47704,494.0435,-85.21942,270.53317,514.63,-102.05657,133.68732,462.45227,165.46361,263.195,524.7901,-98.20372,126.36169,455.8286,191.30403,292.4464,543.2861,-165.39738,130.53181,489.0422,171.04594
Screenshot_20230220_020538 copy.png,245.0351,262.17865,-216.78189,246.91476,253.72119,-195.8212,248.84433,253.7727,-195.97589,250.65997,253.76596,-195.95975,239.88132,253.16641,-210.41045,237.0207,252.57846,-210.61119,233.2743,251.87813,-210.72275,245.24242,256.27628,-93.128456,222.32915,252.9559,-157.01778,245.6278,269.14136,-177.23724,238.04633,268.4743,-196.86058,259.95258,306.19937,9.812613,191.79463,303.11758,-160.92828,267.5394,367.30652,61.987328,176.23343,365.0422,-177.60844,277.34708,416.127,14.185041,178.4413,421.9774,-199.80547,277.72238,428.42065,8.589779,175.05331,439.6108,-224.79427,277.6934,428.95462,-19.810774,185.1927,438.91827,-235.11012,275.92133,426.48688,1.84847,188.04112,433.93143,-204.25658,232.48259,406.62494,45.62796,195.67294,411.3351,-45.819145,280.05786,436.89047,-176.93678,178.47704,494.0435,-85.21942,270.53317,514.63,-102.05657,133.68732,462.45227,165.46361,263.195,524.7901,-98.20372,126.36169,455.8286,191.30403,292.4464,543.2861,-165.39738,130.53181,489.0422,171.04594
Screenshot_20230220_020538.png,245.0351,262.17865,-216.78189,246.91476,253.72119,-195.8212,248.84433,253.7727,-195.97589,250.65997,253.76596,-195.95975,239.88132,253.16641,-210.41045,237.0207,252.57846,-210.61119,233.2743,251.87813,-210.72275,245.24242,256.27628,-93.128456,222.32915,252.9559,-157.01778,245.6278,269.14136,-177.23724,238.04633,268.4743,-196.86058,259.95258,306.19937,9.812613,191.79463,303.11758,-160.92828,267.5394,367.30652,61.987328,176.23343,365.0422,-177.60844,277.34708,416.127,14.185041,178.4413,421.9774,-199.80547,277.72238,428.42065,8.589779,175.05331,439.6108,-224.79427,277.6934,428.95462,-19.810774,185.1927,438.91827,-235.11012,275.92133,426.48688,1.84847,188.04112,433.93143,-204.25658,232.48259,406.62494,45.62796,195.67294,411.3351,-45.819145,280.05786,436.89047,-176.93678,178.47704,494.0435,-85.21942,270.53317,514.63,-102.05657,133.68732,462.45227,165.46361,263.195,524.7901,-98.20372,126.36169,455.8286,191.30403,292.4464,543.2861,-165.39738,130.53181,489.0422,171.04594
Screenshot_20230220_020606 copy 2.png,272.9857,284.35516,-177.64824,268.10025,273.6401,-172.96964,265.89725,273.264,-173.20502,263.43518,272.96133,-173.20839,268.31326,273.57843,-196.64159,266.5028,273.2468,-196.85756,264.19244,272.89392,-196.96481,247.00847,275.6462,-135.45418,248.05176,275.65964,-242.87157,266.45084,293.98322,-159.02129,266.4291,294.0951,-191.57039,232.86894,339.67313,-58.628387,229.42998,347.37192,-279.9257,217.58653,424.91037,-43.261124,215.57237,441.90335,-282.07037,225.63628,499.41367,-75.1098,225.08276,517.5915,-222.70273,225.82628,514.34814,-79.14216,228.42526,537.93695,-245.5312,229.73618,514.78784,-101.56648,236.46205,537.19006,-246.52791,229.31046,510.66257,-84.563194,235.0653,529.4516,-222.7155,227.48856,464.6006,79.33848,205.71822,480.72174,-79.387314,319.14035,472.68408,260.84702,222.19803,594.13324,-111.85351,298.56265,563.92737,357.67227,109.25582,569.8115,-5.7591333,285.44116,581.9829,362.85303,89.8763,560.14325,7.9904428,343.65094,580.5219,370.39307,108.91828,612.2634,16.991034
Screenshot_20230220_020606 copy 3.png,272.9857,284.35516,-177.64824,268.10025,273.6401,-172.96964,265.89725,273.264,-173.20502,263.43518,272.96133,-173.20839,268.31326,273.57843,-196.64159,266.5028,273.2468,-196.85756,264.19244,272.89392,-196.96481,247.00847,275.6462,-135.45418,248.05176,275.65964,-242.87157,266.45084,293.98322,-159.02129,266.4291,294.0951,-191.57039,232.86894,339.67313,-58.628387,229.42998,347.37192,-279.9257,217.58653,424.91037,-43.261124,215.57237,441.90335,-282.07037,225.63628,499.41367,-75.1098,225.08276,517.5915,-222.70273,225.82628,514.34814,-79.14216,228.42526,537.93695,-245.5312,229.73618,514.78784,-101.56648,236.46205,537.19006,-246.52791,229.31046,510.66257,-84.563194,235.0653,529.4516,-222.7155,227.48856,464.6006,79.33848,205.71822,480.72174,-79.387314,319.14035,472.68408,260.84702,222.19803,594.13324,-111.85351,298.56265,563.92737,357.67227,109.25582,569.8115,-5.7591333,285.44116,581.9829,362.85303,89.8763,560.14325,7.9904428,343.65094,580.5219,370.39307,108.91828,612.2634,16.991034
Screenshot_20230220_020606 copy 4.png,272.9857,284.35516,-177.64824,268.10025,273.6401,-172.96964,265.89725,273.264,-173.20502,263.43518,272.96133,-173.20839,268.31326,273.57843,-196.64159,266.5028,273.2468,-196.85756,264.19244,272.89392,-196.96481,247.00847,275.6462,-135.45418,248.05176,275.65964,-242.87157,266.45084,293.98322,-159.02129,266.4291,294.0951,-191.57039,232.86894,339.67313,-58.628387,229.42998,347.37192,-279.9257,217.58653,424.91037,-43.261124,215.57237,441.90335,-282.07037,225.63628,499.41367,-75.1098,225.08276,517.5915,-222.70273,225.82628,514.34814,-79.14216,228.42526,537.93695,-245.5312,229.73618,514.78784,-101.56648,236.46205,537.19006,-246.52791,229.31046,510.66257,-84.563194,235.0653,529.4516,-222.7155,227.48856,464.6006,79.33848,205.71822,480.72174,-79.387314,319.14035,472.68408,260.84702,222.19803,594.13324,-111.85351,298.56265,563.92737,357.67227,109.25582,569.8115,-5.7591333,285.44116,581.9829,362.85303,89.8763,560.14325,7.9904428,343.65094,580.5219,370.39307,108.91828,612.2634,16.991034
Screenshot_20230220_020606 copy 5.png,272.9857,284.35516,-177.64824,268.10025,273.6401,-172.96964,265.89725,273.264,-173.20502,263.43518,272.96133,-173.20839,268.31326,273.57843,-196.64159,266.5028,273.2468,-196.85756,264.19244,272.89392,-196.96481,247.00847,275.6462,-135.45418,248.05176,275.65964,-242.87157,266.45084,293.98322,-159.02129,266.4291,294.0951,-191.57039,232.86894,339.67313,-58.628387,229.42998,347.37192,-279.9257,217.58653,424.91037,-43.261124,215.57237,441.90335,-282.07037,225.63628,499.41367,-75.1098,225.08276,517.5915,-222.70273,225.82628,514.34814,-79.14216,228.42526,537.93695,-245.5312,229.73618,514.78784,-101.56648,236.46205,537.19006,-246.52791,229.31046,510.66257,-84.563194,235.0653,529.4516,-222.7155,227.48856,464.6006,79.33848,205.71822,480.72174,-79.387314,319.14035,472.68408,260.84702,222.19803,594.13324,-111.85351,298.56265,563.92737,357.67227,109.25582,569.8115,-5.7591333,285.44116,581.9829,362.85303,89.8763,560.14325,7.9904428,343.65094,580.5219,370.39307,108.91828,612.2634,16.991034
Screenshot_20230220_020606 copy.png,272.9857,284.35516,-177.64824,268.10025,273.6401,-172.96964,265.89725,273.264,-173.20502,263.43518,272.96133,-173.20839,268.31326,273.57843,-196.64159,266.5028,273.2468,-196.85756,264.19244,272.89392,-196.96481,247.00847,275.6462,-135.45418,248.05176,275.65964,-242.87157,266.45084,293.98322,-159.02129,266.4291,294.0951,-191.57039,232.86894,339.67313,-58.628387,229.42998,347.37192,-279.9257,217.58653,424.91037,-43.261124,215.57237,441.90335,-282.07037,225.63628,499.41367,-75.1098,225.08276,517.5915,-222.70273,225.82628,514.34814,-79.14216,228.42526,537.93695,-245.5312,229.73618,514.78784,-101.56648,236.46205,537.19006,-246.52791,229.31046,510.66257,-84.563194,235.0653,529.4516,-222.7155,227.48856,464.6006,79.33848,205.71822,480.72174,-79.387314,319.14035,472.68408,260.84702,222.19803,594.13324,-111.85351,298.56265,563.92737,357.67227,109.25582,569.8115,-5.7591333,285.44116,581.9829,362.85303,89.8763,560.14325,7.9904428,343.65094,580.5219,370.39307,108.91828,612.2634,16.991034
Screenshot_20230220_020606.png,272.9857,284.35516,-177.64824,268.10025,273.6401,-172.96964,265.89725,273.264,-173.20502,263.43518,272.96133,-173.20839,268.31326,273.57843,-196.64159,266.5028,273.2468,-196.85756,264.19244,272.89392,-196.96481,247.00847,275.6462,-135.45418,248.05176,275.65964,-242.87157,266.45084,293.98322,-159.02129,266.4291,294.0951,-191.57039,232.86894,339.67313,-58.628387,229.42998,347.37192,-279.9257,217.58653,424.91037,-43.261124,215.57237,441.90335,-282.07037,225.63628,499.41367,-75.1098,225.08276,517.5915,-222.70273,225.82628,514.34814,-79.14216,228.42526,537.93695,-245.5312,229.73618,514.78784,-101.56648,236.46205,537.19006,-246.52791,229.31046,510.66257,-84.563194,235.0653,529.4516,-222.7155,227.48856,464.6006,79.33848,205.71822,480.72174,-79.387314,319.14035,472.68408,260.84702,222.19803,594.13324,-111.85351,298.56265,563.92737,357.67227,109.25582,569.8115,-5.7591333,285.44116,581.9829,362.85303,89.8763,560.14325,7.9904428,343.65094,580.5219,370.39307,108.91828,612.2634,16.991034
Screenshot_20230220_020908 copy 2.png,267.17676,243.0293,-149.68275,262.98865,231.85025,-142.82175,261.97452,231.81485,-143.01659,260.94482,231.68294,-142.98386,262.58292,231.50449,-166.73473,261.31198,231.29121,-166.9476,259.28134,230.77118,-167.03604,246.27347,233.93042,-96.57508,245.04465,233.59027,-205.41286,262.11188,252.25136,-128.03583,260.94403,252.45697,-160.85217,227.17567,292.69257,-7.938036,231.81268,294.74768,-250.88254,214.43002,370.89468,26.098778,220.9687,374.79385,-247.85213,226.00548,432.2823,6.5344777,233.0203,450.87018,-191.54826,223.62892,457.94858,8.705968,231.16818,469.5227,-216.05089,224.56732,449.04654,-15.321871,236.3731,470.92856,-217.59274,225.68942,445.66034,-2.951787,237.03516,464.52975,-192.11478,210.90237,419.47372,82.727394,198.62999,428.88535,-82.75745,301.70438,433.9723,259.11798,169.44235,543.5617,-147.23277,279.02725,521.27167,380.42282,58.91189,526.2863,-58.33629,265.22748,537.71545,388.5651,40.927677,517.045,-45.67711,322.18314,541.3053,405.4225,57.85821,564.80334,-40.37443
Screenshot_20230220_020908 copy 3.png,267.17676,243.0293,-149.68275,262.98865,231.85025,-142.82175,261.97452,231.81485,-143.01659,260.94482,231.68294,-142.98386,262.58292,231.50449,-166.73473,261.31198,231.29121,-166.9476,259.28134,230.77118,-167.03604,246.27347,233.93042,-96.57508,245.04465,233.59027,-205.41286,262.11188,252.25136,-128.03583,260.94403,252.45697,-160.85217,227.17567,292.69257,-7.938036,231.81268,294.74768,-250.88254,214.43002,370.89468,26.098778,220.9687,374.79385,-247.85213,226.00548,432.2823,6.5344777,233.0203,450.87018,-191.54826,223.62892,457.94858,8.705968,231.16818,469.5227,-216.05089,224.56732,449.04654,-15.321871,236.3731,470.92856,-217.59274,225.68942,445.66034,-2.951787,237.03516,464.52975,-192.11478,210.90237,419.47372,82.727394,198.62999,428.88535,-82.75745,301.70438,433.9723,259.11798,169.44235,543.5617,-147.23277,279.02725,521.27167,380.42282,58.91189,526.2863,-58.33629,265.22748,537.71545,388.5651,40.927677,517.045,-45.67711,322.18314,541.3053,405.4225,57.85821,564.80334,-40.37443
Screenshot_20230220_020908 copy 4.png,267.17676,243.0293,-149.68275,262.98865,231.85025,-142.82175,261.97452,231.81485,-143.01659,260.94482,231.68294,-142.98386,262.58292,231.50449,-166.73473,261.31198,231.29121,-166.9476,259.28134,230.77118,-167.03604,246.27347,233.93042,-96.57508,245.04465,233.59027,-205.41286,262.11188,252.25136,-128.03583,260.94403,252.45697,-160.85217,227.17567,292.69257,-7.938036,231.81268,294.74768,-250.88254,214.43002,370.89468,26.098778,220.9687,374.79385,-247.85213,226.00548,432.2823,6.5344777,233.0203,450.87018,-191.54826,223.62892,457.94858,8.705968,231.16818,469.5227,-216.05089,224.56732,449.04654,-15.321871,236.3731,470.92856,-217.59274,225.68942,445.66034,-2.951787,237.03516,464.52975,-192.11478,210.90237,419.47372,82.727394,198.62999,428.88535,-82.75745,301.70438,433.9723,259.11798,169.44235,543.5617,-147.23277,279.02725,521.27167,380.42282,58.91189,526.2863,-58.33629,265.22748,537.71545,388.5651,40.927677,517.045,-45.67711,322.18314,541.3053,405.4225,57.85821,564.80334,-40.37443
Screenshot_20230220_020908 copy 5.png,267.17676,243.0293,-149.68275,262.98865,231.85025,-142.82175,261.97452,231.81485,-143.01659,260.94482,231.68294,-142.98386,262.58292,231.50449,-166.73473,261.31198,231.29121,-166.9476,259.28134,230.77118,-167.03604,246.27347,233.93042,-96.57508,245.04465,233.59027,-205.41286,262.11188,252.25136,-128.03583,260.94403,252.45697,-160.85217,227.17567,292.69257,-7.938036,231.81268,294.74768,-250.88254,214.43002,370.89468,26.098778,220.9687,374.79385,-247.85213,226.00548,432.2823,6.5344777,233.0203,450.87018,-191.54826,223.62892,457.94858,8.705968,231.16818,469.5227,-216.05089,224.56732,449.04654,-15.321871,236.3731,470.92856,-217.59274,225.68942,445.66034,-2.951787,237.03516,464.52975,-192.11478,210.90237,419.47372,82.727394,198.62999,428.88535,-82.75745,301.70438,433.9723,259.11798,169.44235,543.5617,-147.23277,279.02725,521.27167,380.42282,58.91189,526.2863,-58.33629,265.22748,537.71545,388.5651,40.927677,517.045,-45.67711,322.18314,541.3053,405.4225,57.85821,564.80334,-40.37443
Screenshot_20230220_020908 copy.png,267.17676,243.0293,-149.68275,262.98865,231.85025,-142.82175,261.97452,231.81485,-143.01659,260.94482,231.68294,-142.98386,262.58292,231.50449,-166.73473,261.31198,231.29121,-166.9476,259.28134,230.77118,-167.03604,246.27347,233.93042,-96.57508,245.04465,233.59027,-205.41286,262.11188,252.25136,-128.03583,260.94403,252.45697,-160.85217,227.17567,292.69257,-7.938036,231.81268,294.74768,-250.88254,214.43002,370.89468,26.098778,220.9687,374.79385,-247.85213,226.00548,432.2823,6.5344777,233.0203,450.87018,-191.54826,223.62892,457.94858,8.705968,231.16818,469.5227,-216.05089,224.56732,449.04654,-15.321871,236.3731,470.92856,-217.59274,225.68942,445.66034,-2.951787,237.03516,464.52975,-192.11478,210.90237,419.47372,82.727394,198.62999,428.88535,-82.75745,301.70438,433.9723,259.11798,169.44235,543.5617,-147.23277,279.02725,521.27167,380.42282,58.91189,526.2863,-58.33629,265.22748,537.71545,388.5651,40.927677,517.045,-45.67711,322.18314,541.3053,405.4225,57.85821,564.80334,-40.37443
Screenshot_20230220_020908.png,267.17676,243.0293,-149.68275,262.98865,231.85025,-142.82175,261.97452,231.81485,-143.01659,260.94482,231.68294,-142.98386,262.58292,231.50449,-166.73473,261.31198,231.29121,-166.9476,259.28134,230.77118,-167.03604,246.27347,233.93042,-96.57508,245.04465,233.59027,-205.41286,262.11188,252.25136,-128.03583,260.94403,252.45697,-160.85217,227.17567,292.69257,-7.938036,231.81268,294.74768,-250.88254,214.43002,370.89468,26.098778,220.9687,374.79385,-247.85213,226.00548,432.2823,6.5344777,233.0203,450.87018,-191.54826,223.62892,457.94858,8.705968,231.16818,469.5227,-216.05089,224.56732,449.04654,-15.321871,236.3731,470.92856,-217.59274,225.68942,445.66034,-2.951787,237.03516,464.52975,-192.11478,210.90237,419.47372,82.727394,198.62999,428.88535,-82.75745,301.70438,433.9723,259.11798,169.44235,543.5617,-147.23277,279.02725,521.27167,380.42282,58.91189,526.2863,-58.33629,265.22748,537.71545,388.5651,40.927677,517.045,-45.67711,322.18314,541.3053,405.4225,57.85821,564.80334,-40.37443
Screenshot_20230220_021009.png,243.31447,133.79501,-169.9567,251.29541,121.23251,-141.74956,255.6153,122.00578,-141.98932,260.49408,122.63525,-142.0585,233.39186,119.69142,-143.02977,227.51915,119.71849,-143.28886,221.38684,120.328735,-143.47209,263.06058,129.62138,-26.326427,210.16045,128.9961,-29.86707,251.65343,148.58209,-127.66791,233.1995,147.86731,-131.01422,299.094,226.2744,-8.7199135,162.39168,226.51045,18.446804,305.47397,336.1508,15.696722,149.38492,337.28116,36.340786,302.44073,425.49103,-60.406773,144.67856,422.62006,-11.354095,303.78128,451.69385,-87.09836,141.52946,449.18857,-29.182827,293.98557,452.54007,-111.73061,147.14935,451.50827,-59.53368,290.09375,443.6096,-70.508896,150.90349,443.22073,-25.086353,261.61273,392.66077,-14.080155,187.56657,401.52655,13.681962,250.00508,409.60568,-352.74808,182.60663,543.0911,-98.040474,257.45605,566.9849,-184.17273,211.76695,489.38565,287.42834,254.35161,579.84814,-167.80988,210.90114,462.80295,331.37915,262.54553,625.4271,-249.91487,220.2719,509.83093,321.9402
Screenshot_20230220_021246.png,226.11597,178.32124,-150.90111,233.5454,168.31668,-137.53926,237.82272,169.55891,-137.74629,242.43356,170.7727,-137.82718,218.74127,166.72183,-136.8559,214.4086,167.37437,-137.10994,209.85919,168.042,-137.24928,246.87,177.91493,-76.04296,203.19403,176.63893,-71.479454,234.2585,191.61998,-127.504524,216.62833,190.87532,-128.02417,279.13257,261.2894,-69.784096,163.90012,254.95206,-38.695675,292.55933,351.7147,-50.540665,145.0862,342.39682,-26.460838,300.058,432.70312,-80.46351,133.48587,418.76993,-59.47761,302.5623,457.3738,-95.633545,129.41379,444.23734,-72.12582,294.33606,457.14734,-117.011925,137.83669,444.21613,-97.658195,289.2611,449.71036,-88.35023,143.24323,435.5243,-71.33382,252.22662,400.53497,-11.711691,188.78899,411.366,11.359732,243.6885,434.60303,-190.69676,178.95834,540.1998,-56.40993,248.97978,569.9251,-93.35975,185.29524,491.8383,215.42795,249.49927,579.8899,-84.140785,186.91196,482.0599,247.17815,238.84392,619.2786,-128.44127,177.53702,523.4346,265.5671
