IMG_4590.JPG,928.30975,835.21716,-1321.1669,896.47925,795.45984,-1263.0377,894.0175,793.18054,-1264.4327,892.43835,791.02985,-1264.6742,884.42114,799.43976,-1376.2701,871.0481,801.3863,-1377.5933,855.8778,804.435,-1378.3672,837.1697,815.50995,-908.75665,769.55536,837.56226,-1413.6998,907.8421,885.73944,-1170.5348,884.2242,891.9755,-1322.8658,906.3125,1101.3268,-425.31778,611.3483,1216.1046,-1439.5745,943.38464,1470.7468,77.63675,526.8464,1681.1141,-1457.0869,1020.3747,1772.8527,161.08319,586.20856,2040.539,-1498.5171,1034.8296,1843.7473,186.32991,553.9354,2144.7559,-1645.8882,1027.1884,1857.2787,29.200037,624.74634,2135.5706,-1701.6968,1008.5833,1834.1777,103.74704,641.62885,2103.2693,-1520.2683,793.4264,1768.9082,329.92044,651.4469,1823.5948,-330.17456,937.22577,2140.3235,1007.03687,1081.6266,2026.6857,-675.67004,567.2228,2010.4619,1943.8911,844.33215,2404.05,101.14156,518.38,1977.9592,2032.2429,769.27844,2456.0684,189.819,472.10995,2106.1157,2067.0132,1017.4373,2578.785,116.14071
IMG_4591.JPG,1172.0317,507.43304,-885.83496,1174.2561,450.98996,-832.74774,1183.9832,449.02133,-833.769,1193.4303,448.53333,-833.5869,1129.6243,452.08685,-926.4624,1107.3011,451.59235,-927.9283,1086.5776,451.53976,-928.08875,1147.8788,461.4441,-480.05804,1027.6964,473.44614,-890.1355,1159.346,572.5773,-723.4398,1124.7035,578.4298,-849.4866,1013.39716,795.3825,65.03418,1015.0678,942.4359,-986.24744,1048.6016,1219.059,506.22733,877.036,1516.5015,-1041.393,1191.4421,1362.2313,730.6576,982.60364,1965.5752,-1030.871,1240.6228,1366.9844,745.35864,974.2392,2096.5237,-1195.2115,1266.0894,1356.0098,624.9473,1038.8436,2084.877,-1202.751,1250.5388,1369.5713,687.6202,1045.8529,2038.8556,-1038.8351,761.9135,1608.9072,427.5671,765.8657,1689.6316,-427.82172,952.9109,1969.1741,1298.7455,1381.6124,1872.5416,-325.2542,456.28967,1973.947,1693.9685,1142.6318,2419.191,219.60077,327.19275,1950.7883,1737.681,1045.7738,2507.5654,304.51276,532.57587,2125.1013,1874.7383,1399.2944,2528.9426,433.07935
IMG_4592.JPG,1414.994,504.2024,-596.49146,1387.5168,429.42032,-617.6507,1374.0697,424.80402,-619.11456,1361.9476,420.01514,-618.7663,1393.8936,436.11487,-722.84076,1386.5756,436.5861,-724.5122,1379.6658,436.2331,-724.879,1279.7853,431.3515,-586.0423,1301.1898,450.86295,-1049.5044,1364.6995,567.6388,-538.08887,1366.9054,571.44965,-682.3392,956.1547,794.961,-187.83344,1217.0165,985.56287,-1130.267,761.2501,1283.7034,331.25247,1166.5195,1650.3018,-921.14685,908.055,1759.1,691.32104,1265.0872,2072.5386,-421.16724,906.86456,1852.0337,736.7157,1284.5488,2194.6365,-501.66492,944.1789,1865.3926,611.7882,1332.568,2172.0298,-518.4807,950.42975,1845.3662,655.95374,1327.0845,2130.9062,-415.0046,787.5432,1701.8407,363.89178,948.6218,1849.7749,-365.4483,778.89575,2049.6938,1739.8339,1507.7886,1912.443,250.62029,298.52332,2246.944,2424.3833,1291.4185,2497.8503,988.97723,179.0456,2248.1538,2490.3735,1211.648,2595.5496,1082.948,419.87866,2389.8975,2700.1233,1523.5397,2523.6643,1251.3002
IMG_4593.JPG,1058.2427,659.2123,69.11966,1047.595,603.1047,-2.9918525,1033.1951,594.94135,-4.1810493,1016.1551,585.54047,-4.026044,1068.1526,614.77673,-83.58458,1070.6373,615.61066,-84.70482,1073.6171,616.0936,-84.96737,947.3434,582.4481,-233.57988,1040.7177,624.8889,-591.5897,1016.88995,697.11676,31.115187,1036.1853,707.5448,-80.78433,595.7878,842.65027,-78.87339,1057.8533,953.3402,-773.5476,512.47,1277.4338,169.96834,1064.8267,1418.6342,-688.378,479.7167,1566.8595,219.91653,1123.0597,1739.056,-346.4111,454.0571,1653.9958,195.24326,1137.4072,1820.0316,-411.23465,478.77457,1651.6394,120.7353,1151.7797,1815.4484,-431.47675,500.97446,1620.9933,192.80144,1145.2664,1790.1501,-343.60727,622.0583,1609.8993,265.3472,876.7992,1628.6167,-266.85406,497.19867,2043.847,987.373,1184.5187,1610.1262,684.6746,104.44186,2324.237,1357.7885,993.8327,2061.597,1519.7361,21.205744,2345.4443,1382.727,948.2341,2152.631,1601.9664,98.65258,2482.9673,1279.2642,1098.9072,2035.9291,1633.7164
IMG_4594.JPG,1107.1361,578.4274,-257.2686,1124.5927,543.43774,-378.04077,1124.768,545.78033,-378.96335,1124.3477,547.2964,-378.74893,1138.1892,536.6889,-289.42322,1148.3826,534.57385,-290.60297,1158.5717,531.98724,-290.88354,1152.8026,572.89166,-719.54254,1205.4956,556.53723,-321.94376,1125.0427,626.3421,-345.14313,1133.038,627.1912,-237.59459,1075.9268,869.86523,-978.00024,1340.084,817.08167,63.65133,946.9162,1310.09,-943.68646,1282.9369,1169.4634,311.99106,808.731,1625.4468,-602.79895,1222.2719,1379.5201,458.2824,784.77734,1716.1267,-663.7714,1193.3462,1418.4122,492.55917,779.65393,1716.811,-667.95685,1165.3296,1427.6007,413.48624,790.072,1688.6375,-590.52655,1169.2454,1417.3485,423.93387,1240.8126,1572.7936,-356.48462,1288.0347,1519.2002,355.51892,1045.4879,2054.4866,-131.5746,926.2574,1576.8566,1169.9359,1458.6157,2322.1948,235.99373,1050.4586,1972.4595,1634.5979,1565.5076,2367.009,271.6888,1136.3622,2097.146,1681.3693,1290.8528,2440.3052,250.32379,938.777,2103.6548,1807.8241
IMG_4595.JPG,594.6318,1030.1128,-1150.8027,586.9073,960.9411,-1244.7812,603.6923,950.7065,-1246.213,618.0425,941.25867,-1245.73,565.0418,975.48566,-1080.797,564.75525,976.6258,-1082.2539,563.52045,977.20996,-1083.0261,704.547,913.68115,-1369.2954,631.57654,948.115,-611.5767,663.8441,1054.7372,-1155.2981,642.35114,1069.9521,-946.4119,924.99774,1202.7233,-1560.4891,905.9781,1134.1545,119.47002,925.0963,1754.1011,-1811.4235,929.99365,1593.8242,241.44737,871.9808,2191.1206,-1723.7238,846.26605,1879.3215,7.8851724,859.2248,2312.2812,-1859.8618,801.1108,1948.6693,5.40158,786.8821,2306.5708,-1843.5371,778.56946,1945.4198,-104.07675,790.7465,2274.5698,-1702.8871,786.1063,1938.3191,-52.949455,961.18787,2000.2339,-565.7258,910.25104,1913.9493,564.504,961.03125,2614.1838,-710.958,381.5446,1860.1741,1559.8853,1614.7098,2643.1353,-301.5684,619.3961,2339.398,2069.875,1749.9109,2623.3083,-267.58783,695.68164,2416.7659,2114.765,1509.2468,2875.3782,-400.29404,353.25864,2417.007,2250.282
IMG_4606.JPG,1135.6119,755.8454,-1093.4216,1107.8911,694.9962,-1018.6149,1106.8553,692.7667,-1020.2449,1107.6724,689.99725,-1020.379,1088.6335,692.92615,-1149.4966,1072.4554,689.875,-1150.9867,1054.3419,687.3174,-1151.7496,1039.3281,703.7204,-593.16943,960.13025,703.6654,-1178.1388,1102.9535,813.0509,-912.9413,1083.4076,810.044,-1089.333,1071.1932,976.5216,-78.947014,716.97144,1095.3907,-1253.0377,1092.8704,1391.443,303.37143,682.4317,1596.6471,-1271.6042,1156.1924,1759.944,156.12172,742.7475,1993.5748,-1146.9824,1167.024,1846.7094,155.40285,717.83276,2104.2395,-1253.4031,1164.8027,1856.2733,14.426243,790.8183,2098.7646,-1292.9211,1153.809,1825.8262,97.76295,807.5029,2061.1208,-1153.7759,997.7033,1752.1705,364.75168,852.4604,1783.326,-365.75766,1003.65814,2193.409,769.4363,1342.6495,2087.997,-521.13416,555.21875,2043.1466,1491.2194,1017.311,2465.9233,343.86157,467.12985,1979.1824,1558.7435,935.288,2504.4275,443.75388,457.633,2094.8054,1533.9685,1231.1542,2623.4724,386.2408
IMG_4607.JPG,1181.5408,592.6084,-467.8031,1156.3998,524.27594,-447.0481,1148.4016,519.2706,-448.17706,1140.4221,514.41296,-448.26212,1150.0471,528.35333,-573.23816,1138.0441,526.32837,-574.5255,1124.9415,523.7602,-574.69086,1023.51807,520.64606,-306.11517,1017.5838,530.94775,-868.43506,1125.5338,651.5064,-383.30164,1122.9198,655.832,-553.21106,831.4909,916.5875,79.74357,882.0835,1054.6353,-1071.3473,725.8631,1341.5765,595.1145,834.84265,1630.934,-1090.585,687.70825,1562.0273,1103.4154,941.99365,2100.4521,-789.0603,658.3963,1605.3628,1164.8339,918.9906,2224.932,-888.71936,682.8975,1589.547,1091.2734,974.5631,2217.9368,-907.5707,702.3125,1585.7865,1087.3484,985.6639,2178.8538,-790.9483,781.1669,1753.1678,443.185,826.7612,1823.6567,-444.16656,814.5322,2154.7568,1329.722,1505.074,2029.7964,-121.74299,237.23923,2237.1877,1552.4622,1128.6626,2521.4348,502.47345,106.37675,2227.1526,1570.3806,1031.0299,2601.4412,584.13385,330.2652,2382.252,1618.4664,1406.7368,2597.754,663.69525
IMG_4608.JPG,1202.3699,391.12997,-1.5723952,1168.6663,332.10583,-109.9295,1151.2756,332.9433,-111.19974,1130.7281,333.5255,-110.78988,1222.5515,348.19553,-179.6385,1240.1366,359.2777,-181.51875,1257.0964,369.18842,-181.73605,1061.4557,350.71155,-438.50037,1249.5096,420.1173,-746.34985,1181.5111,482.42166,-64.54261,1223.2595,492.3003,-163.27075,699.13477,841.0648,-238.52608,1318.0652,1004.0299,-873.382,685.14026,1389.3335,468.36987,1300.2288,1653.2057,-615.5804,825.36194,1661.3888,1139.5854,1356.0721,2032.0356,-173.53773,836.6245,1751.6731,1214.0181,1348.1699,2149.9033,-241.4795,888.93494,1733.0732,1071.5708,1361.212,2146.0908,-293.38748,889.0641,1709.484,1100.8866,1362.9264,2102.1848,-184.03827,767.517,1810.6326,188.96414,1077.0737,1841.718,-191.06723,731.6215,2337.0312,1251.646,1330.261,2037.659,1030.943,335.21255,2736.0295,1868.7565,1191.9958,2458.27,2121.0422,263.0359,2810.3845,1924.1112,1126.0109,2573.56,2234.7996,282.74094,2861.3345,1889.8622,1299.6105,2413.953,2325.4312
IMG_4609.JPG,1243.4424,387.013,-222.16753,1215.2792,324.47238,-248.58705,1201.9877,321.36606,-249.61339,1188.0814,318.18716,-249.25023,1227.0203,328.70844,-341.3598,1223.9917,328.1799,-342.75244,1221.7399,327.02954,-342.8547,1118.5271,337.9998,-266.84256,1173.8857,347.59326,-676.0912,1198.6227,440.63803,-182.19962,1209.3967,440.52106,-309.29852,840.2376,605.83,72.36799,1191.2084,691.3059,-798.9276,812.9305,1018.6917,487.61868,1197.6843,1207.1035,-629.9217,905.09216,1355.3689,698.6942,1232.6233,1527.1414,-143.9682,932.10077,1417.839,733.5727,1209.9291,1630.0513,-190.7842,967.9389,1436.5994,612.9569,1215.017,1637.484,-214.90837,964.0294,1422.3175,654.20166,1215.4957,1604.5836,-141.69092,732.84314,1416.0447,262.04153,963.99207,1440.8851,-263.83414,689.6302,1858.2411,1052.5602,1272.0266,1541.5566,833.8069,257.93756,2133.4622,1591.0492,1158.74,1972.1727,1795.1344,156.13533,2166.135,1637.7454,1115.1771,2064.0938,1893.1069,314.65054,2236.631,1620.1913,1314.1442,1922.6946,1991.4008
IMG_4610.JPG,681.5303,356.0818,18.413538,673.04016,299.86618,-158.67978,662.98627,302.0703,-159.85078,652.531,304.32272,-159.4783,710.34985,289.09882,-97.62359,726.41016,284.09656,-99.08915,742.47626,279.03177,-99.534355,659.5567,334.6803,-742.8106,784.8584,299.5652,-462.1916,681.6463,417.98734,-140.87881,716.7153,411.15598,-69.13304,585.0691,720.6262,-1053.5593,1098.3967,680.2724,-315.54675,567.2131,1312.0116,-955.8609,1154.718,1124.9055,-154.5007,555.4885,1708.1553,-593.6555,1035.3639,1428.6152,255.79779,557.67316,1806.4675,-629.6242,1022.3226,1504.9297,290.47437,566.7441,1799.0002,-667.7064,994.28046,1500.1036,247.4263,572.8838,1767.4214,-592.7313,985.118,1461.7842,242.60492,897.18414,1639.4008,-311.1993,1102.758,1559.8314,309.5426,974.85095,2317.1375,325.92822,864.15173,1727.5996,1698.103,1471.518,2654.0059,948.46844,858.17633,2122.2126,2516.012,1588.9885,2712.3076,1006.5415,868.9441,2277.4097,2596.6387,1259.0809,2797.885,971.6389,608.5316,2101.8215,2813.0012
IMG_4612.JPG,524.9917,666.0061,-1688.135,564.18945,574.0282,-1787.9927,583.4106,572.2463,-1789.9799,602.1373,570.8132,-1790.0571,543.7332,569.5319,-1614.8983,546.54364,563.49634,-1616.8704,549.2209,556.0965,-1618.0597,776.4948,588.37067,-1900.7535,693.0758,576.61084,-1115.9022,600.6725,751.8095,-1693.6273,572.1157,749.0949,-1477.2047,1031.3306,1106.3555,-2014.2871,771.2646,1005.1058,-379.8162,1120.2368,1837.0802,-1974.3645,804.5046,1558.3312,-171.70874,1007.37177,2333.2964,-1809.5708,681.5545,1973.4414,-510.7367,1003.337,2472.044,-1980.9762,645.7522,2060.6565,-566.94653,958.6745,2462.665,-2013.4227,624.42426,2064.9954,-732.2414,953.80035,2409.5771,-1808.707,651.10846,2049.0671,-597.73303,1179.7783,2001.3839,-478.0612,883.1652,1898.7014,477.60428,1223.3622,2712.2559,-410.45798,341.6031,2335.8828,511.6026,1677.3651,2576.8904,1229.3837,483.34775,2753.1357,1415.5178,1782.3805,2529.2437,1398.7354,572.3471,2820.557,1517.7615,1650.3923,2845.1375,1395.7052,191.23253,2979.25,1512.756
IMG_4613.JPG,806.70044,671.35565,-1335.1995,836.6206,625.0787,-1397.7356,852.35205,624.72034,-1399.2959,869.2286,624.08636,-1399.3503,820.8749,624.4721,-1272.411,820.1528,623.1978,-1273.8531,819.1793,620.89813,-1274.6678,963.6772,643.7155,-1408.4364,887.08453,645.68774,-837.85834,849.2342,727.90436,-1310.8625,821.30707,723.8301,-1154.414,1141.8444,1039.682,-1505.8611,873.17035,925.3014,-172.12338,1086.6432,1524.132,-1467.8,846.09296,1319.9961,-28.974842,945.2301,1886.4213,-1380.1619,703.7158,1576.5757,-418.07104,934.7207,1993.3287,-1515.403,670.5915,1646.808,-467.3156,886.4096,1982.4459,-1540.5446,660.2603,1654.0553,-605.3402,883.36176,1949.7003,-1377.9893,676.5858,1641.847,-492.2679,1051.4736,1686.09,-393.41226,849.02356,1623.2256,393.00656,956.4692,2276.5732,-523.96576,415.16397,1805.3436,508.02927,1352.9238,2094.208,542.3119,590.48285,2216.19,1043.3191,1422.3296,2040.2538,649.906,671.82904,2285.028,1097.3712,1336.8402,2301.6772,646.3392,405.30328,2353.6204,1072.6062
IMG_4614.JPG,1467.2388,820.2883,-1270.4835,1487.0393,751.1719,-1174.8611,1502.6571,749.71533,-1176.3606,1517.4756,748.9335,-1176.2203,1434.6504,741.9779,-1280.2593,1409.0981,734.2622,-1281.8422,1381.5166,726.10254,-1282.3741,1459.8646,761.5054,-628.0815,1291.4136,728.75616,-1092.5338,1463.4816,877.11957,-1042.9833,1403.8519,864.33826,-1185.4677,1400.6141,1054.2815,-31.839115,1036.2423,1090.7231,-1134.8699,1356.1354,1470.3828,241.35593,924.7377,1619.2664,-1192.2479,1327.5902,1858.6754,23.800074,966.4965,2047.3097,-1140.371,1302.7881,1946.1849,9.972225,930.9036,2162.9468,-1273.7866,1291.0695,1959.6217,-127.465065,997.234,2157.6785,-1308.819,1286.5896,1930.7596,-33.90959,1020.19495,2120.6597,-1150.4504,1042.9788,1766.4877,376.34933,875.22485,1769.7494,-377.03192,1003.00446,2198.9653,953.7033,1409.5177,2184.4958,-515.83057,616.7389,2110.8633,1711.0507,1182.1394,2652.8381,117.34339,529.25104,2046.042,1785.84,1084.4291,2714.329,195.45383,544.5735,2228.1,1857.6877,1413.6614,2861.052,127.799675
IMG_4623.JPG,1083.8628,416.9195,-1583.622,1054.817,350.58502,-1463.3104,1063.6361,348.53488,-1465.1307,1071.401,345.6153,-1465.3287,1017.82245,353.31567,-1595.264,996.3997,356.46533,-1596.9265,973.6364,361.1794,-1598.0992,991.1553,387.4337,-872.0533,850.36206,399.518,-1468.1322,1082.2057,489.66226,-1349.2922,1033.1957,492.5788,-1529.7893,1088.6923,783.03644,-335.55673,578.9904,809.7102,-1493.0756,1124.3823,1285.6675,59.527275,532.0379,1442.8512,-1586.8906,1131.6456,1716.8927,-19.612265,626.97363,1927.1954,-1590.9086,1108.0977,1820.334,-24.451265,623.2466,2055.6436,-1756.4656,1087.9956,1820.7173,-177.57648,687.90015,2042.9916,-1807.0758,1083.6937,1784.2677,-78.597755,703.88293,1997.1445,-1608.8057,889.1318,1616.9045,375.13083,681.00525,1627.7449,-375.92136,740.5117,2094.322,1451.4197,1077.6488,2000.3105,-802.2074,379.23883,1845.0396,2718.7537,824.50616,2359.971,527.7411,333.79694,1790.8771,2837.2937,727.47015,2393.8748,677.0855,341.69052,1978.3914,2853.2615,998.80347,2566.9192,611.3761
IMG_4624.JPG,1052.1282,707.3207,-591.4849,1010.1617,648.53253,-553.1221,1004.10895,647.3696,-554.22345,997.838,646.81964,-554.20636,1004.0102,650.85675,-683.9856,994.4626,651.6764,-685.30853,983.6989,652.4899,-685.85956,900.5061,673.0525,-343.1983,904.4674,676.51935,-931.5278,1012.9054,760.5181,-486.22577,1012.99023,766.5301,-662.9828,763.04144,1000.28284,133.42497,817.3815,1075.8265,-1188.9006,754.6628,1432.708,347.9784,819.7913,1613.1235,-1187.6431,819.14453,1809.0767,264.1688,893.6266,1979.3351,-834.93463,824.25867,1888.8143,277.25424,879.5383,2104.0022,-936.2358,849.072,1887.2424,168.01857,926.8774,2105.6497,-940.4121,843.6551,1865.2986,217.80452,933.4542,2067.5413,-825.1949,612.55585,1731.6456,458.24893,712.70447,1773.6572,-459.42282,514.7697,2097.6626,1487.5138,1186.6241,1912.1595,-15.386745,13.572096,2118.981,1969.6364,927.1715,2361.3704,690.12665,-127.72086,2108.2473,2011.9801,838.8287,2432.4644,770.01044,52.007584,2291.2856,2038.8662,1150.062,2456.3047,788.1336
IMG_4625.JPG,1395.9147,503.81226,-269.8899,1356.7576,434.19965,-304.71558,1342.2463,433.67123,-306.04492,1328.9315,433.0481,-305.83618,1374.1481,437.57587,-405.2496,1372.2106,438.84238,-406.99792,1371.5557,438.87427,-407.20236,1253.3505,463.91385,-345.6115,1324.363,470.3578,-786.60596,1354.1473,572.2762,-235.93584,1368.2025,573.3756,-372.71072,967.49927,802.3842,46.0794,1348.9427,965.93256,-927.22974,959.02673,1311.6819,503.5445,1376.4904,1593.6504,-821.11426,1092.1931,1627.4763,776.85974,1442.3203,1984.038,-410.83167,1117.0292,1679.0862,816.5779,1433.2225,2094.9377,-477.4787,1151.934,1683.1638,699.72614,1440.2694,2084.4314,-501.22772,1150.6644,1675.0767,735.7499,1437.2017,2048.2705,-408.87155,797.8697,1695.0059,291.87207,1073.4523,1740.7228,-294.00253,743.0183,2180.6401,879.3704,1474.5271,1955.0177,840.0261,133.73833,2381.436,1027.3936,1284.1353,2388.5898,1681.1951,-6.8929715,2384.5747,1034.9258,1211.6014,2471.2327,1769.0797,179.94725,2604.4192,1032.0543,1481.1154,2407.5815,1913.2552
IMG_5220.JPG,1878.3162,345.73746,-493.83478,1870.3301,310.7539,-442.3092,1870.5363,309.53815,-442.99,1871.3478,308.4558,-442.84995,1859.9698,310.14142,-540.78357,1850.2362,308.50156,-541.72235,1840.0746,307.75787,-542.0043,1816.3983,317.2203,-167.98595,1787.7551,318.45966,-612.6712,1864.2638,378.21283,-374.87497,1853.8502,378.5764,-507.3781,1733.8596,522.4539,264.27008,1716.238,517.7472,-779.07745,1687.8661,794.3162,443.68277,1664.6852,810.2054,-864.9763,1789.293,1013.95087,254.1981,1776.3768,1063.4734,-748.41406,1807.6095,1043.1797,241.47916,1791.3392,1132.2826,-843.5832,1824.0243,1035.7384,149.37285,1829.6896,1115.5962,-828.2214,1824.543,1016.6146,209.86536,1824.9835,1094.797,-736.5479,1628.7411,998.86566,344.67844,1663.5984,1002.31616,-345.47552,1412.0172,1259.6472,721.7563,2049.6816,964.5866,-148.13841,1033.9084,1201.226,935.1277,1860.8934,1290.4733,414.0809,968.1611,1177.9014,954.08325,1806.5306,1347.0776,477.22906,1048.8927,1318.9562,903.3714,2008.6989,1366.5023,485.78522
IMG_5223.JPG,1809.0924,41.03741,1111.0315,1793.6862,10.695957,1015.45404,1779.2744,9.5673,1014.85254,1764.5199,7.0021963,1014.68774,1833.0828,13.242533,989.0547,1846.3055,14.006576,988.243,1858.6643,13.382088,988.29016,1739.4751,20.433674,646.32776,1868.3741,27.910418,534.1723,1790.0259,65.67775,1013.19244,1830.3444,71.59401,976.19775,1594.795,180.30331,544.76526,1954.5962,157.22746,196.59082,1518.1292,516.1128,566.67566,1964.5176,436.74936,113.34786,1541.8079,658.81995,657.19525,2045.7126,618.2124,288.61606,1516.7767,723.5186,652.8593,2083.8152,662.08673,272.16626,1545.893,700.5702,638.7616,2077.2368,646.52905,280.51068,1560.8501,673.2426,655.50653,2050.7693,627.9401,298.2313,1650.3243,765.7742,141.59123,1875.8939,743.84204,-143.24289,1456.139,1235.1162,148.24344,2060.3975,737.4112,486.5514,967.64197,1392.5786,-369.71347,1929.4691,1178.0592,709.3669,890.7763,1394.3597,-423.41074,1901.4276,1247.2888,735.0146,1000.896,1522.7657,-529.5671,2038.7863,1196.9614,803.07654
IMG_5228.JPG,1217.5018,308.76685,-1104.6829,1250.0197,259.7476,-1042.3372,1271.3083,258.0557,-1043.6509,1292.0498,258.1671,-1043.9408,1214.898,268.82123,-981.33344,1206.0338,272.79355,-982.70746,1197.7997,276.00848,-983.5296,1365.7672,287.30685,-679.6127,1223.1879,302.6047,-417.33292,1260.5328,366.31723,-971.14703,1211.1338,367.83884,-901.6884,1623.5166,631.7554,-553.5392,1174.8105,685.55255,-63.49735,1745.4531,1062.0782,-585.09326,1206.2638,1108.4862,-121.31469,1854.3787,1440.6583,-861.79926,1192.3918,1382.8428,-555.9701,1887.8081,1548.2229,-988.848,1176.4967,1469.934,-657.6439,1836.7699,1550.9891,-1074.8801,1183.5276,1468.3306,-767.6932,1813.8187,1516.7069,-894.91833,1204.4475,1448.4504,-619.1505,1638.8856,1289.262,-48.22948,1378.7052,1297.9727,47.807365,1831.8967,1723.8074,251.47876,1143.3539,1346.3951,-1525.1936,2042.6337,1506.6984,2006.0039,1335.2456,1901.4042,-1492.451,2063.0664,1456.8473,2181.66,1386.2731,1930.5272,-1494.8787,2058.7603,1661.4293,2019.5698,1331.4463,2063.5718,-1969.9564
IMG_5512.JPG,1898.2333,201.99263,-1862.8025,1933.89,159.62581,-1798.8193,1956.3376,162.2911,-1800.2079,1975.0417,164.49095,-1800.5194,1871.7926,154.8827,-1814.2312,1852.0117,154.8493,-1815.5891,1832.8624,155.9464,-1816.6013,2007.9454,192.8847,-1343.9666,1799.3267,185.03716,-1417.2369,1937.2896,261.8636,-1681.1006,1857.5037,260.44278,-1708.6584,2157.7637,479.08704,-963.09186,1621.622,487.51218,-1130.7949,2210.1296,840.66974,-634.56244,1559.1691,870.0269,-1039.6473,2258.4897,1150.8523,-743.66785,1530.1099,1175.1034,-1277.934,2257.3362,1253.3788,-801.2342,1525.4739,1277.0787,-1395.788,2246.4133,1256.0997,-937.85004,1541.0297,1273.6335,-1518.1904,2234.4038,1226.7988,-794.5286,1557.2715,1239.9768,-1332.3877,2044.5964,1068.0182,121.92786,1752.9486,1058.3032,-122.78809,2106.25,1470.1278,157.87971,1825.6018,1446.338,-825.1936,1974.4847,1267.2131,1805.6532,1781.5935,1795.7369,77.56349,1956.62,1203.6849,1973.5442,1762.2448,1813.6941,171.96687,1926.4185,1372.3396,1902.1456,1833.1531,1997.3864,-174.42604
IMG_5513.JPG,1721.5396,102.1381,-1567.7678,1699.4062,54.15644,-1509.0718,1701.9583,54.1778,-1510.7202,1705.2373,53.719894,-1511.2422,1671.9756,53.01049,-1594.7509,1654.504,53.149754,-1596.0374,1631.12,53.369972,-1597.0824,1638.9949,76.97731,-1123.858,1535.8328,79.010506,-1505.3085,1707.3912,161.00809,-1407.3073,1674.6759,160.23448,-1525.026,1780.5784,362.62302,-740.8531,1261.0297,411.80426,-1396.0856,1838.2367,727.3748,-470.22742,1176.796,852.3237,-1380.9647,1947.9203,1042.7427,-694.35114,1169.4902,1229.7878,-1403.9927,1959.2874,1162.0883,-760.173,1163.3804,1341.869,-1537.4385,1954.7854,1164.5165,-909.8888,1215.5569,1336.3724,-1634.0109,1938.7865,1125.8485,-758.0318,1225.4484,1300.3021,-1446.3181,1665.9794,1041.2296,244.41199,1392.578,1055.8422,-244.91428,1697.3765,1479.9342,568.69446,1742.0322,1479.575,-697.7595,1590.7523,1795.9373,1725.939,1570.9453,1841.4803,387.68845,1518.0251,1854.6167,1828.5579,1506.3684,1872.4078,498.4089,1649.9612,2003.794,1682.7957,1596.6035,2109.3638,321.02402
IMG_5514.png,1916.7737,484.03442,-304.9009,1908.9244,458.65372,-271.56223,1906.1489,456.58,-272.10977,1903.3845,454.3743,-271.99182,1904.3269,459.57224,-353.64105,1898.0844,458.89233,-354.36465,1893.232,458.28946,-354.66275,1864.9404,462.81766,-88.79673,1851.1732,463.07175,-459.61865,1906.5433,509.3103,-222.48625,1899.0944,508.6593,-333.46738,1827.0455,619.3976,184.14081,1765.8151,633.8705,-600.669,1798.229,816.5316,209.97725,1739.311,883.8691,-649.1562,1796.2128,1013.1605,-30.023716,1758.8241,1086.6451,-526.99365,1804.6726,1061.4238,-56.727974,1740.0502,1135.9603,-595.88495,1842.8657,1058.2632,-119.70104,1771.376,1144.4543,-608.3982,1838.1377,1043.145,-64.10384,1780.6667,1130.2515,-527.6656,1781.2576,995.5466,257.68686,1762.5092,1011.08966,-258.0889,1705.141,1261.9885,649.2135,2047.3315,1103.3539,-276.20715,1428.3263,1237.9137,1090.3384,1977.3953,1401.9968,62.446674,1372.7739,1234.7563,1130.2614,1924.2708,1443.9475,98.32775,1485.6262,1338.0393,1126.4794,2103.7664,1489.0656,17.443682
IMG_5515.JPG,2008.6302,4.4785166,335.93945,1988.7637,-41.710464,227.51479,1971.6343,-45.153675,226.57747,1954.8242,-48.30432,226.55988,2034.2227,-29.337658,187.35977,2049.5403,-25.114944,186.21083,2064.3755,-22.530191,186.18071,1907.4722,-21.98973,-146.05998,2077.4043,6.7510557,-320.1363,1975.0731,43.671616,243.46657,2026.6462,54.917297,186.21098,1701.1509,236.07092,-47.10797,2126.393,357.01263,-501.55002,1730.2847,605.779,378.52567,2129.9143,805.63293,-352.81763,1933.6919,792.9628,798.60016,2166.945,1010.40625,40.621326,1972.6223,823.20703,847.2561,2163.5642,1084.8673,22.689362,2004.2136,826.349,764.1485,2173.634,1085.8673,-13.373333,2000.9099,817.5858,774.89764,2167.3489,1054.8864,33.590916,1674.0197,929.7027,162.64087,1936.1935,934.7653,-164.19543,1587.8031,1333.9872,813.9361,2184.9421,1009.8278,776.73096,1262.2736,1587.8544,1156.2805,2113.584,1399.4344,1517.3229,1188.2036,1645.7355,1186.6128,2079.222,1486.7222,1594.977,1328.6991,1675.8739,1207.6781,2234.3594,1346.8176,1722.4528
IMG_5516.png,1840.6768,393.19482,-158.73337,1828.3451,368.84988,-143.58168,1823.4565,368.18793,-144.12956,1818.4521,367.7623,-143.98819,1832.3308,370.03662,-219.33469,1830.4719,369.9835,-220.03745,1828.7269,369.7808,-220.21237,1788.4597,376.96326,-54.125446,1804.4187,377.66022,-391.13138,1828.0322,419.06216,-107.006096,1831.3466,419.50113,-208.34853,1695.0605,524.08154,216.60535,1805.8536,535.9044,-578.8075,1711.8505,741.52655,379.7223,1825.6,771.10046,-639.9186,1751.1079,905.9064,341.21823,1890.2195,945.58594,-474.72873,1748.6107,945.2204,351.95175,1895.3268,1010.3472,-528.8242,1761.1766,939.3851,288.51978,1916.546,1007.0837,-520.17065,1765.4152,930.30634,313.48914,1916.4847,985.9251,-463.49927,1711.5643,909.3942,246.05269,1781.0677,898.79517,-246.84471,1691.4336,1177.073,452.6973,2052.4397,928.4773,145.60199,1384.6534,1262.3706,571.80383,2039.2957,1198.2147,471.0309,1317.2096,1278.7289,580.1653,2004.0613,1255.5488,503.56647,1456.4979,1347.8066,575.64764,2164.3127,1238.2623,518.30963
IMG_5517.png,1979.9104,398.22324,-134.83774,1968.9746,369.76346,-124.34936,1962.404,368.1301,-124.94769,1954.961,366.5301,-124.86884,1973.9989,371.39694,-206.99217,1972.1129,370.97852,-207.73288,1970.0339,370.21994,-207.90817,1917.4962,373.89395,-42.306232,1939.1222,377.63107,-411.08905,1957.588,429.6324,-81.723595,1962.0789,429.3789,-192.79758,1775.4305,548.1977,231.34921,1932.9055,564.54803,-598.766,1768.5392,792.0741,402.0867,1932.4343,841.1145,-672.5694,1770.1613,994.2301,357.671,1975.5999,1053.5269,-504.07642,1775.612,1040.486,363.20227,1973.9292,1115.8103,-560.189,1784.1888,1037.9574,294.6884,1990.8911,1119.058,-561.9146,1784.1664,1027.3693,327.47107,1997.1707,1100.7848,-497.06882,1754.2921,991.1888,257.7538,1848.5232,994.67975,-258.68347,1676.7395,1298.2788,464.11014,2127.9102,1052.3508,157.95067,1342.3488,1373.2506,566.76373,2071.9768,1368.4434,441.61993,1270.3032,1379.7754,572.18695,2031.8428,1426.4307,468.00623,1409.8634,1476.899,544.2753,2202.34,1419.9269,449.03424
IMG_5518.png,2012.1107,228.24826,-23.850494,2000.3436,192.44734,-26.323753,1992.592,190.56862,-27.015312,1984.3369,188.96236,-26.97987,2008.4114,195.27325,-107.58849,2007.7247,195.21095,-108.42206,2007.2084,194.71988,-108.60396,1940.654,199.75095,-3.8804178,1980.5062,203.06924,-364.24533,1989.8788,260.44583,12.127677,1997.5787,260.54993,-97.349686,1778.487,386.0744,253.35295,1994.1465,414.87762,-557.3185,1746.3779,669.33514,524.80585,1987.2168,734.3307,-597.96063,1724.4839,875.993,624.78894,2037.4424,985.48737,-398.34344,1698.5304,935.2401,644.0326,2028.7488,1064.0646,-453.8762,1713.5814,929.45355,574.73987,2049.0034,1063.7936,-452.78094,1729.0444,914.2151,598.9442,2053.895,1040.2957,-389.7378,1757.3723,920.3262,251.11348,1876.4762,913.41907,-252.23907,1682.5,1269.1605,511.89355,2178.3452,966.8642,347.44156,1292.2052,1396.4344,672.4504,2120.1536,1329.7472,804.7498,1209.7349,1415.5785,682.2351,2080.4482,1402.5548,849.6871,1382.1433,1511.5295,628.34406,2262.7588,1372.1947,864.1868
IMG_5519.png,2028.4125,194.14407,190.79175,2014.7329,158.79933,150.73856,2004.4933,156.31786,150.02895,1993.314,153.83241,150.10843,2028.5781,162.17044,79.93402,2029.9161,162.4587,78.858376,2030.9731,162.48378,78.747925,1948.8191,167.90182,39.864285,2011.6592,177.18352,-272.98798,2007.1077,230.28683,185.31004,2020.0969,229.60187,89.32344,1739.3002,372.86707,259.94037,2055.2722,412.96542,-477.65765,1735.6481,670.2919,645.33704,2052.7737,769.78284,-517.30725,1803.9285,902.22534,938.0207,2111.6704,1062.0962,-326.57098,1814.0022,955.0275,983.82745,2101.4976,1158.5793,-378.6195,1836.7882,983.052,900.65845,2116.4548,1160.5857,-391.79318,1838.3937,968.9398,910.82074,2116.2715,1130.704,-324.50916,1745.5006,998.3089,224.49945,1913.979,984.0099,-226.06839,1664.0034,1400.0464,486.10754,2190.901,1020.56104,464.1473,1250.2867,1601.483,516.44556,2139.746,1447.2397,976.3182,1144.0039,1622.0347,513.22705,2100.528,1538.7965,1026.7595,1321.318,1737.0402,474.9109,2272.355,1473.2369,1089.6967
IMG_5520.JPG,1586.2892,337.89822,-625.32806,1607.8229,309.1569,-699.6795,1614.4968,310.18872,-700.4639,1621.2446,311.475,-700.20746,1604.4908,304.63565,-606.68195,1607.4341,302.64264,-607.4597,1610.7406,300.19073,-607.7252,1675.9905,330.06317,-861.75287,1666.8821,322.14203,-436.24655,1605.3885,379.701,-658.5749,1596.015,372.42575,-541.6288,1624.4758,521.6824,-1002.1912,1815.9441,473.40616,-16.925236,1587.9552,826.1815,-1029.5925,1856.1718,687.65094,472.40775,1531.1462,1049.5808,-809.81415,1763.841,707.78076,989.2851,1537.1951,1120.9578,-854.4283,1728.085,701.79504,1093.4436,1539.4094,1121.112,-855.4737,1704.3583,701.9037,1044.0205,1540.1975,1102.7288,-798.15173,1714.4841,703.1619,978.19965,1750.8579,989.3309,-338.49658,1845.0531,941.1831,337.5387,1752.8153,1354.3411,-364.20343,1649.963,1028.1243,1202.6089,2093.8086,1478.0103,-161.61139,1638.3308,1287.0591,1781.0287,2167.7415,1479.728,-141.81937,1678.5731,1354.5688,1837.1583,1992.4972,1602.3179,-217.35637,1494.5936,1312.636,1958.7856
IMG_5521.JPG,1613.4823,323.26797,-582.72284,1633.2239,298.66104,-655.8876,1637.0577,299.7983,-656.6574,1641.7812,300.8737,-656.54224,1633.4283,295.14938,-553.88947,1636.4608,293.93512,-554.62885,1640.5942,292.25208,-554.8619,1685.7914,318.66125,-831.57355,1688.4231,312.06265,-365.68317,1624.8815,357.29163,-625.2241,1622.5619,352.91986,-495.69473,1646.8629,494.17322,-1017.67017,1818.2635,455.51093,52.66129,1611.0862,782.49677,-1058.1653,1836.6034,689.661,204.7601,1547.4722,986.2361,-799.1099,1738.8414,857.1812,145.24963,1545.9642,1046.9669,-860.96704,1710.3887,885.95605,161.90274,1546.2745,1049.4706,-849.99695,1688.9746,902.93756,83.51434,1547.8574,1031.877,-782.4063,1700.1932,895.77625,105.27224,1770.8989,927.51624,-366.96915,1836.2135,882.9849,365.75293,1773.5704,1282.3309,-416.8172,1581.9747,926.06067,1060.1523,2105.5396,1371.6033,-226.18416,1641.4623,1215.0629,1523.7065,2171.4834,1365.2544,-214.12477,1686.805,1283.3429,1564.9183,2009.1975,1486.3347,-324.47458,1504.4094,1265.0883,1635.382
IMG_5522.JPG,1571.3718,113.6053,-255.86467,1588.1259,89.00114,-326.5533,1591.1279,89.997025,-327.17075,1594.1755,90.92364,-327.05734,1590.5796,85.91115,-237.021,1595.2194,85.2024,-237.6963,1601.3003,84.26735,-237.82901,1629.8085,107.3626,-522.9686,1642.9539,102.974014,-114.24141,1581.8506,146.11745,-307.0709,1586.761,144.78592,-194.0699,1613.0723,284.67242,-759.53046,1768.8142,252.49142,234.35611,1591.1483,547.3193,-828.91064,1833.3531,420.51956,648.0875,1523.5022,761.2456,-567.8021,1784.1509,437.74664,1104.5492,1529.619,817.3146,-596.4031,1761.5253,440.9949,1212.6897,1520.803,818.0519,-576.73376,1740.6299,439.874,1173.1154,1520.8718,800.1266,-546.15466,1746.0614,438.14703,1095.8905,1747.4758,686.42017,-333.6291,1801.4362,655.1409,332.81207,1768.2885,1037.1394,-504.32996,1556.8734,747.0139,851.26996,2090.131,1099.2955,-485.4232,1610.7452,1010.74884,1140.4005,2154.5254,1097.9371,-483.40094,1656.6233,1059.3429,1167.2418,2002.2993,1207.2544,-558.0953,1486.3766,1048.6719,1258.6852
IMG_5523.png,1601.9467,532.0933,-433.6332,1617.3837,512.1186,-452.95676,1624.2767,513.4638,-453.36536,1632.0548,515.4438,-453.1637,1608.3623,511.10428,-395.574,1607.431,510.74396,-396.15192,1606.2051,510.16208,-396.28918,1668.42,532.1825,-437.6026,1629.7251,521.2861,-180.05273,1617.6632,558.28204,-415.22827,1603.6733,552.6824,-345.14313,1646.0868,653.49677,-514.5353,1730.4908,613.3881,132.68663,1626.5403,824.41205,-563.5838,1760.8352,745.04065,359.80472,1575.7166,961.5093,-446.9156,1750.4309,803.4672,505.48846,1568.7502,1011.51935,-480.4404,1739.2101,811.1377,543.6415,1559.1418,1011.0909,-474.7841,1719.7128,817.35284,501.15195,1561.5446,995.73175,-436.0542,1723.7404,816.1031,488.2876,1714.7628,941.2846,-206.40813,1731.204,920.3932,206.00182,1711.9366,1183.4728,-233.70424,1523.8531,955.3758,276.93234,1965.3567,1216.6553,-172.1485,1563.8727,1166.0686,357.79532,2015.9636,1213.9309,-169.28304,1595.8918,1210.8281,364.00345,1898.2805,1299.5188,-213.05177,1466.8938,1195.9388,386.01108
IMG_5561 copy 2.JPG,1955.5647,454.24832,-653.45734,1938.9376,429.224,-609.4281,1936.8307,429.16406,-610.1948,1935.1826,428.96866,-610.2075,1932.8296,429.28366,-687.67065,1925.7365,429.75763,-688.5506,1917.9513,430.4758,-689.1744,1894.7838,444.0435,-365.89575,1871.6385,447.34366,-726.50244,1947.6567,481.2057,-551.55615,1941.7861,481.39096,-659.4362,1925.0455,602.47424,-21.817963,1782.6774,633.0277,-785.212,1991.4958,704.1597,467.87378,1784.5573,877.6295,-906.3572,1994.8395,818.3335,775.8241,1817.2112,1089.691,-993.4546,1989.9578,836.34827,843.2867,1812.403,1152.2343,-1085.728,1995.8062,832.2157,769.9427,1842.6951,1146.611,-1108.0028,1995.9048,828.94836,757.8511,1846.9152,1129.3082,-1003.0299,1898.4269,978.3947,250.17012,1838.7368,995.85297,-250.28053,1815.2765,1199.4465,809.402,2115.3164,1047.3752,-540.7685,1552.0354,1143.8558,1355.9868,2029.3971,1328.5149,-111.663246,1502.3988,1130.7797,1403.0436,1986.3809,1372.8982,-64.91603,1564.0483,1242.0193,1340.0295,2157.5637,1405.4852,-204.89737
IMG_5561 copy 3.JPG,1955.5647,454.24832,-653.45734,1938.9376,429.224,-609.4281,1936.8307,429.16406,-610.1948,1935.1826,428.96866,-610.2075,1932.8296,429.28366,-687.67065,1925.7365,429.75763,-688.5506,1917.9513,430.4758,-689.1744,1894.7838,444.0435,-365.89575,1871.6385,447.34366,-726.50244,1947.6567,481.2057,-551.55615,1941.7861,481.39096,-659.4362,1925.0455,602.47424,-21.817963,1782.6774,633.0277,-785.212,1991.4958,704.1597,467.87378,1784.5573,877.6295,-906.3572,1994.8395,818.3335,775.8241,1817.2112,1089.691,-993.4546,1989.9578,836.34827,843.2867,1812.403,1152.2343,-1085.728,1995.8062,832.2157,769.9427,1842.6951,1146.611,-1108.0028,1995.9048,828.94836,757.8511,1846.9152,1129.3082,-1003.0299,1898.4269,978.3947,250.17012,1838.7368,995.85297,-250.28053,1815.2765,1199.4465,809.402,2115.3164,1047.3752,-540.7685,1552.0354,1143.8558,1355.9868,2029.3971,1328.5149,-111.663246,1502.3988,1130.7797,1403.0436,1986.3809,1372.8982,-64.91603,1564.0483,1242.0193,1340.0295,2157.5637,1405.4852,-204.89737
IMG_5561 copy 4.JPG,1955.5647,454.24832,-653.45734,1938.9376,429.224,-609.4281,1936.8307,429.16406,-610.1948,1935.1826,428.96866,-610.2075,1932.8296,429.28366,-687.67065,1925.7365,429.75763,-688.5506,1917.9513,430.4758,-689.1744,1894.7838,444.0435,-365.89575,1871.6385,447.34366,-726.50244,1947.6567,481.2057,-551.55615,1941.7861,481.39096,-659.4362,1925.0455,602.47424,-21.817963,1782.6774,633.0277,-785.212,1991.4958,704.1597,467.87378,1784.5573,877.6295,-906.3572,1994.8395,818.3335,775.8241,1817.2112,1089.691,-993.4546,1989.9578,836.34827,843.2867,1812.403,1152.2343,-1085.728,1995.8062,832.2157,769.9427,1842.6951,1146.611,-1108.0028,1995.9048,828.94836,757.8511,1846.9152,1129.3082,-1003.0299,1898.4269,978.3947,250.17012,1838.7368,995.85297,-250.28053,1815.2765,1199.4465,809.402,2115.3164,1047.3752,-540.7685,1552.0354,1143.8558,1355.9868,2029.3971,1328.5149,-111.663246,1502.3988,1130.7797,1403.0436,1986.3809,1372.8982,-64.91603,1564.0483,1242.0193,1340.0295,2157.5637,1405.4852,-204.89737
IMG_5561 copy 5.JPG,1955.5647,454.24832,-653.45734,1938.9376,429.224,-609.4281,1936.8307,429.16406,-610.1948,1935.1826,428.96866,-610.2075,1932.8296,429.28366,-687.67065,1925.7365,429.75763,-688.5506,1917.9513,430.4758,-689.1744,1894.7838,444.0435,-365.89575,1871.6385,447.34366,-726.50244,1947.6567,481.2057,-551.55615,1941.7861,481.39096,-659.4362,1925.0455,602.47424,-21.817963,1782.6774,633.0277,-785.212,1991.4958,704.1597,467.87378,1784.5573,877.6295,-906.3572,1994.8395,818.3335,775.8241,1817.2112,1089.691,-993.4546,1989.9578,836.34827,843.2867,1812.403,1152.2343,-1085.728,1995.8062,832.2157,769.9427,1842.6951,1146.611,-1108.0028,1995.9048,828.94836,757.8511,1846.9152,1129.3082,-1003.0299,1898.4269,978.3947,250.17012,1838.7368,995.85297,-250.28053,1815.2765,1199.4465,809.402,2115.3164,1047.3752,-540.7685,1552.0354,1143.8558,1355.9868,2029.3971,1328.5149,-111.663246,1502.3988,1130.7797,1403.0436,1986.3809,1372.8982,-64.91603,1564.0483,1242.0193,1340.0295,2157.5637,1405.4852,-204.89737
IMG_5561 copy 6.JPG,1955.5647,454.24832,-653.45734,1938.9376,429.224,-609.4281,1936.8307,429.16406,-610.1948,1935.1826,428.96866,-610.2075,1932.8296,429.28366,-687.67065,1925.7365,429.75763,-688.5506,1917.9513,430.4758,-689.1744,1894.7838,444.0435,-365.89575,1871.6385,447.34366,-726.50244,1947.6567,481.2057,-551.55615,1941.7861,481.39096,-659.4362,1925.0455,602.47424,-21.817963,1782.6774,633.0277,-785.212,1991.4958,704.1597,467.87378,1784.5573,877.6295,-906.3572,1994.8395,818.3335,775.8241,1817.2112,1089.691,-993.4546,1989.9578,836.34827,843.2867,1812.403,1152.2343,-1085.728,1995.8062,832.2157,769.9427,1842.6951,1146.611,-1108.0028,1995.9048,828.94836,757.8511,1846.9152,1129.3082,-1003.0299,1898.4269,978.3947,250.17012,1838.7368,995.85297,-250.28053,1815.2765,1199.4465,809.402,2115.3164,1047.3752,-540.7685,1552.0354,1143.8558,1355.9868,2029.3971,1328.5149,-111.663246,1502.3988,1130.7797,1403.0436,1986.3809,1372.8982,-64.91603,1564.0483,1242.0193,1340.0295,2157.5637,1405.4852,-204.89737
IMG_5561 copy.JPG,1955.5647,454.24832,-653.45734,1938.9376,429.224,-609.4281,1936.8307,429.16406,-610.1948,1935.1826,428.96866,-610.2075,1932.8296,429.28366,-687.67065,1925.7365,429.75763,-688.5506,1917.9513,430.4758,-689.1744,1894.7838,444.0435,-365.89575,1871.6385,447.34366,-726.50244,1947.6567,481.2057,-551.55615,1941.7861,481.39096,-659.4362,1925.0455,602.47424,-21.817963,1782.6774,633.0277,-785.212,1991.4958,704.1597,467.87378,1784.5573,877.6295,-906.3572,1994.8395,818.3335,775.8241,1817.2112,1089.691,-993.4546,1989.9578,836.34827,843.2867,1812.403,1152.2343,-1085.728,1995.8062,832.2157,769.9427,1842.6951,1146.611,-1108.0028,1995.9048,828.94836,757.8511,1846.9152,1129.3082,-1003.0299,1898.4269,978.3947,250.17012,1838.7368,995.85297,-250.28053,1815.2765,1199.4465,809.402,2115.3164,1047.3752,-540.7685,1552.0354,1143.8558,1355.9868,2029.3971,1328.5149,-111.663246,1502.3988,1130.7797,1403.0436,1986.3809,1372.8982,-64.91603,1564.0483,1242.0193,1340.0295,2157.5637,1405.4852,-204.89737
IMG_5561.JPG,1955.5647,454.24832,-653.45734,1938.9376,429.224,-609.4281,1936.8307,429.16406,-610.1948,1935.1826,428.96866,-610.2075,1932.8296,429.28366,-687.67065,1925.7365,429.75763,-688.5506,1917.9513,430.4758,-689.1744,1894.7838,444.0435,-365.89575,1871.6385,447.34366,-726.50244,1947.6567,481.2057,-551.55615,1941.7861,481.39096,-659.4362,1925.0455,602.47424,-21.817963,1782.6774,633.0277,-785.212,1991.4958,704.1597,467.87378,1784.5573,877.6295,-906.3572,1994.8395,818.3335,775.8241,1817.2112,1089.691,-993.4546,1989.9578,836.34827,843.2867,1812.403,1152.2343,-1085.728,1995.8062,832.2157,769.9427,1842.6951,1146.611,-1108.0028,1995.9048,828.94836,757.8511,1846.9152,1129.3082,-1003.0299,1898.4269,978.3947,250.17012,1838.7368,995.85297,-250.28053,1815.2765,1199.4465,809.402,2115.3164,1047.3752,-540.7685,1552.0354,1143.8558,1355.9868,2029.3971,1328.5149,-111.663246,1502.3988,1130.7797,1403.0436,1986.3809,1372.8982,-64.91603,1564.0483,1242.0193,1340.0295,2157.5637,1405.4852,-204.89737
IMG_5562 copy 2.JPG,1871.2773,474.8753,-552.79205,1853.5934,449.77338,-517.53033,1850.5409,448.82642,-518.2484,1846.8121,447.8211,-518.2129,1850.5824,450.55725,-603.68115,1844.8765,450.55173,-604.5729,1837.8076,450.2928,-605.13293,1802.0563,460.56512,-307.04388,1789.5284,463.38147,-700.7701,1856.2267,500.89526,-459.41678,1852.9413,503.63342,-576.8405,1820.0264,619.9569,35.10952,1690.8003,650.3806,-786.17426,1847.6458,759.0573,511.79474,1718.6172,906.7352,-891.18225,1899.9648,823.8714,802.07745,1775.2319,1117.8323,-913.6781,1907.4503,832.02356,870.3902,1775.4662,1180.2789,-992.8413,1919.1327,827.15125,794.4778,1812.3627,1170.078,-1010.48456,1915.4019,827.1703,780.6435,1816.1562,1152.3651,-918.5329,1819.2627,999.7212,255.46556,1769.2626,1018.23315,-255.63614,1736.7385,1238.9899,706.14813,2055.3435,1062.2024,-390.023,1461.458,1186.6642,1191.8925,1985.0295,1351.2798,55.349396,1407.7638,1170.2561,1235.7009,1938.913,1400.8116,104.47211,1474.3682,1297.0248,1190.2413,2115.6594,1422.754,-1.6025457
IMG_5562 copy 3.JPG,1871.2773,474.8753,-552.79205,1853.5934,449.77338,-517.53033,1850.5409,448.82642,-518.2484,1846.8121,447.8211,-518.2129,1850.5824,450.55725,-603.68115,1844.8765,450.55173,-604.5729,1837.8076,450.2928,-605.13293,1802.0563,460.56512,-307.04388,1789.5284,463.38147,-700.7701,1856.2267,500.89526,-459.41678,1852.9413,503.63342,-576.8405,1820.0264,619.9569,35.10952,1690.8003,650.3806,-786.17426,1847.6458,759.0573,511.79474,1718.6172,906.7352,-891.18225,1899.9648,823.8714,802.07745,1775.2319,1117.8323,-913.6781,1907.4503,832.02356,870.3902,1775.4662,1180.2789,-992.8413,1919.1327,827.15125,794.4778,1812.3627,1170.078,-1010.48456,1915.4019,827.1703,780.6435,1816.1562,1152.3651,-918.5329,1819.2627,999.7212,255.46556,1769.2626,1018.23315,-255.63614,1736.7385,1238.9899,706.14813,2055.3435,1062.2024,-390.023,1461.458,1186.6642,1191.8925,1985.0295,1351.2798,55.349396,1407.7638,1170.2561,1235.7009,1938.913,1400.8116,104.47211,1474.3682,1297.0248,1190.2413,2115.6594,1422.754,-1.6025457
IMG_5562 copy 4.JPG,1871.2773,474.8753,-552.79205,1853.5934,449.77338,-517.53033,1850.5409,448.82642,-518.2484,1846.8121,447.8211,-518.2129,1850.5824,450.55725,-603.68115,1844.8765,450.55173,-604.5729,1837.8076,450.2928,-605.13293,1802.0563,460.56512,-307.04388,1789.5284,463.38147,-700.7701,1856.2267,500.89526,-459.41678,1852.9413,503.63342,-576.8405,1820.0264,619.9569,35.10952,1690.8003,650.3806,-786.17426,1847.6458,759.0573,511.79474,1718.6172,906.7352,-891.18225,1899.9648,823.8714,802.07745,1775.2319,1117.8323,-913.6781,1907.4503,832.02356,870.3902,1775.4662,1180.2789,-992.8413,1919.1327,827.15125,794.4778,1812.3627,1170.078,-1010.48456,1915.4019,827.1703,780.6435,1816.1562,1152.3651,-918.5329,1819.2627,999.7212,255.46556,1769.2626,1018.23315,-255.63614,1736.7385,1238.9899,706.14813,2055.3435,1062.2024,-390.023,1461.458,1186.6642,1191.8925,1985.0295,1351.2798,55.349396,1407.7638,1170.2561,1235.7009,1938.913,1400.8116,104.47211,1474.3682,1297.0248,1190.2413,2115.6594,1422.754,-1.6025457
IMG_5562 copy 5.JPG,1871.2773,474.8753,-552.79205,1853.5934,449.77338,-517.53033,1850.5409,448.82642,-518.2484,1846.8121,447.8211,-518.2129,1850.5824,450.55725,-603.68115,1844.8765,450.55173,-604.5729,1837.8076,450.2928,-605.13293,1802.0563,460.56512,-307.04388,1789.5284,463.38147,-700.7701,1856.2267,500.89526,-459.41678,1852.9413,503.63342,-576.8405,1820.0264,619.9569,35.10952,1690.8003,650.3806,-786.17426,1847.6458,759.0573,511.79474,1718.6172,906.7352,-891.18225,1899.9648,823.8714,802.07745,1775.2319,1117.8323,-913.6781,1907.4503,832.02356,870.3902,1775.4662,1180.2789,-992.8413,1919.1327,827.15125,794.4778,1812.3627,1170.078,-1010.48456,1915.4019,827.1703,780.6435,1816.1562,1152.3651,-918.5329,1819.2627,999.7212,255.46556,1769.2626,1018.23315,-255.63614,1736.7385,1238.9899,706.14813,2055.3435,1062.2024,-390.023,1461.458,1186.6642,1191.8925,1985.0295,1351.2798,55.349396,1407.7638,1170.2561,1235.7009,1938.913,1400.8116,104.47211,1474.3682,1297.0248,1190.2413,2115.6594,1422.754,-1.6025457
IMG_5562 copy 6.JPG,1871.2773,474.8753,-552.79205,1853.5934,449.77338,-517.53033,1850.5409,448.82642,-518.2484,1846.8121,447.8211,-518.2129,1850.5824,450.55725,-603.68115,1844.8765,450.55173,-604.5729,1837.8076,450.2928,-605.13293,1802.0563,460.56512,-307.04388,1789.5284,463.38147,-700.7701,1856.2267,500.89526,-459.41678,1852.9413,503.63342,-576.8405,1820.0264,619.9569,35.10952,1690.8003,650.3806,-786.17426,1847.6458,759.0573,511.79474,1718.6172,906.7352,-891.18225,1899.9648,823.8714,802.07745,1775.2319,1117.8323,-913.6781,1907.4503,832.02356,870.3902,1775.4662,1180.2789,-992.8413,1919.1327,827.15125,794.4778,1812.3627,1170.078,-1010.48456,1915.4019,827.1703,780.6435,1816.1562,1152.3651,-918.5329,1819.2627,999.7212,255.46556,1769.2626,1018.23315,-255.63614,1736.7385,1238.9899,706.14813,2055.3435,1062.2024,-390.023,1461.458,1186.6642,1191.8925,1985.0295,1351.2798,55.349396,1407.7638,1170.2561,1235.7009,1938.913,1400.8116,104.47211,1474.3682,1297.0248,1190.2413,2115.6594,1422.754,-1.6025457
IMG_5562 copy.JPG,1871.2773,474.8753,-552.79205,1853.5934,449.77338,-517.53033,1850.5409,448.82642,-518.2484,1846.8121,447.8211,-518.2129,1850.5824,450.55725,-603.68115,1844.8765,450.55173,-604.5729,1837.8076,450.2928,-605.13293,1802.0563,460.56512,-307.04388,1789.5284,463.38147,-700.7701,1856.2267,500.89526,-459.41678,1852.9413,503.63342,-576.8405,1820.0264,619.9569,35.10952,1690.8003,650.3806,-786.17426,1847.6458,759.0573,511.79474,1718.6172,906.7352,-891.18225,1899.9648,823.8714,802.07745,1775.2319,1117.8323,-913.6781,1907.4503,832.02356,870.3902,1775.4662,1180.2789,-992.8413,1919.1327,827.15125,794.4778,1812.3627,1170.078,-1010.48456,1915.4019,827.1703,780.6435,1816.1562,1152.3651,-918.5329,1819.2627,999.7212,255.46556,1769.2626,1018.23315,-255.63614,1736.7385,1238.9899,706.14813,2055.3435,1062.2024,-390.023,1461.458,1186.6642,1191.8925,1985.0295,1351.2798,55.349396,1407.7638,1170.2561,1235.7009,1938.913,1400.8116,104.47211,1474.3682,1297.0248,1190.2413,2115.6594,1422.754,-1.6025457
IMG_5562.JPG,1871.2773,474.8753,-552.79205,1853.5934,449.77338,-517.53033,1850.5409,448.82642,-518.2484,1846.8121,447.8211,-518.2129,1850.5824,450.55725,-603.68115,1844.8765,450.55173,-604.5729,1837.8076,450.2928,-605.13293,1802.0563,460.56512,-307.04388,1789.5284,463.38147,-700.7701,1856.2267,500.89526,-459.41678,1852.9413,503.63342,-576.8405,1820.0264,619.9569,35.10952,1690.8003,650.3806,-786.17426,1847.6458,759.0573,511.79474,1718.6172,906.7352,-891.18225,1899.9648,823.8714,802.07745,1775.2319,1117.8323,-913.6781,1907.4503,832.02356,870.3902,1775.4662,1180.2789,-992.8413,1919.1327,827.15125,794.4778,1812.3627,1170.078,-1010.48456,1915.4019,827.1703,780.6435,1816.1562,1152.3651,-918.5329,1819.2627,999.7212,255.46556,1769.2626,1018.23315,-255.63614,1736.7385,1238.9899,706.14813,2055.3435,1062.2024,-390.023,1461.458,1186.6642,1191.8925,1985.0295,1351.2798,55.349396,1407.7638,1170.2561,1235.7009,1938.913,1400.8116,104.47211,1474.3682,1297.0248,1190.2413,2115.6594,1422.754,-1.6025457
IMG_5564.JPG,2033.297,353.09818,-382.8688,2014.1377,319.23782,-352.27222,2009.8083,319.57004,-352.8538,2004.569,320.21646,-352.62845,2014.7866,320.46225,-453.89893,2011.1792,321.5712,-454.6827,2007.0078,322.67932,-454.91727,1964.5613,336.20126,-191.19609,1970.5964,338.72858,-648.07043,2020.667,382.81384,-304.71866,2020.7126,384.63068,-440.54807,1871.4347,505.72705,176.33733,1958.3966,532.91785,-874.24084,1885.1737,740.7922,361.23627,1985.0935,793.5403,-955.0914,1968.3533,898.99426,245.12439,2069.0657,998.2259,-762.31366,1979.887,931.76514,253.2575,2078.9453,1057.7058,-846.8132,1991.7362,921.72424,165.76822,2102.3171,1049.1807,-829.5561,1991.394,937.7474,204.7109,2100.4343,1033.5497,-747.4301,1859.757,917.33484,327.4072,1944.4398,919.38727,-328.09512,1757.6484,1148.4324,767.0574,2225.8613,926.4123,153.45918,1451.3448,1169.9418,1016.90845,2128.6033,1195.6348,722.2106,1386.7977,1171.8882,1037.4346,2085.9146,1252.9451,780.14813,1484.0972,1280.0293,1013.9701,2248.5747,1237.3104,797.23755
IMG_5565.JPG,1912.3708,252.90059,-259.1299,1891.172,221.18335,-246.57286,1883.8864,220.96147,-247.17712,1876.4789,221.03223,-247.0728,1894.1466,223.47105,-336.48004,1890.3424,224.56819,-337.25864,1886.5312,225.47203,-337.4904,1840.4222,235.06648,-152.09074,1858.1854,239.36107,-556.9482,1892.6173,285.16544,-201.94226,1896.028,285.9951,-323.1902,1710.3837,408.60892,156.4263,1860.5687,436.8743,-747.8777,1752.4572,656.9293,380.70996,1895.9949,709.7158,-819.7132,1854.2805,840.92676,376.38022,1984.5199,916.2988,-622.9595,1869.6194,846.221,398.11377,1995.911,986.1923,-684.2803,1892.4965,837.83575,316.42767,2015.7864,982.4105,-678.6472,1888.5405,865.64813,341.8633,2012.9691,961.84625,-612.7049,1737.5597,853.77527,278.87677,1862.7631,844.7756,-279.93213,1640.1343,1102.9406,676.15814,2130.3704,847.0766,259.78186,1323.1587,1154.9653,766.63654,2037.3475,1149.5364,761.9685,1255.4409,1153.8094,769.5482,2000.2747,1210.4086,812.1196,1347.4089,1275.2112,705.01276,2146.8857,1175.3461,806.95685
IMG_5566.JPG,1783.6332,224.93694,112.424545,1763.1171,187.20607,95.536865,1752.9318,187.20691,94.885445,1741.7754,186.97719,94.83006,1772.7053,188.90688,2.0214925,1771.3651,189.90466,1.1581086,1770.302,190.37395,1.0644196,1698.124,205.1254,40.70157,1745.9401,208.46617,-376.74362,1765.8268,261.7504,119.83505,1772.8608,262.50128,-5.339642,1536.6034,433.3543,272.84378,1785.3145,460.13586,-656.61847,1555.1659,703.9395,647.9714,1816.0375,796.248,-726.9887,1645.9504,908.877,918.63934,1909.0073,1022.021,-444.01862,1668.1472,946.03766,976.0785,1921.5599,1092.2997,-486.73178,1688.6354,944.6005,898.38855,1946.6466,1082.7306,-477.9081,1687.4149,932.3663,891.9938,1938.4222,1057.625,-430.4499,1585.0573,964.3179,279.73755,1744.8951,947.72217,-281.1256,1489.3428,1279.7122,549.39166,2026.0393,949.5112,451.2307,1102.8633,1365.5394,454.7368,1934.4154,1295.522,1063.5306,1006.53796,1383.6223,441.5842,1897.6764,1364.6465,1126.9958,1145.6714,1514.5675,408.14398,2051.432,1311.039,1220.9464
IMG_5567.JPG,1724.0656,60.73572,339.41095,1700.6954,21.144138,266.1891,1685.115,21.344355,265.46802,1668.026,21.461073,265.33917,1734.1042,21.282335,198.37416,1744.5868,21.12313,197.38708,1754.865,20.198465,197.26596,1628.2325,45.74258,4.346442,1765.9094,44.083378,-293.8043,1704.9213,98.96202,280.43143,1743.045,97.91161,189.30806,1483.0284,306.95016,148.98346,1819.8027,315.67175,-583.2477,1530.2291,636.4618,438.11356,1862.2645,699.01074,-552.7088,1663.1342,827.7011,661.4886,1959.7694,943.96716,-195.67651,1697.1182,859.86383,692.86475,1978.6893,1028.508,-223.22163,1723.8639,851.4506,619.83563,1990.8221,1015.2453,-232.91263,1719.7017,840.8183,635.1029,1980.86,979.2672,-188.58531,1567.6417,901.2369,231.30707,1775.5833,875.3358,-232.90215,1470.3807,1271.1063,588.25024,2046.9576,871.0672,582.5921,1070.2064,1433.3236,539.2751,1954.2024,1263.1716,1292.8053,954.6387,1436.6167,529.87866,1925.1322,1336.9597,1367.3898,1090.0656,1610.771,469.18622,2062.7927,1265.5647,1474.2799
IMG_5572 copy 2.png,1384.7578,292.7672,-764.8043,1422.2723,250.8262,-833.9811,1429.8552,252.58453,-835.12476,1437.8016,254.1144,-834.96216,1418.8221,247.82867,-723.5589,1423.5958,247.53976,-724.72437,1428.8383,246.86554,-725.39514,1520.1467,292.36725,-950.35443,1503.7172,288.3263,-454.97333,1403.7998,348.466,-786.6748,1394.348,346.61868,-650.3203,1632.7517,628.47784,-1119.6398,1549.6705,559.9463,-7.6932073,1641.8912,1049.5055,-1151.1418,1598.5055,915.41974,9.758092,1568.5194,1396.829,-1014.7748,1539.6483,1088.0464,-272.12164,1567.4762,1505.9994,-1091.7897,1502.1675,1122.2119,-307.16034,1510.5758,1494.1034,-1107.1816,1487.0477,1108.3413,-381.21286,1507.1134,1465.3589,-1008.0508,1507.1179,1094.7545,-317.54474,1647.2117,1210.4817,-351.58945,1530.7766,1151.6918,351.328,1843.982,1636.639,-214.78516,1110.852,1219.725,482.00427,2340.13,1541.5477,102.65572,1268.399,1646.3315,553.2471,2437.9595,1523.9169,128.1206,1350.6643,1724.1771,555.5896,2288.1794,1733.4757,5.625103,1061.9106,1773.896,494.49435
IMG_5572 copy 3.png,1384.7578,292.7672,-764.8043,1422.2723,250.8262,-833.9811,1429.8552,252.58453,-835.12476,1437.8016,254.1144,-834.96216,1418.8221,247.82867,-723.5589,1423.5958,247.53976,-724.72437,1428.8383,246.86554,-725.39514,1520.1467,292.36725,-950.35443,1503.7172,288.3263,-454.97333,1403.7998,348.466,-786.6748,1394.348,346.61868,-650.3203,1632.7517,628.47784,-1119.6398,1549.6705,559.9463,-7.6932073,1641.8912,1049.5055,-1151.1418,1598.5055,915.41974,9.758092,1568.5194,1396.829,-1014.7748,1539.6483,1088.0464,-272.12164,1567.4762,1505.9994,-1091.7897,1502.1675,1122.2119,-307.16034,1510.5758,1494.1034,-1107.1816,1487.0477,1108.3413,-381.21286,1507.1134,1465.3589,-1008.0508,1507.1179,1094.7545,-317.54474,1647.2117,1210.4817,-351.58945,1530.7766,1151.6918,351.328,1843.982,1636.639,-214.78516,1110.852,1219.725,482.00427,2340.13,1541.5477,102.65572,1268.399,1646.3315,553.2471,2437.9595,1523.9169,128.1206,1350.6643,1724.1771,555.5896,2288.1794,1733.4757,5.625103,1061.9106,1773.896,494.49435
IMG_5572 copy 4.png,1384.7578,292.7672,-764.8043,1422.2723,250.8262,-833.9811,1429.8552,252.58453,-835.12476,1437.8016,254.1144,-834.96216,1418.8221,247.82867,-723.5589,1423.5958,247.53976,-724.72437,1428.8383,246.86554,-725.39514,1520.1467,292.36725,-950.35443,1503.7172,288.3263,-454.97333,1403.7998,348.466,-786.6748,1394.348,346.61868,-650.3203,1632.7517,628.47784,-1119.6398,1549.6705,559.9463,-7.6932073,1641.8912,1049.5055,-1151.1418,1598.5055,915.41974,9.758092,1568.5194,1396.829,-1014.7748,1539.6483,1088.0464,-272.12164,1567.4762,1505.9994,-1091.7897,1502.1675,1122.2119,-307.16034,1510.5758,1494.1034,-1107.1816,1487.0477,1108.3413,-381.21286,1507.1134,1465.3589,-1008.0508,1507.1179,1094.7545,-317.54474,1647.2117,1210.4817,-351.58945,1530.7766,1151.6918,351.328,1843.982,1636.639,-214.78516,1110.852,1219.725,482.00427,2340.13,1541.5477,102.65572,1268.399,1646.3315,553.2471,2437.9595,1523.9169,128.1206,1350.6643,1724.1771,555.5896,2288.1794,1733.4757,5.625103,1061.9106,1773.896,494.49435
IMG_5572 copy 5.png,1384.7578,292.7672,-764.8043,1422.2723,250.8262,-833.9811,1429.8552,252.58453,-835.12476,1437.8016,254.1144,-834.96216,1418.8221,247.82867,-723.5589,1423.5958,247.53976,-724.72437,1428.8383,246.86554,-725.39514,1520.1467,292.36725,-950.35443,1503.7172,288.3263,-454.97333,1403.7998,348.466,-786.6748,1394.348,346.61868,-650.3203,1632.7517,628.47784,-1119.6398,1549.6705,559.9463,-7.6932073,1641.8912,1049.5055,-1151.1418,1598.5055,915.41974,9.758092,1568.5194,1396.829,-1014.7748,1539.6483,1088.0464,-272.12164,1567.4762,1505.9994,-1091.7897,1502.1675,1122.2119,-307.16034,1510.5758,1494.1034,-1107.1816,1487.0477,1108.3413,-381.21286,1507.1134,1465.3589,-1008.0508,1507.1179,1094.7545,-317.54474,1647.2117,1210.4817,-351.58945,1530.7766,1151.6918,351.328,1843.982,1636.639,-214.78516,1110.852,1219.725,482.00427,2340.13,1541.5477,102.65572,1268.399,1646.3315,553.2471,2437.9595,1523.9169,128.1206,1350.6643,1724.1771,555.5896,2288.1794,1733.4757,5.625103,1061.9106,1773.896,494.49435
IMG_5572 copy 6.png,1384.7578,292.7672,-764.8043,1422.2723,250.8262,-833.9811,1429.8552,252.58453,-835.12476,1437.8016,254.1144,-834.96216,1418.8221,247.82867,-723.5589,1423.5958,247.53976,-724.72437,1428.8383,246.86554,-725.39514,1520.1467,292.36725,-950.35443,1503.7172,288.3263,-454.97333,1403.7998,348.466,-786.6748,1394.348,346.61868,-650.3203,1632.7517,628.47784,-1119.6398,1549.6705,559.9463,-7.6932073,1641.8912,1049.5055,-1151.1418,1598.5055,915.41974,9.758092,1568.5194,1396.829,-1014.7748,1539.6483,1088.0464,-272.12164,1567.4762,1505.9994,-1091.7897,1502.1675,1122.2119,-307.16034,1510.5758,1494.1034,-1107.1816,1487.0477,1108.3413,-381.21286,1507.1134,1465.3589,-1008.0508,1507.1179,1094.7545,-317.54474,1647.2117,1210.4817,-351.58945,1530.7766,1151.6918,351.328,1843.982,1636.639,-214.78516,1110.852,1219.725,482.00427,2340.13,1541.5477,102.65572,1268.399,1646.3315,553.2471,2437.9595,1523.9169,128.1206,1350.6643,1724.1771,555.5896,2288.1794,1733.4757,5.625103,1061.9106,1773.896,494.49435
IMG_5572 copy.png,1384.7578,292.7672,-764.8043,1422.2723,250.8262,-833.9811,1429.8552,252.58453,-835.12476,1437.8016,254.1144,-834.96216,1418.8221,247.82867,-723.5589,1423.5958,247.53976,-724.72437,1428.8383,246.86554,-725.39514,1520.1467,292.36725,-950.35443,1503.7172,288.3263,-454.97333,1403.7998,348.466,-786.6748,1394.348,346.61868,-650.3203,1632.7517,628.47784,-1119.6398,1549.6705,559.9463,-7.6932073,1641.8912,1049.5055,-1151.1418,1598.5055,915.41974,9.758092,1568.5194,1396.829,-1014.7748,1539.6483,1088.0464,-272.12164,1567.4762,1505.9994,-1091.7897,1502.1675,1122.2119,-307.16034,1510.5758,1494.1034,-1107.1816,1487.0477,1108.3413,-381.21286,1507.1134,1465.3589,-1008.0508,1507.1179,1094.7545,-317.54474,1647.2117,1210.4817,-351.58945,1530.7766,1151.6918,351.328,1843.982,1636.639,-214.78516,1110.852,1219.725,482.00427,2340.13,1541.5477,102.65572,1268.399,1646.3315,553.2471,2437.9595,1523.9169,128.1206,1350.6643,1724.1771,555.5896,2288.1794,1733.4757,5.625103,1061.9106,1773.896,494.49435
IMG_5572.png,1384.7578,292.7672,-764.8043,1422.2723,250.8262,-833.9811,1429.8552,252.58453,-835.12476,1437.8016,254.1144,-834.96216,1418.8221,247.82867,-723.5589,1423.5958,247.53976,-724.72437,1428.8383,246.86554,-725.39514,1520.1467,292.36725,-950.35443,1503.7172,288.3263,-454.97333,1403.7998,348.466,-786.6748,1394.348,346.61868,-650.3203,1632.7517,628.47784,-1119.6398,1549.6705,559.9463,-7.6932073,1641.8912,1049.5055,-1151.1418,1598.5055,915.41974,9.758092,1568.5194,1396.829,-1014.7748,1539.6483,1088.0464,-272.12164,1567.4762,1505.9994,-1091.7897,1502.1675,1122.2119,-307.16034,1510.5758,1494.1034,-1107.1816,1487.0477,1108.3413,-381.21286,1507.1134,1465.3589,-1008.0508,1507.1179,1094.7545,-317.54474,1647.2117,1210.4817,-351.58945,1530.7766,1151.6918,351.328,1843.982,1636.639,-214.78516,1110.852,1219.725,482.00427,2340.13,1541.5477,102.65572,1268.399,1646.3315,553.2471,2437.9595,1523.9169,128.1206,1350.6643,1724.1771,555.5896,2288.1794,1733.4757,5.625103,1061.9106,1773.896,494.49435
IMG_5575 copy 2.JPG,1662.9442,209.12074,-1466.8661,1704.092,169.14897,-1426.058,1725.0612,170.17265,-1427.3633,1744.2556,172.27867,-1427.554,1657.0577,168.55736,-1397.7971,1644.2451,168.34262,-1398.9247,1633.896,167.49779,-1399.7166,1797.034,201.81189,-1102.2174,1639.7009,186.84908,-986.1308,1702.2471,261.74844,-1339.554,1645.5537,256.90894,-1311.6311,1953.8407,483.20956,-894.83386,1515.1023,466.76245,-664.13855,1995.8757,858.76575,-803.6083,1487.9391,808.10754,-695.5725,2012.672,1170.8008,-943.37805,1426.4552,1087.3859,-1005.1765,2025.3253,1280.0844,-1031.1357,1415.0255,1166.3005,-1108.585,1993.189,1273.7971,-1123.5841,1420.6075,1168.6274,-1224.0696,1975.4857,1239.692,-977.1954,1432.7094,1139.8109,-1066.4893,1854.7446,1007.90015,8.9469185,1626.3677,990.9735,-9.410652,1962.5238,1344.4504,544.97296,1473.23,1225.0624,-1089.5256,2045.8727,1152.663,1962.5055,1561.7249,1598.8942,-450.27267,2060.7805,1124.5538,2095.4265,1610.4967,1631.3828,-385.0417,2058.3577,1303.4099,1958.1998,1492.8181,1812.9631,-705.9176
IMG_5575 copy 3.JPG,1662.9442,209.12074,-1466.8661,1704.092,169.14897,-1426.058,1725.0612,170.17265,-1427.3633,1744.2556,172.27867,-1427.554,1657.0577,168.55736,-1397.7971,1644.2451,168.34262,-1398.9247,1633.896,167.49779,-1399.7166,1797.034,201.81189,-1102.2174,1639.7009,186.84908,-986.1308,1702.2471,261.74844,-1339.554,1645.5537,256.90894,-1311.6311,1953.8407,483.20956,-894.83386,1515.1023,466.76245,-664.13855,1995.8757,858.76575,-803.6083,1487.9391,808.10754,-695.5725,2012.672,1170.8008,-943.37805,1426.4552,1087.3859,-1005.1765,2025.3253,1280.0844,-1031.1357,1415.0255,1166.3005,-1108.585,1993.189,1273.7971,-1123.5841,1420.6075,1168.6274,-1224.0696,1975.4857,1239.692,-977.1954,1432.7094,1139.8109,-1066.4893,1854.7446,1007.90015,8.9469185,1626.3677,990.9735,-9.410652,1962.5238,1344.4504,544.97296,1473.23,1225.0624,-1089.5256,2045.8727,1152.663,1962.5055,1561.7249,1598.8942,-450.27267,2060.7805,1124.5538,2095.4265,1610.4967,1631.3828,-385.0417,2058.3577,1303.4099,1958.1998,1492.8181,1812.9631,-705.9176
IMG_5575 copy 4.JPG,1662.9442,209.12074,-1466.8661,1704.092,169.14897,-1426.058,1725.0612,170.17265,-1427.3633,1744.2556,172.27867,-1427.554,1657.0577,168.55736,-1397.7971,1644.2451,168.34262,-1398.9247,1633.896,167.49779,-1399.7166,1797.034,201.81189,-1102.2174,1639.7009,186.84908,-986.1308,1702.2471,261.74844,-1339.554,1645.5537,256.90894,-1311.6311,1953.8407,483.20956,-894.83386,1515.1023,466.76245,-664.13855,1995.8757,858.76575,-803.6083,1487.9391,808.10754,-695.5725,2012.672,1170.8008,-943.37805,1426.4552,1087.3859,-1005.1765,2025.3253,1280.0844,-1031.1357,1415.0255,1166.3005,-1108.585,1993.189,1273.7971,-1123.5841,1420.6075,1168.6274,-1224.0696,1975.4857,1239.692,-977.1954,1432.7094,1139.8109,-1066.4893,1854.7446,1007.90015,8.9469185,1626.3677,990.9735,-9.410652,1962.5238,1344.4504,544.97296,1473.23,1225.0624,-1089.5256,2045.8727,1152.663,1962.5055,1561.7249,1598.8942,-450.27267,2060.7805,1124.5538,2095.4265,1610.4967,1631.3828,-385.0417,2058.3577,1303.4099,1958.1998,1492.8181,1812.9631,-705.9176
IMG_5575 copy 5.JPG,1662.9442,209.12074,-1466.8661,1704.092,169.14897,-1426.058,1725.0612,170.17265,-1427.3633,1744.2556,172.27867,-1427.554,1657.0577,168.55736,-1397.7971,1644.2451,168.34262,-1398.9247,1633.896,167.49779,-1399.7166,1797.034,201.81189,-1102.2174,1639.7009,186.84908,-986.1308,1702.2471,261.74844,-1339.554,1645.5537,256.90894,-1311.6311,1953.8407,483.20956,-894.83386,1515.1023,466.76245,-664.13855,1995.8757,858.76575,-803.6083,1487.9391,808.10754,-695.5725,2012.672,1170.8008,-943.37805,1426.4552,1087.3859,-1005.1765,2025.3253,1280.0844,-1031.1357,1415.0255,1166.3005,-1108.585,1993.189,1273.7971,-1123.5841,1420.6075,1168.6274,-1224.0696,1975.4857,1239.692,-977.1954,1432.7094,1139.8109,-1066.4893,1854.7446,1007.90015,8.9469185,1626.3677,990.9735,-9.410652,1962.5238,1344.4504,544.97296,1473.23,1225.0624,-1089.5256,2045.8727,1152.663,1962.5055,1561.7249,1598.8942,-450.27267,2060.7805,1124.5538,2095.4265,1610.4967,1631.3828,-385.0417,2058.3577,1303.4099,1958.1998,1492.8181,1812.9631,-705.9176
IMG_5575 copy 6.JPG,1662.9442,209.12074,-1466.8661,1704.092,169.14897,-1426.058,1725.0612,170.17265,-1427.3633,1744.2556,172.27867,-1427.554,1657.0577,168.55736,-1397.7971,1644.2451,168.34262,-1398.9247,1633.896,167.49779,-1399.7166,1797.034,201.81189,-1102.2174,1639.7009,186.84908,-986.1308,1702.2471,261.74844,-1339.554,1645.5537,256.90894,-1311.6311,1953.8407,483.20956,-894.83386,1515.1023,466.76245,-664.13855,1995.8757,858.76575,-803.6083,1487.9391,808.10754,-695.5725,2012.672,1170.8008,-943.37805,1426.4552,1087.3859,-1005.1765,2025.3253,1280.0844,-1031.1357,1415.0255,1166.3005,-1108.585,1993.189,1273.7971,-1123.5841,1420.6075,1168.6274,-1224.0696,1975.4857,1239.692,-977.1954,1432.7094,1139.8109,-1066.4893,1854.7446,1007.90015,8.9469185,1626.3677,990.9735,-9.410652,1962.5238,1344.4504,544.97296,1473.23,1225.0624,-1089.5256,2045.8727,1152.663,1962.5055,1561.7249,1598.8942,-450.27267,2060.7805,1124.5538,2095.4265,1610.4967,1631.3828,-385.0417,2058.3577,1303.4099,1958.1998,1492.8181,1812.9631,-705.9176
IMG_5575 copy.JPG,1662.9442,209.12074,-1466.8661,1704.092,169.14897,-1426.058,1725.0612,170.17265,-1427.3633,1744.2556,172.27867,-1427.554,1657.0577,168.55736,-1397.7971,1644.2451,168.34262,-1398.9247,1633.896,167.49779,-1399.7166,1797.034,201.81189,-1102.2174,1639.7009,186.84908,-986.1308,1702.2471,261.74844,-1339.554,1645.5537,256.90894,-1311.6311,1953.8407,483.20956,-894.83386,1515.1023,466.76245,-664.13855,1995.8757,858.76575,-803.6083,1487.9391,808.10754,-695.5725,2012.672,1170.8008,-943.37805,1426.4552,1087.3859,-1005.1765,2025.3253,1280.0844,-1031.1357,1415.0255,1166.3005,-1108.585,1993.189,1273.7971,-1123.5841,1420.6075,1168.6274,-1224.0696,1975.4857,1239.692,-977.1954,1432.7094,1139.8109,-1066.4893,1854.7446,1007.90015,8.9469185,1626.3677,990.9735,-9.410652,1962.5238,1344.4504,544.97296,1473.23,1225.0624,-1089.5256,2045.8727,1152.663,1962.5055,1561.7249,1598.8942,-450.27267,2060.7805,1124.5538,2095.4265,1610.4967,1631.3828,-385.0417,2058.3577,1303.4099,1958.1998,1492.8181,1812.9631,-705.9176
IMG_5575.JPG,1662.9442,209.12074,-1466.8661,1704.092,169.14897,-1426.058,1725.0612,170.17265,-1427.3633,1744.2556,172.27867,-1427.554,1657.0577,168.55736,-1397.7971,1644.2451,168.34262,-1398.9247,1633.896,167.49779,-1399.7166,1797.034,201.81189,-1102.2174,1639.7009,186.84908,-986.1308,1702.2471,261.74844,-1339.554,1645.5537,256.90894,-1311.6311,1953.8407,483.20956,-894.83386,1515.1023,466.76245,-664.13855,1995.8757,858.76575,-803.6083,1487.9391,808.10754,-695.5725,2012.672,1170.8008,-943.37805,1426.4552,1087.3859,-1005.1765,2025.3253,1280.0844,-1031.1357,1415.0255,1166.3005,-1108.585,1993.189,1273.7971,-1123.5841,1420.6075,1168.6274,-1224.0696,1975.4857,1239.692,-977.1954,1432.7094,1139.8109,-1066.4893,1854.7446,1007.90015,8.9469185,1626.3677,990.9735,-9.410652,1962.5238,1344.4504,544.97296,1473.23,1225.0624,-1089.5256,2045.8727,1152.663,1962.5055,1561.7249,1598.8942,-450.27267,2060.7805,1124.5538,2095.4265,1610.4967,1631.3828,-385.0417,2058.3577,1303.4099,1958.1998,1492.8181,1812.9631,-705.9176
IMG_5576 copy 2.JPG,1704.7556,432.15674,-1406.5096,1750.2749,390.55933,-1368.1793,1769.9313,392.05884,-1369.4518,1787.6083,394.56494,-1369.7301,1700.975,391.61285,-1332.8073,1689.6133,393.26346,-1333.9496,1679.0616,394.64014,-1334.7701,1838.1938,419.0933,-1067.4578,1686.7615,413.426,-919.0596,1744.9963,483.314,-1288.8827,1688.8931,477.56543,-1251.4406,1990.8634,699.7341,-902.7752,1564.5305,677.8871,-590.1935,2036.934,1085.5446,-857.62054,1531.6154,1012.5067,-649.5714,2058.6228,1393.6136,-1020.542,1463.6898,1288.3706,-1007.6677,2081.9128,1492.1179,-1118.8992,1444.1835,1372.2621,-1110.599,2034.8552,1490.9305,-1207.7803,1450.3539,1375.3569,-1224.1923,2014.1996,1454.5911,-1054.2887,1466.7255,1346.3586,-1068.8401,1895.2538,1222.3915,-26.375818,1663.6488,1203.7852,25.794823,2005.3289,1558.8813,373.8552,1505.5704,1447.1835,-979.07446,2075.0781,1366.0687,1823.7292,1598.0637,1821.8279,-367.54565,2088.9636,1342.3972,1963.687,1654.5575,1865.449,-306.24457,2109.972,1514.9314,1877.5114,1533.5964,1993.9343,-585.1149
IMG_5576 copy 3.JPG,1704.7556,432.15674,-1406.5096,1750.2749,390.55933,-1368.1793,1769.9313,392.05884,-1369.4518,1787.6083,394.56494,-1369.7301,1700.975,391.61285,-1332.8073,1689.6133,393.26346,-1333.9496,1679.0616,394.64014,-1334.7701,1838.1938,419.0933,-1067.4578,1686.7615,413.426,-919.0596,1744.9963,483.314,-1288.8827,1688.8931,477.56543,-1251.4406,1990.8634,699.7341,-902.7752,1564.5305,677.8871,-590.1935,2036.934,1085.5446,-857.62054,1531.6154,1012.5067,-649.5714,2058.6228,1393.6136,-1020.542,1463.6898,1288.3706,-1007.6677,2081.9128,1492.1179,-1118.8992,1444.1835,1372.2621,-1110.599,2034.8552,1490.9305,-1207.7803,1450.3539,1375.3569,-1224.1923,2014.1996,1454.5911,-1054.2887,1466.7255,1346.3586,-1068.8401,1895.2538,1222.3915,-26.375818,1663.6488,1203.7852,25.794823,2005.3289,1558.8813,373.8552,1505.5704,1447.1835,-979.07446,2075.0781,1366.0687,1823.7292,1598.0637,1821.8279,-367.54565,2088.9636,1342.3972,1963.687,1654.5575,1865.449,-306.24457,2109.972,1514.9314,1877.5114,1533.5964,1993.9343,-585.1149
IMG_5576 copy 4.JPG,1704.7556,432.15674,-1406.5096,1750.2749,390.55933,-1368.1793,1769.9313,392.05884,-1369.4518,1787.6083,394.56494,-1369.7301,1700.975,391.61285,-1332.8073,1689.6133,393.26346,-1333.9496,1679.0616,394.64014,-1334.7701,1838.1938,419.0933,-1067.4578,1686.7615,413.426,-919.0596,1744.9963,483.314,-1288.8827,1688.8931,477.56543,-1251.4406,1990.8634,699.7341,-902.7752,1564.5305,677.8871,-590.1935,2036.934,1085.5446,-857.62054,1531.6154,1012.5067,-649.5714,2058.6228,1393.6136,-1020.542,1463.6898,1288.3706,-1007.6677,2081.9128,1492.1179,-1118.8992,1444.1835,1372.2621,-1110.599,2034.8552,1490.9305,-1207.7803,1450.3539,1375.3569,-1224.1923,2014.1996,1454.5911,-1054.2887,1466.7255,1346.3586,-1068.8401,1895.2538,1222.3915,-26.375818,1663.6488,1203.7852,25.794823,2005.3289,1558.8813,373.8552,1505.5704,1447.1835,-979.07446,2075.0781,1366.0687,1823.7292,1598.0637,1821.8279,-367.54565,2088.9636,1342.3972,1963.687,1654.5575,1865.449,-306.24457,2109.972,1514.9314,1877.5114,1533.5964,1993.9343,-585.1149
IMG_5576 copy 5.JPG,1704.7556,432.15674,-1406.5096,1750.2749,390.55933,-1368.1793,1769.9313,392.05884,-1369.4518,1787.6083,394.56494,-1369.7301,1700.975,391.61285,-1332.8073,1689.6133,393.26346,-1333.9496,1679.0616,394.64014,-1334.7701,1838.1938,419.0933,-1067.4578,1686.7615,413.426,-919.0596,1744.9963,483.314,-1288.8827,1688.8931,477.56543,-1251.4406,1990.8634,699.7341,-902.7752,1564.5305,677.8871,-590.1935,2036.934,1085.5446,-857.62054,1531.6154,1012.5067,-649.5714,2058.6228,1393.6136,-1020.542,1463.6898,1288.3706,-1007.6677,2081.9128,1492.1179,-1118.8992,1444.1835,1372.2621,-1110.599,2034.8552,1490.9305,-1207.7803,1450.3539,1375.3569,-1224.1923,2014.1996,1454.5911,-1054.2887,1466.7255,1346.3586,-1068.8401,1895.2538,1222.3915,-26.375818,1663.6488,1203.7852,25.794823,2005.3289,1558.8813,373.8552,1505.5704,1447.1835,-979.07446,2075.0781,1366.0687,1823.7292,1598.0637,1821.8279,-367.54565,2088.9636,1342.3972,1963.687,1654.5575,1865.449,-306.24457,2109.972,1514.9314,1877.5114,1533.5964,1993.9343,-585.1149
IMG_5576 copy 6.JPG,1704.7556,432.15674,-1406.5096,1750.2749,390.55933,-1368.1793,1769.9313,392.05884,-1369.4518,1787.6083,394.56494,-1369.7301,1700.975,391.61285,-1332.8073,1689.6133,393.26346,-1333.9496,1679.0616,394.64014,-1334.7701,1838.1938,419.0933,-1067.4578,1686.7615,413.426,-919.0596,1744.9963,483.314,-1288.8827,1688.8931,477.56543,-1251.4406,1990.8634,699.7341,-902.7752,1564.5305,677.8871,-590.1935,2036.934,1085.5446,-857.62054,1531.6154,1012.5067,-649.5714,2058.6228,1393.6136,-1020.542,1463.6898,1288.3706,-1007.6677,2081.9128,1492.1179,-1118.8992,1444.1835,1372.2621,-1110.599,2034.8552,1490.9305,-1207.7803,1450.3539,1375.3569,-1224.1923,2014.1996,1454.5911,-1054.2887,1466.7255,1346.3586,-1068.8401,1895.2538,1222.3915,-26.375818,1663.6488,1203.7852,25.794823,2005.3289,1558.8813,373.8552,1505.5704,1447.1835,-979.07446,2075.0781,1366.0687,1823.7292,1598.0637,1821.8279,-367.54565,2088.9636,1342.3972,1963.687,1654.5575,1865.449,-306.24457,2109.972,1514.9314,1877.5114,1533.5964,1993.9343,-585.1149
IMG_5576 copy.JPG,1704.7556,432.15674,-1406.5096,1750.2749,390.55933,-1368.1793,1769.9313,392.05884,-1369.4518,1787.6083,394.56494,-1369.7301,1700.975,391.61285,-1332.8073,1689.6133,393.26346,-1333.9496,1679.0616,394.64014,-1334.7701,1838.1938,419.0933,-1067.4578,1686.7615,413.426,-919.0596,1744.9963,483.314,-1288.8827,1688.8931,477.56543,-1251.4406,1990.8634,699.7341,-902.7752,1564.5305,677.8871,-590.1935,2036.934,1085.5446,-857.62054,1531.6154,1012.5067,-649.5714,2058.6228,1393.6136,-1020.542,1463.6898,1288.3706,-1007.6677,2081.9128,1492.1179,-1118.8992,1444.1835,1372.2621,-1110.599,2034.8552,1490.9305,-1207.7803,1450.3539,1375.3569,-1224.1923,2014.1996,1454.5911,-1054.2887,1466.7255,1346.3586,-1068.8401,1895.2538,1222.3915,-26.375818,1663.6488,1203.7852,25.794823,2005.3289,1558.8813,373.8552,1505.5704,1447.1835,-979.07446,2075.0781,1366.0687,1823.7292,1598.0637,1821.8279,-367.54565,2088.9636,1342.3972,1963.687,1654.5575,1865.449,-306.24457,2109.972,1514.9314,1877.5114,1533.5964,1993.9343,-585.1149
IMG_5576.JPG,1704.7556,432.15674,-1406.5096,1750.2749,390.55933,-1368.1793,1769.9313,392.05884,-1369.4518,1787.6083,394.56494,-1369.7301,1700.975,391.61285,-1332.8073,1689.6133,393.26346,-1333.9496,1679.0616,394.64014,-1334.7701,1838.1938,419.0933,-1067.4578,1686.7615,413.426,-919.0596,1744.9963,483.314,-1288.8827,1688.8931,477.56543,-1251.4406,1990.8634,699.7341,-902.7752,1564.5305,677.8871,-590.1935,2036.934,1085.5446,-857.62054,1531.6154,1012.5067,-649.5714,2058.6228,1393.6136,-1020.542,1463.6898,1288.3706,-1007.6677,2081.9128,1492.1179,-1118.8992,1444.1835,1372.2621,-1110.599,2034.8552,1490.9305,-1207.7803,1450.3539,1375.3569,-1224.1923,2014.1996,1454.5911,-1054.2887,1466.7255,1346.3586,-1068.8401,1895.2538,1222.3915,-26.375818,1663.6488,1203.7852,25.794823,2005.3289,1558.8813,373.8552,1505.5704,1447.1835,-979.07446,2075.0781,1366.0687,1823.7292,1598.0637,1821.8279,-367.54565,2088.9636,1342.3972,1963.687,1654.5575,1865.449,-306.24457,2109.972,1514.9314,1877.5114,1533.5964,1993.9343,-585.1149
Screenshot_20230220_020343 copy 2.png,224.66083,267.3331,-226.13179,223.43524,259.28152,-207.64992,224.5275,259.27286,-207.8479,225.54465,259.1821,-207.85635,218.31967,258.63412,-224.3406,215.09451,258.34756,-224.59921,211.86316,258.346,-224.77661,216.90915,261.86322,-112.67665,199.13638,261.9271,-189.51689,223.7762,274.68878,-189.361,218.02115,275.08017,-212.6072,235.4184,314.33167,-23.71167,163.9025,314.40753,-187.08543,238.85025,375.6234,27.906834,151.26315,383.88275,-208.67218,239.27974,420.3151,-14.278363,151.7328,439.49185,-259.45187,239.31512,433.86893,-20.871605,152.42064,456.4587,-291.20703,237.99522,433.69284,-45.222736,159.63576,455.77875,-301.48395,236.86684,428.82846,-24.6512,160.72136,449.83377,-264.35538,210.00151,418.90894,54.752113,173.97772,415.41785,-54.7796,208.41711,500.2658,123.38745,237.99931,444.1128,-278.02676,158.55653,462.50012,409.40942,218.02155,525.41327,-162.34549,153.93765,452.32202,437.53113,208.88066,536.62213,-150.38995,156.68825,484.4168,421.04327,246.08453,554.6831,-218.40582
Screenshot_20230220_020343 copy 3.png,224.66083,267.3331,-226.13179,223.43524,259.28152,-207.64992,224.5275,259.27286,-207.8479,225.54465,259.1821,-207.85635,218.31967,258.63412,-224.3406,215.09451,258.34756,-224.59921,211.86316,258.346,-224.77661,216.90915,261.86322,-112.67665,199.13638,261.9271,-189.51689,223.7762,274.68878,-189.361,218.02115,275.08017,-212.6072,235.4184,314.33167,-23.71167,163.9025,314.40753,-187.08543,238.85025,375.6234,27.906834,151.26315,383.88275,-208.67218,239.27974,420.3151,-14.278363,151.7328,439.49185,-259.45187,239.31512,433.86893,-20.871605,152.42064,456.4587,-291.20703,237.99522,433.69284,-45.222736,159.63576,455.77875,-301.48395,236.86684,428.82846,-24.6512,160.72136,449.83377,-264.35538,210.00151,418.90894,54.752113,173.97772,415.41785,-54.7796,208.41711,500.2658,123.38745,237.99931,444.1128,-278.02676,158.55653,462.50012,409.40942,218.02155,525.41327,-162.34549,153.93765,452.32202,437.53113,208.88066,536.62213,-150.38995,156.68825,484.4168,421.04327,246.08453,554.6831,-218.40582
Screenshot_20230220_020343 copy 4.png,224.66083,267.3331,-226.13179,223.43524,259.28152,-207.64992,224.5275,259.27286,-207.8479,225.54465,259.1821,-207.85635,218.31967,258.63412,-224.3406,215.09451,258.34756,-224.59921,211.86316,258.346,-224.77661,216.90915,261.86322,-112.67665,199.13638,261.9271,-189.51689,223.7762,274.68878,-189.361,218.02115,275.08017,-212.6072,235.4184,314.33167,-23.71167,163.9025,314.40753,-187.08543,238.85025,375.6234,27.906834,151.26315,383.88275,-208.67218,239.27974,420.3151,-14.278363,151.7328,439.49185,-259.45187,239.31512,433.86893,-20.871605,152.42064,456.4587,-291.20703,237.99522,433.69284,-45.222736,159.63576,455.77875,-301.48395,236.86684,428.82846,-24.6512,160.72136,449.83377,-264.35538,210.00151,418.90894,54.752113,173.97772,415.41785,-54.7796,208.41711,500.2658,123.38745,237.99931,444.1128,-278.02676,158.55653,462.50012,409.40942,218.02155,525.41327,-162.34549,153.93765,452.32202,437.53113,208.88066,536.62213,-150.38995,156.68825,484.4168,421.04327,246.08453,554.6831,-218.40582
Screenshot_20230220_020343 copy 5.png,224.66083,267.3331,-226.13179,223.43524,259.28152,-207.64992,224.5275,259.27286,-207.8479,225.54465,259.1821,-207.85635,218.31967,258.63412,-224.3406,215.09451,258.34756,-224.59921,211.86316,258.346,-224.77661,216.90915,261.86322,-112.67665,199.13638,261.9271,-189.51689,223.7762,274.68878,-189.361,218.02115,275.08017,-212.6072,235.4184,314.33167,-23.71167,163.9025,314.40753,-187.08543,238.85025,375.6234,27.906834,151.26315,383.88275,-208.67218,239.27974,420.3151,-14.278363,151.7328,439.49185,-259.45187,239.31512,433.86893,-20.871605,152.42064,456.4587,-291.20703,237.99522,433.69284,-45.222736,159.63576,455.77875,-301.48395,236.86684,428.82846,-24.6512,160.72136,449.83377,-264.35538,210.00151,418.90894,54.752113,173.97772,415.41785,-54.7796,208.41711,500.2658,123.38745,237.99931,444.1128,-278.02676,158.55653,462.50012,409.40942,218.02155,525.41327,-162.34549,153.93765,452.32202,437.53113,208.88066,536.62213,-150.38995,156.68825,484.4168,421.04327,246.08453,554.6831,-218.40582
Screenshot_20230220_020343 copy 6.png,224.66083,267.3331,-226.13179,223.43524,259.28152,-207.64992,224.5275,259.27286,-207.8479,225.54465,259.1821,-207.85635,218.31967,258.63412,-224.3406,215.09451,258.34756,-224.59921,211.86316,258.346,-224.77661,216.90915,261.86322,-112.67665,199.13638,261.9271,-189.51689,223.7762,274.68878,-189.361,218.02115,275.08017,-212.6072,235.4184,314.33167,-23.71167,163.9025,314.40753,-187.08543,238.85025,375.6234,27.906834,151.26315,383.88275,-208.67218,239.27974,420.3151,-14.278363,151.7328,439.49185,-259.45187,239.31512,433.86893,-20.871605,152.42064,456.4587,-291.20703,237.99522,433.69284,-45.222736,159.63576,455.77875,-301.48395,236.86684,428.82846,-24.6512,160.72136,449.83377,-264.35538,210.00151,418.90894,54.752113,173.97772,415.41785,-54.7796,208.41711,500.2658,123.38745,237.99931,444.1128,-278.02676,158.55653,462.50012,409.40942,218.02155,525.41327,-162.34549,153.93765,452.32202,437.53113,208.88066,536.62213,-150.38995,156.68825,484.4168,421.04327,246.08453,554.6831,-218.40582
Screenshot_20230220_020343 copy.png,224.66083,267.3331,-226.13179,223.43524,259.28152,-207.64992,224.5275,259.27286,-207.8479,225.54465,259.1821,-207.85635,218.31967,258.63412,-224.3406,215.09451,258.34756,-224.59921,211.86316,258.346,-224.77661,216.90915,261.86322,-112.67665,199.13638,261.9271,-189.51689,223.7762,274.68878,-189.361,218.02115,275.08017,-212.6072,235.4184,314.33167,-23.71167,163.9025,314.40753,-187.08543,238.85025,375.6234,27.906834,151.26315,383.88275,-208.67218,239.27974,420.3151,-14.278363,151.7328,439.49185,-259.45187,239.31512,433.86893,-20.871605,152.42064,456.4587,-291.20703,237.99522,433.69284,-45.222736,159.63576,455.77875,-301.48395,236.86684,428.82846,-24.6512,160.72136,449.83377,-264.35538,210.00151,418.90894,54.752113,173.97772,415.41785,-54.7796,208.41711,500.2658,123.38745,237.99931,444.1128,-278.02676,158.55653,462.50012,409.40942,218.02155,525.41327,-162.34549,153.93765,452.32202,437.53113,208.88066,536.62213,-150.38995,156.68825,484.4168,421.04327,246.08453,554.6831,-218.40582
Screenshot_20230220_020343.png,224.66083,267.3331,-226.13179,223.43524,259.28152,-207.64992,224.5275,259.27286,-207.8479,225.54465,259.1821,-207.85635,218.31967,258.63412,-224.3406,215.09451,258.34756,-224.59921,211.86316,258.346,-224.77661,216.90915,261.86322,-112.67665,199.13638,261.9271,-189.51689,223.7762,274.68878,-189.361,218.02115,275.08017,-212.6072,235.4184,314.33167,-23.71167,163.9025,314.40753,-187.08543,238.85025,375.6234,27.906834,151.26315,383.88275,-208.67218,239.27974,420.3151,-14.278363,151.7328,439.49185,-259.45187,239.31512,433.86893,-20.871605,152.42064,456.4587,-291.20703,237.99522,433.69284,-45.222736,159.63576,455.77875,-301.48395,236.86684,428.82846,-24.6512,160.72136,449.83377,-264.35538,210.00151,418.90894,54.752113,173.97772,415.41785,-54.7796,208.41711,500.2658,123.38745,237.99931,444.1128,-278.02676,158.55653,462.50012,409.40942,218.02155,525.41327,-162.34549,153.93765,452.32202,437.53113,208.88066,536.62213,-150.38995,156.68825,484.4168,421.04327,246.08453,554.6831,-218.40582
Screenshot_20230220_020511 copy 2.png,224.06895,256.3714,-273.37738,224.09505,248.19305,-253.04048,226.33775,248.36523,-253.26799,228.32343,248.63315,-253.28374,217.5603,248.2535,-267.61768,214.81015,248.71939,-267.86972,211.02121,249.32411,-268.02222,221.93974,253.40118,-146.33563,196.7949,255.80739,-212.95483,226.76805,265.8266,-232.52023,217.59299,266.68878,-252.85097,241.578,311.33698,-53.158073,166.29514,314.84625,-193.32639,253.80836,376.91946,-4.7026772,154.52362,392.64172,-206.66156,269.6538,431.2827,-67.32459,163.70386,456.3647,-257.94653,273.21622,450.92346,-81.19449,163.37117,478.738,-288.34375,271.4271,450.77435,-109.23408,172.77776,475.83347,-304.067,268.39618,445.2929,-79.644455,174.30522,467.9786,-264.92102,223.87004,427.41492,47.47751,183.33875,424.65125,-47.584446,237.0824,510.56744,91.65789,242.13115,455.28232,-288.52936,194.22542,470.7777,373.578,211.51692,529.1943,-154.6765,184.11781,461.1326,401.15704,203.31383,538.4291,-140.35829,187.71965,489.768,380.1219,237.64459,561.45233,-202.15036
Screenshot_20230220_020511 copy 3.png,224.06895,256.3714,-273.37738,224.09505,248.19305,-253.04048,226.33775,248.36523,-253.26799,228.32343,248.63315,-253.28374,217.5603,248.2535,-267.61768,214.81015,248.71939,-267.86972,211.02121,249.32411,-268.02222,221.93974,253.40118,-146.33563,196.7949,255.80739,-212.95483,226.76805,265.8266,-232.52023,217.59299,266.68878,-252.85097,241.578,311.33698,-53.158073,166.29514,314.84625,-193.32639,253.80836,376.91946,-4.7026772,154.52362,392.64172,-206.66156,269.6538,431.2827,-67.32459,163.70386,456.3647,-257.94653,273.21622,450.92346,-81.19449,163.37117,478.738,-288.34375,271.4271,450.77435,-109.23408,172.77776,475.83347,-304.067,268.39618,445.2929,-79.644455,174.30522,467.9786,-264.92102,223.87004,427.41492,47.47751,183.33875,424.65125,-47.584446,237.0824,510.56744,91.65789,242.13115,455.28232,-288.52936,194.22542,470.7777,373.578,211.51692,529.1943,-154.6765,184.11781,461.1326,401.15704,203.31383,538.4291,-140.35829,187.71965,489.768,380.1219,237.64459,561.45233,-202.15036
Screenshot_20230220_020511 copy 4.png,224.06895,256.3714,-273.37738,224.09505,248.19305,-253.04048,226.33775,248.36523,-253.26799,228.32343,248.63315,-253.28374,217.5603,248.2535,-267.61768,214.81015,248.71939,-267.86972,211.02121,249.32411,-268.02222,221.93974,253.40118,-146.33563,196.7949,255.80739,-212.95483,226.76805,265.8266,-232.52023,217.59299,266.68878,-252.85097,241.578,311.33698,-53.158073,166.29514,314.84625,-193.32639,253.80836,376.91946,-4.7026772,154.52362,392.64172,-206.66156,269.6538,431.2827,-67.32459,163.70386,456.3647,-257.94653,273.21622,450.92346,-81.19449,163.37117,478.738,-288.34375,271.4271,450.77435,-109.23408,172.77776,475.83347,-304.067,268.39618,445.2929,-79.644455,174.30522,467.9786,-264.92102,223.87004,427.41492,47.47751,183.33875,424.65125,-47.584446,237.0824,510.56744,91.65789,242.13115,455.28232,-288.52936,194.22542,470.7777,373.578,211.51692,529.1943,-154.6765,184.11781,461.1326,401.15704,203.31383,538.4291,-140.35829,187.71965,489.768,380.1219,237.64459,561.45233,-202.15036
Screenshot_20230220_020511 copy 5.png,224.06895,256.3714,-273.37738,224.09505,248.19305,-253.04048,226.33775,248.36523,-253.26799,228.32343,248.63315,-253.28374,217.5603,248.2535,-267.61768,214.81015,248.71939,-267.86972,211.02121,249.32411,-268.02222,221.93974,253.40118,-146.33563,196.7949,255.80739,-212.95483,226.76805,265.8266,-232.52023,217.59299,266.68878,-252.85097,241.578,311.33698,-53.158073,166.29514,314.84625,-193.32639,253.80836,376.91946,-4.7026772,154.52362,392.64172,-206.66156,269.6538,431.2827,-67.32459,163.70386,456.3647,-257.94653,273.21622,450.92346,-81.19449,163.37117,478.738,-288.34375,271.4271,450.77435,-109.23408,172.77776,475.83347,-304.067,268.39618,445.2929,-79.644455,174.30522,467.9786,-264.92102,223.87004,427.41492,47.47751,183.33875,424.65125,-47.584446,237.0824,510.56744,91.65789,242.13115,455.28232,-288.52936,194.22542,470.7777,373.578,211.51692,529.1943,-154.6765,184.11781,461.1326,401.15704,203.31383,538.4291,-140.35829,187.71965,489.768,380.1219,237.64459,561.45233,-202.15036
Screenshot_20230220_020511 copy 6.png,224.06895,256.3714,-273.37738,224.09505,248.19305,-253.04048,226.33775,248.36523,-253.26799,228.32343,248.63315,-253.28374,217.5603,248.2535,-267.61768,214.81015,248.71939,-267.86972,211.02121,249.32411,-268.02222,221.93974,253.40118,-146.33563,196.7949,255.80739,-212.95483,226.76805,265.8266,-232.52023,217.59299,266.68878,-252.85097,241.578,311.33698,-53.158073,166.29514,314.84625,-193.32639,253.80836,376.91946,-4.7026772,154.52362,392.64172,-206.66156,269.6538,431.2827,-67.32459,163.70386,456.3647,-257.94653,273.21622,450.92346,-81.19449,163.37117,478.738,-288.34375,271.4271,450.77435,-109.23408,172.77776,475.83347,-304.067,268.39618,445.2929,-79.644455,174.30522,467.9786,-264.92102,223.87004,427.41492,47.47751,183.33875,424.65125,-47.584446,237.0824,510.56744,91.65789,242.13115,455.28232,-288.52936,194.22542,470.7777,373.578,211.51692,529.1943,-154.6765,184.11781,461.1326,401.15704,203.31383,538.4291,-140.35829,187.71965,489.768,380.1219,237.64459,561.45233,-202.15036
Screenshot_20230220_020511 copy.png,224.06895,256.3714,-273.37738,224.09505,248.19305,-253.04048,226.33775,248.36523,-253.26799,228.32343,248.63315,-253.28374,217.5603,248.2535,-267.61768,214.81015,248.71939,-267.86972,211.02121,249.32411,-268.02222,221.93974,253.40118,-146.33563,196.7949,255.80739,-212.95483,226.76805,265.8266,-232.52023,217.59299,266.68878,-252.85097,241.578,311.33698,-53.158073,166.29514,314.84625,-193.32639,253.80836,376.91946,-4.7026772,154.52362,392.64172,-206.66156,269.6538,431.2827,-67.32459,163.70386,456.3647,-257.94653,273.21622,450.92346,-81.19449,163.37117,478.738,-288.34375,271.4271,450.77435,-109.23408,172.77776,475.83347,-304.067,268.39618,445.2929,-79.644455,174.30522,467.9786,-264.92102,223.87004,427.41492,47.47751,183.33875,424.65125,-47.584446,237.0824,510.56744,91.65789,242.13115,455.28232,-288.52936,194.22542,470.7777,373.578,211.51692,529.1943,-154.6765,184.11781,461.1326,401.15704,203.31383,538.4291,-140.35829,187.71965,489.768,380.1219,237.64459,561.45233,-202.15036
Screenshot_20230220_020511.png,224.06895,256.3714,-273.37738,224.09505,248.19305,-253.04048,226.33775,248.36523,-253.26799,228.32343,248.63315,-253.28374,217.5603,248.2535,-267.61768,214.81015,248.71939,-267.86972,211.02121,249.32411,-268.02222,221.93974,253.40118,-146.33563,196.7949,255.80739,-212.95483,226.76805,265.8266,-232.52023,217.59299,266.68878,-252.85097,241.578,311.33698,-53.158073,166.29514,314.84625,-193.32639,253.80836,376.91946,-4.7026772,154.52362,392.64172,-206.66156,269.6538,431.2827,-67.32459,163.70386,456.3647,-257.94653,273.21622,450.92346,-81.19449,163.37117,478.738,-288.34375,271.4271,450.77435,-109.23408,172.77776,475.83347,-304.067,268.39618,445.2929,-79.644455,174.30522,467.9786,-264.92102,223.87004,427.41492,47.47751,183.33875,424.65125,-47.584446,237.0824,510.56744,91.65789,242.13115,455.28232,-288.52936,194.22542,470.7777,373.578,211.51692,529.1943,-154.6765,184.11781,461.1326,401.15704,203.31383,538.4291,-140.35829,187.71965,489.768,380.1219,237.64459,561.45233,-202.15036
Screenshot_20230220_020554 copy 2.png,202.13106,253.06412,-180.86824,207.84323,245.0225,-170.30591,211.51056,244.79358,-170.51756,215.11465,244.54608,-170.52673,200.79779,245.82895,-159.20094,198.95268,246.04422,-159.41602,196.6637,246.25993,-159.49513,226.12569,248.08757,-100.630394,198.5745,250.01917,-51.51946,210.69966,261.47357,-153.69496,201.1958,262.39066,-140.86497,254.96693,303.76758,-93.64065,180.99214,310.1526,48.209385,266.82214,375.655,-102.61875,167.02028,373.14508,41.18732,256.86276,438.08923,-156.47336,147.6405,429.88516,-68.54973,256.93967,456.62717,-183.5506,144.4396,448.48203,-87.95807,244.94751,453.18857,-194.78569,145.4422,448.44223,-113.39976,243.09052,448.18124,-160.48799,149.11523,443.55826,-82.871414,251.56914,424.81555,-37.251003,210.5453,421.91815,37.137104,274.9569,518.35455,-31.288492,159.69106,436.65533,-240.22215,317.06796,486.5246,267.6847,174.36287,533.5012,-234.49991,322.38528,476.09695,296.0676,183.79791,548.497,-236.70433,319.01935,515.2363,256.80804,150.3241,564.1197,-330.00436
Screenshot_20230220_020554 copy 3.png,202.13106,253.06412,-180.86824,207.84323,245.0225,-170.30591,211.51056,244.79358,-170.51756,215.11465,244.54608,-170.52673,200.79779,245.82895,-159.20094,198.95268,246.04422,-159.41602,196.6637,246.25993,-159.49513,226.12569,248.08757,-100.630394,198.5745,250.01917,-51.51946,210.69966,261.47357,-153.69496,201.1958,262.39066,-140.86497,254.96693,303.76758,-93.64065,180.99214,310.1526,48.209385,266.82214,375.655,-102.61875,167.02028,373.14508,41.18732,256.86276,438.08923,-156.47336,147.6405,429.88516,-68.54973,256.93967,456.62717,-183.5506,144.4396,448.48203,-87.95807,244.94751,453.18857,-194.78569,145.4422,448.44223,-113.39976,243.09052,448.18124,-160.48799,149.11523,443.55826,-82.871414,251.56914,424.81555,-37.251003,210.5453,421.91815,37.137104,274.9569,518.35455,-31.288492,159.69106,436.65533,-240.22215,317.06796,486.5246,267.6847,174.36287,533.5012,-234.49991,322.38528,476.09695,296.0676,183.79791,548.497,-236.70433,319.01935,515.2363,256.80804,150.3241,564.1197,-330.00436
Screenshot_20230220_020554 copy 4.png,202.13106,253.06412,-180.86824,207.84323,245.0225,-170.30591,211.51056,244.79358,-170.51756,215.11465,244.54608,-170.52673,200.79779,245.82895,-159.20094,198.95268,246.04422,-159.41602,196.6637,246.25993,-159.49513,226.12569,248.08757,-100.630394,198.5745,250.01917,-51.51946,210.69966,261.47357,-153.69496,201.1958,262.39066,-140.86497,254.96693,303.76758,-93.64065,180.99214,310.1526,48.209385,266.82214,375.655,-102.61875,167.02028,373.14508,41.18732,256.86276,438.08923,-156.47336,147.6405,429.88516,-68.54973,256.93967,456.62717,-183.5506,144.4396,448.48203,-87.95807,244.94751,453.18857,-194.78569,145.4422,448.44223,-113.39976,243.09052,448.18124,-160.48799,149.11523,443.55826,-82.871414,251.56914,424.81555,-37.251003,210.5453,421.91815,37.137104,274.9569,518.35455,-31.288492,159.69106,436.65533,-240.22215,317.06796,486.5246,267.6847,174.36287,533.5012,-234.49991,322.38528,476.09695,296.0676,183.79791,548.497,-236.70433,319.01935,515.2363,256.80804,150.3241,564.1197,-330.00436
Screenshot_20230220_020554 copy 5.png,202.13106,253.06412,-180.86824,207.84323,245.0225,-170.30591,211.51056,244.79358,-170.51756,215.11465,244.54608,-170.52673,200.79779,245.82895,-159.20094,198.95268,246.04422,-159.41602,196.6637,246.25993,-159.49513,226.12569,248.08757,-100.630394,198.5745,250.01917,-51.51946,210.69966,261.47357,-153.69496,201.1958,262.39066,-140.86497,254.96693,303.76758,-93.64065,180.99214,310.1526,48.209385,266.82214,375.655,-102.61875,167.02028,373.14508,41.18732,256.86276,438.08923,-156.47336,147.6405,429.88516,-68.54973,256.93967,456.62717,-183.5506,144.4396,448.48203,-87.95807,244.94751,453.18857,-194.78569,145.4422,448.44223,-113.39976,243.09052,448.18124,-160.48799,149.11523,443.55826,-82.871414,251.56914,424.81555,-37.251003,210.5453,421.91815,37.137104,274.9569,518.35455,-31.288492,159.69106,436.65533,-240.22215,317.06796,486.5246,267.6847,174.36287,533.5012,-234.49991,322.38528,476.09695,296.0676,183.79791,548.497,-236.70433,319.01935,515.2363,256.80804,150.3241,564.1197,-330.00436
Screenshot_20230220_020554 copy 6.png,202.13106,253.06412,-180.86824,207.84323,245.0225,-170.30591,211.51056,244.79358,-170.51756,215.11465,244.54608,-170.52673,200.79779,245.82895,-159.20094,198.95268,246.04422,-159.41602,196.6637,246.25993,-159.49513,226.12569,248.08757,-100.630394,198.5745,250.01917,-51.51946,210.69966,261.47357,-153.69496,201.1958,262.39066,-140.86497,254.96693,303.76758,-93.64065,180.99214,310.1526,48.209385,266.82214,375.655,-102.61875,167.02028,373.14508,41.18732,256.86276,438.08923,-156.47336,147.6405,429.88516,-68.54973,256.93967,456.62717,-183.5506,144.4396,448.48203,-87.95807,244.94751,453.18857,-194.78569,145.4422,448.44223,-113.39976,243.09052,448.18124,-160.48799,149.11523,443.55826,-82.871414,251.56914,424.81555,-37.251003,210.5453,421.91815,37.137104,274.9569,518.35455,-31.288492,159.69106,436.65533,-240.22215,317.06796,486.5246,267.6847,174.36287,533.5012,-234.49991,322.38528,476.09695,296.0676,183.79791,548.497,-236.70433,319.01935,515.2363,256.80804,150.3241,564.1197,-330.00436
Screenshot_20230220_020554 copy.png,202.13106,253.06412,-180.86824,207.84323,245.0225,-170.30591,211.51056,244.79358,-170.51756,215.11465,244.54608,-170.52673,200.79779,245.82895,-159.20094,198.95268,246.04422,-159.41602,196.6637,246.25993,-159.49513,226.12569,248.08757,-100.630394,198.5745,250.01917,-51.51946,210.69966,261.47357,-153.69496,201.1958,262.39066,-140.86497,254.96693,303.76758,-93.64065,180.99214,310.1526,48.209385,266.82214,375.655,-102.61875,167.02028,373.14508,41.18732,256.86276,438.08923,-156.47336,147.6405,429.88516,-68.54973,256.93967,456.62717,-183.5506,144.4396,448.48203,-87.95807,244.94751,453.18857,-194.78569,145.4422,448.44223,-113.39976,243.09052,448.18124,-160.48799,149.11523,443.55826,-82.871414,251.56914,424.81555,-37.251003,210.5453,421.91815,37.137104,274.9569,518.35455,-31.288492,159.69106,436.65533,-240.22215,317.06796,486.5246,267.6847,174.36287,533.5012,-234.49991,322.38528,476.09695,296.0676,183.79791,548.497,-236.70433,319.01935,515.2363,256.80804,150.3241,564.1197,-330.00436
Screenshot_20230220_020554.png,202.13106,253.06412,-180.86824,207.84323,245.0225,-170.30591,211.51056,244.79358,-170.51756,215.11465,244.54608,-170.52673,200.79779,245.82895,-159.20094,198.95268,246.04422,-159.41602,196.6637,246.25993,-159.49513,226.12569,248.08757,-100.630394,198.5745,250.01917,-51.51946,210.69966,261.47357,-153.69496,201.1958,262.39066,-140.86497,254.96693,303.76758,-93.64065,180.99214,310.1526,48.209385,266.82214,375.655,-102.61875,167.02028,373.14508,41.18732,256.86276,438.08923,-156.47336,147.6405,429.88516,-68.54973,256.93967,456.62717,-183.5506,144.4396,448.48203,-87.95807,244.94751,453.18857,-194.78569,145.4422,448.44223,-113.39976,243.09052,448.18124,-160.48799,149.11523,443.55826,-82.871414,251.56914,424.81555,-37.251003,210.5453,421.91815,37.137104,274.9569,518.35455,-31.288492,159.69106,436.65533,-240.22215,317.06796,486.5246,267.6847,174.36287,533.5012,-234.49991,322.38528,476.09695,296.0676,183.79791,548.497,-236.70433,319.01935,515.2363,256.80804,150.3241,564.1197,-330.00436
Screenshot_20230220_020617 copy 2.png,287.44662,286.37387,-84.60825,284.69443,274.0141,-77.20525,282.29947,272.5743,-77.43368,279.84726,271.03186,-77.40719,284.8476,274.28604,-107.81937,282.95764,273.33588,-108.093895,281.36847,272.39645,-108.17972,263.90106,266.66248,-33.114582,266.35538,268.82816,-170.83923,276.67307,293.7303,-61.712852,277.12766,293.67545,-103.02436,229.5719,326.80826,49.60721,222.98206,334.44983,-222.5004,210.16486,412.43863,59.146904,218.08224,433.37216,-244.86548,230.8977,489.6801,-8.4932575,230.50313,516.9841,-194.27779,231.99667,504.59103,-15.9342375,231.97882,541.0117,-217.81076,234.24184,502.93613,-37.62522,243.41823,537.8283,-217.94208,234.70361,499.24594,-19.523357,243.2219,529.82556,-192.3054,215.28595,476.3396,89.13011,220.3408,480.17145,-89.43279,194.08432,554.0232,248.26332,337.2445,488.36945,-29.868874,82.09063,544.0923,343.36658,297.34067,590.09894,112.5404,56.86655,538.745,351.67163,281.68048,609.10065,128.29114,86.51038,577.6246,348.48642,343.4807,605.52606,122.65868
Screenshot_20230220_020617 copy 3.png,287.44662,286.37387,-84.60825,284.69443,274.0141,-77.20525,282.29947,272.5743,-77.43368,279.84726,271.03186,-77.40719,284.8476,274.28604,-107.81937,282.95764,273.33588,-108.093895,281.36847,272.39645,-108.17972,263.90106,266.66248,-33.114582,266.35538,268.82816,-170.83923,276.67307,293.7303,-61.712852,277.12766,293.67545,-103.02436,229.5719,326.80826,49.60721,222.98206,334.44983,-222.5004,210.16486,412.43863,59.146904,218.08224,433.37216,-244.86548,230.8977,489.6801,-8.4932575,230.50313,516.9841,-194.27779,231.99667,504.59103,-15.9342375,231.97882,541.0117,-217.81076,234.24184,502.93613,-37.62522,243.41823,537.8283,-217.94208,234.70361,499.24594,-19.523357,243.2219,529.82556,-192.3054,215.28595,476.3396,89.13011,220.3408,480.17145,-89.43279,194.08432,554.0232,248.26332,337.2445,488.36945,-29.868874,82.09063,544.0923,343.36658,297.34067,590.09894,112.5404,56.86655,538.745,351.67163,281.68048,609.10065,128.29114,86.51038,577.6246,348.48642,343.4807,605.52606,122.65868
Screenshot_20230220_020617 copy 4.png,287.44662,286.37387,-84.60825,284.69443,274.0141,-77.20525,282.29947,272.5743,-77.43368,279.84726,271.03186,-77.40719,284.8476,274.28604,-107.81937,282.95764,273.33588,-108.093895,281.36847,272.39645,-108.17972,263.90106,266.66248,-33.114582,266.35538,268.82816,-170.83923,276.67307,293.7303,-61.712852,277.12766,293.67545,-103.02436,229.5719,326.80826,49.60721,222.98206,334.44983,-222.5004,210.16486,412.43863,59.146904,218.08224,433.37216,-244.86548,230.8977,489.6801,-8.4932575,230.50313,516.9841,-194.27779,231.99667,504.59103,-15.9342375,231.97882,541.0117,-217.81076,234.24184,502.93613,-37.62522,243.41823,537.8283,-217.94208,234.70361,499.24594,-19.523357,243.2219,529.82556,-192.3054,215.28595,476.3396,89.13011,220.3408,480.17145,-89.43279,194.08432,554.0232,248.26332,337.2445,488.36945,-29.868874,82.09063,544.0923,343.36658,297.34067,590.09894,112.5404,56.86655,538.745,351.67163,281.68048,609.10065,128.29114,86.51038,577.6246,348.48642,343.4807,605.52606,122.65868
Screenshot_20230220_020617 copy 5.png,287.44662,286.37387,-84.60825,284.69443,274.0141,-77.20525,282.29947,272.5743,-77.43368,279.84726,271.03186,-77.40719,284.8476,274.28604,-107.81937,282.95764,273.33588,-108.093895,281.36847,272.39645,-108.17972,263.90106,266.66248,-33.114582,266.35538,268.82816,-170.83923,276.67307,293.7303,-61.712852,277.12766,293.67545,-103.02436,229.5719,326.80826,49.60721,222.98206,334.44983,-222.5004,210.16486,412.43863,59.146904,218.08224,433.37216,-244.86548,230.8977,489.6801,-8.4932575,230.50313,516.9841,-194.27779,231.99667,504.59103,-15.9342375,231.97882,541.0117,-217.81076,234.24184,502.93613,-37.62522,243.41823,537.8283,-217.94208,234.70361,499.24594,-19.523357,243.2219,529.82556,-192.3054,215.28595,476.3396,89.13011,220.3408,480.17145,-89.43279,194.08432,554.0232,248.26332,337.2445,488.36945,-29.868874,82.09063,544.0923,343.36658,297.34067,590.09894,112.5404,56.86655,538.745,351.67163,281.68048,609.10065,128.29114,86.51038,577.6246,348.48642,343.4807,605.52606,122.65868
Screenshot_20230220_020617 copy 6.png,287.44662,286.37387,-84.60825,284.69443,274.0141,-77.20525,282.29947,272.5743,-77.43368,279.84726,271.03186,-77.40719,284.8476,274.28604,-107.81937,282.95764,273.33588,-108.093895,281.36847,272.39645,-108.17972,263.90106,266.66248,-33.114582,266.35538,268.82816,-170.83923,276.67307,293.7303,-61.712852,277.12766,293.67545,-103.02436,229.5719,326.80826,49.60721,222.98206,334.44983,-222.5004,210.16486,412.43863,59.146904,218.08224,433.37216,-244.86548,230.8977,489.6801,-8.4932575,230.50313,516.9841,-194.27779,231.99667,504.59103,-15.9342375,231.97882,541.0117,-217.81076,234.24184,502.93613,-37.62522,243.41823,537.8283,-217.94208,234.70361,499.24594,-19.523357,243.2219,529.82556,-192.3054,215.28595,476.3396,89.13011,220.3408,480.17145,-89.43279,194.08432,554.0232,248.26332,337.2445,488.36945,-29.868874,82.09063,544.0923,343.36658,297.34067,590.09894,112.5404,56.86655,538.745,351.67163,281.68048,609.10065,128.29114,86.51038,577.6246,348.48642,343.4807,605.52606,122.65868
Screenshot_20230220_020617 copy.png,287.44662,286.37387,-84.60825,284.69443,274.0141,-77.20525,282.29947,272.5743,-77.43368,279.84726,271.03186,-77.40719,284.8476,274.28604,-107.81937,282.95764,273.33588,-108.093895,281.36847,272.39645,-108.17972,263.90106,266.66248,-33.114582,266.35538,268.82816,-170.83923,276.67307,293.7303,-61.712852,277.12766,293.67545,-103.02436,229.5719,326.80826,49.60721,222.98206,334.44983,-222.5004,210.16486,412.43863,59.146904,218.08224,433.37216,-244.86548,230.8977,489.6801,-8.4932575,230.50313,516.9841,-194.27779,231.99667,504.59103,-15.9342375,231.97882,541.0117,-217.81076,234.24184,502.93613,-37.62522,243.41823,537.8283,-217.94208,234.70361,499.24594,-19.523357,243.2219,529.82556,-192.3054,215.28595,476.3396,89.13011,220.3408,480.17145,-89.43279,194.08432,554.0232,248.26332,337.2445,488.36945,-29.868874,82.09063,544.0923,343.36658,297.34067,590.09894,112.5404,56.86655,538.745,351.67163,281.68048,609.10065,128.29114,86.51038,577.6246,348.48642,343.4807,605.52606,122.65868
Screenshot_20230220_020617.png,287.44662,286.37387,-84.60825,284.69443,274.0141,-77.20525,282.29947,272.5743,-77.43368,279.84726,271.03186,-77.40719,284.8476,274.28604,-107.81937,282.95764,273.33588,-108.093895,281.36847,272.39645,-108.17972,263.90106,266.66248,-33.114582,266.35538,268.82816,-170.83923,276.67307,293.7303,-61.712852,277.12766,293.67545,-103.02436,229.5719,326.80826,49.60721,222.98206,334.44983,-222.5004,210.16486,412.43863,59.146904,218.08224,433.37216,-244.86548,230.8977,489.6801,-8.4932575,230.50313,516.9841,-194.27779,231.99667,504.59103,-15.9342375,231.97882,541.0117,-217.81076,234.24184,502.93613,-37.62522,243.41823,537.8283,-217.94208,234.70361,499.24594,-19.523357,243.2219,529.82556,-192.3054,215.28595,476.3396,89.13011,220.3408,480.17145,-89.43279,194.08432,554.0232,248.26332,337.2445,488.36945,-29.868874,82.09063,544.0923,343.36658,297.34067,590.09894,112.5404,56.86655,538.745,351.67163,281.68048,609.10065,128.29114,86.51038,577.6246,348.48642,343.4807,605.52606,122.65868
Screenshot_20230220_020825 copy 2.png,237.8899,240.64766,-85.05173,231.91173,231.15196,-77.35335,231.01137,230.94685,-77.6009,229.82855,230.70789,-77.570816,231.33028,231.8181,-100.0524,229.40314,232.34578,-100.34063,226.99278,232.98991,-100.42749,212.88782,238.55261,-36.95351,211.96548,240.2559,-137.03134,235.30489,251.91905,-65.04607,234.21866,252.09502,-95.52394,209.88428,302.04272,34.30507,202.86081,322.68533,-173.21756,224.47668,391.2602,56.138298,218.79726,417.31628,-175.34471,246.03789,463.74902,25.65665,250.15082,490.68207,-136.92702,248.11063,476.32172,25.564068,253.20065,514.50397,-158.54877,253.80359,477.35034,2.4954576,266.80176,509.38535,-157.67825,252.54535,474.8471,15.892291,265.71536,502.95987,-135.4604,194.68394,445.25836,68.76005,199.8222,454.962,-68.95614,180.87218,537.98157,166.62674,312.71454,459.65115,-25.335989,84.21148,511.35645,223.52916,281.09274,566.48987,64.481606,65.132935,501.69678,229.61584,269.08426,583.181,76.17762,80.404434,549.22675,239.13889,334.191,581.5979,82.50552
Screenshot_20230220_020825 copy 3.png,237.8899,240.64766,-85.05173,231.91173,231.15196,-77.35335,231.01137,230.94685,-77.6009,229.82855,230.70789,-77.570816,231.33028,231.8181,-100.0524,229.40314,232.34578,-100.34063,226.99278,232.98991,-100.42749,212.88782,238.55261,-36.95351,211.96548,240.2559,-137.03134,235.30489,251.91905,-65.04607,234.21866,252.09502,-95.52394,209.88428,302.04272,34.30507,202.86081,322.68533,-173.21756,224.47668,391.2602,56.138298,218.79726,417.31628,-175.34471,246.03789,463.74902,25.65665,250.15082,490.68207,-136.92702,248.11063,476.32172,25.564068,253.20065,514.50397,-158.54877,253.80359,477.35034,2.4954576,266.80176,509.38535,-157.67825,252.54535,474.8471,15.892291,265.71536,502.95987,-135.4604,194.68394,445.25836,68.76005,199.8222,454.962,-68.95614,180.87218,537.98157,166.62674,312.71454,459.65115,-25.335989,84.21148,511.35645,223.52916,281.09274,566.48987,64.481606,65.132935,501.69678,229.61584,269.08426,583.181,76.17762,80.404434,549.22675,239.13889,334.191,581.5979,82.50552
Screenshot_20230220_020825 copy 4.png,237.8899,240.64766,-85.05173,231.91173,231.15196,-77.35335,231.01137,230.94685,-77.6009,229.82855,230.70789,-77.570816,231.33028,231.8181,-100.0524,229.40314,232.34578,-100.34063,226.99278,232.98991,-100.42749,212.88782,238.55261,-36.95351,211.96548,240.2559,-137.03134,235.30489,251.91905,-65.04607,234.21866,252.09502,-95.52394,209.88428,302.04272,34.30507,202.86081,322.68533,-173.21756,224.47668,391.2602,56.138298,218.79726,417.31628,-175.34471,246.03789,463.74902,25.65665,250.15082,490.68207,-136.92702,248.11063,476.32172,25.564068,253.20065,514.50397,-158.54877,253.80359,477.35034,2.4954576,266.80176,509.38535,-157.67825,252.54535,474.8471,15.892291,265.71536,502.95987,-135.4604,194.68394,445.25836,68.76005,199.8222,454.962,-68.95614,180.87218,537.98157,166.62674,312.71454,459.65115,-25.335989,84.21148,511.35645,223.52916,281.09274,566.48987,64.481606,65.132935,501.69678,229.61584,269.08426,583.181,76.17762,80.404434,549.22675,239.13889,334.191,581.5979,82.50552
Screenshot_20230220_020825 copy 5.png,237.8899,240.64766,-85.05173,231.91173,231.15196,-77.35335,231.01137,230.94685,-77.6009,229.82855,230.70789,-77.570816,231.33028,231.8181,-100.0524,229.40314,232.34578,-100.34063,226.99278,232.98991,-100.42749,212.88782,238.55261,-36.95351,211.96548,240.2559,-137.03134,235.30489,251.91905,-65.04607,234.21866,252.09502,-95.52394,209.88428,302.04272,34.30507,202.86081,322.68533,-173.21756,224.47668,391.2602,56.138298,218.79726,417.31628,-175.34471,246.03789,463.74902,25.65665,250.15082,490.68207,-136.92702,248.11063,476.32172,25.564068,253.20065,514.50397,-158.54877,253.80359,477.35034,2.4954576,266.80176,509.38535,-157.67825,252.54535,474.8471,15.892291,265.71536,502.95987,-135.4604,194.68394,445.25836,68.76005,199.8222,454.962,-68.95614,180.87218,537.98157,166.62674,312.71454,459.65115,-25.335989,84.21148,511.35645,223.52916,281.09274,566.48987,64.481606,65.132935,501.69678,229.61584,269.08426,583.181,76.17762,80.404434,549.22675,239.13889,334.191,581.5979,82.50552
Screenshot_20230220_020825 copy 6.png,237.8899,240.64766,-85.05173,231.91173,231.15196,-77.35335,231.01137,230.94685,-77.6009,229.82855,230.70789,-77.570816,231.33028,231.8181,-100.0524,229.40314,232.34578,-100.34063,226.99278,232.98991,-100.42749,212.88782,238.55261,-36.95351,211.96548,240.2559,-137.03134,235.30489,251.91905,-65.04607,234.21866,252.09502,-95.52394,209.88428,302.04272,34.30507,202.86081,322.68533,-173.21756,224.47668,391.2602,56.138298,218.79726,417.31628,-175.34471,246.03789,463.74902,25.65665,250.15082,490.68207,-136.92702,248.11063,476.32172,25.564068,253.20065,514.50397,-158.54877,253.80359,477.35034,2.4954576,266.80176,509.38535,-157.67825,252.54535,474.8471,15.892291,265.71536,502.95987,-135.4604,194.68394,445.25836,68.76005,199.8222,454.962,-68.95614,180.87218,537.98157,166.62674,312.71454,459.65115,-25.335989,84.21148,511.35645,223.52916,281.09274,566.48987,64.481606,65.132935,501.69678,229.61584,269.08426,583.181,76.17762,80.404434,549.22675,239.13889,334.191,581.5979,82.50552
Screenshot_20230220_020825 copy.png,237.8899,240.64766,-85.05173,231.91173,231.15196,-77.35335,231.01137,230.94685,-77.6009,229.82855,230.70789,-77.570816,231.33028,231.8181,-100.0524,229.40314,232.34578,-100.34063,226.99278,232.98991,-100.42749,212.88782,238.55261,-36.95351,211.96548,240.2559,-137.03134,235.30489,251.91905,-65.04607,234.21866,252.09502,-95.52394,209.88428,302.04272,34.30507,202.86081,322.68533,-173.21756,224.47668,391.2602,56.138298,218.79726,417.31628,-175.34471,246.03789,463.74902,25.65665,250.15082,490.68207,-136.92702,248.11063,476.32172,25.564068,253.20065,514.50397,-158.54877,253.80359,477.35034,2.4954576,266.80176,509.38535,-157.67825,252.54535,474.8471,15.892291,265.71536,502.95987,-135.4604,194.68394,445.25836,68.76005,199.8222,454.962,-68.95614,180.87218,537.98157,166.62674,312.71454,459.65115,-25.335989,84.21148,511.35645,223.52916,281.09274,566.48987,64.481606,65.132935,501.69678,229.61584,269.08426,583.181,76.17762,80.404434,549.22675,239.13889,334.191,581.5979,82.50552
Screenshot_20230220_020825.png,237.8899,240.64766,-85.05173,231.91173,231.15196,-77.35335,231.01137,230.94685,-77.6009,229.82855,230.70789,-77.570816,231.33028,231.8181,-100.0524,229.40314,232.34578,-100.34063,226.99278,232.98991,-100.42749,212.88782,238.55261,-36.95351,211.96548,240.2559,-137.03134,235.30489,251.91905,-65.04607,234.21866,252.09502,-95.52394,209.88428,302.04272,34.30507,202.86081,322.68533,-173.21756,224.47668,391.2602,56.138298,218.79726,417.31628,-175.34471,246.03789,463.74902,25.65665,250.15082,490.68207,-136.92702,248.11063,476.32172,25.564068,253.20065,514.50397,-158.54877,253.80359,477.35034,2.4954576,266.80176,509.38535,-157.67825,252.54535,474.8471,15.892291,265.71536,502.95987,-135.4604,194.68394,445.25836,68.76005,199.8222,454.962,-68.95614,180.87218,537.98157,166.62674,312.71454,459.65115,-25.335989,84.21148,511.35645,223.52916,281.09274,566.48987,64.481606,65.132935,501.69678,229.61584,269.08426,583.181,76.17762,80.404434,549.22675,239.13889,334.191,581.5979,82.50552
Screenshot_20230220_020922 copy 2.png,153.99188,236.58481,-132.9646,157.40248,225.32094,-155.31012,159.46725,225.02779,-155.59473,161.24129,224.71924,-155.57553,157.02065,224.80669,-127.072784,158.90787,224.25537,-127.35335,161.0829,223.5727,-127.46488,176.64366,225.6685,-204.37086,177.10251,226.01486,-75.6016,162.82709,246.27446,-144.06265,163.5678,246.25204,-108.53795,186.44702,302.3728,-264.53497,209.56534,289.54178,47.13803,175.28383,394.11804,-266.24875,200.90965,376.71796,46.423157,140.25319,463.1373,-189.92789,167.22571,438.98422,-28.488974,134.10966,487.2476,-210.98431,165.23312,448.7686,-32.549072,128.17145,486.22278,-203.93204,161.23917,451.36856,-54.153168,129.79861,479.07452,-183.78868,163.95155,447.89474,-40.796288,217.01155,456.53845,-101.726776,209.46646,441.7853,101.54276,258.95514,572.46136,-110.4138,109.32459,436.67523,283.90472,379.6879,564.70807,13.897396,136.23242,533.966,366.06882,400.24576,556.9854,26.202246,152.63583,551.82184,373.02448,378.24048,605.57806,13.766542,89.52641,555.108,386.76926
Screenshot_20230220_020922 copy 3.png,153.99188,236.58481,-132.9646,157.40248,225.32094,-155.31012,159.46725,225.02779,-155.59473,161.24129,224.71924,-155.57553,157.02065,224.80669,-127.072784,158.90787,224.25537,-127.35335,161.0829,223.5727,-127.46488,176.64366,225.6685,-204.37086,177.10251,226.01486,-75.6016,162.82709,246.27446,-144.06265,163.5678,246.25204,-108.53795,186.44702,302.3728,-264.53497,209.56534,289.54178,47.13803,175.28383,394.11804,-266.24875,200.90965,376.71796,46.423157,140.25319,463.1373,-189.92789,167.22571,438.98422,-28.488974,134.10966,487.2476,-210.98431,165.23312,448.7686,-32.549072,128.17145,486.22278,-203.93204,161.23917,451.36856,-54.153168,129.79861,479.07452,-183.78868,163.95155,447.89474,-40.796288,217.01155,456.53845,-101.726776,209.46646,441.7853,101.54276,258.95514,572.46136,-110.4138,109.32459,436.67523,283.90472,379.6879,564.70807,13.897396,136.23242,533.966,366.06882,400.24576,556.9854,26.202246,152.63583,551.82184,373.02448,378.24048,605.57806,13.766542,89.52641,555.108,386.76926
Screenshot_20230220_020922 copy 4.png,153.99188,236.58481,-132.9646,157.40248,225.32094,-155.31012,159.46725,225.02779,-155.59473,161.24129,224.71924,-155.57553,157.02065,224.80669,-127.072784,158.90787,224.25537,-127.35335,161.0829,223.5727,-127.46488,176.64366,225.6685,-204.37086,177.10251,226.01486,-75.6016,162.82709,246.27446,-144.06265,163.5678,246.25204,-108.53795,186.44702,302.3728,-264.53497,209.56534,289.54178,47.13803,175.28383,394.11804,-266.24875,200.90965,376.71796,46.423157,140.25319,463.1373,-189.92789,167.22571,438.98422,-28.488974,134.10966,487.2476,-210.98431,165.23312,448.7686,-32.549072,128.17145,486.22278,-203.93204,161.23917,451.36856,-54.153168,129.79861,479.07452,-183.78868,163.95155,447.89474,-40.796288,217.01155,456.53845,-101.726776,209.46646,441.7853,101.54276,258.95514,572.46136,-110.4138,109.32459,436.67523,283.90472,379.6879,564.70807,13.897396,136.23242,533.966,366.06882,400.24576,556.9854,26.202246,152.63583,551.82184,373.02448,378.24048,605.57806,13.766542,89.52641,555.108,386.76926
Screenshot_20230220_020922 copy 5.png,153.99188,236.58481,-132.9646,157.40248,225.32094,-155.31012,159.46725,225.02779,-155.59473,161.24129,224.71924,-155.57553,157.02065,224.80669,-127.072784,158.90787,224.25537,-127.35335,161.0829,223.5727,-127.46488,176.64366,225.6685,-204.37086,177.10251,226.01486,-75.6016,162.82709,246.27446,-144.06265,163.5678,246.25204,-108.53795,186.44702,302.3728,-264.53497,209.56534,289.54178,47.13803,175.28383,394.11804,-266.24875,200.90965,376.71796,46.423157,140.25319,463.1373,-189.92789,167.22571,438.98422,-28.488974,134.10966,487.2476,-210.98431,165.23312,448.7686,-32.549072,128.17145,486.22278,-203.93204,161.23917,451.36856,-54.153168,129.79861,479.07452,-183.78868,163.95155,447.89474,-40.796288,217.01155,456.53845,-101.726776,209.46646,441.7853,101.54276,258.95514,572.46136,-110.4138,109.32459,436.67523,283.90472,379.6879,564.70807,13.897396,136.23242,533.966,366.06882,400.24576,556.9854,26.202246,152.63583,551.82184,373.02448,378.24048,605.57806,13.766542,89.52641,555.108,386.76926
Screenshot_20230220_020922 copy 6.png,153.99188,236.58481,-132.9646,157.40248,225.32094,-155.31012,159.46725,225.02779,-155.59473,161.24129,224.71924,-155.57553,157.02065,224.80669,-127.072784,158.90787,224.25537,-127.35335,161.0829,223.5727,-127.46488,176.64366,225.6685,-204.37086,177.10251,226.01486,-75.6016,162.82709,246.27446,-144.06265,163.5678,246.25204,-108.53795,186.44702,302.3728,-264.53497,209.56534,289.54178,47.13803,175.28383,394.11804,-266.24875,200.90965,376.71796,46.423157,140.25319,463.1373,-189.92789,167.22571,438.98422,-28.488974,134.10966,487.2476,-210.98431,165.23312,448.7686,-32.549072,128.17145,486.22278,-203.93204,161.23917,451.36856,-54.153168,129.79861,479.07452,-183.78868,163.95155,447.89474,-40.796288,217.01155,456.53845,-101.726776,209.46646,441.7853,101.54276,258.95514,572.46136,-110.4138,109.32459,436.67523,283.90472,379.6879,564.70807,13.897396,136.23242,533.966,366.06882,400.24576,556.9854,26.202246,152.63583,551.82184,373.02448,378.24048,605.57806,13.766542,89.52641,555.108,386.76926
Screenshot_20230220_020922 copy 7.png,153.99188,236.58481,-132.9646,157.40248,225.32094,-155.31012,159.46725,225.02779,-155.59473,161.24129,224.71924,-155.57553,157.02065,224.80669,-127.072784,158.90787,224.25537,-127.35335,161.0829,223.5727,-127.46488,176.64366,225.6685,-204.37086,177.10251,226.01486,-75.6016,162.82709,246.27446,-144.06265,163.5678,246.25204,-108.53795,186.44702,302.3728,-264.53497,209.56534,289.54178,47.13803,175.28383,394.11804,-266.24875,200.90965,376.71796,46.423157,140.25319,463.1373,-189.92789,167.22571,438.98422,-28.488974,134.10966,487.2476,-210.98431,165.23312,448.7686,-32.549072,128.17145,486.22278,-203.93204,161.23917,451.36856,-54.153168,129.79861,479.07452,-183.78868,163.95155,447.89474,-40.796288,217.01155,456.53845,-101.726776,209.46646,441.7853,101.54276,258.95514,572.46136,-110.4138,109.32459,436.67523,283.90472,379.6879,564.70807,13.897396,136.23242,533.966,366.06882,400.24576,556.9854,26.202246,152.63583,551.82184,373.02448,378.24048,605.57806,13.766542,89.52641,555.108,386.76926
Screenshot_20230220_020922 copy.png,153.99188,236.58481,-132.9646,157.40248,225.32094,-155.31012,159.46725,225.02779,-155.59473,161.24129,224.71924,-155.57553,157.02065,224.80669,-127.072784,158.90787,224.25537,-127.35335,161.0829,223.5727,-127.46488,176.64366,225.6685,-204.37086,177.10251,226.01486,-75.6016,162.82709,246.27446,-144.06265,163.5678,246.25204,-108.53795,186.44702,302.3728,-264.53497,209.56534,289.54178,47.13803,175.28383,394.11804,-266.24875,200.90965,376.71796,46.423157,140.25319,463.1373,-189.92789,167.22571,438.98422,-28.488974,134.10966,487.2476,-210.98431,165.23312,448.7686,-32.549072,128.17145,486.22278,-203.93204,161.23917,451.36856,-54.153168,129.79861,479.07452,-183.78868,163.95155,447.89474,-40.796288,217.01155,456.53845,-101.726776,209.46646,441.7853,101.54276,258.95514,572.46136,-110.4138,109.32459,436.67523,283.90472,379.6879,564.70807,13.897396,136.23242,533.966,366.06882,400.24576,556.9854,26.202246,152.63583,551.82184,373.02448,378.24048,605.57806,13.766542,89.52641,555.108,386.76926
Screenshot_20230220_020922.png,153.99188,236.58481,-132.9646,157.40248,225.32094,-155.31012,159.46725,225.02779,-155.59473,161.24129,224.71924,-155.57553,157.02065,224.80669,-127.072784,158.90787,224.25537,-127.35335,161.0829,223.5727,-127.46488,176.64366,225.6685,-204.37086,177.10251,226.01486,-75.6016,162.82709,246.27446,-144.06265,163.5678,246.25204,-108.53795,186.44702,302.3728,-264.53497,209.56534,289.54178,47.13803,175.28383,394.11804,-266.24875,200.90965,376.71796,46.423157,140.25319,463.1373,-189.92789,167.22571,438.98422,-28.488974,134.10966,487.2476,-210.98431,165.23312,448.7686,-32.549072,128.17145,486.22278,-203.93204,161.23917,451.36856,-54.153168,129.79861,479.07452,-183.78868,163.95155,447.89474,-40.796288,217.01155,456.53845,-101.726776,209.46646,441.7853,101.54276,258.95514,572.46136,-110.4138,109.32459,436.67523,283.90472,379.6879,564.70807,13.897396,136.23242,533.966,366.06882,400.24576,556.9854,26.202246,152.63583,551.82184,373.02448,378.24048,605.57806,13.766542,89.52641,555.108,386.76926
Screenshot_20230220_020951.png,185.94817,137.76776,-212.74509,191.88298,125.01274,-185.41754,197.59586,125.23588,-185.76822,202.27899,125.50541,-185.81432,174.48381,125.36233,-187.1247,167.8216,126.50807,-187.4994,162.6791,127.72168,-187.74947,207.36877,131.95818,-67.884995,153.11737,137.42815,-75.57811,196.38861,151.46405,-170.49944,176.02266,153.50148,-174.70377,253.82155,230.12512,-35.933697,112.758385,234.07582,-35.114845,262.68533,342.6411,7.151852,100.777016,345.56622,-53.08411,259.10608,436.89795,-35.09937,96.63929,429.86136,-163.7387,260.43567,463.09238,-51.083096,91.22131,459.2434,-194.79433,251.58232,466.19592,-79.30301,96.646706,456.05563,-224.79852,247.08693,455.06827,-45.30986,102.27551,446.55264,-178.68242,218.65976,411.22775,14.717722,146.9114,401.55765,-14.9975195,224.40967,541.9074,-14.638046,169.26788,442.65955,-373.47815,210.29243,453.3389,425.8486,159.17274,583.139,-242.23668,202.0101,440.93008,472.30923,159.66936,593.96716,-227.78853,199.94495,496.12527,476.96677,166.0737,643.52,-317.11832
Screenshot_20230220_021206.png,154.86127,215.52527,-163.23795,162.19055,205.18213,-142.14357,166.60347,206.03767,-142.41753,172.73283,207.59149,-142.44356,148.61957,205.55342,-140.14738,144.15582,206.25441,-140.47972,140.62227,206.73517,-140.65947,182.54703,216.52016,-48.95865,134.99496,216.43265,-40.69408,163.70108,230.25597,-129.65096,146.3051,230.55994,-129.01413,226.41426,294.01807,-26.763107,102.633095,303.19418,5.2936344,249.58362,382.03412,7.412161,85.60889,400.13193,-10.472222,270.0479,466.38074,-28.06185,76.937,479.91904,-102.438354,271.50278,495.95343,-41.65582,70.014565,508.7108,-124.47399,267.22308,495.98254,-67.71731,73.09569,507.90482,-153.80789,261.97812,486.65698,-37.83216,79.68805,495.97092,-117.09136,206.24237,444.13275,2.5270565,138.47742,439.2663,-2.8568337,237.18555,592.35706,-34.527393,129.84032,474.6081,-296.96408,196.59859,544.2274,300.002,130.39452,616.9725,-253.92587,192.81631,527.09796,334.50394,134.47481,626.2972,-249.54703,182.22998,573.3186,326.8766,128.85085,661.1057,-330.59982
Screenshot_20230220_021226.png,176.28435,197.628,-145.48721,184.3629,186.54662,-130.35268,190.38957,187.67307,-130.65497,194.99063,189.37253,-130.70673,170.82419,185.66168,-127.818756,165.65796,186.11058,-128.15128,162.38733,186.38664,-128.31207,204.96153,195.94489,-61.093567,155.84512,195.24026,-49.912514,185.09363,212.49298,-119.85842,168.29224,210.96089,-118.44039,244.81491,275.31998,-50.792923,120.46845,281.98126,-12.375511,266.8606,368.8964,-10.248833,101.660385,377.0666,-16.013884,283.2107,453.7561,-16.5247,92.44027,454.71112,-75.29753,285.83508,482.69745,-23.887733,88.49207,482.99338,-88.44067,282.5221,483.6609,-48.05206,93.390175,482.55313,-115.65115,278.4146,474.70322,-24.757084,98.89841,471.44727,-88.1212,225.84265,430.942,1.9458146,154.13957,423.2214,-2.2959213,249.12314,567.44055,-38.25231,162.44841,460.16147,-234.0998,223.29622,510.45068,258.23672,160.9858,592.2612,-172.56485,211.78421,506.16302,289.44287,166.51369,601.1513,-164.69478,201.75653,553.20856,301.03302,148.30437,635.1501,-212.1995
Screenshot_20230220_021305.png,201.33594,251.25685,-148.63382,207.22527,242.68271,-136.52629,210.6051,243.23657,-136.78734,214.36095,243.7116,-136.82867,195.26747,242.85263,-136.2953,191.16061,243.55318,-136.5562,187.49628,244.28189,-136.68842,216.56758,248.9716,-76.81654,181.01361,250.88904,-76.17197,207.82706,261.97488,-125.79658,194.6603,262.09143,-127.18157,250.28383,314.59128,-65.27014,149.6575,317.80084,-42.552,267.896,391.8874,-43.079124,130.10039,390.48633,-46.000904,275.5109,461.22797,-53.092983,112.998184,460.10657,-92.1998,276.97952,481.73984,-59.383686,109.07309,480.54953,-101.62077,269.86862,482.80646,-76.31357,114.920296,481.6377,-125.44057,265.07492,476.39093,-58.7895,119.97342,475.33466,-103.35568,233.47377,444.85886,8.209975,181.63829,440.2453,-8.450308,241.5265,550.20184,6.550684,182.94878,456.62152,-200.90886,231.63734,503.09973,233.62993,180.94868,575.0337,-158.88667,228.03871,491.2791,257.13083,182.08853,584.24207,-153.47945,227.83322,528.5168,262.03314,189.32251,617.33496,-200.99078
