299A2624-scaled.jpg,829.52686,432.56747,-125.169655,839.78534,419.5789,-108.782036,840.0175,418.58917,-108.83145,840.13257,417.46405,-108.834755,838.0045,416.1979,-161.03984,836.87146,412.93274,-161.1353,835.38965,409.4324,-161.2503,826.9452,399.2963,-11.152898,821.19934,392.37292,-253.89517,815.44775,433.0081,-84.05903,812.20337,429.40256,-155.03256,757.8046,398.9636,119.30447,727.5996,414.6359,-358.5468,863.2924,421.9692,199.48938,719.8357,536.5352,-450.7956,963.9972,435.0171,147.96257,713.9159,658.3717,-441.61688,992.092,430.47736,141.07178,740.90955,674.9961,-499.25116,995.16174,428.75092,107.47447,743.47174,664.1675,-468.704,983.3412,430.11472,128.9157,735.902,658.25446,-429.76212,542.6053,473.1976,150.19244,517.01044,439.5009,-150.14857,565.26843,617.82117,71.90364,338.9908,451.4836,-208.4986,410.59006,582.91675,286.44415,170.97667,379.0814,-150.35165,390.3812,563.4449,304.28506,140.97745,355.76804,-150.79588,368.0107,633.9935,264.52017,119.060074,448.61203,-296.09122
9fe78c258a219b3d448aaaaf7e5fbff1.jpg,927.046,277.95877,3.3378844,926.36536,223.73851,-58.26303,931.4412,220.35521,-58.421146,936.9071,216.98662,-58.304348,927.2156,225.69913,90.66993,932.6031,224.14246,90.48377,937.9644,222.11021,90.37234,1010.37054,212.1366,-233.95346,1006.9036,212.01363,433.79605,969.1237,315.52087,-51.979317,971.27814,314.51855,140.07463,1139.7535,317.1533,-732.52527,1243.6514,339.0954,882.7441,741.1218,392.65332,-1232.0581,1251.7421,668.9893,1120.4674,400.90964,408.90674,-1192.1368,1266.8475,1007.1337,786.05646,323.72562,400.6689,-1372.5659,1219.434,1042.085,838.7491,326.8994,387.3443,-1258.6523,1218.0895,1050.885,645.6355,351.77124,390.76868,-1153.5851,1239.2583,1038.2865,697.2692,1838.2852,548.9735,-503.36285,1900.3788,498.63354,502.0676,1834.2588,1067.2242,-192.60974,2322.696,548.668,1111.6373,2320.5256,1044.4735,491.06012,2797.0598,521.8035,1374.5388,2349.0964,974.6938,582.43207,2865.2625,482.60654,1408.0057,2563.0881,1091.4143,671.18365,2940.132,683.8416,1335.5298
Balancing-Table-Top-Pose.jpg,1336.1339,541.6636,-75.81646,1348.8647,528.3344,-56.83445,1348.7651,527.0092,-56.94109,1348.5719,525.4342,-56.972477,1346.7095,524.85077,-117.0035,1344.9874,521.4566,-117.113625,1343.1327,517.8172,-117.196495,1331.2825,505.65005,51.926346,1326.4673,500.53824,-224.29472,1317.0656,540.39935,-30.2211,1314.4248,536.2999,-111.11395,1226.145,507.25592,187.96036,1206.5029,521.39886,-348.64572,1361.7742,551.46686,222.59018,1192.3538,676.0845,-436.51694,1503.0266,503.51443,140.57974,1180.9443,819.4842,-372.45312,1522.2319,496.14172,125.3729,1212.8335,835.00244,-436.12308,1522.4811,494.02377,95.18407,1220.5314,829.64557,-400.5735,1518.6409,495.91898,121.09579,1210.3647,825.0714,-358.4765,943.1073,578.25397,160.8048,926.65094,550.2961,-160.64923,963.3047,779.94385,120.55952,696.1733,546.6264,-210.71413,754.9268,779.6162,305.22272,472.42847,522.06055,-174.28453,731.33655,752.0218,314.41357,445.4881,495.1416,-178.0038,654.01013,813.27155,217.83331,386.8769,562.19366,-376.02576
Bird-Dog-1-e1555516338144.jpg,1276.865,427.46344,-289.46332,1294.6814,411.4661,-265.38593,1294.8647,409.67862,-265.5418,1295.0863,407.37943,-265.73352,1290.3236,406.2381,-346.0936,1286.8555,400.4592,-346.1353,1283.3801,394.78265,-346.26868,1267.3146,372.951,-102.061554,1252.6866,364.95404,-475.9613,1248.7352,426.5493,-216.19937,1241.5741,421.48334,-326.1949,1138.1091,364.18408,154.59369,1097.9443,410.70926,-634.55145,1319.865,391.8902,391.9162,1099.2451,631.7932,-808.63226,1486.0151,415.89703,342.81458,1096.85,820.03503,-774.28925,1531.3013,412.7996,327.24023,1142.2115,844.2697,-866.3188,1532.0533,412.44534,275.72983,1154.8472,837.4729,-832.8851,1516.9366,413.7929,311.5239,1138.6746,831.10815,-761.30316,759.48145,478.50818,264.4848,716.33887,450.6727,-265.02777,751.6515,729.13074,253.2875,423.6125,519.0657,-175.16788,470.4874,725.6862,670.4374,115.6743,540.6873,77.15211,435.92892,686.4753,705.23126,73.360634,507.28983,92.24519,333.50793,755.36395,626.57495,44.686127,667.4498,-151.96608
Bird-Dog-Exercise-715x358.jpg,187.80846,132.4313,58.265545,183.92368,121.24451,53.452957,184.54628,119.89278,53.440716,185.35916,118.45401,53.430496,184.349,122.207405,75.62382,185.15677,121.59088,75.60459,186.17656,120.85465,75.58657,196.65283,112.83653,37.449524,198.88048,115.84779,135.35307,196.32555,135.19151,52.029,196.09593,135.84409,80.264595,224.57027,123.4381,-32.792515,251.32533,138.78151,188.59671,147.42578,134.85063,-119.795,268.64392,217.03062,246.82668,63.82532,137.9325,-123.4211,249.21646,282.13205,198.56741,47.06363,136.30501,-146.89761,229.81075,286.83456,203.66643,49.620094,129.8373,-133.55617,228.00624,287.54416,175.52353,55.164864,130.34642,-119.54516,235.03615,286.65143,185.74402,366.86353,168.42122,-66.834015,385.13553,157.15343,66.4157,361.1154,289.09805,-76.68946,500.6042,164.27765,80.08291,469.7338,266.5845,-10.638913,627.6126,131.03873,82.569046,476.51468,250.2796,1.4655745,642.9429,114.03757,83.9985,535.4149,289.57095,45.19921,675.30023,159.82896,70.24965
Bird-Dog-Exervice-Bodyfeed-Triathlon-Coaching.jpg,936.9664,290.55692,-168.94737,949.89026,274.65182,-151.27356,950.28894,273.0388,-151.33713,950.7726,271.06595,-151.34752,946.8458,271.8547,-219.549,945.03564,268.34726,-219.66455,943.3519,264.738,-219.85245,933.75507,248.10428,-37.24627,925.92456,245.21288,-355.9227,917.43304,289.8454,-119.06348,912.8175,286.31754,-212.44257,850.21796,240.1151,138.1118,829.34973,272.85437,-499.34634,978.3561,249.91719,242.49031,843.5609,433.78964,-652.53625,1103.1731,225.56721,139.02998,860.386,577.76385,-643.3452,1132.5408,208.45811,121.17187,894.7611,597.5117,-727.00916,1137.1322,206.41293,83.66618,903.9272,589.98914,-684.35223,1127.8688,210.65474,115.20155,892.2142,585.2569,-626.99835,565.31854,316.45624,214.32626,544.0175,304.50958,-214.51491,565.22754,543.1419,226.06462,325.72293,263.67493,-228.97296,354.57898,508.86124,502.02267,97.88239,193.8615,-87.443054,329.80786,467.65887,522.5853,54.358112,163.06581,-82.295135,261.4407,556.2466,459.85648,71.12492,296.84885,-288.6429
Bird-Dog_Exercise.jpg,343.08185,133.62465,-367.94022,350.96393,126.279106,-364.3845,352.59073,125.48804,-364.37726,354.082,124.58568,-364.50925,344.5705,124.644806,-389.08493,341.7317,122.839035,-389.18945,338.83835,120.96337,-389.27686,349.3844,114.33462,-306.4706,330.7027,111.25336,-420.70648,338.15323,135.1573,-340.34402,331.1645,131.95198,-373.88397,338.28024,108.56695,-237.0704,271.1942,121.43245,-416.18433,397.8185,119.39499,-203.27931,261.4935,197.47133,-486.8058,460.52634,134.6207,-248.9695,273.53812,259.9257,-546.6619,480.34705,132.55063,-277.5011,287.36542,273.12204,-598.2585,480.56564,132.77467,-295.15625,293.2687,268.87082,-586.8554,472.16525,134.23828,-259.76947,288.1734,265.13867,-545.59283,225.77043,141.56903,63.743664,186.81839,122.31536,-63.769714,232.51608,229.56297,-37.513718,121.35349,101.81137,7.794302,169.2751,209.7389,172.57524,70.57183,53.390717,244.80685,158.9866,192.45885,195.05447,71.00623,35.454998,267.40622,134.61847,226.40132,168.8246,38.622063,68.4586,219.0477
Bird-dog-part-1-profile.jpg,1472.614,353.7495,-82.14376,1493.0109,334.47342,-57.62874,1492.4226,330.83304,-57.61249,1491.7953,326.7112,-57.50897,1493.1964,335.99948,-139.24594,1492.5673,333.87567,-139.3865,1491.9288,331.40967,-139.53644,1468.9983,296.8831,102.737686,1472.7184,310.29944,-278.5195,1441.9628,350.0981,-10.824031,1441.2147,351.47964,-123.11753,1313.318,272.26547,350.9701,1336.3185,386.98398,-497.32794,1458.9384,266.44043,515.2864,1295.4601,637.1766,-628.0133,1640.5806,217.82031,580.5547,1283.0465,819.4026,-491.5809,1685.8279,189.5541,605.98846,1332.084,853.60095,-571.9635,1692.3286,190.64326,557.32605,1343.0137,836.033,-511.18936,1678.5745,199.80891,556.6667,1324.3491,824.2272,-464.49142,935.5245,444.09537,294.37112,944.8576,480.00232,-294.95596,952.4374,725.1892,398.22092,593.1338,454.8522,-208.3494,680.1244,691.52765,692.86487,282.0812,441.9779,3.990231,636.74,653.6486,716.09485,221.03966,411.70547,18.073956,578.4304,767.44476,668.55615,257.26953,580.6394,-163.13817
Core-Bird-Dog.jpg,986.83417,287.76086,-628.91956,1002.1893,269.54025,-632.2185,1003.92004,267.34518,-632.2859,1005.16156,264.89938,-632.5405,993.45685,267.5499,-679.86584,989.31494,264.21646,-679.99036,984.70105,260.46683,-680.12915,987.47614,241.48227,-558.3776,961.2547,235.52003,-780.2994,973.1761,287.24194,-589.69604,962.7099,284.08948,-655.0593,958.1722,216.61734,-456.57718,821.4809,267.40237,-787.6154,1116.4679,219.56712,-405.0208,797.7747,451.54465,-892.09784,1272.9658,199.8465,-510.69455,818.3405,612.3489,-941.76483,1314.3604,181.5723,-589.8737,855.8603,633.1049,-1035.9314,1314.9886,182.7285,-616.1416,868.67065,621.6581,-1026.6534,1303.1101,188.85384,-530.5963,853.56396,616.1726,-943.5464,674.23364,280.28494,132.34799,600.46246,259.82614,-132.58798,693.1422,515.6665,121.78806,410.5146,204.37851,150.22821,525.82196,472.90872,464.55228,237.57654,135.36148,486.73102,500.88635,442.63004,498.81705,200.15755,94.87617,514.24005,443.11215,495.7555,465.29858,201.59248,222.69467,394.34143
Diya-Photos-2263.jpg,878.618,402.85806,-170.79207,891.059,388.68863,-150.93811,891.046,387.85342,-151.01334,891.12366,386.9454,-151.01653,888.2794,385.22684,-208.00667,886.19135,382.01422,-208.09566,884.1596,378.67484,-208.25853,875.28235,370.3947,-25.879028,866.87756,362.02957,-290.50684,862.1223,408.19946,-117.54918,858.5758,403.18033,-195.11925,795.10297,369.59335,152.31085,779.74347,385.08142,-420.82742,899.6428,456.31216,222.22939,777.7083,520.07336,-580.1095,1012.34406,498.2475,42.778416,803.39905,647.25397,-615.0766,1054.0314,497.3818,18.898804,837.8827,661.6648,-702.5897,1051.7439,494.5876,-27.967342,846.20667,655.74524,-667.11316,1035.7979,495.26865,14.556408,834.3999,651.4262,-603.58307,527.18866,397.96652,197.1941,506.49036,398.93967,-197.20854,560.4131,603.863,126.0431,294.6104,409.8959,-238.67198,367.682,564.6745,390.80316,86.9491,390.82187,-90.086586,345.07434,533.43353,409.84283,51.852753,366.90152,-82.29242,274.4436,610.11584,345.6367,39.425434,487.54233,-251.42589
Gail-bird-dog.jpg,1565.7903,1971.6968,-31.077713,1504.8126,1884.1433,-145.53874,1512.7118,1870.5366,-145.41393,1520.5249,1855.6523,-145.34671,1499.9757,1891.8236,104.72859,1504.6847,1884.4137,104.48168,1509.6237,1874.8948,103.90361,1617.8864,1773.0331,-437.0837,1612.9822,1801.7828,683.9198,1675.1215,1979.0092,-113.570206,1667.976,1988.3257,209.34695,2003.4453,1839.1519,-1091.4478,2085.128,1931.7737,1429.5848,1307.0057,1727.5431,-2219.0425,2201.697,2682.815,2028.6036,602.13654,1540.9253,-2551.951,2134.4846,3203.1682,1536.9222,451.4235,1472.036,-2852.5427,1972.4906,3255.5999,1602.9083,466.2414,1435.7821,-2723.5845,1967.9585,3264.5127,1325.6683,518.5678,1450.4303,-2533.3516,2027.711,3250.9973,1408.1477,3262.6968,2381.459,-798.0261,3351.7,2230.489,794.9922,3214.3884,3341.606,-423.00073,4233.9517,2288.1362,1612.3969,4109.7173,3015.7312,919.27783,5202.8643,2186.3396,2460.4526,4237.167,2887.0771,1095.7921,5399.9062,2150.1726,2565.1729,4386.242,3363.8652,1432.9423,5159.8574,2575.8718,2503.6052
H6w9mUQg58T3SdML7LvHjJ.jpg,271.93253,223.61028,53.74193,276.4069,207.87358,39.713696,278.77792,207.08278,39.700207,281.2683,206.13306,39.694687,277.53152,207.93367,75.30061,280.52966,207.2204,75.28927,283.82642,206.28337,75.35236,302.47644,205.90604,-0.066979885,304.55417,205.86958,154.27347,285.1795,236.1292,41.080376,286.65372,236.29645,85.65479,336.08368,250.59625,-124.94457,366.6235,250.74565,255.6651,217.1947,263.4315,-235.9433,371.57803,360.0391,287.2186,106.067986,259.03354,-247.40076,371.39154,456.82617,188.53635,85.01619,255.27345,-303.64154,344.47897,460.74643,193.98149,86.3609,251.99915,-271.74493,342.58994,461.02533,138.58987,93.77533,253.22392,-239.58348,351.12292,460.39188,161.97276,563.15564,302.32205,-126.925064,572.6894,281.74866,126.70656,616.8456,477.43402,-152.80957,736.7419,285.0858,175.54207,782.58826,470.21185,-23.509605,889.1622,223.48611,233.52147,797.5423,448.5766,-6.0194855,910.851,196.19843,240.0676,859.8422,484.11508,10.750046,953.7331,265.24316,195.10132
IMG_4962 copy 10.JPG,653.4973,1063.5262,1230.055,641.66223,1042.1521,1183.3893,636.4982,1043.7002,1183.6163,630.2019,1045.5728,1183.894,657.72614,1035.9247,1222.864,664.81647,1032.9193,1222.8405,672.2793,1029.695,1222.8193,630.9499,1048.3479,936.0893,702.4112,1021.94037,1113.2913,659.0431,1083.1136,1142.6603,679.14014,1074.9263,1192.8832,616.7361,1143.3009,509.7681,867.3301,1097.676,1062.3217,495.70734,1157.7096,-40.03168,873.82635,1303.3403,1082.3566,370.12973,1107.2687,-371.2078,836.08527,1500.7198,1051.7281,332.84366,1075.6768,-476.1206,809.7599,1529.3988,1065.3358,348.69348,1067.7512,-422.76956,802.22003,1528.0331,1008.3434,364.6587,1083.4088,-360.06772,811.8007,1518.6271,1031.6396,924.2291,1422.3969,-204.71695,1079.3926,1361.3247,203.4133,942.7175,1807.9788,-216.05177,1364.4133,1612.6337,66.06902,1181.576,1910.6104,-713.26215,1709.3297,1761.6749,-927.7338,1221.102,1860.8312,-763.6465,1762.2484,1755.0334,-1039.8033,1272.5721,2079.7275,-781.4884,1813.2242,1902.5272,-1239.4696
IMG_4962 copy 11.JPG,653.4973,1063.5262,1230.055,641.66223,1042.1521,1183.3893,636.4982,1043.7002,1183.6163,630.2019,1045.5728,1183.894,657.72614,1035.9247,1222.864,664.81647,1032.9193,1222.8405,672.2793,1029.695,1222.8193,630.9499,1048.3479,936.0893,702.4112,1021.94037,1113.2913,659.0431,1083.1136,1142.6603,679.14014,1074.9263,1192.8832,616.7361,1143.3009,509.7681,867.3301,1097.676,1062.3217,495.70734,1157.7096,-40.03168,873.82635,1303.3403,1082.3566,370.12973,1107.2687,-371.2078,836.08527,1500.7198,1051.7281,332.84366,1075.6768,-476.1206,809.7599,1529.3988,1065.3358,348.69348,1067.7512,-422.76956,802.22003,1528.0331,1008.3434,364.6587,1083.4088,-360.06772,811.8007,1518.6271,1031.6396,924.2291,1422.3969,-204.71695,1079.3926,1361.3247,203.4133,942.7175,1807.9788,-216.05177,1364.4133,1612.6337,66.06902,1181.576,1910.6104,-713.26215,1709.3297,1761.6749,-927.7338,1221.102,1860.8312,-763.6465,1762.2484,1755.0334,-1039.8033,1272.5721,2079.7275,-781.4884,1813.2242,1902.5272,-1239.4696
IMG_4962 copy 12.JPG,653.4973,1063.5262,1230.055,641.66223,1042.1521,1183.3893,636.4982,1043.7002,1183.6163,630.2019,1045.5728,1183.894,657.72614,1035.9247,1222.864,664.81647,1032.9193,1222.8405,672.2793,1029.695,1222.8193,630.9499,1048.3479,936.0893,702.4112,1021.94037,1113.2913,659.0431,1083.1136,1142.6603,679.14014,1074.9263,1192.8832,616.7361,1143.3009,509.7681,867.3301,1097.676,1062.3217,495.70734,1157.7096,-40.03168,873.82635,1303.3403,1082.3566,370.12973,1107.2687,-371.2078,836.08527,1500.7198,1051.7281,332.84366,1075.6768,-476.1206,809.7599,1529.3988,1065.3358,348.69348,1067.7512,-422.76956,802.22003,1528.0331,1008.3434,364.6587,1083.4088,-360.06772,811.8007,1518.6271,1031.6396,924.2291,1422.3969,-204.71695,1079.3926,1361.3247,203.4133,942.7175,1807.9788,-216.05177,1364.4133,1612.6337,66.06902,1181.576,1910.6104,-713.26215,1709.3297,1761.6749,-927.7338,1221.102,1860.8312,-763.6465,1762.2484,1755.0334,-1039.8033,1272.5721,2079.7275,-781.4884,1813.2242,1902.5272,-1239.4696
IMG_4962 copy 13.JPG,653.4973,1063.5262,1230.055,641.66223,1042.1521,1183.3893,636.4982,1043.7002,1183.6163,630.2019,1045.5728,1183.894,657.72614,1035.9247,1222.864,664.81647,1032.9193,1222.8405,672.2793,1029.695,1222.8193,630.9499,1048.3479,936.0893,702.4112,1021.94037,1113.2913,659.0431,1083.1136,1142.6603,679.14014,1074.9263,1192.8832,616.7361,1143.3009,509.7681,867.3301,1097.676,1062.3217,495.70734,1157.7096,-40.03168,873.82635,1303.3403,1082.3566,370.12973,1107.2687,-371.2078,836.08527,1500.7198,1051.7281,332.84366,1075.6768,-476.1206,809.7599,1529.3988,1065.3358,348.69348,1067.7512,-422.76956,802.22003,1528.0331,1008.3434,364.6587,1083.4088,-360.06772,811.8007,1518.6271,1031.6396,924.2291,1422.3969,-204.71695,1079.3926,1361.3247,203.4133,942.7175,1807.9788,-216.05177,1364.4133,1612.6337,66.06902,1181.576,1910.6104,-713.26215,1709.3297,1761.6749,-927.7338,1221.102,1860.8312,-763.6465,1762.2484,1755.0334,-1039.8033,1272.5721,2079.7275,-781.4884,1813.2242,1902.5272,-1239.4696
IMG_4962 copy 14.JPG,653.4973,1063.5262,1230.055,641.66223,1042.1521,1183.3893,636.4982,1043.7002,1183.6163,630.2019,1045.5728,1183.894,657.72614,1035.9247,1222.864,664.81647,1032.9193,1222.8405,672.2793,1029.695,1222.8193,630.9499,1048.3479,936.0893,702.4112,1021.94037,1113.2913,659.0431,1083.1136,1142.6603,679.14014,1074.9263,1192.8832,616.7361,1143.3009,509.7681,867.3301,1097.676,1062.3217,495.70734,1157.7096,-40.03168,873.82635,1303.3403,1082.3566,370.12973,1107.2687,-371.2078,836.08527,1500.7198,1051.7281,332.84366,1075.6768,-476.1206,809.7599,1529.3988,1065.3358,348.69348,1067.7512,-422.76956,802.22003,1528.0331,1008.3434,364.6587,1083.4088,-360.06772,811.8007,1518.6271,1031.6396,924.2291,1422.3969,-204.71695,1079.3926,1361.3247,203.4133,942.7175,1807.9788,-216.05177,1364.4133,1612.6337,66.06902,1181.576,1910.6104,-713.26215,1709.3297,1761.6749,-927.7338,1221.102,1860.8312,-763.6465,1762.2484,1755.0334,-1039.8033,1272.5721,2079.7275,-781.4884,1813.2242,1902.5272,-1239.4696
IMG_4962 copy 15.JPG,653.4973,1063.5262,1230.055,641.66223,1042.1521,1183.3893,636.4982,1043.7002,1183.6163,630.2019,1045.5728,1183.894,657.72614,1035.9247,1222.864,664.81647,1032.9193,1222.8405,672.2793,1029.695,1222.8193,630.9499,1048.3479,936.0893,702.4112,1021.94037,1113.2913,659.0431,1083.1136,1142.6603,679.14014,1074.9263,1192.8832,616.7361,1143.3009,509.7681,867.3301,1097.676,1062.3217,495.70734,1157.7096,-40.03168,873.82635,1303.3403,1082.3566,370.12973,1107.2687,-371.2078,836.08527,1500.7198,1051.7281,332.84366,1075.6768,-476.1206,809.7599,1529.3988,1065.3358,348.69348,1067.7512,-422.76956,802.22003,1528.0331,1008.3434,364.6587,1083.4088,-360.06772,811.8007,1518.6271,1031.6396,924.2291,1422.3969,-204.71695,1079.3926,1361.3247,203.4133,942.7175,1807.9788,-216.05177,1364.4133,1612.6337,66.06902,1181.576,1910.6104,-713.26215,1709.3297,1761.6749,-927.7338,1221.102,1860.8312,-763.6465,1762.2484,1755.0334,-1039.8033,1272.5721,2079.7275,-781.4884,1813.2242,1902.5272,-1239.4696
IMG_4962 copy 16.JPG,653.4973,1063.5262,1230.055,641.66223,1042.1521,1183.3893,636.4982,1043.7002,1183.6163,630.2019,1045.5728,1183.894,657.72614,1035.9247,1222.864,664.81647,1032.9193,1222.8405,672.2793,1029.695,1222.8193,630.9499,1048.3479,936.0893,702.4112,1021.94037,1113.2913,659.0431,1083.1136,1142.6603,679.14014,1074.9263,1192.8832,616.7361,1143.3009,509.7681,867.3301,1097.676,1062.3217,495.70734,1157.7096,-40.03168,873.82635,1303.3403,1082.3566,370.12973,1107.2687,-371.2078,836.08527,1500.7198,1051.7281,332.84366,1075.6768,-476.1206,809.7599,1529.3988,1065.3358,348.69348,1067.7512,-422.76956,802.22003,1528.0331,1008.3434,364.6587,1083.4088,-360.06772,811.8007,1518.6271,1031.6396,924.2291,1422.3969,-204.71695,1079.3926,1361.3247,203.4133,942.7175,1807.9788,-216.05177,1364.4133,1612.6337,66.06902,1181.576,1910.6104,-713.26215,1709.3297,1761.6749,-927.7338,1221.102,1860.8312,-763.6465,1762.2484,1755.0334,-1039.8033,1272.5721,2079.7275,-781.4884,1813.2242,1902.5272,-1239.4696
IMG_4962 copy 17.JPG,653.4973,1063.5262,1230.055,641.66223,1042.1521,1183.3893,636.4982,1043.7002,1183.6163,630.2019,1045.5728,1183.894,657.72614,1035.9247,1222.864,664.81647,1032.9193,1222.8405,672.2793,1029.695,1222.8193,630.9499,1048.3479,936.0893,702.4112,1021.94037,1113.2913,659.0431,1083.1136,1142.6603,679.14014,1074.9263,1192.8832,616.7361,1143.3009,509.7681,867.3301,1097.676,1062.3217,495.70734,1157.7096,-40.03168,873.82635,1303.3403,1082.3566,370.12973,1107.2687,-371.2078,836.08527,1500.7198,1051.7281,332.84366,1075.6768,-476.1206,809.7599,1529.3988,1065.3358,348.69348,1067.7512,-422.76956,802.22003,1528.0331,1008.3434,364.6587,1083.4088,-360.06772,811.8007,1518.6271,1031.6396,924.2291,1422.3969,-204.71695,1079.3926,1361.3247,203.4133,942.7175,1807.9788,-216.05177,1364.4133,1612.6337,66.06902,1181.576,1910.6104,-713.26215,1709.3297,1761.6749,-927.7338,1221.102,1860.8312,-763.6465,1762.2484,1755.0334,-1039.8033,1272.5721,2079.7275,-781.4884,1813.2242,1902.5272,-1239.4696
IMG_4962 copy 18.JPG,653.4973,1063.5262,1230.055,641.66223,1042.1521,1183.3893,636.4982,1043.7002,1183.6163,630.2019,1045.5728,1183.894,657.72614,1035.9247,1222.864,664.81647,1032.9193,1222.8405,672.2793,1029.695,1222.8193,630.9499,1048.3479,936.0893,702.4112,1021.94037,1113.2913,659.0431,1083.1136,1142.6603,679.14014,1074.9263,1192.8832,616.7361,1143.3009,509.7681,867.3301,1097.676,1062.3217,495.70734,1157.7096,-40.03168,873.82635,1303.3403,1082.3566,370.12973,1107.2687,-371.2078,836.08527,1500.7198,1051.7281,332.84366,1075.6768,-476.1206,809.7599,1529.3988,1065.3358,348.69348,1067.7512,-422.76956,802.22003,1528.0331,1008.3434,364.6587,1083.4088,-360.06772,811.8007,1518.6271,1031.6396,924.2291,1422.3969,-204.71695,1079.3926,1361.3247,203.4133,942.7175,1807.9788,-216.05177,1364.4133,1612.6337,66.06902,1181.576,1910.6104,-713.26215,1709.3297,1761.6749,-927.7338,1221.102,1860.8312,-763.6465,1762.2484,1755.0334,-1039.8033,1272.5721,2079.7275,-781.4884,1813.2242,1902.5272,-1239.4696
IMG_4962 copy 19.JPG,653.4973,1063.5262,1230.055,641.66223,1042.1521,1183.3893,636.4982,1043.7002,1183.6163,630.2019,1045.5728,1183.894,657.72614,1035.9247,1222.864,664.81647,1032.9193,1222.8405,672.2793,1029.695,1222.8193,630.9499,1048.3479,936.0893,702.4112,1021.94037,1113.2913,659.0431,1083.1136,1142.6603,679.14014,1074.9263,1192.8832,616.7361,1143.3009,509.7681,867.3301,1097.676,1062.3217,495.70734,1157.7096,-40.03168,873.82635,1303.3403,1082.3566,370.12973,1107.2687,-371.2078,836.08527,1500.7198,1051.7281,332.84366,1075.6768,-476.1206,809.7599,1529.3988,1065.3358,348.69348,1067.7512,-422.76956,802.22003,1528.0331,1008.3434,364.6587,1083.4088,-360.06772,811.8007,1518.6271,1031.6396,924.2291,1422.3969,-204.71695,1079.3926,1361.3247,203.4133,942.7175,1807.9788,-216.05177,1364.4133,1612.6337,66.06902,1181.576,1910.6104,-713.26215,1709.3297,1761.6749,-927.7338,1221.102,1860.8312,-763.6465,1762.2484,1755.0334,-1039.8033,1272.5721,2079.7275,-781.4884,1813.2242,1902.5272,-1239.4696
IMG_4962 copy 2.JPG,653.4973,1063.5262,1230.055,641.66223,1042.1521,1183.3893,636.4982,1043.7002,1183.6163,630.2019,1045.5728,1183.894,657.72614,1035.9247,1222.864,664.81647,1032.9193,1222.8405,672.2793,1029.695,1222.8193,630.9499,1048.3479,936.0893,702.4112,1021.94037,1113.2913,659.0431,1083.1136,1142.6603,679.14014,1074.9263,1192.8832,616.7361,1143.3009,509.7681,867.3301,1097.676,1062.3217,495.70734,1157.7096,-40.03168,873.82635,1303.3403,1082.3566,370.12973,1107.2687,-371.2078,836.08527,1500.7198,1051.7281,332.84366,1075.6768,-476.1206,809.7599,1529.3988,1065.3358,348.69348,1067.7512,-422.76956,802.22003,1528.0331,1008.3434,364.6587,1083.4088,-360.06772,811.8007,1518.6271,1031.6396,924.2291,1422.3969,-204.71695,1079.3926,1361.3247,203.4133,942.7175,1807.9788,-216.05177,1364.4133,1612.6337,66.06902,1181.576,1910.6104,-713.26215,1709.3297,1761.6749,-927.7338,1221.102,1860.8312,-763.6465,1762.2484,1755.0334,-1039.8033,1272.5721,2079.7275,-781.4884,1813.2242,1902.5272,-1239.4696
IMG_4962 copy 20.JPG,653.4973,1063.5262,1230.055,641.66223,1042.1521,1183.3893,636.4982,1043.7002,1183.6163,630.2019,1045.5728,1183.894,657.72614,1035.9247,1222.864,664.81647,1032.9193,1222.8405,672.2793,1029.695,1222.8193,630.9499,1048.3479,936.0893,702.4112,1021.94037,1113.2913,659.0431,1083.1136,1142.6603,679.14014,1074.9263,1192.8832,616.7361,1143.3009,509.7681,867.3301,1097.676,1062.3217,495.70734,1157.7096,-40.03168,873.82635,1303.3403,1082.3566,370.12973,1107.2687,-371.2078,836.08527,1500.7198,1051.7281,332.84366,1075.6768,-476.1206,809.7599,1529.3988,1065.3358,348.69348,1067.7512,-422.76956,802.22003,1528.0331,1008.3434,364.6587,1083.4088,-360.06772,811.8007,1518.6271,1031.6396,924.2291,1422.3969,-204.71695,1079.3926,1361.3247,203.4133,942.7175,1807.9788,-216.05177,1364.4133,1612.6337,66.06902,1181.576,1910.6104,-713.26215,1709.3297,1761.6749,-927.7338,1221.102,1860.8312,-763.6465,1762.2484,1755.0334,-1039.8033,1272.5721,2079.7275,-781.4884,1813.2242,1902.5272,-1239.4696
IMG_4962 copy 21.JPG,653.4973,1063.5262,1230.055,641.66223,1042.1521,1183.3893,636.4982,1043.7002,1183.6163,630.2019,1045.5728,1183.894,657.72614,1035.9247,1222.864,664.81647,1032.9193,1222.8405,672.2793,1029.695,1222.8193,630.9499,1048.3479,936.0893,702.4112,1021.94037,1113.2913,659.0431,1083.1136,1142.6603,679.14014,1074.9263,1192.8832,616.7361,1143.3009,509.7681,867.3301,1097.676,1062.3217,495.70734,1157.7096,-40.03168,873.82635,1303.3403,1082.3566,370.12973,1107.2687,-371.2078,836.08527,1500.7198,1051.7281,332.84366,1075.6768,-476.1206,809.7599,1529.3988,1065.3358,348.69348,1067.7512,-422.76956,802.22003,1528.0331,1008.3434,364.6587,1083.4088,-360.06772,811.8007,1518.6271,1031.6396,924.2291,1422.3969,-204.71695,1079.3926,1361.3247,203.4133,942.7175,1807.9788,-216.05177,1364.4133,1612.6337,66.06902,1181.576,1910.6104,-713.26215,1709.3297,1761.6749,-927.7338,1221.102,1860.8312,-763.6465,1762.2484,1755.0334,-1039.8033,1272.5721,2079.7275,-781.4884,1813.2242,1902.5272,-1239.4696
IMG_4962 copy 22.JPG,653.4973,1063.5262,1230.055,641.66223,1042.1521,1183.3893,636.4982,1043.7002,1183.6163,630.2019,1045.5728,1183.894,657.72614,1035.9247,1222.864,664.81647,1032.9193,1222.8405,672.2793,1029.695,1222.8193,630.9499,1048.3479,936.0893,702.4112,1021.94037,1113.2913,659.0431,1083.1136,1142.6603,679.14014,1074.9263,1192.8832,616.7361,1143.3009,509.7681,867.3301,1097.676,1062.3217,495.70734,1157.7096,-40.03168,873.82635,1303.3403,1082.3566,370.12973,1107.2687,-371.2078,836.08527,1500.7198,1051.7281,332.84366,1075.6768,-476.1206,809.7599,1529.3988,1065.3358,348.69348,1067.7512,-422.76956,802.22003,1528.0331,1008.3434,364.6587,1083.4088,-360.06772,811.8007,1518.6271,1031.6396,924.2291,1422.3969,-204.71695,1079.3926,1361.3247,203.4133,942.7175,1807.9788,-216.05177,1364.4133,1612.6337,66.06902,1181.576,1910.6104,-713.26215,1709.3297,1761.6749,-927.7338,1221.102,1860.8312,-763.6465,1762.2484,1755.0334,-1039.8033,1272.5721,2079.7275,-781.4884,1813.2242,1902.5272,-1239.4696
IMG_4962 copy 23.JPG,653.4973,1063.5262,1230.055,641.66223,1042.1521,1183.3893,636.4982,1043.7002,1183.6163,630.2019,1045.5728,1183.894,657.72614,1035.9247,1222.864,664.81647,1032.9193,1222.8405,672.2793,1029.695,1222.8193,630.9499,1048.3479,936.0893,702.4112,1021.94037,1113.2913,659.0431,1083.1136,1142.6603,679.14014,1074.9263,1192.8832,616.7361,1143.3009,509.7681,867.3301,1097.676,1062.3217,495.70734,1157.7096,-40.03168,873.82635,1303.3403,1082.3566,370.12973,1107.2687,-371.2078,836.08527,1500.7198,1051.7281,332.84366,1075.6768,-476.1206,809.7599,1529.3988,1065.3358,348.69348,1067.7512,-422.76956,802.22003,1528.0331,1008.3434,364.6587,1083.4088,-360.06772,811.8007,1518.6271,1031.6396,924.2291,1422.3969,-204.71695,1079.3926,1361.3247,203.4133,942.7175,1807.9788,-216.05177,1364.4133,1612.6337,66.06902,1181.576,1910.6104,-713.26215,1709.3297,1761.6749,-927.7338,1221.102,1860.8312,-763.6465,1762.2484,1755.0334,-1039.8033,1272.5721,2079.7275,-781.4884,1813.2242,1902.5272,-1239.4696
IMG_4962 copy 24.JPG,653.4973,1063.5262,1230.055,641.66223,1042.1521,1183.3893,636.4982,1043.7002,1183.6163,630.2019,1045.5728,1183.894,657.72614,1035.9247,1222.864,664.81647,1032.9193,1222.8405,672.2793,1029.695,1222.8193,630.9499,1048.3479,936.0893,702.4112,1021.94037,1113.2913,659.0431,1083.1136,1142.6603,679.14014,1074.9263,1192.8832,616.7361,1143.3009,509.7681,867.3301,1097.676,1062.3217,495.70734,1157.7096,-40.03168,873.82635,1303.3403,1082.3566,370.12973,1107.2687,-371.2078,836.08527,1500.7198,1051.7281,332.84366,1075.6768,-476.1206,809.7599,1529.3988,1065.3358,348.69348,1067.7512,-422.76956,802.22003,1528.0331,1008.3434,364.6587,1083.4088,-360.06772,811.8007,1518.6271,1031.6396,924.2291,1422.3969,-204.71695,1079.3926,1361.3247,203.4133,942.7175,1807.9788,-216.05177,1364.4133,1612.6337,66.06902,1181.576,1910.6104,-713.26215,1709.3297,1761.6749,-927.7338,1221.102,1860.8312,-763.6465,1762.2484,1755.0334,-1039.8033,1272.5721,2079.7275,-781.4884,1813.2242,1902.5272,-1239.4696
IMG_4962 copy 25.JPG,653.4973,1063.5262,1230.055,641.66223,1042.1521,1183.3893,636.4982,1043.7002,1183.6163,630.2019,1045.5728,1183.894,657.72614,1035.9247,1222.864,664.81647,1032.9193,1222.8405,672.2793,1029.695,1222.8193,630.9499,1048.3479,936.0893,702.4112,1021.94037,1113.2913,659.0431,1083.1136,1142.6603,679.14014,1074.9263,1192.8832,616.7361,1143.3009,509.7681,867.3301,1097.676,1062.3217,495.70734,1157.7096,-40.03168,873.82635,1303.3403,1082.3566,370.12973,1107.2687,-371.2078,836.08527,1500.7198,1051.7281,332.84366,1075.6768,-476.1206,809.7599,1529.3988,1065.3358,348.69348,1067.7512,-422.76956,802.22003,1528.0331,1008.3434,364.6587,1083.4088,-360.06772,811.8007,1518.6271,1031.6396,924.2291,1422.3969,-204.71695,1079.3926,1361.3247,203.4133,942.7175,1807.9788,-216.05177,1364.4133,1612.6337,66.06902,1181.576,1910.6104,-713.26215,1709.3297,1761.6749,-927.7338,1221.102,1860.8312,-763.6465,1762.2484,1755.0334,-1039.8033,1272.5721,2079.7275,-781.4884,1813.2242,1902.5272,-1239.4696
IMG_4962 copy 26.JPG,653.4973,1063.5262,1230.055,641.66223,1042.1521,1183.3893,636.4982,1043.7002,1183.6163,630.2019,1045.5728,1183.894,657.72614,1035.9247,1222.864,664.81647,1032.9193,1222.8405,672.2793,1029.695,1222.8193,630.9499,1048.3479,936.0893,702.4112,1021.94037,1113.2913,659.0431,1083.1136,1142.6603,679.14014,1074.9263,1192.8832,616.7361,1143.3009,509.7681,867.3301,1097.676,1062.3217,495.70734,1157.7096,-40.03168,873.82635,1303.3403,1082.3566,370.12973,1107.2687,-371.2078,836.08527,1500.7198,1051.7281,332.84366,1075.6768,-476.1206,809.7599,1529.3988,1065.3358,348.69348,1067.7512,-422.76956,802.22003,1528.0331,1008.3434,364.6587,1083.4088,-360.06772,811.8007,1518.6271,1031.6396,924.2291,1422.3969,-204.71695,1079.3926,1361.3247,203.4133,942.7175,1807.9788,-216.05177,1364.4133,1612.6337,66.06902,1181.576,1910.6104,-713.26215,1709.3297,1761.6749,-927.7338,1221.102,1860.8312,-763.6465,1762.2484,1755.0334,-1039.8033,1272.5721,2079.7275,-781.4884,1813.2242,1902.5272,-1239.4696
IMG_4962 copy 27.JPG,653.4973,1063.5262,1230.055,641.66223,1042.1521,1183.3893,636.4982,1043.7002,1183.6163,630.2019,1045.5728,1183.894,657.72614,1035.9247,1222.864,664.81647,1032.9193,1222.8405,672.2793,1029.695,1222.8193,630.9499,1048.3479,936.0893,702.4112,1021.94037,1113.2913,659.0431,1083.1136,1142.6603,679.14014,1074.9263,1192.8832,616.7361,1143.3009,509.7681,867.3301,1097.676,1062.3217,495.70734,1157.7096,-40.03168,873.82635,1303.3403,1082.3566,370.12973,1107.2687,-371.2078,836.08527,1500.7198,1051.7281,332.84366,1075.6768,-476.1206,809.7599,1529.3988,1065.3358,348.69348,1067.7512,-422.76956,802.22003,1528.0331,1008.3434,364.6587,1083.4088,-360.06772,811.8007,1518.6271,1031.6396,924.2291,1422.3969,-204.71695,1079.3926,1361.3247,203.4133,942.7175,1807.9788,-216.05177,1364.4133,1612.6337,66.06902,1181.576,1910.6104,-713.26215,1709.3297,1761.6749,-927.7338,1221.102,1860.8312,-763.6465,1762.2484,1755.0334,-1039.8033,1272.5721,2079.7275,-781.4884,1813.2242,1902.5272,-1239.4696
IMG_4962 copy 28.JPG,653.4973,1063.5262,1230.055,641.66223,1042.1521,1183.3893,636.4982,1043.7002,1183.6163,630.2019,1045.5728,1183.894,657.72614,1035.9247,1222.864,664.81647,1032.9193,1222.8405,672.2793,1029.695,1222.8193,630.9499,1048.3479,936.0893,702.4112,1021.94037,1113.2913,659.0431,1083.1136,1142.6603,679.14014,1074.9263,1192.8832,616.7361,1143.3009,509.7681,867.3301,1097.676,1062.3217,495.70734,1157.7096,-40.03168,873.82635,1303.3403,1082.3566,370.12973,1107.2687,-371.2078,836.08527,1500.7198,1051.7281,332.84366,1075.6768,-476.1206,809.7599,1529.3988,1065.3358,348.69348,1067.7512,-422.76956,802.22003,1528.0331,1008.3434,364.6587,1083.4088,-360.06772,811.8007,1518.6271,1031.6396,924.2291,1422.3969,-204.71695,1079.3926,1361.3247,203.4133,942.7175,1807.9788,-216.05177,1364.4133,1612.6337,66.06902,1181.576,1910.6104,-713.26215,1709.3297,1761.6749,-927.7338,1221.102,1860.8312,-763.6465,1762.2484,1755.0334,-1039.8033,1272.5721,2079.7275,-781.4884,1813.2242,1902.5272,-1239.4696
IMG_4962 copy 29.JPG,653.4973,1063.5262,1230.055,641.66223,1042.1521,1183.3893,636.4982,1043.7002,1183.6163,630.2019,1045.5728,1183.894,657.72614,1035.9247,1222.864,664.81647,1032.9193,1222.8405,672.2793,1029.695,1222.8193,630.9499,1048.3479,936.0893,702.4112,1021.94037,1113.2913,659.0431,1083.1136,1142.6603,679.14014,1074.9263,1192.8832,616.7361,1143.3009,509.7681,867.3301,1097.676,1062.3217,495.70734,1157.7096,-40.03168,873.82635,1303.3403,1082.3566,370.12973,1107.2687,-371.2078,836.08527,1500.7198,1051.7281,332.84366,1075.6768,-476.1206,809.7599,1529.3988,1065.3358,348.69348,1067.7512,-422.76956,802.22003,1528.0331,1008.3434,364.6587,1083.4088,-360.06772,811.8007,1518.6271,1031.6396,924.2291,1422.3969,-204.71695,1079.3926,1361.3247,203.4133,942.7175,1807.9788,-216.05177,1364.4133,1612.6337,66.06902,1181.576,1910.6104,-713.26215,1709.3297,1761.6749,-927.7338,1221.102,1860.8312,-763.6465,1762.2484,1755.0334,-1039.8033,1272.5721,2079.7275,-781.4884,1813.2242,1902.5272,-1239.4696
IMG_4962 copy 3.JPG,653.4973,1063.5262,1230.055,641.66223,1042.1521,1183.3893,636.4982,1043.7002,1183.6163,630.2019,1045.5728,1183.894,657.72614,1035.9247,1222.864,664.81647,1032.9193,1222.8405,672.2793,1029.695,1222.8193,630.9499,1048.3479,936.0893,702.4112,1021.94037,1113.2913,659.0431,1083.1136,1142.6603,679.14014,1074.9263,1192.8832,616.7361,1143.3009,509.7681,867.3301,1097.676,1062.3217,495.70734,1157.7096,-40.03168,873.82635,1303.3403,1082.3566,370.12973,1107.2687,-371.2078,836.08527,1500.7198,1051.7281,332.84366,1075.6768,-476.1206,809.7599,1529.3988,1065.3358,348.69348,1067.7512,-422.76956,802.22003,1528.0331,1008.3434,364.6587,1083.4088,-360.06772,811.8007,1518.6271,1031.6396,924.2291,1422.3969,-204.71695,1079.3926,1361.3247,203.4133,942.7175,1807.9788,-216.05177,1364.4133,1612.6337,66.06902,1181.576,1910.6104,-713.26215,1709.3297,1761.6749,-927.7338,1221.102,1860.8312,-763.6465,1762.2484,1755.0334,-1039.8033,1272.5721,2079.7275,-781.4884,1813.2242,1902.5272,-1239.4696
IMG_4962 copy 30.JPG,653.4973,1063.5262,1230.055,641.66223,1042.1521,1183.3893,636.4982,1043.7002,1183.6163,630.2019,1045.5728,1183.894,657.72614,1035.9247,1222.864,664.81647,1032.9193,1222.8405,672.2793,1029.695,1222.8193,630.9499,1048.3479,936.0893,702.4112,1021.94037,1113.2913,659.0431,1083.1136,1142.6603,679.14014,1074.9263,1192.8832,616.7361,1143.3009,509.7681,867.3301,1097.676,1062.3217,495.70734,1157.7096,-40.03168,873.82635,1303.3403,1082.3566,370.12973,1107.2687,-371.2078,836.08527,1500.7198,1051.7281,332.84366,1075.6768,-476.1206,809.7599,1529.3988,1065.3358,348.69348,1067.7512,-422.76956,802.22003,1528.0331,1008.3434,364.6587,1083.4088,-360.06772,811.8007,1518.6271,1031.6396,924.2291,1422.3969,-204.71695,1079.3926,1361.3247,203.4133,942.7175,1807.9788,-216.05177,1364.4133,1612.6337,66.06902,1181.576,1910.6104,-713.26215,1709.3297,1761.6749,-927.7338,1221.102,1860.8312,-763.6465,1762.2484,1755.0334,-1039.8033,1272.5721,2079.7275,-781.4884,1813.2242,1902.5272,-1239.4696
IMG_4962 copy 31.JPG,653.4973,1063.5262,1230.055,641.66223,1042.1521,1183.3893,636.4982,1043.7002,1183.6163,630.2019,1045.5728,1183.894,657.72614,1035.9247,1222.864,664.81647,1032.9193,1222.8405,672.2793,1029.695,1222.8193,630.9499,1048.3479,936.0893,702.4112,1021.94037,1113.2913,659.0431,1083.1136,1142.6603,679.14014,1074.9263,1192.8832,616.7361,1143.3009,509.7681,867.3301,1097.676,1062.3217,495.70734,1157.7096,-40.03168,873.82635,1303.3403,1082.3566,370.12973,1107.2687,-371.2078,836.08527,1500.7198,1051.7281,332.84366,1075.6768,-476.1206,809.7599,1529.3988,1065.3358,348.69348,1067.7512,-422.76956,802.22003,1528.0331,1008.3434,364.6587,1083.4088,-360.06772,811.8007,1518.6271,1031.6396,924.2291,1422.3969,-204.71695,1079.3926,1361.3247,203.4133,942.7175,1807.9788,-216.05177,1364.4133,1612.6337,66.06902,1181.576,1910.6104,-713.26215,1709.3297,1761.6749,-927.7338,1221.102,1860.8312,-763.6465,1762.2484,1755.0334,-1039.8033,1272.5721,2079.7275,-781.4884,1813.2242,1902.5272,-1239.4696
IMG_4962 copy 32.JPG,653.4973,1063.5262,1230.055,641.66223,1042.1521,1183.3893,636.4982,1043.7002,1183.6163,630.2019,1045.5728,1183.894,657.72614,1035.9247,1222.864,664.81647,1032.9193,1222.8405,672.2793,1029.695,1222.8193,630.9499,1048.3479,936.0893,702.4112,1021.94037,1113.2913,659.0431,1083.1136,1142.6603,679.14014,1074.9263,1192.8832,616.7361,1143.3009,509.7681,867.3301,1097.676,1062.3217,495.70734,1157.7096,-40.03168,873.82635,1303.3403,1082.3566,370.12973,1107.2687,-371.2078,836.08527,1500.7198,1051.7281,332.84366,1075.6768,-476.1206,809.7599,1529.3988,1065.3358,348.69348,1067.7512,-422.76956,802.22003,1528.0331,1008.3434,364.6587,1083.4088,-360.06772,811.8007,1518.6271,1031.6396,924.2291,1422.3969,-204.71695,1079.3926,1361.3247,203.4133,942.7175,1807.9788,-216.05177,1364.4133,1612.6337,66.06902,1181.576,1910.6104,-713.26215,1709.3297,1761.6749,-927.7338,1221.102,1860.8312,-763.6465,1762.2484,1755.0334,-1039.8033,1272.5721,2079.7275,-781.4884,1813.2242,1902.5272,-1239.4696
IMG_4962 copy 33.JPG,653.4973,1063.5262,1230.055,641.66223,1042.1521,1183.3893,636.4982,1043.7002,1183.6163,630.2019,1045.5728,1183.894,657.72614,1035.9247,1222.864,664.81647,1032.9193,1222.8405,672.2793,1029.695,1222.8193,630.9499,1048.3479,936.0893,702.4112,1021.94037,1113.2913,659.0431,1083.1136,1142.6603,679.14014,1074.9263,1192.8832,616.7361,1143.3009,509.7681,867.3301,1097.676,1062.3217,495.70734,1157.7096,-40.03168,873.82635,1303.3403,1082.3566,370.12973,1107.2687,-371.2078,836.08527,1500.7198,1051.7281,332.84366,1075.6768,-476.1206,809.7599,1529.3988,1065.3358,348.69348,1067.7512,-422.76956,802.22003,1528.0331,1008.3434,364.6587,1083.4088,-360.06772,811.8007,1518.6271,1031.6396,924.2291,1422.3969,-204.71695,1079.3926,1361.3247,203.4133,942.7175,1807.9788,-216.05177,1364.4133,1612.6337,66.06902,1181.576,1910.6104,-713.26215,1709.3297,1761.6749,-927.7338,1221.102,1860.8312,-763.6465,1762.2484,1755.0334,-1039.8033,1272.5721,2079.7275,-781.4884,1813.2242,1902.5272,-1239.4696
IMG_4962 copy 4.JPG,653.4973,1063.5262,1230.055,641.66223,1042.1521,1183.3893,636.4982,1043.7002,1183.6163,630.2019,1045.5728,1183.894,657.72614,1035.9247,1222.864,664.81647,1032.9193,1222.8405,672.2793,1029.695,1222.8193,630.9499,1048.3479,936.0893,702.4112,1021.94037,1113.2913,659.0431,1083.1136,1142.6603,679.14014,1074.9263,1192.8832,616.7361,1143.3009,509.7681,867.3301,1097.676,1062.3217,495.70734,1157.7096,-40.03168,873.82635,1303.3403,1082.3566,370.12973,1107.2687,-371.2078,836.08527,1500.7198,1051.7281,332.84366,1075.6768,-476.1206,809.7599,1529.3988,1065.3358,348.69348,1067.7512,-422.76956,802.22003,1528.0331,1008.3434,364.6587,1083.4088,-360.06772,811.8007,1518.6271,1031.6396,924.2291,1422.3969,-204.71695,1079.3926,1361.3247,203.4133,942.7175,1807.9788,-216.05177,1364.4133,1612.6337,66.06902,1181.576,1910.6104,-713.26215,1709.3297,1761.6749,-927.7338,1221.102,1860.8312,-763.6465,1762.2484,1755.0334,-1039.8033,1272.5721,2079.7275,-781.4884,1813.2242,1902.5272,-1239.4696
IMG_4962 copy 5.JPG,653.4973,1063.5262,1230.055,641.66223,1042.1521,1183.3893,636.4982,1043.7002,1183.6163,630.2019,1045.5728,1183.894,657.72614,1035.9247,1222.864,664.81647,1032.9193,1222.8405,672.2793,1029.695,1222.8193,630.9499,1048.3479,936.0893,702.4112,1021.94037,1113.2913,659.0431,1083.1136,1142.6603,679.14014,1074.9263,1192.8832,616.7361,1143.3009,509.7681,867.3301,1097.676,1062.3217,495.70734,1157.7096,-40.03168,873.82635,1303.3403,1082.3566,370.12973,1107.2687,-371.2078,836.08527,1500.7198,1051.7281,332.84366,1075.6768,-476.1206,809.7599,1529.3988,1065.3358,348.69348,1067.7512,-422.76956,802.22003,1528.0331,1008.3434,364.6587,1083.4088,-360.06772,811.8007,1518.6271,1031.6396,924.2291,1422.3969,-204.71695,1079.3926,1361.3247,203.4133,942.7175,1807.9788,-216.05177,1364.4133,1612.6337,66.06902,1181.576,1910.6104,-713.26215,1709.3297,1761.6749,-927.7338,1221.102,1860.8312,-763.6465,1762.2484,1755.0334,-1039.8033,1272.5721,2079.7275,-781.4884,1813.2242,1902.5272,-1239.4696
IMG_4962 copy 6.JPG,653.4973,1063.5262,1230.055,641.66223,1042.1521,1183.3893,636.4982,1043.7002,1183.6163,630.2019,1045.5728,1183.894,657.72614,1035.9247,1222.864,664.81647,1032.9193,1222.8405,672.2793,1029.695,1222.8193,630.9499,1048.3479,936.0893,702.4112,1021.94037,1113.2913,659.0431,1083.1136,1142.6603,679.14014,1074.9263,1192.8832,616.7361,1143.3009,509.7681,867.3301,1097.676,1062.3217,495.70734,1157.7096,-40.03168,873.82635,1303.3403,1082.3566,370.12973,1107.2687,-371.2078,836.08527,1500.7198,1051.7281,332.84366,1075.6768,-476.1206,809.7599,1529.3988,1065.3358,348.69348,1067.7512,-422.76956,802.22003,1528.0331,1008.3434,364.6587,1083.4088,-360.06772,811.8007,1518.6271,1031.6396,924.2291,1422.3969,-204.71695,1079.3926,1361.3247,203.4133,942.7175,1807.9788,-216.05177,1364.4133,1612.6337,66.06902,1181.576,1910.6104,-713.26215,1709.3297,1761.6749,-927.7338,1221.102,1860.8312,-763.6465,1762.2484,1755.0334,-1039.8033,1272.5721,2079.7275,-781.4884,1813.2242,1902.5272,-1239.4696
IMG_4962 copy 7.JPG,653.4973,1063.5262,1230.055,641.66223,1042.1521,1183.3893,636.4982,1043.7002,1183.6163,630.2019,1045.5728,1183.894,657.72614,1035.9247,1222.864,664.81647,1032.9193,1222.8405,672.2793,1029.695,1222.8193,630.9499,1048.3479,936.0893,702.4112,1021.94037,1113.2913,659.0431,1083.1136,1142.6603,679.14014,1074.9263,1192.8832,616.7361,1143.3009,509.7681,867.3301,1097.676,1062.3217,495.70734,1157.7096,-40.03168,873.82635,1303.3403,1082.3566,370.12973,1107.2687,-371.2078,836.08527,1500.7198,1051.7281,332.84366,1075.6768,-476.1206,809.7599,1529.3988,1065.3358,348.69348,1067.7512,-422.76956,802.22003,1528.0331,1008.3434,364.6587,1083.4088,-360.06772,811.8007,1518.6271,1031.6396,924.2291,1422.3969,-204.71695,1079.3926,1361.3247,203.4133,942.7175,1807.9788,-216.05177,1364.4133,1612.6337,66.06902,1181.576,1910.6104,-713.26215,1709.3297,1761.6749,-927.7338,1221.102,1860.8312,-763.6465,1762.2484,1755.0334,-1039.8033,1272.5721,2079.7275,-781.4884,1813.2242,1902.5272,-1239.4696
IMG_4962 copy 8.JPG,653.4973,1063.5262,1230.055,641.66223,1042.1521,1183.3893,636.4982,1043.7002,1183.6163,630.2019,1045.5728,1183.894,657.72614,1035.9247,1222.864,664.81647,1032.9193,1222.8405,672.2793,1029.695,1222.8193,630.9499,1048.3479,936.0893,702.4112,1021.94037,1113.2913,659.0431,1083.1136,1142.6603,679.14014,1074.9263,1192.8832,616.7361,1143.3009,509.7681,867.3301,1097.676,1062.3217,495.70734,1157.7096,-40.03168,873.82635,1303.3403,1082.3566,370.12973,1107.2687,-371.2078,836.08527,1500.7198,1051.7281,332.84366,1075.6768,-476.1206,809.7599,1529.3988,1065.3358,348.69348,1067.7512,-422.76956,802.22003,1528.0331,1008.3434,364.6587,1083.4088,-360.06772,811.8007,1518.6271,1031.6396,924.2291,1422.3969,-204.71695,1079.3926,1361.3247,203.4133,942.7175,1807.9788,-216.05177,1364.4133,1612.6337,66.06902,1181.576,1910.6104,-713.26215,1709.3297,1761.6749,-927.7338,1221.102,1860.8312,-763.6465,1762.2484,1755.0334,-1039.8033,1272.5721,2079.7275,-781.4884,1813.2242,1902.5272,-1239.4696
IMG_4962 copy 9.JPG,653.4973,1063.5262,1230.055,641.66223,1042.1521,1183.3893,636.4982,1043.7002,1183.6163,630.2019,1045.5728,1183.894,657.72614,1035.9247,1222.864,664.81647,1032.9193,1222.8405,672.2793,1029.695,1222.8193,630.9499,1048.3479,936.0893,702.4112,1021.94037,1113.2913,659.0431,1083.1136,1142.6603,679.14014,1074.9263,1192.8832,616.7361,1143.3009,509.7681,867.3301,1097.676,1062.3217,495.70734,1157.7096,-40.03168,873.82635,1303.3403,1082.3566,370.12973,1107.2687,-371.2078,836.08527,1500.7198,1051.7281,332.84366,1075.6768,-476.1206,809.7599,1529.3988,1065.3358,348.69348,1067.7512,-422.76956,802.22003,1528.0331,1008.3434,364.6587,1083.4088,-360.06772,811.8007,1518.6271,1031.6396,924.2291,1422.3969,-204.71695,1079.3926,1361.3247,203.4133,942.7175,1807.9788,-216.05177,1364.4133,1612.6337,66.06902,1181.576,1910.6104,-713.26215,1709.3297,1761.6749,-927.7338,1221.102,1860.8312,-763.6465,1762.2484,1755.0334,-1039.8033,1272.5721,2079.7275,-781.4884,1813.2242,1902.5272,-1239.4696
IMG_4962 copy.JPG,653.4973,1063.5262,1230.055,641.66223,1042.1521,1183.3893,636.4982,1043.7002,1183.6163,630.2019,1045.5728,1183.894,657.72614,1035.9247,1222.864,664.81647,1032.9193,1222.8405,672.2793,1029.695,1222.8193,630.9499,1048.3479,936.0893,702.4112,1021.94037,1113.2913,659.0431,1083.1136,1142.6603,679.14014,1074.9263,1192.8832,616.7361,1143.3009,509.7681,867.3301,1097.676,1062.3217,495.70734,1157.7096,-40.03168,873.82635,1303.3403,1082.3566,370.12973,1107.2687,-371.2078,836.08527,1500.7198,1051.7281,332.84366,1075.6768,-476.1206,809.7599,1529.3988,1065.3358,348.69348,1067.7512,-422.76956,802.22003,1528.0331,1008.3434,364.6587,1083.4088,-360.06772,811.8007,1518.6271,1031.6396,924.2291,1422.3969,-204.71695,1079.3926,1361.3247,203.4133,942.7175,1807.9788,-216.05177,1364.4133,1612.6337,66.06902,1181.576,1910.6104,-713.26215,1709.3297,1761.6749,-927.7338,1221.102,1860.8312,-763.6465,1762.2484,1755.0334,-1039.8033,1272.5721,2079.7275,-781.4884,1813.2242,1902.5272,-1239.4696
IMG_4962.JPG,653.4973,1063.5262,1230.055,641.66223,1042.1521,1183.3893,636.4982,1043.7002,1183.6163,630.2019,1045.5728,1183.894,657.72614,1035.9247,1222.864,664.81647,1032.9193,1222.8405,672.2793,1029.695,1222.8193,630.9499,1048.3479,936.0893,702.4112,1021.94037,1113.2913,659.0431,1083.1136,1142.6603,679.14014,1074.9263,1192.8832,616.7361,1143.3009,509.7681,867.3301,1097.676,1062.3217,495.70734,1157.7096,-40.03168,873.82635,1303.3403,1082.3566,370.12973,1107.2687,-371.2078,836.08527,1500.7198,1051.7281,332.84366,1075.6768,-476.1206,809.7599,1529.3988,1065.3358,348.69348,1067.7512,-422.76956,802.22003,1528.0331,1008.3434,364.6587,1083.4088,-360.06772,811.8007,1518.6271,1031.6396,924.2291,1422.3969,-204.71695,1079.3926,1361.3247,203.4133,942.7175,1807.9788,-216.05177,1364.4133,1612.6337,66.06902,1181.576,1910.6104,-713.26215,1709.3297,1761.6749,-927.7338,1221.102,1860.8312,-763.6465,1762.2484,1755.0334,-1039.8033,1272.5721,2079.7275,-781.4884,1813.2242,1902.5272,-1239.4696
IMG_4966 copy 10.JPG,1319.9235,1556.3082,-1364.4095,1343.3671,1532.6991,-1396.4202,1349.9409,1529.6531,-1396.5347,1355.9772,1526.3071,-1397.108,1318.1052,1525.8143,-1440.2433,1307.2649,1518.1769,-1440.5065,1296.0663,1510.4236,-1440.8704,1338.9302,1471.4614,-1317.974,1263.9144,1464.9308,-1526.1547,1302.5696,1550.3828,-1306.2439,1278.1229,1540.8575,-1368.265,1362.6448,1384.5072,-1135.4246,1056.825,1416.2926,-1402.7445,1571.4587,1541.3492,-1044.4235,1016.07416,1660.5779,-1641.0547,1821.1702,1653.2767,-1267.7999,1039.6019,1894.1437,-1984.5798,1924.3209,1645.3367,-1417.0011,1060.7576,1943.9136,-2203.969,1914.3057,1657.1846,-1482.399,1083.2882,1933.8694,-2174.9446,1861.5261,1666.9785,-1304.3329,1076.41,1915.1495,-1996.0111,957.46985,1335.5669,180.64433,813.1257,1273.2483,-180.96053,920.4834,1577.7881,774.611,592.8734,1210.8452,565.0164,768.2784,1414.034,1714.5369,406.37286,1037.0447,1382.2797,769.61725,1382.4727,1814.818,384.5019,983.874,1463.6346,697.6546,1449.2328,1810.994,335.75864,1085.2242,1330.1127
IMG_4966 copy 11.JPG,1319.9235,1556.3082,-1364.4095,1343.3671,1532.6991,-1396.4202,1349.9409,1529.6531,-1396.5347,1355.9772,1526.3071,-1397.108,1318.1052,1525.8143,-1440.2433,1307.2649,1518.1769,-1440.5065,1296.0663,1510.4236,-1440.8704,1338.9302,1471.4614,-1317.974,1263.9144,1464.9308,-1526.1547,1302.5696,1550.3828,-1306.2439,1278.1229,1540.8575,-1368.265,1362.6448,1384.5072,-1135.4246,1056.825,1416.2926,-1402.7445,1571.4587,1541.3492,-1044.4235,1016.07416,1660.5779,-1641.0547,1821.1702,1653.2767,-1267.7999,1039.6019,1894.1437,-1984.5798,1924.3209,1645.3367,-1417.0011,1060.7576,1943.9136,-2203.969,1914.3057,1657.1846,-1482.399,1083.2882,1933.8694,-2174.9446,1861.5261,1666.9785,-1304.3329,1076.41,1915.1495,-1996.0111,957.46985,1335.5669,180.64433,813.1257,1273.2483,-180.96053,920.4834,1577.7881,774.611,592.8734,1210.8452,565.0164,768.2784,1414.034,1714.5369,406.37286,1037.0447,1382.2797,769.61725,1382.4727,1814.818,384.5019,983.874,1463.6346,697.6546,1449.2328,1810.994,335.75864,1085.2242,1330.1127
IMG_4966 copy 12.JPG,1319.9235,1556.3082,-1364.4095,1343.3671,1532.6991,-1396.4202,1349.9409,1529.6531,-1396.5347,1355.9772,1526.3071,-1397.108,1318.1052,1525.8143,-1440.2433,1307.2649,1518.1769,-1440.5065,1296.0663,1510.4236,-1440.8704,1338.9302,1471.4614,-1317.974,1263.9144,1464.9308,-1526.1547,1302.5696,1550.3828,-1306.2439,1278.1229,1540.8575,-1368.265,1362.6448,1384.5072,-1135.4246,1056.825,1416.2926,-1402.7445,1571.4587,1541.3492,-1044.4235,1016.07416,1660.5779,-1641.0547,1821.1702,1653.2767,-1267.7999,1039.6019,1894.1437,-1984.5798,1924.3209,1645.3367,-1417.0011,1060.7576,1943.9136,-2203.969,1914.3057,1657.1846,-1482.399,1083.2882,1933.8694,-2174.9446,1861.5261,1666.9785,-1304.3329,1076.41,1915.1495,-1996.0111,957.46985,1335.5669,180.64433,813.1257,1273.2483,-180.96053,920.4834,1577.7881,774.611,592.8734,1210.8452,565.0164,768.2784,1414.034,1714.5369,406.37286,1037.0447,1382.2797,769.61725,1382.4727,1814.818,384.5019,983.874,1463.6346,697.6546,1449.2328,1810.994,335.75864,1085.2242,1330.1127
IMG_4966 copy 13.JPG,1319.9235,1556.3082,-1364.4095,1343.3671,1532.6991,-1396.4202,1349.9409,1529.6531,-1396.5347,1355.9772,1526.3071,-1397.108,1318.1052,1525.8143,-1440.2433,1307.2649,1518.1769,-1440.5065,1296.0663,1510.4236,-1440.8704,1338.9302,1471.4614,-1317.974,1263.9144,1464.9308,-1526.1547,1302.5696,1550.3828,-1306.2439,1278.1229,1540.8575,-1368.265,1362.6448,1384.5072,-1135.4246,1056.825,1416.2926,-1402.7445,1571.4587,1541.3492,-1044.4235,1016.07416,1660.5779,-1641.0547,1821.1702,1653.2767,-1267.7999,1039.6019,1894.1437,-1984.5798,1924.3209,1645.3367,-1417.0011,1060.7576,1943.9136,-2203.969,1914.3057,1657.1846,-1482.399,1083.2882,1933.8694,-2174.9446,1861.5261,1666.9785,-1304.3329,1076.41,1915.1495,-1996.0111,957.46985,1335.5669,180.64433,813.1257,1273.2483,-180.96053,920.4834,1577.7881,774.611,592.8734,1210.8452,565.0164,768.2784,1414.034,1714.5369,406.37286,1037.0447,1382.2797,769.61725,1382.4727,1814.818,384.5019,983.874,1463.6346,697.6546,1449.2328,1810.994,335.75864,1085.2242,1330.1127
IMG_4966 copy 14.JPG,1319.9235,1556.3082,-1364.4095,1343.3671,1532.6991,-1396.4202,1349.9409,1529.6531,-1396.5347,1355.9772,1526.3071,-1397.108,1318.1052,1525.8143,-1440.2433,1307.2649,1518.1769,-1440.5065,1296.0663,1510.4236,-1440.8704,1338.9302,1471.4614,-1317.974,1263.9144,1464.9308,-1526.1547,1302.5696,1550.3828,-1306.2439,1278.1229,1540.8575,-1368.265,1362.6448,1384.5072,-1135.4246,1056.825,1416.2926,-1402.7445,1571.4587,1541.3492,-1044.4235,1016.07416,1660.5779,-1641.0547,1821.1702,1653.2767,-1267.7999,1039.6019,1894.1437,-1984.5798,1924.3209,1645.3367,-1417.0011,1060.7576,1943.9136,-2203.969,1914.3057,1657.1846,-1482.399,1083.2882,1933.8694,-2174.9446,1861.5261,1666.9785,-1304.3329,1076.41,1915.1495,-1996.0111,957.46985,1335.5669,180.64433,813.1257,1273.2483,-180.96053,920.4834,1577.7881,774.611,592.8734,1210.8452,565.0164,768.2784,1414.034,1714.5369,406.37286,1037.0447,1382.2797,769.61725,1382.4727,1814.818,384.5019,983.874,1463.6346,697.6546,1449.2328,1810.994,335.75864,1085.2242,1330.1127
IMG_4966 copy 15.JPG,1319.9235,1556.3082,-1364.4095,1343.3671,1532.6991,-1396.4202,1349.9409,1529.6531,-1396.5347,1355.9772,1526.3071,-1397.108,1318.1052,1525.8143,-1440.2433,1307.2649,1518.1769,-1440.5065,1296.0663,1510.4236,-1440.8704,1338.9302,1471.4614,-1317.974,1263.9144,1464.9308,-1526.1547,1302.5696,1550.3828,-1306.2439,1278.1229,1540.8575,-1368.265,1362.6448,1384.5072,-1135.4246,1056.825,1416.2926,-1402.7445,1571.4587,1541.3492,-1044.4235,1016.07416,1660.5779,-1641.0547,1821.1702,1653.2767,-1267.7999,1039.6019,1894.1437,-1984.5798,1924.3209,1645.3367,-1417.0011,1060.7576,1943.9136,-2203.969,1914.3057,1657.1846,-1482.399,1083.2882,1933.8694,-2174.9446,1861.5261,1666.9785,-1304.3329,1076.41,1915.1495,-1996.0111,957.46985,1335.5669,180.64433,813.1257,1273.2483,-180.96053,920.4834,1577.7881,774.611,592.8734,1210.8452,565.0164,768.2784,1414.034,1714.5369,406.37286,1037.0447,1382.2797,769.61725,1382.4727,1814.818,384.5019,983.874,1463.6346,697.6546,1449.2328,1810.994,335.75864,1085.2242,1330.1127
IMG_4966 copy 16.JPG,1319.9235,1556.3082,-1364.4095,1343.3671,1532.6991,-1396.4202,1349.9409,1529.6531,-1396.5347,1355.9772,1526.3071,-1397.108,1318.1052,1525.8143,-1440.2433,1307.2649,1518.1769,-1440.5065,1296.0663,1510.4236,-1440.8704,1338.9302,1471.4614,-1317.974,1263.9144,1464.9308,-1526.1547,1302.5696,1550.3828,-1306.2439,1278.1229,1540.8575,-1368.265,1362.6448,1384.5072,-1135.4246,1056.825,1416.2926,-1402.7445,1571.4587,1541.3492,-1044.4235,1016.07416,1660.5779,-1641.0547,1821.1702,1653.2767,-1267.7999,1039.6019,1894.1437,-1984.5798,1924.3209,1645.3367,-1417.0011,1060.7576,1943.9136,-2203.969,1914.3057,1657.1846,-1482.399,1083.2882,1933.8694,-2174.9446,1861.5261,1666.9785,-1304.3329,1076.41,1915.1495,-1996.0111,957.46985,1335.5669,180.64433,813.1257,1273.2483,-180.96053,920.4834,1577.7881,774.611,592.8734,1210.8452,565.0164,768.2784,1414.034,1714.5369,406.37286,1037.0447,1382.2797,769.61725,1382.4727,1814.818,384.5019,983.874,1463.6346,697.6546,1449.2328,1810.994,335.75864,1085.2242,1330.1127
IMG_4966 copy 17.JPG,1319.9235,1556.3082,-1364.4095,1343.3671,1532.6991,-1396.4202,1349.9409,1529.6531,-1396.5347,1355.9772,1526.3071,-1397.108,1318.1052,1525.8143,-1440.2433,1307.2649,1518.1769,-1440.5065,1296.0663,1510.4236,-1440.8704,1338.9302,1471.4614,-1317.974,1263.9144,1464.9308,-1526.1547,1302.5696,1550.3828,-1306.2439,1278.1229,1540.8575,-1368.265,1362.6448,1384.5072,-1135.4246,1056.825,1416.2926,-1402.7445,1571.4587,1541.3492,-1044.4235,1016.07416,1660.5779,-1641.0547,1821.1702,1653.2767,-1267.7999,1039.6019,1894.1437,-1984.5798,1924.3209,1645.3367,-1417.0011,1060.7576,1943.9136,-2203.969,1914.3057,1657.1846,-1482.399,1083.2882,1933.8694,-2174.9446,1861.5261,1666.9785,-1304.3329,1076.41,1915.1495,-1996.0111,957.46985,1335.5669,180.64433,813.1257,1273.2483,-180.96053,920.4834,1577.7881,774.611,592.8734,1210.8452,565.0164,768.2784,1414.034,1714.5369,406.37286,1037.0447,1382.2797,769.61725,1382.4727,1814.818,384.5019,983.874,1463.6346,697.6546,1449.2328,1810.994,335.75864,1085.2242,1330.1127
IMG_4966 copy 18.JPG,1319.9235,1556.3082,-1364.4095,1343.3671,1532.6991,-1396.4202,1349.9409,1529.6531,-1396.5347,1355.9772,1526.3071,-1397.108,1318.1052,1525.8143,-1440.2433,1307.2649,1518.1769,-1440.5065,1296.0663,1510.4236,-1440.8704,1338.9302,1471.4614,-1317.974,1263.9144,1464.9308,-1526.1547,1302.5696,1550.3828,-1306.2439,1278.1229,1540.8575,-1368.265,1362.6448,1384.5072,-1135.4246,1056.825,1416.2926,-1402.7445,1571.4587,1541.3492,-1044.4235,1016.07416,1660.5779,-1641.0547,1821.1702,1653.2767,-1267.7999,1039.6019,1894.1437,-1984.5798,1924.3209,1645.3367,-1417.0011,1060.7576,1943.9136,-2203.969,1914.3057,1657.1846,-1482.399,1083.2882,1933.8694,-2174.9446,1861.5261,1666.9785,-1304.3329,1076.41,1915.1495,-1996.0111,957.46985,1335.5669,180.64433,813.1257,1273.2483,-180.96053,920.4834,1577.7881,774.611,592.8734,1210.8452,565.0164,768.2784,1414.034,1714.5369,406.37286,1037.0447,1382.2797,769.61725,1382.4727,1814.818,384.5019,983.874,1463.6346,697.6546,1449.2328,1810.994,335.75864,1085.2242,1330.1127
IMG_4966 copy 19.JPG,1319.9235,1556.3082,-1364.4095,1343.3671,1532.6991,-1396.4202,1349.9409,1529.6531,-1396.5347,1355.9772,1526.3071,-1397.108,1318.1052,1525.8143,-1440.2433,1307.2649,1518.1769,-1440.5065,1296.0663,1510.4236,-1440.8704,1338.9302,1471.4614,-1317.974,1263.9144,1464.9308,-1526.1547,1302.5696,1550.3828,-1306.2439,1278.1229,1540.8575,-1368.265,1362.6448,1384.5072,-1135.4246,1056.825,1416.2926,-1402.7445,1571.4587,1541.3492,-1044.4235,1016.07416,1660.5779,-1641.0547,1821.1702,1653.2767,-1267.7999,1039.6019,1894.1437,-1984.5798,1924.3209,1645.3367,-1417.0011,1060.7576,1943.9136,-2203.969,1914.3057,1657.1846,-1482.399,1083.2882,1933.8694,-2174.9446,1861.5261,1666.9785,-1304.3329,1076.41,1915.1495,-1996.0111,957.46985,1335.5669,180.64433,813.1257,1273.2483,-180.96053,920.4834,1577.7881,774.611,592.8734,1210.8452,565.0164,768.2784,1414.034,1714.5369,406.37286,1037.0447,1382.2797,769.61725,1382.4727,1814.818,384.5019,983.874,1463.6346,697.6546,1449.2328,1810.994,335.75864,1085.2242,1330.1127
IMG_4966 copy 2.JPG,1319.9235,1556.3082,-1364.4095,1343.3671,1532.6991,-1396.4202,1349.9409,1529.6531,-1396.5347,1355.9772,1526.3071,-1397.108,1318.1052,1525.8143,-1440.2433,1307.2649,1518.1769,-1440.5065,1296.0663,1510.4236,-1440.8704,1338.9302,1471.4614,-1317.974,1263.9144,1464.9308,-1526.1547,1302.5696,1550.3828,-1306.2439,1278.1229,1540.8575,-1368.265,1362.6448,1384.5072,-1135.4246,1056.825,1416.2926,-1402.7445,1571.4587,1541.3492,-1044.4235,1016.07416,1660.5779,-1641.0547,1821.1702,1653.2767,-1267.7999,1039.6019,1894.1437,-1984.5798,1924.3209,1645.3367,-1417.0011,1060.7576,1943.9136,-2203.969,1914.3057,1657.1846,-1482.399,1083.2882,1933.8694,-2174.9446,1861.5261,1666.9785,-1304.3329,1076.41,1915.1495,-1996.0111,957.46985,1335.5669,180.64433,813.1257,1273.2483,-180.96053,920.4834,1577.7881,774.611,592.8734,1210.8452,565.0164,768.2784,1414.034,1714.5369,406.37286,1037.0447,1382.2797,769.61725,1382.4727,1814.818,384.5019,983.874,1463.6346,697.6546,1449.2328,1810.994,335.75864,1085.2242,1330.1127
IMG_4966 copy 20.JPG,1319.9235,1556.3082,-1364.4095,1343.3671,1532.6991,-1396.4202,1349.9409,1529.6531,-1396.5347,1355.9772,1526.3071,-1397.108,1318.1052,1525.8143,-1440.2433,1307.2649,1518.1769,-1440.5065,1296.0663,1510.4236,-1440.8704,1338.9302,1471.4614,-1317.974,1263.9144,1464.9308,-1526.1547,1302.5696,1550.3828,-1306.2439,1278.1229,1540.8575,-1368.265,1362.6448,1384.5072,-1135.4246,1056.825,1416.2926,-1402.7445,1571.4587,1541.3492,-1044.4235,1016.07416,1660.5779,-1641.0547,1821.1702,1653.2767,-1267.7999,1039.6019,1894.1437,-1984.5798,1924.3209,1645.3367,-1417.0011,1060.7576,1943.9136,-2203.969,1914.3057,1657.1846,-1482.399,1083.2882,1933.8694,-2174.9446,1861.5261,1666.9785,-1304.3329,1076.41,1915.1495,-1996.0111,957.46985,1335.5669,180.64433,813.1257,1273.2483,-180.96053,920.4834,1577.7881,774.611,592.8734,1210.8452,565.0164,768.2784,1414.034,1714.5369,406.37286,1037.0447,1382.2797,769.61725,1382.4727,1814.818,384.5019,983.874,1463.6346,697.6546,1449.2328,1810.994,335.75864,1085.2242,1330.1127
IMG_4966 copy 21.JPG,1319.9235,1556.3082,-1364.4095,1343.3671,1532.6991,-1396.4202,1349.9409,1529.6531,-1396.5347,1355.9772,1526.3071,-1397.108,1318.1052,1525.8143,-1440.2433,1307.2649,1518.1769,-1440.5065,1296.0663,1510.4236,-1440.8704,1338.9302,1471.4614,-1317.974,1263.9144,1464.9308,-1526.1547,1302.5696,1550.3828,-1306.2439,1278.1229,1540.8575,-1368.265,1362.6448,1384.5072,-1135.4246,1056.825,1416.2926,-1402.7445,1571.4587,1541.3492,-1044.4235,1016.07416,1660.5779,-1641.0547,1821.1702,1653.2767,-1267.7999,1039.6019,1894.1437,-1984.5798,1924.3209,1645.3367,-1417.0011,1060.7576,1943.9136,-2203.969,1914.3057,1657.1846,-1482.399,1083.2882,1933.8694,-2174.9446,1861.5261,1666.9785,-1304.3329,1076.41,1915.1495,-1996.0111,957.46985,1335.5669,180.64433,813.1257,1273.2483,-180.96053,920.4834,1577.7881,774.611,592.8734,1210.8452,565.0164,768.2784,1414.034,1714.5369,406.37286,1037.0447,1382.2797,769.61725,1382.4727,1814.818,384.5019,983.874,1463.6346,697.6546,1449.2328,1810.994,335.75864,1085.2242,1330.1127
IMG_4966 copy 22.JPG,1319.9235,1556.3082,-1364.4095,1343.3671,1532.6991,-1396.4202,1349.9409,1529.6531,-1396.5347,1355.9772,1526.3071,-1397.108,1318.1052,1525.8143,-1440.2433,1307.2649,1518.1769,-1440.5065,1296.0663,1510.4236,-1440.8704,1338.9302,1471.4614,-1317.974,1263.9144,1464.9308,-1526.1547,1302.5696,1550.3828,-1306.2439,1278.1229,1540.8575,-1368.265,1362.6448,1384.5072,-1135.4246,1056.825,1416.2926,-1402.7445,1571.4587,1541.3492,-1044.4235,1016.07416,1660.5779,-1641.0547,1821.1702,1653.2767,-1267.7999,1039.6019,1894.1437,-1984.5798,1924.3209,1645.3367,-1417.0011,1060.7576,1943.9136,-2203.969,1914.3057,1657.1846,-1482.399,1083.2882,1933.8694,-2174.9446,1861.5261,1666.9785,-1304.3329,1076.41,1915.1495,-1996.0111,957.46985,1335.5669,180.64433,813.1257,1273.2483,-180.96053,920.4834,1577.7881,774.611,592.8734,1210.8452,565.0164,768.2784,1414.034,1714.5369,406.37286,1037.0447,1382.2797,769.61725,1382.4727,1814.818,384.5019,983.874,1463.6346,697.6546,1449.2328,1810.994,335.75864,1085.2242,1330.1127
IMG_4966 copy 23.JPG,1319.9235,1556.3082,-1364.4095,1343.3671,1532.6991,-1396.4202,1349.9409,1529.6531,-1396.5347,1355.9772,1526.3071,-1397.108,1318.1052,1525.8143,-1440.2433,1307.2649,1518.1769,-1440.5065,1296.0663,1510.4236,-1440.8704,1338.9302,1471.4614,-1317.974,1263.9144,1464.9308,-1526.1547,1302.5696,1550.3828,-1306.2439,1278.1229,1540.8575,-1368.265,1362.6448,1384.5072,-1135.4246,1056.825,1416.2926,-1402.7445,1571.4587,1541.3492,-1044.4235,1016.07416,1660.5779,-1641.0547,1821.1702,1653.2767,-1267.7999,1039.6019,1894.1437,-1984.5798,1924.3209,1645.3367,-1417.0011,1060.7576,1943.9136,-2203.969,1914.3057,1657.1846,-1482.399,1083.2882,1933.8694,-2174.9446,1861.5261,1666.9785,-1304.3329,1076.41,1915.1495,-1996.0111,957.46985,1335.5669,180.64433,813.1257,1273.2483,-180.96053,920.4834,1577.7881,774.611,592.8734,1210.8452,565.0164,768.2784,1414.034,1714.5369,406.37286,1037.0447,1382.2797,769.61725,1382.4727,1814.818,384.5019,983.874,1463.6346,697.6546,1449.2328,1810.994,335.75864,1085.2242,1330.1127
IMG_4966 copy 24.JPG,1319.9235,1556.3082,-1364.4095,1343.3671,1532.6991,-1396.4202,1349.9409,1529.6531,-1396.5347,1355.9772,1526.3071,-1397.108,1318.1052,1525.8143,-1440.2433,1307.2649,1518.1769,-1440.5065,1296.0663,1510.4236,-1440.8704,1338.9302,1471.4614,-1317.974,1263.9144,1464.9308,-1526.1547,1302.5696,1550.3828,-1306.2439,1278.1229,1540.8575,-1368.265,1362.6448,1384.5072,-1135.4246,1056.825,1416.2926,-1402.7445,1571.4587,1541.3492,-1044.4235,1016.07416,1660.5779,-1641.0547,1821.1702,1653.2767,-1267.7999,1039.6019,1894.1437,-1984.5798,1924.3209,1645.3367,-1417.0011,1060.7576,1943.9136,-2203.969,1914.3057,1657.1846,-1482.399,1083.2882,1933.8694,-2174.9446,1861.5261,1666.9785,-1304.3329,1076.41,1915.1495,-1996.0111,957.46985,1335.5669,180.64433,813.1257,1273.2483,-180.96053,920.4834,1577.7881,774.611,592.8734,1210.8452,565.0164,768.2784,1414.034,1714.5369,406.37286,1037.0447,1382.2797,769.61725,1382.4727,1814.818,384.5019,983.874,1463.6346,697.6546,1449.2328,1810.994,335.75864,1085.2242,1330.1127
IMG_4966 copy 25.JPG,1319.9235,1556.3082,-1364.4095,1343.3671,1532.6991,-1396.4202,1349.9409,1529.6531,-1396.5347,1355.9772,1526.3071,-1397.108,1318.1052,1525.8143,-1440.2433,1307.2649,1518.1769,-1440.5065,1296.0663,1510.4236,-1440.8704,1338.9302,1471.4614,-1317.974,1263.9144,1464.9308,-1526.1547,1302.5696,1550.3828,-1306.2439,1278.1229,1540.8575,-1368.265,1362.6448,1384.5072,-1135.4246,1056.825,1416.2926,-1402.7445,1571.4587,1541.3492,-1044.4235,1016.07416,1660.5779,-1641.0547,1821.1702,1653.2767,-1267.7999,1039.6019,1894.1437,-1984.5798,1924.3209,1645.3367,-1417.0011,1060.7576,1943.9136,-2203.969,1914.3057,1657.1846,-1482.399,1083.2882,1933.8694,-2174.9446,1861.5261,1666.9785,-1304.3329,1076.41,1915.1495,-1996.0111,957.46985,1335.5669,180.64433,813.1257,1273.2483,-180.96053,920.4834,1577.7881,774.611,592.8734,1210.8452,565.0164,768.2784,1414.034,1714.5369,406.37286,1037.0447,1382.2797,769.61725,1382.4727,1814.818,384.5019,983.874,1463.6346,697.6546,1449.2328,1810.994,335.75864,1085.2242,1330.1127
IMG_4966 copy 26.JPG,1319.9235,1556.3082,-1364.4095,1343.3671,1532.6991,-1396.4202,1349.9409,1529.6531,-1396.5347,1355.9772,1526.3071,-1397.108,1318.1052,1525.8143,-1440.2433,1307.2649,1518.1769,-1440.5065,1296.0663,1510.4236,-1440.8704,1338.9302,1471.4614,-1317.974,1263.9144,1464.9308,-1526.1547,1302.5696,1550.3828,-1306.2439,1278.1229,1540.8575,-1368.265,1362.6448,1384.5072,-1135.4246,1056.825,1416.2926,-1402.7445,1571.4587,1541.3492,-1044.4235,1016.07416,1660.5779,-1641.0547,1821.1702,1653.2767,-1267.7999,1039.6019,1894.1437,-1984.5798,1924.3209,1645.3367,-1417.0011,1060.7576,1943.9136,-2203.969,1914.3057,1657.1846,-1482.399,1083.2882,1933.8694,-2174.9446,1861.5261,1666.9785,-1304.3329,1076.41,1915.1495,-1996.0111,957.46985,1335.5669,180.64433,813.1257,1273.2483,-180.96053,920.4834,1577.7881,774.611,592.8734,1210.8452,565.0164,768.2784,1414.034,1714.5369,406.37286,1037.0447,1382.2797,769.61725,1382.4727,1814.818,384.5019,983.874,1463.6346,697.6546,1449.2328,1810.994,335.75864,1085.2242,1330.1127
IMG_4966 copy 27.JPG,1319.9235,1556.3082,-1364.4095,1343.3671,1532.6991,-1396.4202,1349.9409,1529.6531,-1396.5347,1355.9772,1526.3071,-1397.108,1318.1052,1525.8143,-1440.2433,1307.2649,1518.1769,-1440.5065,1296.0663,1510.4236,-1440.8704,1338.9302,1471.4614,-1317.974,1263.9144,1464.9308,-1526.1547,1302.5696,1550.3828,-1306.2439,1278.1229,1540.8575,-1368.265,1362.6448,1384.5072,-1135.4246,1056.825,1416.2926,-1402.7445,1571.4587,1541.3492,-1044.4235,1016.07416,1660.5779,-1641.0547,1821.1702,1653.2767,-1267.7999,1039.6019,1894.1437,-1984.5798,1924.3209,1645.3367,-1417.0011,1060.7576,1943.9136,-2203.969,1914.3057,1657.1846,-1482.399,1083.2882,1933.8694,-2174.9446,1861.5261,1666.9785,-1304.3329,1076.41,1915.1495,-1996.0111,957.46985,1335.5669,180.64433,813.1257,1273.2483,-180.96053,920.4834,1577.7881,774.611,592.8734,1210.8452,565.0164,768.2784,1414.034,1714.5369,406.37286,1037.0447,1382.2797,769.61725,1382.4727,1814.818,384.5019,983.874,1463.6346,697.6546,1449.2328,1810.994,335.75864,1085.2242,1330.1127
IMG_4966 copy 28.JPG,1319.9235,1556.3082,-1364.4095,1343.3671,1532.6991,-1396.4202,1349.9409,1529.6531,-1396.5347,1355.9772,1526.3071,-1397.108,1318.1052,1525.8143,-1440.2433,1307.2649,1518.1769,-1440.5065,1296.0663,1510.4236,-1440.8704,1338.9302,1471.4614,-1317.974,1263.9144,1464.9308,-1526.1547,1302.5696,1550.3828,-1306.2439,1278.1229,1540.8575,-1368.265,1362.6448,1384.5072,-1135.4246,1056.825,1416.2926,-1402.7445,1571.4587,1541.3492,-1044.4235,1016.07416,1660.5779,-1641.0547,1821.1702,1653.2767,-1267.7999,1039.6019,1894.1437,-1984.5798,1924.3209,1645.3367,-1417.0011,1060.7576,1943.9136,-2203.969,1914.3057,1657.1846,-1482.399,1083.2882,1933.8694,-2174.9446,1861.5261,1666.9785,-1304.3329,1076.41,1915.1495,-1996.0111,957.46985,1335.5669,180.64433,813.1257,1273.2483,-180.96053,920.4834,1577.7881,774.611,592.8734,1210.8452,565.0164,768.2784,1414.034,1714.5369,406.37286,1037.0447,1382.2797,769.61725,1382.4727,1814.818,384.5019,983.874,1463.6346,697.6546,1449.2328,1810.994,335.75864,1085.2242,1330.1127
IMG_4966 copy 29.JPG,1319.9235,1556.3082,-1364.4095,1343.3671,1532.6991,-1396.4202,1349.9409,1529.6531,-1396.5347,1355.9772,1526.3071,-1397.108,1318.1052,1525.8143,-1440.2433,1307.2649,1518.1769,-1440.5065,1296.0663,1510.4236,-1440.8704,1338.9302,1471.4614,-1317.974,1263.9144,1464.9308,-1526.1547,1302.5696,1550.3828,-1306.2439,1278.1229,1540.8575,-1368.265,1362.6448,1384.5072,-1135.4246,1056.825,1416.2926,-1402.7445,1571.4587,1541.3492,-1044.4235,1016.07416,1660.5779,-1641.0547,1821.1702,1653.2767,-1267.7999,1039.6019,1894.1437,-1984.5798,1924.3209,1645.3367,-1417.0011,1060.7576,1943.9136,-2203.969,1914.3057,1657.1846,-1482.399,1083.2882,1933.8694,-2174.9446,1861.5261,1666.9785,-1304.3329,1076.41,1915.1495,-1996.0111,957.46985,1335.5669,180.64433,813.1257,1273.2483,-180.96053,920.4834,1577.7881,774.611,592.8734,1210.8452,565.0164,768.2784,1414.034,1714.5369,406.37286,1037.0447,1382.2797,769.61725,1382.4727,1814.818,384.5019,983.874,1463.6346,697.6546,1449.2328,1810.994,335.75864,1085.2242,1330.1127
IMG_4966 copy 3.JPG,1319.9235,1556.3082,-1364.4095,1343.3671,1532.6991,-1396.4202,1349.9409,1529.6531,-1396.5347,1355.9772,1526.3071,-1397.108,1318.1052,1525.8143,-1440.2433,1307.2649,1518.1769,-1440.5065,1296.0663,1510.4236,-1440.8704,1338.9302,1471.4614,-1317.974,1263.9144,1464.9308,-1526.1547,1302.5696,1550.3828,-1306.2439,1278.1229,1540.8575,-1368.265,1362.6448,1384.5072,-1135.4246,1056.825,1416.2926,-1402.7445,1571.4587,1541.3492,-1044.4235,1016.07416,1660.5779,-1641.0547,1821.1702,1653.2767,-1267.7999,1039.6019,1894.1437,-1984.5798,1924.3209,1645.3367,-1417.0011,1060.7576,1943.9136,-2203.969,1914.3057,1657.1846,-1482.399,1083.2882,1933.8694,-2174.9446,1861.5261,1666.9785,-1304.3329,1076.41,1915.1495,-1996.0111,957.46985,1335.5669,180.64433,813.1257,1273.2483,-180.96053,920.4834,1577.7881,774.611,592.8734,1210.8452,565.0164,768.2784,1414.034,1714.5369,406.37286,1037.0447,1382.2797,769.61725,1382.4727,1814.818,384.5019,983.874,1463.6346,697.6546,1449.2328,1810.994,335.75864,1085.2242,1330.1127
IMG_4966 copy 30.JPG,1319.9235,1556.3082,-1364.4095,1343.3671,1532.6991,-1396.4202,1349.9409,1529.6531,-1396.5347,1355.9772,1526.3071,-1397.108,1318.1052,1525.8143,-1440.2433,1307.2649,1518.1769,-1440.5065,1296.0663,1510.4236,-1440.8704,1338.9302,1471.4614,-1317.974,1263.9144,1464.9308,-1526.1547,1302.5696,1550.3828,-1306.2439,1278.1229,1540.8575,-1368.265,1362.6448,1384.5072,-1135.4246,1056.825,1416.2926,-1402.7445,1571.4587,1541.3492,-1044.4235,1016.07416,1660.5779,-1641.0547,1821.1702,1653.2767,-1267.7999,1039.6019,1894.1437,-1984.5798,1924.3209,1645.3367,-1417.0011,1060.7576,1943.9136,-2203.969,1914.3057,1657.1846,-1482.399,1083.2882,1933.8694,-2174.9446,1861.5261,1666.9785,-1304.3329,1076.41,1915.1495,-1996.0111,957.46985,1335.5669,180.64433,813.1257,1273.2483,-180.96053,920.4834,1577.7881,774.611,592.8734,1210.8452,565.0164,768.2784,1414.034,1714.5369,406.37286,1037.0447,1382.2797,769.61725,1382.4727,1814.818,384.5019,983.874,1463.6346,697.6546,1449.2328,1810.994,335.75864,1085.2242,1330.1127
IMG_4966 copy 31.JPG,1319.9235,1556.3082,-1364.4095,1343.3671,1532.6991,-1396.4202,1349.9409,1529.6531,-1396.5347,1355.9772,1526.3071,-1397.108,1318.1052,1525.8143,-1440.2433,1307.2649,1518.1769,-1440.5065,1296.0663,1510.4236,-1440.8704,1338.9302,1471.4614,-1317.974,1263.9144,1464.9308,-1526.1547,1302.5696,1550.3828,-1306.2439,1278.1229,1540.8575,-1368.265,1362.6448,1384.5072,-1135.4246,1056.825,1416.2926,-1402.7445,1571.4587,1541.3492,-1044.4235,1016.07416,1660.5779,-1641.0547,1821.1702,1653.2767,-1267.7999,1039.6019,1894.1437,-1984.5798,1924.3209,1645.3367,-1417.0011,1060.7576,1943.9136,-2203.969,1914.3057,1657.1846,-1482.399,1083.2882,1933.8694,-2174.9446,1861.5261,1666.9785,-1304.3329,1076.41,1915.1495,-1996.0111,957.46985,1335.5669,180.64433,813.1257,1273.2483,-180.96053,920.4834,1577.7881,774.611,592.8734,1210.8452,565.0164,768.2784,1414.034,1714.5369,406.37286,1037.0447,1382.2797,769.61725,1382.4727,1814.818,384.5019,983.874,1463.6346,697.6546,1449.2328,1810.994,335.75864,1085.2242,1330.1127
IMG_4966 copy 32.JPG,1319.9235,1556.3082,-1364.4095,1343.3671,1532.6991,-1396.4202,1349.9409,1529.6531,-1396.5347,1355.9772,1526.3071,-1397.108,1318.1052,1525.8143,-1440.2433,1307.2649,1518.1769,-1440.5065,1296.0663,1510.4236,-1440.8704,1338.9302,1471.4614,-1317.974,1263.9144,1464.9308,-1526.1547,1302.5696,1550.3828,-1306.2439,1278.1229,1540.8575,-1368.265,1362.6448,1384.5072,-1135.4246,1056.825,1416.2926,-1402.7445,1571.4587,1541.3492,-1044.4235,1016.07416,1660.5779,-1641.0547,1821.1702,1653.2767,-1267.7999,1039.6019,1894.1437,-1984.5798,1924.3209,1645.3367,-1417.0011,1060.7576,1943.9136,-2203.969,1914.3057,1657.1846,-1482.399,1083.2882,1933.8694,-2174.9446,1861.5261,1666.9785,-1304.3329,1076.41,1915.1495,-1996.0111,957.46985,1335.5669,180.64433,813.1257,1273.2483,-180.96053,920.4834,1577.7881,774.611,592.8734,1210.8452,565.0164,768.2784,1414.034,1714.5369,406.37286,1037.0447,1382.2797,769.61725,1382.4727,1814.818,384.5019,983.874,1463.6346,697.6546,1449.2328,1810.994,335.75864,1085.2242,1330.1127
IMG_4966 copy 4.JPG,1319.9235,1556.3082,-1364.4095,1343.3671,1532.6991,-1396.4202,1349.9409,1529.6531,-1396.5347,1355.9772,1526.3071,-1397.108,1318.1052,1525.8143,-1440.2433,1307.2649,1518.1769,-1440.5065,1296.0663,1510.4236,-1440.8704,1338.9302,1471.4614,-1317.974,1263.9144,1464.9308,-1526.1547,1302.5696,1550.3828,-1306.2439,1278.1229,1540.8575,-1368.265,1362.6448,1384.5072,-1135.4246,1056.825,1416.2926,-1402.7445,1571.4587,1541.3492,-1044.4235,1016.07416,1660.5779,-1641.0547,1821.1702,1653.2767,-1267.7999,1039.6019,1894.1437,-1984.5798,1924.3209,1645.3367,-1417.0011,1060.7576,1943.9136,-2203.969,1914.3057,1657.1846,-1482.399,1083.2882,1933.8694,-2174.9446,1861.5261,1666.9785,-1304.3329,1076.41,1915.1495,-1996.0111,957.46985,1335.5669,180.64433,813.1257,1273.2483,-180.96053,920.4834,1577.7881,774.611,592.8734,1210.8452,565.0164,768.2784,1414.034,1714.5369,406.37286,1037.0447,1382.2797,769.61725,1382.4727,1814.818,384.5019,983.874,1463.6346,697.6546,1449.2328,1810.994,335.75864,1085.2242,1330.1127
IMG_4966 copy 5.JPG,1319.9235,1556.3082,-1364.4095,1343.3671,1532.6991,-1396.4202,1349.9409,1529.6531,-1396.5347,1355.9772,1526.3071,-1397.108,1318.1052,1525.8143,-1440.2433,1307.2649,1518.1769,-1440.5065,1296.0663,1510.4236,-1440.8704,1338.9302,1471.4614,-1317.974,1263.9144,1464.9308,-1526.1547,1302.5696,1550.3828,-1306.2439,1278.1229,1540.8575,-1368.265,1362.6448,1384.5072,-1135.4246,1056.825,1416.2926,-1402.7445,1571.4587,1541.3492,-1044.4235,1016.07416,1660.5779,-1641.0547,1821.1702,1653.2767,-1267.7999,1039.6019,1894.1437,-1984.5798,1924.3209,1645.3367,-1417.0011,1060.7576,1943.9136,-2203.969,1914.3057,1657.1846,-1482.399,1083.2882,1933.8694,-2174.9446,1861.5261,1666.9785,-1304.3329,1076.41,1915.1495,-1996.0111,957.46985,1335.5669,180.64433,813.1257,1273.2483,-180.96053,920.4834,1577.7881,774.611,592.8734,1210.8452,565.0164,768.2784,1414.034,1714.5369,406.37286,1037.0447,1382.2797,769.61725,1382.4727,1814.818,384.5019,983.874,1463.6346,697.6546,1449.2328,1810.994,335.75864,1085.2242,1330.1127
IMG_4966 copy 6.JPG,1319.9235,1556.3082,-1364.4095,1343.3671,1532.6991,-1396.4202,1349.9409,1529.6531,-1396.5347,1355.9772,1526.3071,-1397.108,1318.1052,1525.8143,-1440.2433,1307.2649,1518.1769,-1440.5065,1296.0663,1510.4236,-1440.8704,1338.9302,1471.4614,-1317.974,1263.9144,1464.9308,-1526.1547,1302.5696,1550.3828,-1306.2439,1278.1229,1540.8575,-1368.265,1362.6448,1384.5072,-1135.4246,1056.825,1416.2926,-1402.7445,1571.4587,1541.3492,-1044.4235,1016.07416,1660.5779,-1641.0547,1821.1702,1653.2767,-1267.7999,1039.6019,1894.1437,-1984.5798,1924.3209,1645.3367,-1417.0011,1060.7576,1943.9136,-2203.969,1914.3057,1657.1846,-1482.399,1083.2882,1933.8694,-2174.9446,1861.5261,1666.9785,-1304.3329,1076.41,1915.1495,-1996.0111,957.46985,1335.5669,180.64433,813.1257,1273.2483,-180.96053,920.4834,1577.7881,774.611,592.8734,1210.8452,565.0164,768.2784,1414.034,1714.5369,406.37286,1037.0447,1382.2797,769.61725,1382.4727,1814.818,384.5019,983.874,1463.6346,697.6546,1449.2328,1810.994,335.75864,1085.2242,1330.1127
IMG_4966 copy 7.JPG,1319.9235,1556.3082,-1364.4095,1343.3671,1532.6991,-1396.4202,1349.9409,1529.6531,-1396.5347,1355.9772,1526.3071,-1397.108,1318.1052,1525.8143,-1440.2433,1307.2649,1518.1769,-1440.5065,1296.0663,1510.4236,-1440.8704,1338.9302,1471.4614,-1317.974,1263.9144,1464.9308,-1526.1547,1302.5696,1550.3828,-1306.2439,1278.1229,1540.8575,-1368.265,1362.6448,1384.5072,-1135.4246,1056.825,1416.2926,-1402.7445,1571.4587,1541.3492,-1044.4235,1016.07416,1660.5779,-1641.0547,1821.1702,1653.2767,-1267.7999,1039.6019,1894.1437,-1984.5798,1924.3209,1645.3367,-1417.0011,1060.7576,1943.9136,-2203.969,1914.3057,1657.1846,-1482.399,1083.2882,1933.8694,-2174.9446,1861.5261,1666.9785,-1304.3329,1076.41,1915.1495,-1996.0111,957.46985,1335.5669,180.64433,813.1257,1273.2483,-180.96053,920.4834,1577.7881,774.611,592.8734,1210.8452,565.0164,768.2784,1414.034,1714.5369,406.37286,1037.0447,1382.2797,769.61725,1382.4727,1814.818,384.5019,983.874,1463.6346,697.6546,1449.2328,1810.994,335.75864,1085.2242,1330.1127
IMG_4966 copy 8.JPG,1319.9235,1556.3082,-1364.4095,1343.3671,1532.6991,-1396.4202,1349.9409,1529.6531,-1396.5347,1355.9772,1526.3071,-1397.108,1318.1052,1525.8143,-1440.2433,1307.2649,1518.1769,-1440.5065,1296.0663,1510.4236,-1440.8704,1338.9302,1471.4614,-1317.974,1263.9144,1464.9308,-1526.1547,1302.5696,1550.3828,-1306.2439,1278.1229,1540.8575,-1368.265,1362.6448,1384.5072,-1135.4246,1056.825,1416.2926,-1402.7445,1571.4587,1541.3492,-1044.4235,1016.07416,1660.5779,-1641.0547,1821.1702,1653.2767,-1267.7999,1039.6019,1894.1437,-1984.5798,1924.3209,1645.3367,-1417.0011,1060.7576,1943.9136,-2203.969,1914.3057,1657.1846,-1482.399,1083.2882,1933.8694,-2174.9446,1861.5261,1666.9785,-1304.3329,1076.41,1915.1495,-1996.0111,957.46985,1335.5669,180.64433,813.1257,1273.2483,-180.96053,920.4834,1577.7881,774.611,592.8734,1210.8452,565.0164,768.2784,1414.034,1714.5369,406.37286,1037.0447,1382.2797,769.61725,1382.4727,1814.818,384.5019,983.874,1463.6346,697.6546,1449.2328,1810.994,335.75864,1085.2242,1330.1127
IMG_4966 copy 9.JPG,1319.9235,1556.3082,-1364.4095,1343.3671,1532.6991,-1396.4202,1349.9409,1529.6531,-1396.5347,1355.9772,1526.3071,-1397.108,1318.1052,1525.8143,-1440.2433,1307.2649,1518.1769,-1440.5065,1296.0663,1510.4236,-1440.8704,1338.9302,1471.4614,-1317.974,1263.9144,1464.9308,-1526.1547,1302.5696,1550.3828,-1306.2439,1278.1229,1540.8575,-1368.265,1362.6448,1384.5072,-1135.4246,1056.825,1416.2926,-1402.7445,1571.4587,1541.3492,-1044.4235,1016.07416,1660.5779,-1641.0547,1821.1702,1653.2767,-1267.7999,1039.6019,1894.1437,-1984.5798,1924.3209,1645.3367,-1417.0011,1060.7576,1943.9136,-2203.969,1914.3057,1657.1846,-1482.399,1083.2882,1933.8694,-2174.9446,1861.5261,1666.9785,-1304.3329,1076.41,1915.1495,-1996.0111,957.46985,1335.5669,180.64433,813.1257,1273.2483,-180.96053,920.4834,1577.7881,774.611,592.8734,1210.8452,565.0164,768.2784,1414.034,1714.5369,406.37286,1037.0447,1382.2797,769.61725,1382.4727,1814.818,384.5019,983.874,1463.6346,697.6546,1449.2328,1810.994,335.75864,1085.2242,1330.1127
IMG_4966 copy.JPG,1319.9235,1556.3082,-1364.4095,1343.3671,1532.6991,-1396.4202,1349.9409,1529.6531,-1396.5347,1355.9772,1526.3071,-1397.108,1318.1052,1525.8143,-1440.2433,1307.2649,1518.1769,-1440.5065,1296.0663,1510.4236,-1440.8704,1338.9302,1471.4614,-1317.974,1263.9144,1464.9308,-1526.1547,1302.5696,1550.3828,-1306.2439,1278.1229,1540.8575,-1368.265,1362.6448,1384.5072,-1135.4246,1056.825,1416.2926,-1402.7445,1571.4587,1541.3492,-1044.4235,1016.07416,1660.5779,-1641.0547,1821.1702,1653.2767,-1267.7999,1039.6019,1894.1437,-1984.5798,1924.3209,1645.3367,-1417.0011,1060.7576,1943.9136,-2203.969,1914.3057,1657.1846,-1482.399,1083.2882,1933.8694,-2174.9446,1861.5261,1666.9785,-1304.3329,1076.41,1915.1495,-1996.0111,957.46985,1335.5669,180.64433,813.1257,1273.2483,-180.96053,920.4834,1577.7881,774.611,592.8734,1210.8452,565.0164,768.2784,1414.034,1714.5369,406.37286,1037.0447,1382.2797,769.61725,1382.4727,1814.818,384.5019,983.874,1463.6346,697.6546,1449.2328,1810.994,335.75864,1085.2242,1330.1127
IMG_4966.JPG,1319.9235,1556.3082,-1364.4095,1343.3671,1532.6991,-1396.4202,1349.9409,1529.6531,-1396.5347,1355.9772,1526.3071,-1397.108,1318.1052,1525.8143,-1440.2433,1307.2649,1518.1769,-1440.5065,1296.0663,1510.4236,-1440.8704,1338.9302,1471.4614,-1317.974,1263.9144,1464.9308,-1526.1547,1302.5696,1550.3828,-1306.2439,1278.1229,1540.8575,-1368.265,1362.6448,1384.5072,-1135.4246,1056.825,1416.2926,-1402.7445,1571.4587,1541.3492,-1044.4235,1016.07416,1660.5779,-1641.0547,1821.1702,1653.2767,-1267.7999,1039.6019,1894.1437,-1984.5798,1924.3209,1645.3367,-1417.0011,1060.7576,1943.9136,-2203.969,1914.3057,1657.1846,-1482.399,1083.2882,1933.8694,-2174.9446,1861.5261,1666.9785,-1304.3329,1076.41,1915.1495,-1996.0111,957.46985,1335.5669,180.64433,813.1257,1273.2483,-180.96053,920.4834,1577.7881,774.611,592.8734,1210.8452,565.0164,768.2784,1414.034,1714.5369,406.37286,1037.0447,1382.2797,769.61725,1382.4727,1814.818,384.5019,983.874,1463.6346,697.6546,1449.2328,1810.994,335.75864,1085.2242,1330.1127
IMG_4968 copy 10.png,1342.1805,1679.0004,-316.3783,1366.5464,1672.5747,-306.16953,1368.8641,1670.6183,-306.30103,1371.3013,1668.0681,-306.39368,1363.12,1668.4834,-382.66916,1362.8604,1664.1512,-382.76425,1362.4663,1659.6617,-382.96054,1375.695,1628.6619,-188.84235,1361.2426,1625.9744,-547.4737,1326.2211,1667.2526,-258.7988,1322.7993,1660.1982,-363.58408,1340.9163,1540.6997,-16.151329,1261.9387,1579.5752,-658.1532,1507.748,1593.0878,127.702896,1245.9601,1754.9646,-876.1585,1676.6794,1632.2474,11.405897,1263.8756,1914.5605,-898.8615,1725.6964,1626.836,-31.298002,1296.3035,1938.9149,-1001.1093,1723.4783,1634.2957,-78.085815,1309.5116,1929.6962,-972.75085,1705.974,1636.5875,-18.010773,1299.199,1921.0382,-888.5334,919.36163,1584.2875,232.67049,886.94354,1541.9622,-232.92365,875.90674,1793.8616,119.85965,587.04315,1525.0155,-251.11525,635.10846,1696.0491,475.92114,296.13843,1436.2582,-118.11679,599.27985,1651.6921,500.775,272.76105,1401.8636,-118.26001,559.41473,1781.3483,413.0645,187.59447,1488.8348,-360.0324
IMG_4968 copy 11.png,1342.1805,1679.0004,-316.3783,1366.5464,1672.5747,-306.16953,1368.8641,1670.6183,-306.30103,1371.3013,1668.0681,-306.39368,1363.12,1668.4834,-382.66916,1362.8604,1664.1512,-382.76425,1362.4663,1659.6617,-382.96054,1375.695,1628.6619,-188.84235,1361.2426,1625.9744,-547.4737,1326.2211,1667.2526,-258.7988,1322.7993,1660.1982,-363.58408,1340.9163,1540.6997,-16.151329,1261.9387,1579.5752,-658.1532,1507.748,1593.0878,127.702896,1245.9601,1754.9646,-876.1585,1676.6794,1632.2474,11.405897,1263.8756,1914.5605,-898.8615,1725.6964,1626.836,-31.298002,1296.3035,1938.9149,-1001.1093,1723.4783,1634.2957,-78.085815,1309.5116,1929.6962,-972.75085,1705.974,1636.5875,-18.010773,1299.199,1921.0382,-888.5334,919.36163,1584.2875,232.67049,886.94354,1541.9622,-232.92365,875.90674,1793.8616,119.85965,587.04315,1525.0155,-251.11525,635.10846,1696.0491,475.92114,296.13843,1436.2582,-118.11679,599.27985,1651.6921,500.775,272.76105,1401.8636,-118.26001,559.41473,1781.3483,413.0645,187.59447,1488.8348,-360.0324
IMG_4968 copy 12.png,1342.1805,1679.0004,-316.3783,1366.5464,1672.5747,-306.16953,1368.8641,1670.6183,-306.30103,1371.3013,1668.0681,-306.39368,1363.12,1668.4834,-382.66916,1362.8604,1664.1512,-382.76425,1362.4663,1659.6617,-382.96054,1375.695,1628.6619,-188.84235,1361.2426,1625.9744,-547.4737,1326.2211,1667.2526,-258.7988,1322.7993,1660.1982,-363.58408,1340.9163,1540.6997,-16.151329,1261.9387,1579.5752,-658.1532,1507.748,1593.0878,127.702896,1245.9601,1754.9646,-876.1585,1676.6794,1632.2474,11.405897,1263.8756,1914.5605,-898.8615,1725.6964,1626.836,-31.298002,1296.3035,1938.9149,-1001.1093,1723.4783,1634.2957,-78.085815,1309.5116,1929.6962,-972.75085,1705.974,1636.5875,-18.010773,1299.199,1921.0382,-888.5334,919.36163,1584.2875,232.67049,886.94354,1541.9622,-232.92365,875.90674,1793.8616,119.85965,587.04315,1525.0155,-251.11525,635.10846,1696.0491,475.92114,296.13843,1436.2582,-118.11679,599.27985,1651.6921,500.775,272.76105,1401.8636,-118.26001,559.41473,1781.3483,413.0645,187.59447,1488.8348,-360.0324
IMG_4968 copy 13.png,1342.1805,1679.0004,-316.3783,1366.5464,1672.5747,-306.16953,1368.8641,1670.6183,-306.30103,1371.3013,1668.0681,-306.39368,1363.12,1668.4834,-382.66916,1362.8604,1664.1512,-382.76425,1362.4663,1659.6617,-382.96054,1375.695,1628.6619,-188.84235,1361.2426,1625.9744,-547.4737,1326.2211,1667.2526,-258.7988,1322.7993,1660.1982,-363.58408,1340.9163,1540.6997,-16.151329,1261.9387,1579.5752,-658.1532,1507.748,1593.0878,127.702896,1245.9601,1754.9646,-876.1585,1676.6794,1632.2474,11.405897,1263.8756,1914.5605,-898.8615,1725.6964,1626.836,-31.298002,1296.3035,1938.9149,-1001.1093,1723.4783,1634.2957,-78.085815,1309.5116,1929.6962,-972.75085,1705.974,1636.5875,-18.010773,1299.199,1921.0382,-888.5334,919.36163,1584.2875,232.67049,886.94354,1541.9622,-232.92365,875.90674,1793.8616,119.85965,587.04315,1525.0155,-251.11525,635.10846,1696.0491,475.92114,296.13843,1436.2582,-118.11679,599.27985,1651.6921,500.775,272.76105,1401.8636,-118.26001,559.41473,1781.3483,413.0645,187.59447,1488.8348,-360.0324
IMG_4968 copy 14.png,1342.1805,1679.0004,-316.3783,1366.5464,1672.5747,-306.16953,1368.8641,1670.6183,-306.30103,1371.3013,1668.0681,-306.39368,1363.12,1668.4834,-382.66916,1362.8604,1664.1512,-382.76425,1362.4663,1659.6617,-382.96054,1375.695,1628.6619,-188.84235,1361.2426,1625.9744,-547.4737,1326.2211,1667.2526,-258.7988,1322.7993,1660.1982,-363.58408,1340.9163,1540.6997,-16.151329,1261.9387,1579.5752,-658.1532,1507.748,1593.0878,127.702896,1245.9601,1754.9646,-876.1585,1676.6794,1632.2474,11.405897,1263.8756,1914.5605,-898.8615,1725.6964,1626.836,-31.298002,1296.3035,1938.9149,-1001.1093,1723.4783,1634.2957,-78.085815,1309.5116,1929.6962,-972.75085,1705.974,1636.5875,-18.010773,1299.199,1921.0382,-888.5334,919.36163,1584.2875,232.67049,886.94354,1541.9622,-232.92365,875.90674,1793.8616,119.85965,587.04315,1525.0155,-251.11525,635.10846,1696.0491,475.92114,296.13843,1436.2582,-118.11679,599.27985,1651.6921,500.775,272.76105,1401.8636,-118.26001,559.41473,1781.3483,413.0645,187.59447,1488.8348,-360.0324
IMG_4968 copy 15.png,1342.1805,1679.0004,-316.3783,1366.5464,1672.5747,-306.16953,1368.8641,1670.6183,-306.30103,1371.3013,1668.0681,-306.39368,1363.12,1668.4834,-382.66916,1362.8604,1664.1512,-382.76425,1362.4663,1659.6617,-382.96054,1375.695,1628.6619,-188.84235,1361.2426,1625.9744,-547.4737,1326.2211,1667.2526,-258.7988,1322.7993,1660.1982,-363.58408,1340.9163,1540.6997,-16.151329,1261.9387,1579.5752,-658.1532,1507.748,1593.0878,127.702896,1245.9601,1754.9646,-876.1585,1676.6794,1632.2474,11.405897,1263.8756,1914.5605,-898.8615,1725.6964,1626.836,-31.298002,1296.3035,1938.9149,-1001.1093,1723.4783,1634.2957,-78.085815,1309.5116,1929.6962,-972.75085,1705.974,1636.5875,-18.010773,1299.199,1921.0382,-888.5334,919.36163,1584.2875,232.67049,886.94354,1541.9622,-232.92365,875.90674,1793.8616,119.85965,587.04315,1525.0155,-251.11525,635.10846,1696.0491,475.92114,296.13843,1436.2582,-118.11679,599.27985,1651.6921,500.775,272.76105,1401.8636,-118.26001,559.41473,1781.3483,413.0645,187.59447,1488.8348,-360.0324
IMG_4968 copy 16.png,1342.1805,1679.0004,-316.3783,1366.5464,1672.5747,-306.16953,1368.8641,1670.6183,-306.30103,1371.3013,1668.0681,-306.39368,1363.12,1668.4834,-382.66916,1362.8604,1664.1512,-382.76425,1362.4663,1659.6617,-382.96054,1375.695,1628.6619,-188.84235,1361.2426,1625.9744,-547.4737,1326.2211,1667.2526,-258.7988,1322.7993,1660.1982,-363.58408,1340.9163,1540.6997,-16.151329,1261.9387,1579.5752,-658.1532,1507.748,1593.0878,127.702896,1245.9601,1754.9646,-876.1585,1676.6794,1632.2474,11.405897,1263.8756,1914.5605,-898.8615,1725.6964,1626.836,-31.298002,1296.3035,1938.9149,-1001.1093,1723.4783,1634.2957,-78.085815,1309.5116,1929.6962,-972.75085,1705.974,1636.5875,-18.010773,1299.199,1921.0382,-888.5334,919.36163,1584.2875,232.67049,886.94354,1541.9622,-232.92365,875.90674,1793.8616,119.85965,587.04315,1525.0155,-251.11525,635.10846,1696.0491,475.92114,296.13843,1436.2582,-118.11679,599.27985,1651.6921,500.775,272.76105,1401.8636,-118.26001,559.41473,1781.3483,413.0645,187.59447,1488.8348,-360.0324
IMG_4968 copy 17.png,1342.1805,1679.0004,-316.3783,1366.5464,1672.5747,-306.16953,1368.8641,1670.6183,-306.30103,1371.3013,1668.0681,-306.39368,1363.12,1668.4834,-382.66916,1362.8604,1664.1512,-382.76425,1362.4663,1659.6617,-382.96054,1375.695,1628.6619,-188.84235,1361.2426,1625.9744,-547.4737,1326.2211,1667.2526,-258.7988,1322.7993,1660.1982,-363.58408,1340.9163,1540.6997,-16.151329,1261.9387,1579.5752,-658.1532,1507.748,1593.0878,127.702896,1245.9601,1754.9646,-876.1585,1676.6794,1632.2474,11.405897,1263.8756,1914.5605,-898.8615,1725.6964,1626.836,-31.298002,1296.3035,1938.9149,-1001.1093,1723.4783,1634.2957,-78.085815,1309.5116,1929.6962,-972.75085,1705.974,1636.5875,-18.010773,1299.199,1921.0382,-888.5334,919.36163,1584.2875,232.67049,886.94354,1541.9622,-232.92365,875.90674,1793.8616,119.85965,587.04315,1525.0155,-251.11525,635.10846,1696.0491,475.92114,296.13843,1436.2582,-118.11679,599.27985,1651.6921,500.775,272.76105,1401.8636,-118.26001,559.41473,1781.3483,413.0645,187.59447,1488.8348,-360.0324
IMG_4968 copy 18.png,1342.1805,1679.0004,-316.3783,1366.5464,1672.5747,-306.16953,1368.8641,1670.6183,-306.30103,1371.3013,1668.0681,-306.39368,1363.12,1668.4834,-382.66916,1362.8604,1664.1512,-382.76425,1362.4663,1659.6617,-382.96054,1375.695,1628.6619,-188.84235,1361.2426,1625.9744,-547.4737,1326.2211,1667.2526,-258.7988,1322.7993,1660.1982,-363.58408,1340.9163,1540.6997,-16.151329,1261.9387,1579.5752,-658.1532,1507.748,1593.0878,127.702896,1245.9601,1754.9646,-876.1585,1676.6794,1632.2474,11.405897,1263.8756,1914.5605,-898.8615,1725.6964,1626.836,-31.298002,1296.3035,1938.9149,-1001.1093,1723.4783,1634.2957,-78.085815,1309.5116,1929.6962,-972.75085,1705.974,1636.5875,-18.010773,1299.199,1921.0382,-888.5334,919.36163,1584.2875,232.67049,886.94354,1541.9622,-232.92365,875.90674,1793.8616,119.85965,587.04315,1525.0155,-251.11525,635.10846,1696.0491,475.92114,296.13843,1436.2582,-118.11679,599.27985,1651.6921,500.775,272.76105,1401.8636,-118.26001,559.41473,1781.3483,413.0645,187.59447,1488.8348,-360.0324
IMG_4968 copy 19.png,1342.1805,1679.0004,-316.3783,1366.5464,1672.5747,-306.16953,1368.8641,1670.6183,-306.30103,1371.3013,1668.0681,-306.39368,1363.12,1668.4834,-382.66916,1362.8604,1664.1512,-382.76425,1362.4663,1659.6617,-382.96054,1375.695,1628.6619,-188.84235,1361.2426,1625.9744,-547.4737,1326.2211,1667.2526,-258.7988,1322.7993,1660.1982,-363.58408,1340.9163,1540.6997,-16.151329,1261.9387,1579.5752,-658.1532,1507.748,1593.0878,127.702896,1245.9601,1754.9646,-876.1585,1676.6794,1632.2474,11.405897,1263.8756,1914.5605,-898.8615,1725.6964,1626.836,-31.298002,1296.3035,1938.9149,-1001.1093,1723.4783,1634.2957,-78.085815,1309.5116,1929.6962,-972.75085,1705.974,1636.5875,-18.010773,1299.199,1921.0382,-888.5334,919.36163,1584.2875,232.67049,886.94354,1541.9622,-232.92365,875.90674,1793.8616,119.85965,587.04315,1525.0155,-251.11525,635.10846,1696.0491,475.92114,296.13843,1436.2582,-118.11679,599.27985,1651.6921,500.775,272.76105,1401.8636,-118.26001,559.41473,1781.3483,413.0645,187.59447,1488.8348,-360.0324
IMG_4968 copy 2.png,1342.1805,1679.0004,-316.3783,1366.5464,1672.5747,-306.16953,1368.8641,1670.6183,-306.30103,1371.3013,1668.0681,-306.39368,1363.12,1668.4834,-382.66916,1362.8604,1664.1512,-382.76425,1362.4663,1659.6617,-382.96054,1375.695,1628.6619,-188.84235,1361.2426,1625.9744,-547.4737,1326.2211,1667.2526,-258.7988,1322.7993,1660.1982,-363.58408,1340.9163,1540.6997,-16.151329,1261.9387,1579.5752,-658.1532,1507.748,1593.0878,127.702896,1245.9601,1754.9646,-876.1585,1676.6794,1632.2474,11.405897,1263.8756,1914.5605,-898.8615,1725.6964,1626.836,-31.298002,1296.3035,1938.9149,-1001.1093,1723.4783,1634.2957,-78.085815,1309.5116,1929.6962,-972.75085,1705.974,1636.5875,-18.010773,1299.199,1921.0382,-888.5334,919.36163,1584.2875,232.67049,886.94354,1541.9622,-232.92365,875.90674,1793.8616,119.85965,587.04315,1525.0155,-251.11525,635.10846,1696.0491,475.92114,296.13843,1436.2582,-118.11679,599.27985,1651.6921,500.775,272.76105,1401.8636,-118.26001,559.41473,1781.3483,413.0645,187.59447,1488.8348,-360.0324
IMG_4968 copy 20.png,1342.1805,1679.0004,-316.3783,1366.5464,1672.5747,-306.16953,1368.8641,1670.6183,-306.30103,1371.3013,1668.0681,-306.39368,1363.12,1668.4834,-382.66916,1362.8604,1664.1512,-382.76425,1362.4663,1659.6617,-382.96054,1375.695,1628.6619,-188.84235,1361.2426,1625.9744,-547.4737,1326.2211,1667.2526,-258.7988,1322.7993,1660.1982,-363.58408,1340.9163,1540.6997,-16.151329,1261.9387,1579.5752,-658.1532,1507.748,1593.0878,127.702896,1245.9601,1754.9646,-876.1585,1676.6794,1632.2474,11.405897,1263.8756,1914.5605,-898.8615,1725.6964,1626.836,-31.298002,1296.3035,1938.9149,-1001.1093,1723.4783,1634.2957,-78.085815,1309.5116,1929.6962,-972.75085,1705.974,1636.5875,-18.010773,1299.199,1921.0382,-888.5334,919.36163,1584.2875,232.67049,886.94354,1541.9622,-232.92365,875.90674,1793.8616,119.85965,587.04315,1525.0155,-251.11525,635.10846,1696.0491,475.92114,296.13843,1436.2582,-118.11679,599.27985,1651.6921,500.775,272.76105,1401.8636,-118.26001,559.41473,1781.3483,413.0645,187.59447,1488.8348,-360.0324
IMG_4968 copy 21.png,1342.1805,1679.0004,-316.3783,1366.5464,1672.5747,-306.16953,1368.8641,1670.6183,-306.30103,1371.3013,1668.0681,-306.39368,1363.12,1668.4834,-382.66916,1362.8604,1664.1512,-382.76425,1362.4663,1659.6617,-382.96054,1375.695,1628.6619,-188.84235,1361.2426,1625.9744,-547.4737,1326.2211,1667.2526,-258.7988,1322.7993,1660.1982,-363.58408,1340.9163,1540.6997,-16.151329,1261.9387,1579.5752,-658.1532,1507.748,1593.0878,127.702896,1245.9601,1754.9646,-876.1585,1676.6794,1632.2474,11.405897,1263.8756,1914.5605,-898.8615,1725.6964,1626.836,-31.298002,1296.3035,1938.9149,-1001.1093,1723.4783,1634.2957,-78.085815,1309.5116,1929.6962,-972.75085,1705.974,1636.5875,-18.010773,1299.199,1921.0382,-888.5334,919.36163,1584.2875,232.67049,886.94354,1541.9622,-232.92365,875.90674,1793.8616,119.85965,587.04315,1525.0155,-251.11525,635.10846,1696.0491,475.92114,296.13843,1436.2582,-118.11679,599.27985,1651.6921,500.775,272.76105,1401.8636,-118.26001,559.41473,1781.3483,413.0645,187.59447,1488.8348,-360.0324
IMG_4968 copy 22.png,1342.1805,1679.0004,-316.3783,1366.5464,1672.5747,-306.16953,1368.8641,1670.6183,-306.30103,1371.3013,1668.0681,-306.39368,1363.12,1668.4834,-382.66916,1362.8604,1664.1512,-382.76425,1362.4663,1659.6617,-382.96054,1375.695,1628.6619,-188.84235,1361.2426,1625.9744,-547.4737,1326.2211,1667.2526,-258.7988,1322.7993,1660.1982,-363.58408,1340.9163,1540.6997,-16.151329,1261.9387,1579.5752,-658.1532,1507.748,1593.0878,127.702896,1245.9601,1754.9646,-876.1585,1676.6794,1632.2474,11.405897,1263.8756,1914.5605,-898.8615,1725.6964,1626.836,-31.298002,1296.3035,1938.9149,-1001.1093,1723.4783,1634.2957,-78.085815,1309.5116,1929.6962,-972.75085,1705.974,1636.5875,-18.010773,1299.199,1921.0382,-888.5334,919.36163,1584.2875,232.67049,886.94354,1541.9622,-232.92365,875.90674,1793.8616,119.85965,587.04315,1525.0155,-251.11525,635.10846,1696.0491,475.92114,296.13843,1436.2582,-118.11679,599.27985,1651.6921,500.775,272.76105,1401.8636,-118.26001,559.41473,1781.3483,413.0645,187.59447,1488.8348,-360.0324
IMG_4968 copy 23.png,1342.1805,1679.0004,-316.3783,1366.5464,1672.5747,-306.16953,1368.8641,1670.6183,-306.30103,1371.3013,1668.0681,-306.39368,1363.12,1668.4834,-382.66916,1362.8604,1664.1512,-382.76425,1362.4663,1659.6617,-382.96054,1375.695,1628.6619,-188.84235,1361.2426,1625.9744,-547.4737,1326.2211,1667.2526,-258.7988,1322.7993,1660.1982,-363.58408,1340.9163,1540.6997,-16.151329,1261.9387,1579.5752,-658.1532,1507.748,1593.0878,127.702896,1245.9601,1754.9646,-876.1585,1676.6794,1632.2474,11.405897,1263.8756,1914.5605,-898.8615,1725.6964,1626.836,-31.298002,1296.3035,1938.9149,-1001.1093,1723.4783,1634.2957,-78.085815,1309.5116,1929.6962,-972.75085,1705.974,1636.5875,-18.010773,1299.199,1921.0382,-888.5334,919.36163,1584.2875,232.67049,886.94354,1541.9622,-232.92365,875.90674,1793.8616,119.85965,587.04315,1525.0155,-251.11525,635.10846,1696.0491,475.92114,296.13843,1436.2582,-118.11679,599.27985,1651.6921,500.775,272.76105,1401.8636,-118.26001,559.41473,1781.3483,413.0645,187.59447,1488.8348,-360.0324
IMG_4968 copy 3.png,1342.1805,1679.0004,-316.3783,1366.5464,1672.5747,-306.16953,1368.8641,1670.6183,-306.30103,1371.3013,1668.0681,-306.39368,1363.12,1668.4834,-382.66916,1362.8604,1664.1512,-382.76425,1362.4663,1659.6617,-382.96054,1375.695,1628.6619,-188.84235,1361.2426,1625.9744,-547.4737,1326.2211,1667.2526,-258.7988,1322.7993,1660.1982,-363.58408,1340.9163,1540.6997,-16.151329,1261.9387,1579.5752,-658.1532,1507.748,1593.0878,127.702896,1245.9601,1754.9646,-876.1585,1676.6794,1632.2474,11.405897,1263.8756,1914.5605,-898.8615,1725.6964,1626.836,-31.298002,1296.3035,1938.9149,-1001.1093,1723.4783,1634.2957,-78.085815,1309.5116,1929.6962,-972.75085,1705.974,1636.5875,-18.010773,1299.199,1921.0382,-888.5334,919.36163,1584.2875,232.67049,886.94354,1541.9622,-232.92365,875.90674,1793.8616,119.85965,587.04315,1525.0155,-251.11525,635.10846,1696.0491,475.92114,296.13843,1436.2582,-118.11679,599.27985,1651.6921,500.775,272.76105,1401.8636,-118.26001,559.41473,1781.3483,413.0645,187.59447,1488.8348,-360.0324
IMG_4968 copy 4.png,1342.1805,1679.0004,-316.3783,1366.5464,1672.5747,-306.16953,1368.8641,1670.6183,-306.30103,1371.3013,1668.0681,-306.39368,1363.12,1668.4834,-382.66916,1362.8604,1664.1512,-382.76425,1362.4663,1659.6617,-382.96054,1375.695,1628.6619,-188.84235,1361.2426,1625.9744,-547.4737,1326.2211,1667.2526,-258.7988,1322.7993,1660.1982,-363.58408,1340.9163,1540.6997,-16.151329,1261.9387,1579.5752,-658.1532,1507.748,1593.0878,127.702896,1245.9601,1754.9646,-876.1585,1676.6794,1632.2474,11.405897,1263.8756,1914.5605,-898.8615,1725.6964,1626.836,-31.298002,1296.3035,1938.9149,-1001.1093,1723.4783,1634.2957,-78.085815,1309.5116,1929.6962,-972.75085,1705.974,1636.5875,-18.010773,1299.199,1921.0382,-888.5334,919.36163,1584.2875,232.67049,886.94354,1541.9622,-232.92365,875.90674,1793.8616,119.85965,587.04315,1525.0155,-251.11525,635.10846,1696.0491,475.92114,296.13843,1436.2582,-118.11679,599.27985,1651.6921,500.775,272.76105,1401.8636,-118.26001,559.41473,1781.3483,413.0645,187.59447,1488.8348,-360.0324
IMG_4968 copy 5.png,1342.1805,1679.0004,-316.3783,1366.5464,1672.5747,-306.16953,1368.8641,1670.6183,-306.30103,1371.3013,1668.0681,-306.39368,1363.12,1668.4834,-382.66916,1362.8604,1664.1512,-382.76425,1362.4663,1659.6617,-382.96054,1375.695,1628.6619,-188.84235,1361.2426,1625.9744,-547.4737,1326.2211,1667.2526,-258.7988,1322.7993,1660.1982,-363.58408,1340.9163,1540.6997,-16.151329,1261.9387,1579.5752,-658.1532,1507.748,1593.0878,127.702896,1245.9601,1754.9646,-876.1585,1676.6794,1632.2474,11.405897,1263.8756,1914.5605,-898.8615,1725.6964,1626.836,-31.298002,1296.3035,1938.9149,-1001.1093,1723.4783,1634.2957,-78.085815,1309.5116,1929.6962,-972.75085,1705.974,1636.5875,-18.010773,1299.199,1921.0382,-888.5334,919.36163,1584.2875,232.67049,886.94354,1541.9622,-232.92365,875.90674,1793.8616,119.85965,587.04315,1525.0155,-251.11525,635.10846,1696.0491,475.92114,296.13843,1436.2582,-118.11679,599.27985,1651.6921,500.775,272.76105,1401.8636,-118.26001,559.41473,1781.3483,413.0645,187.59447,1488.8348,-360.0324
IMG_4968 copy 6.png,1342.1805,1679.0004,-316.3783,1366.5464,1672.5747,-306.16953,1368.8641,1670.6183,-306.30103,1371.3013,1668.0681,-306.39368,1363.12,1668.4834,-382.66916,1362.8604,1664.1512,-382.76425,1362.4663,1659.6617,-382.96054,1375.695,1628.6619,-188.84235,1361.2426,1625.9744,-547.4737,1326.2211,1667.2526,-258.7988,1322.7993,1660.1982,-363.58408,1340.9163,1540.6997,-16.151329,1261.9387,1579.5752,-658.1532,1507.748,1593.0878,127.702896,1245.9601,1754.9646,-876.1585,1676.6794,1632.2474,11.405897,1263.8756,1914.5605,-898.8615,1725.6964,1626.836,-31.298002,1296.3035,1938.9149,-1001.1093,1723.4783,1634.2957,-78.085815,1309.5116,1929.6962,-972.75085,1705.974,1636.5875,-18.010773,1299.199,1921.0382,-888.5334,919.36163,1584.2875,232.67049,886.94354,1541.9622,-232.92365,875.90674,1793.8616,119.85965,587.04315,1525.0155,-251.11525,635.10846,1696.0491,475.92114,296.13843,1436.2582,-118.11679,599.27985,1651.6921,500.775,272.76105,1401.8636,-118.26001,559.41473,1781.3483,413.0645,187.59447,1488.8348,-360.0324
IMG_4968 copy 7.png,1342.1805,1679.0004,-316.3783,1366.5464,1672.5747,-306.16953,1368.8641,1670.6183,-306.30103,1371.3013,1668.0681,-306.39368,1363.12,1668.4834,-382.66916,1362.8604,1664.1512,-382.76425,1362.4663,1659.6617,-382.96054,1375.695,1628.6619,-188.84235,1361.2426,1625.9744,-547.4737,1326.2211,1667.2526,-258.7988,1322.7993,1660.1982,-363.58408,1340.9163,1540.6997,-16.151329,1261.9387,1579.5752,-658.1532,1507.748,1593.0878,127.702896,1245.9601,1754.9646,-876.1585,1676.6794,1632.2474,11.405897,1263.8756,1914.5605,-898.8615,1725.6964,1626.836,-31.298002,1296.3035,1938.9149,-1001.1093,1723.4783,1634.2957,-78.085815,1309.5116,1929.6962,-972.75085,1705.974,1636.5875,-18.010773,1299.199,1921.0382,-888.5334,919.36163,1584.2875,232.67049,886.94354,1541.9622,-232.92365,875.90674,1793.8616,119.85965,587.04315,1525.0155,-251.11525,635.10846,1696.0491,475.92114,296.13843,1436.2582,-118.11679,599.27985,1651.6921,500.775,272.76105,1401.8636,-118.26001,559.41473,1781.3483,413.0645,187.59447,1488.8348,-360.0324
IMG_4968 copy 8.png,1342.1805,1679.0004,-316.3783,1366.5464,1672.5747,-306.16953,1368.8641,1670.6183,-306.30103,1371.3013,1668.0681,-306.39368,1363.12,1668.4834,-382.66916,1362.8604,1664.1512,-382.76425,1362.4663,1659.6617,-382.96054,1375.695,1628.6619,-188.84235,1361.2426,1625.9744,-547.4737,1326.2211,1667.2526,-258.7988,1322.7993,1660.1982,-363.58408,1340.9163,1540.6997,-16.151329,1261.9387,1579.5752,-658.1532,1507.748,1593.0878,127.702896,1245.9601,1754.9646,-876.1585,1676.6794,1632.2474,11.405897,1263.8756,1914.5605,-898.8615,1725.6964,1626.836,-31.298002,1296.3035,1938.9149,-1001.1093,1723.4783,1634.2957,-78.085815,1309.5116,1929.6962,-972.75085,1705.974,1636.5875,-18.010773,1299.199,1921.0382,-888.5334,919.36163,1584.2875,232.67049,886.94354,1541.9622,-232.92365,875.90674,1793.8616,119.85965,587.04315,1525.0155,-251.11525,635.10846,1696.0491,475.92114,296.13843,1436.2582,-118.11679,599.27985,1651.6921,500.775,272.76105,1401.8636,-118.26001,559.41473,1781.3483,413.0645,187.59447,1488.8348,-360.0324
IMG_4968 copy 9.png,1342.1805,1679.0004,-316.3783,1366.5464,1672.5747,-306.16953,1368.8641,1670.6183,-306.30103,1371.3013,1668.0681,-306.39368,1363.12,1668.4834,-382.66916,1362.8604,1664.1512,-382.76425,1362.4663,1659.6617,-382.96054,1375.695,1628.6619,-188.84235,1361.2426,1625.9744,-547.4737,1326.2211,1667.2526,-258.7988,1322.7993,1660.1982,-363.58408,1340.9163,1540.6997,-16.151329,1261.9387,1579.5752,-658.1532,1507.748,1593.0878,127.702896,1245.9601,1754.9646,-876.1585,1676.6794,1632.2474,11.405897,1263.8756,1914.5605,-898.8615,1725.6964,1626.836,-31.298002,1296.3035,1938.9149,-1001.1093,1723.4783,1634.2957,-78.085815,1309.5116,1929.6962,-972.75085,1705.974,1636.5875,-18.010773,1299.199,1921.0382,-888.5334,919.36163,1584.2875,232.67049,886.94354,1541.9622,-232.92365,875.90674,1793.8616,119.85965,587.04315,1525.0155,-251.11525,635.10846,1696.0491,475.92114,296.13843,1436.2582,-118.11679,599.27985,1651.6921,500.775,272.76105,1401.8636,-118.26001,559.41473,1781.3483,413.0645,187.59447,1488.8348,-360.0324
IMG_4968 copy.png,1342.1805,1679.0004,-316.3783,1366.5464,1672.5747,-306.16953,1368.8641,1670.6183,-306.30103,1371.3013,1668.0681,-306.39368,1363.12,1668.4834,-382.66916,1362.8604,1664.1512,-382.76425,1362.4663,1659.6617,-382.96054,1375.695,1628.6619,-188.84235,1361.2426,1625.9744,-547.4737,1326.2211,1667.2526,-258.7988,1322.7993,1660.1982,-363.58408,1340.9163,1540.6997,-16.151329,1261.9387,1579.5752,-658.1532,1507.748,1593.0878,127.702896,1245.9601,1754.9646,-876.1585,1676.6794,1632.2474,11.405897,1263.8756,1914.5605,-898.8615,1725.6964,1626.836,-31.298002,1296.3035,1938.9149,-1001.1093,1723.4783,1634.2957,-78.085815,1309.5116,1929.6962,-972.75085,1705.974,1636.5875,-18.010773,1299.199,1921.0382,-888.5334,919.36163,1584.2875,232.67049,886.94354,1541.9622,-232.92365,875.90674,1793.8616,119.85965,587.04315,1525.0155,-251.11525,635.10846,1696.0491,475.92114,296.13843,1436.2582,-118.11679,599.27985,1651.6921,500.775,272.76105,1401.8636,-118.26001,559.41473,1781.3483,413.0645,187.59447,1488.8348,-360.0324
IMG_4968.png,1342.1805,1679.0004,-316.3783,1366.5464,1672.5747,-306.16953,1368.8641,1670.6183,-306.30103,1371.3013,1668.0681,-306.39368,1363.12,1668.4834,-382.66916,1362.8604,1664.1512,-382.76425,1362.4663,1659.6617,-382.96054,1375.695,1628.6619,-188.84235,1361.2426,1625.9744,-547.4737,1326.2211,1667.2526,-258.7988,1322.7993,1660.1982,-363.58408,1340.9163,1540.6997,-16.151329,1261.9387,1579.5752,-658.1532,1507.748,1593.0878,127.702896,1245.9601,1754.9646,-876.1585,1676.6794,1632.2474,11.405897,1263.8756,1914.5605,-898.8615,1725.6964,1626.836,-31.298002,1296.3035,1938.9149,-1001.1093,1723.4783,1634.2957,-78.085815,1309.5116,1929.6962,-972.75085,1705.974,1636.5875,-18.010773,1299.199,1921.0382,-888.5334,919.36163,1584.2875,232.67049,886.94354,1541.9622,-232.92365,875.90674,1793.8616,119.85965,587.04315,1525.0155,-251.11525,635.10846,1696.0491,475.92114,296.13843,1436.2582,-118.11679,599.27985,1651.6921,500.775,272.76105,1401.8636,-118.26001,559.41473,1781.3483,413.0645,187.59447,1488.8348,-360.0324
IMG_4971.png,543.0421,1236.2635,788.7482,534.51904,1213.9109,754.6383,533.151,1212.4303,754.7441,531.32623,1210.4662,754.87305,543.0173,1212.1631,822.49054,548.109,1209.9031,822.3671,552.78595,1207.2018,821.90234,544.67847,1197.6693,579.45105,578.1347,1192.9427,879.6757,556.0728,1245.5593,721.2755,566.26483,1244.0186,807.5398,573.8439,1221.0023,277.30496,715.37494,1222.1919,917.9385,378.91818,1341.0585,195.57196,782.4211,1404.7626,1161.439,179.39723,1381.9098,521.8942,694.1732,1530.082,1254.8945,129.72804,1378.2091,543.5866,665.1087,1530.7239,1292.9825,140.63295,1365.6211,562.88,659.24615,1526.956,1256.417,155.00928,1369.56,543.509,666.06354,1525.3165,1245.8218,972.55817,1415.0852,-201.03261,1072.6621,1378.133,199.86536,1022.3136,1762.8499,-218.09564,1342.0447,1612.924,75.96295,1322.3568,1768.8386,-485.45258,1723.8658,1690.4196,-436.84744,1378.4764,1723.2085,-507.79684,1807.2543,1664.6173,-498.19247,1406.3102,1930.4244,-445.90884,1793.4822,1848.1969,-576.13416
IMG_4972.png,617.70996,1407.3906,1064.4298,592.409,1386.6694,1021.512,588.9083,1386.8971,1021.6756,585.3266,1387.4755,1021.7621,603.52167,1380.3752,1088.991,608.0128,1376.512,1088.9744,612.56616,1373.3721,1088.6903,594.4352,1377.426,784.4234,632.5496,1357.1819,1085.553,633.18335,1409.4961,973.29236,648.2211,1405.593,1059.2366,625.98315,1401.1956,428.03955,783.9727,1351.8528,1038.3649,473.89923,1462.1552,440.1737,848.34235,1531.3029,1409.6096,307.97058,1457.0778,872.7259,800.8595,1694.1783,1780.8368,261.14627,1443.7509,890.9592,809.9834,1725.8624,1857.6956,266.7685,1435.0543,903.1684,789.4267,1715.8224,1812.1559,285.0453,1443.0315,892.3242,792.4184,1708.14,1776.9532,933.6903,1588.8154,-150.36542,1057.0579,1508.82,148.86267,962.34454,1979.9802,-22.955135,1408.6859,1633.002,-18.95253,1222.7489,2043.817,-311.63364,1797.2516,1656.1597,-772.35675,1280.2789,1997.283,-330.48145,1857.0681,1642.2074,-854.5782,1318.8995,2201.2568,-230.38174,1911.4985,1731.7125,-937.41064
IMG_4993.png,482.41525,1424.0795,1435.8148,458.86154,1409.6383,1416.8894,453.7581,1412.1235,1417.1345,446.19016,1414.7847,1417.2513,475.84183,1395.5417,1481.0542,481.00903,1392.0275,1481.0416,484.8823,1389.734,1480.4601,445.82138,1405.5507,1189.4895,516.6173,1383.7157,1485.4055,498.23828,1421.4121,1336.669,514.82465,1416.9231,1422.703,447.53256,1377.3577,736.10315,682.66815,1320.8859,1283.0648,321.41742,1469.0298,594.30194,705.7956,1560.1241,1466.7079,217.29492,1509.0024,904.43524,653.598,1736.1726,1644.3179,162.08205,1517.2812,923.73846,639.7756,1766.0305,1717.125,188.05821,1508.0353,960.00665,621.16345,1768.5751,1684.3486,211.00891,1506.1332,927.3374,628.2989,1753.713,1640.1299,795.1972,1558.3062,-133.44173,933.5197,1477.8829,131.01093,861.5596,1957.8866,-142.0517,1222.4578,1664.8721,-30.919552,1169.0354,1948.9883,-1225.9065,1617.1622,1717.4331,-1451.6401,1218.046,1899.2343,-1326.3116,1687.823,1705.7281,-1603.9287,1346.9464,2100.4768,-1280.1079,1796.4636,1847.6215,-1758.1104
IMG_4994.png,522.7757,1273.8314,1502.7213,501.80322,1260.9746,1489.0587,493.49435,1260.5465,1489.3802,484.44214,1261.3171,1489.5417,523.76404,1252.5238,1545.9407,530.7389,1249.4203,1545.9419,536.90967,1246.7666,1545.4622,475.77145,1251.5195,1251.5057,563.33,1224.138,1515.446,533.85815,1273.521,1398.2686,553.3179,1268.4631,1474.7601,470.7773,1240.6813,755.7983,717.2797,1188.1433,1312.0763,335.9753,1361.8643,572.86707,749.9344,1429.558,1476.2942,214.74828,1403.0247,782.2339,679.18756,1590.9617,1656.7008,173.24606,1413.296,791.8534,662.6551,1618.2952,1731.0771,190.12422,1401.6715,832.409,637.8536,1620.2214,1710.894,212.66008,1400.3098,806.49023,645.26434,1609.9818,1657.0099,824.7337,1427.5748,-148.55371,950.6678,1336.1378,145.58241,874.57227,1829.5647,-249.8998,1267.3055,1504.9009,-13.766996,1175.199,1824.8793,-1410.0396,1676.5591,1548.0347,-1463.7992,1235.399,1768.1202,-1517.994,1734.7128,1529.0908,-1620.0643,1318.2692,2014.6333,-1524.2877,1832.3303,1698.5767,-1805.2354
IMG_4995.png,443.1835,1429.1166,1350.1123,422.27124,1409.8643,1333.5898,417.146,1410.1265,1333.7617,411.4774,1411.44,1333.8038,436.89377,1403.0725,1405.2284,443.74066,1400.0278,1405.212,451.81238,1392.2908,1404.5988,412.36795,1385.0436,1132.8629,472.2373,1361.2057,1467.9501,458.76462,1423.4973,1260.5809,479.11832,1414.09,1358.3232,426.05295,1336.5887,730.774,653.8293,1305.7087,1316.3138,259.40616,1454.7292,601.9899,779.0947,1546.679,1475.6609,169.97498,1475.5371,950.7789,693.3205,1714.3354,1606.0013,120.21143,1473.902,976.37463,674.5885,1739.7919,1656.3724,138.12863,1466.9099,990.9702,655.23944,1741.5734,1638.9276,164.29198,1472.9266,966.5486,663.75494,1724.8375,1606.8955,809.0778,1514.0612,-158.52292,975.2876,1451.5447,156.45253,840.7018,1924.2574,-209.90695,1239.6982,1630.4933,-80.21961,1174.7861,1940.4058,-1279.7402,1677.8997,1704.7406,-1360.1102,1240.7174,1895.2091,-1386.3815,1753.9402,1706.9364,-1507.64,1335.0691,2123.7866,-1387.018,1837.6548,1876.9927,-1693.6592
IMG_5002.JPG,1245.684,1933.3569,-1164.4246,1272.1781,1919.6628,-1239.5458,1282.0187,1917.4756,-1239.6123,1292.4203,1915.8333,-1240.3398,1243.0366,1915.5422,-1288.1189,1232.4758,1910.1871,-1288.1635,1221.7886,1905.8453,-1288.4418,1299.8021,1861.8271,-1336.8241,1199.7466,1870.724,-1565.8811,1238.0254,1921.78,-1163.4395,1203.8707,1910.6776,-1231.6311,1351.1548,1720.1271,-1231.4893,982.329,1835.827,-1604.5315,1588.4658,1921.4624,-1258.7734,988.1539,2107.0718,-1998.7742,1835.2874,2188.7866,-1608.931,1058.6221,2395.622,-2451.8887,1951.695,2213.8403,-1783.2418,1095.2015,2459.1726,-2702.734,1929.6282,2246.3901,-1867.0206,1126.8025,2443.0576,-2673.5723,1871.9458,2243.1304,-1661.8882,1119.3416,2415.4563,-2472.0522,852.9649,1720.3826,247.31143,666.648,1693.7424,-247.18617,943.2843,2043.16,528.69354,488.00912,1754.3506,501.5378,664.01337,1917.6783,1391.8375,298.25092,1659.3394,1340.9117,634.91315,1887.2167,1484.3153,281.01633,1621.9052,1422.8994,579.16187,1987.2072,1406.4783,224.09123,1702.262,1258.651
IMG_5003.JPG,1439.1655,1876.521,-488.5904,1464.7446,1867.0815,-462.36838,1465.8171,1865.8593,-462.41864,1466.768,1864.2045,-462.4704,1461.3451,1859.72,-560.6032,1459.7852,1854.0525,-560.7173,1457.8049,1848.0947,-560.9217,1455.7249,1829.4961,-272.12595,1444.2241,1812.0778,-726.6714,1416.4948,1866.1974,-404.2449,1414.127,1858.453,-536.8329,1384.5331,1755.9594,-14.753386,1319.1045,1772.7832,-906.51154,1571.9027,1848.6986,44.410046,1350.5696,1992.8895,-1207.8899,1760.8838,1958.447,-269.57413,1395.2631,2215.1921,-1285.4222,1809.4751,1969.2179,-326.78253,1444.5437,2240.0752,-1424.4778,1811.2314,1974.1078,-413.37433,1452.5269,2223.0278,-1362.1305,1793.9943,1974.1423,-323.03055,1433.9159,2216.9832,-1264.9901,967.98456,1880.832,291.76767,903.8711,1809.2827,-291.82184,934.9406,2126.3313,100.99067,601.056,1886.4181,-485.90265,641.99133,2024.8392,575.89343,257.9258,1844.1539,-435.44608,604.20654,1972.106,611.831,214.09282,1803.8959,-449.4899,529.74927,2107.8594,494.24863,140.56804,1969.2983,-767.0765
IMG_5004.JPG,1554.0134,1807.556,-475.6058,1582.1128,1790.5566,-443.6188,1583.6624,1789.2874,-443.71317,1585.2864,1787.8584,-443.833,1576.9397,1782.1263,-551.8883,1574.5692,1775.2839,-551.99927,1571.9354,1767.7362,-552.255,1571.4664,1748.081,-234.5245,1554.9077,1727.8241,-735.95026,1526.6698,1801.31,-384.21304,1522.7826,1790.3458,-530.4312,1488.1471,1698.4486,48.866898,1425.572,1699.3535,-938.62305,1699.562,1789.9982,181.11668,1450.491,1936.5873,-1301.535,1880.4408,1895.4452,-146.80312,1502.795,2157.8079,-1384.461,1944.963,1906.7205,-205.95758,1556.8319,2190.5864,-1531.3774,1946.6346,1909.9213,-295.10318,1570.1183,2169.6038,-1465.8854,1922.0559,1909.0164,-202.4904,1548.3733,2161.7449,-1361.6602,1046.445,1813.1659,316.73984,998.1151,1734.9181,-316.79578,1000.20294,2057.9026,-119.250046,695.7585,1832.8285,-554.3785,702.7951,1977.6346,381.56696,328.6157,1794.91,-400.30734,669.3055,1931.1123,418.45322,273.21347,1754.6106,-405.1885,587.6768,2062.2588,270.02634,183.43956,1925.2247,-749.7961
IMG_5355 copy 10.JPG,2192.8374,611.37805,-171.71156,2215.644,579.3379,-128.78397,2215.351,576.4832,-128.92363,2215.4019,573.12427,-128.97586,2209.7537,571.75665,-240.65295,2204.9653,563.3657,-240.73431,2200.6184,554.51935,-240.84105,2176.139,524.2628,93.89224,2160.873,508.73508,-422.16403,2161.3533,612.09106,-81.11723,2155.3564,604.2099,-231.83096,2025.0176,544.8803,315.061,1966.8098,519.96594,-657.1923,2271.3464,637.1209,365.56735,1932.4893,812.36694,-853.3977,2509.148,631.4114,98.06692,1963.2139,1087.2501,-865.7835,2567.0105,624.59204,42.163483,2029.0889,1106.8737,-989.35724,2564.8198,614.7091,-25.31532,2039.1956,1097.0276,-927.82635,2543.9165,616.85864,50.932262,2017.1549,1091.0066,-843.7703,1483.0541,684.3455,293.70544,1461.1464,608.142,-293.63483,1451.7073,1013.40045,-65.74873,1095.9993,597.08484,-438.49655,1082.4055,959.35706,318.25635,648.8966,496.43793,-296.28995,1003.5708,885.3278,348.4526,609.03375,467.37918,-293.3528,960.5681,1054.0531,228.43956,472.83984,579.52185,-601.41077
IMG_5355 copy 11.JPG,2192.8374,611.37805,-171.71156,2215.644,579.3379,-128.78397,2215.351,576.4832,-128.92363,2215.4019,573.12427,-128.97586,2209.7537,571.75665,-240.65295,2204.9653,563.3657,-240.73431,2200.6184,554.51935,-240.84105,2176.139,524.2628,93.89224,2160.873,508.73508,-422.16403,2161.3533,612.09106,-81.11723,2155.3564,604.2099,-231.83096,2025.0176,544.8803,315.061,1966.8098,519.96594,-657.1923,2271.3464,637.1209,365.56735,1932.4893,812.36694,-853.3977,2509.148,631.4114,98.06692,1963.2139,1087.2501,-865.7835,2567.0105,624.59204,42.163483,2029.0889,1106.8737,-989.35724,2564.8198,614.7091,-25.31532,2039.1956,1097.0276,-927.82635,2543.9165,616.85864,50.932262,2017.1549,1091.0066,-843.7703,1483.0541,684.3455,293.70544,1461.1464,608.142,-293.63483,1451.7073,1013.40045,-65.74873,1095.9993,597.08484,-438.49655,1082.4055,959.35706,318.25635,648.8966,496.43793,-296.28995,1003.5708,885.3278,348.4526,609.03375,467.37918,-293.3528,960.5681,1054.0531,228.43956,472.83984,579.52185,-601.41077
IMG_5355 copy 12.JPG,2192.8374,611.37805,-171.71156,2215.644,579.3379,-128.78397,2215.351,576.4832,-128.92363,2215.4019,573.12427,-128.97586,2209.7537,571.75665,-240.65295,2204.9653,563.3657,-240.73431,2200.6184,554.51935,-240.84105,2176.139,524.2628,93.89224,2160.873,508.73508,-422.16403,2161.3533,612.09106,-81.11723,2155.3564,604.2099,-231.83096,2025.0176,544.8803,315.061,1966.8098,519.96594,-657.1923,2271.3464,637.1209,365.56735,1932.4893,812.36694,-853.3977,2509.148,631.4114,98.06692,1963.2139,1087.2501,-865.7835,2567.0105,624.59204,42.163483,2029.0889,1106.8737,-989.35724,2564.8198,614.7091,-25.31532,2039.1956,1097.0276,-927.82635,2543.9165,616.85864,50.932262,2017.1549,1091.0066,-843.7703,1483.0541,684.3455,293.70544,1461.1464,608.142,-293.63483,1451.7073,1013.40045,-65.74873,1095.9993,597.08484,-438.49655,1082.4055,959.35706,318.25635,648.8966,496.43793,-296.28995,1003.5708,885.3278,348.4526,609.03375,467.37918,-293.3528,960.5681,1054.0531,228.43956,472.83984,579.52185,-601.41077
IMG_5355 copy 13.JPG,2192.8374,611.37805,-171.71156,2215.644,579.3379,-128.78397,2215.351,576.4832,-128.92363,2215.4019,573.12427,-128.97586,2209.7537,571.75665,-240.65295,2204.9653,563.3657,-240.73431,2200.6184,554.51935,-240.84105,2176.139,524.2628,93.89224,2160.873,508.73508,-422.16403,2161.3533,612.09106,-81.11723,2155.3564,604.2099,-231.83096,2025.0176,544.8803,315.061,1966.8098,519.96594,-657.1923,2271.3464,637.1209,365.56735,1932.4893,812.36694,-853.3977,2509.148,631.4114,98.06692,1963.2139,1087.2501,-865.7835,2567.0105,624.59204,42.163483,2029.0889,1106.8737,-989.35724,2564.8198,614.7091,-25.31532,2039.1956,1097.0276,-927.82635,2543.9165,616.85864,50.932262,2017.1549,1091.0066,-843.7703,1483.0541,684.3455,293.70544,1461.1464,608.142,-293.63483,1451.7073,1013.40045,-65.74873,1095.9993,597.08484,-438.49655,1082.4055,959.35706,318.25635,648.8966,496.43793,-296.28995,1003.5708,885.3278,348.4526,609.03375,467.37918,-293.3528,960.5681,1054.0531,228.43956,472.83984,579.52185,-601.41077
IMG_5355 copy 2.JPG,2192.8374,611.37805,-171.71156,2215.644,579.3379,-128.78397,2215.351,576.4832,-128.92363,2215.4019,573.12427,-128.97586,2209.7537,571.75665,-240.65295,2204.9653,563.3657,-240.73431,2200.6184,554.51935,-240.84105,2176.139,524.2628,93.89224,2160.873,508.73508,-422.16403,2161.3533,612.09106,-81.11723,2155.3564,604.2099,-231.83096,2025.0176,544.8803,315.061,1966.8098,519.96594,-657.1923,2271.3464,637.1209,365.56735,1932.4893,812.36694,-853.3977,2509.148,631.4114,98.06692,1963.2139,1087.2501,-865.7835,2567.0105,624.59204,42.163483,2029.0889,1106.8737,-989.35724,2564.8198,614.7091,-25.31532,2039.1956,1097.0276,-927.82635,2543.9165,616.85864,50.932262,2017.1549,1091.0066,-843.7703,1483.0541,684.3455,293.70544,1461.1464,608.142,-293.63483,1451.7073,1013.40045,-65.74873,1095.9993,597.08484,-438.49655,1082.4055,959.35706,318.25635,648.8966,496.43793,-296.28995,1003.5708,885.3278,348.4526,609.03375,467.37918,-293.3528,960.5681,1054.0531,228.43956,472.83984,579.52185,-601.41077
IMG_5355 copy 3.JPG,2192.8374,611.37805,-171.71156,2215.644,579.3379,-128.78397,2215.351,576.4832,-128.92363,2215.4019,573.12427,-128.97586,2209.7537,571.75665,-240.65295,2204.9653,563.3657,-240.73431,2200.6184,554.51935,-240.84105,2176.139,524.2628,93.89224,2160.873,508.73508,-422.16403,2161.3533,612.09106,-81.11723,2155.3564,604.2099,-231.83096,2025.0176,544.8803,315.061,1966.8098,519.96594,-657.1923,2271.3464,637.1209,365.56735,1932.4893,812.36694,-853.3977,2509.148,631.4114,98.06692,1963.2139,1087.2501,-865.7835,2567.0105,624.59204,42.163483,2029.0889,1106.8737,-989.35724,2564.8198,614.7091,-25.31532,2039.1956,1097.0276,-927.82635,2543.9165,616.85864,50.932262,2017.1549,1091.0066,-843.7703,1483.0541,684.3455,293.70544,1461.1464,608.142,-293.63483,1451.7073,1013.40045,-65.74873,1095.9993,597.08484,-438.49655,1082.4055,959.35706,318.25635,648.8966,496.43793,-296.28995,1003.5708,885.3278,348.4526,609.03375,467.37918,-293.3528,960.5681,1054.0531,228.43956,472.83984,579.52185,-601.41077
IMG_5355 copy 4.JPG,2192.8374,611.37805,-171.71156,2215.644,579.3379,-128.78397,2215.351,576.4832,-128.92363,2215.4019,573.12427,-128.97586,2209.7537,571.75665,-240.65295,2204.9653,563.3657,-240.73431,2200.6184,554.51935,-240.84105,2176.139,524.2628,93.89224,2160.873,508.73508,-422.16403,2161.3533,612.09106,-81.11723,2155.3564,604.2099,-231.83096,2025.0176,544.8803,315.061,1966.8098,519.96594,-657.1923,2271.3464,637.1209,365.56735,1932.4893,812.36694,-853.3977,2509.148,631.4114,98.06692,1963.2139,1087.2501,-865.7835,2567.0105,624.59204,42.163483,2029.0889,1106.8737,-989.35724,2564.8198,614.7091,-25.31532,2039.1956,1097.0276,-927.82635,2543.9165,616.85864,50.932262,2017.1549,1091.0066,-843.7703,1483.0541,684.3455,293.70544,1461.1464,608.142,-293.63483,1451.7073,1013.40045,-65.74873,1095.9993,597.08484,-438.49655,1082.4055,959.35706,318.25635,648.8966,496.43793,-296.28995,1003.5708,885.3278,348.4526,609.03375,467.37918,-293.3528,960.5681,1054.0531,228.43956,472.83984,579.52185,-601.41077
IMG_5355 copy 5.JPG,2192.8374,611.37805,-171.71156,2215.644,579.3379,-128.78397,2215.351,576.4832,-128.92363,2215.4019,573.12427,-128.97586,2209.7537,571.75665,-240.65295,2204.9653,563.3657,-240.73431,2200.6184,554.51935,-240.84105,2176.139,524.2628,93.89224,2160.873,508.73508,-422.16403,2161.3533,612.09106,-81.11723,2155.3564,604.2099,-231.83096,2025.0176,544.8803,315.061,1966.8098,519.96594,-657.1923,2271.3464,637.1209,365.56735,1932.4893,812.36694,-853.3977,2509.148,631.4114,98.06692,1963.2139,1087.2501,-865.7835,2567.0105,624.59204,42.163483,2029.0889,1106.8737,-989.35724,2564.8198,614.7091,-25.31532,2039.1956,1097.0276,-927.82635,2543.9165,616.85864,50.932262,2017.1549,1091.0066,-843.7703,1483.0541,684.3455,293.70544,1461.1464,608.142,-293.63483,1451.7073,1013.40045,-65.74873,1095.9993,597.08484,-438.49655,1082.4055,959.35706,318.25635,648.8966,496.43793,-296.28995,1003.5708,885.3278,348.4526,609.03375,467.37918,-293.3528,960.5681,1054.0531,228.43956,472.83984,579.52185,-601.41077
IMG_5355 copy 6.JPG,2192.8374,611.37805,-171.71156,2215.644,579.3379,-128.78397,2215.351,576.4832,-128.92363,2215.4019,573.12427,-128.97586,2209.7537,571.75665,-240.65295,2204.9653,563.3657,-240.73431,2200.6184,554.51935,-240.84105,2176.139,524.2628,93.89224,2160.873,508.73508,-422.16403,2161.3533,612.09106,-81.11723,2155.3564,604.2099,-231.83096,2025.0176,544.8803,315.061,1966.8098,519.96594,-657.1923,2271.3464,637.1209,365.56735,1932.4893,812.36694,-853.3977,2509.148,631.4114,98.06692,1963.2139,1087.2501,-865.7835,2567.0105,624.59204,42.163483,2029.0889,1106.8737,-989.35724,2564.8198,614.7091,-25.31532,2039.1956,1097.0276,-927.82635,2543.9165,616.85864,50.932262,2017.1549,1091.0066,-843.7703,1483.0541,684.3455,293.70544,1461.1464,608.142,-293.63483,1451.7073,1013.40045,-65.74873,1095.9993,597.08484,-438.49655,1082.4055,959.35706,318.25635,648.8966,496.43793,-296.28995,1003.5708,885.3278,348.4526,609.03375,467.37918,-293.3528,960.5681,1054.0531,228.43956,472.83984,579.52185,-601.41077
IMG_5355 copy 7.JPG,2192.8374,611.37805,-171.71156,2215.644,579.3379,-128.78397,2215.351,576.4832,-128.92363,2215.4019,573.12427,-128.97586,2209.7537,571.75665,-240.65295,2204.9653,563.3657,-240.73431,2200.6184,554.51935,-240.84105,2176.139,524.2628,93.89224,2160.873,508.73508,-422.16403,2161.3533,612.09106,-81.11723,2155.3564,604.2099,-231.83096,2025.0176,544.8803,315.061,1966.8098,519.96594,-657.1923,2271.3464,637.1209,365.56735,1932.4893,812.36694,-853.3977,2509.148,631.4114,98.06692,1963.2139,1087.2501,-865.7835,2567.0105,624.59204,42.163483,2029.0889,1106.8737,-989.35724,2564.8198,614.7091,-25.31532,2039.1956,1097.0276,-927.82635,2543.9165,616.85864,50.932262,2017.1549,1091.0066,-843.7703,1483.0541,684.3455,293.70544,1461.1464,608.142,-293.63483,1451.7073,1013.40045,-65.74873,1095.9993,597.08484,-438.49655,1082.4055,959.35706,318.25635,648.8966,496.43793,-296.28995,1003.5708,885.3278,348.4526,609.03375,467.37918,-293.3528,960.5681,1054.0531,228.43956,472.83984,579.52185,-601.41077
IMG_5355 copy 8.JPG,2192.8374,611.37805,-171.71156,2215.644,579.3379,-128.78397,2215.351,576.4832,-128.92363,2215.4019,573.12427,-128.97586,2209.7537,571.75665,-240.65295,2204.9653,563.3657,-240.73431,2200.6184,554.51935,-240.84105,2176.139,524.2628,93.89224,2160.873,508.73508,-422.16403,2161.3533,612.09106,-81.11723,2155.3564,604.2099,-231.83096,2025.0176,544.8803,315.061,1966.8098,519.96594,-657.1923,2271.3464,637.1209,365.56735,1932.4893,812.36694,-853.3977,2509.148,631.4114,98.06692,1963.2139,1087.2501,-865.7835,2567.0105,624.59204,42.163483,2029.0889,1106.8737,-989.35724,2564.8198,614.7091,-25.31532,2039.1956,1097.0276,-927.82635,2543.9165,616.85864,50.932262,2017.1549,1091.0066,-843.7703,1483.0541,684.3455,293.70544,1461.1464,608.142,-293.63483,1451.7073,1013.40045,-65.74873,1095.9993,597.08484,-438.49655,1082.4055,959.35706,318.25635,648.8966,496.43793,-296.28995,1003.5708,885.3278,348.4526,609.03375,467.37918,-293.3528,960.5681,1054.0531,228.43956,472.83984,579.52185,-601.41077
IMG_5355 copy 9.JPG,2192.8374,611.37805,-171.71156,2215.644,579.3379,-128.78397,2215.351,576.4832,-128.92363,2215.4019,573.12427,-128.97586,2209.7537,571.75665,-240.65295,2204.9653,563.3657,-240.73431,2200.6184,554.51935,-240.84105,2176.139,524.2628,93.89224,2160.873,508.73508,-422.16403,2161.3533,612.09106,-81.11723,2155.3564,604.2099,-231.83096,2025.0176,544.8803,315.061,1966.8098,519.96594,-657.1923,2271.3464,637.1209,365.56735,1932.4893,812.36694,-853.3977,2509.148,631.4114,98.06692,1963.2139,1087.2501,-865.7835,2567.0105,624.59204,42.163483,2029.0889,1106.8737,-989.35724,2564.8198,614.7091,-25.31532,2039.1956,1097.0276,-927.82635,2543.9165,616.85864,50.932262,2017.1549,1091.0066,-843.7703,1483.0541,684.3455,293.70544,1461.1464,608.142,-293.63483,1451.7073,1013.40045,-65.74873,1095.9993,597.08484,-438.49655,1082.4055,959.35706,318.25635,648.8966,496.43793,-296.28995,1003.5708,885.3278,348.4526,609.03375,467.37918,-293.3528,960.5681,1054.0531,228.43956,472.83984,579.52185,-601.41077
IMG_5355 copy.JPG,2192.8374,611.37805,-171.71156,2215.644,579.3379,-128.78397,2215.351,576.4832,-128.92363,2215.4019,573.12427,-128.97586,2209.7537,571.75665,-240.65295,2204.9653,563.3657,-240.73431,2200.6184,554.51935,-240.84105,2176.139,524.2628,93.89224,2160.873,508.73508,-422.16403,2161.3533,612.09106,-81.11723,2155.3564,604.2099,-231.83096,2025.0176,544.8803,315.061,1966.8098,519.96594,-657.1923,2271.3464,637.1209,365.56735,1932.4893,812.36694,-853.3977,2509.148,631.4114,98.06692,1963.2139,1087.2501,-865.7835,2567.0105,624.59204,42.163483,2029.0889,1106.8737,-989.35724,2564.8198,614.7091,-25.31532,2039.1956,1097.0276,-927.82635,2543.9165,616.85864,50.932262,2017.1549,1091.0066,-843.7703,1483.0541,684.3455,293.70544,1461.1464,608.142,-293.63483,1451.7073,1013.40045,-65.74873,1095.9993,597.08484,-438.49655,1082.4055,959.35706,318.25635,648.8966,496.43793,-296.28995,1003.5708,885.3278,348.4526,609.03375,467.37918,-293.3528,960.5681,1054.0531,228.43956,472.83984,579.52185,-601.41077
IMG_5355.JPG,2192.8374,611.37805,-171.71156,2215.644,579.3379,-128.78397,2215.351,576.4832,-128.92363,2215.4019,573.12427,-128.97586,2209.7537,571.75665,-240.65295,2204.9653,563.3657,-240.73431,2200.6184,554.51935,-240.84105,2176.139,524.2628,93.89224,2160.873,508.73508,-422.16403,2161.3533,612.09106,-81.11723,2155.3564,604.2099,-231.83096,2025.0176,544.8803,315.061,1966.8098,519.96594,-657.1923,2271.3464,637.1209,365.56735,1932.4893,812.36694,-853.3977,2509.148,631.4114,98.06692,1963.2139,1087.2501,-865.7835,2567.0105,624.59204,42.163483,2029.0889,1106.8737,-989.35724,2564.8198,614.7091,-25.31532,2039.1956,1097.0276,-927.82635,2543.9165,616.85864,50.932262,2017.1549,1091.0066,-843.7703,1483.0541,684.3455,293.70544,1461.1464,608.142,-293.63483,1451.7073,1013.40045,-65.74873,1095.9993,597.08484,-438.49655,1082.4055,959.35706,318.25635,648.8966,496.43793,-296.28995,1003.5708,885.3278,348.4526,609.03375,467.37918,-293.3528,960.5681,1054.0531,228.43956,472.83984,579.52185,-601.41077
IMG_5356.JPG,2137.2603,484.98157,-143.29643,2159.6714,448.75705,-103.94857,2160.046,446.10162,-103.980064,2160.5806,443.55713,-103.97782,2153.448,442.8433,-213.4267,2148.8062,435.91162,-213.599,2143.8015,427.92026,-213.6959,2120.022,401.2328,116.1528,2102.6484,386.4665,-391.11865,2110.269,492.00262,-53.01989,2102.4194,484.77618,-201.8248,1957.9674,429.1002,414.3494,1938.3615,431.6926,-648.3647,2180.3594,488.595,594.5511,1949.4911,715.1707,-824.97595,2366.8892,481.51877,478.8646,1975.2462,979.885,-760.90515,2418.262,471.53558,461.67938,2044.364,992.13293,-879.1106,2422.1938,471.59662,383.33246,2051.4875,981.14044,-812.58435,2400.6462,476.95624,432.21826,2025.2661,978.48083,-734.15344,1461.5231,593.42676,325.00095,1437.6538,552.51544,-324.84924,1444.4275,943.9845,144.54736,1013.4534,555.78406,-494.9393,1040.2833,903.6342,369.37057,538.5679,503.20474,-507.29608,965.6716,857.5882,379.0325,468.45328,457.24747,-519.4636,965.9308,1066.7789,242.37816,384.94284,612.51154,-837.9327
IMG_5357.JPG,2224.7952,497.76685,725.04065,2239.7654,472.20392,799.00446,2239.2993,471.38312,798.6304,2239.9353,470.68787,798.4184,2242.939,457.89233,703.763,2243.8916,447.3137,703.63104,2246.2737,436.76645,703.1086,2219.9631,433.4158,1023.36017,2229.7812,397.24646,597.5361,2209.6252,500.7884,806.31213,2211.905,487.34134,678.6179,2013.7418,437.9653,1179.1144,2103.272,390.12537,136.78407,1802.7439,739.456,1290.0382,2112.936,633.46063,-163.30122,1745.5743,922.4514,1187.4728,2149.2024,985.91034,-74.39392,1733.071,950.94556,1182.1621,2218.7954,1008.99207,-110.1958,1750.8872,946.13336,1125.5593,2211.9102,996.5345,-72.39992,1754.0166,936.5772,1152.5028,2180.212,996.3885,-50.574413,1540.5146,647.0928,274.70337,1582.9774,555.1052,-274.85312,1567.948,1023.3107,-248.20714,1222.107,560.3507,-1233.2377,1110.513,1049.9683,-555.50037,655.4277,487.38205,-2169.0708,1018.7057,1002.2097,-607.88885,561.2584,452.65375,-2268.0042,1073.3197,1230.8846,-834.39294,541.98584,665.09326,-2664.3293
IMG_5361 copy 10.JPG,1359.7845,396.0806,1569.3616,1343.4662,370.1259,1559.9385,1339.5897,371.05078,1560.1719,1336.1654,371.83188,1560.1501,1362.167,360.6414,1629.8394,1371.3055,355.9447,1629.782,1381.8893,351.1103,1629.4064,1349.0333,367.67773,1310.4092,1417.8265,333.99484,1626.4275,1378.8171,402.40466,1463.6952,1405.2582,391.0605,1552.7173,1320.1986,431.65445,620.6401,1607.8612,357.1554,1547.661,1145.3986,600.3572,358.58557,1667.6268,715.5076,1644.5703,930.4963,654.38837,540.9016,1672.3381,973.1785,1532.1508,835.8353,677.0189,519.91797,1623.764,1017.5903,1554.5983,859.4324,645.8329,583.97516,1605.5066,1028.3708,1490.5939,892.92,643.3199,577.33075,1625.821,1014.8707,1503.6611,1776.9672,629.19324,-270.31522,1954.1534,492.58093,267.56482,1873.911,1075.9288,-378.397,2440.583,444.33765,-80.093575,2306.3262,1077.6213,-985.8412,2977.4211,211.54446,-1238.5464,2343.5461,1021.22144,-1035.8091,3013.7886,126.94596,-1358.0768,2452.2378,1259.5912,-1047.802,3245.9468,293.2171,-1499.5101
IMG_5361 copy 11.JPG,1359.7845,396.0806,1569.3616,1343.4662,370.1259,1559.9385,1339.5897,371.05078,1560.1719,1336.1654,371.83188,1560.1501,1362.167,360.6414,1629.8394,1371.3055,355.9447,1629.782,1381.8893,351.1103,1629.4064,1349.0333,367.67773,1310.4092,1417.8265,333.99484,1626.4275,1378.8171,402.40466,1463.6952,1405.2582,391.0605,1552.7173,1320.1986,431.65445,620.6401,1607.8612,357.1554,1547.661,1145.3986,600.3572,358.58557,1667.6268,715.5076,1644.5703,930.4963,654.38837,540.9016,1672.3381,973.1785,1532.1508,835.8353,677.0189,519.91797,1623.764,1017.5903,1554.5983,859.4324,645.8329,583.97516,1605.5066,1028.3708,1490.5939,892.92,643.3199,577.33075,1625.821,1014.8707,1503.6611,1776.9672,629.19324,-270.31522,1954.1534,492.58093,267.56482,1873.911,1075.9288,-378.397,2440.583,444.33765,-80.093575,2306.3262,1077.6213,-985.8412,2977.4211,211.54446,-1238.5464,2343.5461,1021.22144,-1035.8091,3013.7886,126.94596,-1358.0768,2452.2378,1259.5912,-1047.802,3245.9468,293.2171,-1499.5101
IMG_5361 copy 12.JPG,1359.7845,396.0806,1569.3616,1343.4662,370.1259,1559.9385,1339.5897,371.05078,1560.1719,1336.1654,371.83188,1560.1501,1362.167,360.6414,1629.8394,1371.3055,355.9447,1629.782,1381.8893,351.1103,1629.4064,1349.0333,367.67773,1310.4092,1417.8265,333.99484,1626.4275,1378.8171,402.40466,1463.6952,1405.2582,391.0605,1552.7173,1320.1986,431.65445,620.6401,1607.8612,357.1554,1547.661,1145.3986,600.3572,358.58557,1667.6268,715.5076,1644.5703,930.4963,654.38837,540.9016,1672.3381,973.1785,1532.1508,835.8353,677.0189,519.91797,1623.764,1017.5903,1554.5983,859.4324,645.8329,583.97516,1605.5066,1028.3708,1490.5939,892.92,643.3199,577.33075,1625.821,1014.8707,1503.6611,1776.9672,629.19324,-270.31522,1954.1534,492.58093,267.56482,1873.911,1075.9288,-378.397,2440.583,444.33765,-80.093575,2306.3262,1077.6213,-985.8412,2977.4211,211.54446,-1238.5464,2343.5461,1021.22144,-1035.8091,3013.7886,126.94596,-1358.0768,2452.2378,1259.5912,-1047.802,3245.9468,293.2171,-1499.5101
IMG_5361 copy 13.JPG,1359.7845,396.0806,1569.3616,1343.4662,370.1259,1559.9385,1339.5897,371.05078,1560.1719,1336.1654,371.83188,1560.1501,1362.167,360.6414,1629.8394,1371.3055,355.9447,1629.782,1381.8893,351.1103,1629.4064,1349.0333,367.67773,1310.4092,1417.8265,333.99484,1626.4275,1378.8171,402.40466,1463.6952,1405.2582,391.0605,1552.7173,1320.1986,431.65445,620.6401,1607.8612,357.1554,1547.661,1145.3986,600.3572,358.58557,1667.6268,715.5076,1644.5703,930.4963,654.38837,540.9016,1672.3381,973.1785,1532.1508,835.8353,677.0189,519.91797,1623.764,1017.5903,1554.5983,859.4324,645.8329,583.97516,1605.5066,1028.3708,1490.5939,892.92,643.3199,577.33075,1625.821,1014.8707,1503.6611,1776.9672,629.19324,-270.31522,1954.1534,492.58093,267.56482,1873.911,1075.9288,-378.397,2440.583,444.33765,-80.093575,2306.3262,1077.6213,-985.8412,2977.4211,211.54446,-1238.5464,2343.5461,1021.22144,-1035.8091,3013.7886,126.94596,-1358.0768,2452.2378,1259.5912,-1047.802,3245.9468,293.2171,-1499.5101
IMG_5361 copy 14.JPG,1359.7845,396.0806,1569.3616,1343.4662,370.1259,1559.9385,1339.5897,371.05078,1560.1719,1336.1654,371.83188,1560.1501,1362.167,360.6414,1629.8394,1371.3055,355.9447,1629.782,1381.8893,351.1103,1629.4064,1349.0333,367.67773,1310.4092,1417.8265,333.99484,1626.4275,1378.8171,402.40466,1463.6952,1405.2582,391.0605,1552.7173,1320.1986,431.65445,620.6401,1607.8612,357.1554,1547.661,1145.3986,600.3572,358.58557,1667.6268,715.5076,1644.5703,930.4963,654.38837,540.9016,1672.3381,973.1785,1532.1508,835.8353,677.0189,519.91797,1623.764,1017.5903,1554.5983,859.4324,645.8329,583.97516,1605.5066,1028.3708,1490.5939,892.92,643.3199,577.33075,1625.821,1014.8707,1503.6611,1776.9672,629.19324,-270.31522,1954.1534,492.58093,267.56482,1873.911,1075.9288,-378.397,2440.583,444.33765,-80.093575,2306.3262,1077.6213,-985.8412,2977.4211,211.54446,-1238.5464,2343.5461,1021.22144,-1035.8091,3013.7886,126.94596,-1358.0768,2452.2378,1259.5912,-1047.802,3245.9468,293.2171,-1499.5101
IMG_5361 copy 15.JPG,1359.7845,396.0806,1569.3616,1343.4662,370.1259,1559.9385,1339.5897,371.05078,1560.1719,1336.1654,371.83188,1560.1501,1362.167,360.6414,1629.8394,1371.3055,355.9447,1629.782,1381.8893,351.1103,1629.4064,1349.0333,367.67773,1310.4092,1417.8265,333.99484,1626.4275,1378.8171,402.40466,1463.6952,1405.2582,391.0605,1552.7173,1320.1986,431.65445,620.6401,1607.8612,357.1554,1547.661,1145.3986,600.3572,358.58557,1667.6268,715.5076,1644.5703,930.4963,654.38837,540.9016,1672.3381,973.1785,1532.1508,835.8353,677.0189,519.91797,1623.764,1017.5903,1554.5983,859.4324,645.8329,583.97516,1605.5066,1028.3708,1490.5939,892.92,643.3199,577.33075,1625.821,1014.8707,1503.6611,1776.9672,629.19324,-270.31522,1954.1534,492.58093,267.56482,1873.911,1075.9288,-378.397,2440.583,444.33765,-80.093575,2306.3262,1077.6213,-985.8412,2977.4211,211.54446,-1238.5464,2343.5461,1021.22144,-1035.8091,3013.7886,126.94596,-1358.0768,2452.2378,1259.5912,-1047.802,3245.9468,293.2171,-1499.5101
IMG_5361 copy 16.JPG,1359.7845,396.0806,1569.3616,1343.4662,370.1259,1559.9385,1339.5897,371.05078,1560.1719,1336.1654,371.83188,1560.1501,1362.167,360.6414,1629.8394,1371.3055,355.9447,1629.782,1381.8893,351.1103,1629.4064,1349.0333,367.67773,1310.4092,1417.8265,333.99484,1626.4275,1378.8171,402.40466,1463.6952,1405.2582,391.0605,1552.7173,1320.1986,431.65445,620.6401,1607.8612,357.1554,1547.661,1145.3986,600.3572,358.58557,1667.6268,715.5076,1644.5703,930.4963,654.38837,540.9016,1672.3381,973.1785,1532.1508,835.8353,677.0189,519.91797,1623.764,1017.5903,1554.5983,859.4324,645.8329,583.97516,1605.5066,1028.3708,1490.5939,892.92,643.3199,577.33075,1625.821,1014.8707,1503.6611,1776.9672,629.19324,-270.31522,1954.1534,492.58093,267.56482,1873.911,1075.9288,-378.397,2440.583,444.33765,-80.093575,2306.3262,1077.6213,-985.8412,2977.4211,211.54446,-1238.5464,2343.5461,1021.22144,-1035.8091,3013.7886,126.94596,-1358.0768,2452.2378,1259.5912,-1047.802,3245.9468,293.2171,-1499.5101
IMG_5361 copy 17.JPG,1359.7845,396.0806,1569.3616,1343.4662,370.1259,1559.9385,1339.5897,371.05078,1560.1719,1336.1654,371.83188,1560.1501,1362.167,360.6414,1629.8394,1371.3055,355.9447,1629.782,1381.8893,351.1103,1629.4064,1349.0333,367.67773,1310.4092,1417.8265,333.99484,1626.4275,1378.8171,402.40466,1463.6952,1405.2582,391.0605,1552.7173,1320.1986,431.65445,620.6401,1607.8612,357.1554,1547.661,1145.3986,600.3572,358.58557,1667.6268,715.5076,1644.5703,930.4963,654.38837,540.9016,1672.3381,973.1785,1532.1508,835.8353,677.0189,519.91797,1623.764,1017.5903,1554.5983,859.4324,645.8329,583.97516,1605.5066,1028.3708,1490.5939,892.92,643.3199,577.33075,1625.821,1014.8707,1503.6611,1776.9672,629.19324,-270.31522,1954.1534,492.58093,267.56482,1873.911,1075.9288,-378.397,2440.583,444.33765,-80.093575,2306.3262,1077.6213,-985.8412,2977.4211,211.54446,-1238.5464,2343.5461,1021.22144,-1035.8091,3013.7886,126.94596,-1358.0768,2452.2378,1259.5912,-1047.802,3245.9468,293.2171,-1499.5101
IMG_5361 copy 18.JPG,1359.7845,396.0806,1569.3616,1343.4662,370.1259,1559.9385,1339.5897,371.05078,1560.1719,1336.1654,371.83188,1560.1501,1362.167,360.6414,1629.8394,1371.3055,355.9447,1629.782,1381.8893,351.1103,1629.4064,1349.0333,367.67773,1310.4092,1417.8265,333.99484,1626.4275,1378.8171,402.40466,1463.6952,1405.2582,391.0605,1552.7173,1320.1986,431.65445,620.6401,1607.8612,357.1554,1547.661,1145.3986,600.3572,358.58557,1667.6268,715.5076,1644.5703,930.4963,654.38837,540.9016,1672.3381,973.1785,1532.1508,835.8353,677.0189,519.91797,1623.764,1017.5903,1554.5983,859.4324,645.8329,583.97516,1605.5066,1028.3708,1490.5939,892.92,643.3199,577.33075,1625.821,1014.8707,1503.6611,1776.9672,629.19324,-270.31522,1954.1534,492.58093,267.56482,1873.911,1075.9288,-378.397,2440.583,444.33765,-80.093575,2306.3262,1077.6213,-985.8412,2977.4211,211.54446,-1238.5464,2343.5461,1021.22144,-1035.8091,3013.7886,126.94596,-1358.0768,2452.2378,1259.5912,-1047.802,3245.9468,293.2171,-1499.5101
IMG_5361 copy 2.JPG,1359.7845,396.0806,1569.3616,1343.4662,370.1259,1559.9385,1339.5897,371.05078,1560.1719,1336.1654,371.83188,1560.1501,1362.167,360.6414,1629.8394,1371.3055,355.9447,1629.782,1381.8893,351.1103,1629.4064,1349.0333,367.67773,1310.4092,1417.8265,333.99484,1626.4275,1378.8171,402.40466,1463.6952,1405.2582,391.0605,1552.7173,1320.1986,431.65445,620.6401,1607.8612,357.1554,1547.661,1145.3986,600.3572,358.58557,1667.6268,715.5076,1644.5703,930.4963,654.38837,540.9016,1672.3381,973.1785,1532.1508,835.8353,677.0189,519.91797,1623.764,1017.5903,1554.5983,859.4324,645.8329,583.97516,1605.5066,1028.3708,1490.5939,892.92,643.3199,577.33075,1625.821,1014.8707,1503.6611,1776.9672,629.19324,-270.31522,1954.1534,492.58093,267.56482,1873.911,1075.9288,-378.397,2440.583,444.33765,-80.093575,2306.3262,1077.6213,-985.8412,2977.4211,211.54446,-1238.5464,2343.5461,1021.22144,-1035.8091,3013.7886,126.94596,-1358.0768,2452.2378,1259.5912,-1047.802,3245.9468,293.2171,-1499.5101
IMG_5361 copy 3.JPG,1359.7845,396.0806,1569.3616,1343.4662,370.1259,1559.9385,1339.5897,371.05078,1560.1719,1336.1654,371.83188,1560.1501,1362.167,360.6414,1629.8394,1371.3055,355.9447,1629.782,1381.8893,351.1103,1629.4064,1349.0333,367.67773,1310.4092,1417.8265,333.99484,1626.4275,1378.8171,402.40466,1463.6952,1405.2582,391.0605,1552.7173,1320.1986,431.65445,620.6401,1607.8612,357.1554,1547.661,1145.3986,600.3572,358.58557,1667.6268,715.5076,1644.5703,930.4963,654.38837,540.9016,1672.3381,973.1785,1532.1508,835.8353,677.0189,519.91797,1623.764,1017.5903,1554.5983,859.4324,645.8329,583.97516,1605.5066,1028.3708,1490.5939,892.92,643.3199,577.33075,1625.821,1014.8707,1503.6611,1776.9672,629.19324,-270.31522,1954.1534,492.58093,267.56482,1873.911,1075.9288,-378.397,2440.583,444.33765,-80.093575,2306.3262,1077.6213,-985.8412,2977.4211,211.54446,-1238.5464,2343.5461,1021.22144,-1035.8091,3013.7886,126.94596,-1358.0768,2452.2378,1259.5912,-1047.802,3245.9468,293.2171,-1499.5101
IMG_5361 copy 4.JPG,1359.7845,396.0806,1569.3616,1343.4662,370.1259,1559.9385,1339.5897,371.05078,1560.1719,1336.1654,371.83188,1560.1501,1362.167,360.6414,1629.8394,1371.3055,355.9447,1629.782,1381.8893,351.1103,1629.4064,1349.0333,367.67773,1310.4092,1417.8265,333.99484,1626.4275,1378.8171,402.40466,1463.6952,1405.2582,391.0605,1552.7173,1320.1986,431.65445,620.6401,1607.8612,357.1554,1547.661,1145.3986,600.3572,358.58557,1667.6268,715.5076,1644.5703,930.4963,654.38837,540.9016,1672.3381,973.1785,1532.1508,835.8353,677.0189,519.91797,1623.764,1017.5903,1554.5983,859.4324,645.8329,583.97516,1605.5066,1028.3708,1490.5939,892.92,643.3199,577.33075,1625.821,1014.8707,1503.6611,1776.9672,629.19324,-270.31522,1954.1534,492.58093,267.56482,1873.911,1075.9288,-378.397,2440.583,444.33765,-80.093575,2306.3262,1077.6213,-985.8412,2977.4211,211.54446,-1238.5464,2343.5461,1021.22144,-1035.8091,3013.7886,126.94596,-1358.0768,2452.2378,1259.5912,-1047.802,3245.9468,293.2171,-1499.5101
IMG_5361 copy 5.JPG,1359.7845,396.0806,1569.3616,1343.4662,370.1259,1559.9385,1339.5897,371.05078,1560.1719,1336.1654,371.83188,1560.1501,1362.167,360.6414,1629.8394,1371.3055,355.9447,1629.782,1381.8893,351.1103,1629.4064,1349.0333,367.67773,1310.4092,1417.8265,333.99484,1626.4275,1378.8171,402.40466,1463.6952,1405.2582,391.0605,1552.7173,1320.1986,431.65445,620.6401,1607.8612,357.1554,1547.661,1145.3986,600.3572,358.58557,1667.6268,715.5076,1644.5703,930.4963,654.38837,540.9016,1672.3381,973.1785,1532.1508,835.8353,677.0189,519.91797,1623.764,1017.5903,1554.5983,859.4324,645.8329,583.97516,1605.5066,1028.3708,1490.5939,892.92,643.3199,577.33075,1625.821,1014.8707,1503.6611,1776.9672,629.19324,-270.31522,1954.1534,492.58093,267.56482,1873.911,1075.9288,-378.397,2440.583,444.33765,-80.093575,2306.3262,1077.6213,-985.8412,2977.4211,211.54446,-1238.5464,2343.5461,1021.22144,-1035.8091,3013.7886,126.94596,-1358.0768,2452.2378,1259.5912,-1047.802,3245.9468,293.2171,-1499.5101
IMG_5361 copy 6.JPG,1359.7845,396.0806,1569.3616,1343.4662,370.1259,1559.9385,1339.5897,371.05078,1560.1719,1336.1654,371.83188,1560.1501,1362.167,360.6414,1629.8394,1371.3055,355.9447,1629.782,1381.8893,351.1103,1629.4064,1349.0333,367.67773,1310.4092,1417.8265,333.99484,1626.4275,1378.8171,402.40466,1463.6952,1405.2582,391.0605,1552.7173,1320.1986,431.65445,620.6401,1607.8612,357.1554,1547.661,1145.3986,600.3572,358.58557,1667.6268,715.5076,1644.5703,930.4963,654.38837,540.9016,1672.3381,973.1785,1532.1508,835.8353,677.0189,519.91797,1623.764,1017.5903,1554.5983,859.4324,645.8329,583.97516,1605.5066,1028.3708,1490.5939,892.92,643.3199,577.33075,1625.821,1014.8707,1503.6611,1776.9672,629.19324,-270.31522,1954.1534,492.58093,267.56482,1873.911,1075.9288,-378.397,2440.583,444.33765,-80.093575,2306.3262,1077.6213,-985.8412,2977.4211,211.54446,-1238.5464,2343.5461,1021.22144,-1035.8091,3013.7886,126.94596,-1358.0768,2452.2378,1259.5912,-1047.802,3245.9468,293.2171,-1499.5101
IMG_5361 copy 7.JPG,1359.7845,396.0806,1569.3616,1343.4662,370.1259,1559.9385,1339.5897,371.05078,1560.1719,1336.1654,371.83188,1560.1501,1362.167,360.6414,1629.8394,1371.3055,355.9447,1629.782,1381.8893,351.1103,1629.4064,1349.0333,367.67773,1310.4092,1417.8265,333.99484,1626.4275,1378.8171,402.40466,1463.6952,1405.2582,391.0605,1552.7173,1320.1986,431.65445,620.6401,1607.8612,357.1554,1547.661,1145.3986,600.3572,358.58557,1667.6268,715.5076,1644.5703,930.4963,654.38837,540.9016,1672.3381,973.1785,1532.1508,835.8353,677.0189,519.91797,1623.764,1017.5903,1554.5983,859.4324,645.8329,583.97516,1605.5066,1028.3708,1490.5939,892.92,643.3199,577.33075,1625.821,1014.8707,1503.6611,1776.9672,629.19324,-270.31522,1954.1534,492.58093,267.56482,1873.911,1075.9288,-378.397,2440.583,444.33765,-80.093575,2306.3262,1077.6213,-985.8412,2977.4211,211.54446,-1238.5464,2343.5461,1021.22144,-1035.8091,3013.7886,126.94596,-1358.0768,2452.2378,1259.5912,-1047.802,3245.9468,293.2171,-1499.5101
IMG_5361 copy 8.JPG,1359.7845,396.0806,1569.3616,1343.4662,370.1259,1559.9385,1339.5897,371.05078,1560.1719,1336.1654,371.83188,1560.1501,1362.167,360.6414,1629.8394,1371.3055,355.9447,1629.782,1381.8893,351.1103,1629.4064,1349.0333,367.67773,1310.4092,1417.8265,333.99484,1626.4275,1378.8171,402.40466,1463.6952,1405.2582,391.0605,1552.7173,1320.1986,431.65445,620.6401,1607.8612,357.1554,1547.661,1145.3986,600.3572,358.58557,1667.6268,715.5076,1644.5703,930.4963,654.38837,540.9016,1672.3381,973.1785,1532.1508,835.8353,677.0189,519.91797,1623.764,1017.5903,1554.5983,859.4324,645.8329,583.97516,1605.5066,1028.3708,1490.5939,892.92,643.3199,577.33075,1625.821,1014.8707,1503.6611,1776.9672,629.19324,-270.31522,1954.1534,492.58093,267.56482,1873.911,1075.9288,-378.397,2440.583,444.33765,-80.093575,2306.3262,1077.6213,-985.8412,2977.4211,211.54446,-1238.5464,2343.5461,1021.22144,-1035.8091,3013.7886,126.94596,-1358.0768,2452.2378,1259.5912,-1047.802,3245.9468,293.2171,-1499.5101
IMG_5361 copy 9.JPG,1359.7845,396.0806,1569.3616,1343.4662,370.1259,1559.9385,1339.5897,371.05078,1560.1719,1336.1654,371.83188,1560.1501,1362.167,360.6414,1629.8394,1371.3055,355.9447,1629.782,1381.8893,351.1103,1629.4064,1349.0333,367.67773,1310.4092,1417.8265,333.99484,1626.4275,1378.8171,402.40466,1463.6952,1405.2582,391.0605,1552.7173,1320.1986,431.65445,620.6401,1607.8612,357.1554,1547.661,1145.3986,600.3572,358.58557,1667.6268,715.5076,1644.5703,930.4963,654.38837,540.9016,1672.3381,973.1785,1532.1508,835.8353,677.0189,519.91797,1623.764,1017.5903,1554.5983,859.4324,645.8329,583.97516,1605.5066,1028.3708,1490.5939,892.92,643.3199,577.33075,1625.821,1014.8707,1503.6611,1776.9672,629.19324,-270.31522,1954.1534,492.58093,267.56482,1873.911,1075.9288,-378.397,2440.583,444.33765,-80.093575,2306.3262,1077.6213,-985.8412,2977.4211,211.54446,-1238.5464,2343.5461,1021.22144,-1035.8091,3013.7886,126.94596,-1358.0768,2452.2378,1259.5912,-1047.802,3245.9468,293.2171,-1499.5101
IMG_5361 copy.JPG,1359.7845,396.0806,1569.3616,1343.4662,370.1259,1559.9385,1339.5897,371.05078,1560.1719,1336.1654,371.83188,1560.1501,1362.167,360.6414,1629.8394,1371.3055,355.9447,1629.782,1381.8893,351.1103,1629.4064,1349.0333,367.67773,1310.4092,1417.8265,333.99484,1626.4275,1378.8171,402.40466,1463.6952,1405.2582,391.0605,1552.7173,1320.1986,431.65445,620.6401,1607.8612,357.1554,1547.661,1145.3986,600.3572,358.58557,1667.6268,715.5076,1644.5703,930.4963,654.38837,540.9016,1672.3381,973.1785,1532.1508,835.8353,677.0189,519.91797,1623.764,1017.5903,1554.5983,859.4324,645.8329,583.97516,1605.5066,1028.3708,1490.5939,892.92,643.3199,577.33075,1625.821,1014.8707,1503.6611,1776.9672,629.19324,-270.31522,1954.1534,492.58093,267.56482,1873.911,1075.9288,-378.397,2440.583,444.33765,-80.093575,2306.3262,1077.6213,-985.8412,2977.4211,211.54446,-1238.5464,2343.5461,1021.22144,-1035.8091,3013.7886,126.94596,-1358.0768,2452.2378,1259.5912,-1047.802,3245.9468,293.2171,-1499.5101
IMG_5361.JPG,1359.7845,396.0806,1569.3616,1343.4662,370.1259,1559.9385,1339.5897,371.05078,1560.1719,1336.1654,371.83188,1560.1501,1362.167,360.6414,1629.8394,1371.3055,355.9447,1629.782,1381.8893,351.1103,1629.4064,1349.0333,367.67773,1310.4092,1417.8265,333.99484,1626.4275,1378.8171,402.40466,1463.6952,1405.2582,391.0605,1552.7173,1320.1986,431.65445,620.6401,1607.8612,357.1554,1547.661,1145.3986,600.3572,358.58557,1667.6268,715.5076,1644.5703,930.4963,654.38837,540.9016,1672.3381,973.1785,1532.1508,835.8353,677.0189,519.91797,1623.764,1017.5903,1554.5983,859.4324,645.8329,583.97516,1605.5066,1028.3708,1490.5939,892.92,643.3199,577.33075,1625.821,1014.8707,1503.6611,1776.9672,629.19324,-270.31522,1954.1534,492.58093,267.56482,1873.911,1075.9288,-378.397,2440.583,444.33765,-80.093575,2306.3262,1077.6213,-985.8412,2977.4211,211.54446,-1238.5464,2343.5461,1021.22144,-1035.8091,3013.7886,126.94596,-1358.0768,2452.2378,1259.5912,-1047.802,3245.9468,293.2171,-1499.5101
IMG_5362.JPG,944.95886,690.2816,204.06476,893.8647,689.19904,156.07083,890.5078,682.5975,156.0097,887.75104,676.01337,156.01883,915.11487,651.7681,283.25827,920.35675,651.90796,283.07513,928.20764,651.1168,282.94208,913.10065,628.24274,-1.0173776,978.0057,644.0822,570.4314,983.12354,702.99225,152.0593,995.4634,709.41864,316.44656,1026.6401,629.1751,-387.40915,1250.9192,604.5856,917.2269,789.68976,838.78796,-708.21094,1494.2058,875.26404,1168.0521,459.33383,949.8907,-439.28357,1474.8577,1193.22,879.67194,372.68814,976.16876,-542.0145,1422.9283,1218.9149,899.8678,397.65775,955.46686,-445.93164,1412.1731,1232.2083,758.0354,432.97247,941.7858,-399.43362,1433.7555,1226.9327,814.42584,1896.8607,749.5463,-412.29745,1958.0719,595.95734,410.3757,2057.5725,1253.3157,-372.0442,2524.5735,536.04095,512.1037,2668.9885,1119.2891,62.61691,3087.4192,284.91626,540.3523,2753.959,1046.0967,122.63891,3159.2493,209.20956,549.6156,2787.4805,1246.7219,174.528,3314.811,374.0348,477.48813
IMG_5363 copy 10.JPG,1059.0538,596.40466,266.17758,1024.6123,559.1934,214.00652,1023.68884,554.63336,214.0189,1023.01166,548.8457,214.14957,1028.4858,556.30096,336.0588,1030.0182,550.5175,335.84378,1031.8901,543.51666,335.58044,1049.9276,517.5091,66.82012,1063.2926,509.75522,605.8273,1095.147,599.14844,223.11093,1104.8436,596.1948,377.82938,1165.8315,559.57587,-330.13947,1322.5771,493.41846,937.94495,814.54,696.0863,-775.7573,1450.6284,828.1699,1181.7501,460.7704,811.46857,-763.3695,1416.2112,1144.1156,910.1337,367.4021,817.1278,-898.0962,1354.4791,1163.0701,940.1888,384.04642,778.9761,-805.829,1350.0189,1170.544,792.41943,422.00223,777.8687,-730.8072,1376.9604,1165.5955,842.19574,1915.962,686.08777,-409.64722,1986.309,543.6033,407.82468,2015.3646,1172.3066,-362.73648,2457.7878,566.08124,594.64594,2602.3438,1055.097,91.49435,3006.098,360.06125,751.7173,2675.344,990.8161,158.0614,3087.8926,305.60437,777.29974,2693.8535,1202.3977,279.43088,3151.5542,442.50266,732.8015
IMG_5363 copy 11.JPG,1059.0538,596.40466,266.17758,1024.6123,559.1934,214.00652,1023.68884,554.63336,214.0189,1023.01166,548.8457,214.14957,1028.4858,556.30096,336.0588,1030.0182,550.5175,335.84378,1031.8901,543.51666,335.58044,1049.9276,517.5091,66.82012,1063.2926,509.75522,605.8273,1095.147,599.14844,223.11093,1104.8436,596.1948,377.82938,1165.8315,559.57587,-330.13947,1322.5771,493.41846,937.94495,814.54,696.0863,-775.7573,1450.6284,828.1699,1181.7501,460.7704,811.46857,-763.3695,1416.2112,1144.1156,910.1337,367.4021,817.1278,-898.0962,1354.4791,1163.0701,940.1888,384.04642,778.9761,-805.829,1350.0189,1170.544,792.41943,422.00223,777.8687,-730.8072,1376.9604,1165.5955,842.19574,1915.962,686.08777,-409.64722,1986.309,543.6033,407.82468,2015.3646,1172.3066,-362.73648,2457.7878,566.08124,594.64594,2602.3438,1055.097,91.49435,3006.098,360.06125,751.7173,2675.344,990.8161,158.0614,3087.8926,305.60437,777.29974,2693.8535,1202.3977,279.43088,3151.5542,442.50266,732.8015
IMG_5363 copy 12.JPG,1059.0538,596.40466,266.17758,1024.6123,559.1934,214.00652,1023.68884,554.63336,214.0189,1023.01166,548.8457,214.14957,1028.4858,556.30096,336.0588,1030.0182,550.5175,335.84378,1031.8901,543.51666,335.58044,1049.9276,517.5091,66.82012,1063.2926,509.75522,605.8273,1095.147,599.14844,223.11093,1104.8436,596.1948,377.82938,1165.8315,559.57587,-330.13947,1322.5771,493.41846,937.94495,814.54,696.0863,-775.7573,1450.6284,828.1699,1181.7501,460.7704,811.46857,-763.3695,1416.2112,1144.1156,910.1337,367.4021,817.1278,-898.0962,1354.4791,1163.0701,940.1888,384.04642,778.9761,-805.829,1350.0189,1170.544,792.41943,422.00223,777.8687,-730.8072,1376.9604,1165.5955,842.19574,1915.962,686.08777,-409.64722,1986.309,543.6033,407.82468,2015.3646,1172.3066,-362.73648,2457.7878,566.08124,594.64594,2602.3438,1055.097,91.49435,3006.098,360.06125,751.7173,2675.344,990.8161,158.0614,3087.8926,305.60437,777.29974,2693.8535,1202.3977,279.43088,3151.5542,442.50266,732.8015
IMG_5363 copy 13.JPG,1059.0538,596.40466,266.17758,1024.6123,559.1934,214.00652,1023.68884,554.63336,214.0189,1023.01166,548.8457,214.14957,1028.4858,556.30096,336.0588,1030.0182,550.5175,335.84378,1031.8901,543.51666,335.58044,1049.9276,517.5091,66.82012,1063.2926,509.75522,605.8273,1095.147,599.14844,223.11093,1104.8436,596.1948,377.82938,1165.8315,559.57587,-330.13947,1322.5771,493.41846,937.94495,814.54,696.0863,-775.7573,1450.6284,828.1699,1181.7501,460.7704,811.46857,-763.3695,1416.2112,1144.1156,910.1337,367.4021,817.1278,-898.0962,1354.4791,1163.0701,940.1888,384.04642,778.9761,-805.829,1350.0189,1170.544,792.41943,422.00223,777.8687,-730.8072,1376.9604,1165.5955,842.19574,1915.962,686.08777,-409.64722,1986.309,543.6033,407.82468,2015.3646,1172.3066,-362.73648,2457.7878,566.08124,594.64594,2602.3438,1055.097,91.49435,3006.098,360.06125,751.7173,2675.344,990.8161,158.0614,3087.8926,305.60437,777.29974,2693.8535,1202.3977,279.43088,3151.5542,442.50266,732.8015
IMG_5363 copy 14.JPG,1059.0538,596.40466,266.17758,1024.6123,559.1934,214.00652,1023.68884,554.63336,214.0189,1023.01166,548.8457,214.14957,1028.4858,556.30096,336.0588,1030.0182,550.5175,335.84378,1031.8901,543.51666,335.58044,1049.9276,517.5091,66.82012,1063.2926,509.75522,605.8273,1095.147,599.14844,223.11093,1104.8436,596.1948,377.82938,1165.8315,559.57587,-330.13947,1322.5771,493.41846,937.94495,814.54,696.0863,-775.7573,1450.6284,828.1699,1181.7501,460.7704,811.46857,-763.3695,1416.2112,1144.1156,910.1337,367.4021,817.1278,-898.0962,1354.4791,1163.0701,940.1888,384.04642,778.9761,-805.829,1350.0189,1170.544,792.41943,422.00223,777.8687,-730.8072,1376.9604,1165.5955,842.19574,1915.962,686.08777,-409.64722,1986.309,543.6033,407.82468,2015.3646,1172.3066,-362.73648,2457.7878,566.08124,594.64594,2602.3438,1055.097,91.49435,3006.098,360.06125,751.7173,2675.344,990.8161,158.0614,3087.8926,305.60437,777.29974,2693.8535,1202.3977,279.43088,3151.5542,442.50266,732.8015
IMG_5363 copy 15.JPG,1059.0538,596.40466,266.17758,1024.6123,559.1934,214.00652,1023.68884,554.63336,214.0189,1023.01166,548.8457,214.14957,1028.4858,556.30096,336.0588,1030.0182,550.5175,335.84378,1031.8901,543.51666,335.58044,1049.9276,517.5091,66.82012,1063.2926,509.75522,605.8273,1095.147,599.14844,223.11093,1104.8436,596.1948,377.82938,1165.8315,559.57587,-330.13947,1322.5771,493.41846,937.94495,814.54,696.0863,-775.7573,1450.6284,828.1699,1181.7501,460.7704,811.46857,-763.3695,1416.2112,1144.1156,910.1337,367.4021,817.1278,-898.0962,1354.4791,1163.0701,940.1888,384.04642,778.9761,-805.829,1350.0189,1170.544,792.41943,422.00223,777.8687,-730.8072,1376.9604,1165.5955,842.19574,1915.962,686.08777,-409.64722,1986.309,543.6033,407.82468,2015.3646,1172.3066,-362.73648,2457.7878,566.08124,594.64594,2602.3438,1055.097,91.49435,3006.098,360.06125,751.7173,2675.344,990.8161,158.0614,3087.8926,305.60437,777.29974,2693.8535,1202.3977,279.43088,3151.5542,442.50266,732.8015
IMG_5363 copy 16.JPG,1059.0538,596.40466,266.17758,1024.6123,559.1934,214.00652,1023.68884,554.63336,214.0189,1023.01166,548.8457,214.14957,1028.4858,556.30096,336.0588,1030.0182,550.5175,335.84378,1031.8901,543.51666,335.58044,1049.9276,517.5091,66.82012,1063.2926,509.75522,605.8273,1095.147,599.14844,223.11093,1104.8436,596.1948,377.82938,1165.8315,559.57587,-330.13947,1322.5771,493.41846,937.94495,814.54,696.0863,-775.7573,1450.6284,828.1699,1181.7501,460.7704,811.46857,-763.3695,1416.2112,1144.1156,910.1337,367.4021,817.1278,-898.0962,1354.4791,1163.0701,940.1888,384.04642,778.9761,-805.829,1350.0189,1170.544,792.41943,422.00223,777.8687,-730.8072,1376.9604,1165.5955,842.19574,1915.962,686.08777,-409.64722,1986.309,543.6033,407.82468,2015.3646,1172.3066,-362.73648,2457.7878,566.08124,594.64594,2602.3438,1055.097,91.49435,3006.098,360.06125,751.7173,2675.344,990.8161,158.0614,3087.8926,305.60437,777.29974,2693.8535,1202.3977,279.43088,3151.5542,442.50266,732.8015
IMG_5363 copy 17.JPG,1059.0538,596.40466,266.17758,1024.6123,559.1934,214.00652,1023.68884,554.63336,214.0189,1023.01166,548.8457,214.14957,1028.4858,556.30096,336.0588,1030.0182,550.5175,335.84378,1031.8901,543.51666,335.58044,1049.9276,517.5091,66.82012,1063.2926,509.75522,605.8273,1095.147,599.14844,223.11093,1104.8436,596.1948,377.82938,1165.8315,559.57587,-330.13947,1322.5771,493.41846,937.94495,814.54,696.0863,-775.7573,1450.6284,828.1699,1181.7501,460.7704,811.46857,-763.3695,1416.2112,1144.1156,910.1337,367.4021,817.1278,-898.0962,1354.4791,1163.0701,940.1888,384.04642,778.9761,-805.829,1350.0189,1170.544,792.41943,422.00223,777.8687,-730.8072,1376.9604,1165.5955,842.19574,1915.962,686.08777,-409.64722,1986.309,543.6033,407.82468,2015.3646,1172.3066,-362.73648,2457.7878,566.08124,594.64594,2602.3438,1055.097,91.49435,3006.098,360.06125,751.7173,2675.344,990.8161,158.0614,3087.8926,305.60437,777.29974,2693.8535,1202.3977,279.43088,3151.5542,442.50266,732.8015
IMG_5363 copy 18.JPG,1059.0538,596.40466,266.17758,1024.6123,559.1934,214.00652,1023.68884,554.63336,214.0189,1023.01166,548.8457,214.14957,1028.4858,556.30096,336.0588,1030.0182,550.5175,335.84378,1031.8901,543.51666,335.58044,1049.9276,517.5091,66.82012,1063.2926,509.75522,605.8273,1095.147,599.14844,223.11093,1104.8436,596.1948,377.82938,1165.8315,559.57587,-330.13947,1322.5771,493.41846,937.94495,814.54,696.0863,-775.7573,1450.6284,828.1699,1181.7501,460.7704,811.46857,-763.3695,1416.2112,1144.1156,910.1337,367.4021,817.1278,-898.0962,1354.4791,1163.0701,940.1888,384.04642,778.9761,-805.829,1350.0189,1170.544,792.41943,422.00223,777.8687,-730.8072,1376.9604,1165.5955,842.19574,1915.962,686.08777,-409.64722,1986.309,543.6033,407.82468,2015.3646,1172.3066,-362.73648,2457.7878,566.08124,594.64594,2602.3438,1055.097,91.49435,3006.098,360.06125,751.7173,2675.344,990.8161,158.0614,3087.8926,305.60437,777.29974,2693.8535,1202.3977,279.43088,3151.5542,442.50266,732.8015
IMG_5363 copy 19.JPG,1059.0538,596.40466,266.17758,1024.6123,559.1934,214.00652,1023.68884,554.63336,214.0189,1023.01166,548.8457,214.14957,1028.4858,556.30096,336.0588,1030.0182,550.5175,335.84378,1031.8901,543.51666,335.58044,1049.9276,517.5091,66.82012,1063.2926,509.75522,605.8273,1095.147,599.14844,223.11093,1104.8436,596.1948,377.82938,1165.8315,559.57587,-330.13947,1322.5771,493.41846,937.94495,814.54,696.0863,-775.7573,1450.6284,828.1699,1181.7501,460.7704,811.46857,-763.3695,1416.2112,1144.1156,910.1337,367.4021,817.1278,-898.0962,1354.4791,1163.0701,940.1888,384.04642,778.9761,-805.829,1350.0189,1170.544,792.41943,422.00223,777.8687,-730.8072,1376.9604,1165.5955,842.19574,1915.962,686.08777,-409.64722,1986.309,543.6033,407.82468,2015.3646,1172.3066,-362.73648,2457.7878,566.08124,594.64594,2602.3438,1055.097,91.49435,3006.098,360.06125,751.7173,2675.344,990.8161,158.0614,3087.8926,305.60437,777.29974,2693.8535,1202.3977,279.43088,3151.5542,442.50266,732.8015
IMG_5363 copy 2.JPG,1059.0538,596.40466,266.17758,1024.6123,559.1934,214.00652,1023.68884,554.63336,214.0189,1023.01166,548.8457,214.14957,1028.4858,556.30096,336.0588,1030.0182,550.5175,335.84378,1031.8901,543.51666,335.58044,1049.9276,517.5091,66.82012,1063.2926,509.75522,605.8273,1095.147,599.14844,223.11093,1104.8436,596.1948,377.82938,1165.8315,559.57587,-330.13947,1322.5771,493.41846,937.94495,814.54,696.0863,-775.7573,1450.6284,828.1699,1181.7501,460.7704,811.46857,-763.3695,1416.2112,1144.1156,910.1337,367.4021,817.1278,-898.0962,1354.4791,1163.0701,940.1888,384.04642,778.9761,-805.829,1350.0189,1170.544,792.41943,422.00223,777.8687,-730.8072,1376.9604,1165.5955,842.19574,1915.962,686.08777,-409.64722,1986.309,543.6033,407.82468,2015.3646,1172.3066,-362.73648,2457.7878,566.08124,594.64594,2602.3438,1055.097,91.49435,3006.098,360.06125,751.7173,2675.344,990.8161,158.0614,3087.8926,305.60437,777.29974,2693.8535,1202.3977,279.43088,3151.5542,442.50266,732.8015
IMG_5363 copy 3.JPG,1059.0538,596.40466,266.17758,1024.6123,559.1934,214.00652,1023.68884,554.63336,214.0189,1023.01166,548.8457,214.14957,1028.4858,556.30096,336.0588,1030.0182,550.5175,335.84378,1031.8901,543.51666,335.58044,1049.9276,517.5091,66.82012,1063.2926,509.75522,605.8273,1095.147,599.14844,223.11093,1104.8436,596.1948,377.82938,1165.8315,559.57587,-330.13947,1322.5771,493.41846,937.94495,814.54,696.0863,-775.7573,1450.6284,828.1699,1181.7501,460.7704,811.46857,-763.3695,1416.2112,1144.1156,910.1337,367.4021,817.1278,-898.0962,1354.4791,1163.0701,940.1888,384.04642,778.9761,-805.829,1350.0189,1170.544,792.41943,422.00223,777.8687,-730.8072,1376.9604,1165.5955,842.19574,1915.962,686.08777,-409.64722,1986.309,543.6033,407.82468,2015.3646,1172.3066,-362.73648,2457.7878,566.08124,594.64594,2602.3438,1055.097,91.49435,3006.098,360.06125,751.7173,2675.344,990.8161,158.0614,3087.8926,305.60437,777.29974,2693.8535,1202.3977,279.43088,3151.5542,442.50266,732.8015
IMG_5363 copy 4.JPG,1059.0538,596.40466,266.17758,1024.6123,559.1934,214.00652,1023.68884,554.63336,214.0189,1023.01166,548.8457,214.14957,1028.4858,556.30096,336.0588,1030.0182,550.5175,335.84378,1031.8901,543.51666,335.58044,1049.9276,517.5091,66.82012,1063.2926,509.75522,605.8273,1095.147,599.14844,223.11093,1104.8436,596.1948,377.82938,1165.8315,559.57587,-330.13947,1322.5771,493.41846,937.94495,814.54,696.0863,-775.7573,1450.6284,828.1699,1181.7501,460.7704,811.46857,-763.3695,1416.2112,1144.1156,910.1337,367.4021,817.1278,-898.0962,1354.4791,1163.0701,940.1888,384.04642,778.9761,-805.829,1350.0189,1170.544,792.41943,422.00223,777.8687,-730.8072,1376.9604,1165.5955,842.19574,1915.962,686.08777,-409.64722,1986.309,543.6033,407.82468,2015.3646,1172.3066,-362.73648,2457.7878,566.08124,594.64594,2602.3438,1055.097,91.49435,3006.098,360.06125,751.7173,2675.344,990.8161,158.0614,3087.8926,305.60437,777.29974,2693.8535,1202.3977,279.43088,3151.5542,442.50266,732.8015
IMG_5363 copy 5.JPG,1059.0538,596.40466,266.17758,1024.6123,559.1934,214.00652,1023.68884,554.63336,214.0189,1023.01166,548.8457,214.14957,1028.4858,556.30096,336.0588,1030.0182,550.5175,335.84378,1031.8901,543.51666,335.58044,1049.9276,517.5091,66.82012,1063.2926,509.75522,605.8273,1095.147,599.14844,223.11093,1104.8436,596.1948,377.82938,1165.8315,559.57587,-330.13947,1322.5771,493.41846,937.94495,814.54,696.0863,-775.7573,1450.6284,828.1699,1181.7501,460.7704,811.46857,-763.3695,1416.2112,1144.1156,910.1337,367.4021,817.1278,-898.0962,1354.4791,1163.0701,940.1888,384.04642,778.9761,-805.829,1350.0189,1170.544,792.41943,422.00223,777.8687,-730.8072,1376.9604,1165.5955,842.19574,1915.962,686.08777,-409.64722,1986.309,543.6033,407.82468,2015.3646,1172.3066,-362.73648,2457.7878,566.08124,594.64594,2602.3438,1055.097,91.49435,3006.098,360.06125,751.7173,2675.344,990.8161,158.0614,3087.8926,305.60437,777.29974,2693.8535,1202.3977,279.43088,3151.5542,442.50266,732.8015
IMG_5363 copy 6.JPG,1059.0538,596.40466,266.17758,1024.6123,559.1934,214.00652,1023.68884,554.63336,214.0189,1023.01166,548.8457,214.14957,1028.4858,556.30096,336.0588,1030.0182,550.5175,335.84378,1031.8901,543.51666,335.58044,1049.9276,517.5091,66.82012,1063.2926,509.75522,605.8273,1095.147,599.14844,223.11093,1104.8436,596.1948,377.82938,1165.8315,559.57587,-330.13947,1322.5771,493.41846,937.94495,814.54,696.0863,-775.7573,1450.6284,828.1699,1181.7501,460.7704,811.46857,-763.3695,1416.2112,1144.1156,910.1337,367.4021,817.1278,-898.0962,1354.4791,1163.0701,940.1888,384.04642,778.9761,-805.829,1350.0189,1170.544,792.41943,422.00223,777.8687,-730.8072,1376.9604,1165.5955,842.19574,1915.962,686.08777,-409.64722,1986.309,543.6033,407.82468,2015.3646,1172.3066,-362.73648,2457.7878,566.08124,594.64594,2602.3438,1055.097,91.49435,3006.098,360.06125,751.7173,2675.344,990.8161,158.0614,3087.8926,305.60437,777.29974,2693.8535,1202.3977,279.43088,3151.5542,442.50266,732.8015
IMG_5363 copy 7.JPG,1059.0538,596.40466,266.17758,1024.6123,559.1934,214.00652,1023.68884,554.63336,214.0189,1023.01166,548.8457,214.14957,1028.4858,556.30096,336.0588,1030.0182,550.5175,335.84378,1031.8901,543.51666,335.58044,1049.9276,517.5091,66.82012,1063.2926,509.75522,605.8273,1095.147,599.14844,223.11093,1104.8436,596.1948,377.82938,1165.8315,559.57587,-330.13947,1322.5771,493.41846,937.94495,814.54,696.0863,-775.7573,1450.6284,828.1699,1181.7501,460.7704,811.46857,-763.3695,1416.2112,1144.1156,910.1337,367.4021,817.1278,-898.0962,1354.4791,1163.0701,940.1888,384.04642,778.9761,-805.829,1350.0189,1170.544,792.41943,422.00223,777.8687,-730.8072,1376.9604,1165.5955,842.19574,1915.962,686.08777,-409.64722,1986.309,543.6033,407.82468,2015.3646,1172.3066,-362.73648,2457.7878,566.08124,594.64594,2602.3438,1055.097,91.49435,3006.098,360.06125,751.7173,2675.344,990.8161,158.0614,3087.8926,305.60437,777.29974,2693.8535,1202.3977,279.43088,3151.5542,442.50266,732.8015
IMG_5363 copy 8.JPG,1059.0538,596.40466,266.17758,1024.6123,559.1934,214.00652,1023.68884,554.63336,214.0189,1023.01166,548.8457,214.14957,1028.4858,556.30096,336.0588,1030.0182,550.5175,335.84378,1031.8901,543.51666,335.58044,1049.9276,517.5091,66.82012,1063.2926,509.75522,605.8273,1095.147,599.14844,223.11093,1104.8436,596.1948,377.82938,1165.8315,559.57587,-330.13947,1322.5771,493.41846,937.94495,814.54,696.0863,-775.7573,1450.6284,828.1699,1181.7501,460.7704,811.46857,-763.3695,1416.2112,1144.1156,910.1337,367.4021,817.1278,-898.0962,1354.4791,1163.0701,940.1888,384.04642,778.9761,-805.829,1350.0189,1170.544,792.41943,422.00223,777.8687,-730.8072,1376.9604,1165.5955,842.19574,1915.962,686.08777,-409.64722,1986.309,543.6033,407.82468,2015.3646,1172.3066,-362.73648,2457.7878,566.08124,594.64594,2602.3438,1055.097,91.49435,3006.098,360.06125,751.7173,2675.344,990.8161,158.0614,3087.8926,305.60437,777.29974,2693.8535,1202.3977,279.43088,3151.5542,442.50266,732.8015
IMG_5363 copy 9.JPG,1059.0538,596.40466,266.17758,1024.6123,559.1934,214.00652,1023.68884,554.63336,214.0189,1023.01166,548.8457,214.14957,1028.4858,556.30096,336.0588,1030.0182,550.5175,335.84378,1031.8901,543.51666,335.58044,1049.9276,517.5091,66.82012,1063.2926,509.75522,605.8273,1095.147,599.14844,223.11093,1104.8436,596.1948,377.82938,1165.8315,559.57587,-330.13947,1322.5771,493.41846,937.94495,814.54,696.0863,-775.7573,1450.6284,828.1699,1181.7501,460.7704,811.46857,-763.3695,1416.2112,1144.1156,910.1337,367.4021,817.1278,-898.0962,1354.4791,1163.0701,940.1888,384.04642,778.9761,-805.829,1350.0189,1170.544,792.41943,422.00223,777.8687,-730.8072,1376.9604,1165.5955,842.19574,1915.962,686.08777,-409.64722,1986.309,543.6033,407.82468,2015.3646,1172.3066,-362.73648,2457.7878,566.08124,594.64594,2602.3438,1055.097,91.49435,3006.098,360.06125,751.7173,2675.344,990.8161,158.0614,3087.8926,305.60437,777.29974,2693.8535,1202.3977,279.43088,3151.5542,442.50266,732.8015
IMG_5363 copy.JPG,1059.0538,596.40466,266.17758,1024.6123,559.1934,214.00652,1023.68884,554.63336,214.0189,1023.01166,548.8457,214.14957,1028.4858,556.30096,336.0588,1030.0182,550.5175,335.84378,1031.8901,543.51666,335.58044,1049.9276,517.5091,66.82012,1063.2926,509.75522,605.8273,1095.147,599.14844,223.11093,1104.8436,596.1948,377.82938,1165.8315,559.57587,-330.13947,1322.5771,493.41846,937.94495,814.54,696.0863,-775.7573,1450.6284,828.1699,1181.7501,460.7704,811.46857,-763.3695,1416.2112,1144.1156,910.1337,367.4021,817.1278,-898.0962,1354.4791,1163.0701,940.1888,384.04642,778.9761,-805.829,1350.0189,1170.544,792.41943,422.00223,777.8687,-730.8072,1376.9604,1165.5955,842.19574,1915.962,686.08777,-409.64722,1986.309,543.6033,407.82468,2015.3646,1172.3066,-362.73648,2457.7878,566.08124,594.64594,2602.3438,1055.097,91.49435,3006.098,360.06125,751.7173,2675.344,990.8161,158.0614,3087.8926,305.60437,777.29974,2693.8535,1202.3977,279.43088,3151.5542,442.50266,732.8015
IMG_5363.JPG,1059.0538,596.40466,266.17758,1024.6123,559.1934,214.00652,1023.68884,554.63336,214.0189,1023.01166,548.8457,214.14957,1028.4858,556.30096,336.0588,1030.0182,550.5175,335.84378,1031.8901,543.51666,335.58044,1049.9276,517.5091,66.82012,1063.2926,509.75522,605.8273,1095.147,599.14844,223.11093,1104.8436,596.1948,377.82938,1165.8315,559.57587,-330.13947,1322.5771,493.41846,937.94495,814.54,696.0863,-775.7573,1450.6284,828.1699,1181.7501,460.7704,811.46857,-763.3695,1416.2112,1144.1156,910.1337,367.4021,817.1278,-898.0962,1354.4791,1163.0701,940.1888,384.04642,778.9761,-805.829,1350.0189,1170.544,792.41943,422.00223,777.8687,-730.8072,1376.9604,1165.5955,842.19574,1915.962,686.08777,-409.64722,1986.309,543.6033,407.82468,2015.3646,1172.3066,-362.73648,2457.7878,566.08124,594.64594,2602.3438,1055.097,91.49435,3006.098,360.06125,751.7173,2675.344,990.8161,158.0614,3087.8926,305.60437,777.29974,2693.8535,1202.3977,279.43088,3151.5542,442.50266,732.8015
IMG_5994 copy 2.JPG,728.18854,729.16833,232.47983,731.38434,674.4927,187.4402,736.22766,671.8172,187.244,741.19476,668.8873,187.12846,735.51086,673.8258,306.6186,743.1552,670.61865,306.3575,751.1667,666.8369,306.23468,808.7079,663.4297,52.566044,820.98425,658.4846,576.46124,766.56647,763.29004,192.64587,770.6072,758.3207,341.86176,924.4976,777.67865,-403.45395,1059.357,767.7357,961.7092,574.8772,900.5308,-796.4152,1103.5281,1116.2463,1170.765,188.68484,1069.4037,-681.0953,1025.5646,1507.0497,967.3258,87.929,1098.2584,-817.7773,945.8341,1531.5919,1009.9255,89.77416,1085.2695,-697.1116,934.22266,1530.808,849.3508,126.28102,1076.2454,-636.7012,962.3082,1526.8281,892.6323,1755.6744,878.6007,-438.1293,1775.3439,767.37506,436.30847,1844.4615,1489.188,-392.91876,2269.8809,584.0901,717.12994,2406.3943,1294.8588,143.14557,2716.7878,331.21698,936.6537,2420.7273,1222.938,224.84497,2761.1113,250.67531,974.2916,2529.3118,1379.3783,479.24716,2952.2527,407.4072,1013.4999
IMG_5994 copy 3.JPG,728.18854,729.16833,232.47983,731.38434,674.4927,187.4402,736.22766,671.8172,187.244,741.19476,668.8873,187.12846,735.51086,673.8258,306.6186,743.1552,670.61865,306.3575,751.1667,666.8369,306.23468,808.7079,663.4297,52.566044,820.98425,658.4846,576.46124,766.56647,763.29004,192.64587,770.6072,758.3207,341.86176,924.4976,777.67865,-403.45395,1059.357,767.7357,961.7092,574.8772,900.5308,-796.4152,1103.5281,1116.2463,1170.765,188.68484,1069.4037,-681.0953,1025.5646,1507.0497,967.3258,87.929,1098.2584,-817.7773,945.8341,1531.5919,1009.9255,89.77416,1085.2695,-697.1116,934.22266,1530.808,849.3508,126.28102,1076.2454,-636.7012,962.3082,1526.8281,892.6323,1755.6744,878.6007,-438.1293,1775.3439,767.37506,436.30847,1844.4615,1489.188,-392.91876,2269.8809,584.0901,717.12994,2406.3943,1294.8588,143.14557,2716.7878,331.21698,936.6537,2420.7273,1222.938,224.84497,2761.1113,250.67531,974.2916,2529.3118,1379.3783,479.24716,2952.2527,407.4072,1013.4999
IMG_5994 copy 4.JPG,728.18854,729.16833,232.47983,731.38434,674.4927,187.4402,736.22766,671.8172,187.244,741.19476,668.8873,187.12846,735.51086,673.8258,306.6186,743.1552,670.61865,306.3575,751.1667,666.8369,306.23468,808.7079,663.4297,52.566044,820.98425,658.4846,576.46124,766.56647,763.29004,192.64587,770.6072,758.3207,341.86176,924.4976,777.67865,-403.45395,1059.357,767.7357,961.7092,574.8772,900.5308,-796.4152,1103.5281,1116.2463,1170.765,188.68484,1069.4037,-681.0953,1025.5646,1507.0497,967.3258,87.929,1098.2584,-817.7773,945.8341,1531.5919,1009.9255,89.77416,1085.2695,-697.1116,934.22266,1530.808,849.3508,126.28102,1076.2454,-636.7012,962.3082,1526.8281,892.6323,1755.6744,878.6007,-438.1293,1775.3439,767.37506,436.30847,1844.4615,1489.188,-392.91876,2269.8809,584.0901,717.12994,2406.3943,1294.8588,143.14557,2716.7878,331.21698,936.6537,2420.7273,1222.938,224.84497,2761.1113,250.67531,974.2916,2529.3118,1379.3783,479.24716,2952.2527,407.4072,1013.4999
IMG_5994 copy 5.JPG,728.18854,729.16833,232.47983,731.38434,674.4927,187.4402,736.22766,671.8172,187.244,741.19476,668.8873,187.12846,735.51086,673.8258,306.6186,743.1552,670.61865,306.3575,751.1667,666.8369,306.23468,808.7079,663.4297,52.566044,820.98425,658.4846,576.46124,766.56647,763.29004,192.64587,770.6072,758.3207,341.86176,924.4976,777.67865,-403.45395,1059.357,767.7357,961.7092,574.8772,900.5308,-796.4152,1103.5281,1116.2463,1170.765,188.68484,1069.4037,-681.0953,1025.5646,1507.0497,967.3258,87.929,1098.2584,-817.7773,945.8341,1531.5919,1009.9255,89.77416,1085.2695,-697.1116,934.22266,1530.808,849.3508,126.28102,1076.2454,-636.7012,962.3082,1526.8281,892.6323,1755.6744,878.6007,-438.1293,1775.3439,767.37506,436.30847,1844.4615,1489.188,-392.91876,2269.8809,584.0901,717.12994,2406.3943,1294.8588,143.14557,2716.7878,331.21698,936.6537,2420.7273,1222.938,224.84497,2761.1113,250.67531,974.2916,2529.3118,1379.3783,479.24716,2952.2527,407.4072,1013.4999
IMG_5994 copy.JPG,728.18854,729.16833,232.47983,731.38434,674.4927,187.4402,736.22766,671.8172,187.244,741.19476,668.8873,187.12846,735.51086,673.8258,306.6186,743.1552,670.61865,306.3575,751.1667,666.8369,306.23468,808.7079,663.4297,52.566044,820.98425,658.4846,576.46124,766.56647,763.29004,192.64587,770.6072,758.3207,341.86176,924.4976,777.67865,-403.45395,1059.357,767.7357,961.7092,574.8772,900.5308,-796.4152,1103.5281,1116.2463,1170.765,188.68484,1069.4037,-681.0953,1025.5646,1507.0497,967.3258,87.929,1098.2584,-817.7773,945.8341,1531.5919,1009.9255,89.77416,1085.2695,-697.1116,934.22266,1530.808,849.3508,126.28102,1076.2454,-636.7012,962.3082,1526.8281,892.6323,1755.6744,878.6007,-438.1293,1775.3439,767.37506,436.30847,1844.4615,1489.188,-392.91876,2269.8809,584.0901,717.12994,2406.3943,1294.8588,143.14557,2716.7878,331.21698,936.6537,2420.7273,1222.938,224.84497,2761.1113,250.67531,974.2916,2529.3118,1379.3783,479.24716,2952.2527,407.4072,1013.4999
IMG_5994.JPG,728.18854,729.16833,232.47983,731.38434,674.4927,187.4402,736.22766,671.8172,187.244,741.19476,668.8873,187.12846,735.51086,673.8258,306.6186,743.1552,670.61865,306.3575,751.1667,666.8369,306.23468,808.7079,663.4297,52.566044,820.98425,658.4846,576.46124,766.56647,763.29004,192.64587,770.6072,758.3207,341.86176,924.4976,777.67865,-403.45395,1059.357,767.7357,961.7092,574.8772,900.5308,-796.4152,1103.5281,1116.2463,1170.765,188.68484,1069.4037,-681.0953,1025.5646,1507.0497,967.3258,87.929,1098.2584,-817.7773,945.8341,1531.5919,1009.9255,89.77416,1085.2695,-697.1116,934.22266,1530.808,849.3508,126.28102,1076.2454,-636.7012,962.3082,1526.8281,892.6323,1755.6744,878.6007,-438.1293,1775.3439,767.37506,436.30847,1844.4615,1489.188,-392.91876,2269.8809,584.0901,717.12994,2406.3943,1294.8588,143.14557,2716.7878,331.21698,936.6537,2420.7273,1222.938,224.84497,2761.1113,250.67531,974.2916,2529.3118,1379.3783,479.24716,2952.2527,407.4072,1013.4999
IMG_5996.JPG,530.7888,491.49286,1343.643,538.2417,434.17706,1326.882,539.6274,429.37973,1326.9828,540.65875,423.25046,1327.1602,545.1276,434.43735,1460.0428,551.74243,429.91736,1459.7671,558.0368,423.7007,1459.8635,577.5203,405.69983,1170.0828,601.4815,400.15854,1751.5885,552.3361,521.4054,1274.9081,560.32574,521.4243,1441.5168,611.37805,511.73743,569.0795,892.0787,547.21576,1948.9182,359.21625,617.8319,504.1565,1016.3995,892.81177,2335.5632,78.30194,739.4106,1251.7095,962.7039,1221.3284,2360.0212,0.29257774,735.94366,1262.7765,889.8233,1239.9238,2387.803,38.587845,723.59766,1265.9261,872.1561,1248.2963,2276.4238,78.999344,726.1353,1274.2264,898.9163,1243.6221,2313.9927,1305.3431,736.09595,-409.98035,1436.6133,682.2503,409.03162,1440.6442,1350.8718,-1041.0039,2095.4763,571.5561,-669.02795,2038.127,1452.2727,-1520.6782,2742.054,372.72656,-1989.285,2156.278,1217.4708,-1570.3663,2862.892,302.6326,-2136.0525,2126.1194,1383.6986,-1761.446,2913.1353,416.8828,-2462.9634
IMG_5999.JPG,832.9005,736.76245,1060.5441,819.70624,697.699,1093.341,818.43915,692.3417,1093.3207,816.8879,687.21564,1093.56,829.48724,701.87604,1171.5471,835.8539,699.4344,1171.4491,843.5966,696.69183,1171.3303,838.15594,670.2663,1080.2015,881.71704,683.3287,1429.1954,859.6151,734.6341,1032.5603,871.331,744.26184,1133.7865,896.006,667.377,692.8021,1066.4019,757.1002,1441.4907,686.2283,753.9747,249.78453,1201.7533,1028.6742,1514.9098,400.98572,774.01135,197.2392,1175.2411,1317.2158,1408.351,346.82336,759.9294,165.01027,1153.1587,1359.8759,1426.839,364.4374,745.60455,198.26956,1138.7527,1367.4896,1390.4414,390.32272,750.7567,212.64653,1149.9644,1356.6453,1393.2122,1388.9413,878.1599,-236.52483,1457.755,874.37866,233.81189,1503.4713,1315.4386,-908.9454,1779.8512,960.8892,-148.22873,1874.7628,1180.2977,-1956.7721,2256.0554,609.44617,-1552.2766,1923.2924,1095.3105,-2067.7017,2261.4954,535.7215,-1710.4199,1986.1537,1362.4308,-2242.6326,2433.4656,638.83185,-1851.0575
IMG_6001.JPG,951.3417,511.18582,1654.279,947.33734,462.13013,1659.7408,942.2717,461.54993,1660.0763,936.0558,459.54492,1660.5037,968.1944,458.7853,1740.8848,979.0113,455.31406,1740.8304,989.97,452.865,1740.6326,949.56146,451.74057,1483.6396,1033.6361,444.04132,1855.1373,988.19714,516.3183,1570.2515,995.493,520.3011,1676.9375,937.24255,494.17566,909.61395,1223.2487,530.7166,1760.7681,738.8821,587.36066,436.5102,1277.6168,825.8175,1806.1411,501.98862,549.238,409.75998,1252.7802,1173.7095,1795.9023,438.122,492.57593,393.58554,1229.4258,1217.4243,1842.0088,455.09845,472.4162,432.2493,1215.4839,1211.4811,1793.0944,477.33423,493.42783,436.04105,1227.9473,1194.9689,1780.3226,1347.1559,827.43945,-288.91226,1511.513,771.0976,285.18875,1404.3329,1315.7301,-366.4897,1889.9028,792.3119,210.47513,1760.6285,1253.2865,-2068.1592,2307.6895,637.64624,-1966.999,1809.4279,1202.8446,-2245.3225,2291.1482,580.7129,-2208.7446,1906.5902,1436.6345,-2228.3643,2513.6257,664.13574,-2328.2026
IMG_6008 copy 2.JPG,2007.8336,502.19806,-1117.9681,2008.124,460.2045,-1088.4749,2011.2236,457.41055,-1088.4686,2014.5618,454.772,-1088.8885,1985.3942,459.95612,-1178.9868,1972.6536,456.52527,-1179.3304,1958.9482,452.83896,-1179.4407,1977.5037,437.89584,-840.8643,1905.2025,435.6062,-1257.1614,1998.2672,523.61914,-1012.8575,1966.976,519.27155,-1134.026,1936.1991,501.92288,-563.6536,1728.7429,559.28296,-1275.8428,2115.0881,553.6662,-371.02792,1765.7982,837.77563,-1323.5509,2427.3992,590.81366,-449.7667,1831.7059,1079.0867,-1377.4409,2493.9617,585.37354,-513.01,1897.772,1107.577,-1537.1849,2497.444,575.0122,-602.10187,1904.3268,1096.728,-1519.4177,2326.5056,571.7441,-495.3943,1877.5974,1085.3619,-1379.9006,1459.3163,690.456,226.49971,1393.3411,621.9312,-226.88335,1410.272,998.5917,332.1578,1064.7745,522.16205,17.207172,1130.0286,954.25415,1080.3558,787.6868,410.85425,531.2888,1108.7781,906.6071,1155.2186,766.8158,378.38184,579.43164,989.64954,1004.15076,1091.0225,614.0908,486.3399,360.86
IMG_6008 copy 3.JPG,2007.8336,502.19806,-1117.9681,2008.124,460.2045,-1088.4749,2011.2236,457.41055,-1088.4686,2014.5618,454.772,-1088.8885,1985.3942,459.95612,-1178.9868,1972.6536,456.52527,-1179.3304,1958.9482,452.83896,-1179.4407,1977.5037,437.89584,-840.8643,1905.2025,435.6062,-1257.1614,1998.2672,523.61914,-1012.8575,1966.976,519.27155,-1134.026,1936.1991,501.92288,-563.6536,1728.7429,559.28296,-1275.8428,2115.0881,553.6662,-371.02792,1765.7982,837.77563,-1323.5509,2427.3992,590.81366,-449.7667,1831.7059,1079.0867,-1377.4409,2493.9617,585.37354,-513.01,1897.772,1107.577,-1537.1849,2497.444,575.0122,-602.10187,1904.3268,1096.728,-1519.4177,2326.5056,571.7441,-495.3943,1877.5974,1085.3619,-1379.9006,1459.3163,690.456,226.49971,1393.3411,621.9312,-226.88335,1410.272,998.5917,332.1578,1064.7745,522.16205,17.207172,1130.0286,954.25415,1080.3558,787.6868,410.85425,531.2888,1108.7781,906.6071,1155.2186,766.8158,378.38184,579.43164,989.64954,1004.15076,1091.0225,614.0908,486.3399,360.86
IMG_6008 copy 4.JPG,2007.8336,502.19806,-1117.9681,2008.124,460.2045,-1088.4749,2011.2236,457.41055,-1088.4686,2014.5618,454.772,-1088.8885,1985.3942,459.95612,-1178.9868,1972.6536,456.52527,-1179.3304,1958.9482,452.83896,-1179.4407,1977.5037,437.89584,-840.8643,1905.2025,435.6062,-1257.1614,1998.2672,523.61914,-1012.8575,1966.976,519.27155,-1134.026,1936.1991,501.92288,-563.6536,1728.7429,559.28296,-1275.8428,2115.0881,553.6662,-371.02792,1765.7982,837.77563,-1323.5509,2427.3992,590.81366,-449.7667,1831.7059,1079.0867,-1377.4409,2493.9617,585.37354,-513.01,1897.772,1107.577,-1537.1849,2497.444,575.0122,-602.10187,1904.3268,1096.728,-1519.4177,2326.5056,571.7441,-495.3943,1877.5974,1085.3619,-1379.9006,1459.3163,690.456,226.49971,1393.3411,621.9312,-226.88335,1410.272,998.5917,332.1578,1064.7745,522.16205,17.207172,1130.0286,954.25415,1080.3558,787.6868,410.85425,531.2888,1108.7781,906.6071,1155.2186,766.8158,378.38184,579.43164,989.64954,1004.15076,1091.0225,614.0908,486.3399,360.86
IMG_6008 copy 5.JPG,2007.8336,502.19806,-1117.9681,2008.124,460.2045,-1088.4749,2011.2236,457.41055,-1088.4686,2014.5618,454.772,-1088.8885,1985.3942,459.95612,-1178.9868,1972.6536,456.52527,-1179.3304,1958.9482,452.83896,-1179.4407,1977.5037,437.89584,-840.8643,1905.2025,435.6062,-1257.1614,1998.2672,523.61914,-1012.8575,1966.976,519.27155,-1134.026,1936.1991,501.92288,-563.6536,1728.7429,559.28296,-1275.8428,2115.0881,553.6662,-371.02792,1765.7982,837.77563,-1323.5509,2427.3992,590.81366,-449.7667,1831.7059,1079.0867,-1377.4409,2493.9617,585.37354,-513.01,1897.772,1107.577,-1537.1849,2497.444,575.0122,-602.10187,1904.3268,1096.728,-1519.4177,2326.5056,571.7441,-495.3943,1877.5974,1085.3619,-1379.9006,1459.3163,690.456,226.49971,1393.3411,621.9312,-226.88335,1410.272,998.5917,332.1578,1064.7745,522.16205,17.207172,1130.0286,954.25415,1080.3558,787.6868,410.85425,531.2888,1108.7781,906.6071,1155.2186,766.8158,378.38184,579.43164,989.64954,1004.15076,1091.0225,614.0908,486.3399,360.86
IMG_6008 copy.JPG,2007.8336,502.19806,-1117.9681,2008.124,460.2045,-1088.4749,2011.2236,457.41055,-1088.4686,2014.5618,454.772,-1088.8885,1985.3942,459.95612,-1178.9868,1972.6536,456.52527,-1179.3304,1958.9482,452.83896,-1179.4407,1977.5037,437.89584,-840.8643,1905.2025,435.6062,-1257.1614,1998.2672,523.61914,-1012.8575,1966.976,519.27155,-1134.026,1936.1991,501.92288,-563.6536,1728.7429,559.28296,-1275.8428,2115.0881,553.6662,-371.02792,1765.7982,837.77563,-1323.5509,2427.3992,590.81366,-449.7667,1831.7059,1079.0867,-1377.4409,2493.9617,585.37354,-513.01,1897.772,1107.577,-1537.1849,2497.444,575.0122,-602.10187,1904.3268,1096.728,-1519.4177,2326.5056,571.7441,-495.3943,1877.5974,1085.3619,-1379.9006,1459.3163,690.456,226.49971,1393.3411,621.9312,-226.88335,1410.272,998.5917,332.1578,1064.7745,522.16205,17.207172,1130.0286,954.25415,1080.3558,787.6868,410.85425,531.2888,1108.7781,906.6071,1155.2186,766.8158,378.38184,579.43164,989.64954,1004.15076,1091.0225,614.0908,486.3399,360.86
IMG_6008.JPG,2007.8336,502.19806,-1117.9681,2008.124,460.2045,-1088.4749,2011.2236,457.41055,-1088.4686,2014.5618,454.772,-1088.8885,1985.3942,459.95612,-1178.9868,1972.6536,456.52527,-1179.3304,1958.9482,452.83896,-1179.4407,1977.5037,437.89584,-840.8643,1905.2025,435.6062,-1257.1614,1998.2672,523.61914,-1012.8575,1966.976,519.27155,-1134.026,1936.1991,501.92288,-563.6536,1728.7429,559.28296,-1275.8428,2115.0881,553.6662,-371.02792,1765.7982,837.77563,-1323.5509,2427.3992,590.81366,-449.7667,1831.7059,1079.0867,-1377.4409,2493.9617,585.37354,-513.01,1897.772,1107.577,-1537.1849,2497.444,575.0122,-602.10187,1904.3268,1096.728,-1519.4177,2326.5056,571.7441,-495.3943,1877.5974,1085.3619,-1379.9006,1459.3163,690.456,226.49971,1393.3411,621.9312,-226.88335,1410.272,998.5917,332.1578,1064.7745,522.16205,17.207172,1130.0286,954.25415,1080.3558,787.6868,410.85425,531.2888,1108.7781,906.6071,1155.2186,766.8158,378.38184,579.43164,989.64954,1004.15076,1091.0225,614.0908,486.3399,360.86
IMG_6024 copy 2.JPG,797.7338,449.6385,-255.21507,741.2689,424.51028,-353.6351,739.9378,420.82544,-353.4718,738.6709,416.9531,-353.4279,744.28546,415.75687,-211.40297,745.30145,406.38086,-211.60455,746.9576,396.83307,-212.01418,758.3419,367.6838,-564.8602,775.1177,346.2117,65.03603,843.8201,440.90662,-301.19128,848.74194,430.7671,-119.74266,942.8932,362.58505,-804.12415,1103.012,211.30144,501.7595,537.3378,519.3571,-1267.091,1244.0024,612.1273,753.6352,73.44949,594.2824,-1231.6001,1192.0184,1007.83795,437.25555,-28.662338,600.8887,-1384.637,1118.532,1021.2958,418.8546,-31.531258,578.36145,-1283.8911,1106.5481,1033.0284,269.54507,-0.8020973,577.8018,-1197.2224,1138.2167,1024.2964,365.98166,1836.7756,485.76822,-415.70337,1848.1691,364.85904,413.0676,1907.5466,1024.9519,99.870964,2380.512,328.4439,869.353,2473.1167,850.9812,1048.6876,2845.3333,141.62651,1351.7332,2526.7202,786.6346,1160.5516,2910.2385,83.83074,1410.7286,2569.1484,984.9672,1322.5282,3002.3838,236.18987,1386.7704
IMG_6024 copy 3.JPG,797.7338,449.6385,-255.21507,741.2689,424.51028,-353.6351,739.9378,420.82544,-353.4718,738.6709,416.9531,-353.4279,744.28546,415.75687,-211.40297,745.30145,406.38086,-211.60455,746.9576,396.83307,-212.01418,758.3419,367.6838,-564.8602,775.1177,346.2117,65.03603,843.8201,440.90662,-301.19128,848.74194,430.7671,-119.74266,942.8932,362.58505,-804.12415,1103.012,211.30144,501.7595,537.3378,519.3571,-1267.091,1244.0024,612.1273,753.6352,73.44949,594.2824,-1231.6001,1192.0184,1007.83795,437.25555,-28.662338,600.8887,-1384.637,1118.532,1021.2958,418.8546,-31.531258,578.36145,-1283.8911,1106.5481,1033.0284,269.54507,-0.8020973,577.8018,-1197.2224,1138.2167,1024.2964,365.98166,1836.7756,485.76822,-415.70337,1848.1691,364.85904,413.0676,1907.5466,1024.9519,99.870964,2380.512,328.4439,869.353,2473.1167,850.9812,1048.6876,2845.3333,141.62651,1351.7332,2526.7202,786.6346,1160.5516,2910.2385,83.83074,1410.7286,2569.1484,984.9672,1322.5282,3002.3838,236.18987,1386.7704
IMG_6024 copy 4.JPG,797.7338,449.6385,-255.21507,741.2689,424.51028,-353.6351,739.9378,420.82544,-353.4718,738.6709,416.9531,-353.4279,744.28546,415.75687,-211.40297,745.30145,406.38086,-211.60455,746.9576,396.83307,-212.01418,758.3419,367.6838,-564.8602,775.1177,346.2117,65.03603,843.8201,440.90662,-301.19128,848.74194,430.7671,-119.74266,942.8932,362.58505,-804.12415,1103.012,211.30144,501.7595,537.3378,519.3571,-1267.091,1244.0024,612.1273,753.6352,73.44949,594.2824,-1231.6001,1192.0184,1007.83795,437.25555,-28.662338,600.8887,-1384.637,1118.532,1021.2958,418.8546,-31.531258,578.36145,-1283.8911,1106.5481,1033.0284,269.54507,-0.8020973,577.8018,-1197.2224,1138.2167,1024.2964,365.98166,1836.7756,485.76822,-415.70337,1848.1691,364.85904,413.0676,1907.5466,1024.9519,99.870964,2380.512,328.4439,869.353,2473.1167,850.9812,1048.6876,2845.3333,141.62651,1351.7332,2526.7202,786.6346,1160.5516,2910.2385,83.83074,1410.7286,2569.1484,984.9672,1322.5282,3002.3838,236.18987,1386.7704
IMG_6024 copy 5.JPG,797.7338,449.6385,-255.21507,741.2689,424.51028,-353.6351,739.9378,420.82544,-353.4718,738.6709,416.9531,-353.4279,744.28546,415.75687,-211.40297,745.30145,406.38086,-211.60455,746.9576,396.83307,-212.01418,758.3419,367.6838,-564.8602,775.1177,346.2117,65.03603,843.8201,440.90662,-301.19128,848.74194,430.7671,-119.74266,942.8932,362.58505,-804.12415,1103.012,211.30144,501.7595,537.3378,519.3571,-1267.091,1244.0024,612.1273,753.6352,73.44949,594.2824,-1231.6001,1192.0184,1007.83795,437.25555,-28.662338,600.8887,-1384.637,1118.532,1021.2958,418.8546,-31.531258,578.36145,-1283.8911,1106.5481,1033.0284,269.54507,-0.8020973,577.8018,-1197.2224,1138.2167,1024.2964,365.98166,1836.7756,485.76822,-415.70337,1848.1691,364.85904,413.0676,1907.5466,1024.9519,99.870964,2380.512,328.4439,869.353,2473.1167,850.9812,1048.6876,2845.3333,141.62651,1351.7332,2526.7202,786.6346,1160.5516,2910.2385,83.83074,1410.7286,2569.1484,984.9672,1322.5282,3002.3838,236.18987,1386.7704
IMG_6024 copy 6.JPG,797.7338,449.6385,-255.21507,741.2689,424.51028,-353.6351,739.9378,420.82544,-353.4718,738.6709,416.9531,-353.4279,744.28546,415.75687,-211.40297,745.30145,406.38086,-211.60455,746.9576,396.83307,-212.01418,758.3419,367.6838,-564.8602,775.1177,346.2117,65.03603,843.8201,440.90662,-301.19128,848.74194,430.7671,-119.74266,942.8932,362.58505,-804.12415,1103.012,211.30144,501.7595,537.3378,519.3571,-1267.091,1244.0024,612.1273,753.6352,73.44949,594.2824,-1231.6001,1192.0184,1007.83795,437.25555,-28.662338,600.8887,-1384.637,1118.532,1021.2958,418.8546,-31.531258,578.36145,-1283.8911,1106.5481,1033.0284,269.54507,-0.8020973,577.8018,-1197.2224,1138.2167,1024.2964,365.98166,1836.7756,485.76822,-415.70337,1848.1691,364.85904,413.0676,1907.5466,1024.9519,99.870964,2380.512,328.4439,869.353,2473.1167,850.9812,1048.6876,2845.3333,141.62651,1351.7332,2526.7202,786.6346,1160.5516,2910.2385,83.83074,1410.7286,2569.1484,984.9672,1322.5282,3002.3838,236.18987,1386.7704
IMG_6024 copy 7.JPG,797.7338,449.6385,-255.21507,741.2689,424.51028,-353.6351,739.9378,420.82544,-353.4718,738.6709,416.9531,-353.4279,744.28546,415.75687,-211.40297,745.30145,406.38086,-211.60455,746.9576,396.83307,-212.01418,758.3419,367.6838,-564.8602,775.1177,346.2117,65.03603,843.8201,440.90662,-301.19128,848.74194,430.7671,-119.74266,942.8932,362.58505,-804.12415,1103.012,211.30144,501.7595,537.3378,519.3571,-1267.091,1244.0024,612.1273,753.6352,73.44949,594.2824,-1231.6001,1192.0184,1007.83795,437.25555,-28.662338,600.8887,-1384.637,1118.532,1021.2958,418.8546,-31.531258,578.36145,-1283.8911,1106.5481,1033.0284,269.54507,-0.8020973,577.8018,-1197.2224,1138.2167,1024.2964,365.98166,1836.7756,485.76822,-415.70337,1848.1691,364.85904,413.0676,1907.5466,1024.9519,99.870964,2380.512,328.4439,869.353,2473.1167,850.9812,1048.6876,2845.3333,141.62651,1351.7332,2526.7202,786.6346,1160.5516,2910.2385,83.83074,1410.7286,2569.1484,984.9672,1322.5282,3002.3838,236.18987,1386.7704
IMG_6024 copy.JPG,797.7338,449.6385,-255.21507,741.2689,424.51028,-353.6351,739.9378,420.82544,-353.4718,738.6709,416.9531,-353.4279,744.28546,415.75687,-211.40297,745.30145,406.38086,-211.60455,746.9576,396.83307,-212.01418,758.3419,367.6838,-564.8602,775.1177,346.2117,65.03603,843.8201,440.90662,-301.19128,848.74194,430.7671,-119.74266,942.8932,362.58505,-804.12415,1103.012,211.30144,501.7595,537.3378,519.3571,-1267.091,1244.0024,612.1273,753.6352,73.44949,594.2824,-1231.6001,1192.0184,1007.83795,437.25555,-28.662338,600.8887,-1384.637,1118.532,1021.2958,418.8546,-31.531258,578.36145,-1283.8911,1106.5481,1033.0284,269.54507,-0.8020973,577.8018,-1197.2224,1138.2167,1024.2964,365.98166,1836.7756,485.76822,-415.70337,1848.1691,364.85904,413.0676,1907.5466,1024.9519,99.870964,2380.512,328.4439,869.353,2473.1167,850.9812,1048.6876,2845.3333,141.62651,1351.7332,2526.7202,786.6346,1160.5516,2910.2385,83.83074,1410.7286,2569.1484,984.9672,1322.5282,3002.3838,236.18987,1386.7704
IMG_6024.JPG,797.7338,449.6385,-255.21507,741.2689,424.51028,-353.6351,739.9378,420.82544,-353.4718,738.6709,416.9531,-353.4279,744.28546,415.75687,-211.40297,745.30145,406.38086,-211.60455,746.9576,396.83307,-212.01418,758.3419,367.6838,-564.8602,775.1177,346.2117,65.03603,843.8201,440.90662,-301.19128,848.74194,430.7671,-119.74266,942.8932,362.58505,-804.12415,1103.012,211.30144,501.7595,537.3378,519.3571,-1267.091,1244.0024,612.1273,753.6352,73.44949,594.2824,-1231.6001,1192.0184,1007.83795,437.25555,-28.662338,600.8887,-1384.637,1118.532,1021.2958,418.8546,-31.531258,578.36145,-1283.8911,1106.5481,1033.0284,269.54507,-0.8020973,577.8018,-1197.2224,1138.2167,1024.2964,365.98166,1836.7756,485.76822,-415.70337,1848.1691,364.85904,413.0676,1907.5466,1024.9519,99.870964,2380.512,328.4439,869.353,2473.1167,850.9812,1048.6876,2845.3333,141.62651,1351.7332,2526.7202,786.6346,1160.5516,2910.2385,83.83074,1410.7286,2569.1484,984.9672,1322.5282,3002.3838,236.18987,1386.7704
IMG_6029.JPG,754.7254,546.38354,650.2008,726.79926,511.99423,598.3986,724.3478,512.74756,598.6121,721.6857,513.6366,598.8578,738.1114,508.14056,675.22107,745.3417,501.3639,675.10077,751.2114,498.4116,674.85126,734.6803,521.73724,381.46442,783.9241,480.91223,721.4845,782.2339,571.02625,571.7848,797.52356,568.2422,669.08246,837.2602,596.04236,-19.452784,1016.05524,482.9793,847.41034,680.90735,742.0601,-97.24324,1168.272,747.6557,997.4591,487.64117,809.3462,291.91428,1260.4547,1018.04596,818.5504,429.77835,826.00214,280.89548,1240.5212,1046.5153,846.06396,443.18918,801.7924,312.067,1228.1213,1053.1915,736.42554,471.73077,797.9596,318.6486,1240.1836,1042.8298,778.45483,1410.3374,676.00586,-275.4655,1496.1648,550.97205,272.574,1431.3973,1091.4679,-24.39345,1891.2062,595.2768,460.37943,1827.3915,956.61646,-430.9845,2330.367,448.2822,-387.67184,1859.009,871.6499,-459.0892,2387.6877,351.09207,-476.42075,2063.8164,1035.614,-343.48193,2514.8896,558.66815,-531.843
IMG_6030.JPG,1156.4417,521.3169,1871.8308,1121.9249,474.37753,1863.0844,1111.3386,483.04242,1863.5238,1103.0254,483.2101,1863.843,1145.3151,468.16678,1950.8629,1152.7557,465.0258,1950.6996,1163.9712,452.36536,1950.4917,1096.1631,465.47675,1609.7593,1175.738,440.89624,2006.0594,1161.4432,485.62524,1759.462,1188.1449,481.08838,1873.8229,1093.4058,451.59238,917.81647,1361.2578,386.7848,1918.1299,906.33093,601.03973,560.4609,1441.0684,663.0968,2292.6208,693.87335,708.5261,816.4643,1458.2391,930.82574,2768.694,612.32513,732.9053,803.8133,1456.4456,959.4062,2893.7058,631.4363,714.3628,880.34033,1434.9122,968.5501,2863.699,659.6223,708.0241,852.5089,1438.7435,960.5799,2765.7798,1534.9001,551.6721,-293.64148,1677.1467,483.5483,291.5542,1558.8036,1002.4742,-473.26575,2110.7683,517.69885,-223.57204,1983.1053,935.873,-1444.1301,2580.8052,407.68747,-1849.8324,2030.1552,865.844,-1541.6057,2627.7598,400.9175,-2037.5565,2220.445,1055.5605,-1529.1162,2752.82,504.1107,-2290.5334
IMG_6031.JPG,831.9455,488.02136,2421.0203,813.31323,473.74994,2423.0884,804.7744,476.3855,2423.847,796.56866,478.76233,2424.0674,834.46313,463.01132,2463.3406,840.4708,455.71915,2463.1467,846.28973,448.19928,2462.318,782.7428,468.4333,2176.157,850.4957,430.30386,2359.283,828.41943,497.1569,2304.923,849.9712,481.29578,2355.0154,723.5837,532.9014,1504.3455,926.44666,428.70767,2072.8281,547.5024,605.0594,1648.687,974.07587,669.35925,2404.9094,408.36353,667.2088,2406.773,870.0723,876.8348,2886.7104,363.37442,689.109,2505.4912,855.4178,909.5297,3000.8884,381.37903,685.28546,2539.4993,832.7752,938.48773,2955.0186,395.04816,674.2737,2439.2888,832.0758,933.74146,2887.73,1074.4191,596.73444,-204.89514,1233.2405,484.68127,203.28557,1111.6584,1099.7921,-446.59354,1690.4492,617.7822,-537.91833,1551.358,1087.0137,-1614.6035,2237.1868,500.34747,-2179.6501,1626.2612,1008.8438,-1731.0449,2306.2798,503.4259,-2367.4998,1792.9248,1239.7875,-1744.4833,2320.4497,551.4524,-2644.3975
IMG_6037.png,1980.8896,904.5976,-782.25433,2009.2736,897.131,-763.95154,2012.2303,896.37823,-764.1429,2015.821,895.45416,-764.6524,2003.9738,887.63477,-847.11383,2002.6746,880.2077,-847.29315,2001.7465,872.6384,-847.40027,2016.4038,848.1697,-591.3587,1992.1974,824.7118,-971.2353,1960.6194,897.3426,-702.9924,1952.8359,884.82874,-814.04614,1945.8589,796.8678,-396.29376,1816.5536,787.8522,-996.48065,2118.484,901.5503,-285.62674,1763.6263,1010.67664,-1171.7087,2309.971,998.33203,-447.33878,1809.0593,1258.5564,-1202.9642,2293.406,1097.1465,-523.1276,1857.8497,1297.2345,-1330.6736,2286.7534,1079.1108,-582.831,1870.0479,1286.079,-1303.9934,2253.2954,1073.6582,-484.9784,1851.7721,1275.9559,-1199.2891,1551.1465,875.4854,202.19943,1473.6744,814.6228,-202.16675,1547.9634,1187.2233,-62.11053,1192.8083,810.68677,-144.25485,1293.3828,1100.1686,533.8881,908.96216,725.722,221.39615,1257.3271,1048.7726,588.0582,885.4407,679.3229,246.5617,1144.9098,1159.5647,510.04227,801.46173,778.214,26.561975
Screenshot_20230220_022718.png,277.66544,319.37686,-331.73517,282.67093,313.48935,-331.56766,284.0384,313.2002,-331.583,285.5217,312.85852,-331.7351,278.17273,311.60822,-347.06558,276.23584,310.09998,-347.13965,274.3121,308.5742,-347.19998,282.31406,305.05243,-288.40735,267.55676,300.8813,-359.92017,273.90814,319.83896,-309.88177,268.55032,316.7047,-330.92264,276.08322,297.98077,-237.11758,212.97342,310.67352,-338.1868,330.93362,314.05682,-223.93307,214.85274,377.98434,-366.909,395.33365,330.29602,-270.90805,226.91507,445.45197,-397.5581,412.4718,327.29395,-304.4867,239.4349,458.25436,-441.69632,411.06534,327.85123,-319.4179,243.22072,453.74017,-435.29037,404.67957,329.72534,-280.682,239.05872,449.28992,-398.6125,176.96718,333.4081,37.20765,147.47017,319.03748,-37.24613,177.99579,410.65256,45.63255,81.89636,315.48325,108.81062,118.234085,406.55157,235.18202,29.880167,293.69012,318.61487,112.42452,398.93753,255.51884,22.864624,283.28668,338.30557,88.52095,417.97372,235.14377,7.208101,310.63055,293.37155
Screenshot_20230220_022743.png,299.68738,303.5993,-268.1505,306.70963,298.39178,-273.30972,307.9224,297.3515,-273.31583,309.08035,296.26245,-273.41736,302.86194,298.199,-286.86407,301.3229,297.18823,-286.92947,299.7291,296.23114,-286.9787,307.1919,282.00653,-251.92986,295.41718,285.29785,-317.192,295.88672,299.26968,-254.43863,291.0346,299.0195,-273.47134,304.7867,251.24303,-214.70221,235.37102,276.1804,-307.81247,357.74292,287.3248,-199.6762,228.60236,335.66016,-369.1644,415.43903,319.47836,-239.68758,239.20471,399.4995,-414.87885,432.09433,325.10724,-266.87686,251.61075,410.35336,-454.72577,430.94672,330.03506,-282.85547,259.2563,406.34222,-448.9134,424.4886,329.2728,-249.02354,255.1175,402.6487,-416.17084,187.51862,269.78204,42.226536,153.8742,264.8674,-42.30736,189.01642,321.7481,166.81099,84.7286,248.7008,69.52591,142.53624,310.42984,321.57886,17.39112,202.81876,190.14584,134.76358,312.01416,336.84653,13.778021,190.86366,201.18513,122.8169,318.4939,343.3151,-5.6250215,215.6862,171.2719
Screenshot_20230220_022953.png,322.52164,357.36615,-272.51205,331.42767,349.30017,-279.0142,332.57336,347.96707,-279.01028,333.41818,346.44003,-279.1179,326.02515,349.93634,-300.07712,323.8325,349.31784,-300.01685,321.57596,348.74112,-300.02374,324.71213,335.51608,-258.93805,312.39484,342.14767,-357.89108,315.272,353.83463,-258.0606,310.58856,354.97815,-287.04886,312.7257,311.8524,-195.13652,260.41034,353.9473,-378.96255,369.66345,338.91562,-179.96104,259.99796,405.52658,-465.1066,429.63956,377.7241,-257.37668,269.55627,463.43088,-532.4334,451.7582,381.69186,-293.49338,281.42276,476.95477,-587.4693,448.91684,391.2407,-314.54404,286.84534,472.74506,-584.0192,441.48557,391.1137,-271.56345,283.1937,467.62448,-536.44244,188.68744,308.34744,84.38839,158.18562,316.89822,-84.500275,197.27675,384.37805,228.85678,89.69812,295.4885,34.33815,128.91388,348.75323,450.89615,15.040732,251.24988,197.54881,120.79766,340.05182,471.91592,11.141342,240.33922,211.57748,106.52899,360.06427,460.24942,-12.743252,266.95685,146.33524
Screenshot_20230220_023118.png,314.22678,284.71692,-18.983902,320.3802,280.7106,-10.380182,320.53973,280.34158,-10.381878,320.77118,279.93317,-10.381085,319.87402,279.19205,-34.72179,319.55215,277.79056,-34.749775,319.27722,276.33716,-34.78116,317.22562,270.87485,36.831993,315.58524,268.67975,-76.19867,309.17194,284.5779,0.5096961,308.53928,282.70834,-32.727318,286.24207,267.5133,102.302284,287.28833,269.29764,-138.09286,334.48444,282.5485,155.0931,286.36874,317.45685,-191.76613,373.23773,293.531,122.61681,291.15237,364.32474,-181.74744,387.85687,293.10806,116.60424,300.77652,371.9712,-205.68387,387.7065,293.34433,101.253716,302.10956,369.27908,-195.14319,383.29916,294.1092,112.64458,297.98004,367.18375,-176.78226,193.62486,306.33453,76.35203,190.70825,291.55426,-76.40169,192.33989,369.19333,4.5374446,116.58567,293.8494,-159.87358,125.75887,365.54776,88.74289,36.69214,266.84637,-156.87991,117.56945,353.622,94.85355,26.87738,256.2961,-158.33244,93.3759,381.76562,64.99654,2.9448726,289.55893,-227.81087
Screenshot_20230220_023240.png,314.39282,324.956,-39.96402,320.11954,319.60596,-31.208866,320.26346,319.19415,-31.219309,320.4392,318.73492,-31.215342,319.11533,318.5092,-56.03698,318.51337,317.3534,-56.061886,317.93387,316.17612,-56.102013,314.2895,310.73288,14.830961,310.73538,308.45187,-100.804405,308.15417,326.08527,-20.729109,307.26212,324.44165,-54.524597,290.19867,311.56076,75.1812,278.9925,311.54456,-155.57002,335.78928,323.8301,106.36371,298.5233,349.9697,-214.03435,379.22885,328.31686,50.358192,315.4136,398.80405,-207.6148,393.2698,326.06985,41.524925,328.53156,404.3165,-233.01761,393.82562,325.97775,26.96693,331.8109,401.84232,-219.01845,389.6348,326.84738,40.04824,327.04727,400.81787,-202.00258,190.52243,349.96518,74.5293,179.26372,339.1312,-74.551056,195.84398,411.81857,40.080204,105.640656,352.23007,-90.82073,124.668236,406.74307,131.21446,26.950954,335.8111,-42.960354,114.99787,397.5481,138.00978,15.106272,327.27094,-41.510647,108.149315,431.82913,114.28138,4.60224,366.00784,-112.68545
SupermanFinish.JPG,422.56802,547.8781,137.90503,404.5055,530.6644,116.950775,404.30988,527.5318,116.939125,404.5545,524.36615,116.927826,406.2818,531.98804,174.77289,407.09442,530.2333,174.7003,408.2723,528.44556,174.57697,418.35098,505.14413,47.793007,424.11316,511.62036,305.9054,439.08353,543.82263,115.24991,443.31934,547.5537,189.47433,477.05188,493.2954,-120.98306,541.749,513.9383,445.9648,295.25546,560.8503,-324.58307,621.85767,650.626,574.2552,122.16814,594.3405,-297.5836,584.7568,786.5602,432.10187,73.437004,595.8158,-352.21057,550.021,798.98676,442.7362,76.44537,587.9309,-313.17438,543.8975,800.48615,374.67575,92.83885,588.5759,-284.5543,555.31696,798.3208,400.20605,848.0487,563.3002,-195.58606,867.0148,546.2278,194.65582,865.9389,826.7798,-190.67299,1087.0099,544.73474,313.53662,1107.4283,778.5257,-14.281043,1321.146,441.79712,403.6265,1137.1914,730.9822,10.434777,1345.7013,400.9807,418.04083,1216.5765,844.53357,66.54932,1441.7924,503.05862,415.42795
Young-Female-Practicing-Yoga-With-A-Bird-Dog-Yoga-Pose.jpg,811.6946,288.6407,-69.490105,825.3027,277.2158,-61.482777,825.14856,275.9732,-61.54933,824.9205,274.43088,-61.575943,823.35785,274.6382,-107.08846,821.7807,271.50928,-107.12126,820.3046,268.1375,-107.20146,808.22314,254.31836,8.263966,804.0671,250.08562,-205.45952,794.3265,287.07462,-37.083668,792.2042,284.306,-99.68557,728.05164,255.44548,101.93767,711.40497,265.4035,-293.92123,856.62744,264.31177,139.59296,713.7322,388.24222,-382.47202,969.572,262.45108,75.88549,702.8798,525.77136,-357.8148,1006.463,262.95685,55.882584,731.85785,537.41016,-402.17184,1006.56915,265.25626,34.57894,738.6116,533.8139,-372.70395,994.38214,265.13126,60.263557,729.8405,530.2689,-345.97842,485.0205,317.8903,132.01474,465.88434,291.50375,-132.1156,479.02936,494.02344,137.60744,280.2247,264.95322,-81.54302,309.9728,463.66254,326.21347,110.36678,237.77283,37.6728,278.7024,437.5049,341.3936,76.71898,217.21881,44.36967,258.5835,513.6958,310.27765,83.938126,315.87753,-72.16258
advanced-bird-dog-exercise.jpg,546.29956,163.16747,3.4304643,555.0765,153.71126,11.878237,555.15875,152.88991,11.855001,555.2052,151.84137,11.824024,553.25665,151.9785,-17.751583,552.129,150.23466,-17.762941,550.856,148.41856,-17.780304,543.0345,139.56133,63.03007,537.6952,137.62599,-76.60627,536.1632,164.91101,25.400118,533.9911,162.9529,-15.609132,497.11792,138.53592,121.8186,485.41696,146.59149,-141.83258,582.86426,128.75685,152.96344,520.10846,235.16512,-202.47067,656.7336,124.844444,112.05828,544.8311,307.99533,-191.13405,674.65753,119.21961,99.5697,568.37256,311.46902,-223.07883,675.23224,121.238464,80.825264,574.19965,306.67462,-198.10298,668.8832,123.26254,100.27174,568.87646,305.31433,-181.7671,330.2286,190.55582,84.67536,320.77414,161.14165,-84.87657,304.7605,303.822,-8.386905,192.6825,136.287,-139.19159,180.70148,297.66925,93.67661,74.296936,78.384056,-103.57324,168.55777,281.72086,100.468575,61.61495,60.2588,-100.97365,111.26225,314.6511,55.8702,10.012032,97.65835,-185.91727
beautiful-sporty-girl-practices-yoga-260nw-260678060.jpg,114.038445,148.29376,79.3613,110.08486,142.67459,75.34084,110.277374,141.83789,75.34685,110.55991,140.79706,75.32639,110.50342,143.05652,92.67946,110.90222,142.55902,92.657394,111.37987,141.9112,92.65638,116.27262,135.37572,59.5495,117.424065,136.77142,136.29118,119.63923,148.08673,73.32938,119.89185,148.65536,95.3679,136.41876,137.39182,-2.6238518,148.40147,145.40509,177.89458,94.20844,139.32343,-42.3276,150.35693,182.78644,242.21425,50.055637,138.85745,-1.8396746,139.94653,217.97028,252.83995,38.317314,134.33092,-8.743478,130.9723,221.01318,266.634,38.45566,131.60645,-3.5950868,129.7947,221.354,252.78221,42.26129,133.03735,0.6225711,133.25728,220.55362,247.00858,217.34732,150.4085,-60.30557,224.95723,146.90881,60.24586,222.40059,214.81732,-54.292088,284.37103,147.40915,79.022766,282.71576,197.72195,-11.043535,345.78665,135.67215,82.80214,293.11963,190.6135,-5.342044,357.06168,128.7802,83.52039,291.47125,223.87825,-7.296422,350.52734,162.59897,70.65977
bird-dog-exercise-1674234348.jpg,272.9977,436.75943,20.122097,273.70175,412.07065,0.76511914,276.51086,410.5459,0.7030781,279.2785,408.97507,0.70933294,272.864,413.39386,49.540085,275.02344,412.8599,49.43798,277.15933,412.04898,49.413456,307.2383,408.5431,-49.521946,304.18607,409.36545,167.4478,294.75494,448.97015,3.8490615,292.19244,449.03726,66.35549,372.6454,464.76202,-234.93172,401.64316,459.1576,323.1446,222.27159,429.13477,-449.06775,427.5904,620.8623,402.03885,67.37673,398.64862,-486.8186,413.11374,769.1685,300.45847,26.992393,392.32275,-556.1161,392.42743,780.2676,324.17844,30.36797,384.71268,-524.4311,390.373,783.4585,249.34099,44.104313,387.24142,-481.17065,398.8668,780.4355,265.57758,683.09467,558.8114,-188.5837,695.8545,530.5362,188.24687,695.15564,788.0278,-178.10568,899.34607,523.60376,260.18823,919.5632,755.2952,71.83722,1114.772,453.3437,311.77048,940.39056,729.9578,106.07052,1135.2568,429.0373,317.9079,1005.56085,801.80304,163.8786,1199.5221,463.99567,290.1871
bird-dog-exercise.jpg,425.8963,160.4178,-262.077,434.8906,152.78806,-254.84224,435.23212,152.11348,-254.85448,435.6218,151.27313,-254.95045,432.96246,150.91104,-285.04117,432.00494,149.22856,-285.08966,430.94867,147.1763,-285.10965,428.81516,139.26389,-193.91653,422.06787,136.25696,-335.46393,416.92078,160.76765,-235.12361,414.8172,157.53212,-276.35693,393.60184,132.45291,-135.8316,356.74707,146.25456,-357.75266,474.68738,130.10294,-122.39639,348.5356,220.98462,-436.3362,548.2672,123.221725,-197.99026,355.4476,293.03027,-463.2467,565.091,119.55045,-231.75891,370.86835,298.5292,-511.825,567.05194,119.592705,-249.32387,376.97925,297.48682,-500.9154,559.8541,121.21343,-211.35538,370.68475,296.2056,-461.58572,267.18024,178.49602,83.24095,241.91855,165.38687,-83.36652,276.8209,276.85056,128.9722,149.56812,156.38087,-22.73321,191.81865,268.78244,352.2516,60.21545,114.67184,141.76534,179.28687,254.96829,373.38638,54.58537,99.94218,156.0432,153.91084,286.16806,352.79526,19.504093,122.93955,79.6904
bird-dog-pose-1-1024x657.jpg,391.0597,237.10422,-435.83588,378.8929,216.88219,-464.40836,381.39438,211.93176,-464.38724,384.3076,206.91974,-464.49963,375.73053,221.39847,-423.35858,375.9702,219.59392,-423.65237,376.8259,217.35866,-423.84027,407.7162,182.55049,-502.71014,397.9893,194.51318,-317.85938,415.38104,232.37793,-440.2662,411.22946,237.61868,-386.77957,512.4993,176.52098,-549.512,459.49243,226.14545,-176.53381,361.88428,215.39934,-777.0426,400.6438,374.66858,-99.647575,173.53741,222.59717,-909.42584,379.49054,520.1111,-221.17792,125.73004,211.18799,-1004.47095,349.6062,535.27246,-254.04254,125.36853,204.00981,-992.8666,348.739,536.59326,-320.2378,141.93811,210.51219,-915.95386,361.37408,533.5157,-255.75961,744.9422,296.45416,-133.45757,712.9486,278.50052,132.68091,745.6751,518.3018,41.54505,788.0365,242.19359,518.0771,851.8763,451.8946,395.35132,888.7351,189.83992,809.77655,861.75964,430.66998,439.45346,913.1457,178.64789,845.9018,883.5902,463.054,544.9268,922.06506,237.46228,927.22766
bird-dog-pose-1.jpg,388.88043,237.42578,-402.46497,377.75146,216.38506,-430.76935,380.41025,211.54816,-430.74225,383.5702,206.69061,-430.81998,374.24072,220.91367,-389.4985,374.41907,219.28462,-389.76,375.17868,217.3666,-389.9605,407.71115,184.00284,-470.64017,395.89804,197.32724,-284.95782,413.6717,233.33922,-407.87238,408.31543,238.75044,-354.24432,510.29034,175.0633,-534.832,463.08502,238.84756,-140.98685,361.8351,219.00635,-788.0951,404.0512,381.83176,-73.50913,185.60336,226.59384,-945.069,384.2597,527.9234,-201.53442,132.61784,213.55457,-1040.7009,353.12228,541.0684,-232.19577,130.17618,207.00075,-1026.4011,353.23633,541.4343,-295.09784,146.8487,214.92937,-950.5912,365.93832,540.0557,-235.6077,759.337,287.4127,-137.29605,724.67303,292.49136,136.50723,758.16797,517.24774,31.828182,794.4929,263.21988,536.1075,860.7269,455.8725,364.00592,904.9635,193.95154,796.5634,873.4676,437.004,405.5031,932.3879,182.51819,828.59393,899.42993,472.89993,491.99017,939.83966,244.68727,885.77203
bird-dog-pose.jpg,347.5155,327.97452,-7.380168,344.68387,302.58038,-31.365807,347.08768,300.67133,-31.46206,349.47754,298.6221,-31.4588,345.69763,302.44998,33.068142,348.47653,300.54208,33.03287,351.04495,298.33215,32.998886,379.44778,292.02283,-104.97382,379.82764,288.10522,183.98225,369.97028,340.10245,-30.95627,371.71002,338.09064,51.89975,448.8973,341.0341,-313.88647,503.02332,327.64398,379.01715,281.68716,362.29218,-527.06433,531.95,472.31104,493.7104,123.84446,365.14435,-502.37088,514.1477,612.26025,345.98947,79.331055,357.63278,-576.2621,481.06735,625.19403,354.03732,81.92235,345.57312,-544.30975,477.9996,628.5439,282.34286,96.14878,346.17737,-492.64767,491.37518,626.8604,309.64542,752.1271,431.82553,-216.90636,774.4055,399.53934,216.23055,745.9666,648.68933,-103.41092,956.9075,366.5125,412.61545,960.434,607.57245,180.9176,1156.7081,262.5553,491.16318,994.7274,572.74713,215.65279,1174.3843,235.4158,503.94498,995.0892,694.03815,223.58116,1263.7052,278.0435,493.68015
bird-dog.jpg,525.9847,663.96375,57.775177,525.35046,631.61914,26.60181,529.2793,629.6424,26.51433,533.24457,627.45386,26.528889,524.60547,631.6667,105.4233,528.03766,630.1656,105.25566,531.5271,628.23157,105.21179,576.46515,624.78656,-58.09522,574.29504,624.2589,292.4605,556.6528,680.0718,29.86696,554.5151,680.4012,130.98743,682.9746,701.99347,-339.92334,722.9386,703.13336,517.38947,454.96698,655.047,-686.5657,754.92,954.79565,642.0126,225.9732,606.72546,-754.6187,740.7034,1171.0361,494.08554,170.02673,593.8808,-857.51807,706.6223,1188.4805,527.80817,175.04211,581.6102,-812.7378,703.7671,1194.0002,418.50934,195.24652,586.8753,-747.4142,718.1905,1189.3549,442.5859,1163.7495,850.977,-280.1842,1178.0442,819.9112,279.53296,1163.789,1202.8281,-241.78827,1486.4249,803.79535,401.4343,1497.8334,1139.2972,119.117004,1817.8627,698.6008,526.70276,1529.1757,1096.4398,168.26031,1849.698,667.97797,541.3845,1634.8225,1210.986,249.56302,1948.917,731.5736,511.9574
blog_birddog.jpg,749.0438,341.81973,-182.95709,758.73016,327.81152,-165.70908,758.8846,326.88113,-165.74048,759.14276,325.74506,-165.8176,755.241,324.24487,-218.52301,752.8608,320.94934,-218.58083,750.71967,317.66943,-218.67517,743.3596,308.78357,-62.199135,733.91156,303.2189,-307.11517,735.0568,344.45248,-139.14291,730.7488,340.09555,-210.93071,683.50793,315.5653,56.379475,641.63586,329.2031,-389.69562,801.7272,330.84814,159.10072,637.03754,447.67804,-481.32254,898.0999,328.6666,114.30344,642.47284,568.36926,-465.6369,921.69824,319.17575,95.231995,660.39606,586.32294,-522.65356,922.8413,316.21997,66.804504,669.6484,582.13184,-502.84702,914.6457,319.0833,95.88416,663.16064,577.6243,-458.2559,457.75934,371.88394,137.943,436.82803,345.1366,-138.10916,452.48404,540.63495,-27.911419,259.09488,323.89642,-185.52678,292.81656,544.34534,199.0043,89.14244,307.5249,-64.73697,273.8922,516.51556,216.87878,65.14105,289.60657,-59.615772,205.98749,568.4693,133.58101,29.651524,372.94696,-230.5616
dsc_0038.jpg,201.26494,182.84793,78.38389,196.99104,168.15005,64.66422,198.10504,167.36305,64.67382,199.34825,166.4814,64.677055,198.01118,167.0463,97.59018,199.92514,165.65489,97.547455,202.04993,164.04066,97.51459,216.85051,161.05368,25.84873,219.55869,157.11551,170.6729,214.88583,188.84555,66.37522,215.86685,187.48071,108.09411,259.20792,183.58914,-72.476715,287.77597,173.73372,253.62798,160.91402,223.9874,-170.47055,304.9289,263.08136,313.04422,61.67723,234.01962,-156.04964,281.36295,336.55176,240.25937,43.239044,234.2959,-188.74133,262.13614,343.20364,245.51845,43.26809,228.17216,-168.6398,256.9881,343.8533,208.48286,48.160248,228.28918,-149.25504,264.09796,342.04504,222.89311,454.35208,222.94888,-107.38515,467.01065,198.1076,106.94763,470.10623,372.51288,-102.46794,607.43115,200.51958,143.43262,617.0117,348.7801,-7.8971,752.2612,161.18076,175.16089,630.84894,327.19147,7.2992625,768.6851,144.18729,179.90163,671.69336,377.79523,47.203842,769.4643,212.69644,159.2643
extendedhandsandknees_birddogs-5c54994d46e0fb0001be65a0.jpg,1081.4359,548.8286,-119.67442,1093.6285,534.39905,-104.33533,1093.6005,533.32465,-104.430824,1093.6327,531.8571,-104.4779,1090.2201,531.0667,-163.47636,1087.4836,527.7602,-163.5689,1084.4241,523.93744,-163.71501,1075.6831,509.6256,1.8956535,1063.8693,505.08768,-274.22586,1060.1685,550.5816,-73.1448,1055.7578,545.8827,-154.1853,989.42847,487.8472,144.62921,954.5496,543.34924,-401.7392,1128.3047,490.73737,218.7604,946.1944,720.9109,-539.28156,1259.0115,502.95908,137.59624,966.4187,881.55365,-531.8482,1302.4628,502.55228,117.45848,1010.1265,907.4682,-602.94507,1301.5364,501.87778,76.0855,1015.99725,895.87836,-559.6748,1287.5256,502.0595,112.34845,1002.0427,889.1312,-515.34863,696.6667,636.2139,177.95242,668.3143,608.7458,-178.15125,703.1824,836.5042,89.900665,455.74246,590.88715,-220.41507,499.65356,830.8978,339.81903,208.21608,548.533,-92.78401,480.10657,798.60614,360.44662,167.96556,526.8459,-86.17686,395.40436,867.78046,316.79153,160.73616,642.1511,-247.73457
fa766ca8_edit_img_facebook_post_image_file_40441615_1457113664_fb.jpg,936.9664,290.55692,-168.94737,949.89026,274.65182,-151.27356,950.28894,273.0388,-151.33713,950.7726,271.06595,-151.34752,946.8458,271.8547,-219.549,945.03564,268.34726,-219.66455,943.3519,264.738,-219.85245,933.75507,248.10428,-37.24627,925.92456,245.21288,-355.9227,917.43304,289.8454,-119.06348,912.8175,286.31754,-212.44257,850.21796,240.1151,138.1118,829.34973,272.85437,-499.34634,978.3561,249.91719,242.49031,843.5609,433.78964,-652.53625,1103.1731,225.56721,139.02998,860.386,577.76385,-643.3452,1132.5408,208.45811,121.17187,894.7611,597.5117,-727.00916,1137.1322,206.41293,83.66618,903.9272,589.98914,-684.35223,1127.8688,210.65474,115.20155,892.2142,585.2569,-626.99835,565.31854,316.45624,214.32626,544.0175,304.50958,-214.51491,565.22754,543.1419,226.06462,325.72293,263.67493,-228.97296,354.57898,508.86124,502.02267,97.88239,193.8615,-87.443054,329.80786,467.65887,522.5853,54.358112,163.06581,-82.295135,261.4407,556.2466,459.85648,71.12492,296.84885,-288.6429
hovering-bird-dog-pose.jpg,354.81964,339.35974,-49.995808,342.0205,321.0334,-76.39657,342.99966,318.99493,-76.45233,344.03992,316.85913,-76.383896,343.46313,320.5887,-12.319939,345.41107,318.3904,-12.436025,347.3807,316.12238,-12.57424,366.314,300.30252,-141.959,369.88953,299.33133,144.83125,382.1398,342.40594,-68.32945,383.6235,341.32547,13.96181,454.72635,315.58105,-349.91183,493.02127,330.06357,348.63513,290.98282,365.39407,-638.8698,516.05865,490.56393,490.02945,138.63217,386.12,-707.6128,504.3892,636.8678,342.77383,94.66175,383.66138,-794.27985,474.98175,653.15796,353.55298,93.70441,374.31622,-753.53577,469.82343,657.9378,271.1782,107.29802,374.05765,-696.4382,481.71277,653.68744,303.81802,765.3078,400.77124,-229.40921,781.0767,386.90433,228.79868,757.08734,623.69867,2.819636,988.0975,378.0421,413.512,972.7814,624.4264,395.0453,1185.2395,310.51355,656.1869,1021.7106,595.52466,436.81546,1206.6384,288.3649,685.5833,984.72504,717.8628,439.3173,1281.3958,349.90646,652.5563
hqdefault.jpg,198.21727,183.66685,31.045414,194.11795,178.90067,24.530909,194.15569,178.40793,24.534365,194.21324,177.93382,24.545643,194.4742,178.55154,40.295853,194.74149,177.75948,40.26422,195.03506,176.95811,40.227886,198.50069,173.89813,3.8286731,200.07806,172.87004,74.23261,203.13766,184.06345,24.601261,203.54936,183.57599,44.785122,217.47311,178.6405,-44.71055,230.38292,174.68857,115.71359,177.95172,181.82837,-94.371376,239.73425,215.3491,143.47066,139.48743,172.68382,-91.79701,233.18353,249.39282,106.35259,130.83377,167.32632,-106.09766,224.65227,252.4475,110.62934,131.95316,164.21466,-98.67254,223.28052,252.22641,92.45347,134.55075,166.04485,-89.64257,226.48409,251.27328,97.766205,303.24442,199.93091,-55.19524,309.06985,187.8041,54.98555,311.35403,260.11847,-34.553753,360.2597,181.8945,84.57148,370.54062,251.37848,24.489744,418.274,162.47595,99.14969,375.66202,239.56055,32.65989,423.88583,154.29272,101.764435,395.6146,269.38126,45.616577,438.7633,177.89886,97.70469
iStock-546804100-2-1-scaled.jpg,1886.6726,989.6927,-116.56596,1911.5347,967.67126,-89.66331,1911.1366,967.1075,-89.81347,1910.6614,966.0406,-89.99126,1904.0464,955.47437,-186.8787,1898.2007,946.32544,-186.9273,1892.2942,936.7727,-186.90031,1873.7075,920.379,82.41805,1849.6731,889.3481,-373.0872,1843.1187,992.56934,-40.666164,1830.7745,977.3519,-173.96594,1718.9309,929.1314,269.70013,1634.3773,898.1765,-579.46466,1969.1858,995.6678,366.5341,1687.9962,1160.2837,-779.42224,2231.7905,932.9715,179.46901,1730.8002,1469.5568,-696.2986,2308.0476,905.12335,116.455086,1799.0615,1488.9525,-788.08405,2304.9812,906.7306,83.783806,1810.6711,1474.0427,-740.71716,2277.2998,914.4276,148.74864,1792.19,1468.8943,-676.2306,1118.7743,1047.9814,297.6629,1062.254,966.14307,-298.06506,1161.9813,1429.4609,300.8238,661.57166,1044.1614,-224.09982,743.7257,1322.2229,655.55206,267.9914,1063.6006,-78.51003,676.615,1266.3013,682.1244,194.2659,1012.9908,-76.46029,664.07684,1457.385,658.3611,121.43692,1191.5332,-342.64832
img-2335-jpg-1573672702.jpg,3349.0405,1237.5773,-2572.32,3397.4346,1167.2306,-2532.025,3405.226,1161.5607,-2532.4553,3412.5103,1154.0912,-2533.8596,3359.4854,1149.53,-2687.4055,3338.9307,1131.7122,-2688.1658,3313.9204,1110.1368,-2688.7466,3343.827,1057.3254,-2120.5554,3185.0347,979.245,-2840.231,3300.9998,1254.1285,-2385.4504,3232.4353,1217.5056,-2594.8845,3231.0535,1081.5319,-1791.1814,2609.8918,1117.0686,-2801.7983,3760.8352,1292.9761,-1803.4846,2513.3555,1913.9954,-3075.8623,4423.3213,1344.582,-2339.4126,2670.69,2515.6875,-3404.5918,4601.6562,1297.7136,-2619.91,2802.6135,2571.2932,-3809.4165,4610.1133,1282.8396,-2774.602,2856.874,2539.4785,-3735.7024,4536.0034,1302.9055,-2441.5654,2815.8274,2525.5308,-3414.4524,2278.7898,1498.9913,338.3146,1978.2603,1318.6508,-338.38684,2371.8064,2160.1042,382.70184,1397.652,1269.162,156.17747,1822.7883,1944.8042,2257.2375,982.49414,982.0673,1971.7598,1766.6769,1828.9534,2466.3584,959.49646,919.79895,2152.7832,1548.3066,2070.014,2538.6348,829.8205,1035.9346,2014.4027
intermediate-bird-dog-exercise.jpg,533.5137,159.37224,-95.14085,539.31433,149.55492,-87.09866,539.525,149.19057,-87.11298,539.7299,148.79466,-87.13954,536.5003,147.15735,-116.374466,534.6096,145.1356,-116.38114,532.56445,143.01653,-116.39196,527.03357,141.09521,-32.54537,519.3633,136.25877,-170.94351,523.5716,164.10562,-72.37297,520.95746,160.6918,-112.79348,486.80417,150.86552,36.716415,469.1999,160.54173,-231.3968,567.8906,140.81367,63.414913,478.8774,243.05582,-289.42728,641.4222,137.26848,20.423414,474.11807,322.60748,-289.34198,660.6547,129.6956,5.336146,491.5124,333.57745,-321.82883,661.48096,129.9386,-8.731321,495.97656,331.9583,-306.1706,656.26917,132.33604,10.011995,490.06763,329.10672,-283.6372,330.98138,190.85999,90.85345,319.37054,168.16714,-91.03467,329.92386,303.7378,105.22881,207.90686,137.58078,-74.56648,220.40683,285.54254,213.40251,106.14819,91.5803,-7.552059,206.36313,267.80237,221.88866,98.4088,83.28277,-3.0983145,195.40594,321.2406,205.52992,58.870697,100.819336,-81.94907
maxresdefault.jpg,830.7751,267.01096,-872.45245,847.5815,250.79892,-865.0787,850.71783,249.09381,-865.148,853.85864,246.98645,-865.5415,838.7224,248.06848,-918.3535,835.58405,244.22714,-918.5105,831.8155,239.54031,-918.6624,843.38873,218.44835,-727.5451,812.91595,210.88309,-970.6577,818.4327,267.78723,-806.30865,807.8417,263.06656,-877.3691,812.0753,197.77957,-569.8069,671.84753,232.32681,-934.5055,966.02344,271.0708,-555.6747,653.3279,425.6111,-1042.422,1115.5488,310.54333,-715.4196,674.9368,578.9216,-1151.0537,1133.3964,348.9087,-794.4839,704.91125,602.7599,-1279.0343,1130.5955,324.25516,-839.32495,719.0514,597.4219,-1252.0032,1099.2102,346.24243,-744.31024,708.60016,590.67426,-1150.9714,574.9222,255.03525,149.40607,503.68164,224.43541,-149.3944,553.56555,456.771,305.91092,332.9397,195.18364,57.601513,432.9978,379.50897,934.6246,177.18674,111.52417,530.4748,423.33835,341.549,999.646,164.98248,70.05357,573.0643,377.9384,406.00073,974.89856,100.48111,153.44286,431.50772
maxresdefault1.jpg,417.98242,258.6484,157.32817,413.19464,242.60115,150.80756,414.26538,241.55411,150.82608,415.5283,240.51677,150.85936,414.31686,242.99243,191.86143,415.97794,242.31158,191.84164,417.9281,241.45465,191.85925,435.4109,238.10274,119.360115,439.7873,236.47278,300.38898,432.31134,267.01007,144.74066,433.33798,265.6962,196.62616,472.88995,276.86707,-26.76793,529.56903,263.05493,390.47705,344.36603,277.5254,-174.37518,543.81555,376.07916,442.44543,251.55884,232.33527,-172.58484,510.90637,478.0335,332.54398,224.98364,215.45773,-221.36552,486.4889,481.57153,337.90463,233.05122,206.46214,-194.09207,482.99872,481.19998,290.39172,244.74571,211.90077,-165.36401,492.36597,481.8928,309.9993,680.6988,368.93307,-129.1412,712.02747,331.6715,128.68169,692.3655,547.1049,-172.86024,899.33624,334.00394,61.060616,866.93494,565.5288,9.430367,1091.865,296.91208,27.350218,880.0217,545.00256,34.944824,1113.7617,274.56854,25.224058,934.8594,598.4335,51.60791,1167.3254,347.6974,-29.234934
maxresdefault10.jpg,417.53088,258.90802,146.15895,413.23135,242.86978,139.28601,414.42017,241.7095,139.30992,415.83582,240.5421,139.35315,414.15118,243.51755,180.59946,415.77972,242.88638,180.57703,417.72375,242.0855,180.5931,435.99182,238.01863,107.32143,439.707,237.18489,289.57764,432.07733,267.14282,133.5014,432.84692,266.2528,185.79514,474.92233,275.8085,-38.41399,528.6101,264.37582,380.90024,347.3618,275.6197,-192.68427,543.871,376.50473,431.75644,252.2778,232.15283,-199.00299,511.24863,478.46945,318.1802,226.27103,214.02832,-249.76334,487.09222,481.754,322.4765,234.0701,205.41129,-221.85626,483.72772,481.37454,273.52206,245.4618,211.01865,-191.93382,493.11325,481.97687,294.8913,681.58496,368.06268,-131.99097,711.7548,332.301,131.56317,693.10046,546.03314,-165.47336,900.65845,333.978,61.913677,869.1211,564.45636,9.197978,1092.2346,295.9402,32.761703,882.0913,544.05804,33.60159,1114.7434,274.049,30.767475,936.52405,600.51306,48.241444,1166.0194,349.15985,-26.482006
maxresdefault2.jpg,946.7736,365.5647,-255.79562,960.9767,352.76825,-240.81796,961.3926,352.13614,-240.8864,961.9016,351.32983,-241.00578,956.6399,348.52997,-297.31586,953.7947,344.98175,-297.40527,951.0037,341.3156,-297.5044,943.9564,328.28085,-123.98629,929.98975,320.7337,-387.89258,929.5845,366.36243,-203.94637,923.1949,361.52512,-281.24606,863.2893,325.47754,35.08169,815.22266,351.8369,-480.39395,995.2936,343.98053,142.51538,823.37524,504.96976,-590.2422,1122.2878,366.02664,89.745026,838.0677,661.60895,-573.5944,1159.6868,367.69412,68.645134,873.5981,675.66254,-644.41925,1161.2727,368.1863,32.283524,881.4995,669.2208,-611.53235,1149.3109,366.78085,67.41122,868.98376,666.00995,-562.0979,572.6978,419.83795,163.87201,540.09045,390.77078,-164.13718,561.9367,630.5172,152.34041,318.2527,386.44125,-109.74336,369.87125,616.268,488.54327,108.32455,333.26193,124.53578,342.69525,587.24634,517.0218,78.74119,306.8627,141.41663,279.26935,652.1672,451.18832,44.729538,417.74585,-33.504585
maxresdefault3.jpg,1029.934,366.5973,-111.53621,1039.7695,349.201,-95.49483,1039.7865,348.66656,-95.612114,1039.851,348.16537,-95.6847,1035.7732,345.03375,-146.22148,1032.9479,341.8157,-146.2781,1029.63,338.60577,-146.37622,1015.4955,329.33395,17.230667,1004.3506,321.57727,-218.99457,1011.26105,374.7273,-61.541134,1003.3125,370.2249,-131.05255,926.9254,336.27023,182.75642,917.7571,383.65924,-334.56668,1058.3291,377.76108,282.3034,926.33093,543.2873,-454.74927,1179.132,379.88254,190.59137,958.0592,686.4474,-441.89346,1207.9641,368.359,174.09656,990.69495,704.42883,-514.59796,1209.2145,364.2646,139.85509,997.5299,690.77954,-479.55933,1200.8593,367.2625,170.0958,986.70685,684.9257,-429.2342,630.4021,425.6504,163.82185,611.72314,422.13647,-163.9957,631.2737,638.6329,64.870514,386.8207,472.14716,-150.72276,414.48938,637.7773,355.32956,163.13708,450.89816,71.8993,393.25687,601.7387,377.13464,128.65863,425.47992,90.25498,321.98825,668.1359,294.0294,98.50773,541.474,-63.007698
maxresdefault4.jpg,916.8219,353.2519,-64.93375,929.6274,343.8689,-51.845356,929.97815,342.62292,-51.870323,930.50446,341.30963,-51.866894,928.472,343.15784,-106.15563,927.60315,341.53052,-106.26965,926.8682,339.9366,-106.45878,921.2556,324.2783,42.069798,916.9402,327.4364,-211.26581,903.2018,352.0899,-22.434574,902.1035,350.32166,-97.12329,851.68604,311.66898,199.31995,844.6087,340.09375,-341.56396,935.3179,360.28815,323.26767,854.5977,460.93173,-457.03876,1031.5343,349.1652,276.90326,855.31506,584.87634,-443.4824,1068.941,338.77536,275.4873,881.51666,604.2857,-512.49445,1069.662,337.9115,238.2917,884.69696,593.4739,-469.78815,1055.9797,341.71454,256.955,876.16235,588.35486,-426.53052,603.0075,367.30402,166.67004,575.0906,335.95258,-166.7502,587.3192,546.6,110.402145,385.52646,329.95694,-160.89487,414.78583,533.6427,393.90356,210.8092,260.9022,43.622375,398.10883,506.77225,417.60513,196.11877,233.63445,59.732735,318.28442,564.46906,350.4767,120.817375,296.63928,-97.52429
sddefault.jpg,263.24203,243.12799,33.156868,258.26874,237.43285,24.545002,258.34967,236.93906,24.54632,258.46024,236.49353,24.557571,258.71158,236.99585,45.125587,259.0711,236.1248,45.086464,259.46393,235.25356,45.049263,264.37543,232.30086,-1.9412357,266.2844,230.77301,90.04029,269.88742,244.13818,24.828691,270.27222,243.3656,51.25092,289.69638,238.17957,-62.90692,305.57812,234.08633,144.59596,237.8282,243.17485,-125.19753,321.01837,288.05777,180.0563,187.10106,230.43277,-121.781204,311.54578,331.5865,130.92197,174.48982,223.0498,-141.19424,300.30652,335.5584,136.40067,176.26802,218.98679,-131.74702,297.98978,335.42606,112.945854,180.74277,221.71143,-119.29321,302.0722,334.02484,119.87552,404.82172,265.8918,-71.45589,410.56107,253.1535,71.21041,414.54727,347.29932,-52.842407,479.7467,242.99635,108.36934,493.5446,333.02066,33.50163,558.15,215.81047,143.58995,500.74396,316.6763,45.28235,565.60004,205.15695,148.70256,525.3172,359.9287,63.896164,585.72144,237.41843,144.66953
shutterstock_619047707.jpg,883.80316,301.36176,-85.00906,897.993,287.8122,-75.65043,898.0811,286.63666,-75.73316,898.0213,285.2532,-75.80374,895.2516,285.43597,-123.57451,893.2825,282.61398,-123.58034,891.2497,279.0563,-123.632256,879.78735,263.85,-2.190303,871.98846,259.02753,-226.66083,865.2123,300.3036,-51.65289,861.6792,296.7105,-117.21803,801.82416,261.2286,88.41722,773.7149,279.34277,-320.65277,936.1166,271.2303,117.40172,774.87897,410.59662,-413.13275,1060.3314,273.12265,39.27328,767.24054,550.3218,-385.31116,1097.1929,273.30994,10.909934,792.7334,561.19867,-427.55692,1097.1643,275.39413,-7.07982,800.342,558.0288,-402.17493,1085.8972,275.55258,23.186924,792.7492,554.9527,-374.92883,538.2705,337.45712,137.35866,510.61142,303.972,-137.50945,530.519,522.97675,138.49294,317.38754,277.79208,-95.6192,349.24335,483.88272,343.00858,137.05022,250.00719,39.187725,319.34784,457.93335,359.62338,106.62521,226.90668,47.80069,293.53558,539.7663,335.16162,108.74634,324.43143,-71.35922
side-view-young-woman-with-athletic-body-doing-bird-dog-exercise-healthy-slim-woman-activewear-balancing-cat-pose_662251-1442.jpg,589.73676,554.2683,40.320232,594.79395,521.41296,23.550505,599.5035,518.57855,23.5194,605.0836,515.3769,23.446312,593.0637,523.047,81.5876,595.97833,521.78326,81.53392,599.8269,519.6962,81.57826,645.2467,513.6845,-23.991806,639.2954,513.72015,230.56,617.86926,579.7436,24.601269,614.75244,579.2572,98.05959,735.6815,599.8472,-231.83064,768.42334,594.4565,439.03384,505.0168,631.89417,-465.64575,758.90735,800.78564,534.57715,299.27188,617.4283,-470.62585,708.7919,938.29254,395.9088,249.80354,598.7452,-554.8018,660.2193,948.353,430.42026,248.29077,585.27966,-501.37573,653.1932,949.0422,347.87418,262.1578,590.3495,-457.65027,672.38153,947.00073,358.88678,1132.4569,661.1852,-232.05997,1160.8679,614.4488,231.697,1111.4607,965.6894,-203.7031,1429.6143,582.58325,411.98312,1378.3235,921.9139,56.79975,1684.7472,515.0307,564.11115,1394.048,872.3449,97.711815,1722.6262,471.98462,587.5705,1480.0098,976.53394,238.77032,1780.0112,608.0779,604.5086
why-you-should-add-the-bird-dog-exercise-to-your-workout-routine-according-to-trainers.jpg,650.6333,663.23517,-346.75952,663.05084,652.8633,-331.16876,664.8399,653.3203,-331.15594,666.4348,653.7721,-331.24045,654.87744,646.14514,-371.95267,651.01013,641.6872,-371.9963,646.5284,636.9594,-372.03558,654.3104,641.39856,-226.73756,628.9926,621.1828,-417.87262,638.10626,668.39355,-304.41718,626.6456,660.0362,-360.12265,616.7447,644.66705,-111.26837,546.28534,648.71796,-491.0194,716.76154,682.8347,-68.687035,543.4375,750.32764,-609.3125,814.69415,706.0099,-191.97604,564.19244,864.2458,-655.7126,847.9969,704.3551,-235.92346,587.04254,876.21014,-717.5685,844.65765,704.2719,-260.62213,594.3213,870.7244,-703.05054,831.96423,704.8276,-212.20163,587.7143,866.889,-652.6328,413.2622,707.24316,125.140434,379.2627,673.35803,-125.201935,419.6996,833.33374,22.531536,223.84775,644.6919,-158.07103,274.3586,788.51666,228.06516,73.696724,591.5883,-100.38166,246.65471,774.3088,245.16351,51.486423,562.2849,-100.73692,235.846,850.2716,207.76044,29.326254,650.62494,-231.22536
woman-doing-bird-dog-pose-on-yoga-mat.jpg,732.4518,157.99191,-676.93396,732.4118,136.06245,-657.75635,734.5694,135.77773,-657.6693,736.32654,135.70872,-657.9206,716.1741,135.68892,-692.0684,706.7022,135.22266,-692.1332,696.8091,135.23112,-692.0965,712.9876,135.11699,-520.3926,664.56537,137.04863,-682.2724,723.9747,178.25768,-624.6279,706.7052,176.75581,-671.4947,712.3323,192.68774,-411.71716,573.4653,236.33887,-671.62976,860.03424,238.60005,-407.636,584.60693,391.64093,-724.1835,1016.6882,242.21327,-487.13315,591.53235,570.03326,-768.5255,1059.7896,231.26884,-547.6341,621.0984,592.21893,-844.3407,1064.9277,225.50449,-574.11566,629.49817,583.54193,-829.9179,1046.6676,227.62915,-508.6047,617.7489,576.3282,-771.0222,494.79648,320.1672,61.75694,416.98553,291.13174,-61.795853,464.0019,504.92307,143.16957,246.25877,210.35504,28.920029,297.422,472.599,430.53046,107.355515,98.22568,229.0112,295.0962,442.9908,461.1875,106.36987,87.02255,251.27643,237.63675,473.07648,465.6698,59.882126,76.29874,204.774
