061919_SELF_0232.jpg,2019.481,1064.4845,211.72672,2062.9792,1094.8695,129.14265,2065.137,1102.3441,129.27219,2067.5515,1110.3486,129.06604,2062.8137,1089.6549,268.14996,2064.563,1093.6235,268.3619,2066.6345,1098.3746,268.0372,2056.5288,1178.5563,-106.438,2055.1243,1162.6075,514.20276,1978.3184,1084.7102,138.16032,1978.3875,1077.1006,317.3314,1827.5117,1276.8282,-539.2368,1808.9,1162.5376,901.09204,1447.041,1358.6256,-707.07874,1446.0869,1243.2375,1098.0833,1108.544,1369.4214,-703.91754,1125.5553,1241.2366,1061.7438,1009.6239,1402.965,-808.5721,1037.2496,1222.4596,1102.671,1006.9575,1361.9258,-754.17053,1024.2056,1236.8013,1008.7771,1033.4602,1346.4741,-674.41614,1058.6099,1244.6458,1013.8724,1210.6047,1001.3638,-457.3045,1215.5073,922.90247,456.63336,692.38574,753.6141,-718.425,713.7247,729.1649,288.6812,592.1488,1302.4899,-240.40472,631.18494,1192.097,808.19025,645.60803,1386.453,-199.44733,672.95337,1288.7842,852.3194,335.68832,1386.8984,-295.2831,386.61026,1315.4421,762.75525
1296x728_5_Glute_Bridge_Exercise_Variations.jpg,179.63231,444.62363,-50.23739,157.60938,459.70203,-15.896907,156.49956,459.7633,-16.117159,155.38257,459.86465,-16.355188,161.28503,468.8843,-65.21973,163.01714,476.4569,-65.28691,165.07922,485.2343,-65.431885,172.52168,491.68906,154.27263,183.54509,523.4662,-69.85386,208.71164,442.43018,17.276325,213.2349,454.40973,-46.9495,306.27805,430.74213,293.0516,356.4738,544.74756,-187.27847,490.96155,371.47852,395.14825,579.29944,551.5621,-205.97052,632.11316,318.59344,434.17148,803.2479,543.6466,-250.57263,673.0376,297.1258,460.3388,867.1782,562.8789,-277.0523,674.1417,314.76315,409.83142,866.9959,548.50555,-276.5173,660.53284,323.54037,413.21536,843.36566,534.6015,-248.33635,596.43994,172.1332,165.1598,638.2049,221.30557,-164.97737,813.13184,16.206184,117.82545,943.2117,84.26688,-308.7092,825.0849,256.4052,525.00775,976.94543,353.45908,45.140327,807.9151,323.94864,571.8918,942.1095,397.74985,89.542946,914.7574,291.69873,695.7241,1054.1855,388.1454,184.47089
221209172634-01-overlooked-muscles-glute-bridge.jpg,978.46893,509.3658,132.74774,995.15717,520.0821,97.67586,996.0733,523.57855,97.74901,997.1038,527.4783,97.71812,994.1456,517.4233,150.19133,994.24567,518.32385,150.2025,994.34845,519.28485,150.08566,991.8712,553.5907,9.541851,989.17395,541.73987,243.8609,962.4777,516.77106,107.39112,960.02496,512.6762,175.08745,914.45764,591.528,-142.00029,884.15436,548.2986,372.60345,789.83887,625.96124,-287.74982,752.1748,570.883,503.03738,649.822,652.9099,-447.5011,631.0953,574.41925,584.81006,604.105,671.27637,-500.86246,597.54767,571.9224,611.9289,597.9505,660.11053,-483.74084,595.9415,577.1055,576.86755,613.6777,651.03986,-441.41006,607.6372,581.04205,571.16895,657.65796,452.669,-162.83664,657.00854,441.14273,162.72961,415.82886,329.8383,-233.40216,434.42535,347.948,100.98131,416.89105,560.64685,-123.38052,409.06012,543.1595,280.0962,431.44598,601.4898,-112.1289,426.97952,575.8892,294.49384,285.4898,621.8284,-144.82133,327.21207,579.51154,243.77008
3460.jpg,314.07248,370.22812,373.34073,305.38147,374.9106,386.73282,305.6141,376.1877,386.74084,305.87006,377.66742,386.62747,303.14496,374.9927,362.03967,301.8291,376.34882,361.98486,300.44464,378.04648,361.87045,305.62732,392.33618,414.30548,299.29218,394.9859,302.26685,321.96262,374.6729,381.82468,320.116,374.26752,349.55704,373.14465,414.49075,357.3125,311.67014,422.6439,175.72476,475.03677,421.25467,282.07297,360.79776,452.9136,-19.416956,558.4648,433.20728,221.7101,427.58917,468.2533,-191.20036,576.81586,443.22495,214.54745,446.80927,480.05383,-211.81236,574.62885,447.7108,210.91399,451.7377,473.94394,-189.99051,570.1631,444.97028,216.62393,445.43896,468.31412,-183.7028,468.5151,359.8772,69.08924,438.92136,356.11697,-69.7115,600.68274,305.14594,-1.4646586,559.0388,295.29688,-162.5299,638.6672,456.28674,8.348535,620.1654,457.8727,-179.86925,626.48114,477.8175,9.48001,611.2399,478.90237,-179.33542,684.585,484.43375,-3.7548048,692.5988,486.91373,-189.84732
81ulay4jwk5e8tvf8.jpg,215.7346,214.96829,4.357216,203.33273,220.82555,14.518696,203.23468,221.86568,14.461263,203.17009,223.03336,14.409921,203.36203,222.82448,-12.718083,203.22893,225.34895,-12.714534,202.98767,228.29826,-12.722982,208.02676,240.77284,71.8825,206.71887,247.369,-53.969936,228.96156,219.82298,29.722067,228.72217,221.83795,-5.7589216,290.7948,245.07413,147.51837,285.3528,271.13184,-124.14383,405.77216,271.4286,192.12563,404.2729,286.69357,-125.257324,507.41916,272.86627,209.12378,511.53876,287.1516,-72.260124,529.76025,273.43625,216.922,542.11633,290.95215,-80.32613,535.0171,274.9505,201.26488,546.1985,287.66605,-76.439255,528.35004,274.47678,200.52646,538.83527,285.21307,-67.91351,443.43658,138.28537,96.006325,445.05673,143.95349,-95.87505,618.9491,107.890686,69.64857,633.3394,105.453705,-149.6609,589.2907,260.70642,186.6625,593.05084,268.77585,-29.723337,571.99945,280.1059,200.26848,579.40295,285.72726,-14.510751,649.0846,286.818,236.527,656.65436,294.69348,13.024166
BasicBridgePose-715x358.jpg,154.2367,256.6776,38.58778,144.78743,260.6209,48.580814,144.68063,261.5946,48.56082,144.5425,262.7696,48.56446,143.74098,262.2375,22.577988,143.03267,264.26257,22.568333,142.33334,266.56525,22.49974,147.05579,277.0087,104.65243,144.66133,282.62305,-14.299847,164.19331,261.73813,62.528324,163.74158,263.7149,28.51275,209.04271,281.0074,169.56151,191.065,299.17212,-89.57272,293.61295,290.6353,200.3888,280.40076,310.1792,-141.33316,366.79193,296.0484,178.62965,362.4688,313.54614,-171.53651,387.58093,297.8412,180.20265,384.68103,318.40784,-190.93144,389.47794,298.3282,160.56764,387.47025,314.51413,-187.2405,382.1791,297.44763,168.4779,379.7482,311.28503,-168.3633,336.4368,217.96936,86.780754,332.2927,222.85411,-86.74549,457.41058,161.86377,54.46942,462.22653,163.53545,-142.14572,503.53882,280.99832,133.94965,510.83685,287.15915,-65.43069,495.4994,300.1827,141.16422,500.37457,309.55673,-56.05418,550.6854,302.41824,131.84016,566.0517,313.30728,-64.761284
BasicBridgePose.jpg,167.06212,275.42383,42.455673,157.09955,279.30716,52.896046,156.83093,280.29752,52.874104,156.50772,281.56314,52.877735,156.18442,281.1712,24.92583,155.30267,283.4305,24.91336,154.45012,286.13245,24.841215,158.59418,297.2522,112.53601,156.669,303.384,-15.24688,177.49593,280.5267,68.05095,176.82512,282.94205,31.490355,226.35893,301.4896,183.09085,206.31096,322.04883,-96.128494,316.15277,313.01154,215.7442,302.71722,332.1196,-150.98894,393.56738,318.1411,189.69478,390.43802,337.58453,-187.2391,416.09302,321.036,190.82112,414.31277,343.12912,-208.69217,418.02417,321.63013,169.59973,417.45966,339.80917,-204.61902,410.1354,320.40665,178.74352,409.06195,336.22845,-183.82831,362.21017,234.75076,92.58318,358.22952,241.00081,-92.51995,491.202,173.69727,58.962788,496.11945,176.86697,-153.16791,540.66956,299.88647,141.17502,548.4884,308.44217,-74.79093,532.21967,320.93204,148.60822,539.1165,332.90823,-65.16643,592.6199,323.5016,139.64125,611.7221,336.72504,-74.422714
Bridge-Pose-Variations.jpg,137.63695,410.8612,54.630257,125.28739,419.11423,66.759834,125.04004,420.84,66.70477,124.86539,422.8673,66.70748,125.09137,420.23175,29.094046,124.69047,422.63712,29.0863,124.33088,425.38123,28.964571,130.98495,441.59833,137.69781,129.68542,444.77246,-32.375088,151.55038,417.00385,85.535614,151.63603,418.78546,36.622547,212.75607,445.94324,234.92076,198.007,474.77808,-141.19926,323.55167,465.80386,286.65042,310.24515,489.9523,-199.12637,414.60028,468.27084,260.74066,415.69208,498.2016,-219.70428,443.10437,469.0791,262.8659,445.7716,502.24466,-246.47993,446.1206,472.2437,236.52824,447.47275,497.73022,-239.07124,436.7569,469.7937,246.7665,439.41083,493.98007,-213.79619,395.48544,381.74976,119.71006,397.56277,397.27652,-119.52575,539.07227,303.28574,76.31155,545.4253,311.29785,-193.35922,585.9252,448.4276,181.80777,592.0578,467.12067,-91.76797,579.9786,478.4514,190.38379,583.4415,496.49683,-79.69654,652.4228,474.8912,176.08786,665.25446,493.86334,-87.76315
BridgePoseBandAroundKnee.jpg,802.6059,458.52878,317.20172,822.026,467.2734,291.80664,824.6269,472.28677,291.79782,827.43085,477.38504,291.5923,818.95197,461.31726,356.69598,819.10266,461.42435,356.8636,819.4995,461.67023,356.84998,830.68286,508.73886,218.37901,822.3061,489.9206,515.09033,790.7207,473.70416,293.6632,786.8588,465.5851,379.19565,756.3115,583.3016,51.556126,707.6228,508.025,623.5167,626.37695,656.9871,-70.27408,562.7379,523.2821,668.8485,494.63205,715.4285,-174.80133,418.17093,519.9945,602.0417,454.3146,753.4635,-225.86281,385.75977,519.6107,614.7341,447.82016,737.10956,-216.8142,381.2774,513.99994,568.16296,458.02167,723.4806,-171.60765,393.8525,516.14636,576.977,494.44458,515.1947,-172.84337,459.7595,454.59592,172.47974,293.2838,478.84073,-571.0721,236.8519,344.9428,13.138844,278.22314,687.6235,-298.49295,255.43004,553.4983,363.06055,300.04376,713.76575,-268.01254,277.7111,595.82385,402.58908,177.27989,757.9002,-301.99362,164.24086,608.7848,409.68723
Bridge_Position_Exercise-732x549-Thumbnail-732x549.jpg,518.9317,289.04718,15.867792,529.8006,296.3603,-4.240969,529.98694,298.82578,-4.180601,530.3104,301.34412,-4.2093234,530.30304,294.47772,28.14753,530.77106,295.37268,28.194817,531.3738,296.49814,28.166403,526.8175,317.97147,-54.785564,526.8023,313.015,90.08544,505.83582,295.55972,1.1420872,506.08127,293.47183,42.90027,458.50812,337.8026,-143.76637,456.9139,317.40796,180.5458,351.98508,361.14758,-176.26778,360.59012,326.8681,216.71675,252.60562,368.02185,-188.3425,264.57065,342.85046,197.02588,225.62816,378.7654,-217.78964,243.60591,341.36588,200.59677,220.42305,374.96115,-206.88206,238.98888,342.412,176.19489,229.06453,369.52505,-182.82915,248.41675,343.6388,185.0758,292.8094,257.59695,-110.50977,298.06595,247.5607,110.31887,142.22893,192.66322,-182.13766,155.35252,199.58034,84.211006,119.1498,346.37296,-67.20611,132.70102,337.87637,202.85884,132.4919,364.84238,-57.00166,141.65717,356.71976,211.99388,45.71909,376.0837,-73.47993,60.92806,361.76367,185.32207
Brindging_3.jpg,63.756256,136.83217,13.585737,56.30378,140.81654,19.000948,56.109787,141.7046,18.967213,56.007484,142.70273,18.95194,56.21933,141.55542,1.6817803,55.96877,142.92642,1.6861088,55.77714,144.37202,1.6548338,59.694275,152.24214,50.19044,58.68817,153.99701,-28.521027,71.71419,139.66881,27.410288,71.40526,140.48526,4.8785777,105.14217,153.4067,92.85555,98.81836,167.5458,-72.09354,165.95056,162.03261,113.79921,159.82489,176.27774,-87.44561,214.02419,164.86807,101.801285,213.11652,179.56189,-80.08518,227.54958,165.74518,100.20605,229.48161,181.39224,-91.91011,229.8784,165.80305,86.89802,231.73416,178.61577,-90.30561,224.02274,165.02339,94.74971,225.81795,176.38522,-78.21077,200.57349,122.73827,51.293198,202.47943,129.54036,-51.243294,276.0014,84.2302,31.779116,279.92157,86.06389,-88.6691,295.45987,160.93256,80.86761,297.65378,166.78934,-23.033861,290.6121,175.05614,84.68395,291.53903,178.43456,-15.7145195,332.07965,176.56055,77.4459,335.84143,180.95663,-16.112356
Ey9nlyoXEAAfofs.jpg,887.5706,308.98984,99.652985,904.32306,325.17828,56.822037,904.0592,328.7133,56.856068,903.58636,332.6731,56.785492,906.3888,322.75607,127.31083,907.6773,324.4483,127.425644,908.72736,326.07098,127.333336,888.8563,362.59772,-50.11198,894.0861,352.56995,264.88507,864.2729,316.26407,68.3059,865.5383,312.52698,159.17026,792.8762,397.02927,-251.1101,771.23035,358.18063,469.6204,634.27094,449.09146,-355.59842,616.0961,392.52682,585.40094,490.4662,474.6417,-384.0403,477.89435,387.20422,525.2487,448.18808,496.21027,-442.27722,441.27374,378.5426,545.45544,442.10886,487.27942,-410.6583,440.22937,384.69464,487.44882,454.79922,477.85724,-367.99426,452.39606,388.06744,497.63715,501.92365,304.56915,-232.24483,503.55084,276.81638,231.97237,279.41876,167.89354,-398.5951,291.04907,155.9106,134.6943,188.30103,405.30048,-183.05833,204.23521,390.38013,362.0441,215.3693,443.18222,-164.24237,227.81477,428.63834,381.76358,63.664238,446.21246,-208.8824,87.724106,436.6119,351.20187
FLIPPED 061919_SELF_0232.jpg,545.20044,1062.7161,84.05308,500.2678,1083.8589,133.06424,499.31946,1087.7865,132.89684,498.0095,1092.5089,132.82164,500.1793,1090.2131,10.073489,498.7204,1099.0718,10.03668,496.4649,1109.2498,9.586106,508.48953,1159.3643,386.56488,504.77692,1180.991,-171.2902,591.70935,1081.5208,190.37315,590.38477,1089.0752,31.132133,759.2455,1168.0771,660.8165,733.2429,1301.4812,-502.14078,1110.4951,1211.0481,839.10913,1112.7053,1359.374,-659.60657,1422.3093,1249.2645,766.9272,1445.1221,1372.0779,-671.8805,1524.1787,1263.3422,777.00964,1560.4644,1403.3453,-745.34235,1536.9248,1265.0366,694.6753,1569.4001,1368.5012,-731.95886,1497.6947,1262.035,723.1968,1528.2776,1349.4939,-657.94824,1335.834,896.6463,391.11212,1357.8564,961.12555,-390.88193,1825.8291,705.8746,201.62122,1879.1075,772.6216,-636.4608,1875.3977,1178.5876,704.0433,1948.9177,1289.5925,-152.26178,1826.7816,1245.9657,756.269,1919.1223,1372.4287,-92.88276,2027.1613,1269.912,781.5503,2188.0947,1371.1809,-65.1985
FLIPPED 1296x728_5_Glute_Bridge_Exercise_Variations.jpg,969.82196,441.5919,2.2216148,985.5129,466.50092,-25.390713,983.55206,475.47614,-25.546947,982.0031,485.50156,-25.958752,991.0659,452.41177,29.906704,992.43005,450.5528,29.985214,993.7405,449.13794,29.799477,966.7913,532.6783,-67.44381,977.0962,491.89636,192.42,935.1157,453.58905,-3.159237,941.9694,436.2027,71.26956,795.54474,555.6714,-151.97704,853.04376,431.2594,330.99976,557.52454,553.6096,-155.57669,656.187,357.27878,412.72247,356.1875,540.56586,-192.10902,566.2124,299.82144,424.26892,299.8806,556.3314,-232.55516,544.4212,283.74036,438.9247,298.0619,545.04474,-252.61815,531.74445,298.7249,390.2836,317.43097,532.3264,-199.5042,537.8902,306.59674,400.54834,524.74603,238.13814,-173.61806,560.09033,206.31172,173.56258,198.7067,94.70708,-329.2749,272.11835,91.80324,104.076744,175.3163,366.2015,24.569311,269.63013,318.1894,522.22815,207.30981,404.99768,63.108883,292.7227,360.87283,571.2347,80.15678,442.4043,71.73411,211.98659,322.10355,599.9691
FLIPPED 221209172634-01-overlooked-muscles-glute-bridge.jpg,295.3203,506.27853,76.348816,278.70764,512.97473,95.3781,279.03336,513.56464,95.24092,279.37372,514.48846,95.1012,277.66656,518.1594,52.22868,277.47864,522.6431,52.221977,277.24377,527.8882,52.141663,288.3514,537.66907,207.96187,284.5492,552.80853,8.869828,314.95688,511.765,123.02684,315.46964,518.97534,65.96013,390.04016,542.7992,326.42178,369.66254,591.0493,-118.06154,518.5179,547.45056,425.5774,495.654,623.6312,-264.97702,625.79565,536.4201,448.952,633.6524,652.22797,-447.81308,662.6946,533.9021,468.74036,682.53937,671.53186,-488.84595,663.3721,534.9011,427.30933,685.69336,664.9017,-484.78653,649.8109,536.44464,431.20395,666.2904,653.0992,-446.35587,623.8775,423.34518,149.60393,628.9185,446.79526,-149.37166,827.1284,330.92776,96.93359,860.10406,329.93158,-265.38144,845.84045,524.0923,251.3574,870.8167,570.19635,-96.50484,838.61743,543.0855,266.16907,862.1295,602.1034,-75.86453,913.3542,546.3877,280.72482,1000.0015,621.1291,-64.86778
FLIPPED 3460.jpg,768.9142,378.47476,321.52423,778.32074,385.6413,306.55518,779.5857,387.17795,306.57312,780.9242,388.6558,306.44168,775.7153,384.71585,331.34937,775.15356,385.6324,331.45865,774.644,386.55127,331.50137,782.665,399.4572,246.39742,773.8141,397.7144,361.00705,764.43787,383.222,299.79974,761.73157,382.27417,332.7986,768.46344,425.80637,125.66408,711.6669,410.44962,340.89932,706.7833,450.6734,-16.198261,628.6347,415.3794,269.72516,642.74866,470.40332,-223.52249,526.2978,432.44693,207.87521,622.45056,484.42654,-266.82495,516.0497,435.99667,197.93893,619.3543,480.02917,-255.2104,517.95905,439.8135,181.47896,624.55817,472.45764,-224.24222,521.7638,439.60788,197.74767,644.05896,353.5716,-86.93555,600.6172,348.272,86.924736,497.96454,318.44125,-186.1494,473.993,300.5457,32.608334,463.85724,467.47513,-251.41475,426.7278,454.58746,35.997826,468.6824,492.3804,-257.4961,423.44565,465.1632,33.363518,403.63953,499.38657,-325.63916,367.05057,476.36014,-18.269386
FLIPPED 81ulay4jwk5e8tvf8.jpg,578.51917,218.54558,27.14866,590.61926,226.33955,11.089109,590.6693,228.8907,11.108865,590.6979,231.6915,10.987951,590.9017,224.16624,40.570374,591.121,224.79868,40.62183,591.37695,225.62332,40.650425,586.62177,249.30534,-33.332584,586.9436,244.15318,103.002846,565.901,224.49391,13.930829,566.2383,221.65999,52.994,511.53497,268.70413,-100.273384,508.52747,248.13652,162.88719,396.1593,285.07037,-105.342575,397.5887,267.76114,181.1359,293.22372,287.40198,-82.35345,309.27966,273.22388,169.95885,262.3745,291.22565,-103.358116,275.2894,278.8319,170.86653,258.04987,287.4665,-97.514275,266.4576,279.05725,151.3369,268.97214,285.91705,-78.2862,281.27542,276.41525,159.31693,355.95184,149.7864,-94.64117,360.34613,144.1067,94.529755,169.9278,109.02973,-169.54305,182.91275,112.2899,18.491358,206.45341,271.2688,-13.366315,210.72884,259.0691,224.06772,226.68958,285.89758,2.385134,221.0382,269.6059,246.46509,147.2855,296.89035,3.8766053,155.67157,286.78452,245.64717
FLIPPED BasicBridgePose-715x358.jpg,556.68933,258.46756,33.967487,566.19946,263.84863,17.319624,566.9534,265.69022,17.357595,567.80975,267.86813,17.313091,565.95465,261.80524,45.211193,566.3128,262.24445,45.261448,566.7756,262.7865,45.27852,567.0856,282.7528,-27.517284,565.9661,278.31708,97.75313,547.6373,264.35248,20.64891,546.7154,261.47696,56.636227,517.67,298.75397,-101.49946,506.6635,282.88806,170.51266,430.73343,312.114,-124.143074,422.27808,289.1904,208.66109,350.00226,318.00977,-138.58574,350.04596,295.72833,205.67226,328.92926,321.74905,-160.84393,330.4186,297.64798,209.98463,325.21567,315.7517,-154.83955,327.80365,299.09,192.27495,332.91315,313.42105,-135.10635,333.97125,298.84064,196.3709,378.0687,224.11807,-87.16601,376.55582,214.10628,87.01147,249.47723,164.72408,-154.82506,255.81143,165.4324,42.956905,204.44685,287.22305,-61.72123,208.31404,281.79196,146.40114,215.57013,304.77362,-53.870777,219.12524,302.72067,154.60652,152.32965,308.90482,-89.17757,161.72987,296.88995,113.19204
FLIPPED BasicBridgePose.jpg,600.6431,278.38986,32.438103,610.6361,284.18253,14.802451,611.41425,286.24994,14.841787,612.2996,288.63226,14.793904,610.2774,281.68192,43.84421,610.561,282.0524,43.898693,610.9663,282.55786,43.92379,611.45154,304.22046,-31.718029,610.454,299.17972,98.61215,591.22363,284.79175,18.793888,590.2043,281.4151,56.256153,558.0177,320.72275,-107.09674,546.1408,304.58582,175.25558,465.2465,333.7452,-126.65512,454.30392,310.84274,214.6009,380.22974,341.47726,-141.4425,378.4779,318.03055,210.21652,357.83304,346.0938,-165.0446,358.49362,320.00494,213.78442,353.4494,339.73453,-158.89478,355.3004,321.39514,195.1869,359.37766,336.87402,-137.93298,361.7771,320.90817,200.35484,408.65234,241.09744,-91.15733,406.52704,231.22946,90.96943,269.21942,176.91591,-159.02214,274.8793,177.99326,45.189075,221.89781,307.86957,-65.15997,226.04588,302.10864,156.91191,232.98798,328.01285,-57.457188,237.92262,323.48126,165.64417,168.16476,332.60202,-96.63946,178.05173,327.41324,121.15257
FLIPPED Bridge-Pose-Variations.jpg,588.7056,416.98325,17.902452,599.6822,425.83395,-8.184247,599.67645,427.65793,-8.126475,599.84094,429.83865,-8.131189,600.104,424.87128,30.591951,600.2777,425.85822,30.613214,600.57056,427.03067,30.536905,593.80176,450.2666,-72.02816,595.0051,444.23608,101.18864,575.7819,421.91315,-0.859228,575.62823,420.1988,49.11728,527.559,476.91354,-167.21661,515.2115,449.5035,205.75464,413.87396,494.4551,-202.86801,408.13028,459.90405,252.93814,316.16788,502.07614,-193.04437,315.66125,471.52258,224.00488,284.563,509.421,-218.61456,290.34378,474.77036,227.93451,280.52545,503.36737,-206.60309,285.8369,476.31772,200.36188,290.47095,498.96002,-185.71591,295.5851,474.73148,210.36835,329.6055,393.27936,-127.761604,329.83466,376.45047,127.56309,184.90921,314.73447,-185.94691,189.79836,310.17676,85.39488,138.36847,468.66943,-65.59877,143.43721,456.23682,198.34673,147.46645,500.8248,-56.03346,150.49437,488.3181,206.261,67.46521,491.0158,-82.85277,79.34703,478.07993,179.53241
FLIPPED BridgePoseBandAroundKnee.jpg,197.32329,448.96973,64.136826,178.29182,452.2527,106.072,178.16881,452.6848,106.00806,178.03917,453.29105,105.93438,176.06082,457.83112,41.894054,174.14749,462.63678,41.834393,172.01045,468.6428,41.64487,177.6033,482.9863,298.5362,168.9288,505.62012,8.49814,213.28629,459.0634,140.3098,211.76642,465.65118,56.39899,288.95972,497.85126,478.10202,246.19481,584.28845,-115.43375,418.66696,534.6691,565.2987,376.88245,655.9795,-234.46432,553.40076,577.95386,419.37253,509.75037,715.8799,-385.33643,595.46204,590.7473,409.8011,543.95026,746.79913,-458.19788,596.0432,592.00195,351.5445,550.3273,737.56744,-450.49893,580.7112,589.9285,388.15472,541.4629,724.40466,-383.40173,546.1125,440.4718,201.8472,516.97174,511.75766,-201.81085,764.96356,329.55005,-44.73792,704.056,490.66528,-433.41846,755.63275,535.132,382.16998,738.95605,699.25116,-93.8325,729.0785,554.5471,426.88382,718.273,729.59155,-55.270668,833.3068,586.1971,395.71634,833.86316,759.72107,-100.23409
FLIPPED Bridge_Position_Exercise-732x549-Thumbnail-732x549.jpg,207.40329,284.59802,16.999714,195.04182,291.2885,26.48804,194.83174,292.52274,26.398272,194.50757,293.92697,26.395573,194.70085,293.03796,0.7818933,194.28865,295.6094,0.82843864,193.7633,298.3356,0.7921437,199.54462,309.14035,77.63807,199.47821,314.14365,-38.422195,221.16118,289.7836,39.308464,221.51704,292.14926,5.932862,274.42618,312.4125,135.7378,269.1296,334.68182,-104.05751,376.943,341.61627,138.25775,376.59644,359.56363,-126.85204,473.5976,354.84918,120.55475,483.427,367.52917,-136.1477,497.8372,357.93268,116.471016,510.1747,379.59338,-156.0723,503.4008,359.03513,97.27191,513.61224,375.3398,-149.6751,492.8888,352.50693,110.51691,505.35074,369.38492,-131.87103,438.5683,243.58545,80.16368,444.17783,251.40228,-79.95757,567.9095,199.77898,67.427505,586.05615,193.35443,-132.8185,595.9334,336.22003,138.06825,620.416,344.23956,-78.99212,596.4944,352.04633,143.8759,608.333,364.38785,-72.08137,666.32916,362.96295,148.94113,694.7645,371.3956,-66.12772
FLIPPED Brindging_3.jpg,285.99896,138.12349,9.7411995,292.81863,142.19946,-1.1267021,293.09366,143.32921,-1.1179415,293.32394,144.4639,-1.1477232,292.73456,141.53427,18.019402,292.95456,142.17534,18.063822,293.14743,142.89433,18.026102,290.91827,153.45189,-32.597378,290.63565,151.8418,52.286438,278.7152,141.57211,-0.58772135,278.69153,140.4758,23.971634,248.32872,165.01924,-85.15545,248.98093,152.52591,101.3039,188.47916,175.64671,-96.99846,186.77509,163.03378,113.654144,136.41948,177.38557,-80.01508,136.63199,164.98871,97.1338,121.396194,179.01006,-93.145096,125.13093,164.19484,97.486404,117.98482,175.0295,-89.54428,121.736015,165.42488,85.70347,123.51727,173.1799,-77.436424,126.30457,165.07462,90.22993,150.82072,130.21223,-61.24,152.40654,124.71551,61.129948,70.524506,88.311584,-99.87558,74.09711,88.06902,48.8692,53.20999,166.48758,-16.185085,55.48944,159.60393,111.2384,57.277714,178.21101,-9.588251,59.41961,173.29337,115.70094,17.150188,178.38806,-23.508823,20.03782,174.44531,96.68635
FLIPPED Ey9nlyoXEAAfofs.jpg,187.90393,302.9821,115.349594,169.95294,316.97873,142.36583,169.76352,318.4536,142.26569,169.87946,320.09705,142.27446,170.25836,321.26788,79.90158,170.47672,325.6763,79.8311,171.13332,330.57172,79.66181,182.21774,344.3803,272.8,184.37215,356.38553,-9.335515,210.67807,306.83752,169.36996,212.66801,312.16965,87.9435,310.64673,357.84174,429.74234,282.98663,398.88773,-178.95987,460.82666,402.17377,500.32724,437.0102,447.70505,-343.9315,588.8457,399.6862,422.30295,586.3362,475.26855,-473.89676,632.23303,414.13336,424.55298,624.55023,492.88712,-534.8667,634.4459,410.80978,377.60245,633.6573,482.71112,-512.7977,618.71735,398.23904,398.2891,621.93384,474.51892,-463.61072,585.80133,276.54596,205.08585,582.28296,285.75784,-204.98123,796.73834,157.85083,192.63841,803.53314,158.3647,-297.69077,873.92645,381.14038,354.65347,895.466,396.33893,-134.98096,863.2719,427.5182,367.36932,879.0551,441.86087,-117.46079,984.0117,427.33307,342.009,1012.34436,446.1045,-145.45222
FLIPPED Fitness_Glute_Bridge_1663860317099_1663860325034_1663860325034.jpg,945.53455,489.4407,31.567837,966.6684,502.8749,3.5034413,966.96967,506.80334,3.5668652,967.2315,510.9368,3.412739,966.731,500.05972,52.143547,967.017,501.63757,52.214783,967.3744,503.56805,52.26017,959.8939,539.1906,-70.64481,960.00183,533.0496,153.85516,925.6157,500.0158,9.949189,925.14526,496.53815,74.22879,838.65125,571.01904,-185.78539,829.3155,537.7938,264.63535,647.95917,602.66125,-187.15125,647.5351,569.18304,305.12796,470.4417,604.30994,-162.69543,489.57025,584.96027,284.87396,421.6731,611.55695,-201.10098,444.65152,593.3018,287.276,416.93674,606.23004,-189.89368,436.47244,591.7256,250.67857,433.46707,601.7248,-155.24182,455.08145,586.4717,266.29837,564.84674,369.2141,-162.54321,572.65857,359.56134,162.29968,252.25461,301.77036,-293.41174,279.85114,306.4923,44.166348,314.5122,577.34393,-52.501953,321.43536,550.12286,352.5412,345.33133,603.40497,-28.007,358.56052,590.11694,384.9349,207.92552,621.63574,-32.399693,225.65686,598.8861,368.34955
FLIPPED GRT_Bridge_Pose_Yoga-1296x728-HEader.jpg,301.94684,414.2187,35.28639,284.1656,423.21252,49.125645,283.97012,424.2491,49.04838,283.70316,425.6125,49.003128,283.94873,426.81433,3.796952,283.50647,430.8218,3.7732844,283.07025,435.4271,3.691682,290.35678,448.85904,132.97946,288.13834,459.4261,-74.19676,321.21564,419.0301,72.59731,320.16644,422.70032,13.703837,398.642,454.94116,239.78235,387.5222,492.21024,-179.65717,532.51746,477.87262,325.47275,531.39954,508.51468,-213.98906,651.2889,477.15536,338.34076,658.8364,496.66983,-174.724,687.49005,476.70737,347.56406,704.70026,505.10782,-194.91399,691.8971,477.45966,316.80008,712.7295,501.78278,-181.46298,675.9683,475.8821,322.9667,693.4094,494.10287,-164.96461,604.49054,328.8093,143.95085,605.1402,339.47357,-143.73225,793.1612,257.68652,116.827576,805.4854,263.91318,-216.47137,849.99615,456.76105,264.27048,866.97046,478.9701,-78.071365,842.40356,497.06973,278.30942,861.9627,514.80347,-61.948143,937.82776,488.85724,259.96234,969.5678,513.3192,-82.44529
FLIPPED Glute-Bridge-1280x720.jpg,1020.14844,410.08127,90.6875,1038.6936,428.2348,53.02181,1038.2797,432.3178,53.06748,1037.865,436.5967,52.969093,1039.188,424.9486,115.91693,1039.1104,426.6726,116.02477,1039.1289,428.50842,115.87663,1024.2175,470.84537,-49.273907,1026.4143,460.84235,228.41376,995.8528,418.31195,58.968422,996.56055,413.52454,139.44356,900.4717,502.7146,-246.17342,889.1664,453.4582,408.19043,703.0801,534.754,-272.87195,705.15924,477.8591,492.1164,511.26288,542.11456,-213.84491,560.4186,480.1877,471.1345,448.04965,560.8947,-259.79514,511.5542,498.7028,487.78845,442.3916,547.40845,-238.58469,516.48895,483.01993,444.30536,466.80478,536.9202,-200.52538,524.59644,481.48895,449.32483,566.43536,392.72925,-210.08202,576.06683,362.59097,209.74307,319.2329,190.01381,-331.80634,331.3924,198.69958,149.79811,281.44852,471.411,-63.697266,292.6258,451.9583,389.04688,309.27054,512.87274,-40.92446,312.347,493.51593,406.50653,155.06985,532.5815,-43.771305,174.65645,512.33203,375.19882
FLIPPED Glute-Bridge-STACK.jpg,517.41956,198.91603,28.714172,527.06213,207.79602,7.8703437,526.9971,209.9652,7.9192266,527.053,212.28468,7.8890276,527.3027,206.20444,39.48337,527.40826,207.31204,39.513603,527.63824,208.52428,39.462315,521.6378,230.90381,-43.20883,521.5967,227.01215,98.67804,505.69968,203.71333,14.09083,505.90234,201.57043,55.013767,458.74982,249.0875,-126.23309,451.44006,225.89597,186.17168,362.659,263.96957,-151.39134,361.8878,230.87422,221.80362,266.6957,268.17947,-144.86797,279.13034,236.77763,206.7615,238.90642,275.49606,-168.86864,257.4689,245.10689,214.36452,235.70695,269.82672,-155.66504,253.88873,244.4485,189.43102,245.63034,266.03033,-137.90076,262.86237,245.48375,194.83282,283.86874,162.87437,-103.44902,292.04678,151.14093,103.314,139.49512,93.52905,-163.98022,152.68884,100.906334,98.377396,146.97913,246.43443,-43.248985,147.22078,237.85255,200.58176,163.50479,271.6074,-32.091534,162.00847,262.42697,207.02725,85.21637,278.30225,-25.876778,86.50603,270.95865,188.05191
FLIPPED Glute-Bridge.jpg,508.43768,224.62926,29.25573,518.4084,233.70569,10.462617,518.3074,235.58957,10.491115,518.20807,237.71722,10.446197,518.7319,231.92288,42.058777,518.8262,232.61919,42.116516,518.97534,233.3767,42.056526,511.41327,255.34105,-40.066303,513.0751,250.47174,99.76131,495.826,229.50957,13.495031,496.43338,226.62909,54.036903,448.23022,270.90387,-137.3193,444.0658,249.66989,192.19847,349.48462,288.1601,-146.72795,350.36774,260.51263,230.88211,246.71043,291.5668,-113.351074,275.18533,262.64902,211.49641,214.96136,301.8649,-139.07144,253.56088,271.06268,219.19193,211.3776,295.4624,-128.82986,252.21785,270.652,195.4058,224.53996,289.9723,-106.94549,258.6535,263.90265,199.88655,282.91498,213.99663,-107.18262,288.7943,199.84158,107.04797,156.85194,112.91188,-169.10736,164.6904,116.83803,84.815636,142.84837,254.65388,-27.353664,148.45425,248.11856,199.91495,158.16888,275.62854,-15.26811,159.76392,266.8329,207.48,85.67398,285.0419,-8.294204,89.607124,280.82016,196.85805
FLIPPED Glute_Bridge_2400x.jpg,699.26056,917.19055,42.814793,674.39124,932.9401,68.01949,673.9813,936.45,67.929794,673.6479,940.3929,67.91763,674.58,934.6859,-5.0807343,674.1841,939.57446,-5.103242,673.66516,945.14703,-5.317665,685.95703,983.0376,205.65172,681.56604,990.51746,-125.367325,730.1252,928.9009,102.61822,729.8458,931.20746,8.33386,867.07764,975.8916,391.32385,837.13074,1035.903,-318.4148,1082.7428,1006.4541,484.93985,1071.7743,1072.0317,-405.2777,1288.4559,1008.6919,425.10144,1299.4673,1086.0018,-405.44446,1353.7476,1008.6273,419.36975,1372.2567,1099.3464,-453.86526,1364.2898,1010.9363,368.10822,1375.8944,1081.0923,-450.69034,1340.5449,1010.7361,397.32208,1353.3861,1072.4344,-399.10223,1228.3832,802.10266,245.2828,1229.6132,819.7815,-245.31407,1572.316,685.6667,191.64928,1586.8762,687.3391,-346.77432,1709.7118,959.33887,410.27692,1736.0526,1007.4329,-196.37697,1703.7339,1021.1331,428.3186,1719.9216,1067.318,-180.5672,1811.3291,980.4525,385.8322,1872.244,1042.1222,-240.17986
FLIPPED IMG_4826 copy 10.png,1569.1401,1751.9484,-378.05646,1587.1556,1775.26,-434.44363,1586.9602,1780.8174,-434.4842,1587.0492,1786.3154,-434.69785,1589.2515,1770.0005,-362.48633,1590.2163,1772.2075,-362.5351,1591.4055,1774.65,-362.6418,1572.6011,1830.2828,-559.50433,1577.455,1815.66,-231.83273,1540.2505,1761.4937,-410.50488,1544.2102,1755.8512,-315.70404,1393.511,1872.0929,-641.26685,1457.9819,1788.1375,24.070957,1154.901,1872.4159,-668.58997,1260.0438,1755.0376,282.47873,944.8933,1850.19,-683.5417,1180.1749,1699.9393,368.5841,875.27277,1859.162,-743.44745,1155.8912,1687.4968,403.9659,874.757,1843.2625,-740.21594,1165.7771,1675.4727,325.98627,896.3069,1836.9873,-678.1289,1170.8759,1681.422,338.0212,1040.5696,1635.4335,-236.7352,1107.3759,1586.3278,236.75563,795.6761,1450.5331,-271.99722,876.4789,1465.7198,396.7753,653.34283,1712.6593,-21.860939,779.1712,1632.3407,676.1472,650.7304,1771.7616,4.6791553,784.4961,1691.2421,705.6971,530.8861,1662.1733,-11.644208,637.72046,1658.7255,715.01654
FLIPPED IMG_4826 copy 11.png,1569.1401,1751.9484,-378.05646,1587.1556,1775.26,-434.44363,1586.9602,1780.8174,-434.4842,1587.0492,1786.3154,-434.69785,1589.2515,1770.0005,-362.48633,1590.2163,1772.2075,-362.5351,1591.4055,1774.65,-362.6418,1572.6011,1830.2828,-559.50433,1577.455,1815.66,-231.83273,1540.2505,1761.4937,-410.50488,1544.2102,1755.8512,-315.70404,1393.511,1872.0929,-641.26685,1457.9819,1788.1375,24.070957,1154.901,1872.4159,-668.58997,1260.0438,1755.0376,282.47873,944.8933,1850.19,-683.5417,1180.1749,1699.9393,368.5841,875.27277,1859.162,-743.44745,1155.8912,1687.4968,403.9659,874.757,1843.2625,-740.21594,1165.7771,1675.4727,325.98627,896.3069,1836.9873,-678.1289,1170.8759,1681.422,338.0212,1040.5696,1635.4335,-236.7352,1107.3759,1586.3278,236.75563,795.6761,1450.5331,-271.99722,876.4789,1465.7198,396.7753,653.34283,1712.6593,-21.860939,779.1712,1632.3407,676.1472,650.7304,1771.7616,4.6791553,784.4961,1691.2421,705.6971,530.8861,1662.1733,-11.644208,637.72046,1658.7255,715.01654
FLIPPED IMG_4826 copy 12.png,1569.1401,1751.9484,-378.05646,1587.1556,1775.26,-434.44363,1586.9602,1780.8174,-434.4842,1587.0492,1786.3154,-434.69785,1589.2515,1770.0005,-362.48633,1590.2163,1772.2075,-362.5351,1591.4055,1774.65,-362.6418,1572.6011,1830.2828,-559.50433,1577.455,1815.66,-231.83273,1540.2505,1761.4937,-410.50488,1544.2102,1755.8512,-315.70404,1393.511,1872.0929,-641.26685,1457.9819,1788.1375,24.070957,1154.901,1872.4159,-668.58997,1260.0438,1755.0376,282.47873,944.8933,1850.19,-683.5417,1180.1749,1699.9393,368.5841,875.27277,1859.162,-743.44745,1155.8912,1687.4968,403.9659,874.757,1843.2625,-740.21594,1165.7771,1675.4727,325.98627,896.3069,1836.9873,-678.1289,1170.8759,1681.422,338.0212,1040.5696,1635.4335,-236.7352,1107.3759,1586.3278,236.75563,795.6761,1450.5331,-271.99722,876.4789,1465.7198,396.7753,653.34283,1712.6593,-21.860939,779.1712,1632.3407,676.1472,650.7304,1771.7616,4.6791553,784.4961,1691.2421,705.6971,530.8861,1662.1733,-11.644208,637.72046,1658.7255,715.01654
FLIPPED IMG_4826 copy 13.png,1569.1401,1751.9484,-378.05646,1587.1556,1775.26,-434.44363,1586.9602,1780.8174,-434.4842,1587.0492,1786.3154,-434.69785,1589.2515,1770.0005,-362.48633,1590.2163,1772.2075,-362.5351,1591.4055,1774.65,-362.6418,1572.6011,1830.2828,-559.50433,1577.455,1815.66,-231.83273,1540.2505,1761.4937,-410.50488,1544.2102,1755.8512,-315.70404,1393.511,1872.0929,-641.26685,1457.9819,1788.1375,24.070957,1154.901,1872.4159,-668.58997,1260.0438,1755.0376,282.47873,944.8933,1850.19,-683.5417,1180.1749,1699.9393,368.5841,875.27277,1859.162,-743.44745,1155.8912,1687.4968,403.9659,874.757,1843.2625,-740.21594,1165.7771,1675.4727,325.98627,896.3069,1836.9873,-678.1289,1170.8759,1681.422,338.0212,1040.5696,1635.4335,-236.7352,1107.3759,1586.3278,236.75563,795.6761,1450.5331,-271.99722,876.4789,1465.7198,396.7753,653.34283,1712.6593,-21.860939,779.1712,1632.3407,676.1472,650.7304,1771.7616,4.6791553,784.4961,1691.2421,705.6971,530.8861,1662.1733,-11.644208,637.72046,1658.7255,715.01654
FLIPPED IMG_4826 copy 14.png,1569.1401,1751.9484,-378.05646,1587.1556,1775.26,-434.44363,1586.9602,1780.8174,-434.4842,1587.0492,1786.3154,-434.69785,1589.2515,1770.0005,-362.48633,1590.2163,1772.2075,-362.5351,1591.4055,1774.65,-362.6418,1572.6011,1830.2828,-559.50433,1577.455,1815.66,-231.83273,1540.2505,1761.4937,-410.50488,1544.2102,1755.8512,-315.70404,1393.511,1872.0929,-641.26685,1457.9819,1788.1375,24.070957,1154.901,1872.4159,-668.58997,1260.0438,1755.0376,282.47873,944.8933,1850.19,-683.5417,1180.1749,1699.9393,368.5841,875.27277,1859.162,-743.44745,1155.8912,1687.4968,403.9659,874.757,1843.2625,-740.21594,1165.7771,1675.4727,325.98627,896.3069,1836.9873,-678.1289,1170.8759,1681.422,338.0212,1040.5696,1635.4335,-236.7352,1107.3759,1586.3278,236.75563,795.6761,1450.5331,-271.99722,876.4789,1465.7198,396.7753,653.34283,1712.6593,-21.860939,779.1712,1632.3407,676.1472,650.7304,1771.7616,4.6791553,784.4961,1691.2421,705.6971,530.8861,1662.1733,-11.644208,637.72046,1658.7255,715.01654
FLIPPED IMG_4826 copy 15.png,1569.1401,1751.9484,-378.05646,1587.1556,1775.26,-434.44363,1586.9602,1780.8174,-434.4842,1587.0492,1786.3154,-434.69785,1589.2515,1770.0005,-362.48633,1590.2163,1772.2075,-362.5351,1591.4055,1774.65,-362.6418,1572.6011,1830.2828,-559.50433,1577.455,1815.66,-231.83273,1540.2505,1761.4937,-410.50488,1544.2102,1755.8512,-315.70404,1393.511,1872.0929,-641.26685,1457.9819,1788.1375,24.070957,1154.901,1872.4159,-668.58997,1260.0438,1755.0376,282.47873,944.8933,1850.19,-683.5417,1180.1749,1699.9393,368.5841,875.27277,1859.162,-743.44745,1155.8912,1687.4968,403.9659,874.757,1843.2625,-740.21594,1165.7771,1675.4727,325.98627,896.3069,1836.9873,-678.1289,1170.8759,1681.422,338.0212,1040.5696,1635.4335,-236.7352,1107.3759,1586.3278,236.75563,795.6761,1450.5331,-271.99722,876.4789,1465.7198,396.7753,653.34283,1712.6593,-21.860939,779.1712,1632.3407,676.1472,650.7304,1771.7616,4.6791553,784.4961,1691.2421,705.6971,530.8861,1662.1733,-11.644208,637.72046,1658.7255,715.01654
FLIPPED IMG_4826 copy 16.png,1569.1401,1751.9484,-378.05646,1587.1556,1775.26,-434.44363,1586.9602,1780.8174,-434.4842,1587.0492,1786.3154,-434.69785,1589.2515,1770.0005,-362.48633,1590.2163,1772.2075,-362.5351,1591.4055,1774.65,-362.6418,1572.6011,1830.2828,-559.50433,1577.455,1815.66,-231.83273,1540.2505,1761.4937,-410.50488,1544.2102,1755.8512,-315.70404,1393.511,1872.0929,-641.26685,1457.9819,1788.1375,24.070957,1154.901,1872.4159,-668.58997,1260.0438,1755.0376,282.47873,944.8933,1850.19,-683.5417,1180.1749,1699.9393,368.5841,875.27277,1859.162,-743.44745,1155.8912,1687.4968,403.9659,874.757,1843.2625,-740.21594,1165.7771,1675.4727,325.98627,896.3069,1836.9873,-678.1289,1170.8759,1681.422,338.0212,1040.5696,1635.4335,-236.7352,1107.3759,1586.3278,236.75563,795.6761,1450.5331,-271.99722,876.4789,1465.7198,396.7753,653.34283,1712.6593,-21.860939,779.1712,1632.3407,676.1472,650.7304,1771.7616,4.6791553,784.4961,1691.2421,705.6971,530.8861,1662.1733,-11.644208,637.72046,1658.7255,715.01654
FLIPPED IMG_4826 copy 17.png,1569.1401,1751.9484,-378.05646,1587.1556,1775.26,-434.44363,1586.9602,1780.8174,-434.4842,1587.0492,1786.3154,-434.69785,1589.2515,1770.0005,-362.48633,1590.2163,1772.2075,-362.5351,1591.4055,1774.65,-362.6418,1572.6011,1830.2828,-559.50433,1577.455,1815.66,-231.83273,1540.2505,1761.4937,-410.50488,1544.2102,1755.8512,-315.70404,1393.511,1872.0929,-641.26685,1457.9819,1788.1375,24.070957,1154.901,1872.4159,-668.58997,1260.0438,1755.0376,282.47873,944.8933,1850.19,-683.5417,1180.1749,1699.9393,368.5841,875.27277,1859.162,-743.44745,1155.8912,1687.4968,403.9659,874.757,1843.2625,-740.21594,1165.7771,1675.4727,325.98627,896.3069,1836.9873,-678.1289,1170.8759,1681.422,338.0212,1040.5696,1635.4335,-236.7352,1107.3759,1586.3278,236.75563,795.6761,1450.5331,-271.99722,876.4789,1465.7198,396.7753,653.34283,1712.6593,-21.860939,779.1712,1632.3407,676.1472,650.7304,1771.7616,4.6791553,784.4961,1691.2421,705.6971,530.8861,1662.1733,-11.644208,637.72046,1658.7255,715.01654
FLIPPED IMG_4826 copy 18.png,1569.1401,1751.9484,-378.05646,1587.1556,1775.26,-434.44363,1586.9602,1780.8174,-434.4842,1587.0492,1786.3154,-434.69785,1589.2515,1770.0005,-362.48633,1590.2163,1772.2075,-362.5351,1591.4055,1774.65,-362.6418,1572.6011,1830.2828,-559.50433,1577.455,1815.66,-231.83273,1540.2505,1761.4937,-410.50488,1544.2102,1755.8512,-315.70404,1393.511,1872.0929,-641.26685,1457.9819,1788.1375,24.070957,1154.901,1872.4159,-668.58997,1260.0438,1755.0376,282.47873,944.8933,1850.19,-683.5417,1180.1749,1699.9393,368.5841,875.27277,1859.162,-743.44745,1155.8912,1687.4968,403.9659,874.757,1843.2625,-740.21594,1165.7771,1675.4727,325.98627,896.3069,1836.9873,-678.1289,1170.8759,1681.422,338.0212,1040.5696,1635.4335,-236.7352,1107.3759,1586.3278,236.75563,795.6761,1450.5331,-271.99722,876.4789,1465.7198,396.7753,653.34283,1712.6593,-21.860939,779.1712,1632.3407,676.1472,650.7304,1771.7616,4.6791553,784.4961,1691.2421,705.6971,530.8861,1662.1733,-11.644208,637.72046,1658.7255,715.01654
FLIPPED IMG_4826 copy 19.png,1569.1401,1751.9484,-378.05646,1587.1556,1775.26,-434.44363,1586.9602,1780.8174,-434.4842,1587.0492,1786.3154,-434.69785,1589.2515,1770.0005,-362.48633,1590.2163,1772.2075,-362.5351,1591.4055,1774.65,-362.6418,1572.6011,1830.2828,-559.50433,1577.455,1815.66,-231.83273,1540.2505,1761.4937,-410.50488,1544.2102,1755.8512,-315.70404,1393.511,1872.0929,-641.26685,1457.9819,1788.1375,24.070957,1154.901,1872.4159,-668.58997,1260.0438,1755.0376,282.47873,944.8933,1850.19,-683.5417,1180.1749,1699.9393,368.5841,875.27277,1859.162,-743.44745,1155.8912,1687.4968,403.9659,874.757,1843.2625,-740.21594,1165.7771,1675.4727,325.98627,896.3069,1836.9873,-678.1289,1170.8759,1681.422,338.0212,1040.5696,1635.4335,-236.7352,1107.3759,1586.3278,236.75563,795.6761,1450.5331,-271.99722,876.4789,1465.7198,396.7753,653.34283,1712.6593,-21.860939,779.1712,1632.3407,676.1472,650.7304,1771.7616,4.6791553,784.4961,1691.2421,705.6971,530.8861,1662.1733,-11.644208,637.72046,1658.7255,715.01654
FLIPPED IMG_4826 copy 2.png,1569.1401,1751.9484,-378.05646,1587.1556,1775.26,-434.44363,1586.9602,1780.8174,-434.4842,1587.0492,1786.3154,-434.69785,1589.2515,1770.0005,-362.48633,1590.2163,1772.2075,-362.5351,1591.4055,1774.65,-362.6418,1572.6011,1830.2828,-559.50433,1577.455,1815.66,-231.83273,1540.2505,1761.4937,-410.50488,1544.2102,1755.8512,-315.70404,1393.511,1872.0929,-641.26685,1457.9819,1788.1375,24.070957,1154.901,1872.4159,-668.58997,1260.0438,1755.0376,282.47873,944.8933,1850.19,-683.5417,1180.1749,1699.9393,368.5841,875.27277,1859.162,-743.44745,1155.8912,1687.4968,403.9659,874.757,1843.2625,-740.21594,1165.7771,1675.4727,325.98627,896.3069,1836.9873,-678.1289,1170.8759,1681.422,338.0212,1040.5696,1635.4335,-236.7352,1107.3759,1586.3278,236.75563,795.6761,1450.5331,-271.99722,876.4789,1465.7198,396.7753,653.34283,1712.6593,-21.860939,779.1712,1632.3407,676.1472,650.7304,1771.7616,4.6791553,784.4961,1691.2421,705.6971,530.8861,1662.1733,-11.644208,637.72046,1658.7255,715.01654
FLIPPED IMG_4826 copy 20.png,1569.1401,1751.9484,-378.05646,1587.1556,1775.26,-434.44363,1586.9602,1780.8174,-434.4842,1587.0492,1786.3154,-434.69785,1589.2515,1770.0005,-362.48633,1590.2163,1772.2075,-362.5351,1591.4055,1774.65,-362.6418,1572.6011,1830.2828,-559.50433,1577.455,1815.66,-231.83273,1540.2505,1761.4937,-410.50488,1544.2102,1755.8512,-315.70404,1393.511,1872.0929,-641.26685,1457.9819,1788.1375,24.070957,1154.901,1872.4159,-668.58997,1260.0438,1755.0376,282.47873,944.8933,1850.19,-683.5417,1180.1749,1699.9393,368.5841,875.27277,1859.162,-743.44745,1155.8912,1687.4968,403.9659,874.757,1843.2625,-740.21594,1165.7771,1675.4727,325.98627,896.3069,1836.9873,-678.1289,1170.8759,1681.422,338.0212,1040.5696,1635.4335,-236.7352,1107.3759,1586.3278,236.75563,795.6761,1450.5331,-271.99722,876.4789,1465.7198,396.7753,653.34283,1712.6593,-21.860939,779.1712,1632.3407,676.1472,650.7304,1771.7616,4.6791553,784.4961,1691.2421,705.6971,530.8861,1662.1733,-11.644208,637.72046,1658.7255,715.01654
FLIPPED IMG_4826 copy 21.png,1569.1401,1751.9484,-378.05646,1587.1556,1775.26,-434.44363,1586.9602,1780.8174,-434.4842,1587.0492,1786.3154,-434.69785,1589.2515,1770.0005,-362.48633,1590.2163,1772.2075,-362.5351,1591.4055,1774.65,-362.6418,1572.6011,1830.2828,-559.50433,1577.455,1815.66,-231.83273,1540.2505,1761.4937,-410.50488,1544.2102,1755.8512,-315.70404,1393.511,1872.0929,-641.26685,1457.9819,1788.1375,24.070957,1154.901,1872.4159,-668.58997,1260.0438,1755.0376,282.47873,944.8933,1850.19,-683.5417,1180.1749,1699.9393,368.5841,875.27277,1859.162,-743.44745,1155.8912,1687.4968,403.9659,874.757,1843.2625,-740.21594,1165.7771,1675.4727,325.98627,896.3069,1836.9873,-678.1289,1170.8759,1681.422,338.0212,1040.5696,1635.4335,-236.7352,1107.3759,1586.3278,236.75563,795.6761,1450.5331,-271.99722,876.4789,1465.7198,396.7753,653.34283,1712.6593,-21.860939,779.1712,1632.3407,676.1472,650.7304,1771.7616,4.6791553,784.4961,1691.2421,705.6971,530.8861,1662.1733,-11.644208,637.72046,1658.7255,715.01654
FLIPPED IMG_4826 copy 22.png,1569.1401,1751.9484,-378.05646,1587.1556,1775.26,-434.44363,1586.9602,1780.8174,-434.4842,1587.0492,1786.3154,-434.69785,1589.2515,1770.0005,-362.48633,1590.2163,1772.2075,-362.5351,1591.4055,1774.65,-362.6418,1572.6011,1830.2828,-559.50433,1577.455,1815.66,-231.83273,1540.2505,1761.4937,-410.50488,1544.2102,1755.8512,-315.70404,1393.511,1872.0929,-641.26685,1457.9819,1788.1375,24.070957,1154.901,1872.4159,-668.58997,1260.0438,1755.0376,282.47873,944.8933,1850.19,-683.5417,1180.1749,1699.9393,368.5841,875.27277,1859.162,-743.44745,1155.8912,1687.4968,403.9659,874.757,1843.2625,-740.21594,1165.7771,1675.4727,325.98627,896.3069,1836.9873,-678.1289,1170.8759,1681.422,338.0212,1040.5696,1635.4335,-236.7352,1107.3759,1586.3278,236.75563,795.6761,1450.5331,-271.99722,876.4789,1465.7198,396.7753,653.34283,1712.6593,-21.860939,779.1712,1632.3407,676.1472,650.7304,1771.7616,4.6791553,784.4961,1691.2421,705.6971,530.8861,1662.1733,-11.644208,637.72046,1658.7255,715.01654
FLIPPED IMG_4826 copy 23.png,1569.1401,1751.9484,-378.05646,1587.1556,1775.26,-434.44363,1586.9602,1780.8174,-434.4842,1587.0492,1786.3154,-434.69785,1589.2515,1770.0005,-362.48633,1590.2163,1772.2075,-362.5351,1591.4055,1774.65,-362.6418,1572.6011,1830.2828,-559.50433,1577.455,1815.66,-231.83273,1540.2505,1761.4937,-410.50488,1544.2102,1755.8512,-315.70404,1393.511,1872.0929,-641.26685,1457.9819,1788.1375,24.070957,1154.901,1872.4159,-668.58997,1260.0438,1755.0376,282.47873,944.8933,1850.19,-683.5417,1180.1749,1699.9393,368.5841,875.27277,1859.162,-743.44745,1155.8912,1687.4968,403.9659,874.757,1843.2625,-740.21594,1165.7771,1675.4727,325.98627,896.3069,1836.9873,-678.1289,1170.8759,1681.422,338.0212,1040.5696,1635.4335,-236.7352,1107.3759,1586.3278,236.75563,795.6761,1450.5331,-271.99722,876.4789,1465.7198,396.7753,653.34283,1712.6593,-21.860939,779.1712,1632.3407,676.1472,650.7304,1771.7616,4.6791553,784.4961,1691.2421,705.6971,530.8861,1662.1733,-11.644208,637.72046,1658.7255,715.01654
FLIPPED IMG_4826 copy 24.png,1569.1401,1751.9484,-378.05646,1587.1556,1775.26,-434.44363,1586.9602,1780.8174,-434.4842,1587.0492,1786.3154,-434.69785,1589.2515,1770.0005,-362.48633,1590.2163,1772.2075,-362.5351,1591.4055,1774.65,-362.6418,1572.6011,1830.2828,-559.50433,1577.455,1815.66,-231.83273,1540.2505,1761.4937,-410.50488,1544.2102,1755.8512,-315.70404,1393.511,1872.0929,-641.26685,1457.9819,1788.1375,24.070957,1154.901,1872.4159,-668.58997,1260.0438,1755.0376,282.47873,944.8933,1850.19,-683.5417,1180.1749,1699.9393,368.5841,875.27277,1859.162,-743.44745,1155.8912,1687.4968,403.9659,874.757,1843.2625,-740.21594,1165.7771,1675.4727,325.98627,896.3069,1836.9873,-678.1289,1170.8759,1681.422,338.0212,1040.5696,1635.4335,-236.7352,1107.3759,1586.3278,236.75563,795.6761,1450.5331,-271.99722,876.4789,1465.7198,396.7753,653.34283,1712.6593,-21.860939,779.1712,1632.3407,676.1472,650.7304,1771.7616,4.6791553,784.4961,1691.2421,705.6971,530.8861,1662.1733,-11.644208,637.72046,1658.7255,715.01654
FLIPPED IMG_4826 copy 25.png,1569.1401,1751.9484,-378.05646,1587.1556,1775.26,-434.44363,1586.9602,1780.8174,-434.4842,1587.0492,1786.3154,-434.69785,1589.2515,1770.0005,-362.48633,1590.2163,1772.2075,-362.5351,1591.4055,1774.65,-362.6418,1572.6011,1830.2828,-559.50433,1577.455,1815.66,-231.83273,1540.2505,1761.4937,-410.50488,1544.2102,1755.8512,-315.70404,1393.511,1872.0929,-641.26685,1457.9819,1788.1375,24.070957,1154.901,1872.4159,-668.58997,1260.0438,1755.0376,282.47873,944.8933,1850.19,-683.5417,1180.1749,1699.9393,368.5841,875.27277,1859.162,-743.44745,1155.8912,1687.4968,403.9659,874.757,1843.2625,-740.21594,1165.7771,1675.4727,325.98627,896.3069,1836.9873,-678.1289,1170.8759,1681.422,338.0212,1040.5696,1635.4335,-236.7352,1107.3759,1586.3278,236.75563,795.6761,1450.5331,-271.99722,876.4789,1465.7198,396.7753,653.34283,1712.6593,-21.860939,779.1712,1632.3407,676.1472,650.7304,1771.7616,4.6791553,784.4961,1691.2421,705.6971,530.8861,1662.1733,-11.644208,637.72046,1658.7255,715.01654
FLIPPED IMG_4826 copy 26.png,1569.1401,1751.9484,-378.05646,1587.1556,1775.26,-434.44363,1586.9602,1780.8174,-434.4842,1587.0492,1786.3154,-434.69785,1589.2515,1770.0005,-362.48633,1590.2163,1772.2075,-362.5351,1591.4055,1774.65,-362.6418,1572.6011,1830.2828,-559.50433,1577.455,1815.66,-231.83273,1540.2505,1761.4937,-410.50488,1544.2102,1755.8512,-315.70404,1393.511,1872.0929,-641.26685,1457.9819,1788.1375,24.070957,1154.901,1872.4159,-668.58997,1260.0438,1755.0376,282.47873,944.8933,1850.19,-683.5417,1180.1749,1699.9393,368.5841,875.27277,1859.162,-743.44745,1155.8912,1687.4968,403.9659,874.757,1843.2625,-740.21594,1165.7771,1675.4727,325.98627,896.3069,1836.9873,-678.1289,1170.8759,1681.422,338.0212,1040.5696,1635.4335,-236.7352,1107.3759,1586.3278,236.75563,795.6761,1450.5331,-271.99722,876.4789,1465.7198,396.7753,653.34283,1712.6593,-21.860939,779.1712,1632.3407,676.1472,650.7304,1771.7616,4.6791553,784.4961,1691.2421,705.6971,530.8861,1662.1733,-11.644208,637.72046,1658.7255,715.01654
FLIPPED IMG_4826 copy 27.png,1569.1401,1751.9484,-378.05646,1587.1556,1775.26,-434.44363,1586.9602,1780.8174,-434.4842,1587.0492,1786.3154,-434.69785,1589.2515,1770.0005,-362.48633,1590.2163,1772.2075,-362.5351,1591.4055,1774.65,-362.6418,1572.6011,1830.2828,-559.50433,1577.455,1815.66,-231.83273,1540.2505,1761.4937,-410.50488,1544.2102,1755.8512,-315.70404,1393.511,1872.0929,-641.26685,1457.9819,1788.1375,24.070957,1154.901,1872.4159,-668.58997,1260.0438,1755.0376,282.47873,944.8933,1850.19,-683.5417,1180.1749,1699.9393,368.5841,875.27277,1859.162,-743.44745,1155.8912,1687.4968,403.9659,874.757,1843.2625,-740.21594,1165.7771,1675.4727,325.98627,896.3069,1836.9873,-678.1289,1170.8759,1681.422,338.0212,1040.5696,1635.4335,-236.7352,1107.3759,1586.3278,236.75563,795.6761,1450.5331,-271.99722,876.4789,1465.7198,396.7753,653.34283,1712.6593,-21.860939,779.1712,1632.3407,676.1472,650.7304,1771.7616,4.6791553,784.4961,1691.2421,705.6971,530.8861,1662.1733,-11.644208,637.72046,1658.7255,715.01654
FLIPPED IMG_4826 copy 3.png,1569.1401,1751.9484,-378.05646,1587.1556,1775.26,-434.44363,1586.9602,1780.8174,-434.4842,1587.0492,1786.3154,-434.69785,1589.2515,1770.0005,-362.48633,1590.2163,1772.2075,-362.5351,1591.4055,1774.65,-362.6418,1572.6011,1830.2828,-559.50433,1577.455,1815.66,-231.83273,1540.2505,1761.4937,-410.50488,1544.2102,1755.8512,-315.70404,1393.511,1872.0929,-641.26685,1457.9819,1788.1375,24.070957,1154.901,1872.4159,-668.58997,1260.0438,1755.0376,282.47873,944.8933,1850.19,-683.5417,1180.1749,1699.9393,368.5841,875.27277,1859.162,-743.44745,1155.8912,1687.4968,403.9659,874.757,1843.2625,-740.21594,1165.7771,1675.4727,325.98627,896.3069,1836.9873,-678.1289,1170.8759,1681.422,338.0212,1040.5696,1635.4335,-236.7352,1107.3759,1586.3278,236.75563,795.6761,1450.5331,-271.99722,876.4789,1465.7198,396.7753,653.34283,1712.6593,-21.860939,779.1712,1632.3407,676.1472,650.7304,1771.7616,4.6791553,784.4961,1691.2421,705.6971,530.8861,1662.1733,-11.644208,637.72046,1658.7255,715.01654
FLIPPED IMG_4826 copy 4.png,1569.1401,1751.9484,-378.05646,1587.1556,1775.26,-434.44363,1586.9602,1780.8174,-434.4842,1587.0492,1786.3154,-434.69785,1589.2515,1770.0005,-362.48633,1590.2163,1772.2075,-362.5351,1591.4055,1774.65,-362.6418,1572.6011,1830.2828,-559.50433,1577.455,1815.66,-231.83273,1540.2505,1761.4937,-410.50488,1544.2102,1755.8512,-315.70404,1393.511,1872.0929,-641.26685,1457.9819,1788.1375,24.070957,1154.901,1872.4159,-668.58997,1260.0438,1755.0376,282.47873,944.8933,1850.19,-683.5417,1180.1749,1699.9393,368.5841,875.27277,1859.162,-743.44745,1155.8912,1687.4968,403.9659,874.757,1843.2625,-740.21594,1165.7771,1675.4727,325.98627,896.3069,1836.9873,-678.1289,1170.8759,1681.422,338.0212,1040.5696,1635.4335,-236.7352,1107.3759,1586.3278,236.75563,795.6761,1450.5331,-271.99722,876.4789,1465.7198,396.7753,653.34283,1712.6593,-21.860939,779.1712,1632.3407,676.1472,650.7304,1771.7616,4.6791553,784.4961,1691.2421,705.6971,530.8861,1662.1733,-11.644208,637.72046,1658.7255,715.01654
FLIPPED IMG_4826 copy 5.png,1569.1401,1751.9484,-378.05646,1587.1556,1775.26,-434.44363,1586.9602,1780.8174,-434.4842,1587.0492,1786.3154,-434.69785,1589.2515,1770.0005,-362.48633,1590.2163,1772.2075,-362.5351,1591.4055,1774.65,-362.6418,1572.6011,1830.2828,-559.50433,1577.455,1815.66,-231.83273,1540.2505,1761.4937,-410.50488,1544.2102,1755.8512,-315.70404,1393.511,1872.0929,-641.26685,1457.9819,1788.1375,24.070957,1154.901,1872.4159,-668.58997,1260.0438,1755.0376,282.47873,944.8933,1850.19,-683.5417,1180.1749,1699.9393,368.5841,875.27277,1859.162,-743.44745,1155.8912,1687.4968,403.9659,874.757,1843.2625,-740.21594,1165.7771,1675.4727,325.98627,896.3069,1836.9873,-678.1289,1170.8759,1681.422,338.0212,1040.5696,1635.4335,-236.7352,1107.3759,1586.3278,236.75563,795.6761,1450.5331,-271.99722,876.4789,1465.7198,396.7753,653.34283,1712.6593,-21.860939,779.1712,1632.3407,676.1472,650.7304,1771.7616,4.6791553,784.4961,1691.2421,705.6971,530.8861,1662.1733,-11.644208,637.72046,1658.7255,715.01654
FLIPPED IMG_4826 copy 6.png,1569.1401,1751.9484,-378.05646,1587.1556,1775.26,-434.44363,1586.9602,1780.8174,-434.4842,1587.0492,1786.3154,-434.69785,1589.2515,1770.0005,-362.48633,1590.2163,1772.2075,-362.5351,1591.4055,1774.65,-362.6418,1572.6011,1830.2828,-559.50433,1577.455,1815.66,-231.83273,1540.2505,1761.4937,-410.50488,1544.2102,1755.8512,-315.70404,1393.511,1872.0929,-641.26685,1457.9819,1788.1375,24.070957,1154.901,1872.4159,-668.58997,1260.0438,1755.0376,282.47873,944.8933,1850.19,-683.5417,1180.1749,1699.9393,368.5841,875.27277,1859.162,-743.44745,1155.8912,1687.4968,403.9659,874.757,1843.2625,-740.21594,1165.7771,1675.4727,325.98627,896.3069,1836.9873,-678.1289,1170.8759,1681.422,338.0212,1040.5696,1635.4335,-236.7352,1107.3759,1586.3278,236.75563,795.6761,1450.5331,-271.99722,876.4789,1465.7198,396.7753,653.34283,1712.6593,-21.860939,779.1712,1632.3407,676.1472,650.7304,1771.7616,4.6791553,784.4961,1691.2421,705.6971,530.8861,1662.1733,-11.644208,637.72046,1658.7255,715.01654
FLIPPED IMG_4826 copy 7.png,1569.1401,1751.9484,-378.05646,1587.1556,1775.26,-434.44363,1586.9602,1780.8174,-434.4842,1587.0492,1786.3154,-434.69785,1589.2515,1770.0005,-362.48633,1590.2163,1772.2075,-362.5351,1591.4055,1774.65,-362.6418,1572.6011,1830.2828,-559.50433,1577.455,1815.66,-231.83273,1540.2505,1761.4937,-410.50488,1544.2102,1755.8512,-315.70404,1393.511,1872.0929,-641.26685,1457.9819,1788.1375,24.070957,1154.901,1872.4159,-668.58997,1260.0438,1755.0376,282.47873,944.8933,1850.19,-683.5417,1180.1749,1699.9393,368.5841,875.27277,1859.162,-743.44745,1155.8912,1687.4968,403.9659,874.757,1843.2625,-740.21594,1165.7771,1675.4727,325.98627,896.3069,1836.9873,-678.1289,1170.8759,1681.422,338.0212,1040.5696,1635.4335,-236.7352,1107.3759,1586.3278,236.75563,795.6761,1450.5331,-271.99722,876.4789,1465.7198,396.7753,653.34283,1712.6593,-21.860939,779.1712,1632.3407,676.1472,650.7304,1771.7616,4.6791553,784.4961,1691.2421,705.6971,530.8861,1662.1733,-11.644208,637.72046,1658.7255,715.01654
FLIPPED IMG_4826 copy 8.png,1569.1401,1751.9484,-378.05646,1587.1556,1775.26,-434.44363,1586.9602,1780.8174,-434.4842,1587.0492,1786.3154,-434.69785,1589.2515,1770.0005,-362.48633,1590.2163,1772.2075,-362.5351,1591.4055,1774.65,-362.6418,1572.6011,1830.2828,-559.50433,1577.455,1815.66,-231.83273,1540.2505,1761.4937,-410.50488,1544.2102,1755.8512,-315.70404,1393.511,1872.0929,-641.26685,1457.9819,1788.1375,24.070957,1154.901,1872.4159,-668.58997,1260.0438,1755.0376,282.47873,944.8933,1850.19,-683.5417,1180.1749,1699.9393,368.5841,875.27277,1859.162,-743.44745,1155.8912,1687.4968,403.9659,874.757,1843.2625,-740.21594,1165.7771,1675.4727,325.98627,896.3069,1836.9873,-678.1289,1170.8759,1681.422,338.0212,1040.5696,1635.4335,-236.7352,1107.3759,1586.3278,236.75563,795.6761,1450.5331,-271.99722,876.4789,1465.7198,396.7753,653.34283,1712.6593,-21.860939,779.1712,1632.3407,676.1472,650.7304,1771.7616,4.6791553,784.4961,1691.2421,705.6971,530.8861,1662.1733,-11.644208,637.72046,1658.7255,715.01654
FLIPPED IMG_4826 copy 9.png,1569.1401,1751.9484,-378.05646,1587.1556,1775.26,-434.44363,1586.9602,1780.8174,-434.4842,1587.0492,1786.3154,-434.69785,1589.2515,1770.0005,-362.48633,1590.2163,1772.2075,-362.5351,1591.4055,1774.65,-362.6418,1572.6011,1830.2828,-559.50433,1577.455,1815.66,-231.83273,1540.2505,1761.4937,-410.50488,1544.2102,1755.8512,-315.70404,1393.511,1872.0929,-641.26685,1457.9819,1788.1375,24.070957,1154.901,1872.4159,-668.58997,1260.0438,1755.0376,282.47873,944.8933,1850.19,-683.5417,1180.1749,1699.9393,368.5841,875.27277,1859.162,-743.44745,1155.8912,1687.4968,403.9659,874.757,1843.2625,-740.21594,1165.7771,1675.4727,325.98627,896.3069,1836.9873,-678.1289,1170.8759,1681.422,338.0212,1040.5696,1635.4335,-236.7352,1107.3759,1586.3278,236.75563,795.6761,1450.5331,-271.99722,876.4789,1465.7198,396.7753,653.34283,1712.6593,-21.860939,779.1712,1632.3407,676.1472,650.7304,1771.7616,4.6791553,784.4961,1691.2421,705.6971,530.8861,1662.1733,-11.644208,637.72046,1658.7255,715.01654
FLIPPED IMG_4826 copy.png,1569.1401,1751.9484,-378.05646,1587.1556,1775.26,-434.44363,1586.9602,1780.8174,-434.4842,1587.0492,1786.3154,-434.69785,1589.2515,1770.0005,-362.48633,1590.2163,1772.2075,-362.5351,1591.4055,1774.65,-362.6418,1572.6011,1830.2828,-559.50433,1577.455,1815.66,-231.83273,1540.2505,1761.4937,-410.50488,1544.2102,1755.8512,-315.70404,1393.511,1872.0929,-641.26685,1457.9819,1788.1375,24.070957,1154.901,1872.4159,-668.58997,1260.0438,1755.0376,282.47873,944.8933,1850.19,-683.5417,1180.1749,1699.9393,368.5841,875.27277,1859.162,-743.44745,1155.8912,1687.4968,403.9659,874.757,1843.2625,-740.21594,1165.7771,1675.4727,325.98627,896.3069,1836.9873,-678.1289,1170.8759,1681.422,338.0212,1040.5696,1635.4335,-236.7352,1107.3759,1586.3278,236.75563,795.6761,1450.5331,-271.99722,876.4789,1465.7198,396.7753,653.34283,1712.6593,-21.860939,779.1712,1632.3407,676.1472,650.7304,1771.7616,4.6791553,784.4961,1691.2421,705.6971,530.8861,1662.1733,-11.644208,637.72046,1658.7255,715.01654
FLIPPED IMG_4826.png,1569.1401,1751.9484,-378.05646,1587.1556,1775.26,-434.44363,1586.9602,1780.8174,-434.4842,1587.0492,1786.3154,-434.69785,1589.2515,1770.0005,-362.48633,1590.2163,1772.2075,-362.5351,1591.4055,1774.65,-362.6418,1572.6011,1830.2828,-559.50433,1577.455,1815.66,-231.83273,1540.2505,1761.4937,-410.50488,1544.2102,1755.8512,-315.70404,1393.511,1872.0929,-641.26685,1457.9819,1788.1375,24.070957,1154.901,1872.4159,-668.58997,1260.0438,1755.0376,282.47873,944.8933,1850.19,-683.5417,1180.1749,1699.9393,368.5841,875.27277,1859.162,-743.44745,1155.8912,1687.4968,403.9659,874.757,1843.2625,-740.21594,1165.7771,1675.4727,325.98627,896.3069,1836.9873,-678.1289,1170.8759,1681.422,338.0212,1040.5696,1635.4335,-236.7352,1107.3759,1586.3278,236.75563,795.6761,1450.5331,-271.99722,876.4789,1465.7198,396.7753,653.34283,1712.6593,-21.860939,779.1712,1632.3407,676.1472,650.7304,1771.7616,4.6791553,784.4961,1691.2421,705.6971,530.8861,1662.1733,-11.644208,637.72046,1658.7255,715.01654
FLIPPED IMG_4828.JPG,1706.3469,886.8698,-1870.8682,1671.3541,864.28174,-1926.7089,1663.2266,847.1866,-1926.4565,1653.3043,827.55096,-1926.9093,1673.2408,912.43164,-1914.8145,1667.1937,925.6805,-1915.1803,1658.2268,939.2453,-1915.2772,1598.3773,800.5673,-1729.8579,1604.4875,942.9061,-1677.3965,1708.7257,852.32275,-1748.8524,1705.3802,897.68,-1735.757,1665.0106,613.0303,-1265.7156,1699.8741,1022.42615,-1155.4739,1855.8983,457.79868,-896.49097,1870.8162,1061.946,-331.55984,2033.9441,376.92267,-905.78094,2057.4526,1013.9023,237.60423,2087.94,341.3685,-897.05304,2102.5483,1030.1282,344.10275,2089.3704,373.00632,-1000.5159,2106.4321,1017.31604,235.54834,2072.3896,394.73758,-931.8025,2093.0452,1004.4347,225.08345,2160.4785,625.9646,-50.24514,2188.7144,878.2426,49.504814,2576.334,540.6154,133.47943,2622.7295,844.45605,153.23137,2379.7205,445.71402,1410.6554,2543.776,837.393,1499.1055,2319.3044,457.87518,1563.4438,2509.8765,826.20044,1661.7831,2466.6033,412.8584,1682.5028,2645.4436,803.0415,1770.3049
FLIPPED IMG_4829.JPG,2061.243,439.06158,-1152.2452,2042.6033,412.1296,-1133.2692,2042.1544,408.30444,-1133.0573,2041.9132,404.02722,-1133.1113,2033.5995,423.01077,-1212.6771,2025.5211,428.26514,-1213.1104,2016.2668,433.9727,-1213.1976,2007.4238,414.42368,-880.63635,1957.3241,456.81305,-1242.1676,2070.1533,457.9907,-1036.8102,2054.9678,469.7116,-1142.3259,2052.5835,463.8502,-448.6684,1921.9335,644.53613,-1192.1666,2104.5374,609.85913,162.65666,1965.6744,847.9275,-956.0653,2223.51,767.3077,702.282,2003.0686,1058.5334,-547.8319,2260.3184,798.3555,840.5123,1996.8516,1130.3138,-514.6953,2275.8271,812.8162,793.2634,2015.6204,1132.9862,-534.10284,2256.6016,808.00525,699.5415,2022.6381,1111.274,-538.7406,2336.2788,793.1086,232.11513,2262.2466,903.60046,-232.86133,2587.944,909.36426,848.4479,2502.471,1177.9989,18.010002,2292.1272,957.6995,1592.4928,2218.1643,1215.6598,656.5602,2238.2935,945.1405,1682.6326,2145.417,1191.643,736.192,2270.445,1051.9683,1932.1097,2227.4553,1314.3922,877.23816
FLIPPED IMG_4830.JPG,1293.9003,408.7443,-1882.094,1249.7668,373.00516,-1824.8224,1247.4172,365.8261,-1824.6667,1244.9086,358.4226,-1825.0398,1240.9244,396.28317,-1955.1814,1231.3868,407.67053,-1955.8074,1220.1268,420.8931,-1956.1104,1199.3936,378.548,-1303.3083,1141.746,478.3639,-1898.1665,1314.9839,430.76407,-1656.0334,1299.014,460.80716,-1828.4639,1302.3483,446.15622,-522.4525,1166.1089,805.705,-1726.3125,1422.5594,633.1402,507.5869,1270.1792,1113.6489,-1186.4257,1640.9926,782.6385,1143.3777,1452.2819,1384.4166,-410.5033,1703.2528,808.3542,1315.9639,1466.1586,1492.7582,-345.88364,1726.3328,814.0412,1211.1027,1492.7295,1478.9407,-379.5744,1696.7739,819.66895,1119.7319,1504.6666,1436.8438,-392.43277,1826.8865,917.4062,370.30963,1718.4728,1119.6223,-370.26624,2251.2083,1191.5604,667.0421,2146.064,1456.7108,-259.9184,1990.7676,1371.3372,2100.3435,1862.7668,1690.4199,1132.5417,1930.5448,1376.1667,2263.03,1781.7422,1691.2509,1297.4523,2046.709,1516.942,2436.801,1945.2896,1820.6771,1358.849
FLIPPED IMG_4831.JPG,1406.9796,136.05011,-297.94553,1366.4039,98.17237,-212.31378,1362.0289,98.55657,-212.51733,1357.0858,99.231575,-212.834,1359.8606,105.35106,-363.9568,1350.259,111.332405,-364.09238,1339.2035,118.1066,-364.29556,1285.6317,148.48912,205.92503,1263.4344,168.72618,-482.87476,1415.8524,189.55444,-131.27698,1402.883,201.62022,-328.86902,1430.0444,335.03033,586.44977,1210.1011,567.3438,-680.3096,1576.9274,667.0171,871.0871,1268.6276,943.3351,-694.0675,1762.0563,924.00214,771.3477,1395.0537,1309.0463,-522.84076,1824.8639,987.50006,766.5149,1393.5148,1434.8865,-601.2682,1817.2231,995.3538,672.3321,1421.4838,1429.9937,-616.55475,1790.8368,982.5763,719.0655,1439.9208,1392.2335,-521.116,1901.9113,905.3754,408.78012,1744.0833,1081.2959,-408.7549,2307.141,1333.7257,438.46933,2149.9014,1557.2954,-639.6519,1933.2727,1476.6661,1821.8522,1774.7837,1825.7029,441.97943,1857.4558,1452.829,1979.093,1677.1298,1835.3173,569.9905,1932.147,1648.4387,2185.9653,1807.7032,2023.7839,623.0183
FLIPPED IMG_4832 copy 10.png,530.47363,1736.8046,84.897255,508.53333,1748.7635,120.517815,508.24094,1749.9108,120.318474,507.8902,1751.2642,120.23684,508.87027,1754.5139,41.5801,508.63553,1760.2637,41.57716,508.24277,1766.9004,41.37221,523.4422,1794.9211,292.2192,523.3589,1814.4543,-66.196266,560.07855,1741.3695,155.88347,560.55566,1748.3586,52.376987,675.2952,1775.5281,461.91968,672.69275,1891.6943,-253.65141,896.9205,1768.5319,582.018,902.8506,1917.7589,-344.3721,1076.9685,1746.7676,546.8485,1108.5212,1940.0823,-407.96384,1129.5515,1740.5598,557.10425,1172.2316,1966.5828,-460.10156,1134.1304,1750.4875,498.69305,1177.9459,1944.8019,-460.63248,1114.428,1756.0367,517.916,1157.6382,1932.6953,-404.4369,1011.30444,1576.0686,232.34071,1037.7617,1642.2705,-232.03001,1298.9105,1405.2935,86.4695,1343.6753,1471.3844,-391.17868,1387.6348,1656.6357,503.8936,1424.0725,1794.443,-2.7117925,1372.9747,1707.4619,544.91064,1413.3418,1862.0166,41.68535,1503.1156,1663.3845,557.304,1572.4371,1799.6895,55.171497
FLIPPED IMG_4832 copy 11.png,530.47363,1736.8046,84.897255,508.53333,1748.7635,120.517815,508.24094,1749.9108,120.318474,507.8902,1751.2642,120.23684,508.87027,1754.5139,41.5801,508.63553,1760.2637,41.57716,508.24277,1766.9004,41.37221,523.4422,1794.9211,292.2192,523.3589,1814.4543,-66.196266,560.07855,1741.3695,155.88347,560.55566,1748.3586,52.376987,675.2952,1775.5281,461.91968,672.69275,1891.6943,-253.65141,896.9205,1768.5319,582.018,902.8506,1917.7589,-344.3721,1076.9685,1746.7676,546.8485,1108.5212,1940.0823,-407.96384,1129.5515,1740.5598,557.10425,1172.2316,1966.5828,-460.10156,1134.1304,1750.4875,498.69305,1177.9459,1944.8019,-460.63248,1114.428,1756.0367,517.916,1157.6382,1932.6953,-404.4369,1011.30444,1576.0686,232.34071,1037.7617,1642.2705,-232.03001,1298.9105,1405.2935,86.4695,1343.6753,1471.3844,-391.17868,1387.6348,1656.6357,503.8936,1424.0725,1794.443,-2.7117925,1372.9747,1707.4619,544.91064,1413.3418,1862.0166,41.68535,1503.1156,1663.3845,557.304,1572.4371,1799.6895,55.171497
FLIPPED IMG_4832 copy 12.png,530.47363,1736.8046,84.897255,508.53333,1748.7635,120.517815,508.24094,1749.9108,120.318474,507.8902,1751.2642,120.23684,508.87027,1754.5139,41.5801,508.63553,1760.2637,41.57716,508.24277,1766.9004,41.37221,523.4422,1794.9211,292.2192,523.3589,1814.4543,-66.196266,560.07855,1741.3695,155.88347,560.55566,1748.3586,52.376987,675.2952,1775.5281,461.91968,672.69275,1891.6943,-253.65141,896.9205,1768.5319,582.018,902.8506,1917.7589,-344.3721,1076.9685,1746.7676,546.8485,1108.5212,1940.0823,-407.96384,1129.5515,1740.5598,557.10425,1172.2316,1966.5828,-460.10156,1134.1304,1750.4875,498.69305,1177.9459,1944.8019,-460.63248,1114.428,1756.0367,517.916,1157.6382,1932.6953,-404.4369,1011.30444,1576.0686,232.34071,1037.7617,1642.2705,-232.03001,1298.9105,1405.2935,86.4695,1343.6753,1471.3844,-391.17868,1387.6348,1656.6357,503.8936,1424.0725,1794.443,-2.7117925,1372.9747,1707.4619,544.91064,1413.3418,1862.0166,41.68535,1503.1156,1663.3845,557.304,1572.4371,1799.6895,55.171497
FLIPPED IMG_4832 copy 13.png,530.47363,1736.8046,84.897255,508.53333,1748.7635,120.517815,508.24094,1749.9108,120.318474,507.8902,1751.2642,120.23684,508.87027,1754.5139,41.5801,508.63553,1760.2637,41.57716,508.24277,1766.9004,41.37221,523.4422,1794.9211,292.2192,523.3589,1814.4543,-66.196266,560.07855,1741.3695,155.88347,560.55566,1748.3586,52.376987,675.2952,1775.5281,461.91968,672.69275,1891.6943,-253.65141,896.9205,1768.5319,582.018,902.8506,1917.7589,-344.3721,1076.9685,1746.7676,546.8485,1108.5212,1940.0823,-407.96384,1129.5515,1740.5598,557.10425,1172.2316,1966.5828,-460.10156,1134.1304,1750.4875,498.69305,1177.9459,1944.8019,-460.63248,1114.428,1756.0367,517.916,1157.6382,1932.6953,-404.4369,1011.30444,1576.0686,232.34071,1037.7617,1642.2705,-232.03001,1298.9105,1405.2935,86.4695,1343.6753,1471.3844,-391.17868,1387.6348,1656.6357,503.8936,1424.0725,1794.443,-2.7117925,1372.9747,1707.4619,544.91064,1413.3418,1862.0166,41.68535,1503.1156,1663.3845,557.304,1572.4371,1799.6895,55.171497
FLIPPED IMG_4832 copy 14.png,530.47363,1736.8046,84.897255,508.53333,1748.7635,120.517815,508.24094,1749.9108,120.318474,507.8902,1751.2642,120.23684,508.87027,1754.5139,41.5801,508.63553,1760.2637,41.57716,508.24277,1766.9004,41.37221,523.4422,1794.9211,292.2192,523.3589,1814.4543,-66.196266,560.07855,1741.3695,155.88347,560.55566,1748.3586,52.376987,675.2952,1775.5281,461.91968,672.69275,1891.6943,-253.65141,896.9205,1768.5319,582.018,902.8506,1917.7589,-344.3721,1076.9685,1746.7676,546.8485,1108.5212,1940.0823,-407.96384,1129.5515,1740.5598,557.10425,1172.2316,1966.5828,-460.10156,1134.1304,1750.4875,498.69305,1177.9459,1944.8019,-460.63248,1114.428,1756.0367,517.916,1157.6382,1932.6953,-404.4369,1011.30444,1576.0686,232.34071,1037.7617,1642.2705,-232.03001,1298.9105,1405.2935,86.4695,1343.6753,1471.3844,-391.17868,1387.6348,1656.6357,503.8936,1424.0725,1794.443,-2.7117925,1372.9747,1707.4619,544.91064,1413.3418,1862.0166,41.68535,1503.1156,1663.3845,557.304,1572.4371,1799.6895,55.171497
FLIPPED IMG_4832 copy 15.png,530.47363,1736.8046,84.897255,508.53333,1748.7635,120.517815,508.24094,1749.9108,120.318474,507.8902,1751.2642,120.23684,508.87027,1754.5139,41.5801,508.63553,1760.2637,41.57716,508.24277,1766.9004,41.37221,523.4422,1794.9211,292.2192,523.3589,1814.4543,-66.196266,560.07855,1741.3695,155.88347,560.55566,1748.3586,52.376987,675.2952,1775.5281,461.91968,672.69275,1891.6943,-253.65141,896.9205,1768.5319,582.018,902.8506,1917.7589,-344.3721,1076.9685,1746.7676,546.8485,1108.5212,1940.0823,-407.96384,1129.5515,1740.5598,557.10425,1172.2316,1966.5828,-460.10156,1134.1304,1750.4875,498.69305,1177.9459,1944.8019,-460.63248,1114.428,1756.0367,517.916,1157.6382,1932.6953,-404.4369,1011.30444,1576.0686,232.34071,1037.7617,1642.2705,-232.03001,1298.9105,1405.2935,86.4695,1343.6753,1471.3844,-391.17868,1387.6348,1656.6357,503.8936,1424.0725,1794.443,-2.7117925,1372.9747,1707.4619,544.91064,1413.3418,1862.0166,41.68535,1503.1156,1663.3845,557.304,1572.4371,1799.6895,55.171497
FLIPPED IMG_4832 copy 16.png,530.47363,1736.8046,84.897255,508.53333,1748.7635,120.517815,508.24094,1749.9108,120.318474,507.8902,1751.2642,120.23684,508.87027,1754.5139,41.5801,508.63553,1760.2637,41.57716,508.24277,1766.9004,41.37221,523.4422,1794.9211,292.2192,523.3589,1814.4543,-66.196266,560.07855,1741.3695,155.88347,560.55566,1748.3586,52.376987,675.2952,1775.5281,461.91968,672.69275,1891.6943,-253.65141,896.9205,1768.5319,582.018,902.8506,1917.7589,-344.3721,1076.9685,1746.7676,546.8485,1108.5212,1940.0823,-407.96384,1129.5515,1740.5598,557.10425,1172.2316,1966.5828,-460.10156,1134.1304,1750.4875,498.69305,1177.9459,1944.8019,-460.63248,1114.428,1756.0367,517.916,1157.6382,1932.6953,-404.4369,1011.30444,1576.0686,232.34071,1037.7617,1642.2705,-232.03001,1298.9105,1405.2935,86.4695,1343.6753,1471.3844,-391.17868,1387.6348,1656.6357,503.8936,1424.0725,1794.443,-2.7117925,1372.9747,1707.4619,544.91064,1413.3418,1862.0166,41.68535,1503.1156,1663.3845,557.304,1572.4371,1799.6895,55.171497
FLIPPED IMG_4832 copy 17.png,530.47363,1736.8046,84.897255,508.53333,1748.7635,120.517815,508.24094,1749.9108,120.318474,507.8902,1751.2642,120.23684,508.87027,1754.5139,41.5801,508.63553,1760.2637,41.57716,508.24277,1766.9004,41.37221,523.4422,1794.9211,292.2192,523.3589,1814.4543,-66.196266,560.07855,1741.3695,155.88347,560.55566,1748.3586,52.376987,675.2952,1775.5281,461.91968,672.69275,1891.6943,-253.65141,896.9205,1768.5319,582.018,902.8506,1917.7589,-344.3721,1076.9685,1746.7676,546.8485,1108.5212,1940.0823,-407.96384,1129.5515,1740.5598,557.10425,1172.2316,1966.5828,-460.10156,1134.1304,1750.4875,498.69305,1177.9459,1944.8019,-460.63248,1114.428,1756.0367,517.916,1157.6382,1932.6953,-404.4369,1011.30444,1576.0686,232.34071,1037.7617,1642.2705,-232.03001,1298.9105,1405.2935,86.4695,1343.6753,1471.3844,-391.17868,1387.6348,1656.6357,503.8936,1424.0725,1794.443,-2.7117925,1372.9747,1707.4619,544.91064,1413.3418,1862.0166,41.68535,1503.1156,1663.3845,557.304,1572.4371,1799.6895,55.171497
FLIPPED IMG_4832 copy 18.png,530.47363,1736.8046,84.897255,508.53333,1748.7635,120.517815,508.24094,1749.9108,120.318474,507.8902,1751.2642,120.23684,508.87027,1754.5139,41.5801,508.63553,1760.2637,41.57716,508.24277,1766.9004,41.37221,523.4422,1794.9211,292.2192,523.3589,1814.4543,-66.196266,560.07855,1741.3695,155.88347,560.55566,1748.3586,52.376987,675.2952,1775.5281,461.91968,672.69275,1891.6943,-253.65141,896.9205,1768.5319,582.018,902.8506,1917.7589,-344.3721,1076.9685,1746.7676,546.8485,1108.5212,1940.0823,-407.96384,1129.5515,1740.5598,557.10425,1172.2316,1966.5828,-460.10156,1134.1304,1750.4875,498.69305,1177.9459,1944.8019,-460.63248,1114.428,1756.0367,517.916,1157.6382,1932.6953,-404.4369,1011.30444,1576.0686,232.34071,1037.7617,1642.2705,-232.03001,1298.9105,1405.2935,86.4695,1343.6753,1471.3844,-391.17868,1387.6348,1656.6357,503.8936,1424.0725,1794.443,-2.7117925,1372.9747,1707.4619,544.91064,1413.3418,1862.0166,41.68535,1503.1156,1663.3845,557.304,1572.4371,1799.6895,55.171497
FLIPPED IMG_4832 copy 19.png,530.47363,1736.8046,84.897255,508.53333,1748.7635,120.517815,508.24094,1749.9108,120.318474,507.8902,1751.2642,120.23684,508.87027,1754.5139,41.5801,508.63553,1760.2637,41.57716,508.24277,1766.9004,41.37221,523.4422,1794.9211,292.2192,523.3589,1814.4543,-66.196266,560.07855,1741.3695,155.88347,560.55566,1748.3586,52.376987,675.2952,1775.5281,461.91968,672.69275,1891.6943,-253.65141,896.9205,1768.5319,582.018,902.8506,1917.7589,-344.3721,1076.9685,1746.7676,546.8485,1108.5212,1940.0823,-407.96384,1129.5515,1740.5598,557.10425,1172.2316,1966.5828,-460.10156,1134.1304,1750.4875,498.69305,1177.9459,1944.8019,-460.63248,1114.428,1756.0367,517.916,1157.6382,1932.6953,-404.4369,1011.30444,1576.0686,232.34071,1037.7617,1642.2705,-232.03001,1298.9105,1405.2935,86.4695,1343.6753,1471.3844,-391.17868,1387.6348,1656.6357,503.8936,1424.0725,1794.443,-2.7117925,1372.9747,1707.4619,544.91064,1413.3418,1862.0166,41.68535,1503.1156,1663.3845,557.304,1572.4371,1799.6895,55.171497
FLIPPED IMG_4832 copy 2.png,530.47363,1736.8046,84.897255,508.53333,1748.7635,120.517815,508.24094,1749.9108,120.318474,507.8902,1751.2642,120.23684,508.87027,1754.5139,41.5801,508.63553,1760.2637,41.57716,508.24277,1766.9004,41.37221,523.4422,1794.9211,292.2192,523.3589,1814.4543,-66.196266,560.07855,1741.3695,155.88347,560.55566,1748.3586,52.376987,675.2952,1775.5281,461.91968,672.69275,1891.6943,-253.65141,896.9205,1768.5319,582.018,902.8506,1917.7589,-344.3721,1076.9685,1746.7676,546.8485,1108.5212,1940.0823,-407.96384,1129.5515,1740.5598,557.10425,1172.2316,1966.5828,-460.10156,1134.1304,1750.4875,498.69305,1177.9459,1944.8019,-460.63248,1114.428,1756.0367,517.916,1157.6382,1932.6953,-404.4369,1011.30444,1576.0686,232.34071,1037.7617,1642.2705,-232.03001,1298.9105,1405.2935,86.4695,1343.6753,1471.3844,-391.17868,1387.6348,1656.6357,503.8936,1424.0725,1794.443,-2.7117925,1372.9747,1707.4619,544.91064,1413.3418,1862.0166,41.68535,1503.1156,1663.3845,557.304,1572.4371,1799.6895,55.171497
FLIPPED IMG_4832 copy 20.png,530.47363,1736.8046,84.897255,508.53333,1748.7635,120.517815,508.24094,1749.9108,120.318474,507.8902,1751.2642,120.23684,508.87027,1754.5139,41.5801,508.63553,1760.2637,41.57716,508.24277,1766.9004,41.37221,523.4422,1794.9211,292.2192,523.3589,1814.4543,-66.196266,560.07855,1741.3695,155.88347,560.55566,1748.3586,52.376987,675.2952,1775.5281,461.91968,672.69275,1891.6943,-253.65141,896.9205,1768.5319,582.018,902.8506,1917.7589,-344.3721,1076.9685,1746.7676,546.8485,1108.5212,1940.0823,-407.96384,1129.5515,1740.5598,557.10425,1172.2316,1966.5828,-460.10156,1134.1304,1750.4875,498.69305,1177.9459,1944.8019,-460.63248,1114.428,1756.0367,517.916,1157.6382,1932.6953,-404.4369,1011.30444,1576.0686,232.34071,1037.7617,1642.2705,-232.03001,1298.9105,1405.2935,86.4695,1343.6753,1471.3844,-391.17868,1387.6348,1656.6357,503.8936,1424.0725,1794.443,-2.7117925,1372.9747,1707.4619,544.91064,1413.3418,1862.0166,41.68535,1503.1156,1663.3845,557.304,1572.4371,1799.6895,55.171497
FLIPPED IMG_4832 copy 21.png,530.47363,1736.8046,84.897255,508.53333,1748.7635,120.517815,508.24094,1749.9108,120.318474,507.8902,1751.2642,120.23684,508.87027,1754.5139,41.5801,508.63553,1760.2637,41.57716,508.24277,1766.9004,41.37221,523.4422,1794.9211,292.2192,523.3589,1814.4543,-66.196266,560.07855,1741.3695,155.88347,560.55566,1748.3586,52.376987,675.2952,1775.5281,461.91968,672.69275,1891.6943,-253.65141,896.9205,1768.5319,582.018,902.8506,1917.7589,-344.3721,1076.9685,1746.7676,546.8485,1108.5212,1940.0823,-407.96384,1129.5515,1740.5598,557.10425,1172.2316,1966.5828,-460.10156,1134.1304,1750.4875,498.69305,1177.9459,1944.8019,-460.63248,1114.428,1756.0367,517.916,1157.6382,1932.6953,-404.4369,1011.30444,1576.0686,232.34071,1037.7617,1642.2705,-232.03001,1298.9105,1405.2935,86.4695,1343.6753,1471.3844,-391.17868,1387.6348,1656.6357,503.8936,1424.0725,1794.443,-2.7117925,1372.9747,1707.4619,544.91064,1413.3418,1862.0166,41.68535,1503.1156,1663.3845,557.304,1572.4371,1799.6895,55.171497
FLIPPED IMG_4832 copy 22.png,530.47363,1736.8046,84.897255,508.53333,1748.7635,120.517815,508.24094,1749.9108,120.318474,507.8902,1751.2642,120.23684,508.87027,1754.5139,41.5801,508.63553,1760.2637,41.57716,508.24277,1766.9004,41.37221,523.4422,1794.9211,292.2192,523.3589,1814.4543,-66.196266,560.07855,1741.3695,155.88347,560.55566,1748.3586,52.376987,675.2952,1775.5281,461.91968,672.69275,1891.6943,-253.65141,896.9205,1768.5319,582.018,902.8506,1917.7589,-344.3721,1076.9685,1746.7676,546.8485,1108.5212,1940.0823,-407.96384,1129.5515,1740.5598,557.10425,1172.2316,1966.5828,-460.10156,1134.1304,1750.4875,498.69305,1177.9459,1944.8019,-460.63248,1114.428,1756.0367,517.916,1157.6382,1932.6953,-404.4369,1011.30444,1576.0686,232.34071,1037.7617,1642.2705,-232.03001,1298.9105,1405.2935,86.4695,1343.6753,1471.3844,-391.17868,1387.6348,1656.6357,503.8936,1424.0725,1794.443,-2.7117925,1372.9747,1707.4619,544.91064,1413.3418,1862.0166,41.68535,1503.1156,1663.3845,557.304,1572.4371,1799.6895,55.171497
FLIPPED IMG_4832 copy 23.png,530.47363,1736.8046,84.897255,508.53333,1748.7635,120.517815,508.24094,1749.9108,120.318474,507.8902,1751.2642,120.23684,508.87027,1754.5139,41.5801,508.63553,1760.2637,41.57716,508.24277,1766.9004,41.37221,523.4422,1794.9211,292.2192,523.3589,1814.4543,-66.196266,560.07855,1741.3695,155.88347,560.55566,1748.3586,52.376987,675.2952,1775.5281,461.91968,672.69275,1891.6943,-253.65141,896.9205,1768.5319,582.018,902.8506,1917.7589,-344.3721,1076.9685,1746.7676,546.8485,1108.5212,1940.0823,-407.96384,1129.5515,1740.5598,557.10425,1172.2316,1966.5828,-460.10156,1134.1304,1750.4875,498.69305,1177.9459,1944.8019,-460.63248,1114.428,1756.0367,517.916,1157.6382,1932.6953,-404.4369,1011.30444,1576.0686,232.34071,1037.7617,1642.2705,-232.03001,1298.9105,1405.2935,86.4695,1343.6753,1471.3844,-391.17868,1387.6348,1656.6357,503.8936,1424.0725,1794.443,-2.7117925,1372.9747,1707.4619,544.91064,1413.3418,1862.0166,41.68535,1503.1156,1663.3845,557.304,1572.4371,1799.6895,55.171497
FLIPPED IMG_4832 copy 24.png,530.47363,1736.8046,84.897255,508.53333,1748.7635,120.517815,508.24094,1749.9108,120.318474,507.8902,1751.2642,120.23684,508.87027,1754.5139,41.5801,508.63553,1760.2637,41.57716,508.24277,1766.9004,41.37221,523.4422,1794.9211,292.2192,523.3589,1814.4543,-66.196266,560.07855,1741.3695,155.88347,560.55566,1748.3586,52.376987,675.2952,1775.5281,461.91968,672.69275,1891.6943,-253.65141,896.9205,1768.5319,582.018,902.8506,1917.7589,-344.3721,1076.9685,1746.7676,546.8485,1108.5212,1940.0823,-407.96384,1129.5515,1740.5598,557.10425,1172.2316,1966.5828,-460.10156,1134.1304,1750.4875,498.69305,1177.9459,1944.8019,-460.63248,1114.428,1756.0367,517.916,1157.6382,1932.6953,-404.4369,1011.30444,1576.0686,232.34071,1037.7617,1642.2705,-232.03001,1298.9105,1405.2935,86.4695,1343.6753,1471.3844,-391.17868,1387.6348,1656.6357,503.8936,1424.0725,1794.443,-2.7117925,1372.9747,1707.4619,544.91064,1413.3418,1862.0166,41.68535,1503.1156,1663.3845,557.304,1572.4371,1799.6895,55.171497
FLIPPED IMG_4832 copy 25.png,530.47363,1736.8046,84.897255,508.53333,1748.7635,120.517815,508.24094,1749.9108,120.318474,507.8902,1751.2642,120.23684,508.87027,1754.5139,41.5801,508.63553,1760.2637,41.57716,508.24277,1766.9004,41.37221,523.4422,1794.9211,292.2192,523.3589,1814.4543,-66.196266,560.07855,1741.3695,155.88347,560.55566,1748.3586,52.376987,675.2952,1775.5281,461.91968,672.69275,1891.6943,-253.65141,896.9205,1768.5319,582.018,902.8506,1917.7589,-344.3721,1076.9685,1746.7676,546.8485,1108.5212,1940.0823,-407.96384,1129.5515,1740.5598,557.10425,1172.2316,1966.5828,-460.10156,1134.1304,1750.4875,498.69305,1177.9459,1944.8019,-460.63248,1114.428,1756.0367,517.916,1157.6382,1932.6953,-404.4369,1011.30444,1576.0686,232.34071,1037.7617,1642.2705,-232.03001,1298.9105,1405.2935,86.4695,1343.6753,1471.3844,-391.17868,1387.6348,1656.6357,503.8936,1424.0725,1794.443,-2.7117925,1372.9747,1707.4619,544.91064,1413.3418,1862.0166,41.68535,1503.1156,1663.3845,557.304,1572.4371,1799.6895,55.171497
FLIPPED IMG_4832 copy 26.png,530.47363,1736.8046,84.897255,508.53333,1748.7635,120.517815,508.24094,1749.9108,120.318474,507.8902,1751.2642,120.23684,508.87027,1754.5139,41.5801,508.63553,1760.2637,41.57716,508.24277,1766.9004,41.37221,523.4422,1794.9211,292.2192,523.3589,1814.4543,-66.196266,560.07855,1741.3695,155.88347,560.55566,1748.3586,52.376987,675.2952,1775.5281,461.91968,672.69275,1891.6943,-253.65141,896.9205,1768.5319,582.018,902.8506,1917.7589,-344.3721,1076.9685,1746.7676,546.8485,1108.5212,1940.0823,-407.96384,1129.5515,1740.5598,557.10425,1172.2316,1966.5828,-460.10156,1134.1304,1750.4875,498.69305,1177.9459,1944.8019,-460.63248,1114.428,1756.0367,517.916,1157.6382,1932.6953,-404.4369,1011.30444,1576.0686,232.34071,1037.7617,1642.2705,-232.03001,1298.9105,1405.2935,86.4695,1343.6753,1471.3844,-391.17868,1387.6348,1656.6357,503.8936,1424.0725,1794.443,-2.7117925,1372.9747,1707.4619,544.91064,1413.3418,1862.0166,41.68535,1503.1156,1663.3845,557.304,1572.4371,1799.6895,55.171497
FLIPPED IMG_4832 copy 27.png,530.47363,1736.8046,84.897255,508.53333,1748.7635,120.517815,508.24094,1749.9108,120.318474,507.8902,1751.2642,120.23684,508.87027,1754.5139,41.5801,508.63553,1760.2637,41.57716,508.24277,1766.9004,41.37221,523.4422,1794.9211,292.2192,523.3589,1814.4543,-66.196266,560.07855,1741.3695,155.88347,560.55566,1748.3586,52.376987,675.2952,1775.5281,461.91968,672.69275,1891.6943,-253.65141,896.9205,1768.5319,582.018,902.8506,1917.7589,-344.3721,1076.9685,1746.7676,546.8485,1108.5212,1940.0823,-407.96384,1129.5515,1740.5598,557.10425,1172.2316,1966.5828,-460.10156,1134.1304,1750.4875,498.69305,1177.9459,1944.8019,-460.63248,1114.428,1756.0367,517.916,1157.6382,1932.6953,-404.4369,1011.30444,1576.0686,232.34071,1037.7617,1642.2705,-232.03001,1298.9105,1405.2935,86.4695,1343.6753,1471.3844,-391.17868,1387.6348,1656.6357,503.8936,1424.0725,1794.443,-2.7117925,1372.9747,1707.4619,544.91064,1413.3418,1862.0166,41.68535,1503.1156,1663.3845,557.304,1572.4371,1799.6895,55.171497
FLIPPED IMG_4832 copy 28.png,530.47363,1736.8046,84.897255,508.53333,1748.7635,120.517815,508.24094,1749.9108,120.318474,507.8902,1751.2642,120.23684,508.87027,1754.5139,41.5801,508.63553,1760.2637,41.57716,508.24277,1766.9004,41.37221,523.4422,1794.9211,292.2192,523.3589,1814.4543,-66.196266,560.07855,1741.3695,155.88347,560.55566,1748.3586,52.376987,675.2952,1775.5281,461.91968,672.69275,1891.6943,-253.65141,896.9205,1768.5319,582.018,902.8506,1917.7589,-344.3721,1076.9685,1746.7676,546.8485,1108.5212,1940.0823,-407.96384,1129.5515,1740.5598,557.10425,1172.2316,1966.5828,-460.10156,1134.1304,1750.4875,498.69305,1177.9459,1944.8019,-460.63248,1114.428,1756.0367,517.916,1157.6382,1932.6953,-404.4369,1011.30444,1576.0686,232.34071,1037.7617,1642.2705,-232.03001,1298.9105,1405.2935,86.4695,1343.6753,1471.3844,-391.17868,1387.6348,1656.6357,503.8936,1424.0725,1794.443,-2.7117925,1372.9747,1707.4619,544.91064,1413.3418,1862.0166,41.68535,1503.1156,1663.3845,557.304,1572.4371,1799.6895,55.171497
FLIPPED IMG_4832 copy 29.png,530.47363,1736.8046,84.897255,508.53333,1748.7635,120.517815,508.24094,1749.9108,120.318474,507.8902,1751.2642,120.23684,508.87027,1754.5139,41.5801,508.63553,1760.2637,41.57716,508.24277,1766.9004,41.37221,523.4422,1794.9211,292.2192,523.3589,1814.4543,-66.196266,560.07855,1741.3695,155.88347,560.55566,1748.3586,52.376987,675.2952,1775.5281,461.91968,672.69275,1891.6943,-253.65141,896.9205,1768.5319,582.018,902.8506,1917.7589,-344.3721,1076.9685,1746.7676,546.8485,1108.5212,1940.0823,-407.96384,1129.5515,1740.5598,557.10425,1172.2316,1966.5828,-460.10156,1134.1304,1750.4875,498.69305,1177.9459,1944.8019,-460.63248,1114.428,1756.0367,517.916,1157.6382,1932.6953,-404.4369,1011.30444,1576.0686,232.34071,1037.7617,1642.2705,-232.03001,1298.9105,1405.2935,86.4695,1343.6753,1471.3844,-391.17868,1387.6348,1656.6357,503.8936,1424.0725,1794.443,-2.7117925,1372.9747,1707.4619,544.91064,1413.3418,1862.0166,41.68535,1503.1156,1663.3845,557.304,1572.4371,1799.6895,55.171497
FLIPPED IMG_4832 copy 3.png,530.47363,1736.8046,84.897255,508.53333,1748.7635,120.517815,508.24094,1749.9108,120.318474,507.8902,1751.2642,120.23684,508.87027,1754.5139,41.5801,508.63553,1760.2637,41.57716,508.24277,1766.9004,41.37221,523.4422,1794.9211,292.2192,523.3589,1814.4543,-66.196266,560.07855,1741.3695,155.88347,560.55566,1748.3586,52.376987,675.2952,1775.5281,461.91968,672.69275,1891.6943,-253.65141,896.9205,1768.5319,582.018,902.8506,1917.7589,-344.3721,1076.9685,1746.7676,546.8485,1108.5212,1940.0823,-407.96384,1129.5515,1740.5598,557.10425,1172.2316,1966.5828,-460.10156,1134.1304,1750.4875,498.69305,1177.9459,1944.8019,-460.63248,1114.428,1756.0367,517.916,1157.6382,1932.6953,-404.4369,1011.30444,1576.0686,232.34071,1037.7617,1642.2705,-232.03001,1298.9105,1405.2935,86.4695,1343.6753,1471.3844,-391.17868,1387.6348,1656.6357,503.8936,1424.0725,1794.443,-2.7117925,1372.9747,1707.4619,544.91064,1413.3418,1862.0166,41.68535,1503.1156,1663.3845,557.304,1572.4371,1799.6895,55.171497
FLIPPED IMG_4832 copy 30.png,530.47363,1736.8046,84.897255,508.53333,1748.7635,120.517815,508.24094,1749.9108,120.318474,507.8902,1751.2642,120.23684,508.87027,1754.5139,41.5801,508.63553,1760.2637,41.57716,508.24277,1766.9004,41.37221,523.4422,1794.9211,292.2192,523.3589,1814.4543,-66.196266,560.07855,1741.3695,155.88347,560.55566,1748.3586,52.376987,675.2952,1775.5281,461.91968,672.69275,1891.6943,-253.65141,896.9205,1768.5319,582.018,902.8506,1917.7589,-344.3721,1076.9685,1746.7676,546.8485,1108.5212,1940.0823,-407.96384,1129.5515,1740.5598,557.10425,1172.2316,1966.5828,-460.10156,1134.1304,1750.4875,498.69305,1177.9459,1944.8019,-460.63248,1114.428,1756.0367,517.916,1157.6382,1932.6953,-404.4369,1011.30444,1576.0686,232.34071,1037.7617,1642.2705,-232.03001,1298.9105,1405.2935,86.4695,1343.6753,1471.3844,-391.17868,1387.6348,1656.6357,503.8936,1424.0725,1794.443,-2.7117925,1372.9747,1707.4619,544.91064,1413.3418,1862.0166,41.68535,1503.1156,1663.3845,557.304,1572.4371,1799.6895,55.171497
FLIPPED IMG_4832 copy 4.png,530.47363,1736.8046,84.897255,508.53333,1748.7635,120.517815,508.24094,1749.9108,120.318474,507.8902,1751.2642,120.23684,508.87027,1754.5139,41.5801,508.63553,1760.2637,41.57716,508.24277,1766.9004,41.37221,523.4422,1794.9211,292.2192,523.3589,1814.4543,-66.196266,560.07855,1741.3695,155.88347,560.55566,1748.3586,52.376987,675.2952,1775.5281,461.91968,672.69275,1891.6943,-253.65141,896.9205,1768.5319,582.018,902.8506,1917.7589,-344.3721,1076.9685,1746.7676,546.8485,1108.5212,1940.0823,-407.96384,1129.5515,1740.5598,557.10425,1172.2316,1966.5828,-460.10156,1134.1304,1750.4875,498.69305,1177.9459,1944.8019,-460.63248,1114.428,1756.0367,517.916,1157.6382,1932.6953,-404.4369,1011.30444,1576.0686,232.34071,1037.7617,1642.2705,-232.03001,1298.9105,1405.2935,86.4695,1343.6753,1471.3844,-391.17868,1387.6348,1656.6357,503.8936,1424.0725,1794.443,-2.7117925,1372.9747,1707.4619,544.91064,1413.3418,1862.0166,41.68535,1503.1156,1663.3845,557.304,1572.4371,1799.6895,55.171497
FLIPPED IMG_4832 copy 5.png,530.47363,1736.8046,84.897255,508.53333,1748.7635,120.517815,508.24094,1749.9108,120.318474,507.8902,1751.2642,120.23684,508.87027,1754.5139,41.5801,508.63553,1760.2637,41.57716,508.24277,1766.9004,41.37221,523.4422,1794.9211,292.2192,523.3589,1814.4543,-66.196266,560.07855,1741.3695,155.88347,560.55566,1748.3586,52.376987,675.2952,1775.5281,461.91968,672.69275,1891.6943,-253.65141,896.9205,1768.5319,582.018,902.8506,1917.7589,-344.3721,1076.9685,1746.7676,546.8485,1108.5212,1940.0823,-407.96384,1129.5515,1740.5598,557.10425,1172.2316,1966.5828,-460.10156,1134.1304,1750.4875,498.69305,1177.9459,1944.8019,-460.63248,1114.428,1756.0367,517.916,1157.6382,1932.6953,-404.4369,1011.30444,1576.0686,232.34071,1037.7617,1642.2705,-232.03001,1298.9105,1405.2935,86.4695,1343.6753,1471.3844,-391.17868,1387.6348,1656.6357,503.8936,1424.0725,1794.443,-2.7117925,1372.9747,1707.4619,544.91064,1413.3418,1862.0166,41.68535,1503.1156,1663.3845,557.304,1572.4371,1799.6895,55.171497
FLIPPED IMG_4832 copy 6.png,530.47363,1736.8046,84.897255,508.53333,1748.7635,120.517815,508.24094,1749.9108,120.318474,507.8902,1751.2642,120.23684,508.87027,1754.5139,41.5801,508.63553,1760.2637,41.57716,508.24277,1766.9004,41.37221,523.4422,1794.9211,292.2192,523.3589,1814.4543,-66.196266,560.07855,1741.3695,155.88347,560.55566,1748.3586,52.376987,675.2952,1775.5281,461.91968,672.69275,1891.6943,-253.65141,896.9205,1768.5319,582.018,902.8506,1917.7589,-344.3721,1076.9685,1746.7676,546.8485,1108.5212,1940.0823,-407.96384,1129.5515,1740.5598,557.10425,1172.2316,1966.5828,-460.10156,1134.1304,1750.4875,498.69305,1177.9459,1944.8019,-460.63248,1114.428,1756.0367,517.916,1157.6382,1932.6953,-404.4369,1011.30444,1576.0686,232.34071,1037.7617,1642.2705,-232.03001,1298.9105,1405.2935,86.4695,1343.6753,1471.3844,-391.17868,1387.6348,1656.6357,503.8936,1424.0725,1794.443,-2.7117925,1372.9747,1707.4619,544.91064,1413.3418,1862.0166,41.68535,1503.1156,1663.3845,557.304,1572.4371,1799.6895,55.171497
FLIPPED IMG_4832 copy 7.png,530.47363,1736.8046,84.897255,508.53333,1748.7635,120.517815,508.24094,1749.9108,120.318474,507.8902,1751.2642,120.23684,508.87027,1754.5139,41.5801,508.63553,1760.2637,41.57716,508.24277,1766.9004,41.37221,523.4422,1794.9211,292.2192,523.3589,1814.4543,-66.196266,560.07855,1741.3695,155.88347,560.55566,1748.3586,52.376987,675.2952,1775.5281,461.91968,672.69275,1891.6943,-253.65141,896.9205,1768.5319,582.018,902.8506,1917.7589,-344.3721,1076.9685,1746.7676,546.8485,1108.5212,1940.0823,-407.96384,1129.5515,1740.5598,557.10425,1172.2316,1966.5828,-460.10156,1134.1304,1750.4875,498.69305,1177.9459,1944.8019,-460.63248,1114.428,1756.0367,517.916,1157.6382,1932.6953,-404.4369,1011.30444,1576.0686,232.34071,1037.7617,1642.2705,-232.03001,1298.9105,1405.2935,86.4695,1343.6753,1471.3844,-391.17868,1387.6348,1656.6357,503.8936,1424.0725,1794.443,-2.7117925,1372.9747,1707.4619,544.91064,1413.3418,1862.0166,41.68535,1503.1156,1663.3845,557.304,1572.4371,1799.6895,55.171497
FLIPPED IMG_4832 copy 8.png,530.47363,1736.8046,84.897255,508.53333,1748.7635,120.517815,508.24094,1749.9108,120.318474,507.8902,1751.2642,120.23684,508.87027,1754.5139,41.5801,508.63553,1760.2637,41.57716,508.24277,1766.9004,41.37221,523.4422,1794.9211,292.2192,523.3589,1814.4543,-66.196266,560.07855,1741.3695,155.88347,560.55566,1748.3586,52.376987,675.2952,1775.5281,461.91968,672.69275,1891.6943,-253.65141,896.9205,1768.5319,582.018,902.8506,1917.7589,-344.3721,1076.9685,1746.7676,546.8485,1108.5212,1940.0823,-407.96384,1129.5515,1740.5598,557.10425,1172.2316,1966.5828,-460.10156,1134.1304,1750.4875,498.69305,1177.9459,1944.8019,-460.63248,1114.428,1756.0367,517.916,1157.6382,1932.6953,-404.4369,1011.30444,1576.0686,232.34071,1037.7617,1642.2705,-232.03001,1298.9105,1405.2935,86.4695,1343.6753,1471.3844,-391.17868,1387.6348,1656.6357,503.8936,1424.0725,1794.443,-2.7117925,1372.9747,1707.4619,544.91064,1413.3418,1862.0166,41.68535,1503.1156,1663.3845,557.304,1572.4371,1799.6895,55.171497
FLIPPED IMG_4832 copy 9.png,530.47363,1736.8046,84.897255,508.53333,1748.7635,120.517815,508.24094,1749.9108,120.318474,507.8902,1751.2642,120.23684,508.87027,1754.5139,41.5801,508.63553,1760.2637,41.57716,508.24277,1766.9004,41.37221,523.4422,1794.9211,292.2192,523.3589,1814.4543,-66.196266,560.07855,1741.3695,155.88347,560.55566,1748.3586,52.376987,675.2952,1775.5281,461.91968,672.69275,1891.6943,-253.65141,896.9205,1768.5319,582.018,902.8506,1917.7589,-344.3721,1076.9685,1746.7676,546.8485,1108.5212,1940.0823,-407.96384,1129.5515,1740.5598,557.10425,1172.2316,1966.5828,-460.10156,1134.1304,1750.4875,498.69305,1177.9459,1944.8019,-460.63248,1114.428,1756.0367,517.916,1157.6382,1932.6953,-404.4369,1011.30444,1576.0686,232.34071,1037.7617,1642.2705,-232.03001,1298.9105,1405.2935,86.4695,1343.6753,1471.3844,-391.17868,1387.6348,1656.6357,503.8936,1424.0725,1794.443,-2.7117925,1372.9747,1707.4619,544.91064,1413.3418,1862.0166,41.68535,1503.1156,1663.3845,557.304,1572.4371,1799.6895,55.171497
FLIPPED IMG_4832 copy.png,530.47363,1736.8046,84.897255,508.53333,1748.7635,120.517815,508.24094,1749.9108,120.318474,507.8902,1751.2642,120.23684,508.87027,1754.5139,41.5801,508.63553,1760.2637,41.57716,508.24277,1766.9004,41.37221,523.4422,1794.9211,292.2192,523.3589,1814.4543,-66.196266,560.07855,1741.3695,155.88347,560.55566,1748.3586,52.376987,675.2952,1775.5281,461.91968,672.69275,1891.6943,-253.65141,896.9205,1768.5319,582.018,902.8506,1917.7589,-344.3721,1076.9685,1746.7676,546.8485,1108.5212,1940.0823,-407.96384,1129.5515,1740.5598,557.10425,1172.2316,1966.5828,-460.10156,1134.1304,1750.4875,498.69305,1177.9459,1944.8019,-460.63248,1114.428,1756.0367,517.916,1157.6382,1932.6953,-404.4369,1011.30444,1576.0686,232.34071,1037.7617,1642.2705,-232.03001,1298.9105,1405.2935,86.4695,1343.6753,1471.3844,-391.17868,1387.6348,1656.6357,503.8936,1424.0725,1794.443,-2.7117925,1372.9747,1707.4619,544.91064,1413.3418,1862.0166,41.68535,1503.1156,1663.3845,557.304,1572.4371,1799.6895,55.171497
FLIPPED IMG_4832.png,530.47363,1736.8046,84.897255,508.53333,1748.7635,120.517815,508.24094,1749.9108,120.318474,507.8902,1751.2642,120.23684,508.87027,1754.5139,41.5801,508.63553,1760.2637,41.57716,508.24277,1766.9004,41.37221,523.4422,1794.9211,292.2192,523.3589,1814.4543,-66.196266,560.07855,1741.3695,155.88347,560.55566,1748.3586,52.376987,675.2952,1775.5281,461.91968,672.69275,1891.6943,-253.65141,896.9205,1768.5319,582.018,902.8506,1917.7589,-344.3721,1076.9685,1746.7676,546.8485,1108.5212,1940.0823,-407.96384,1129.5515,1740.5598,557.10425,1172.2316,1966.5828,-460.10156,1134.1304,1750.4875,498.69305,1177.9459,1944.8019,-460.63248,1114.428,1756.0367,517.916,1157.6382,1932.6953,-404.4369,1011.30444,1576.0686,232.34071,1037.7617,1642.2705,-232.03001,1298.9105,1405.2935,86.4695,1343.6753,1471.3844,-391.17868,1387.6348,1656.6357,503.8936,1424.0725,1794.443,-2.7117925,1372.9747,1707.4619,544.91064,1413.3418,1862.0166,41.68535,1503.1156,1663.3845,557.304,1572.4371,1799.6895,55.171497
FLIPPED IMG_4834.JPG,2169.831,870.6316,688.0979,2166.6807,847.7226,742.1731,2165.392,848.1483,742.1392,2164.304,848.4376,741.9758,2164.2622,841.19977,670.4604,2160.401,836.9804,670.32697,2155.9377,832.3287,670.1477,2140.662,839.89545,933.50165,2125.9443,822.1639,601.15094,2154.7717,886.07745,758.50995,2151.269,881.2122,661.3397,2089.5068,968.68317,977.4009,2028.4712,837.7619,340.4692,2010.79,1191.7664,985.16833,1928.6652,919.7458,-86.68029,1943.4135,1374.66,845.21643,1819.8179,1039.8098,-510.3798,1916.8741,1419.4976,834.58765,1773.9852,1063.36,-585.65106,1913.653,1412.4336,798.8097,1784.1611,1072.9894,-561.6237,1925.4889,1388.8694,823.6433,1803.5251,1070.931,-505.73337,2089.2764,1227.4445,224.6865,2051.2246,1157.1959,-225.73018,2189.402,1580.8284,-52.02209,2126.681,1366.573,-611.2501,1876.8834,1633.706,11.417776,1762.2225,1377.1276,-801.5585,1817.3542,1621.8226,18.660055,1713.3641,1362.5652,-815.2744,1830.0892,1749.4844,-39.37723,1708.3014,1512.7588,-907.18896
FLIPPED IMG_4835.JPG,2228.5173,573.04486,1144.7655,2234.2825,576.0338,1214.4545,2233.943,579.13104,1214.7517,2232.9297,581.3302,1214.7384,2230.8901,567.15216,1168.3124,2214.2148,561.455,1168.1342,2208.502,559.09985,1167.6843,2218.5942,591.3423,1409.0682,2191.307,564.25494,1200.1517,2218.813,591.29626,1209.3334,2203.5906,577.69653,1147.4707,2174.5112,734.1719,1317.0413,2116.7556,521.70215,961.91327,2041.3387,940.57294,1321.9552,1997.4385,587.82513,493.88477,1913.4557,1184.1566,1296.0934,1821.0673,574.4218,81.86902,1876.3853,1240.7286,1267.5822,1757.418,585.1977,41.553177,1864.682,1231.3811,1268.149,1765.388,593.97284,24.758875,1876.0378,1212.9584,1286.4636,1790.7017,597.7872,66.62632,2119.6492,964.6818,137.83423,2067.7405,807.66187,-139.36737,2180.3962,1289.1389,-454.54623,2114.5488,788.4038,-908.82245,1772.1637,1352.5142,-665.25183,1670.0741,874.0525,-1558.5494,1713.314,1304.7206,-696.25836,1631.2452,880.4968,-1627.9222,1692.6659,1480.6426,-888.29626,1560.2327,970.78925,-1871.9181
FLIPPED IMG_4860.JPG,1519.768,1556.1201,-1549.5623,1475.9491,1571.2618,-1643.5872,1465.0029,1564.2516,-1643.4442,1451.523,1556.253,-1644.1068,1493.6393,1592.4707,-1540.359,1494.7943,1599.6556,-1540.4241,1495.6576,1607.7178,-1540.4371,1383.1489,1527.9028,-1697.6432,1438.311,1592.537,-1226.8962,1513.2501,1505.1644,-1534.3667,1534.6644,1529.6038,-1400.0641,1382.6364,1225.1987,-1570.7216,1514.3597,1537.9147,-642.00824,1463.5724,890.05743,-1546.7991,1638.8947,1342.3309,286.8566,1501.7312,638.66516,-1551.9019,1759.0837,1213.3407,1120.7811,1495.979,550.17065,-1620.032,1803.4287,1167.3331,1310.1903,1516.6661,551.5026,-1696.2998,1801.1741,1164.1678,1196.8315,1528.1044,573.1399,-1574.7655,1788.8868,1174.1781,1105.6455,1782.7451,928.2053,-322.29312,1895.8262,1071.9048,322.92996,2126.9563,580.48895,-320.88174,2235.6282,854.21027,824.35016,1782.8894,468.89166,695.9498,1947.8914,849.088,1924.2839,1708.355,505.34845,823.9542,1843.056,898.9082,2058.3142,1839.726,318.61505,1062.2532,1941.5988,742.64294,2333.3376
FLIPPED IMG_4861.JPG,1830.5713,1444.637,-410.63022,1803.2183,1468.7689,-477.42142,1794.4734,1466.159,-477.53287,1784.7507,1463.826,-477.93182,1817.986,1475.6615,-402.04486,1819.6927,1477.6002,-402.1079,1821.2891,1479.3047,-402.2255,1730.0072,1448.2979,-574.8314,1781.1055,1461.6707,-222.5169,1817.6353,1407.5536,-425.3923,1833.1339,1415.2231,-324.0743,1691.2886,1240.8538,-587.49567,1813.506,1348.152,71.314026,1705.8677,961.26,-592.2915,1876.2509,1235.4175,561.657,1726.1543,757.8469,-555.8533,1878.6277,1281.7434,1002.5116,1713.676,677.17523,-558.2073,1871.9558,1303.8909,1090.5278,1727.8599,672.2454,-595.02856,1863.9067,1306.486,1055.8896,1733.4994,698.8616,-560.9785,1865.5472,1291.69,994.52423,2001.5328,885.1071,-228.06145,2087.367,973.608,228.26572,2185.166,581.4294,-382.19803,2230.2917,711.0719,368.20334,1909.773,464.73257,79.849846,2016.8887,629.4931,858.83545,1851.2792,489.0892,138.87897,1948.0552,638.58276,919.1369,1952.2963,329.56787,217.80252,1956.4355,511.9769,1017.0811
FLIPPED IMG_4862.JPG,1847.2117,623.89307,-1500.115,1826.807,589.3788,-1448.8962,1828.1113,580.8123,-1448.782,1829.0793,571.7597,-1449.0857,1810.4132,612.7729,-1528.2783,1798.4501,621.639,-1528.854,1783.632,630.60535,-1528.9508,1801.1631,563.9012,-1027.4849,1715.2539,655.21387,-1387.9546,1864.3335,636.8921,-1323.9772,1842.2834,664.9331,-1429.2378,1854.5182,584.9222,-421.1848,1747.4648,922.1011,-1254.8903,1959.1523,722.0864,414.482,1841.8842,1175.3495,-1007.72473,2102.6895,854.61145,1042.7072,1929.5415,1402.9976,-630.3331,2143.2214,879.7633,1216.3217,1932.652,1488.402,-603.8607,2163.6892,880.04846,1139.8145,1953.6866,1481.955,-652.05133,2145.881,881.56616,1034.4865,1958.8555,1457.2131,-633.52594,2239.7766,941.62537,268.90625,2178.394,1092.6053,-269.3829,2580.1147,1048.0415,767.77423,2519.6292,1371.1797,-195.32036,2270.614,1164.9755,1832.2628,2215.5535,1504.9159,572.794,2205.0935,1148.4122,1952.0504,2135.0242,1486.3113,665.814,2257.489,1302.3561,2188.2502,2256.4663,1649.4792,757.7162
FLIPPED IMG_4863.JPG,1343.9263,432.50977,-460.3546,1308.7457,400.15942,-379.4418,1310.8549,391.7772,-379.53745,1312.5247,383.3923,-380.019,1289.7222,429.57727,-497.6147,1275.6195,445.63867,-497.7541,1257.9393,463.3716,-497.8126,1289.5289,411.989,73.86211,1194.252,531.9004,-468.85495,1386.6362,465.59152,-279.18173,1361.2444,497.62436,-435.31638,1465.6576,508.11142,426.73303,1223.0792,860.75653,-514.68115,1678.6432,701.7415,813.8451,1357.6875,1119.7657,-313.974,1873.401,813.22455,885.06287,1547.4547,1362.3895,-55.639156,1938.4917,842.8205,923.10364,1568.8776,1455.5717,-62.927273,1923.5364,843.88464,843.10693,1594.9792,1439.7179,-103.46687,1896.6864,846.21265,850.464,1600.7472,1401.856,-58.614048,1982.597,896.8842,329.23752,1884.2588,1121.874,-329.40405,2374.2935,1084.4323,484.1736,2282.332,1445.115,-371.50842,2079.5483,1236.478,1698.1821,2043.0958,1507.4526,980.76447,1999.9794,1234.642,1847.3724,1963.9705,1518.7346,1145.9185,2130.3242,1368.8026,2111.7173,2104.725,1662.9725,1357.9032
FLIPPED IMG_4866.JPG,2193.0808,402.90793,547.8975,2190.9548,380.5956,618.8822,2192.0896,381.8945,618.8928,2193.4248,383.44733,618.7748,2180.096,374.01096,550.0776,2171.334,369.69342,549.9223,2160.2405,364.86887,549.70404,2165.3792,382.66107,879.8675,2114.5596,359.46906,560.1646,2184.869,428.52377,641.07837,2171.7397,425.42038,548.1867,2137.1382,577.145,939.2208,2027.0099,418.96625,337.90558,2022.3634,820.9401,970.4955,1898.9736,544.49243,-76.32353,1953.8329,1040.1632,791.78296,1783.5298,691.8393,-486.17902,1943.4493,1111.8021,761.6922,1723.7775,735.1753,-556.92194,1925.3741,1103.5533,729.6099,1739.7909,750.8971,-551.7383,1922.2435,1073.9474,770.11694,1768.6569,741.9431,-489.71954,2118.6182,863.9387,228.2708,2053.4893,762.30756,-229.94646,2282.3833,1220.1808,-126.31715,2164.0063,997.06946,-617.7271,1926.7765,1346.4529,33.11418,1793.7974,1140.9662,-736.7267,1849.1681,1308.7225,52.577442,1743.9052,1140.246,-742.9922,1899.3545,1503.7747,-33.16874,1773.4934,1376.0557,-883.632
FLIPPED IMG_5307.JPG,2688.9534,852.60455,-221.83011,2718.095,881.8229,-290.02026,2718.2346,888.3934,-290.0675,2718.365,895.2984,-290.21448,2719.0164,877.9339,-194.49072,2719.6829,881.26654,-194.5212,2720.4912,884.8297,-194.5615,2703.013,938.48755,-439.43417,2703.787,920.72424,-5.1466565,2651.9255,864.9215,-262.0051,2653.555,859.25226,-137.10632,2523.0928,974.059,-604.7712,2517.1409,892.99805,255.07211,2250.492,1002.0237,-699.3677,2273.455,919.33105,412.86392,2012.924,1005.89124,-660.2619,2057.6228,901.42267,347.8263,1940.6775,1014.34674,-712.9666,2006.3192,888.12134,368.03336,1929.8962,997.6445,-673.25885,1998.1604,894.2223,278.2872,1958.4623,989.1923,-639.5143,2017.3541,900.7094,310.06238,2039.4965,781.5133,-306.18182,2063.054,716.18176,305.9187,1734.9767,641.2772,-325.9904,1796.0692,654.22626,442.21564,1515.9539,914.0361,-51.898277,1557.9619,861.75604,688.9128,1498.3606,982.65436,-17.081661,1539.9933,938.42584,711.1158,1368.7651,872.88434,-38.05474,1438.4323,842.623,703.46387
FLIPPED IMG_5308.JPG,2412.7534,807.728,-523.0761,2439.4321,841.29425,-606.19336,2437.6943,848.1876,-606.1618,2436.2458,855.3934,-606.4418,2441.9841,838.4616,-496.52783,2442.1663,842.4027,-496.61404,2442.875,846.5859,-496.5277,2413.692,898.8747,-776.5337,2422.5312,882.87024,-280.18356,2373.054,817.3314,-563.839,2376.9827,813.9,-421.66672,2228.166,904.5575,-937.9166,2258.7737,857.53516,88.20113,1942.6969,923.4614,-1011.37823,1998.7954,861.15955,351.3955,1692.9357,903.4631,-901.7205,1817.219,811.52655,334.32883,1611.2815,926.363,-967.93445,1767.3395,801.21844,373.6708,1605.4437,905.15686,-925.1287,1741.2035,811.83655,259.1267,1635.2424,891.6579,-877.62695,1768.3278,802.0825,287.72546,1744.4144,677.90826,-344.1989,1794.0933,644.0627,343.8061,1498.3539,527.3767,-167.64384,1566.835,559.4217,740.84143,1272.1414,784.9787,304.4572,1315.448,745.6231,1122.4551,1261.3402,845.2917,363.0217,1303.0243,805.23126,1160.6265,1157.795,716.38776,353.78354,1203.6248,680.51,1158.975
FLIPPED IMG_5309.JPG,2737.4753,903.71027,-881.0481,2763.0315,938.35535,-951.8561,2759.3855,943.9545,-951.79083,2756.387,949.38696,-952.095,2768.273,933.6371,-867.0267,2767.5945,936.49335,-867.23193,2767.1123,939.9077,-867.2514,2714.3271,1001.23724,-1067.1652,2731.848,988.93854,-680.4322,2686.3027,909.59515,-900.4208,2692.2573,904.2175,-789.41187,2449.7517,1004.0175,-1030.4052,2596.0261,933.9561,-322.70193,2114.2878,973.4246,-989.8679,2443.6292,801.3171,235.65652,1875.1174,946.60425,-1030.109,2456.1836,734.0151,637.1536,1810.1254,947.7746,-1106.8638,2497.9253,716.6871,714.95874,1803.6628,929.5867,-1138.533,2528.7788,719.7919,627.0203,1823.822,927.118,-1043.2068,2475.4106,719.954,613.7179,2129.181,692.6858,-278.68442,2199.108,731.072,278.99112,1869.7373,511.9099,-52.759495,1981.5935,667.83875,909.34503,1689.2817,778.5564,426.55573,1796.6693,791.8082,1500.0323,1675.2208,850.74817,484.1795,1773.9835,829.0075,1565.478,1597.8097,733.4644,470.8078,1710.3022,733.65106,1589.5837
FLIPPED IMG_5310.JPG,2064.7595,836.17145,-489.0664,2115.3718,873.66925,-531.32983,2111.1257,879.9114,-531.4769,2107.6716,884.5324,-531.91907,2122.8977,867.74194,-493.78116,2123.4983,869.09503,-493.82837,2123.998,870.56354,-494.14655,2061.435,906.57587,-571.3977,2075.6917,898.89734,-401.39728,2036.3057,829.39,-487.0693,2043.2318,818.19434,-437.66373,1833.9075,890.17456,-515.3479,1950.5375,786.96814,-279.36166,1530.513,871.8605,-464.93588,1702.7588,709.18085,74.06884,1306.0579,830.6449,-466.0916,1610.7339,669.9232,362.24997,1253.6409,838.02576,-490.84537,1581.2268,669.90424,411.70316,1251.355,810.1615,-535.7865,1603.1433,657.37476,354.40167,1275.9752,805.08527,-480.95038,1609.4761,659.8824,348.87726,1545.6807,648.58997,-6.6547885,1559.2822,601.6197,6.0906563,1434.8619,550.9711,184.25987,1384.3676,415.83252,-93.79251,1382.9572,636.53955,868.5107,1335.7052,663.2153,435.18176,1372.0515,669.63477,948.02576,1296.56,712.476,501.5455,1278.4027,662.7535,1014.09735,1187.8528,742.45135,538.0898
FLIPPED IMG_5311.JPG,1914.3556,882.82764,-1321.9124,1917.1763,928.60583,-1353.2141,1886.2427,955.7715,-1353.0919,1873.0712,968.2368,-1353.5992,1946.8375,920.24866,-1330.941,1958.2506,920.2331,-1330.939,1959.2953,905.7108,-1330.6276,1841.7798,1002.2786,-1262.3721,1962.798,914.5798,-1153.6196,1875.6451,879.1456,-1258.8177,1900.4381,870.5233,-1227.3207,1717.75,951.7896,-934.3616,1900.2448,884.43744,-862.54364,1520.5319,922.1764,-537.435,1832.7468,799.22797,-290.35065,1361.0668,862.26447,-199.12036,1795.4635,731.88446,199.23079,1336.226,829.8006,-177.7725,1799.845,715.3441,257.02557,1357.9998,809.4728,-230.83185,1800.4647,714.10046,206.92482,1377.5347,804.3414,-210.74817,1789.6482,720.373,194.71268,1615.1647,688.3525,-22.437122,1688.9645,672.3731,22.772993,1519.9259,579.51117,461.5969,1538.76,625.46643,556.13776,1414.59,600.39465,986.3954,1402.5139,683.268,1098.6809,1389.9058,605.53235,1041.8003,1373.2031,700.9429,1158.5942,1407.1733,568.181,1045.3143,1341.3475,663.2339,1167.1903
FLIPPED IMG_5312.JPG,1200.5271,718.3263,-1124.579,1169.4926,792.22394,-1155.2279,1156.3591,790.5059,-1155.1615,1143.2405,788.6035,-1155.3766,1203.1224,801.2186,-1169.6285,1214.5483,806.3367,-1169.9945,1225.8888,811.4848,-1170.2428,1126.3456,799.1735,-1052.0419,1246.6904,833.4849,-1113.6952,1197.0607,742.4948,-1052.824,1234.7261,754.94055,-1070.7264,1136.8357,754.6134,-741.7184,1402.966,805.69244,-874.5112,1099.6635,660.6657,-290.55524,1508.7568,657.3704,-449.56317,1071.2069,619.0577,97.91851,1574.1672,700.3542,-34.79487,1060.0352,614.2612,138.90027,1551.7489,671.9142,-6.1552906,1079.6183,617.8012,109.034676,1539.0497,688.7314,-34.135445,1093.185,608.4506,94.58604,1529.5067,684.1666,-35.474083,1328.418,443.43918,24.134766,1416.8455,455.6673,-23.337715,1418.5997,317.06006,526.53345,1458.0122,316.13513,542.2354,1485.5891,336.54138,1364.2163,1482.5647,263.29205,1243.011,1493.1354,342.99918,1452.291,1478.4158,260.35696,1320.9695,1527.3667,327.41882,1476.229,1487.1776,207.10368,1313.1277
FLIPPED IMG_5313.JPG,1013.13354,654.3223,-1404.8832,956.6338,689.8045,-1372.9958,948.51355,691.5064,-1373.0183,941.5259,693.52734,-1373.3342,994.48694,702.55963,-1443.8663,1012.5831,715.237,-1444.3225,1037.2756,728.4986,-1444.6354,971.37854,728.3298,-1098.2018,1093.0123,786.39935,-1412.6039,1045.237,641.65204,-1284.8905,1076.7665,656.8624,-1376.3662,1071.503,679.966,-709.7164,1347.9265,789.1875,-1272.1761,1265.1848,640.5709,-228.92252,1594.6296,846.56354,-1068.6049,1408.1213,519.43243,89.67686,1802.9641,827.9733,-689.81213,1431.7356,482.1946,144.5042,1857.3542,857.90924,-692.9298,1447.0162,481.08078,103.52552,1858.859,821.7214,-712.54956,1451.9707,496.56018,81.50691,1843.857,808.5343,-690.9277,1469.6296,486.8419,177.10817,1639.1172,563.338,-176.97365,1541.7047,314.17386,882.8585,1821.7189,363.3159,283.36148,1574.7839,344.1422,1668.9327,1947.0737,642.3166,931.67444,1584.2573,348.6372,1748.6903,1937.0896,702.2768,999.7777,1603.0365,292.27457,1769.0161,2012.4664,611.6383,932.32526
FLIPPED IMG_5314.JPG,746.57806,621.57117,-1401.9303,698.70337,658.47,-1362.1849,694.9053,660.4191,-1362.1935,690.51044,662.7177,-1362.4485,712.0801,674.16864,-1468.0974,718.143,687.88965,-1468.5267,724.0553,702.8907,-1468.8093,718.1186,726.1001,-1030.1204,758.864,777.8572,-1507.0828,790.7917,620.19763,-1256.6893,806.2982,641.0693,-1394.0114,881.4097,698.2347,-606.49475,1118.4532,810.49115,-1448.0525,1205.9651,734.4812,-61.433643,1494.2515,909.1539,-1427.097,1457.168,682.2931,262.15683,1796.5801,948.8145,-1377.2388,1502.4829,666.43976,306.8309,1879.4639,974.69,-1454.9392,1524.228,665.486,246.08896,1888.6427,946.8487,-1497.6527,1518.6503,675.2489,246.40881,1869.3254,932.9782,-1393.7761,1511.9459,573.1907,306.0838,1642.3792,624.21185,-306.45157,1773.3948,456.0408,1267.7954,2015.4144,439.10428,179.24184,1908.7206,672.106,2165.0156,2169.7078,805.73413,815.1375,1916.723,743.39526,2256.649,2171.0566,892.15076,883.22174,1965.4283,687.78784,2343.1228,2271.7734,776.4456,831.3971
FLIPPED IMG_5315 copy 10.JPG,632.3443,761.2658,-242.13657,574.0454,791.6456,-197.25269,572.2187,795.5134,-197.61292,570.0346,799.87427,-197.70647,572.8962,801.89197,-324.39694,570.5396,811.6918,-324.53763,567.3311,823.3503,-324.76678,577.5527,860.3571,62.14703,575.50714,889.9806,-513.1047,686.1355,780.8173,-129.57503,683.4244,794.81793,-295.99075,893.87366,885.2153,393.5472,852.9591,1004.0996,-758.1247,1254.2369,996.45636,510.37466,1278.9824,1139.8649,-909.7206,1607.8063,1032.7484,390.3181,1664.1658,1213.0206,-946.69104,1695.6444,1041.3488,373.68005,1777.9988,1261.6056,-1047.7045,1712.9991,1049.6975,273.35245,1794.3861,1232.4856,-1024.6858,1680.1754,1047.1404,337.4484,1759.9865,1204.5127,-929.7575,1585.7275,753.139,343.35156,1599.6576,871.4492,-342.8082,2087.2336,687.62036,183.00554,2108.0369,710.0958,-561.3317,2339.3997,1088.3822,673.6064,2394.533,1192.3589,-111.36478,2336.3901,1190.3999,713.7458,2400.42,1277.4716,-67.86398,2592.3457,1099.3308,648.81335,2666.7966,1206.5679,-173.41664
FLIPPED IMG_5315 copy 11.JPG,632.3443,761.2658,-242.13657,574.0454,791.6456,-197.25269,572.2187,795.5134,-197.61292,570.0346,799.87427,-197.70647,572.8962,801.89197,-324.39694,570.5396,811.6918,-324.53763,567.3311,823.3503,-324.76678,577.5527,860.3571,62.14703,575.50714,889.9806,-513.1047,686.1355,780.8173,-129.57503,683.4244,794.81793,-295.99075,893.87366,885.2153,393.5472,852.9591,1004.0996,-758.1247,1254.2369,996.45636,510.37466,1278.9824,1139.8649,-909.7206,1607.8063,1032.7484,390.3181,1664.1658,1213.0206,-946.69104,1695.6444,1041.3488,373.68005,1777.9988,1261.6056,-1047.7045,1712.9991,1049.6975,273.35245,1794.3861,1232.4856,-1024.6858,1680.1754,1047.1404,337.4484,1759.9865,1204.5127,-929.7575,1585.7275,753.139,343.35156,1599.6576,871.4492,-342.8082,2087.2336,687.62036,183.00554,2108.0369,710.0958,-561.3317,2339.3997,1088.3822,673.6064,2394.533,1192.3589,-111.36478,2336.3901,1190.3999,713.7458,2400.42,1277.4716,-67.86398,2592.3457,1099.3308,648.81335,2666.7966,1206.5679,-173.41664
FLIPPED IMG_5315 copy 12.JPG,632.3443,761.2658,-242.13657,574.0454,791.6456,-197.25269,572.2187,795.5134,-197.61292,570.0346,799.87427,-197.70647,572.8962,801.89197,-324.39694,570.5396,811.6918,-324.53763,567.3311,823.3503,-324.76678,577.5527,860.3571,62.14703,575.50714,889.9806,-513.1047,686.1355,780.8173,-129.57503,683.4244,794.81793,-295.99075,893.87366,885.2153,393.5472,852.9591,1004.0996,-758.1247,1254.2369,996.45636,510.37466,1278.9824,1139.8649,-909.7206,1607.8063,1032.7484,390.3181,1664.1658,1213.0206,-946.69104,1695.6444,1041.3488,373.68005,1777.9988,1261.6056,-1047.7045,1712.9991,1049.6975,273.35245,1794.3861,1232.4856,-1024.6858,1680.1754,1047.1404,337.4484,1759.9865,1204.5127,-929.7575,1585.7275,753.139,343.35156,1599.6576,871.4492,-342.8082,2087.2336,687.62036,183.00554,2108.0369,710.0958,-561.3317,2339.3997,1088.3822,673.6064,2394.533,1192.3589,-111.36478,2336.3901,1190.3999,713.7458,2400.42,1277.4716,-67.86398,2592.3457,1099.3308,648.81335,2666.7966,1206.5679,-173.41664
FLIPPED IMG_5315 copy 2.JPG,632.3443,761.2658,-242.13657,574.0454,791.6456,-197.25269,572.2187,795.5134,-197.61292,570.0346,799.87427,-197.70647,572.8962,801.89197,-324.39694,570.5396,811.6918,-324.53763,567.3311,823.3503,-324.76678,577.5527,860.3571,62.14703,575.50714,889.9806,-513.1047,686.1355,780.8173,-129.57503,683.4244,794.81793,-295.99075,893.87366,885.2153,393.5472,852.9591,1004.0996,-758.1247,1254.2369,996.45636,510.37466,1278.9824,1139.8649,-909.7206,1607.8063,1032.7484,390.3181,1664.1658,1213.0206,-946.69104,1695.6444,1041.3488,373.68005,1777.9988,1261.6056,-1047.7045,1712.9991,1049.6975,273.35245,1794.3861,1232.4856,-1024.6858,1680.1754,1047.1404,337.4484,1759.9865,1204.5127,-929.7575,1585.7275,753.139,343.35156,1599.6576,871.4492,-342.8082,2087.2336,687.62036,183.00554,2108.0369,710.0958,-561.3317,2339.3997,1088.3822,673.6064,2394.533,1192.3589,-111.36478,2336.3901,1190.3999,713.7458,2400.42,1277.4716,-67.86398,2592.3457,1099.3308,648.81335,2666.7966,1206.5679,-173.41664
FLIPPED IMG_5315 copy 3.JPG,632.3443,761.2658,-242.13657,574.0454,791.6456,-197.25269,572.2187,795.5134,-197.61292,570.0346,799.87427,-197.70647,572.8962,801.89197,-324.39694,570.5396,811.6918,-324.53763,567.3311,823.3503,-324.76678,577.5527,860.3571,62.14703,575.50714,889.9806,-513.1047,686.1355,780.8173,-129.57503,683.4244,794.81793,-295.99075,893.87366,885.2153,393.5472,852.9591,1004.0996,-758.1247,1254.2369,996.45636,510.37466,1278.9824,1139.8649,-909.7206,1607.8063,1032.7484,390.3181,1664.1658,1213.0206,-946.69104,1695.6444,1041.3488,373.68005,1777.9988,1261.6056,-1047.7045,1712.9991,1049.6975,273.35245,1794.3861,1232.4856,-1024.6858,1680.1754,1047.1404,337.4484,1759.9865,1204.5127,-929.7575,1585.7275,753.139,343.35156,1599.6576,871.4492,-342.8082,2087.2336,687.62036,183.00554,2108.0369,710.0958,-561.3317,2339.3997,1088.3822,673.6064,2394.533,1192.3589,-111.36478,2336.3901,1190.3999,713.7458,2400.42,1277.4716,-67.86398,2592.3457,1099.3308,648.81335,2666.7966,1206.5679,-173.41664
FLIPPED IMG_5315 copy 4.JPG,632.3443,761.2658,-242.13657,574.0454,791.6456,-197.25269,572.2187,795.5134,-197.61292,570.0346,799.87427,-197.70647,572.8962,801.89197,-324.39694,570.5396,811.6918,-324.53763,567.3311,823.3503,-324.76678,577.5527,860.3571,62.14703,575.50714,889.9806,-513.1047,686.1355,780.8173,-129.57503,683.4244,794.81793,-295.99075,893.87366,885.2153,393.5472,852.9591,1004.0996,-758.1247,1254.2369,996.45636,510.37466,1278.9824,1139.8649,-909.7206,1607.8063,1032.7484,390.3181,1664.1658,1213.0206,-946.69104,1695.6444,1041.3488,373.68005,1777.9988,1261.6056,-1047.7045,1712.9991,1049.6975,273.35245,1794.3861,1232.4856,-1024.6858,1680.1754,1047.1404,337.4484,1759.9865,1204.5127,-929.7575,1585.7275,753.139,343.35156,1599.6576,871.4492,-342.8082,2087.2336,687.62036,183.00554,2108.0369,710.0958,-561.3317,2339.3997,1088.3822,673.6064,2394.533,1192.3589,-111.36478,2336.3901,1190.3999,713.7458,2400.42,1277.4716,-67.86398,2592.3457,1099.3308,648.81335,2666.7966,1206.5679,-173.41664
FLIPPED IMG_5315 copy 5.JPG,632.3443,761.2658,-242.13657,574.0454,791.6456,-197.25269,572.2187,795.5134,-197.61292,570.0346,799.87427,-197.70647,572.8962,801.89197,-324.39694,570.5396,811.6918,-324.53763,567.3311,823.3503,-324.76678,577.5527,860.3571,62.14703,575.50714,889.9806,-513.1047,686.1355,780.8173,-129.57503,683.4244,794.81793,-295.99075,893.87366,885.2153,393.5472,852.9591,1004.0996,-758.1247,1254.2369,996.45636,510.37466,1278.9824,1139.8649,-909.7206,1607.8063,1032.7484,390.3181,1664.1658,1213.0206,-946.69104,1695.6444,1041.3488,373.68005,1777.9988,1261.6056,-1047.7045,1712.9991,1049.6975,273.35245,1794.3861,1232.4856,-1024.6858,1680.1754,1047.1404,337.4484,1759.9865,1204.5127,-929.7575,1585.7275,753.139,343.35156,1599.6576,871.4492,-342.8082,2087.2336,687.62036,183.00554,2108.0369,710.0958,-561.3317,2339.3997,1088.3822,673.6064,2394.533,1192.3589,-111.36478,2336.3901,1190.3999,713.7458,2400.42,1277.4716,-67.86398,2592.3457,1099.3308,648.81335,2666.7966,1206.5679,-173.41664
FLIPPED IMG_5315 copy 6.JPG,632.3443,761.2658,-242.13657,574.0454,791.6456,-197.25269,572.2187,795.5134,-197.61292,570.0346,799.87427,-197.70647,572.8962,801.89197,-324.39694,570.5396,811.6918,-324.53763,567.3311,823.3503,-324.76678,577.5527,860.3571,62.14703,575.50714,889.9806,-513.1047,686.1355,780.8173,-129.57503,683.4244,794.81793,-295.99075,893.87366,885.2153,393.5472,852.9591,1004.0996,-758.1247,1254.2369,996.45636,510.37466,1278.9824,1139.8649,-909.7206,1607.8063,1032.7484,390.3181,1664.1658,1213.0206,-946.69104,1695.6444,1041.3488,373.68005,1777.9988,1261.6056,-1047.7045,1712.9991,1049.6975,273.35245,1794.3861,1232.4856,-1024.6858,1680.1754,1047.1404,337.4484,1759.9865,1204.5127,-929.7575,1585.7275,753.139,343.35156,1599.6576,871.4492,-342.8082,2087.2336,687.62036,183.00554,2108.0369,710.0958,-561.3317,2339.3997,1088.3822,673.6064,2394.533,1192.3589,-111.36478,2336.3901,1190.3999,713.7458,2400.42,1277.4716,-67.86398,2592.3457,1099.3308,648.81335,2666.7966,1206.5679,-173.41664
FLIPPED IMG_5315 copy 7.JPG,632.3443,761.2658,-242.13657,574.0454,791.6456,-197.25269,572.2187,795.5134,-197.61292,570.0346,799.87427,-197.70647,572.8962,801.89197,-324.39694,570.5396,811.6918,-324.53763,567.3311,823.3503,-324.76678,577.5527,860.3571,62.14703,575.50714,889.9806,-513.1047,686.1355,780.8173,-129.57503,683.4244,794.81793,-295.99075,893.87366,885.2153,393.5472,852.9591,1004.0996,-758.1247,1254.2369,996.45636,510.37466,1278.9824,1139.8649,-909.7206,1607.8063,1032.7484,390.3181,1664.1658,1213.0206,-946.69104,1695.6444,1041.3488,373.68005,1777.9988,1261.6056,-1047.7045,1712.9991,1049.6975,273.35245,1794.3861,1232.4856,-1024.6858,1680.1754,1047.1404,337.4484,1759.9865,1204.5127,-929.7575,1585.7275,753.139,343.35156,1599.6576,871.4492,-342.8082,2087.2336,687.62036,183.00554,2108.0369,710.0958,-561.3317,2339.3997,1088.3822,673.6064,2394.533,1192.3589,-111.36478,2336.3901,1190.3999,713.7458,2400.42,1277.4716,-67.86398,2592.3457,1099.3308,648.81335,2666.7966,1206.5679,-173.41664
FLIPPED IMG_5315 copy 8.JPG,632.3443,761.2658,-242.13657,574.0454,791.6456,-197.25269,572.2187,795.5134,-197.61292,570.0346,799.87427,-197.70647,572.8962,801.89197,-324.39694,570.5396,811.6918,-324.53763,567.3311,823.3503,-324.76678,577.5527,860.3571,62.14703,575.50714,889.9806,-513.1047,686.1355,780.8173,-129.57503,683.4244,794.81793,-295.99075,893.87366,885.2153,393.5472,852.9591,1004.0996,-758.1247,1254.2369,996.45636,510.37466,1278.9824,1139.8649,-909.7206,1607.8063,1032.7484,390.3181,1664.1658,1213.0206,-946.69104,1695.6444,1041.3488,373.68005,1777.9988,1261.6056,-1047.7045,1712.9991,1049.6975,273.35245,1794.3861,1232.4856,-1024.6858,1680.1754,1047.1404,337.4484,1759.9865,1204.5127,-929.7575,1585.7275,753.139,343.35156,1599.6576,871.4492,-342.8082,2087.2336,687.62036,183.00554,2108.0369,710.0958,-561.3317,2339.3997,1088.3822,673.6064,2394.533,1192.3589,-111.36478,2336.3901,1190.3999,713.7458,2400.42,1277.4716,-67.86398,2592.3457,1099.3308,648.81335,2666.7966,1206.5679,-173.41664
FLIPPED IMG_5315 copy 9.JPG,632.3443,761.2658,-242.13657,574.0454,791.6456,-197.25269,572.2187,795.5134,-197.61292,570.0346,799.87427,-197.70647,572.8962,801.89197,-324.39694,570.5396,811.6918,-324.53763,567.3311,823.3503,-324.76678,577.5527,860.3571,62.14703,575.50714,889.9806,-513.1047,686.1355,780.8173,-129.57503,683.4244,794.81793,-295.99075,893.87366,885.2153,393.5472,852.9591,1004.0996,-758.1247,1254.2369,996.45636,510.37466,1278.9824,1139.8649,-909.7206,1607.8063,1032.7484,390.3181,1664.1658,1213.0206,-946.69104,1695.6444,1041.3488,373.68005,1777.9988,1261.6056,-1047.7045,1712.9991,1049.6975,273.35245,1794.3861,1232.4856,-1024.6858,1680.1754,1047.1404,337.4484,1759.9865,1204.5127,-929.7575,1585.7275,753.139,343.35156,1599.6576,871.4492,-342.8082,2087.2336,687.62036,183.00554,2108.0369,710.0958,-561.3317,2339.3997,1088.3822,673.6064,2394.533,1192.3589,-111.36478,2336.3901,1190.3999,713.7458,2400.42,1277.4716,-67.86398,2592.3457,1099.3308,648.81335,2666.7966,1206.5679,-173.41664
FLIPPED IMG_5315 copy.JPG,632.3443,761.2658,-242.13657,574.0454,791.6456,-197.25269,572.2187,795.5134,-197.61292,570.0346,799.87427,-197.70647,572.8962,801.89197,-324.39694,570.5396,811.6918,-324.53763,567.3311,823.3503,-324.76678,577.5527,860.3571,62.14703,575.50714,889.9806,-513.1047,686.1355,780.8173,-129.57503,683.4244,794.81793,-295.99075,893.87366,885.2153,393.5472,852.9591,1004.0996,-758.1247,1254.2369,996.45636,510.37466,1278.9824,1139.8649,-909.7206,1607.8063,1032.7484,390.3181,1664.1658,1213.0206,-946.69104,1695.6444,1041.3488,373.68005,1777.9988,1261.6056,-1047.7045,1712.9991,1049.6975,273.35245,1794.3861,1232.4856,-1024.6858,1680.1754,1047.1404,337.4484,1759.9865,1204.5127,-929.7575,1585.7275,753.139,343.35156,1599.6576,871.4492,-342.8082,2087.2336,687.62036,183.00554,2108.0369,710.0958,-561.3317,2339.3997,1088.3822,673.6064,2394.533,1192.3589,-111.36478,2336.3901,1190.3999,713.7458,2400.42,1277.4716,-67.86398,2592.3457,1099.3308,648.81335,2666.7966,1206.5679,-173.41664
FLIPPED IMG_5315.JPG,632.3443,761.2658,-242.13657,574.0454,791.6456,-197.25269,572.2187,795.5134,-197.61292,570.0346,799.87427,-197.70647,572.8962,801.89197,-324.39694,570.5396,811.6918,-324.53763,567.3311,823.3503,-324.76678,577.5527,860.3571,62.14703,575.50714,889.9806,-513.1047,686.1355,780.8173,-129.57503,683.4244,794.81793,-295.99075,893.87366,885.2153,393.5472,852.9591,1004.0996,-758.1247,1254.2369,996.45636,510.37466,1278.9824,1139.8649,-909.7206,1607.8063,1032.7484,390.3181,1664.1658,1213.0206,-946.69104,1695.6444,1041.3488,373.68005,1777.9988,1261.6056,-1047.7045,1712.9991,1049.6975,273.35245,1794.3861,1232.4856,-1024.6858,1680.1754,1047.1404,337.4484,1759.9865,1204.5127,-929.7575,1585.7275,753.139,343.35156,1599.6576,871.4492,-342.8082,2087.2336,687.62036,183.00554,2108.0369,710.0958,-561.3317,2339.3997,1088.3822,673.6064,2394.533,1192.3589,-111.36478,2336.3901,1190.3999,713.7458,2400.42,1277.4716,-67.86398,2592.3457,1099.3308,648.81335,2666.7966,1206.5679,-173.41664
FLIPPED IMG_5839.JPG,757.8886,728.00586,-66.32033,715.6785,753.78644,-23.413511,715.10986,757.48035,-23.761456,714.6773,761.9967,-23.899214,718.40234,760.494,-124.86618,719.50037,768.45557,-124.8022,720.5814,777.1848,-124.88583,736.7621,829.8776,181.96521,741.1742,841.47675,-277.0148,802.70416,734.90826,18.089699,803.3734,744.1756,-113.14298,1009.88477,834.9506,409.7733,980.4869,959.1497,-498.47955,1349.5461,914.31085,517.8921,1400.6392,1036.782,-572.06964,1616.7318,939.40027,444.94208,1733.3163,1080.7571,-516.14496,1683.2034,929.33813,419.91306,1831.0231,1146.2087,-589.85046,1683.0077,934.2981,351.5205,1851.8992,1116.142,-601.00714,1664.1351,938.1082,406.69037,1810.2913,1097.9456,-517.42255,1591.608,688.4945,294.50928,1614.496,739.3309,-293.93094,2020.8058,483.02017,237.2838,2137.9448,456.38635,-528.43317,2189.952,890.66656,543.2828,2261.578,954.9556,-258.99826,2164.6775,979.1468,567.8979,2252.821,976.19244,-229.27554,2392.83,923.41583,584.74255,2483.064,978.51575,-231.80331
FLIPPED IMG_5840.JPG,759.91223,807.54205,-533.25397,717.12506,840.2057,-487.41025,716.5613,845.0045,-487.80173,716.1678,850.71484,-488.16492,721.36957,847.29114,-600.77185,723.49023,857.37006,-600.9256,725.927,869.3851,-601.2623,745.038,926.30963,-232.68338,755.764,943.01794,-739.41315,804.7441,815.02924,-427.62366,809.2917,823.9893,-573.12775,1010.0752,910.20667,124.75372,1051.5708,1023.78516,-922.1203,1306.6671,762.60596,350.6788,1469.1187,1074.8779,-991.4293,1513.5786,718.1168,441.75656,1835.7303,1129.9276,-908.31177,1573.591,702.32916,480.02902,1942.3662,1163.7881,-973.4538,1564.5226,720.5182,419.75528,1949.1285,1123.5115,-985.6287,1550.2454,731.1382,415.3621,1915.9508,1104.3408,-911.4022,1625.9552,686.16455,332.89462,1685.604,752.88477,-332.2059,2041.6619,480.78702,423.97546,2171.9785,454.24667,-535.67285,2163.242,891.5214,997.3667,2298.9202,959.174,-143.76054,2127.5334,1000.5053,1053.365,2278.9927,1053.677,-103.051636,2321.6355,993.4428,1135.9138,2498.1353,1000.31976,-92.849625
FLIPPED IMG_5841.JPG,856.26416,860.10645,-734.3975,810.52386,886.7176,-694.6803,807.81604,889.3129,-694.89734,804.86,892.83136,-695.1717,816.17255,897.7315,-805.62695,817.6674,909.2826,-805.82684,819.11444,923.08636,-806.15015,836.0701,974.1635,-439.67606,851.61273,1009.19196,-938.2155,904.9474,862.9826,-625.03625,914.3804,874.60376,-768.29706,1067.4396,941.434,-77.18608,1234.1763,1103.4813,-1062.3689,1355.2285,922.9243,328.06506,1635.4015,1133.8633,-1027.4581,1660.554,861.931,622.4756,2049.3093,1105.1598,-903.68463,1742.6869,838.17725,679.8563,2163.7876,1123.5181,-955.31396,1752.518,845.9187,636.1496,2171.649,1081.3982,-975.4709,1732.4764,859.5908,606.6991,2137.2224,1069.6862,-906.91724,1703.3275,589.29486,329.87418,1802.6582,691.47144,-329.09744,2063.6868,306.4663,451.05286,2266.4136,344.94238,-444.7481,2148.3342,768.4985,1074.7733,2424.9868,855.1067,135.3593,2137.0708,865.157,1143.593,2375.4053,948.68726,202.42023,2364.8342,837.70966,1321.8221,2584.2446,850.1536,310.011
FLIPPED IMG_5842.JPG,914.26917,978.47925,-1577.6068,857.0012,1008.0079,-1493.4055,851.9489,1004.8783,-1493.2451,847.5303,1003.0901,-1493.1488,880.0108,1034.8357,-1599.438,892.3144,1051.6768,-1599.6364,908.9267,1074.081,-1599.6973,892.7076,1062.4935,-1029.4639,977.2222,1167.901,-1514.1099,969.6453,964.4625,-1393.3009,993.9061,991.2309,-1533.6953,1121.8942,1007.7458,-409.60245,1350.585,1239.2538,-1531.0432,1377.4493,906.90216,405.9275,1727.6759,1214.4982,-1628.8065,1505.327,681.63617,1016.28394,2117.2646,1086.356,-1582.3417,1533.5985,606.3716,1177.4182,2228.185,1095.4904,-1667.9424,1516.8167,641.5131,1082.0299,2232.4697,1059.5505,-1685.9259,1524.1254,660.5255,998.0792,2197.113,1046.5604,-1587.1534,1636.4868,595.40045,360.97806,1794.999,661.35266,-361.26483,1764.1912,294.2573,1347.4901,2198.255,244.15372,-161.29826,1846.8086,593.8367,2488.9844,2323.6318,741.6542,717.78064,1845.9854,649.0759,2614.4119,2311.714,853.57025,816.4528,1945.2397,578.9708,2886.4036,2435.9055,786.92865,964.05646
FLIPPED IMG_5843.JPG,1570.2717,1131.3776,-1854.3646,1517.1039,1183.665,-1853.5306,1494.1227,1189.3293,-1852.9581,1483.5571,1194.4634,-1852.8549,1573.8181,1185.4332,-1934.9254,1581.0165,1190.9905,-1935.6073,1605.06,1198.7083,-1935.8081,1528.5881,1214.7593,-1514.47,1727.454,1308.539,-1898.8043,1579.1506,1104.9816,-1690.7155,1632.1206,1115.1678,-1801.886,1582.952,1197.7445,-1006.2638,2003.9213,1282.1606,-1561.3136,1589.2166,1103.6685,-243.6941,2328.6511,1196.7347,-1406.448,1570.517,1033.3497,399.19986,2416.7488,1092.1987,-1167.5233,1546.9033,1008.05225,565.18506,2452.416,1053.894,-1146.7982,1558.2262,1003.37714,508.1359,2400.1057,1045.8325,-1169.3074,1580.8507,1014.23694,403.10614,2385.6948,1057.5443,-1160.7823,1815.5435,735.1077,144.96825,2096.1016,759.6469,-145.3132,1818.8103,332.99335,533.7217,2297.2788,348.37265,81.14244,1866.6577,647.3153,1468.3053,2353.556,713.1758,1099.4751,1864.2867,706.7296,1589.4872,2297.5146,742.5706,1227.0568,1927.2167,633.57294,1879.9585,2412.3916,640.37756,1505.4194
FLIPPED IMG_5844.JPG,3009.3875,1498.049,-2454.2776,3006.8489,1591.6188,-2517.2625,2978.1526,1611.3218,-2517.2146,2949.4106,1630.5616,-2517.7964,3083.8035,1557.0205,-2498.4229,3113.0923,1550.052,-2498.5974,3142.2822,1543.0696,-2498.2773,2899.5952,1702.1174,-2286.3977,3177.911,1612.4463,-2186.2874,2929.372,1506.6351,-2309.027,3021.1375,1461.5143,-2280.635,2599.887,1686.6536,-1677.0839,3207.3896,1497.8243,-1602.4087,2344.0144,1543.1393,-1434.0183,3231.021,1393.7789,-738.13354,2191.6694,1381.3591,-1509.2148,3192.388,1392.0038,194.13184,2136.0574,1342.0323,-1521.8394,3193.9187,1387.4681,351.14136,2174.0315,1330.2285,-1590.8251,3189.7617,1386.6066,293.78555,2204.8513,1327.6528,-1528.5859,3174.639,1387.8903,208.72084,2555.0212,1070.5809,-22.916893,2864.1946,1015.1686,24.657393,2409.0386,678.1877,758.0288,2893.3203,691.51434,916.77625,2410.1228,990.45483,2178.6729,2882.446,778.9246,2148.8972,2426.6584,1022.75226,2337.8794,2864.072,803.77856,2293.9658,2384.5337,973.28394,2451.363,2826.898,695.4862,2348.5996
FLIPPED IMG_5846.JPG,1238.1556,1005.3316,-2363.2239,1155.8511,1039.3113,-2310.777,1132.9907,1034.1283,-2310.2737,1115.8374,1030.9763,-2310.3215,1244.2941,1071.3785,-2366.1274,1267.1294,1083.4056,-2366.509,1288.6748,1096.1106,-2366.3843,1111.1274,1039.3185,-1829.1455,1346.7628,1158.255,-2097.7075,1238.1285,962.4827,-2159.7058,1309.707,990.7131,-2236.4822,1188.0696,950.14734,-1200.1914,1535.811,1109.4879,-1667.0072,1260.2742,765.9495,-324.791,1753.0593,1130.0515,-1067.7977,1380.8597,620.3417,385.0624,1903.8613,1044.0593,-450.30432,1406.1316,575.2359,547.96204,1966.1959,1026.1099,-374.01212,1417.2837,576.7159,502.01474,1957.1909,994.811,-427.22876,1423.9325,597.02344,393.39972,1926.9321,986.1185,-450.21002,1470.8811,682.7362,146.39764,1685.3335,741.1177,-146.18326,1429.9188,516.4393,1041.9093,1754.5763,519.18195,427.36636,1501.7166,579.97296,1925.51,1752.134,657.72406,1503.0226,1528.1765,595.5606,2027.8191,1751.6367,682.7472,1624.3335,1523.433,502.6017,2142.879,1746.0397,588.4016,1671.3214
FLIPPED IMG_5847.JPG,2004.8201,1450.3716,-1475.6659,2034.0933,1425.9094,-1575.4188,2048.0544,1419.389,-1575.1719,2061.7622,1412.5963,-1575.3186,1977.7139,1447.0514,-1526.2548,1957.4729,1452.6936,-1526.3588,1937.2776,1458.2615,-1526.4637,2049.3416,1367.4646,-1601.0521,1861.2845,1438.4506,-1379.238,1995.5745,1421.9888,-1433.438,1941.5938,1438.7584,-1368.5463,2107.0293,1264.2664,-1179.9381,1524.4574,1369.5004,-1094.4633,2150.4038,1417.2634,-661.7027,1320.3215,1407.4237,-408.7571,1973.3708,1485.4298,151.87935,1524.955,1406.495,185.19614,1972.2075,1513.2325,230.6884,1577.3555,1409.4167,209.36772,1904.541,1470.9752,230.69464,1610.6316,1368.4608,215.91946,1889.1068,1461.707,181.82175,1605.1674,1356.4977,211.67078,1855.3947,807.5937,-21.770926,1553.6729,857.69214,21.531387,1842.2107,778.40674,1179.1473,1481.2178,769.25775,1112.0216,1813.7141,702.1222,2347.3572,1462.3079,650.4632,2277.7249,1789.7617,653.7261,2495.2808,1455.5272,598.77734,2419.6714,1845.2911,788.20905,2881.35,1496.1519,711.5375,2731.3035
FLIPPED IMG_5848.JPG,2352.3142,1359.1311,-1514.1216,2393.393,1432.9012,-1614.4355,2383.2825,1444.626,-1614.455,2372.8167,1457.2009,-1615.2213,2419.2908,1417.4353,-1526.551,2426.9617,1418.2513,-1526.5159,2435.0664,1419.3604,-1526.6982,2271.1125,1568.9933,-1729.8198,2352.2751,1495.9176,-1315.3206,2265.6028,1354.1652,-1522.0173,2292.134,1337.3385,-1401.7418,1769.7681,1586.8971,-1454.5559,2117.6948,1328.619,-902.7706,1298.1343,1618.0438,-964.2932,1775.7899,1182.2452,59.786797,1031.656,1494.6055,-556.4488,1609.0391,1058.0338,818.97705,922.5523,1492.9315,-546.1128,1557.8937,1027.0078,952.1892,925.2947,1441.5674,-645.9104,1568.0522,1018.27527,842.3926,964.59125,1429.5562,-577.0854,1573.2323,1039.6736,800.108,1279.6956,1050.1388,-158.56746,1518.6229,912.1804,159.39326,930.1722,607.3774,178.43314,1327.516,587.07245,905.62885,865.8367,1071.996,938.74066,1326.5308,852.94507,1606.1835,904.12305,1131.3988,1028.6394,1333.4855,899.75165,1698.0331,764.0657,1084.1466,1163.3279,1264.9874,872.10205,1897.0239
FLIPPED IMG_5849.JPG,2927.3406,1241.8951,-705.9216,2995.4763,1318.6959,-814.4146,2990.0232,1332.5902,-814.9764,2985.1511,1346.1178,-815.89655,3006.185,1309.2712,-664.72,3007.9124,1317.3055,-664.7086,3009.9714,1327.7808,-665.3391,2921.7622,1453.2396,-1061.507,2945.3718,1438.0883,-383.18597,2819.8003,1260.1522,-779.39105,2834.1138,1239.5712,-581.82,2289.3127,1601.8289,-1175.4396,2551.7627,1294.0187,30.313015,1615.1958,1622.8179,-988.8257,2060.4739,1141.2245,575.9698,1141.3572,1574.0897,-840.94,1724.4875,999.3689,768.6134,998.8988,1594.7981,-940.1142,1610.2544,951.8203,827.79205,990.1309,1553.7477,-1007.37195,1624.5227,958.8313,651.6557,1038.094,1536.8645,-856.94025,1655.7993,989.8238,698.452,1432.6046,1018.4732,-349.96448,1609.0142,838.12415,351.85458,773.4124,464.955,-618.7686,1058.308,461.6645,894.7277,790.4578,1205.4937,537.0326,908.8793,937.0944,1411.3276,857.5423,1367.634,665.33026,911.684,1011.0237,1472.2804,520.3663,1344.2972,946.7421,721.4384,972.4495,1618.8555
FLIPPED IMG_5850 copy 10.JPG,3098.1946,1090.9398,-37.81786,3170.4724,1148.8756,-151.57726,3171.7354,1162.7919,-151.89087,3173.2761,1177.4191,-152.53224,3170.3887,1144.1614,22.71443,3171.7869,1154.3918,22.869307,3173.8523,1166.0413,22.090687,3138.1099,1297.6409,-432.5476,3141.2393,1285.7799,354.467,3008.506,1123.8605,-118.82008,3010.1362,1114.579,109.725685,2651.411,1525.3433,-797.9212,2655.1907,1214.6415,793.06775,1944.2445,1666.1625,-796.24194,2073.5999,1216.8778,1050.2731,1319.2017,1622.0685,-765.5485,1648.6476,1180.4894,956.06274,1113.9822,1667.5872,-903.2879,1522.712,1162.5052,963.20624,1103.8906,1621.4215,-912.25793,1532.6613,1163.4248,810.2536,1173.945,1592.3824,-757.4471,1576.0082,1181.767,881.503,1529.6586,955.0836,-517.8852,1644.6321,783.8131,517.72546,668.97064,407.47922,-898.0194,934.6748,334.26712,634.0485,720.72943,1274.6368,-12.710565,910.6509,1041.386,1275.2224,774.88715,1443.9059,74.60075,884.42883,1246.3143,1338.615,306.95676,1324.3992,147.04759,471.8362,1239.3842,1362.6913
FLIPPED IMG_5850 copy 11.JPG,3098.1946,1090.9398,-37.81786,3170.4724,1148.8756,-151.57726,3171.7354,1162.7919,-151.89087,3173.2761,1177.4191,-152.53224,3170.3887,1144.1614,22.71443,3171.7869,1154.3918,22.869307,3173.8523,1166.0413,22.090687,3138.1099,1297.6409,-432.5476,3141.2393,1285.7799,354.467,3008.506,1123.8605,-118.82008,3010.1362,1114.579,109.725685,2651.411,1525.3433,-797.9212,2655.1907,1214.6415,793.06775,1944.2445,1666.1625,-796.24194,2073.5999,1216.8778,1050.2731,1319.2017,1622.0685,-765.5485,1648.6476,1180.4894,956.06274,1113.9822,1667.5872,-903.2879,1522.712,1162.5052,963.20624,1103.8906,1621.4215,-912.25793,1532.6613,1163.4248,810.2536,1173.945,1592.3824,-757.4471,1576.0082,1181.767,881.503,1529.6586,955.0836,-517.8852,1644.6321,783.8131,517.72546,668.97064,407.47922,-898.0194,934.6748,334.26712,634.0485,720.72943,1274.6368,-12.710565,910.6509,1041.386,1275.2224,774.88715,1443.9059,74.60075,884.42883,1246.3143,1338.615,306.95676,1324.3992,147.04759,471.8362,1239.3842,1362.6913
FLIPPED IMG_5850 copy 12.JPG,3098.1946,1090.9398,-37.81786,3170.4724,1148.8756,-151.57726,3171.7354,1162.7919,-151.89087,3173.2761,1177.4191,-152.53224,3170.3887,1144.1614,22.71443,3171.7869,1154.3918,22.869307,3173.8523,1166.0413,22.090687,3138.1099,1297.6409,-432.5476,3141.2393,1285.7799,354.467,3008.506,1123.8605,-118.82008,3010.1362,1114.579,109.725685,2651.411,1525.3433,-797.9212,2655.1907,1214.6415,793.06775,1944.2445,1666.1625,-796.24194,2073.5999,1216.8778,1050.2731,1319.2017,1622.0685,-765.5485,1648.6476,1180.4894,956.06274,1113.9822,1667.5872,-903.2879,1522.712,1162.5052,963.20624,1103.8906,1621.4215,-912.25793,1532.6613,1163.4248,810.2536,1173.945,1592.3824,-757.4471,1576.0082,1181.767,881.503,1529.6586,955.0836,-517.8852,1644.6321,783.8131,517.72546,668.97064,407.47922,-898.0194,934.6748,334.26712,634.0485,720.72943,1274.6368,-12.710565,910.6509,1041.386,1275.2224,774.88715,1443.9059,74.60075,884.42883,1246.3143,1338.615,306.95676,1324.3992,147.04759,471.8362,1239.3842,1362.6913
FLIPPED IMG_5850 copy 13.JPG,3098.1946,1090.9398,-37.81786,3170.4724,1148.8756,-151.57726,3171.7354,1162.7919,-151.89087,3173.2761,1177.4191,-152.53224,3170.3887,1144.1614,22.71443,3171.7869,1154.3918,22.869307,3173.8523,1166.0413,22.090687,3138.1099,1297.6409,-432.5476,3141.2393,1285.7799,354.467,3008.506,1123.8605,-118.82008,3010.1362,1114.579,109.725685,2651.411,1525.3433,-797.9212,2655.1907,1214.6415,793.06775,1944.2445,1666.1625,-796.24194,2073.5999,1216.8778,1050.2731,1319.2017,1622.0685,-765.5485,1648.6476,1180.4894,956.06274,1113.9822,1667.5872,-903.2879,1522.712,1162.5052,963.20624,1103.8906,1621.4215,-912.25793,1532.6613,1163.4248,810.2536,1173.945,1592.3824,-757.4471,1576.0082,1181.767,881.503,1529.6586,955.0836,-517.8852,1644.6321,783.8131,517.72546,668.97064,407.47922,-898.0194,934.6748,334.26712,634.0485,720.72943,1274.6368,-12.710565,910.6509,1041.386,1275.2224,774.88715,1443.9059,74.60075,884.42883,1246.3143,1338.615,306.95676,1324.3992,147.04759,471.8362,1239.3842,1362.6913
FLIPPED IMG_5850 copy 14.JPG,3098.1946,1090.9398,-37.81786,3170.4724,1148.8756,-151.57726,3171.7354,1162.7919,-151.89087,3173.2761,1177.4191,-152.53224,3170.3887,1144.1614,22.71443,3171.7869,1154.3918,22.869307,3173.8523,1166.0413,22.090687,3138.1099,1297.6409,-432.5476,3141.2393,1285.7799,354.467,3008.506,1123.8605,-118.82008,3010.1362,1114.579,109.725685,2651.411,1525.3433,-797.9212,2655.1907,1214.6415,793.06775,1944.2445,1666.1625,-796.24194,2073.5999,1216.8778,1050.2731,1319.2017,1622.0685,-765.5485,1648.6476,1180.4894,956.06274,1113.9822,1667.5872,-903.2879,1522.712,1162.5052,963.20624,1103.8906,1621.4215,-912.25793,1532.6613,1163.4248,810.2536,1173.945,1592.3824,-757.4471,1576.0082,1181.767,881.503,1529.6586,955.0836,-517.8852,1644.6321,783.8131,517.72546,668.97064,407.47922,-898.0194,934.6748,334.26712,634.0485,720.72943,1274.6368,-12.710565,910.6509,1041.386,1275.2224,774.88715,1443.9059,74.60075,884.42883,1246.3143,1338.615,306.95676,1324.3992,147.04759,471.8362,1239.3842,1362.6913
FLIPPED IMG_5850 copy 15.JPG,3098.1946,1090.9398,-37.81786,3170.4724,1148.8756,-151.57726,3171.7354,1162.7919,-151.89087,3173.2761,1177.4191,-152.53224,3170.3887,1144.1614,22.71443,3171.7869,1154.3918,22.869307,3173.8523,1166.0413,22.090687,3138.1099,1297.6409,-432.5476,3141.2393,1285.7799,354.467,3008.506,1123.8605,-118.82008,3010.1362,1114.579,109.725685,2651.411,1525.3433,-797.9212,2655.1907,1214.6415,793.06775,1944.2445,1666.1625,-796.24194,2073.5999,1216.8778,1050.2731,1319.2017,1622.0685,-765.5485,1648.6476,1180.4894,956.06274,1113.9822,1667.5872,-903.2879,1522.712,1162.5052,963.20624,1103.8906,1621.4215,-912.25793,1532.6613,1163.4248,810.2536,1173.945,1592.3824,-757.4471,1576.0082,1181.767,881.503,1529.6586,955.0836,-517.8852,1644.6321,783.8131,517.72546,668.97064,407.47922,-898.0194,934.6748,334.26712,634.0485,720.72943,1274.6368,-12.710565,910.6509,1041.386,1275.2224,774.88715,1443.9059,74.60075,884.42883,1246.3143,1338.615,306.95676,1324.3992,147.04759,471.8362,1239.3842,1362.6913
FLIPPED IMG_5850 copy 16.JPG,3098.1946,1090.9398,-37.81786,3170.4724,1148.8756,-151.57726,3171.7354,1162.7919,-151.89087,3173.2761,1177.4191,-152.53224,3170.3887,1144.1614,22.71443,3171.7869,1154.3918,22.869307,3173.8523,1166.0413,22.090687,3138.1099,1297.6409,-432.5476,3141.2393,1285.7799,354.467,3008.506,1123.8605,-118.82008,3010.1362,1114.579,109.725685,2651.411,1525.3433,-797.9212,2655.1907,1214.6415,793.06775,1944.2445,1666.1625,-796.24194,2073.5999,1216.8778,1050.2731,1319.2017,1622.0685,-765.5485,1648.6476,1180.4894,956.06274,1113.9822,1667.5872,-903.2879,1522.712,1162.5052,963.20624,1103.8906,1621.4215,-912.25793,1532.6613,1163.4248,810.2536,1173.945,1592.3824,-757.4471,1576.0082,1181.767,881.503,1529.6586,955.0836,-517.8852,1644.6321,783.8131,517.72546,668.97064,407.47922,-898.0194,934.6748,334.26712,634.0485,720.72943,1274.6368,-12.710565,910.6509,1041.386,1275.2224,774.88715,1443.9059,74.60075,884.42883,1246.3143,1338.615,306.95676,1324.3992,147.04759,471.8362,1239.3842,1362.6913
FLIPPED IMG_5850 copy 2.JPG,3098.1946,1090.9398,-37.81786,3170.4724,1148.8756,-151.57726,3171.7354,1162.7919,-151.89087,3173.2761,1177.4191,-152.53224,3170.3887,1144.1614,22.71443,3171.7869,1154.3918,22.869307,3173.8523,1166.0413,22.090687,3138.1099,1297.6409,-432.5476,3141.2393,1285.7799,354.467,3008.506,1123.8605,-118.82008,3010.1362,1114.579,109.725685,2651.411,1525.3433,-797.9212,2655.1907,1214.6415,793.06775,1944.2445,1666.1625,-796.24194,2073.5999,1216.8778,1050.2731,1319.2017,1622.0685,-765.5485,1648.6476,1180.4894,956.06274,1113.9822,1667.5872,-903.2879,1522.712,1162.5052,963.20624,1103.8906,1621.4215,-912.25793,1532.6613,1163.4248,810.2536,1173.945,1592.3824,-757.4471,1576.0082,1181.767,881.503,1529.6586,955.0836,-517.8852,1644.6321,783.8131,517.72546,668.97064,407.47922,-898.0194,934.6748,334.26712,634.0485,720.72943,1274.6368,-12.710565,910.6509,1041.386,1275.2224,774.88715,1443.9059,74.60075,884.42883,1246.3143,1338.615,306.95676,1324.3992,147.04759,471.8362,1239.3842,1362.6913
FLIPPED IMG_5850 copy 3.JPG,3098.1946,1090.9398,-37.81786,3170.4724,1148.8756,-151.57726,3171.7354,1162.7919,-151.89087,3173.2761,1177.4191,-152.53224,3170.3887,1144.1614,22.71443,3171.7869,1154.3918,22.869307,3173.8523,1166.0413,22.090687,3138.1099,1297.6409,-432.5476,3141.2393,1285.7799,354.467,3008.506,1123.8605,-118.82008,3010.1362,1114.579,109.725685,2651.411,1525.3433,-797.9212,2655.1907,1214.6415,793.06775,1944.2445,1666.1625,-796.24194,2073.5999,1216.8778,1050.2731,1319.2017,1622.0685,-765.5485,1648.6476,1180.4894,956.06274,1113.9822,1667.5872,-903.2879,1522.712,1162.5052,963.20624,1103.8906,1621.4215,-912.25793,1532.6613,1163.4248,810.2536,1173.945,1592.3824,-757.4471,1576.0082,1181.767,881.503,1529.6586,955.0836,-517.8852,1644.6321,783.8131,517.72546,668.97064,407.47922,-898.0194,934.6748,334.26712,634.0485,720.72943,1274.6368,-12.710565,910.6509,1041.386,1275.2224,774.88715,1443.9059,74.60075,884.42883,1246.3143,1338.615,306.95676,1324.3992,147.04759,471.8362,1239.3842,1362.6913
FLIPPED IMG_5850 copy 4.JPG,3098.1946,1090.9398,-37.81786,3170.4724,1148.8756,-151.57726,3171.7354,1162.7919,-151.89087,3173.2761,1177.4191,-152.53224,3170.3887,1144.1614,22.71443,3171.7869,1154.3918,22.869307,3173.8523,1166.0413,22.090687,3138.1099,1297.6409,-432.5476,3141.2393,1285.7799,354.467,3008.506,1123.8605,-118.82008,3010.1362,1114.579,109.725685,2651.411,1525.3433,-797.9212,2655.1907,1214.6415,793.06775,1944.2445,1666.1625,-796.24194,2073.5999,1216.8778,1050.2731,1319.2017,1622.0685,-765.5485,1648.6476,1180.4894,956.06274,1113.9822,1667.5872,-903.2879,1522.712,1162.5052,963.20624,1103.8906,1621.4215,-912.25793,1532.6613,1163.4248,810.2536,1173.945,1592.3824,-757.4471,1576.0082,1181.767,881.503,1529.6586,955.0836,-517.8852,1644.6321,783.8131,517.72546,668.97064,407.47922,-898.0194,934.6748,334.26712,634.0485,720.72943,1274.6368,-12.710565,910.6509,1041.386,1275.2224,774.88715,1443.9059,74.60075,884.42883,1246.3143,1338.615,306.95676,1324.3992,147.04759,471.8362,1239.3842,1362.6913
FLIPPED IMG_5850 copy 5.JPG,3098.1946,1090.9398,-37.81786,3170.4724,1148.8756,-151.57726,3171.7354,1162.7919,-151.89087,3173.2761,1177.4191,-152.53224,3170.3887,1144.1614,22.71443,3171.7869,1154.3918,22.869307,3173.8523,1166.0413,22.090687,3138.1099,1297.6409,-432.5476,3141.2393,1285.7799,354.467,3008.506,1123.8605,-118.82008,3010.1362,1114.579,109.725685,2651.411,1525.3433,-797.9212,2655.1907,1214.6415,793.06775,1944.2445,1666.1625,-796.24194,2073.5999,1216.8778,1050.2731,1319.2017,1622.0685,-765.5485,1648.6476,1180.4894,956.06274,1113.9822,1667.5872,-903.2879,1522.712,1162.5052,963.20624,1103.8906,1621.4215,-912.25793,1532.6613,1163.4248,810.2536,1173.945,1592.3824,-757.4471,1576.0082,1181.767,881.503,1529.6586,955.0836,-517.8852,1644.6321,783.8131,517.72546,668.97064,407.47922,-898.0194,934.6748,334.26712,634.0485,720.72943,1274.6368,-12.710565,910.6509,1041.386,1275.2224,774.88715,1443.9059,74.60075,884.42883,1246.3143,1338.615,306.95676,1324.3992,147.04759,471.8362,1239.3842,1362.6913
FLIPPED IMG_5850 copy 6.JPG,3098.1946,1090.9398,-37.81786,3170.4724,1148.8756,-151.57726,3171.7354,1162.7919,-151.89087,3173.2761,1177.4191,-152.53224,3170.3887,1144.1614,22.71443,3171.7869,1154.3918,22.869307,3173.8523,1166.0413,22.090687,3138.1099,1297.6409,-432.5476,3141.2393,1285.7799,354.467,3008.506,1123.8605,-118.82008,3010.1362,1114.579,109.725685,2651.411,1525.3433,-797.9212,2655.1907,1214.6415,793.06775,1944.2445,1666.1625,-796.24194,2073.5999,1216.8778,1050.2731,1319.2017,1622.0685,-765.5485,1648.6476,1180.4894,956.06274,1113.9822,1667.5872,-903.2879,1522.712,1162.5052,963.20624,1103.8906,1621.4215,-912.25793,1532.6613,1163.4248,810.2536,1173.945,1592.3824,-757.4471,1576.0082,1181.767,881.503,1529.6586,955.0836,-517.8852,1644.6321,783.8131,517.72546,668.97064,407.47922,-898.0194,934.6748,334.26712,634.0485,720.72943,1274.6368,-12.710565,910.6509,1041.386,1275.2224,774.88715,1443.9059,74.60075,884.42883,1246.3143,1338.615,306.95676,1324.3992,147.04759,471.8362,1239.3842,1362.6913
FLIPPED IMG_5850 copy 7.JPG,3098.1946,1090.9398,-37.81786,3170.4724,1148.8756,-151.57726,3171.7354,1162.7919,-151.89087,3173.2761,1177.4191,-152.53224,3170.3887,1144.1614,22.71443,3171.7869,1154.3918,22.869307,3173.8523,1166.0413,22.090687,3138.1099,1297.6409,-432.5476,3141.2393,1285.7799,354.467,3008.506,1123.8605,-118.82008,3010.1362,1114.579,109.725685,2651.411,1525.3433,-797.9212,2655.1907,1214.6415,793.06775,1944.2445,1666.1625,-796.24194,2073.5999,1216.8778,1050.2731,1319.2017,1622.0685,-765.5485,1648.6476,1180.4894,956.06274,1113.9822,1667.5872,-903.2879,1522.712,1162.5052,963.20624,1103.8906,1621.4215,-912.25793,1532.6613,1163.4248,810.2536,1173.945,1592.3824,-757.4471,1576.0082,1181.767,881.503,1529.6586,955.0836,-517.8852,1644.6321,783.8131,517.72546,668.97064,407.47922,-898.0194,934.6748,334.26712,634.0485,720.72943,1274.6368,-12.710565,910.6509,1041.386,1275.2224,774.88715,1443.9059,74.60075,884.42883,1246.3143,1338.615,306.95676,1324.3992,147.04759,471.8362,1239.3842,1362.6913
FLIPPED IMG_5850 copy 8.JPG,3098.1946,1090.9398,-37.81786,3170.4724,1148.8756,-151.57726,3171.7354,1162.7919,-151.89087,3173.2761,1177.4191,-152.53224,3170.3887,1144.1614,22.71443,3171.7869,1154.3918,22.869307,3173.8523,1166.0413,22.090687,3138.1099,1297.6409,-432.5476,3141.2393,1285.7799,354.467,3008.506,1123.8605,-118.82008,3010.1362,1114.579,109.725685,2651.411,1525.3433,-797.9212,2655.1907,1214.6415,793.06775,1944.2445,1666.1625,-796.24194,2073.5999,1216.8778,1050.2731,1319.2017,1622.0685,-765.5485,1648.6476,1180.4894,956.06274,1113.9822,1667.5872,-903.2879,1522.712,1162.5052,963.20624,1103.8906,1621.4215,-912.25793,1532.6613,1163.4248,810.2536,1173.945,1592.3824,-757.4471,1576.0082,1181.767,881.503,1529.6586,955.0836,-517.8852,1644.6321,783.8131,517.72546,668.97064,407.47922,-898.0194,934.6748,334.26712,634.0485,720.72943,1274.6368,-12.710565,910.6509,1041.386,1275.2224,774.88715,1443.9059,74.60075,884.42883,1246.3143,1338.615,306.95676,1324.3992,147.04759,471.8362,1239.3842,1362.6913
FLIPPED IMG_5850 copy 9.JPG,3098.1946,1090.9398,-37.81786,3170.4724,1148.8756,-151.57726,3171.7354,1162.7919,-151.89087,3173.2761,1177.4191,-152.53224,3170.3887,1144.1614,22.71443,3171.7869,1154.3918,22.869307,3173.8523,1166.0413,22.090687,3138.1099,1297.6409,-432.5476,3141.2393,1285.7799,354.467,3008.506,1123.8605,-118.82008,3010.1362,1114.579,109.725685,2651.411,1525.3433,-797.9212,2655.1907,1214.6415,793.06775,1944.2445,1666.1625,-796.24194,2073.5999,1216.8778,1050.2731,1319.2017,1622.0685,-765.5485,1648.6476,1180.4894,956.06274,1113.9822,1667.5872,-903.2879,1522.712,1162.5052,963.20624,1103.8906,1621.4215,-912.25793,1532.6613,1163.4248,810.2536,1173.945,1592.3824,-757.4471,1576.0082,1181.767,881.503,1529.6586,955.0836,-517.8852,1644.6321,783.8131,517.72546,668.97064,407.47922,-898.0194,934.6748,334.26712,634.0485,720.72943,1274.6368,-12.710565,910.6509,1041.386,1275.2224,774.88715,1443.9059,74.60075,884.42883,1246.3143,1338.615,306.95676,1324.3992,147.04759,471.8362,1239.3842,1362.6913
FLIPPED IMG_5850 copy.JPG,3098.1946,1090.9398,-37.81786,3170.4724,1148.8756,-151.57726,3171.7354,1162.7919,-151.89087,3173.2761,1177.4191,-152.53224,3170.3887,1144.1614,22.71443,3171.7869,1154.3918,22.869307,3173.8523,1166.0413,22.090687,3138.1099,1297.6409,-432.5476,3141.2393,1285.7799,354.467,3008.506,1123.8605,-118.82008,3010.1362,1114.579,109.725685,2651.411,1525.3433,-797.9212,2655.1907,1214.6415,793.06775,1944.2445,1666.1625,-796.24194,2073.5999,1216.8778,1050.2731,1319.2017,1622.0685,-765.5485,1648.6476,1180.4894,956.06274,1113.9822,1667.5872,-903.2879,1522.712,1162.5052,963.20624,1103.8906,1621.4215,-912.25793,1532.6613,1163.4248,810.2536,1173.945,1592.3824,-757.4471,1576.0082,1181.767,881.503,1529.6586,955.0836,-517.8852,1644.6321,783.8131,517.72546,668.97064,407.47922,-898.0194,934.6748,334.26712,634.0485,720.72943,1274.6368,-12.710565,910.6509,1041.386,1275.2224,774.88715,1443.9059,74.60075,884.42883,1246.3143,1338.615,306.95676,1324.3992,147.04759,471.8362,1239.3842,1362.6913
FLIPPED IMG_5850.JPG,3098.1946,1090.9398,-37.81786,3170.4724,1148.8756,-151.57726,3171.7354,1162.7919,-151.89087,3173.2761,1177.4191,-152.53224,3170.3887,1144.1614,22.71443,3171.7869,1154.3918,22.869307,3173.8523,1166.0413,22.090687,3138.1099,1297.6409,-432.5476,3141.2393,1285.7799,354.467,3008.506,1123.8605,-118.82008,3010.1362,1114.579,109.725685,2651.411,1525.3433,-797.9212,2655.1907,1214.6415,793.06775,1944.2445,1666.1625,-796.24194,2073.5999,1216.8778,1050.2731,1319.2017,1622.0685,-765.5485,1648.6476,1180.4894,956.06274,1113.9822,1667.5872,-903.2879,1522.712,1162.5052,963.20624,1103.8906,1621.4215,-912.25793,1532.6613,1163.4248,810.2536,1173.945,1592.3824,-757.4471,1576.0082,1181.767,881.503,1529.6586,955.0836,-517.8852,1644.6321,783.8131,517.72546,668.97064,407.47922,-898.0194,934.6748,334.26712,634.0485,720.72943,1274.6368,-12.710565,910.6509,1041.386,1275.2224,774.88715,1443.9059,74.60075,884.42883,1246.3143,1338.615,306.95676,1324.3992,147.04759,471.8362,1239.3842,1362.6913
FLIPPED IMG_5867.JPG,2413.2302,979.15,841.9149,2441.8467,994.1238,837.219,2446.633,998.9305,837.17334,2451.2957,1003.86115,837.0894,2431.476,992.04266,897.91125,2429.2563,994.814,898.0731,2426.8843,997.30444,897.8636,2454.1138,1038.3595,823.3594,2418.863,1023.84625,1096.4459,2399.3704,994.3909,828.0363,2389.6182,991.12634,906.9824,2437.5928,1100.3789,455.64688,2249.987,1041.5597,1077.8262,2320.8196,1159.9873,-33.046547,2000.0707,1059.2515,964.06976,2133.4053,1180.6919,-614.2204,1780.6252,1105.6705,792.1016,2082.2097,1210.3085,-720.91595,1741.6648,1125.2324,769.78687,2074.6245,1189.4379,-699.3087,1761.5745,1139.1975,716.8589,2085.9604,1172.1409,-614.4313,1771.8267,1129.5305,766.9601,2059.516,1066.9916,-221.98308,1927.6487,1050.8093,222.33742,1862.8661,749.4881,-553.6149,1681.1027,741.46704,-12.313524,1712.81,1122.3728,-832.2667,1572.9342,1077.7451,-219.90024,1734.2123,1177.3986,-857.11786,1593.4181,1131.1475,-255.04182,1529.331,1185.3145,-957.70337,1412.5328,1158.6998,-362.21246
FLIPPED IMG_5869.JPG,696.1607,453.81357,-187.74283,643.66486,495.39877,-116.9078,643.2924,500.3826,-117.16663,642.71045,505.9525,-117.41102,644.7381,503.33374,-286.17355,644.9126,513.70123,-286.116,644.67615,525.6459,-286.37698,663.11,577.9309,238.26237,668.58124,608.18756,-527.1381,748.9901,468.35785,-44.65783,750.77423,481.56308,-267.18332,1019.0103,612.70886,717.39465,997.9625,728.2014,-847.2222,1356.1344,517.12024,1387.7257,1513.1827,854.3394,-1065.4764,1261.944,381.66205,1810.1902,2003.2726,907.5361,-1087.3732,1292.8293,360.85312,1945.8276,2150.9158,971.00464,-1151.466,1258.0494,372.27094,1866.1547,2166.1628,928.3662,-1179.283,1247.8965,387.81873,1789.6099,2113.0415,890.0499,-1084.6129,1763.4946,487.09634,482.6384,1792.1903,588.99835,-482.57306,2311.3982,145.37971,366.31894,2418.4492,102.744,-846.8731,2467.6553,695.77783,909.3932,2529.7979,772.87256,-199.1519,2440.427,820.4166,960.95337,2514.833,916.86676,-120.95917,2770.325,688.85736,1014.83765,2835.4353,764.88104,-32.965084
FLIPPED IMG_5870.JPG,975.442,486.4731,-1056.3464,922.17944,526.02576,-1000.24976,921.29333,529.44635,-1000.51086,920.1442,533.38745,-1000.99677,929.68756,542.2733,-1135.692,934.5477,557.1109,-1136.017,939.26843,573.5938,-1136.3685,965.49817,620.09216,-675.588,990.5783,668.57214,-1281.7823,1042.7229,490.16223,-921.95056,1049.337,513.58777,-1098.3308,1292.9733,614.7228,-199.81297,1440.3248,776.02844,-1418.6234,1665.2661,549.5502,643.41693,1998.6844,883.9485,-1444.9056,1893.1675,452.9245,1367.8447,2472.4944,916.31726,-1416.5527,1944.6019,424.58398,1508.7697,2608.3428,957.57385,-1506.4126,1948.1356,427.58344,1440.5776,2630.8728,907.5945,-1562.157,1939.4678,450.95642,1357.9932,2584.7566,879.928,-1438.399,2019.5995,435.443,369.93585,2143.4846,541.28796,-369.50208,2472.8716,49.410763,525.9832,2783.9355,56.69452,-586.02246,2600.4343,575.9664,1547.0024,2881.0144,717.78107,87.40965,2554.3823,705.0699,1652.8766,2844.7065,867.1901,159.67091,2777.733,600.58124,1818.7052,3127.0332,706.0464,192.66557
FLIPPED IMG_5871.JPG,924.1981,461.43088,-2073.6384,851.8132,513.3478,-2000.8384,842.2552,511.4442,-2000.8652,830.91144,510.77914,-2001.6088,885.8673,550.22,-2129.0137,904.3043,576.8983,-2129.5586,927.1271,609.01056,-2129.8108,894.4069,600.37366,-1493.0754,1024.687,744.9768,-2055.9348,995.4841,433.07266,-1865.2017,1037.1266,492.83572,-2025.9543,1118.6754,537.88086,-942.2314,1570.8988,784.43164,-1855.9896,1462.9987,434.2464,21.405735,2059.9077,833.0397,-1735.8398,1615.1813,277.75662,710.1233,2468.3218,797.0131,-1578.8348,1617.2302,235.24805,813.6665,2581.262,851.5414,-1647.3379,1636.0706,222.57986,751.28467,2584.0376,804.0601,-1719.7397,1636.8844,273.7311,698.0126,2544.0027,769.9924,-1616.0052,1907.5845,310.52988,296.5658,2162.5881,501.07428,-296.62158,2115.375,86.42561,1417.4357,2405.745,286.59528,731.8779,2262.3413,274.65738,2518.447,2522.0337,541.23083,1805.5635,2286.3887,340.9835,2630.2488,2584.3442,574.9424,1912.9708,2356.1758,127.89409,2719.3228,2685.9062,488.6982,1825.2775
FLIPPED IMG_5872.JPG,1719.0336,675.94147,-2858.8586,1649.1515,738.83484,-2826.4448,1617.1324,737.5345,-2825.7031,1590.1726,739.4176,-2825.881,1757.4382,767.8764,-2870.0413,1792.8019,784.45935,-2870.4539,1823.3623,800.04315,-2870.133,1558.8271,768.8283,-2312.094,1917.4297,864.0775,-2512.7834,1700.8285,626.17975,-2627.939,1787.748,646.80054,-2683.892,1562.5311,653.22375,-1507.5969,2094.5076,759.31744,-1955.8907,1340.4717,744.20544,-541.92334,2319.1897,697.0642,-1412.0,1414.8132,653.2146,347.9061,2378.4775,759.44135,-919.5851,1428.8677,636.92993,516.09235,2400.753,716.3548,-869.4821,1445.6157,638.809,503.8791,2369.2468,735.8401,-910.7175,1452.1085,643.174,362.97488,2350.7317,721.6858,-916.2749,1822.9016,257.43326,43.642998,2100.6313,322.3422,-43.138096,1804.2922,56.106438,823.76337,2223.481,207.28496,915.5628,1793.939,-26.88414,2114.5117,2261.3862,187.06134,2165.6636,1823.2847,-27.868464,2240.489,2241.1575,165.96591,2289.8323,1804.3807,-175.58804,2167.223,2341.3127,84.851,2160.7515
FLIPPED IMG_5873.JPG,950.9063,761.5412,-1557.2181,912.5144,783.42584,-1512.8777,908.1526,782.57983,-1512.8346,903.2294,782.14594,-1513.2241,927.26184,803.19543,-1592.6941,933.52893,817.92664,-1593.1749,939.68164,834.9307,-1593.406,924.14355,840.70984,-1149.0737,967.26514,912.25903,-1508.2996,988.9808,754.15076,-1402.4214,1003.6405,779.072,-1505.5709,1079.9061,824.8384,-705.2433,1294.4531,971.67535,-1376.5385,1360.968,867.895,-243.79366,1634.3302,1060.0333,-1118.8241,1561.9938,804.54736,131.5772,1825.3931,1045.2194,-643.03516,1610.605,788.70276,192.85321,1847.883,1030.0082,-623.8727,1619.9172,791.591,160.38567,1835.4207,1021.1925,-629.49756,1611.4154,803.6486,129.07256,1827.7112,1017.9316,-632.24365,1639.7324,693.2499,265.74048,1777.9569,772.36096,-265.55936,1901.0942,535.919,952.1545,2106.3203,474.65488,-2.3159187,1912.0414,795.3245,1819.0243,2074.5283,926.8887,696.08685,1896.6719,827.0662,1916.7031,2044.8988,993.04425,785.9724,1991.6453,808.18945,2080.44,2195.4395,960.03735,885.5557
FLIPPED IMG_5874.JPG,1114.3479,676.4573,-1927.7443,1072.2483,714.7186,-1915.828,1064.8405,716.3944,-1915.6719,1056.6027,718.48926,-1916.1692,1094.6688,731.52905,-2010.4022,1104.0574,746.3576,-2011.1196,1114.055,763.29755,-2011.4037,1072.8591,782.07666,-1582.0918,1153.5471,845.5389,-1991.1962,1148.1437,665.07825,-1766.4502,1174.6687,688.68787,-1884.0618,1157.4835,715.67487,-1040.8992,1567.1064,882.93774,-1679.7865,1388.1812,711.1849,-393.5296,1899.8242,909.98364,-1103.489,1608.5217,621.2051,40.674046,1849.7887,880.8787,-295.17294,1649.8378,599.32776,124.57945,1841.8181,869.5408,-193.81801,1662.4419,593.1926,89.523506,1799.7094,907.31805,-210.86101,1656.6089,608.66376,40.655617,1788.1475,917.3962,-273.99744,1729.2543,552.6142,278.8142,1964.2551,620.3587,-278.67575,1965.8253,284.86456,762.14905,2184.7622,210.42827,-39.50136,2054.9993,686.3538,1544.5953,2165.0293,713.8411,809.1033,2036.9138,744.0521,1638.2245,2151.8748,757.11707,918.9813,2158.0574,713.1475,1843.9823,2256.991,745.3656,1122.1678
FLIPPED IMG_5875.JPG,1256.7747,705.39844,-2254.103,1186.5167,725.71344,-2281.7544,1160.3743,718.74725,-2281.2456,1137.6702,715.8852,-2281.3997,1260.4147,769.4894,-2311.7178,1282.1218,793.67365,-2312.2686,1300.7673,819.75146,-2312.2534,1104.7643,746.6363,-1974.9862,1319.7803,914.01465,-2111.7744,1244.2463,658.5834,-2087.7231,1325.6495,706.65686,-2126.8967,1105.2059,683.0546,-1332.0322,1538.7585,845.65753,-1604.9559,1221.884,577.13086,-545.8536,1901.7151,873.2809,-857.5993,1285.123,640.1006,229.26155,1662.8403,670.6046,-149.58371,1282.2833,664.9025,317.59872,1639.1611,627.21643,-96.66615,1282.83,663.5134,354.8265,1579.507,645.01514,-70.63697,1292.1487,662.6773,263.89685,1579.35,665.9322,-118.80562,1580.3787,511.40552,158.86916,1758.2518,595.18524,-157.81332,1632.506,340.51605,1043.837,1840.7456,288.2174,477.75702,1714.7083,558.01215,2023.8594,1906.6245,607.7978,1487.7109,1726.4109,603.0641,2148.5735,1898.7664,677.48065,1616.3971,1749.0696,536.0205,2347.8132,1958.1533,560.91547,1783.2385
FLIPPED IMG_5876.JPG,1116.9062,707.46356,-1544.7433,1046.184,761.6754,-1612.4637,1003.49664,768.3024,-1612.0804,968.4971,781.2486,-1612.8163,1144.8975,778.50244,-1599.9806,1167.6191,792.3345,-1600.1389,1190.2151,808.04974,-1600.0068,893.36993,860.93933,-1482.6202,1247.5032,896.82697,-1419.4202,1054.6654,678.3002,-1451.8989,1155.4407,696.36755,-1433.1163,658.4295,833.39496,-943.86176,1460.4655,886.97626,-1013.17535,436.02554,964.6436,-458.71402,1627.8138,892.7084,-205.21407,856.5905,914.1333,410.594,1241.666,904.79034,669.2366,915.898,873.83026,462.2881,1178.5093,953.7627,684.6432,938.1063,898.153,557.057,1122.0419,983.1453,799.217,954.979,921.977,449.70856,1141.0549,968.45435,710.4368,870.7123,315.3175,11.809315,1249.6727,333.0797,-9.623229,869.35614,103.102776,625.1184,1243.4899,122.58831,738.9951,854.8424,50.06989,1644.4459,1185.049,-10.92969,1649.6147,857.9237,61.592525,1753.8212,1158.122,-12.198494,1741.5928,863.13727,-153.24126,1668.4508,1183.6052,-139.55171,1622.8505
FLIPPED IMG_5877.JPG,2240.8035,841.6968,-1760.0934,2248.2349,951.97614,-1807.3182,2208.2903,1003.62494,-1806.889,2172.637,1056.6139,-1806.9819,2317.4587,880.8145,-1757.715,2332.8699,871.5688,-1757.3916,2347.785,863.7387,-1756.7839,2127.9312,1152.5188,-1698.6912,2338.0132,898.4564,-1460.862,2054.865,901.30164,-1682.0431,2202.5437,802.8297,-1610.1772,1701.1632,1103.4764,-1448.0077,2119.38,802.59717,-951.79474,1262.0133,1086.0858,-1084.5372,1852.0349,619.2679,-124.08408,977.8888,924.04736,-957.0965,1757.3618,461.46024,267.5101,870.21674,885.38873,-999.07306,1724.2042,396.11237,311.91098,915.9456,843.70105,-1096.9592,1739.4585,410.37326,191.86287,969.87036,852.0043,-989.8536,1723.8082,448.5159,227.42929,1258.5431,691.125,-207.05814,1519.4977,539.6174,208.46709,1015.8529,176.54083,-141.2338,1495.9646,162.95921,195.74625,1027.6368,373.82037,680.5738,1212.246,306.59784,909.5382,1029.407,405.5942,768.40173,1134.076,389.0798,990.36414,975.859,224.93272,935.14404,1080.6625,120.70831,1238.1068
FLIPPED IMG_5878.JPG,1963.269,703.0516,-1171.9525,2014.2223,768.8153,-1279.6373,2011.711,784.8782,-1280.3433,2009.4598,802.5592,-1281.6058,2020.3585,751.71356,-1132.0309,2021.7976,755.7384,-1132.0107,2023.6509,760.3016,-1132.8636,1954.6814,912.89233,-1482.3297,1982.0951,846.77563,-831.49567,1875.003,730.1707,-1214.0784,1891.3541,707.5535,-1024.515,1470.5638,962.1131,-1587.8448,1666.6562,819.36725,-283.37573,714.2682,1161.3433,-1505.8812,1039.2074,802.35913,304.4656,118.32713,1087.5483,-1399.5918,585.1234,744.1296,549.8427,-48.18902,1114.8221,-1527.6074,449.75824,736.4704,624.1641,-39.545544,1045.398,-1565.4926,460.38373,710.3296,466.796,47.90667,1027.5161,-1403.5261,492.92242,730.25635,494.41196,473.79608,664.1518,-360.9126,674.19104,507.5566,362.6076,6.666739,108.753876,-312.75192,355.63055,-16.199394,722.42126,-342.9529,61.71742,860.5112,-161.09502,23.371801,1415.7745,-411.0348,104.00782,973.80176,-246.08366,77.16094,1493.9646,-441.75967,-131.85382,994.5645,-337.71457,-173.2411,1537.7222
FLIPPED IMG_5879.JPG,3042.5698,1000.69403,185.32207,3109.066,1070.6058,75.177315,3108.8943,1083.0494,75.134544,3107.952,1095.4635,74.825836,3108.5977,1062.4667,244.87556,3108.2512,1068.751,245.01854,3107.691,1074.6769,244.35854,3053.0735,1189.0594,-160.23701,3063.7764,1145.7764,584.8868,2963.4724,1015.0007,119.57753,2964.288,1004.13525,336.0861,2701.3345,1313.1226,-575.148,2655.046,1049.14,1023.1217,2092.651,1428.7715,-727.038,2057.205,1021.36414,1205.8035,1522.5353,1314.5643,-816.6759,1587.2391,986.7367,1027.726,1306.3905,1332.4835,-969.24133,1458.6057,952.49023,1036.745,1308.736,1282.4413,-907.5188,1444.1735,975.219,877.88214,1372.8718,1261.3236,-777.30707,1491.2704,997.1836,954.57446,1654.9962,844.8889,-510.67474,1729.6027,659.4916,510.50735,992.84656,131.54556,-955.88434,1074.3591,52.78042,159.66853,767.07654,972.78046,-195.3501,813.22894,858.5792,803.79974,800.8552,1153.906,-127.31712,869.55396,1030.1835,859.4022,337.6387,1021.67346,-168.01793,419.01202,902.4947,786.47876
FLIPPED IMG_5880.JPG,2661.136,898.98334,2022.72,2656.8003,953.778,1923.0723,2677.4985,967.2957,1922.485,2689.7712,969.74347,1921.0981,2707.0933,918.2531,1987.7551,2698.9495,920.054,1988.6157,2690.7815,922.70654,1987.2527,2696.0552,987.2577,1524.1464,2674.7031,965.9791,1826.9521,2600.9048,946.9183,1877.1465,2609.6282,920.5337,1964.7681,2704.7783,1044.2123,909.8004,2336.7585,1140.3098,1374.434,2318.412,1048.4647,483.9867,1831.8807,1237.268,861.27997,1891.2448,1153.3745,-415.5494,1331.893,1120.7949,533.90607,1775.1748,1214.5619,-567.94037,1245.8618,1096.3649,486.15143,1749.2554,1203.9928,-581.7085,1214.97,1121.11,419.76733,1778.3446,1175.4723,-443.07013,1282.1185,1115.6685,492.3839,2055.2222,731.27997,-163.88301,1765.6388,765.2365,160.42188,1531.3323,448.3704,-737.7766,1266.488,211.87358,3.190745,964.00116,1139.5719,-1177.2505,890.99164,1008.9977,-463.82788,919.6248,1229.945,-1199.2606,897.2773,1115.5203,-496.85104,644.6076,1304.4526,-1312.1333,597.75555,1201.7075,-689.4391
FLIPPED IMG_5881.JPG,2116.6477,1324.4263,-801.6475,2093.1396,1409.3326,-841.77954,2078.9673,1402.8633,-841.591,2065.1597,1396.1793,-841.6453,2122.5723,1422.6857,-814.97363,2133.2007,1425.7522,-814.7585,2143.9634,1428.7899,-814.3727,2056.043,1321.6929,-741.48413,2160.4546,1366.6407,-648.43726,2145.5215,1276.8408,-733.90857,2157.4133,1270.5642,-702.49646,2114.985,977.05273,-392.3144,2332.268,998.53265,-482.9784,1958.2275,844.4892,-378.89633,2875.398,870.54736,-348.26257,1760.0175,1210.5769,-473.8994,2870.6882,1275.2815,-335.3447,1720.506,1333.7986,-535.9453,2784.605,1382.7949,-388.33112,1694.654,1342.6625,-521.74713,2695.3057,1380.4254,-364.3729,1680.3671,1263.1295,-475.1725,2573.2642,1336.2548,-317.94687,2263.8213,186.95476,193.93996,2306.657,89.41257,-190.79494,2144.316,983.9077,882.5524,2043.5039,706.0932,-106.04975,1691.9915,1142.9039,1699.3164,1726.7288,966.0479,190.28328,1633.164,1040.9519,1788.2516,1681.5782,872.79443,241.4101,1517.1217,1492.7307,1731.4456,1538.0244,1363.762,102.08068
FLIPPED IMG_6563.JPG,1750.6588,1583.734,461.908,1711.7644,1599.2261,524.6921,1712.0516,1600.6724,524.517,1712.4602,1602.4458,524.4147,1709.7291,1609.81,417.4446,1708.8906,1619.0193,417.39462,1707.9323,1629.8594,417.19864,1722.7577,1647.8202,809.6126,1715.2134,1689.3309,316.7014,1791.4921,1596.6459,575.9146,1787.9716,1609.7556,432.79526,1949.9773,1633.0707,1051.2231,1862.6807,1756.6528,-22.985209,2269.2686,1638.3978,1235.8651,2202.5845,1803.058,-284.0287,2530.224,1650.3453,1146.3846,2501.5396,1835.4727,-492.68512,2617.7837,1659.7671,1149.8446,2609.236,1852.2511,-571.9123,2628.8938,1662.9084,1068.3883,2617.026,1825.7488,-554.07764,2582.044,1659.3662,1105.9434,2583.2366,1810.2694,-476.92795,2419.5916,1440.3011,370.27832,2382.378,1523.8383,-370.30716,2824.8582,1164.8689,239.51251,2809.8623,1218.3724,-563.2424,2980.603,1582.0184,571.6646,3008.5479,1674.2701,-334.55527,2961.2488,1657.5818,601.71716,2988.574,1762.7683,-302.51443,3206.9553,1681.5256,586.74445,3238.895,1766.403,-331.66702
FLIPPED IMG_6564.JPG,1579.7782,1608.2538,493.0436,1547.0068,1622.4792,557.5572,1547.7833,1622.5822,557.3828,1548.5387,1622.9419,557.26056,1544.8951,1635.1995,447.8599,1544.3746,1645.1943,447.87695,1543.7483,1657.4381,447.83044,1557.5286,1659.4219,852.67755,1548.104,1711.3746,350.96768,1614.937,1615.5317,612.33685,1613.9036,1631.0172,466.5832,1772.717,1649.7147,1136.7571,1698.9987,1768.9944,-21.614906,2100.508,1651.1283,1299.8092,2035.6461,1805.9448,-282.40997,2358.6707,1670.4789,1159.3867,2352.491,1833.4247,-479.97693,2446.7925,1677.5164,1164.8083,2448.4912,1837.8014,-567.4978,2461.287,1681.3176,1078.2305,2458.1833,1819.9926,-536.2532,2419.5464,1675.4276,1114.6406,2428.963,1812.5726,-458.82144,2244.8586,1437.5598,402.35187,2215.4817,1520.7036,-402.36713,2647.7002,1168.1711,309.43896,2639.8704,1205.0391,-593.3862,2801.4219,1587.1187,612.70764,2822.7065,1662.7698,-392.93845,2763.5332,1656.3204,639.61017,2788.9397,1742.8842,-363.35358,3018.8108,1666.2712,625.3398,3051.96,1742.9093,-383.64005
FLIPPED IMG_6565.JPG,1561.9121,1591.5537,550.02686,1522.063,1606.5415,610.6799,1522.2722,1608.013,610.5697,1522.7134,1609.86,610.4988,1519.9581,1617.5353,497.36694,1519.2605,1627.0667,497.28284,1518.9259,1638.5624,497.10632,1534.4285,1655.621,877.7301,1528.0281,1698.1558,355.66953,1603.2311,1606.9705,656.4463,1600.6285,1619.8708,505.14743,1770.5208,1638.0756,1101.3059,1690.6771,1766.7172,-11.615426,2092.532,1627.7544,1273.9202,2018.2734,1808.4718,-355.6905,2362.6846,1635.1383,1157.7423,2324.6218,1836.993,-658.47473,2439.7183,1651.7316,1155.7739,2421.4058,1844.7361,-760.319,2453.6355,1662.8754,1074.0162,2431.6885,1824.6232,-742.2565,2414.483,1653.36,1114.3605,2400.4893,1814.5284,-646.8896,2242.7898,1435.5895,383.71942,2206.0322,1518.7069,-383.70227,2642.8013,1158.4282,222.95993,2620.713,1202.1096,-636.7491,2806.839,1590.8933,560.0018,2832.6755,1695.2231,-462.90686,2788.7043,1662.96,588.41974,2810.922,1776.8757,-439.4466,3049.4424,1653.3813,535.9502,3075.047,1750.2345,-503.8827
FLIPPED IMG_6566.JPG,1584.8033,1613.5568,105.07717,1542.3678,1621.8684,154.45825,1541.8678,1624.1117,154.40398,1541.371,1626.752,154.37715,1539.8046,1630.5168,44.36103,1537.0935,1638.2949,44.321053,1533.6631,1647.678,44.130753,1544.312,1673.1843,405.46756,1535.229,1701.2228,-98.72746,1619.6886,1630.08,208.47282,1617.4252,1640.245,62.895527,1763.2927,1679.3777,673.4948,1698.4773,1793.4124,-387.30954,2079.9937,1707.0917,835.3801,2030.7678,1837.467,-586.82196,2353.763,1693.9838,686.66144,2328.9092,1862.2589,-752.356,2431.7705,1696.9542,678.3956,2424.1567,1877.1698,-844.46844,2447.3533,1705.9717,593.7328,2427.7634,1845.9845,-836.19824,2404.1167,1705.0503,644.12714,2399.861,1835.2878,-742.9615,2199.0085,1479.7142,348.6276,2198.6458,1543.6329,-348.6471,2603.651,1194.5137,215.85707,2623.8318,1259.7717,-542.4723,2758.6575,1585.7317,493.24496,2815.4026,1688.1727,-240.98181,2751.7234,1658.3817,520.58777,2813.1165,1769.4703,-202.747,2943.7214,1674.0448,493.88654,3037.5635,1748.9766,-229.82666
FLIPPED IMG_6567.JPG,1544.4053,1612.3479,134.26715,1505.6501,1619.9429,181.77246,1505.0464,1622.811,181.67995,1504.3582,1626.3954,181.68388,1502.455,1626.8342,73.38074,1499.3206,1634.6171,73.34677,1495.9717,1644.0416,73.14472,1508.5085,1682.4113,429.3332,1498.3763,1707.28,-70.92453,1585.0219,1634.4056,237.2538,1578.0935,1643.0968,92.72363,1733.6345,1697.4103,675.1499,1652.9539,1804.3276,-343.33185,2060.4573,1732.2649,815.5761,1986.4497,1851.8568,-611.3849,2320.388,1739.8864,685.4204,2293.7139,1887.9254,-875.7622,2402.863,1748.5219,684.0865,2385.8997,1904.9567,-976.85443,2414.829,1756.8945,594.59985,2390.2588,1871.4315,-962.9051,2374.8013,1754.1193,643.3022,2367.9915,1858.3347,-865.8581,2172.0552,1474.2916,341.8703,2156.6218,1542.3438,-341.87814,2578.352,1231.7936,187.63535,2583.197,1272.5356,-569.6513,2732.1572,1638.3448,536.8666,2761.427,1707.5798,-200.42369,2712.096,1698.2144,573.1153,2746.039,1771.8445,-155.28331,2894.1074,1734.143,581.259,2963.5488,1794.2708,-151.78754
FLIPPED IMG_6568.JPG,1530.796,1610.0825,142.28783,1489.1039,1621.3113,190.46497,1488.4127,1624.4985,190.40256,1487.5956,1628.0729,190.39731,1485.7589,1627.4246,84.67131,1482.6024,1634.6545,84.63724,1479.2849,1643.3574,84.46178,1487.9816,1680.6475,435.5913,1477.8295,1702.7747,-51.77325,1566.5278,1631.8624,243.30113,1562.1329,1638.5352,102.61396,1712.3939,1698.5779,683.2282,1638.7484,1805.7603,-339.69888,2028.1838,1731.1897,823.61755,1968.327,1852.8219,-577.92346,2297.0723,1728.6016,690.049,2270.6248,1890.9509,-792.62726,2377.997,1736.2999,685.51526,2365.311,1903.2887,-887.22766,2387.5483,1745.442,602.8754,2369.9104,1872.3337,-874.3274,2345.3213,1742.6521,649.20874,2344.739,1861.592,-782.77527,2150.4233,1488.9353,339.33374,2146.2893,1549.1163,-339.30353,2570.2302,1229.0436,179.93341,2577.5276,1282.3964,-587.22845,2728.5618,1633.3173,506.57538,2766.4873,1735.9684,-223.06825,2714.4265,1709.6022,539.0482,2715.123,1773.5641,-177.47542,2917.89,1696.7019,518.88837,2983.0515,1794.1676,-188.40704
FLIPPED Manflowyoga_yoga_for_longer_better_sex_glute_bridge-min-scaled.jpg,724.9466,1457.8623,84.63162,694.52545,1469.5164,123.27455,693.8606,1470.0315,123.12685,692.998,1470.8531,122.97509,696.3191,1477.895,28.791056,697.03723,1485.2589,28.67235,697.494,1494.3531,28.311214,704.81213,1509.2389,327.95776,707.0757,1538.3701,-100.96397,756.8411,1463.6399,169.72037,757.2909,1475.2449,45.95748,913.7705,1507.354,594.15173,902.7643,1598.9652,-352.15143,1132.1804,1516.9801,973.21423,1136.5526,1666.0289,-588.96936,1275.2964,1501.9023,1223.384,1345.0786,1732.1433,-766.14417,1338.5973,1502.1646,1305.6582,1409.5007,1757.1812,-834.56415,1336.765,1507.729,1231.7318,1418.6731,1745.1626,-839.9145,1312.7283,1509.7521,1197.2041,1392.1991,1733.1436,-767.4126,1314.9001,1347.5052,307.93637,1323.0052,1392.3204,-307.8241,1647.0964,1218.9169,179.6415,1681.1565,1224.9581,-469.0417,1652.5001,1529.4629,586.98157,1662.8286,1580.8004,-75.06078,1630.2623,1584.4093,629.2524,1638.093,1634.4584,-28.431578,1795.633,1589.7699,650.3089,1820.5039,1641.6198,2.6299443
FLIPPED Move-Better-Chiropractic-Braced-glute-bridge-1024x768.jpg,845.1886,433.0929,64.60186,857.6847,442.86835,38.363766,858.27356,446.1643,38.383183,858.95654,449.83127,38.278835,856.8402,440.80835,81.72464,856.7308,442.1782,81.82655,856.66736,443.77374,81.778336,855.6084,472.61304,-32.380104,853.67035,466.21765,163.42006,829.03534,443.82495,43.689213,826.7999,440.0824,99.96098,764.4404,500.19022,-174.21165,746.26044,461.04968,281.66635,630.4467,521.7712,-259.7535,613.1813,461.6108,355.4945,473.1381,524.1125,-336.63757,480.7138,477.54666,364.72232,428.2459,536.17053,-386.39908,446.80777,476.75616,371.51178,423.3865,527.34576,-378.3253,440.77466,477.246,337.95633,440.1447,519.436,-333.25992,453.98007,479.08456,348.26288,502.2503,368.7773,-144.35155,505.40955,354.7511,144.05501,266.6366,239.58078,-240.11357,285.36334,285.27725,92.70813,211.24118,475.34802,-100.1885,199.50299,440.85358,226.06384,230.08084,504.7619,-88.31282,205.5765,472.46802,235.51991,106.434845,514.36035,-148.26495,108.78119,461.64246,154.71721
FLIPPED SHP_MTM_Glute-Bridge_3x2-bfe761cd0ffb45e28875198ebed77038.jpg,396.29495,479.3685,68.38282,377.6038,487.5095,96.823044,377.27893,488.58218,96.78161,376.88257,490.0701,96.74254,377.3221,492.19446,38.910408,376.76193,496.6597,38.931923,375.93854,502.09796,38.840137,382.9226,519.58136,233.51195,381.2187,532.9482,-33.22184,420.08792,485.07025,123.20894,418.84705,489.84488,46.59178,510.6856,515.9733,370.22833,474.02295,578.10675,-195.34119,692.41394,524.5206,447.86835,643.5129,612.6947,-339.66837,839.5301,533.2181,370.0344,795.0893,625.0942,-458.06552,881.2358,540.14294,365.04034,843.75446,635.6877,-514.6116,884.5491,543.11755,320.56503,852.3017,622.1148,-511.43848,866.85345,543.534,347.09952,835.7537,614.6616,-456.21344,745.7914,406.5676,189.12558,738.8354,433.78333,-189.25699,979.5271,244.82776,78.94312,980.5146,297.0717,-315.45343,1092.5138,487.50192,234.26018,1065.1598,533.32056,-126.36234,1079.4897,527.38995,249.80559,1057.4609,595.2541,-102.4289,1193.956,537.3819,227.66478,1192.8232,590.9508,-108.83736
FLIPPED Screenshot 2023-02-19 231914.png,63.830467,283.3149,-204.8216,55.908436,290.13153,-198.08731,55.41413,291.14267,-198.11653,54.85589,292.31558,-198.20734,57.95015,291.55432,-216.71509,58.93993,293.57004,-216.75302,60.00682,295.8275,-216.80899,60.706177,307.84763,-147.59142,66.94313,311.4673,-231.1423,72.2312,284.40515,-182.95917,74.15142,286.8366,-206.95619,92.701546,304.96338,-77.22415,146.0442,322.11456,-234.45244,153.1775,293.05753,7.4289494,226.28818,331.7433,-226.20695,204.0546,271.2151,70.03352,285.39407,333.08786,-203.47266,216.36414,265.56647,78.49031,302.77228,335.49536,-213.56607,220.02087,266.18304,69.134705,303.2206,331.8135,-224.98936,218.11607,270.13452,67.47747,295.3349,329.3155,-207.49902,215.14699,269.0631,54.428757,243.20406,277.21292,-54.346237,255.61623,243.05513,204.33044,319.33527,213.43144,-33.718636,287.34543,279.4087,345.44684,356.0123,307.8057,25.237185,288.7526,286.7646,358.84958,354.93365,325.92303,31.223461,302.22723,276.29535,381.2641,376.93234,301.28494,23.410114
FLIPPED Screenshot 2023-02-19 231942.png,99.655685,448.29745,-276.36755,90.18645,453.8271,-266.70413,89.16307,453.93964,-266.6617,87.999596,454.15833,-266.69177,92.4661,457.11688,-288.76376,93.2242,460.01157,-288.8366,93.999,463.3796,-288.8543,89.97446,469.4118,-195.53584,98.87591,482.06256,-296.36783,107.153114,447.81598,-245.79681,109.204094,451.7015,-274.67963,115.29178,468.08957,-98.49912,184.17303,476.99292,-276.9363,171.34499,453.8567,37.88617,255.51732,483.9159,-216.05093,203.80267,413.90707,143.94745,312.97314,468.35083,-119.345764,212.84041,404.1381,169.05902,328.18573,471.30655,-112.41763,214.88324,402.96027,160.2523,328.17178,466.6407,-117.94839,214.90985,407.33438,142.8828,322.5836,464.22348,-118.51284,217.27989,380.84738,63.44982,255.97675,394.79987,-63.45338,255.78133,327.9564,188.64928,335.8353,328.44513,-27.741001,293.71835,391.08463,319.9091,340.01224,416.06815,144.52956,296.31747,401.74622,335.24478,335.88065,432.8852,165.14151,310.9106,390.1574,385.7074,362.17587,424.17175,207.74869
FLIPPED Screenshot 2023-02-19 231957.png,67.99202,368.78363,-208.3122,58.186935,375.3044,-197.94788,57.32738,375.68848,-197.98131,56.34246,376.17007,-198.11143,61.722824,379.05652,-216.69678,63.622047,382.64014,-216.7128,65.64719,386.93716,-216.76492,62.849136,392.78604,-137.1663,74.43824,406.97272,-218.77167,77.21617,368.52914,-183.58363,81.05463,373.1366,-207.2652,90.43204,380.41028,-66.888115,164.096,413.46555,-218.08844,152.92398,366.35336,73.73545,243.36267,415.5559,-205.11674,190.56564,336.67416,207.18416,315.60617,409.55704,-171.18842,199.78604,328.17374,233.4248,339.8636,417.10376,-172.50429,204.53828,333.29996,226.62354,338.9445,409.38416,-187.15027,203.99878,333.3149,207.68484,332.20212,405.2298,-176.19121,219.93362,318.8707,48.432575,254.10597,342.90305,-48.297173,257.26178,251.75824,100.634766,344.63092,264.86136,-43.838715,285.31436,334.64142,242.6035,350.8457,355.44366,76.902725,282.29898,348.49872,257.87396,342.16333,380.76382,91.06043,310.72336,338.91168,302.7583,373.70444,358.23175,119.769104
FLIPPED Screenshot 2023-02-19 232013 copy 10.png,65.9813,386.82037,14.602695,59.6834,391.6511,22.618336,59.778214,392.39133,22.577936,59.874634,393.2573,22.57353,59.733818,392.50537,0.7697699,59.86703,393.86877,0.7600544,59.93967,395.42316,0.6821218,63.95637,402.39694,64.21226,63.344875,405.02094,-34.052628,74.81219,388.60764,32.012398,74.870445,389.9427,3.7382455,110.9387,398.2939,126.41745,101.167755,417.4739,-101.75971,169.91052,408.24252,152.44604,160.51749,431.2123,-153.59778,225.15599,411.59995,124.86914,219.98581,438.47162,-186.53131,241.50076,412.13022,122.01022,239.35847,444.17133,-209.90746,244.39975,414.75528,105.39748,241.30757,438.27704,-207.36348,238.45528,414.33133,115.89946,234.97119,434.90567,-185.24777,215.1281,377.76288,71.1286,214.0217,385.8496,-71.16988,301.8479,337.81097,51.610363,305.84717,338.38916,-103.79283,349.1976,403.60187,121.727234,353.7557,419.19687,-21.268396,351.4608,420.24478,126.74257,356.99612,433.91147,-12.930553,384.89578,392.41846,105.70675,391.85593,404.5434,-33.53144
FLIPPED Screenshot 2023-02-19 232013 copy 11.png,65.9813,386.82037,14.602695,59.6834,391.6511,22.618336,59.778214,392.39133,22.577936,59.874634,393.2573,22.57353,59.733818,392.50537,0.7697699,59.86703,393.86877,0.7600544,59.93967,395.42316,0.6821218,63.95637,402.39694,64.21226,63.344875,405.02094,-34.052628,74.81219,388.60764,32.012398,74.870445,389.9427,3.7382455,110.9387,398.2939,126.41745,101.167755,417.4739,-101.75971,169.91052,408.24252,152.44604,160.51749,431.2123,-153.59778,225.15599,411.59995,124.86914,219.98581,438.47162,-186.53131,241.50076,412.13022,122.01022,239.35847,444.17133,-209.90746,244.39975,414.75528,105.39748,241.30757,438.27704,-207.36348,238.45528,414.33133,115.89946,234.97119,434.90567,-185.24777,215.1281,377.76288,71.1286,214.0217,385.8496,-71.16988,301.8479,337.81097,51.610363,305.84717,338.38916,-103.79283,349.1976,403.60187,121.727234,353.7557,419.19687,-21.268396,351.4608,420.24478,126.74257,356.99612,433.91147,-12.930553,384.89578,392.41846,105.70675,391.85593,404.5434,-33.53144
FLIPPED Screenshot 2023-02-19 232013 copy 12.png,65.9813,386.82037,14.602695,59.6834,391.6511,22.618336,59.778214,392.39133,22.577936,59.874634,393.2573,22.57353,59.733818,392.50537,0.7697699,59.86703,393.86877,0.7600544,59.93967,395.42316,0.6821218,63.95637,402.39694,64.21226,63.344875,405.02094,-34.052628,74.81219,388.60764,32.012398,74.870445,389.9427,3.7382455,110.9387,398.2939,126.41745,101.167755,417.4739,-101.75971,169.91052,408.24252,152.44604,160.51749,431.2123,-153.59778,225.15599,411.59995,124.86914,219.98581,438.47162,-186.53131,241.50076,412.13022,122.01022,239.35847,444.17133,-209.90746,244.39975,414.75528,105.39748,241.30757,438.27704,-207.36348,238.45528,414.33133,115.89946,234.97119,434.90567,-185.24777,215.1281,377.76288,71.1286,214.0217,385.8496,-71.16988,301.8479,337.81097,51.610363,305.84717,338.38916,-103.79283,349.1976,403.60187,121.727234,353.7557,419.19687,-21.268396,351.4608,420.24478,126.74257,356.99612,433.91147,-12.930553,384.89578,392.41846,105.70675,391.85593,404.5434,-33.53144
FLIPPED Screenshot 2023-02-19 232013 copy 13.png,65.9813,386.82037,14.602695,59.6834,391.6511,22.618336,59.778214,392.39133,22.577936,59.874634,393.2573,22.57353,59.733818,392.50537,0.7697699,59.86703,393.86877,0.7600544,59.93967,395.42316,0.6821218,63.95637,402.39694,64.21226,63.344875,405.02094,-34.052628,74.81219,388.60764,32.012398,74.870445,389.9427,3.7382455,110.9387,398.2939,126.41745,101.167755,417.4739,-101.75971,169.91052,408.24252,152.44604,160.51749,431.2123,-153.59778,225.15599,411.59995,124.86914,219.98581,438.47162,-186.53131,241.50076,412.13022,122.01022,239.35847,444.17133,-209.90746,244.39975,414.75528,105.39748,241.30757,438.27704,-207.36348,238.45528,414.33133,115.89946,234.97119,434.90567,-185.24777,215.1281,377.76288,71.1286,214.0217,385.8496,-71.16988,301.8479,337.81097,51.610363,305.84717,338.38916,-103.79283,349.1976,403.60187,121.727234,353.7557,419.19687,-21.268396,351.4608,420.24478,126.74257,356.99612,433.91147,-12.930553,384.89578,392.41846,105.70675,391.85593,404.5434,-33.53144
FLIPPED Screenshot 2023-02-19 232013 copy 14.png,65.9813,386.82037,14.602695,59.6834,391.6511,22.618336,59.778214,392.39133,22.577936,59.874634,393.2573,22.57353,59.733818,392.50537,0.7697699,59.86703,393.86877,0.7600544,59.93967,395.42316,0.6821218,63.95637,402.39694,64.21226,63.344875,405.02094,-34.052628,74.81219,388.60764,32.012398,74.870445,389.9427,3.7382455,110.9387,398.2939,126.41745,101.167755,417.4739,-101.75971,169.91052,408.24252,152.44604,160.51749,431.2123,-153.59778,225.15599,411.59995,124.86914,219.98581,438.47162,-186.53131,241.50076,412.13022,122.01022,239.35847,444.17133,-209.90746,244.39975,414.75528,105.39748,241.30757,438.27704,-207.36348,238.45528,414.33133,115.89946,234.97119,434.90567,-185.24777,215.1281,377.76288,71.1286,214.0217,385.8496,-71.16988,301.8479,337.81097,51.610363,305.84717,338.38916,-103.79283,349.1976,403.60187,121.727234,353.7557,419.19687,-21.268396,351.4608,420.24478,126.74257,356.99612,433.91147,-12.930553,384.89578,392.41846,105.70675,391.85593,404.5434,-33.53144
FLIPPED Screenshot 2023-02-19 232013 copy 15.png,65.9813,386.82037,14.602695,59.6834,391.6511,22.618336,59.778214,392.39133,22.577936,59.874634,393.2573,22.57353,59.733818,392.50537,0.7697699,59.86703,393.86877,0.7600544,59.93967,395.42316,0.6821218,63.95637,402.39694,64.21226,63.344875,405.02094,-34.052628,74.81219,388.60764,32.012398,74.870445,389.9427,3.7382455,110.9387,398.2939,126.41745,101.167755,417.4739,-101.75971,169.91052,408.24252,152.44604,160.51749,431.2123,-153.59778,225.15599,411.59995,124.86914,219.98581,438.47162,-186.53131,241.50076,412.13022,122.01022,239.35847,444.17133,-209.90746,244.39975,414.75528,105.39748,241.30757,438.27704,-207.36348,238.45528,414.33133,115.89946,234.97119,434.90567,-185.24777,215.1281,377.76288,71.1286,214.0217,385.8496,-71.16988,301.8479,337.81097,51.610363,305.84717,338.38916,-103.79283,349.1976,403.60187,121.727234,353.7557,419.19687,-21.268396,351.4608,420.24478,126.74257,356.99612,433.91147,-12.930553,384.89578,392.41846,105.70675,391.85593,404.5434,-33.53144
FLIPPED Screenshot 2023-02-19 232013 copy 16.png,65.9813,386.82037,14.602695,59.6834,391.6511,22.618336,59.778214,392.39133,22.577936,59.874634,393.2573,22.57353,59.733818,392.50537,0.7697699,59.86703,393.86877,0.7600544,59.93967,395.42316,0.6821218,63.95637,402.39694,64.21226,63.344875,405.02094,-34.052628,74.81219,388.60764,32.012398,74.870445,389.9427,3.7382455,110.9387,398.2939,126.41745,101.167755,417.4739,-101.75971,169.91052,408.24252,152.44604,160.51749,431.2123,-153.59778,225.15599,411.59995,124.86914,219.98581,438.47162,-186.53131,241.50076,412.13022,122.01022,239.35847,444.17133,-209.90746,244.39975,414.75528,105.39748,241.30757,438.27704,-207.36348,238.45528,414.33133,115.89946,234.97119,434.90567,-185.24777,215.1281,377.76288,71.1286,214.0217,385.8496,-71.16988,301.8479,337.81097,51.610363,305.84717,338.38916,-103.79283,349.1976,403.60187,121.727234,353.7557,419.19687,-21.268396,351.4608,420.24478,126.74257,356.99612,433.91147,-12.930553,384.89578,392.41846,105.70675,391.85593,404.5434,-33.53144
FLIPPED Screenshot 2023-02-19 232013 copy 17.png,65.9813,386.82037,14.602695,59.6834,391.6511,22.618336,59.778214,392.39133,22.577936,59.874634,393.2573,22.57353,59.733818,392.50537,0.7697699,59.86703,393.86877,0.7600544,59.93967,395.42316,0.6821218,63.95637,402.39694,64.21226,63.344875,405.02094,-34.052628,74.81219,388.60764,32.012398,74.870445,389.9427,3.7382455,110.9387,398.2939,126.41745,101.167755,417.4739,-101.75971,169.91052,408.24252,152.44604,160.51749,431.2123,-153.59778,225.15599,411.59995,124.86914,219.98581,438.47162,-186.53131,241.50076,412.13022,122.01022,239.35847,444.17133,-209.90746,244.39975,414.75528,105.39748,241.30757,438.27704,-207.36348,238.45528,414.33133,115.89946,234.97119,434.90567,-185.24777,215.1281,377.76288,71.1286,214.0217,385.8496,-71.16988,301.8479,337.81097,51.610363,305.84717,338.38916,-103.79283,349.1976,403.60187,121.727234,353.7557,419.19687,-21.268396,351.4608,420.24478,126.74257,356.99612,433.91147,-12.930553,384.89578,392.41846,105.70675,391.85593,404.5434,-33.53144
FLIPPED Screenshot 2023-02-19 232013 copy 18.png,65.9813,386.82037,14.602695,59.6834,391.6511,22.618336,59.778214,392.39133,22.577936,59.874634,393.2573,22.57353,59.733818,392.50537,0.7697699,59.86703,393.86877,0.7600544,59.93967,395.42316,0.6821218,63.95637,402.39694,64.21226,63.344875,405.02094,-34.052628,74.81219,388.60764,32.012398,74.870445,389.9427,3.7382455,110.9387,398.2939,126.41745,101.167755,417.4739,-101.75971,169.91052,408.24252,152.44604,160.51749,431.2123,-153.59778,225.15599,411.59995,124.86914,219.98581,438.47162,-186.53131,241.50076,412.13022,122.01022,239.35847,444.17133,-209.90746,244.39975,414.75528,105.39748,241.30757,438.27704,-207.36348,238.45528,414.33133,115.89946,234.97119,434.90567,-185.24777,215.1281,377.76288,71.1286,214.0217,385.8496,-71.16988,301.8479,337.81097,51.610363,305.84717,338.38916,-103.79283,349.1976,403.60187,121.727234,353.7557,419.19687,-21.268396,351.4608,420.24478,126.74257,356.99612,433.91147,-12.930553,384.89578,392.41846,105.70675,391.85593,404.5434,-33.53144
FLIPPED Screenshot 2023-02-19 232013 copy 19.png,65.9813,386.82037,14.602695,59.6834,391.6511,22.618336,59.778214,392.39133,22.577936,59.874634,393.2573,22.57353,59.733818,392.50537,0.7697699,59.86703,393.86877,0.7600544,59.93967,395.42316,0.6821218,63.95637,402.39694,64.21226,63.344875,405.02094,-34.052628,74.81219,388.60764,32.012398,74.870445,389.9427,3.7382455,110.9387,398.2939,126.41745,101.167755,417.4739,-101.75971,169.91052,408.24252,152.44604,160.51749,431.2123,-153.59778,225.15599,411.59995,124.86914,219.98581,438.47162,-186.53131,241.50076,412.13022,122.01022,239.35847,444.17133,-209.90746,244.39975,414.75528,105.39748,241.30757,438.27704,-207.36348,238.45528,414.33133,115.89946,234.97119,434.90567,-185.24777,215.1281,377.76288,71.1286,214.0217,385.8496,-71.16988,301.8479,337.81097,51.610363,305.84717,338.38916,-103.79283,349.1976,403.60187,121.727234,353.7557,419.19687,-21.268396,351.4608,420.24478,126.74257,356.99612,433.91147,-12.930553,384.89578,392.41846,105.70675,391.85593,404.5434,-33.53144
FLIPPED Screenshot 2023-02-19 232013 copy 2.png,65.9813,386.82037,14.602695,59.6834,391.6511,22.618336,59.778214,392.39133,22.577936,59.874634,393.2573,22.57353,59.733818,392.50537,0.7697699,59.86703,393.86877,0.7600544,59.93967,395.42316,0.6821218,63.95637,402.39694,64.21226,63.344875,405.02094,-34.052628,74.81219,388.60764,32.012398,74.870445,389.9427,3.7382455,110.9387,398.2939,126.41745,101.167755,417.4739,-101.75971,169.91052,408.24252,152.44604,160.51749,431.2123,-153.59778,225.15599,411.59995,124.86914,219.98581,438.47162,-186.53131,241.50076,412.13022,122.01022,239.35847,444.17133,-209.90746,244.39975,414.75528,105.39748,241.30757,438.27704,-207.36348,238.45528,414.33133,115.89946,234.97119,434.90567,-185.24777,215.1281,377.76288,71.1286,214.0217,385.8496,-71.16988,301.8479,337.81097,51.610363,305.84717,338.38916,-103.79283,349.1976,403.60187,121.727234,353.7557,419.19687,-21.268396,351.4608,420.24478,126.74257,356.99612,433.91147,-12.930553,384.89578,392.41846,105.70675,391.85593,404.5434,-33.53144
FLIPPED Screenshot 2023-02-19 232013 copy 20.png,65.9813,386.82037,14.602695,59.6834,391.6511,22.618336,59.778214,392.39133,22.577936,59.874634,393.2573,22.57353,59.733818,392.50537,0.7697699,59.86703,393.86877,0.7600544,59.93967,395.42316,0.6821218,63.95637,402.39694,64.21226,63.344875,405.02094,-34.052628,74.81219,388.60764,32.012398,74.870445,389.9427,3.7382455,110.9387,398.2939,126.41745,101.167755,417.4739,-101.75971,169.91052,408.24252,152.44604,160.51749,431.2123,-153.59778,225.15599,411.59995,124.86914,219.98581,438.47162,-186.53131,241.50076,412.13022,122.01022,239.35847,444.17133,-209.90746,244.39975,414.75528,105.39748,241.30757,438.27704,-207.36348,238.45528,414.33133,115.89946,234.97119,434.90567,-185.24777,215.1281,377.76288,71.1286,214.0217,385.8496,-71.16988,301.8479,337.81097,51.610363,305.84717,338.38916,-103.79283,349.1976,403.60187,121.727234,353.7557,419.19687,-21.268396,351.4608,420.24478,126.74257,356.99612,433.91147,-12.930553,384.89578,392.41846,105.70675,391.85593,404.5434,-33.53144
FLIPPED Screenshot 2023-02-19 232013 copy 21.png,65.9813,386.82037,14.602695,59.6834,391.6511,22.618336,59.778214,392.39133,22.577936,59.874634,393.2573,22.57353,59.733818,392.50537,0.7697699,59.86703,393.86877,0.7600544,59.93967,395.42316,0.6821218,63.95637,402.39694,64.21226,63.344875,405.02094,-34.052628,74.81219,388.60764,32.012398,74.870445,389.9427,3.7382455,110.9387,398.2939,126.41745,101.167755,417.4739,-101.75971,169.91052,408.24252,152.44604,160.51749,431.2123,-153.59778,225.15599,411.59995,124.86914,219.98581,438.47162,-186.53131,241.50076,412.13022,122.01022,239.35847,444.17133,-209.90746,244.39975,414.75528,105.39748,241.30757,438.27704,-207.36348,238.45528,414.33133,115.89946,234.97119,434.90567,-185.24777,215.1281,377.76288,71.1286,214.0217,385.8496,-71.16988,301.8479,337.81097,51.610363,305.84717,338.38916,-103.79283,349.1976,403.60187,121.727234,353.7557,419.19687,-21.268396,351.4608,420.24478,126.74257,356.99612,433.91147,-12.930553,384.89578,392.41846,105.70675,391.85593,404.5434,-33.53144
FLIPPED Screenshot 2023-02-19 232013 copy 3.png,65.9813,386.82037,14.602695,59.6834,391.6511,22.618336,59.778214,392.39133,22.577936,59.874634,393.2573,22.57353,59.733818,392.50537,0.7697699,59.86703,393.86877,0.7600544,59.93967,395.42316,0.6821218,63.95637,402.39694,64.21226,63.344875,405.02094,-34.052628,74.81219,388.60764,32.012398,74.870445,389.9427,3.7382455,110.9387,398.2939,126.41745,101.167755,417.4739,-101.75971,169.91052,408.24252,152.44604,160.51749,431.2123,-153.59778,225.15599,411.59995,124.86914,219.98581,438.47162,-186.53131,241.50076,412.13022,122.01022,239.35847,444.17133,-209.90746,244.39975,414.75528,105.39748,241.30757,438.27704,-207.36348,238.45528,414.33133,115.89946,234.97119,434.90567,-185.24777,215.1281,377.76288,71.1286,214.0217,385.8496,-71.16988,301.8479,337.81097,51.610363,305.84717,338.38916,-103.79283,349.1976,403.60187,121.727234,353.7557,419.19687,-21.268396,351.4608,420.24478,126.74257,356.99612,433.91147,-12.930553,384.89578,392.41846,105.70675,391.85593,404.5434,-33.53144
FLIPPED Screenshot 2023-02-19 232013 copy 4.png,65.9813,386.82037,14.602695,59.6834,391.6511,22.618336,59.778214,392.39133,22.577936,59.874634,393.2573,22.57353,59.733818,392.50537,0.7697699,59.86703,393.86877,0.7600544,59.93967,395.42316,0.6821218,63.95637,402.39694,64.21226,63.344875,405.02094,-34.052628,74.81219,388.60764,32.012398,74.870445,389.9427,3.7382455,110.9387,398.2939,126.41745,101.167755,417.4739,-101.75971,169.91052,408.24252,152.44604,160.51749,431.2123,-153.59778,225.15599,411.59995,124.86914,219.98581,438.47162,-186.53131,241.50076,412.13022,122.01022,239.35847,444.17133,-209.90746,244.39975,414.75528,105.39748,241.30757,438.27704,-207.36348,238.45528,414.33133,115.89946,234.97119,434.90567,-185.24777,215.1281,377.76288,71.1286,214.0217,385.8496,-71.16988,301.8479,337.81097,51.610363,305.84717,338.38916,-103.79283,349.1976,403.60187,121.727234,353.7557,419.19687,-21.268396,351.4608,420.24478,126.74257,356.99612,433.91147,-12.930553,384.89578,392.41846,105.70675,391.85593,404.5434,-33.53144
FLIPPED Screenshot 2023-02-19 232013 copy 5.png,65.9813,386.82037,14.602695,59.6834,391.6511,22.618336,59.778214,392.39133,22.577936,59.874634,393.2573,22.57353,59.733818,392.50537,0.7697699,59.86703,393.86877,0.7600544,59.93967,395.42316,0.6821218,63.95637,402.39694,64.21226,63.344875,405.02094,-34.052628,74.81219,388.60764,32.012398,74.870445,389.9427,3.7382455,110.9387,398.2939,126.41745,101.167755,417.4739,-101.75971,169.91052,408.24252,152.44604,160.51749,431.2123,-153.59778,225.15599,411.59995,124.86914,219.98581,438.47162,-186.53131,241.50076,412.13022,122.01022,239.35847,444.17133,-209.90746,244.39975,414.75528,105.39748,241.30757,438.27704,-207.36348,238.45528,414.33133,115.89946,234.97119,434.90567,-185.24777,215.1281,377.76288,71.1286,214.0217,385.8496,-71.16988,301.8479,337.81097,51.610363,305.84717,338.38916,-103.79283,349.1976,403.60187,121.727234,353.7557,419.19687,-21.268396,351.4608,420.24478,126.74257,356.99612,433.91147,-12.930553,384.89578,392.41846,105.70675,391.85593,404.5434,-33.53144
FLIPPED Screenshot 2023-02-19 232013 copy 6.png,65.9813,386.82037,14.602695,59.6834,391.6511,22.618336,59.778214,392.39133,22.577936,59.874634,393.2573,22.57353,59.733818,392.50537,0.7697699,59.86703,393.86877,0.7600544,59.93967,395.42316,0.6821218,63.95637,402.39694,64.21226,63.344875,405.02094,-34.052628,74.81219,388.60764,32.012398,74.870445,389.9427,3.7382455,110.9387,398.2939,126.41745,101.167755,417.4739,-101.75971,169.91052,408.24252,152.44604,160.51749,431.2123,-153.59778,225.15599,411.59995,124.86914,219.98581,438.47162,-186.53131,241.50076,412.13022,122.01022,239.35847,444.17133,-209.90746,244.39975,414.75528,105.39748,241.30757,438.27704,-207.36348,238.45528,414.33133,115.89946,234.97119,434.90567,-185.24777,215.1281,377.76288,71.1286,214.0217,385.8496,-71.16988,301.8479,337.81097,51.610363,305.84717,338.38916,-103.79283,349.1976,403.60187,121.727234,353.7557,419.19687,-21.268396,351.4608,420.24478,126.74257,356.99612,433.91147,-12.930553,384.89578,392.41846,105.70675,391.85593,404.5434,-33.53144
FLIPPED Screenshot 2023-02-19 232013 copy 7.png,65.9813,386.82037,14.602695,59.6834,391.6511,22.618336,59.778214,392.39133,22.577936,59.874634,393.2573,22.57353,59.733818,392.50537,0.7697699,59.86703,393.86877,0.7600544,59.93967,395.42316,0.6821218,63.95637,402.39694,64.21226,63.344875,405.02094,-34.052628,74.81219,388.60764,32.012398,74.870445,389.9427,3.7382455,110.9387,398.2939,126.41745,101.167755,417.4739,-101.75971,169.91052,408.24252,152.44604,160.51749,431.2123,-153.59778,225.15599,411.59995,124.86914,219.98581,438.47162,-186.53131,241.50076,412.13022,122.01022,239.35847,444.17133,-209.90746,244.39975,414.75528,105.39748,241.30757,438.27704,-207.36348,238.45528,414.33133,115.89946,234.97119,434.90567,-185.24777,215.1281,377.76288,71.1286,214.0217,385.8496,-71.16988,301.8479,337.81097,51.610363,305.84717,338.38916,-103.79283,349.1976,403.60187,121.727234,353.7557,419.19687,-21.268396,351.4608,420.24478,126.74257,356.99612,433.91147,-12.930553,384.89578,392.41846,105.70675,391.85593,404.5434,-33.53144
FLIPPED Screenshot 2023-02-19 232013 copy 8.png,65.9813,386.82037,14.602695,59.6834,391.6511,22.618336,59.778214,392.39133,22.577936,59.874634,393.2573,22.57353,59.733818,392.50537,0.7697699,59.86703,393.86877,0.7600544,59.93967,395.42316,0.6821218,63.95637,402.39694,64.21226,63.344875,405.02094,-34.052628,74.81219,388.60764,32.012398,74.870445,389.9427,3.7382455,110.9387,398.2939,126.41745,101.167755,417.4739,-101.75971,169.91052,408.24252,152.44604,160.51749,431.2123,-153.59778,225.15599,411.59995,124.86914,219.98581,438.47162,-186.53131,241.50076,412.13022,122.01022,239.35847,444.17133,-209.90746,244.39975,414.75528,105.39748,241.30757,438.27704,-207.36348,238.45528,414.33133,115.89946,234.97119,434.90567,-185.24777,215.1281,377.76288,71.1286,214.0217,385.8496,-71.16988,301.8479,337.81097,51.610363,305.84717,338.38916,-103.79283,349.1976,403.60187,121.727234,353.7557,419.19687,-21.268396,351.4608,420.24478,126.74257,356.99612,433.91147,-12.930553,384.89578,392.41846,105.70675,391.85593,404.5434,-33.53144
FLIPPED Screenshot 2023-02-19 232013 copy 9.png,65.9813,386.82037,14.602695,59.6834,391.6511,22.618336,59.778214,392.39133,22.577936,59.874634,393.2573,22.57353,59.733818,392.50537,0.7697699,59.86703,393.86877,0.7600544,59.93967,395.42316,0.6821218,63.95637,402.39694,64.21226,63.344875,405.02094,-34.052628,74.81219,388.60764,32.012398,74.870445,389.9427,3.7382455,110.9387,398.2939,126.41745,101.167755,417.4739,-101.75971,169.91052,408.24252,152.44604,160.51749,431.2123,-153.59778,225.15599,411.59995,124.86914,219.98581,438.47162,-186.53131,241.50076,412.13022,122.01022,239.35847,444.17133,-209.90746,244.39975,414.75528,105.39748,241.30757,438.27704,-207.36348,238.45528,414.33133,115.89946,234.97119,434.90567,-185.24777,215.1281,377.76288,71.1286,214.0217,385.8496,-71.16988,301.8479,337.81097,51.610363,305.84717,338.38916,-103.79283,349.1976,403.60187,121.727234,353.7557,419.19687,-21.268396,351.4608,420.24478,126.74257,356.99612,433.91147,-12.930553,384.89578,392.41846,105.70675,391.85593,404.5434,-33.53144
FLIPPED Screenshot 2023-02-19 232013 copy.png,65.9813,386.82037,14.602695,59.6834,391.6511,22.618336,59.778214,392.39133,22.577936,59.874634,393.2573,22.57353,59.733818,392.50537,0.7697699,59.86703,393.86877,0.7600544,59.93967,395.42316,0.6821218,63.95637,402.39694,64.21226,63.344875,405.02094,-34.052628,74.81219,388.60764,32.012398,74.870445,389.9427,3.7382455,110.9387,398.2939,126.41745,101.167755,417.4739,-101.75971,169.91052,408.24252,152.44604,160.51749,431.2123,-153.59778,225.15599,411.59995,124.86914,219.98581,438.47162,-186.53131,241.50076,412.13022,122.01022,239.35847,444.17133,-209.90746,244.39975,414.75528,105.39748,241.30757,438.27704,-207.36348,238.45528,414.33133,115.89946,234.97119,434.90567,-185.24777,215.1281,377.76288,71.1286,214.0217,385.8496,-71.16988,301.8479,337.81097,51.610363,305.84717,338.38916,-103.79283,349.1976,403.60187,121.727234,353.7557,419.19687,-21.268396,351.4608,420.24478,126.74257,356.99612,433.91147,-12.930553,384.89578,392.41846,105.70675,391.85593,404.5434,-33.53144
FLIPPED Screenshot 2023-02-19 232013.png,65.9813,386.82037,14.602695,59.6834,391.6511,22.618336,59.778214,392.39133,22.577936,59.874634,393.2573,22.57353,59.733818,392.50537,0.7697699,59.86703,393.86877,0.7600544,59.93967,395.42316,0.6821218,63.95637,402.39694,64.21226,63.344875,405.02094,-34.052628,74.81219,388.60764,32.012398,74.870445,389.9427,3.7382455,110.9387,398.2939,126.41745,101.167755,417.4739,-101.75971,169.91052,408.24252,152.44604,160.51749,431.2123,-153.59778,225.15599,411.59995,124.86914,219.98581,438.47162,-186.53131,241.50076,412.13022,122.01022,239.35847,444.17133,-209.90746,244.39975,414.75528,105.39748,241.30757,438.27704,-207.36348,238.45528,414.33133,115.89946,234.97119,434.90567,-185.24777,215.1281,377.76288,71.1286,214.0217,385.8496,-71.16988,301.8479,337.81097,51.610363,305.84717,338.38916,-103.79283,349.1976,403.60187,121.727234,353.7557,419.19687,-21.268396,351.4608,420.24478,126.74257,356.99612,433.91147,-12.930553,384.89578,392.41846,105.70675,391.85593,404.5434,-33.53144
FLIPPED Screenshot 2023-02-19 232029 copy 10.png,74.63479,426.3256,-0.9408201,66.877884,429.46823,6.842838,67.02665,429.95935,6.798008,67.12745,430.5704,6.7782073,66.60313,431.12808,-15.102912,66.50888,432.8728,-15.112277,66.353745,434.89215,-15.162585,70.31468,442.28107,48.427402,68.85366,447.02966,-50.3378,83.03569,428.86826,17.081245,83.068085,431.04337,-11.275322,120.65838,443.51657,102.34127,116.88016,459.84125,-105.8546,187.62688,451.27322,127.89431,188.05452,474.73715,-127.2893,245.23352,453.55493,107.27483,253.12,473.38165,-127.769005,260.5272,454.18192,104.60438,275.73276,477.3046,-142.86893,265.87512,456.70938,90.79025,279.18954,471.39606,-142.86084,258.99008,456.06357,99.50696,270.71072,469.3768,-126.3462,221.86398,401.3502,68.004265,226.08737,410.62622,-67.89694,307.92056,354.4376,54.05241,318.29642,352.79935,-107.56381,325.73898,432.59552,127.318436,334.70462,447.54944,-42.36442,322.20206,449.06888,134.20656,330.38583,464.02054,-34.152554,364.70856,438.92337,138.74817,373.622,450.71634,-28.159866
FLIPPED Screenshot 2023-02-19 232029 copy 11.png,74.63479,426.3256,-0.9408201,66.877884,429.46823,6.842838,67.02665,429.95935,6.798008,67.12745,430.5704,6.7782073,66.60313,431.12808,-15.102912,66.50888,432.8728,-15.112277,66.353745,434.89215,-15.162585,70.31468,442.28107,48.427402,68.85366,447.02966,-50.3378,83.03569,428.86826,17.081245,83.068085,431.04337,-11.275322,120.65838,443.51657,102.34127,116.88016,459.84125,-105.8546,187.62688,451.27322,127.89431,188.05452,474.73715,-127.2893,245.23352,453.55493,107.27483,253.12,473.38165,-127.769005,260.5272,454.18192,104.60438,275.73276,477.3046,-142.86893,265.87512,456.70938,90.79025,279.18954,471.39606,-142.86084,258.99008,456.06357,99.50696,270.71072,469.3768,-126.3462,221.86398,401.3502,68.004265,226.08737,410.62622,-67.89694,307.92056,354.4376,54.05241,318.29642,352.79935,-107.56381,325.73898,432.59552,127.318436,334.70462,447.54944,-42.36442,322.20206,449.06888,134.20656,330.38583,464.02054,-34.152554,364.70856,438.92337,138.74817,373.622,450.71634,-28.159866
FLIPPED Screenshot 2023-02-19 232029 copy 12.png,74.63479,426.3256,-0.9408201,66.877884,429.46823,6.842838,67.02665,429.95935,6.798008,67.12745,430.5704,6.7782073,66.60313,431.12808,-15.102912,66.50888,432.8728,-15.112277,66.353745,434.89215,-15.162585,70.31468,442.28107,48.427402,68.85366,447.02966,-50.3378,83.03569,428.86826,17.081245,83.068085,431.04337,-11.275322,120.65838,443.51657,102.34127,116.88016,459.84125,-105.8546,187.62688,451.27322,127.89431,188.05452,474.73715,-127.2893,245.23352,453.55493,107.27483,253.12,473.38165,-127.769005,260.5272,454.18192,104.60438,275.73276,477.3046,-142.86893,265.87512,456.70938,90.79025,279.18954,471.39606,-142.86084,258.99008,456.06357,99.50696,270.71072,469.3768,-126.3462,221.86398,401.3502,68.004265,226.08737,410.62622,-67.89694,307.92056,354.4376,54.05241,318.29642,352.79935,-107.56381,325.73898,432.59552,127.318436,334.70462,447.54944,-42.36442,322.20206,449.06888,134.20656,330.38583,464.02054,-34.152554,364.70856,438.92337,138.74817,373.622,450.71634,-28.159866
FLIPPED Screenshot 2023-02-19 232029 copy 13.png,74.63479,426.3256,-0.9408201,66.877884,429.46823,6.842838,67.02665,429.95935,6.798008,67.12745,430.5704,6.7782073,66.60313,431.12808,-15.102912,66.50888,432.8728,-15.112277,66.353745,434.89215,-15.162585,70.31468,442.28107,48.427402,68.85366,447.02966,-50.3378,83.03569,428.86826,17.081245,83.068085,431.04337,-11.275322,120.65838,443.51657,102.34127,116.88016,459.84125,-105.8546,187.62688,451.27322,127.89431,188.05452,474.73715,-127.2893,245.23352,453.55493,107.27483,253.12,473.38165,-127.769005,260.5272,454.18192,104.60438,275.73276,477.3046,-142.86893,265.87512,456.70938,90.79025,279.18954,471.39606,-142.86084,258.99008,456.06357,99.50696,270.71072,469.3768,-126.3462,221.86398,401.3502,68.004265,226.08737,410.62622,-67.89694,307.92056,354.4376,54.05241,318.29642,352.79935,-107.56381,325.73898,432.59552,127.318436,334.70462,447.54944,-42.36442,322.20206,449.06888,134.20656,330.38583,464.02054,-34.152554,364.70856,438.92337,138.74817,373.622,450.71634,-28.159866
FLIPPED Screenshot 2023-02-19 232029 copy 14.png,74.63479,426.3256,-0.9408201,66.877884,429.46823,6.842838,67.02665,429.95935,6.798008,67.12745,430.5704,6.7782073,66.60313,431.12808,-15.102912,66.50888,432.8728,-15.112277,66.353745,434.89215,-15.162585,70.31468,442.28107,48.427402,68.85366,447.02966,-50.3378,83.03569,428.86826,17.081245,83.068085,431.04337,-11.275322,120.65838,443.51657,102.34127,116.88016,459.84125,-105.8546,187.62688,451.27322,127.89431,188.05452,474.73715,-127.2893,245.23352,453.55493,107.27483,253.12,473.38165,-127.769005,260.5272,454.18192,104.60438,275.73276,477.3046,-142.86893,265.87512,456.70938,90.79025,279.18954,471.39606,-142.86084,258.99008,456.06357,99.50696,270.71072,469.3768,-126.3462,221.86398,401.3502,68.004265,226.08737,410.62622,-67.89694,307.92056,354.4376,54.05241,318.29642,352.79935,-107.56381,325.73898,432.59552,127.318436,334.70462,447.54944,-42.36442,322.20206,449.06888,134.20656,330.38583,464.02054,-34.152554,364.70856,438.92337,138.74817,373.622,450.71634,-28.159866
FLIPPED Screenshot 2023-02-19 232029 copy 15.png,74.63479,426.3256,-0.9408201,66.877884,429.46823,6.842838,67.02665,429.95935,6.798008,67.12745,430.5704,6.7782073,66.60313,431.12808,-15.102912,66.50888,432.8728,-15.112277,66.353745,434.89215,-15.162585,70.31468,442.28107,48.427402,68.85366,447.02966,-50.3378,83.03569,428.86826,17.081245,83.068085,431.04337,-11.275322,120.65838,443.51657,102.34127,116.88016,459.84125,-105.8546,187.62688,451.27322,127.89431,188.05452,474.73715,-127.2893,245.23352,453.55493,107.27483,253.12,473.38165,-127.769005,260.5272,454.18192,104.60438,275.73276,477.3046,-142.86893,265.87512,456.70938,90.79025,279.18954,471.39606,-142.86084,258.99008,456.06357,99.50696,270.71072,469.3768,-126.3462,221.86398,401.3502,68.004265,226.08737,410.62622,-67.89694,307.92056,354.4376,54.05241,318.29642,352.79935,-107.56381,325.73898,432.59552,127.318436,334.70462,447.54944,-42.36442,322.20206,449.06888,134.20656,330.38583,464.02054,-34.152554,364.70856,438.92337,138.74817,373.622,450.71634,-28.159866
FLIPPED Screenshot 2023-02-19 232029 copy 16.png,74.63479,426.3256,-0.9408201,66.877884,429.46823,6.842838,67.02665,429.95935,6.798008,67.12745,430.5704,6.7782073,66.60313,431.12808,-15.102912,66.50888,432.8728,-15.112277,66.353745,434.89215,-15.162585,70.31468,442.28107,48.427402,68.85366,447.02966,-50.3378,83.03569,428.86826,17.081245,83.068085,431.04337,-11.275322,120.65838,443.51657,102.34127,116.88016,459.84125,-105.8546,187.62688,451.27322,127.89431,188.05452,474.73715,-127.2893,245.23352,453.55493,107.27483,253.12,473.38165,-127.769005,260.5272,454.18192,104.60438,275.73276,477.3046,-142.86893,265.87512,456.70938,90.79025,279.18954,471.39606,-142.86084,258.99008,456.06357,99.50696,270.71072,469.3768,-126.3462,221.86398,401.3502,68.004265,226.08737,410.62622,-67.89694,307.92056,354.4376,54.05241,318.29642,352.79935,-107.56381,325.73898,432.59552,127.318436,334.70462,447.54944,-42.36442,322.20206,449.06888,134.20656,330.38583,464.02054,-34.152554,364.70856,438.92337,138.74817,373.622,450.71634,-28.159866
FLIPPED Screenshot 2023-02-19 232029 copy 17.png,74.63479,426.3256,-0.9408201,66.877884,429.46823,6.842838,67.02665,429.95935,6.798008,67.12745,430.5704,6.7782073,66.60313,431.12808,-15.102912,66.50888,432.8728,-15.112277,66.353745,434.89215,-15.162585,70.31468,442.28107,48.427402,68.85366,447.02966,-50.3378,83.03569,428.86826,17.081245,83.068085,431.04337,-11.275322,120.65838,443.51657,102.34127,116.88016,459.84125,-105.8546,187.62688,451.27322,127.89431,188.05452,474.73715,-127.2893,245.23352,453.55493,107.27483,253.12,473.38165,-127.769005,260.5272,454.18192,104.60438,275.73276,477.3046,-142.86893,265.87512,456.70938,90.79025,279.18954,471.39606,-142.86084,258.99008,456.06357,99.50696,270.71072,469.3768,-126.3462,221.86398,401.3502,68.004265,226.08737,410.62622,-67.89694,307.92056,354.4376,54.05241,318.29642,352.79935,-107.56381,325.73898,432.59552,127.318436,334.70462,447.54944,-42.36442,322.20206,449.06888,134.20656,330.38583,464.02054,-34.152554,364.70856,438.92337,138.74817,373.622,450.71634,-28.159866
FLIPPED Screenshot 2023-02-19 232029 copy 18.png,74.63479,426.3256,-0.9408201,66.877884,429.46823,6.842838,67.02665,429.95935,6.798008,67.12745,430.5704,6.7782073,66.60313,431.12808,-15.102912,66.50888,432.8728,-15.112277,66.353745,434.89215,-15.162585,70.31468,442.28107,48.427402,68.85366,447.02966,-50.3378,83.03569,428.86826,17.081245,83.068085,431.04337,-11.275322,120.65838,443.51657,102.34127,116.88016,459.84125,-105.8546,187.62688,451.27322,127.89431,188.05452,474.73715,-127.2893,245.23352,453.55493,107.27483,253.12,473.38165,-127.769005,260.5272,454.18192,104.60438,275.73276,477.3046,-142.86893,265.87512,456.70938,90.79025,279.18954,471.39606,-142.86084,258.99008,456.06357,99.50696,270.71072,469.3768,-126.3462,221.86398,401.3502,68.004265,226.08737,410.62622,-67.89694,307.92056,354.4376,54.05241,318.29642,352.79935,-107.56381,325.73898,432.59552,127.318436,334.70462,447.54944,-42.36442,322.20206,449.06888,134.20656,330.38583,464.02054,-34.152554,364.70856,438.92337,138.74817,373.622,450.71634,-28.159866
FLIPPED Screenshot 2023-02-19 232029 copy 19.png,74.63479,426.3256,-0.9408201,66.877884,429.46823,6.842838,67.02665,429.95935,6.798008,67.12745,430.5704,6.7782073,66.60313,431.12808,-15.102912,66.50888,432.8728,-15.112277,66.353745,434.89215,-15.162585,70.31468,442.28107,48.427402,68.85366,447.02966,-50.3378,83.03569,428.86826,17.081245,83.068085,431.04337,-11.275322,120.65838,443.51657,102.34127,116.88016,459.84125,-105.8546,187.62688,451.27322,127.89431,188.05452,474.73715,-127.2893,245.23352,453.55493,107.27483,253.12,473.38165,-127.769005,260.5272,454.18192,104.60438,275.73276,477.3046,-142.86893,265.87512,456.70938,90.79025,279.18954,471.39606,-142.86084,258.99008,456.06357,99.50696,270.71072,469.3768,-126.3462,221.86398,401.3502,68.004265,226.08737,410.62622,-67.89694,307.92056,354.4376,54.05241,318.29642,352.79935,-107.56381,325.73898,432.59552,127.318436,334.70462,447.54944,-42.36442,322.20206,449.06888,134.20656,330.38583,464.02054,-34.152554,364.70856,438.92337,138.74817,373.622,450.71634,-28.159866
FLIPPED Screenshot 2023-02-19 232029 copy 2.png,74.63479,426.3256,-0.9408201,66.877884,429.46823,6.842838,67.02665,429.95935,6.798008,67.12745,430.5704,6.7782073,66.60313,431.12808,-15.102912,66.50888,432.8728,-15.112277,66.353745,434.89215,-15.162585,70.31468,442.28107,48.427402,68.85366,447.02966,-50.3378,83.03569,428.86826,17.081245,83.068085,431.04337,-11.275322,120.65838,443.51657,102.34127,116.88016,459.84125,-105.8546,187.62688,451.27322,127.89431,188.05452,474.73715,-127.2893,245.23352,453.55493,107.27483,253.12,473.38165,-127.769005,260.5272,454.18192,104.60438,275.73276,477.3046,-142.86893,265.87512,456.70938,90.79025,279.18954,471.39606,-142.86084,258.99008,456.06357,99.50696,270.71072,469.3768,-126.3462,221.86398,401.3502,68.004265,226.08737,410.62622,-67.89694,307.92056,354.4376,54.05241,318.29642,352.79935,-107.56381,325.73898,432.59552,127.318436,334.70462,447.54944,-42.36442,322.20206,449.06888,134.20656,330.38583,464.02054,-34.152554,364.70856,438.92337,138.74817,373.622,450.71634,-28.159866
FLIPPED Screenshot 2023-02-19 232029 copy 20.png,74.63479,426.3256,-0.9408201,66.877884,429.46823,6.842838,67.02665,429.95935,6.798008,67.12745,430.5704,6.7782073,66.60313,431.12808,-15.102912,66.50888,432.8728,-15.112277,66.353745,434.89215,-15.162585,70.31468,442.28107,48.427402,68.85366,447.02966,-50.3378,83.03569,428.86826,17.081245,83.068085,431.04337,-11.275322,120.65838,443.51657,102.34127,116.88016,459.84125,-105.8546,187.62688,451.27322,127.89431,188.05452,474.73715,-127.2893,245.23352,453.55493,107.27483,253.12,473.38165,-127.769005,260.5272,454.18192,104.60438,275.73276,477.3046,-142.86893,265.87512,456.70938,90.79025,279.18954,471.39606,-142.86084,258.99008,456.06357,99.50696,270.71072,469.3768,-126.3462,221.86398,401.3502,68.004265,226.08737,410.62622,-67.89694,307.92056,354.4376,54.05241,318.29642,352.79935,-107.56381,325.73898,432.59552,127.318436,334.70462,447.54944,-42.36442,322.20206,449.06888,134.20656,330.38583,464.02054,-34.152554,364.70856,438.92337,138.74817,373.622,450.71634,-28.159866
FLIPPED Screenshot 2023-02-19 232029 copy 21.png,74.63479,426.3256,-0.9408201,66.877884,429.46823,6.842838,67.02665,429.95935,6.798008,67.12745,430.5704,6.7782073,66.60313,431.12808,-15.102912,66.50888,432.8728,-15.112277,66.353745,434.89215,-15.162585,70.31468,442.28107,48.427402,68.85366,447.02966,-50.3378,83.03569,428.86826,17.081245,83.068085,431.04337,-11.275322,120.65838,443.51657,102.34127,116.88016,459.84125,-105.8546,187.62688,451.27322,127.89431,188.05452,474.73715,-127.2893,245.23352,453.55493,107.27483,253.12,473.38165,-127.769005,260.5272,454.18192,104.60438,275.73276,477.3046,-142.86893,265.87512,456.70938,90.79025,279.18954,471.39606,-142.86084,258.99008,456.06357,99.50696,270.71072,469.3768,-126.3462,221.86398,401.3502,68.004265,226.08737,410.62622,-67.89694,307.92056,354.4376,54.05241,318.29642,352.79935,-107.56381,325.73898,432.59552,127.318436,334.70462,447.54944,-42.36442,322.20206,449.06888,134.20656,330.38583,464.02054,-34.152554,364.70856,438.92337,138.74817,373.622,450.71634,-28.159866
FLIPPED Screenshot 2023-02-19 232029 copy 3.png,74.63479,426.3256,-0.9408201,66.877884,429.46823,6.842838,67.02665,429.95935,6.798008,67.12745,430.5704,6.7782073,66.60313,431.12808,-15.102912,66.50888,432.8728,-15.112277,66.353745,434.89215,-15.162585,70.31468,442.28107,48.427402,68.85366,447.02966,-50.3378,83.03569,428.86826,17.081245,83.068085,431.04337,-11.275322,120.65838,443.51657,102.34127,116.88016,459.84125,-105.8546,187.62688,451.27322,127.89431,188.05452,474.73715,-127.2893,245.23352,453.55493,107.27483,253.12,473.38165,-127.769005,260.5272,454.18192,104.60438,275.73276,477.3046,-142.86893,265.87512,456.70938,90.79025,279.18954,471.39606,-142.86084,258.99008,456.06357,99.50696,270.71072,469.3768,-126.3462,221.86398,401.3502,68.004265,226.08737,410.62622,-67.89694,307.92056,354.4376,54.05241,318.29642,352.79935,-107.56381,325.73898,432.59552,127.318436,334.70462,447.54944,-42.36442,322.20206,449.06888,134.20656,330.38583,464.02054,-34.152554,364.70856,438.92337,138.74817,373.622,450.71634,-28.159866
FLIPPED Screenshot 2023-02-19 232029 copy 4.png,74.63479,426.3256,-0.9408201,66.877884,429.46823,6.842838,67.02665,429.95935,6.798008,67.12745,430.5704,6.7782073,66.60313,431.12808,-15.102912,66.50888,432.8728,-15.112277,66.353745,434.89215,-15.162585,70.31468,442.28107,48.427402,68.85366,447.02966,-50.3378,83.03569,428.86826,17.081245,83.068085,431.04337,-11.275322,120.65838,443.51657,102.34127,116.88016,459.84125,-105.8546,187.62688,451.27322,127.89431,188.05452,474.73715,-127.2893,245.23352,453.55493,107.27483,253.12,473.38165,-127.769005,260.5272,454.18192,104.60438,275.73276,477.3046,-142.86893,265.87512,456.70938,90.79025,279.18954,471.39606,-142.86084,258.99008,456.06357,99.50696,270.71072,469.3768,-126.3462,221.86398,401.3502,68.004265,226.08737,410.62622,-67.89694,307.92056,354.4376,54.05241,318.29642,352.79935,-107.56381,325.73898,432.59552,127.318436,334.70462,447.54944,-42.36442,322.20206,449.06888,134.20656,330.38583,464.02054,-34.152554,364.70856,438.92337,138.74817,373.622,450.71634,-28.159866
FLIPPED Screenshot 2023-02-19 232029 copy 5.png,74.63479,426.3256,-0.9408201,66.877884,429.46823,6.842838,67.02665,429.95935,6.798008,67.12745,430.5704,6.7782073,66.60313,431.12808,-15.102912,66.50888,432.8728,-15.112277,66.353745,434.89215,-15.162585,70.31468,442.28107,48.427402,68.85366,447.02966,-50.3378,83.03569,428.86826,17.081245,83.068085,431.04337,-11.275322,120.65838,443.51657,102.34127,116.88016,459.84125,-105.8546,187.62688,451.27322,127.89431,188.05452,474.73715,-127.2893,245.23352,453.55493,107.27483,253.12,473.38165,-127.769005,260.5272,454.18192,104.60438,275.73276,477.3046,-142.86893,265.87512,456.70938,90.79025,279.18954,471.39606,-142.86084,258.99008,456.06357,99.50696,270.71072,469.3768,-126.3462,221.86398,401.3502,68.004265,226.08737,410.62622,-67.89694,307.92056,354.4376,54.05241,318.29642,352.79935,-107.56381,325.73898,432.59552,127.318436,334.70462,447.54944,-42.36442,322.20206,449.06888,134.20656,330.38583,464.02054,-34.152554,364.70856,438.92337,138.74817,373.622,450.71634,-28.159866
FLIPPED Screenshot 2023-02-19 232029 copy 6.png,74.63479,426.3256,-0.9408201,66.877884,429.46823,6.842838,67.02665,429.95935,6.798008,67.12745,430.5704,6.7782073,66.60313,431.12808,-15.102912,66.50888,432.8728,-15.112277,66.353745,434.89215,-15.162585,70.31468,442.28107,48.427402,68.85366,447.02966,-50.3378,83.03569,428.86826,17.081245,83.068085,431.04337,-11.275322,120.65838,443.51657,102.34127,116.88016,459.84125,-105.8546,187.62688,451.27322,127.89431,188.05452,474.73715,-127.2893,245.23352,453.55493,107.27483,253.12,473.38165,-127.769005,260.5272,454.18192,104.60438,275.73276,477.3046,-142.86893,265.87512,456.70938,90.79025,279.18954,471.39606,-142.86084,258.99008,456.06357,99.50696,270.71072,469.3768,-126.3462,221.86398,401.3502,68.004265,226.08737,410.62622,-67.89694,307.92056,354.4376,54.05241,318.29642,352.79935,-107.56381,325.73898,432.59552,127.318436,334.70462,447.54944,-42.36442,322.20206,449.06888,134.20656,330.38583,464.02054,-34.152554,364.70856,438.92337,138.74817,373.622,450.71634,-28.159866
FLIPPED Screenshot 2023-02-19 232029 copy 7.png,74.63479,426.3256,-0.9408201,66.877884,429.46823,6.842838,67.02665,429.95935,6.798008,67.12745,430.5704,6.7782073,66.60313,431.12808,-15.102912,66.50888,432.8728,-15.112277,66.353745,434.89215,-15.162585,70.31468,442.28107,48.427402,68.85366,447.02966,-50.3378,83.03569,428.86826,17.081245,83.068085,431.04337,-11.275322,120.65838,443.51657,102.34127,116.88016,459.84125,-105.8546,187.62688,451.27322,127.89431,188.05452,474.73715,-127.2893,245.23352,453.55493,107.27483,253.12,473.38165,-127.769005,260.5272,454.18192,104.60438,275.73276,477.3046,-142.86893,265.87512,456.70938,90.79025,279.18954,471.39606,-142.86084,258.99008,456.06357,99.50696,270.71072,469.3768,-126.3462,221.86398,401.3502,68.004265,226.08737,410.62622,-67.89694,307.92056,354.4376,54.05241,318.29642,352.79935,-107.56381,325.73898,432.59552,127.318436,334.70462,447.54944,-42.36442,322.20206,449.06888,134.20656,330.38583,464.02054,-34.152554,364.70856,438.92337,138.74817,373.622,450.71634,-28.159866
FLIPPED Screenshot 2023-02-19 232029 copy 8.png,74.63479,426.3256,-0.9408201,66.877884,429.46823,6.842838,67.02665,429.95935,6.798008,67.12745,430.5704,6.7782073,66.60313,431.12808,-15.102912,66.50888,432.8728,-15.112277,66.353745,434.89215,-15.162585,70.31468,442.28107,48.427402,68.85366,447.02966,-50.3378,83.03569,428.86826,17.081245,83.068085,431.04337,-11.275322,120.65838,443.51657,102.34127,116.88016,459.84125,-105.8546,187.62688,451.27322,127.89431,188.05452,474.73715,-127.2893,245.23352,453.55493,107.27483,253.12,473.38165,-127.769005,260.5272,454.18192,104.60438,275.73276,477.3046,-142.86893,265.87512,456.70938,90.79025,279.18954,471.39606,-142.86084,258.99008,456.06357,99.50696,270.71072,469.3768,-126.3462,221.86398,401.3502,68.004265,226.08737,410.62622,-67.89694,307.92056,354.4376,54.05241,318.29642,352.79935,-107.56381,325.73898,432.59552,127.318436,334.70462,447.54944,-42.36442,322.20206,449.06888,134.20656,330.38583,464.02054,-34.152554,364.70856,438.92337,138.74817,373.622,450.71634,-28.159866
FLIPPED Screenshot 2023-02-19 232029 copy 9.png,74.63479,426.3256,-0.9408201,66.877884,429.46823,6.842838,67.02665,429.95935,6.798008,67.12745,430.5704,6.7782073,66.60313,431.12808,-15.102912,66.50888,432.8728,-15.112277,66.353745,434.89215,-15.162585,70.31468,442.28107,48.427402,68.85366,447.02966,-50.3378,83.03569,428.86826,17.081245,83.068085,431.04337,-11.275322,120.65838,443.51657,102.34127,116.88016,459.84125,-105.8546,187.62688,451.27322,127.89431,188.05452,474.73715,-127.2893,245.23352,453.55493,107.27483,253.12,473.38165,-127.769005,260.5272,454.18192,104.60438,275.73276,477.3046,-142.86893,265.87512,456.70938,90.79025,279.18954,471.39606,-142.86084,258.99008,456.06357,99.50696,270.71072,469.3768,-126.3462,221.86398,401.3502,68.004265,226.08737,410.62622,-67.89694,307.92056,354.4376,54.05241,318.29642,352.79935,-107.56381,325.73898,432.59552,127.318436,334.70462,447.54944,-42.36442,322.20206,449.06888,134.20656,330.38583,464.02054,-34.152554,364.70856,438.92337,138.74817,373.622,450.71634,-28.159866
FLIPPED Screenshot 2023-02-19 232029 copy.png,74.63479,426.3256,-0.9408201,66.877884,429.46823,6.842838,67.02665,429.95935,6.798008,67.12745,430.5704,6.7782073,66.60313,431.12808,-15.102912,66.50888,432.8728,-15.112277,66.353745,434.89215,-15.162585,70.31468,442.28107,48.427402,68.85366,447.02966,-50.3378,83.03569,428.86826,17.081245,83.068085,431.04337,-11.275322,120.65838,443.51657,102.34127,116.88016,459.84125,-105.8546,187.62688,451.27322,127.89431,188.05452,474.73715,-127.2893,245.23352,453.55493,107.27483,253.12,473.38165,-127.769005,260.5272,454.18192,104.60438,275.73276,477.3046,-142.86893,265.87512,456.70938,90.79025,279.18954,471.39606,-142.86084,258.99008,456.06357,99.50696,270.71072,469.3768,-126.3462,221.86398,401.3502,68.004265,226.08737,410.62622,-67.89694,307.92056,354.4376,54.05241,318.29642,352.79935,-107.56381,325.73898,432.59552,127.318436,334.70462,447.54944,-42.36442,322.20206,449.06888,134.20656,330.38583,464.02054,-34.152554,364.70856,438.92337,138.74817,373.622,450.71634,-28.159866
FLIPPED Screenshot 2023-02-19 232029.png,74.63479,426.3256,-0.9408201,66.877884,429.46823,6.842838,67.02665,429.95935,6.798008,67.12745,430.5704,6.7782073,66.60313,431.12808,-15.102912,66.50888,432.8728,-15.112277,66.353745,434.89215,-15.162585,70.31468,442.28107,48.427402,68.85366,447.02966,-50.3378,83.03569,428.86826,17.081245,83.068085,431.04337,-11.275322,120.65838,443.51657,102.34127,116.88016,459.84125,-105.8546,187.62688,451.27322,127.89431,188.05452,474.73715,-127.2893,245.23352,453.55493,107.27483,253.12,473.38165,-127.769005,260.5272,454.18192,104.60438,275.73276,477.3046,-142.86893,265.87512,456.70938,90.79025,279.18954,471.39606,-142.86084,258.99008,456.06357,99.50696,270.71072,469.3768,-126.3462,221.86398,401.3502,68.004265,226.08737,410.62622,-67.89694,307.92056,354.4376,54.05241,318.29642,352.79935,-107.56381,325.73898,432.59552,127.318436,334.70462,447.54944,-42.36442,322.20206,449.06888,134.20656,330.38583,464.02054,-34.152554,364.70856,438.92337,138.74817,373.622,450.71634,-28.159866
FLIPPED Screenshot 2023-02-19 232044 copy 10.png,61.0314,362.6043,-23.540518,52.97621,365.67407,-15.491289,52.92172,366.16412,-15.519681,52.85103,366.79987,-15.529745,52.709908,367.59305,-41.857254,52.54154,369.31708,-41.86466,52.28271,371.3164,-41.939175,55.229042,378.56543,30.530697,54.258823,382.3403,-87.30455,69.784386,365.55545,-3.256836,69.007545,367.69278,-37.127075,107.495544,381.4746,104.76698,102.51898,398.91733,-151.33597,176.2383,389.42572,141.1569,167.80894,411.93655,-175.4562,231.03645,399.8599,115.52356,234.72073,419.86398,-168.5877,246.98201,401.87854,112.84479,255.8504,427.58533,-186.97864,249.99753,403.8001,96.95423,258.29065,422.9554,-187.44254,243.90186,402.07935,106.4523,252.54144,419.4376,-167.23213,218.2526,359.8055,83.027054,219.2089,370.05493,-83.0758,310.29108,304.9201,71.650795,309.92044,308.53156,-125.491135,337.9511,388.99002,160.7541,339.45996,407.23306,-59.294792,337.74118,405.146,168.33719,338.4097,426.00174,-51.702534,378.46686,388.4022,162.9173,384.03168,412.676,-58.347595
FLIPPED Screenshot 2023-02-19 232044 copy 11.png,61.0314,362.6043,-23.540518,52.97621,365.67407,-15.491289,52.92172,366.16412,-15.519681,52.85103,366.79987,-15.529745,52.709908,367.59305,-41.857254,52.54154,369.31708,-41.86466,52.28271,371.3164,-41.939175,55.229042,378.56543,30.530697,54.258823,382.3403,-87.30455,69.784386,365.55545,-3.256836,69.007545,367.69278,-37.127075,107.495544,381.4746,104.76698,102.51898,398.91733,-151.33597,176.2383,389.42572,141.1569,167.80894,411.93655,-175.4562,231.03645,399.8599,115.52356,234.72073,419.86398,-168.5877,246.98201,401.87854,112.84479,255.8504,427.58533,-186.97864,249.99753,403.8001,96.95423,258.29065,422.9554,-187.44254,243.90186,402.07935,106.4523,252.54144,419.4376,-167.23213,218.2526,359.8055,83.027054,219.2089,370.05493,-83.0758,310.29108,304.9201,71.650795,309.92044,308.53156,-125.491135,337.9511,388.99002,160.7541,339.45996,407.23306,-59.294792,337.74118,405.146,168.33719,338.4097,426.00174,-51.702534,378.46686,388.4022,162.9173,384.03168,412.676,-58.347595
FLIPPED Screenshot 2023-02-19 232044 copy 12.png,61.0314,362.6043,-23.540518,52.97621,365.67407,-15.491289,52.92172,366.16412,-15.519681,52.85103,366.79987,-15.529745,52.709908,367.59305,-41.857254,52.54154,369.31708,-41.86466,52.28271,371.3164,-41.939175,55.229042,378.56543,30.530697,54.258823,382.3403,-87.30455,69.784386,365.55545,-3.256836,69.007545,367.69278,-37.127075,107.495544,381.4746,104.76698,102.51898,398.91733,-151.33597,176.2383,389.42572,141.1569,167.80894,411.93655,-175.4562,231.03645,399.8599,115.52356,234.72073,419.86398,-168.5877,246.98201,401.87854,112.84479,255.8504,427.58533,-186.97864,249.99753,403.8001,96.95423,258.29065,422.9554,-187.44254,243.90186,402.07935,106.4523,252.54144,419.4376,-167.23213,218.2526,359.8055,83.027054,219.2089,370.05493,-83.0758,310.29108,304.9201,71.650795,309.92044,308.53156,-125.491135,337.9511,388.99002,160.7541,339.45996,407.23306,-59.294792,337.74118,405.146,168.33719,338.4097,426.00174,-51.702534,378.46686,388.4022,162.9173,384.03168,412.676,-58.347595
FLIPPED Screenshot 2023-02-19 232044 copy 13.png,61.0314,362.6043,-23.540518,52.97621,365.67407,-15.491289,52.92172,366.16412,-15.519681,52.85103,366.79987,-15.529745,52.709908,367.59305,-41.857254,52.54154,369.31708,-41.86466,52.28271,371.3164,-41.939175,55.229042,378.56543,30.530697,54.258823,382.3403,-87.30455,69.784386,365.55545,-3.256836,69.007545,367.69278,-37.127075,107.495544,381.4746,104.76698,102.51898,398.91733,-151.33597,176.2383,389.42572,141.1569,167.80894,411.93655,-175.4562,231.03645,399.8599,115.52356,234.72073,419.86398,-168.5877,246.98201,401.87854,112.84479,255.8504,427.58533,-186.97864,249.99753,403.8001,96.95423,258.29065,422.9554,-187.44254,243.90186,402.07935,106.4523,252.54144,419.4376,-167.23213,218.2526,359.8055,83.027054,219.2089,370.05493,-83.0758,310.29108,304.9201,71.650795,309.92044,308.53156,-125.491135,337.9511,388.99002,160.7541,339.45996,407.23306,-59.294792,337.74118,405.146,168.33719,338.4097,426.00174,-51.702534,378.46686,388.4022,162.9173,384.03168,412.676,-58.347595
FLIPPED Screenshot 2023-02-19 232044 copy 14.png,61.0314,362.6043,-23.540518,52.97621,365.67407,-15.491289,52.92172,366.16412,-15.519681,52.85103,366.79987,-15.529745,52.709908,367.59305,-41.857254,52.54154,369.31708,-41.86466,52.28271,371.3164,-41.939175,55.229042,378.56543,30.530697,54.258823,382.3403,-87.30455,69.784386,365.55545,-3.256836,69.007545,367.69278,-37.127075,107.495544,381.4746,104.76698,102.51898,398.91733,-151.33597,176.2383,389.42572,141.1569,167.80894,411.93655,-175.4562,231.03645,399.8599,115.52356,234.72073,419.86398,-168.5877,246.98201,401.87854,112.84479,255.8504,427.58533,-186.97864,249.99753,403.8001,96.95423,258.29065,422.9554,-187.44254,243.90186,402.07935,106.4523,252.54144,419.4376,-167.23213,218.2526,359.8055,83.027054,219.2089,370.05493,-83.0758,310.29108,304.9201,71.650795,309.92044,308.53156,-125.491135,337.9511,388.99002,160.7541,339.45996,407.23306,-59.294792,337.74118,405.146,168.33719,338.4097,426.00174,-51.702534,378.46686,388.4022,162.9173,384.03168,412.676,-58.347595
FLIPPED Screenshot 2023-02-19 232044 copy 15.png,61.0314,362.6043,-23.540518,52.97621,365.67407,-15.491289,52.92172,366.16412,-15.519681,52.85103,366.79987,-15.529745,52.709908,367.59305,-41.857254,52.54154,369.31708,-41.86466,52.28271,371.3164,-41.939175,55.229042,378.56543,30.530697,54.258823,382.3403,-87.30455,69.784386,365.55545,-3.256836,69.007545,367.69278,-37.127075,107.495544,381.4746,104.76698,102.51898,398.91733,-151.33597,176.2383,389.42572,141.1569,167.80894,411.93655,-175.4562,231.03645,399.8599,115.52356,234.72073,419.86398,-168.5877,246.98201,401.87854,112.84479,255.8504,427.58533,-186.97864,249.99753,403.8001,96.95423,258.29065,422.9554,-187.44254,243.90186,402.07935,106.4523,252.54144,419.4376,-167.23213,218.2526,359.8055,83.027054,219.2089,370.05493,-83.0758,310.29108,304.9201,71.650795,309.92044,308.53156,-125.491135,337.9511,388.99002,160.7541,339.45996,407.23306,-59.294792,337.74118,405.146,168.33719,338.4097,426.00174,-51.702534,378.46686,388.4022,162.9173,384.03168,412.676,-58.347595
FLIPPED Screenshot 2023-02-19 232044 copy 16.png,61.0314,362.6043,-23.540518,52.97621,365.67407,-15.491289,52.92172,366.16412,-15.519681,52.85103,366.79987,-15.529745,52.709908,367.59305,-41.857254,52.54154,369.31708,-41.86466,52.28271,371.3164,-41.939175,55.229042,378.56543,30.530697,54.258823,382.3403,-87.30455,69.784386,365.55545,-3.256836,69.007545,367.69278,-37.127075,107.495544,381.4746,104.76698,102.51898,398.91733,-151.33597,176.2383,389.42572,141.1569,167.80894,411.93655,-175.4562,231.03645,399.8599,115.52356,234.72073,419.86398,-168.5877,246.98201,401.87854,112.84479,255.8504,427.58533,-186.97864,249.99753,403.8001,96.95423,258.29065,422.9554,-187.44254,243.90186,402.07935,106.4523,252.54144,419.4376,-167.23213,218.2526,359.8055,83.027054,219.2089,370.05493,-83.0758,310.29108,304.9201,71.650795,309.92044,308.53156,-125.491135,337.9511,388.99002,160.7541,339.45996,407.23306,-59.294792,337.74118,405.146,168.33719,338.4097,426.00174,-51.702534,378.46686,388.4022,162.9173,384.03168,412.676,-58.347595
FLIPPED Screenshot 2023-02-19 232044 copy 17.png,61.0314,362.6043,-23.540518,52.97621,365.67407,-15.491289,52.92172,366.16412,-15.519681,52.85103,366.79987,-15.529745,52.709908,367.59305,-41.857254,52.54154,369.31708,-41.86466,52.28271,371.3164,-41.939175,55.229042,378.56543,30.530697,54.258823,382.3403,-87.30455,69.784386,365.55545,-3.256836,69.007545,367.69278,-37.127075,107.495544,381.4746,104.76698,102.51898,398.91733,-151.33597,176.2383,389.42572,141.1569,167.80894,411.93655,-175.4562,231.03645,399.8599,115.52356,234.72073,419.86398,-168.5877,246.98201,401.87854,112.84479,255.8504,427.58533,-186.97864,249.99753,403.8001,96.95423,258.29065,422.9554,-187.44254,243.90186,402.07935,106.4523,252.54144,419.4376,-167.23213,218.2526,359.8055,83.027054,219.2089,370.05493,-83.0758,310.29108,304.9201,71.650795,309.92044,308.53156,-125.491135,337.9511,388.99002,160.7541,339.45996,407.23306,-59.294792,337.74118,405.146,168.33719,338.4097,426.00174,-51.702534,378.46686,388.4022,162.9173,384.03168,412.676,-58.347595
FLIPPED Screenshot 2023-02-19 232044 copy 18.png,61.0314,362.6043,-23.540518,52.97621,365.67407,-15.491289,52.92172,366.16412,-15.519681,52.85103,366.79987,-15.529745,52.709908,367.59305,-41.857254,52.54154,369.31708,-41.86466,52.28271,371.3164,-41.939175,55.229042,378.56543,30.530697,54.258823,382.3403,-87.30455,69.784386,365.55545,-3.256836,69.007545,367.69278,-37.127075,107.495544,381.4746,104.76698,102.51898,398.91733,-151.33597,176.2383,389.42572,141.1569,167.80894,411.93655,-175.4562,231.03645,399.8599,115.52356,234.72073,419.86398,-168.5877,246.98201,401.87854,112.84479,255.8504,427.58533,-186.97864,249.99753,403.8001,96.95423,258.29065,422.9554,-187.44254,243.90186,402.07935,106.4523,252.54144,419.4376,-167.23213,218.2526,359.8055,83.027054,219.2089,370.05493,-83.0758,310.29108,304.9201,71.650795,309.92044,308.53156,-125.491135,337.9511,388.99002,160.7541,339.45996,407.23306,-59.294792,337.74118,405.146,168.33719,338.4097,426.00174,-51.702534,378.46686,388.4022,162.9173,384.03168,412.676,-58.347595
FLIPPED Screenshot 2023-02-19 232044 copy 19.png,61.0314,362.6043,-23.540518,52.97621,365.67407,-15.491289,52.92172,366.16412,-15.519681,52.85103,366.79987,-15.529745,52.709908,367.59305,-41.857254,52.54154,369.31708,-41.86466,52.28271,371.3164,-41.939175,55.229042,378.56543,30.530697,54.258823,382.3403,-87.30455,69.784386,365.55545,-3.256836,69.007545,367.69278,-37.127075,107.495544,381.4746,104.76698,102.51898,398.91733,-151.33597,176.2383,389.42572,141.1569,167.80894,411.93655,-175.4562,231.03645,399.8599,115.52356,234.72073,419.86398,-168.5877,246.98201,401.87854,112.84479,255.8504,427.58533,-186.97864,249.99753,403.8001,96.95423,258.29065,422.9554,-187.44254,243.90186,402.07935,106.4523,252.54144,419.4376,-167.23213,218.2526,359.8055,83.027054,219.2089,370.05493,-83.0758,310.29108,304.9201,71.650795,309.92044,308.53156,-125.491135,337.9511,388.99002,160.7541,339.45996,407.23306,-59.294792,337.74118,405.146,168.33719,338.4097,426.00174,-51.702534,378.46686,388.4022,162.9173,384.03168,412.676,-58.347595
FLIPPED Screenshot 2023-02-19 232044 copy 2.png,61.0314,362.6043,-23.540518,52.97621,365.67407,-15.491289,52.92172,366.16412,-15.519681,52.85103,366.79987,-15.529745,52.709908,367.59305,-41.857254,52.54154,369.31708,-41.86466,52.28271,371.3164,-41.939175,55.229042,378.56543,30.530697,54.258823,382.3403,-87.30455,69.784386,365.55545,-3.256836,69.007545,367.69278,-37.127075,107.495544,381.4746,104.76698,102.51898,398.91733,-151.33597,176.2383,389.42572,141.1569,167.80894,411.93655,-175.4562,231.03645,399.8599,115.52356,234.72073,419.86398,-168.5877,246.98201,401.87854,112.84479,255.8504,427.58533,-186.97864,249.99753,403.8001,96.95423,258.29065,422.9554,-187.44254,243.90186,402.07935,106.4523,252.54144,419.4376,-167.23213,218.2526,359.8055,83.027054,219.2089,370.05493,-83.0758,310.29108,304.9201,71.650795,309.92044,308.53156,-125.491135,337.9511,388.99002,160.7541,339.45996,407.23306,-59.294792,337.74118,405.146,168.33719,338.4097,426.00174,-51.702534,378.46686,388.4022,162.9173,384.03168,412.676,-58.347595
FLIPPED Screenshot 2023-02-19 232044 copy 20.png,61.0314,362.6043,-23.540518,52.97621,365.67407,-15.491289,52.92172,366.16412,-15.519681,52.85103,366.79987,-15.529745,52.709908,367.59305,-41.857254,52.54154,369.31708,-41.86466,52.28271,371.3164,-41.939175,55.229042,378.56543,30.530697,54.258823,382.3403,-87.30455,69.784386,365.55545,-3.256836,69.007545,367.69278,-37.127075,107.495544,381.4746,104.76698,102.51898,398.91733,-151.33597,176.2383,389.42572,141.1569,167.80894,411.93655,-175.4562,231.03645,399.8599,115.52356,234.72073,419.86398,-168.5877,246.98201,401.87854,112.84479,255.8504,427.58533,-186.97864,249.99753,403.8001,96.95423,258.29065,422.9554,-187.44254,243.90186,402.07935,106.4523,252.54144,419.4376,-167.23213,218.2526,359.8055,83.027054,219.2089,370.05493,-83.0758,310.29108,304.9201,71.650795,309.92044,308.53156,-125.491135,337.9511,388.99002,160.7541,339.45996,407.23306,-59.294792,337.74118,405.146,168.33719,338.4097,426.00174,-51.702534,378.46686,388.4022,162.9173,384.03168,412.676,-58.347595
FLIPPED Screenshot 2023-02-19 232044 copy 21.png,61.0314,362.6043,-23.540518,52.97621,365.67407,-15.491289,52.92172,366.16412,-15.519681,52.85103,366.79987,-15.529745,52.709908,367.59305,-41.857254,52.54154,369.31708,-41.86466,52.28271,371.3164,-41.939175,55.229042,378.56543,30.530697,54.258823,382.3403,-87.30455,69.784386,365.55545,-3.256836,69.007545,367.69278,-37.127075,107.495544,381.4746,104.76698,102.51898,398.91733,-151.33597,176.2383,389.42572,141.1569,167.80894,411.93655,-175.4562,231.03645,399.8599,115.52356,234.72073,419.86398,-168.5877,246.98201,401.87854,112.84479,255.8504,427.58533,-186.97864,249.99753,403.8001,96.95423,258.29065,422.9554,-187.44254,243.90186,402.07935,106.4523,252.54144,419.4376,-167.23213,218.2526,359.8055,83.027054,219.2089,370.05493,-83.0758,310.29108,304.9201,71.650795,309.92044,308.53156,-125.491135,337.9511,388.99002,160.7541,339.45996,407.23306,-59.294792,337.74118,405.146,168.33719,338.4097,426.00174,-51.702534,378.46686,388.4022,162.9173,384.03168,412.676,-58.347595
FLIPPED Screenshot 2023-02-19 232044 copy 3.png,61.0314,362.6043,-23.540518,52.97621,365.67407,-15.491289,52.92172,366.16412,-15.519681,52.85103,366.79987,-15.529745,52.709908,367.59305,-41.857254,52.54154,369.31708,-41.86466,52.28271,371.3164,-41.939175,55.229042,378.56543,30.530697,54.258823,382.3403,-87.30455,69.784386,365.55545,-3.256836,69.007545,367.69278,-37.127075,107.495544,381.4746,104.76698,102.51898,398.91733,-151.33597,176.2383,389.42572,141.1569,167.80894,411.93655,-175.4562,231.03645,399.8599,115.52356,234.72073,419.86398,-168.5877,246.98201,401.87854,112.84479,255.8504,427.58533,-186.97864,249.99753,403.8001,96.95423,258.29065,422.9554,-187.44254,243.90186,402.07935,106.4523,252.54144,419.4376,-167.23213,218.2526,359.8055,83.027054,219.2089,370.05493,-83.0758,310.29108,304.9201,71.650795,309.92044,308.53156,-125.491135,337.9511,388.99002,160.7541,339.45996,407.23306,-59.294792,337.74118,405.146,168.33719,338.4097,426.00174,-51.702534,378.46686,388.4022,162.9173,384.03168,412.676,-58.347595
FLIPPED Screenshot 2023-02-19 232044 copy 4.png,61.0314,362.6043,-23.540518,52.97621,365.67407,-15.491289,52.92172,366.16412,-15.519681,52.85103,366.79987,-15.529745,52.709908,367.59305,-41.857254,52.54154,369.31708,-41.86466,52.28271,371.3164,-41.939175,55.229042,378.56543,30.530697,54.258823,382.3403,-87.30455,69.784386,365.55545,-3.256836,69.007545,367.69278,-37.127075,107.495544,381.4746,104.76698,102.51898,398.91733,-151.33597,176.2383,389.42572,141.1569,167.80894,411.93655,-175.4562,231.03645,399.8599,115.52356,234.72073,419.86398,-168.5877,246.98201,401.87854,112.84479,255.8504,427.58533,-186.97864,249.99753,403.8001,96.95423,258.29065,422.9554,-187.44254,243.90186,402.07935,106.4523,252.54144,419.4376,-167.23213,218.2526,359.8055,83.027054,219.2089,370.05493,-83.0758,310.29108,304.9201,71.650795,309.92044,308.53156,-125.491135,337.9511,388.99002,160.7541,339.45996,407.23306,-59.294792,337.74118,405.146,168.33719,338.4097,426.00174,-51.702534,378.46686,388.4022,162.9173,384.03168,412.676,-58.347595
FLIPPED Screenshot 2023-02-19 232044 copy 5.png,61.0314,362.6043,-23.540518,52.97621,365.67407,-15.491289,52.92172,366.16412,-15.519681,52.85103,366.79987,-15.529745,52.709908,367.59305,-41.857254,52.54154,369.31708,-41.86466,52.28271,371.3164,-41.939175,55.229042,378.56543,30.530697,54.258823,382.3403,-87.30455,69.784386,365.55545,-3.256836,69.007545,367.69278,-37.127075,107.495544,381.4746,104.76698,102.51898,398.91733,-151.33597,176.2383,389.42572,141.1569,167.80894,411.93655,-175.4562,231.03645,399.8599,115.52356,234.72073,419.86398,-168.5877,246.98201,401.87854,112.84479,255.8504,427.58533,-186.97864,249.99753,403.8001,96.95423,258.29065,422.9554,-187.44254,243.90186,402.07935,106.4523,252.54144,419.4376,-167.23213,218.2526,359.8055,83.027054,219.2089,370.05493,-83.0758,310.29108,304.9201,71.650795,309.92044,308.53156,-125.491135,337.9511,388.99002,160.7541,339.45996,407.23306,-59.294792,337.74118,405.146,168.33719,338.4097,426.00174,-51.702534,378.46686,388.4022,162.9173,384.03168,412.676,-58.347595
FLIPPED Screenshot 2023-02-19 232044 copy 6.png,61.0314,362.6043,-23.540518,52.97621,365.67407,-15.491289,52.92172,366.16412,-15.519681,52.85103,366.79987,-15.529745,52.709908,367.59305,-41.857254,52.54154,369.31708,-41.86466,52.28271,371.3164,-41.939175,55.229042,378.56543,30.530697,54.258823,382.3403,-87.30455,69.784386,365.55545,-3.256836,69.007545,367.69278,-37.127075,107.495544,381.4746,104.76698,102.51898,398.91733,-151.33597,176.2383,389.42572,141.1569,167.80894,411.93655,-175.4562,231.03645,399.8599,115.52356,234.72073,419.86398,-168.5877,246.98201,401.87854,112.84479,255.8504,427.58533,-186.97864,249.99753,403.8001,96.95423,258.29065,422.9554,-187.44254,243.90186,402.07935,106.4523,252.54144,419.4376,-167.23213,218.2526,359.8055,83.027054,219.2089,370.05493,-83.0758,310.29108,304.9201,71.650795,309.92044,308.53156,-125.491135,337.9511,388.99002,160.7541,339.45996,407.23306,-59.294792,337.74118,405.146,168.33719,338.4097,426.00174,-51.702534,378.46686,388.4022,162.9173,384.03168,412.676,-58.347595
FLIPPED Screenshot 2023-02-19 232044 copy 7.png,61.0314,362.6043,-23.540518,52.97621,365.67407,-15.491289,52.92172,366.16412,-15.519681,52.85103,366.79987,-15.529745,52.709908,367.59305,-41.857254,52.54154,369.31708,-41.86466,52.28271,371.3164,-41.939175,55.229042,378.56543,30.530697,54.258823,382.3403,-87.30455,69.784386,365.55545,-3.256836,69.007545,367.69278,-37.127075,107.495544,381.4746,104.76698,102.51898,398.91733,-151.33597,176.2383,389.42572,141.1569,167.80894,411.93655,-175.4562,231.03645,399.8599,115.52356,234.72073,419.86398,-168.5877,246.98201,401.87854,112.84479,255.8504,427.58533,-186.97864,249.99753,403.8001,96.95423,258.29065,422.9554,-187.44254,243.90186,402.07935,106.4523,252.54144,419.4376,-167.23213,218.2526,359.8055,83.027054,219.2089,370.05493,-83.0758,310.29108,304.9201,71.650795,309.92044,308.53156,-125.491135,337.9511,388.99002,160.7541,339.45996,407.23306,-59.294792,337.74118,405.146,168.33719,338.4097,426.00174,-51.702534,378.46686,388.4022,162.9173,384.03168,412.676,-58.347595
FLIPPED Screenshot 2023-02-19 232044 copy 8.png,61.0314,362.6043,-23.540518,52.97621,365.67407,-15.491289,52.92172,366.16412,-15.519681,52.85103,366.79987,-15.529745,52.709908,367.59305,-41.857254,52.54154,369.31708,-41.86466,52.28271,371.3164,-41.939175,55.229042,378.56543,30.530697,54.258823,382.3403,-87.30455,69.784386,365.55545,-3.256836,69.007545,367.69278,-37.127075,107.495544,381.4746,104.76698,102.51898,398.91733,-151.33597,176.2383,389.42572,141.1569,167.80894,411.93655,-175.4562,231.03645,399.8599,115.52356,234.72073,419.86398,-168.5877,246.98201,401.87854,112.84479,255.8504,427.58533,-186.97864,249.99753,403.8001,96.95423,258.29065,422.9554,-187.44254,243.90186,402.07935,106.4523,252.54144,419.4376,-167.23213,218.2526,359.8055,83.027054,219.2089,370.05493,-83.0758,310.29108,304.9201,71.650795,309.92044,308.53156,-125.491135,337.9511,388.99002,160.7541,339.45996,407.23306,-59.294792,337.74118,405.146,168.33719,338.4097,426.00174,-51.702534,378.46686,388.4022,162.9173,384.03168,412.676,-58.347595
FLIPPED Screenshot 2023-02-19 232044 copy 9.png,61.0314,362.6043,-23.540518,52.97621,365.67407,-15.491289,52.92172,366.16412,-15.519681,52.85103,366.79987,-15.529745,52.709908,367.59305,-41.857254,52.54154,369.31708,-41.86466,52.28271,371.3164,-41.939175,55.229042,378.56543,30.530697,54.258823,382.3403,-87.30455,69.784386,365.55545,-3.256836,69.007545,367.69278,-37.127075,107.495544,381.4746,104.76698,102.51898,398.91733,-151.33597,176.2383,389.42572,141.1569,167.80894,411.93655,-175.4562,231.03645,399.8599,115.52356,234.72073,419.86398,-168.5877,246.98201,401.87854,112.84479,255.8504,427.58533,-186.97864,249.99753,403.8001,96.95423,258.29065,422.9554,-187.44254,243.90186,402.07935,106.4523,252.54144,419.4376,-167.23213,218.2526,359.8055,83.027054,219.2089,370.05493,-83.0758,310.29108,304.9201,71.650795,309.92044,308.53156,-125.491135,337.9511,388.99002,160.7541,339.45996,407.23306,-59.294792,337.74118,405.146,168.33719,338.4097,426.00174,-51.702534,378.46686,388.4022,162.9173,384.03168,412.676,-58.347595
FLIPPED Screenshot 2023-02-19 232044 copy.png,61.0314,362.6043,-23.540518,52.97621,365.67407,-15.491289,52.92172,366.16412,-15.519681,52.85103,366.79987,-15.529745,52.709908,367.59305,-41.857254,52.54154,369.31708,-41.86466,52.28271,371.3164,-41.939175,55.229042,378.56543,30.530697,54.258823,382.3403,-87.30455,69.784386,365.55545,-3.256836,69.007545,367.69278,-37.127075,107.495544,381.4746,104.76698,102.51898,398.91733,-151.33597,176.2383,389.42572,141.1569,167.80894,411.93655,-175.4562,231.03645,399.8599,115.52356,234.72073,419.86398,-168.5877,246.98201,401.87854,112.84479,255.8504,427.58533,-186.97864,249.99753,403.8001,96.95423,258.29065,422.9554,-187.44254,243.90186,402.07935,106.4523,252.54144,419.4376,-167.23213,218.2526,359.8055,83.027054,219.2089,370.05493,-83.0758,310.29108,304.9201,71.650795,309.92044,308.53156,-125.491135,337.9511,388.99002,160.7541,339.45996,407.23306,-59.294792,337.74118,405.146,168.33719,338.4097,426.00174,-51.702534,378.46686,388.4022,162.9173,384.03168,412.676,-58.347595
FLIPPED Screenshot 2023-02-19 232044.png,61.0314,362.6043,-23.540518,52.97621,365.67407,-15.491289,52.92172,366.16412,-15.519681,52.85103,366.79987,-15.529745,52.709908,367.59305,-41.857254,52.54154,369.31708,-41.86466,52.28271,371.3164,-41.939175,55.229042,378.56543,30.530697,54.258823,382.3403,-87.30455,69.784386,365.55545,-3.256836,69.007545,367.69278,-37.127075,107.495544,381.4746,104.76698,102.51898,398.91733,-151.33597,176.2383,389.42572,141.1569,167.80894,411.93655,-175.4562,231.03645,399.8599,115.52356,234.72073,419.86398,-168.5877,246.98201,401.87854,112.84479,255.8504,427.58533,-186.97864,249.99753,403.8001,96.95423,258.29065,422.9554,-187.44254,243.90186,402.07935,106.4523,252.54144,419.4376,-167.23213,218.2526,359.8055,83.027054,219.2089,370.05493,-83.0758,310.29108,304.9201,71.650795,309.92044,308.53156,-125.491135,337.9511,388.99002,160.7541,339.45996,407.23306,-59.294792,337.74118,405.146,168.33719,338.4097,426.00174,-51.702534,378.46686,388.4022,162.9173,384.03168,412.676,-58.347595
FLIPPED SupportedBridgePose_annotated-79c06b222b6846b3b1e467de6fc03250.jpg,983.678,763.2809,6.3186727,998.3494,773.6435,-20.482206,998.2273,777.02295,-20.461704,998.32446,780.91785,-20.557701,999.1502,770.1806,28.32866,999.522,770.87085,28.384491,1000.0303,772.003,28.229286,993.71375,810.0132,-97.882286,994.42267,802.96606,122.194145,966.3611,772.3179,-18.64463,967.83765,767.4221,44.967537,884.01685,851.2558,-232.26355,884.04553,804.5487,258.30386,726.11487,877.1606,-254.41731,725.4895,829.1366,330.3392,594.2532,887.4461,-236.95491,617.10376,807.4216,307.36636,561.7436,898.5178,-278.3799,590.668,808.1898,321.25497,558.7189,886.8607,-274.3505,583.04114,813.1565,279.4396,570.51996,880.34454,-233.1813,594.2616,813.76874,287.01587,662.9038,754.5545,-151.7919,675.8946,718.6801,151.62262,438.95825,666.7171,-277.71332,464.03073,616.4042,99.30455,508.54697,842.42804,42.1865,513.2702,794.5789,421.89413,533.84973,856.04285,75.22527,539.42834,816.81213,457.42514,426.8478,892.82654,104.7182,465.22202,835.29486,481.8688
FLIPPED The-Best-Butt-Workout-Moves-of-All-Time-According-to-Trainers-GettyImages-1300504533-1-2000-91583ef5d5434027adff293d08d3adf8.jpg,1134.2817,575.1347,107.40407,1153.9932,592.0369,61.98728,1154.1914,595.42065,62.051804,1154.3431,599.02563,62.007526,1154.2393,590.3952,134.74347,1154.5175,592.60406,134.7955,1154.7501,594.73315,134.58507,1143.7819,628.8218,-57.4318,1144.6193,620.04254,266.45673,1112.4247,583.1977,71.39957,1112.0476,580.4462,165.11784,1044.6605,670.6729,-276.2963,1019.82556,622.15375,468.35135,854.12225,690.6378,-441.86136,845.5984,636.26227,581.2194,689.3326,683.8558,-535.5246,690.9311,641.8194,551.62964,646.10443,695.1334,-604.15936,655.9437,637.80414,573.25433,643.8836,684.377,-571.9616,649.67883,644.35004,520.51495,658.4815,676.9899,-520.80475,663.3861,643.5112,526.525,705.3649,551.1468,-233.67192,710.1978,516.6613,233.39676,454.8515,380.6081,-347.7148,472.84073,376.95044,145.1998,370.59412,631.86456,-109.06243,388.08954,612.47046,405.93164,392.50073,678.1052,-90.54625,414.34845,659.13745,428.58804,255.297,669.436,-159.25931,274.832,667.5308,374.9526
FLIPPED Yoga-At-Home-glute-bridge-panorama.jpg,1001.0238,300.85034,65.44104,1021.5797,314.44928,30.719816,1021.7639,318.77332,30.766094,1022.29785,323.46198,30.674238,1022.27325,310.98282,88.3483,1022.9452,312.72144,88.41046,1023.9859,314.93805,88.269,1017.8885,362.97757,-58.003372,1018.49915,355.06415,198.08958,979.2096,313.43176,39.153625,979.49646,308.93704,113.24625,893.46796,397.89026,-222.02878,878.9127,349.59393,360.40784,708.192,445.27206,-256.05313,700.77747,379.16092,434.47147,531.7334,439.77676,-219.50227,552.45074,376.9081,405.74673,479.22974,447.66385,-261.69708,511.0125,374.3312,417.20294,472.56943,437.41797,-242.22076,506.98682,380.87958,370.88852,491.38092,435.11276,-206.43124,524.44385,383.91864,383.15173,575.1489,266.0281,-192.10649,580.3925,241.83783,191.88087,307.84085,121.18904,-308.3123,323.1057,117.43229,159.30365,328.04947,404.71127,-59.797802,335.7524,367.24835,373.94843,349.09155,443.13843,-38.22196,363.56766,412.59415,389.30234,210.13596,455.06708,-46.02851,229.12651,434.51788,353.40656
FLIPPED Yoga-At-Home-hamstring-bridge.jpg,494.44223,205.18982,4.9051185,505.7742,212.01764,-15.212618,505.96512,213.69133,-15.198052,506.22156,215.40349,-15.225479,506.0385,211.3637,14.627329,506.3145,212.58511,14.640472,506.63303,213.92635,14.57927,501.6466,232.70311,-61.415554,501.54443,230.77914,71.30189,482.95755,209.99356,-7.8677154,482.75888,209.12178,30.48198,445.15836,249.69545,-138.0752,433.58545,229.76932,161.11044,354.92795,273.9475,-171.49829,349.1826,242.78693,202.80803,276.6618,278.0247,-176.97124,277.6488,247.89462,182.02576,248.09836,279.65747,-200.93861,257.71835,247.51884,184.73042,244.11984,274.44315,-190.74245,255.02538,251.7743,159.79088,254.5206,273.0116,-170.91779,263.8305,250.77692,169.99174,284.5054,186.23131,-102.282074,282.12402,177.36859,102.17601,158.52437,132.46555,-132.3689,164.29968,127.56941,66.98709,103.93211,255.64885,-66.08918,115.02313,239.16502,159.06952,112.839516,276.2966,-61.362747,122.552864,263.0951,165.77327,43.228878,273.34653,-93.45261,56.36088,266.00348,137.98119
FLIPPED Yoga-Poses_5_Wheel-768x512.jpg,518.6553,302.56607,49.609207,528.44824,309.2152,30.446514,528.8314,311.29532,30.442715,529.3463,313.68588,30.367523,528.7262,307.0905,63.777206,529.2461,307.57217,63.8371,529.8124,308.20526,63.801315,527.1046,331.38858,-22.494217,526.40894,324.79584,129.31866,508.74875,306.60474,33.869427,509.2212,303.9778,77.55759,468.57193,355.8206,-124.89045,461.57217,320.56998,221.99072,378.3515,380.0819,-161.06567,374.51978,342.4931,275.38882,304.36792,370.25812,-155.94481,307.65033,344.59555,260.79642,284.93372,366.18582,-182.73834,289.73093,344.5923,268.33972,287.4278,356.6861,-171.47162,290.10565,341.9249,245.4512,294.125,356.7419,-148.93916,296.41064,342.104,249.24182,310.98657,282.32745,-113.52602,319.45654,266.34134,113.31012,165.34746,222.41936,-177.92426,179.85567,220.08115,91.77502,155.75252,352.89606,-41.12349,170.06178,334.77042,239.03723,172.14095,372.53537,-28.458672,181.16956,353.9676,253.62961,99.69193,383.5748,-45.41414,125.24105,351.17407,239.57666
FLIPPED barbell-glute-bridge-1296x728-header.jpg,897.7406,280.7437,136.75806,920.3436,273.49518,102.24422,923.4116,275.97314,102.20934,927.1352,279.02164,101.9309,917.7058,271.41885,154.68805,918.4537,272.34738,154.8966,919.5061,273.53018,154.80853,949.1382,310.82764,29.243849,941.3118,303.35608,263.16632,891.63403,304.7478,113.2159,888.70795,300.94162,181.07742,899.8205,426.8275,-107.0715,841.0587,379.71558,382.7873,734.99756,524.28925,-104.318855,677.82,408.0733,365.80124,628.86237,400.2563,42.91263,608.5709,364.7012,127.19492,604.45496,371.60303,29.901869,577.59894,358.40158,94.1548,621.86664,356.88397,49.080784,589.5171,348.02042,64.71636,629.5215,366.96475,60.226547,601.67694,355.07184,105.00012,573.6939,469.2976,-154.399,564.9318,427.96436,153.86192,333.25024,226.24368,-188.52184,428.99448,170.81146,164.65088,184.83728,486.1419,-142.67218,358.60123,380.0409,255.5733,190.09721,536.3199,-126.93084,374.8186,429.34738,262.4217,49.98548,521.2116,-127.720924,265.88678,414.69244,235.43457
FLIPPED bridge-1.jpg,565.178,245.81052,38.326714,577.2211,252.29663,15.971675,577.3104,254.88016,16.015879,577.6659,257.54575,15.976752,577.3071,250.16344,48.7719,577.5379,250.97894,48.809956,577.826,252.08539,48.776806,576.34406,277.2438,-38.099113,575.92975,270.96155,109.54494,553.1616,253.32028,23.624636,552.8913,250.45482,66.05897,509.89856,298.50977,-114.23998,498.8202,275.29672,194.95903,402.03333,314.53705,-120.687386,398.60098,286.58344,250.90388,296.9075,317.50024,-106.27244,310.02252,283.97406,251.73611,265.5996,323.56506,-127.91777,285.99072,284.16656,256.66898,262.27658,317.65363,-120.185265,281.90237,287.02188,232.98024,274.80392,312.89444,-100.751595,290.80496,288.089,240.54692,330.5421,202.72734,-105.33653,332.78467,190.00874,105.10381,164.2462,128.50815,-158.32149,180.53606,125.33781,79.26569,136.44943,281.28714,-63.604485,154.37071,265.48532,192.28494,141.66402,305.68668,-56.004776,162.66753,287.53265,201.3073,59.70349,310.92474,-82.39518,82.33191,284.72964,168.728
FLIPPED bridge-2.jpg,565.178,245.81052,38.326714,577.2211,252.29663,15.971675,577.3104,254.88016,16.015879,577.6659,257.54575,15.976752,577.3071,250.16344,48.7719,577.5379,250.97894,48.809956,577.826,252.08539,48.776806,576.34406,277.2438,-38.099113,575.92975,270.96155,109.54494,553.1616,253.32028,23.624636,552.8913,250.45482,66.05897,509.89856,298.50977,-114.23998,498.8202,275.29672,194.95903,402.03333,314.53705,-120.687386,398.60098,286.58344,250.90388,296.9075,317.50024,-106.27244,310.02252,283.97406,251.73611,265.5996,323.56506,-127.91777,285.99072,284.16656,256.66898,262.27658,317.65363,-120.185265,281.90237,287.02188,232.98024,274.80392,312.89444,-100.751595,290.80496,288.089,240.54692,330.5421,202.72734,-105.33653,332.78467,190.00874,105.10381,164.2462,128.50815,-158.32149,180.53606,125.33781,79.26569,136.44943,281.28714,-63.604485,154.37071,265.48532,192.28494,141.66402,305.68668,-56.004776,162.66753,287.53265,201.3073,59.70349,310.92474,-82.39518,82.33191,284.72964,168.728
FLIPPED bridge-pose-for-hip-stability-569aae21a7fc08d4d80e93f210b68171.jpg,919.0075,823.2424,-21.55598,869.89465,843.62695,34.65837,869.83044,846.1289,34.2809,869.7923,849.3503,34.17958,866.11566,860.9737,-110.45522,864.14276,874.82855,-110.54607,861.9922,890.926,-110.95114,892.16364,929.6767,350.81827,880.6977,977.11414,-311.65515,984.8819,846.3045,109.77993,980.4443,867.1689,-81.157166,1203.8124,926.7857,706.5867,1179.3331,1141.5461,-641.5552,1602.3804,931.64795,983.14685,1601.7097,1255.0985,-868.82733,1942.7314,872.696,982.285,2006.6833,1294.8253,-1048.702,2028.5328,858.33777,1028.2728,2147.223,1326.7609,-1153.7749,2078.4385,858.3899,898.28986,2155.2817,1292.0062,-1133.0988,2037.8287,875.4349,923.0289,2113.2712,1270.951,-1032.9683,1873.6053,566.42065,433.30756,1900.7323,684.80237,-432.5937,2375.7332,362.52823,189.18103,2463.111,458.45963,-590.47876,2451.1218,925.3607,887.2218,2531.0464,1080.7041,-82.10085,2402.4578,1025.2628,952.66376,2488.5212,1188.786,-33.851105,2700.3623,1024.0525,917.749,2795.2305,1156.1584,-130.0517
FLIPPED bridge-pose-with-a-block-squeeze-5bdf4857478c7a59a5f49849f6480644.jpg,827.64795,1078.8683,-100.02523,783.43536,1088.667,-51.686035,783.7379,1088.6543,-52.060066,784.1074,1089.457,-52.19039,778.16925,1108.0197,-185.858,774.29004,1122.8064,-185.92064,770.09454,1139.8031,-186.35995,804.474,1163.487,244.44334,783.00916,1232.2242,-367.1609,886.4006,1101.0934,26.809595,882.0961,1124.2485,-149.8336,1079.7908,1171.3689,607.13116,1070.3795,1393.9012,-660.8257,1460.7079,1185.9917,915.6995,1501.3369,1483.3573,-848.2357,1765.7118,1118.068,980.87067,1932.1312,1531.2766,-990.6457,1870.801,1099.8923,1034.396,2057.3489,1565.1287,-1090.9009,1881.926,1098.4275,906.2408,2067.9497,1530.8743,-1074.1342,1846.9816,1114.8245,925.08154,2031.7603,1512.8239,-977.1544,1774.1305,838.04614,393.46075,1823.9318,953.62067,-392.43237,2269.9326,618.0618,200.13597,2381.7,684.3336,-588.4549,2363.2227,1166.1337,934.3383,2410.8467,1264.8024,3.3055847,2307.6694,1263.9263,1006.7024,2363.894,1361.6387,64.440186,2614.0808,1257.3555,1021.0143,2677.3677,1352.3711,27.301716
FLIPPED depositphotos_365771756-stock-photo-young-woman-doing-sport-workout.jpg,452.07907,109.32962,131.51447,460.84793,114.106964,142.09267,462.35648,117.48522,142.0572,464.00342,120.91429,141.88734,456.56332,107.01183,154.05148,455.27695,105.76217,154.21451,453.8844,104.342926,154.28447,464.8452,133.9087,194.47003,450.69705,109.91895,250.93687,448.01904,119.27276,149.67464,442.72845,109.53844,165.91963,448.8552,166.65904,149.96431,402.04825,118.01572,264.92355,399.8696,216.38043,96.23961,335.4969,142.26878,260.67258,335.97812,248.52483,24.53444,285.90652,156.34811,214.36192,315.75543,269.9529,7.5161433,269.80933,161.44722,197.47769,312.99335,262.40057,6.206085,272.53305,162.14578,187.80386,319.3641,251.34955,23.866852,277.95627,162.6333,207.66066,342.57452,151.56978,-39.936672,302.30783,120.03119,39.590523,257.7108,118.20706,-202.98282,199.18373,54.073322,-93.63699,215.42703,224.98927,-129.02078,183.78618,167.5254,5.080518,223.14342,245.87164,-115.96106,191.19771,181.33237,16.590754,164.0567,237.47975,-148.52374,120.473656,192.63031,-3.9637525
FLIPPED floor-bridge.jpg,154.4021,301.2187,59.774807,139.78223,314.62076,79.67056,139.4431,316.39832,79.58619,139.15343,318.5068,79.57749,140.25012,317.0699,23.02233,140.28928,320.5133,22.980417,140.54712,324.34534,22.814333,150.29398,341.53024,186.17558,152.29434,348.92038,-68.89305,173.76872,304.57635,105.543526,175.04167,308.29608,32.109673,257.5792,346.09595,333.50143,242.10573,388.8519,-220.0927,394.42886,387.56372,398.3716,381.86493,429.81665,-332.21475,523.86725,372.01953,322.77524,516.82513,453.56512,-405.0696,558.0428,376.49396,322.1908,555.33026,473.31842,-454.0708,561.047,375.9126,278.58887,561.8426,465.0868,-441.0565,550.0771,373.0246,299.95105,551.1307,455.81033,-397.47418,504.85385,274.14105,174.22098,505.399,295.4967,-174.04852,709.32855,161.6033,138.5697,708.8764,173.75607,-247.0709,778.75134,372.15668,289.608,794.9797,386.39603,-116.60048,768.02954,410.68204,301.11526,779.5262,423.18106,-102.40702,876.2194,417.14667,271.17206,907.4917,433.68268,-135.18564
FLIPPED glute-bridge-exercises.jpg,636.076,268.64975,38.067223,650.06805,278.14746,18.416924,650.02014,281.5127,18.445396,650.28784,285.2378,18.331352,650.35016,274.09268,53.67478,650.53796,274.33258,53.746796,650.7977,274.9871,53.792522,644.54016,306.8287,-35.67141,645.9492,298.41193,126.41357,621.51337,275.5636,22.296106,621.82196,271.3003,68.51794,562.3151,329.98245,-117.568245,561.72015,301.36356,195.54156,425.43115,346.6963,-133.76598,431.62103,329.68695,227.09845,305.0363,351.16452,-135.36269,321.40842,335.40167,228.21945,268.56073,357.00073,-160.70494,292.47797,335.67505,231.0389,264.5623,353.3952,-151.64929,289.0295,328.1171,209.86072,277.72913,349.74048,-130.20486,295.54324,335.51764,216.90231,381.78043,194.78998,-105.01196,394.37958,179.19536,104.740425,168.82675,117.31647,-215.2152,196.45164,122.72395,48.093567,175.59612,320.00098,-60.052555,182.92311,301.26828,209.17606,191.82622,346.04947,-44.240734,190.48865,319.79697,224.63525,91.15893,353.69946,-69.794075,112.01535,328.27716,181.43193
FLIPPED hip-bridge.jpg,739.0119,243.71481,53.890255,754.05493,253.1607,26.94069,754.1484,256.40778,26.999039,754.4442,259.92096,26.952635,754.2527,250.0932,69.945114,754.47723,251.0644,70.019066,754.9808,252.43169,69.94244,749.9921,288.80765,-39.309853,750.85956,283.00815,152.0881,722.56647,253.18875,34.503624,722.88153,249.05292,89.74339,651.82117,315.6729,-154.36415,639.2472,280.3899,268.18204,502.1665,336.10522,-166.80037,507.66904,291.92493,322.10275,358.67227,345.855,-144.2309,378.1041,301.81702,306.70618,317.23065,356.07196,-177.07895,350.3564,302.7299,312.23468,314.33694,346.53705,-166.84573,344.88788,304.97537,279.24734,329.74274,339.68262,-136.90767,358.20044,308.30115,290.53244,405.2135,205.35222,-137.46149,409.77863,188.54265,137.21147,202.2928,88.54685,-250.36728,215.57056,82.288635,93.20532,197.02931,309.92383,-50.46548,200.31487,283.58102,260.92303,212.30974,341.1668,-33.01537,212.69324,301.19183,274.4165,98.33861,341.998,-45.550842,114.77858,312.06305,237.96477
FLIPPED muscles_releve_de_bassin_EN-01.jpg,206.94937,333.72308,56.006836,196.6549,338.89154,66.75365,196.52713,339.89413,66.72828,196.35818,341.0635,66.73468,196.25763,340.54565,34.78056,195.71446,342.7625,34.758053,195.08946,345.14584,34.662334,199.84138,354.9267,128.28369,197.96985,361.21674,-17.654701,216.93182,337.77762,82.60132,216.27248,340.09375,40.517822,259.96454,356.23904,213.87305,243.99281,381.2386,-113.81687,346.2277,364.32498,259.76117,335.36182,397.54672,-197.8816,415.61395,366.9448,223.54196,413.6296,409.9619,-266.54077,435.7449,366.2733,228.02289,439.92932,416.71564,-297.16388,440.28952,368.8325,199.31145,441.66144,411.7233,-291.10968,431.80682,368.48273,209.44731,433.10327,407.44635,-262.9232,396.96234,303.51086,106.53965,396.34033,313.60092,-106.50254,513.8343,244.86456,71.03686,515.4728,248.98903,-178.66064,556.88214,359.18045,172.30576,560.355,375.28915,-58.55135,551.54297,382.8401,180.98247,553.7822,396.75943,-45.132698,611.2702,376.89005,166.9005,620.22186,395.26474,-54.483803
FLIPPED opener-bridge-1483666532.jpg,247.15924,456.64035,29.82513,231.89313,464.39087,44.110577,231.78983,465.6317,44.001545,231.75386,467.12952,43.963608,230.94913,467.4975,5.5649242,230.28787,471.21585,5.55344,229.66939,475.4468,5.4235,237.62086,489.4247,124.829506,234.889,498.41855,-49.46309,264.11172,462.1124,64.36249,263.71948,465.70087,14.085796,331.6016,477.84946,212.65143,320.77664,530.8234,-147.63708,465.75992,493.50253,282.27,463.0979,552.88165,-186.7406,565.4929,487.26413,280.58865,588.90704,549.2349,-203.71928,593.8166,483.48328,282.71353,621.2015,558.09186,-228.80623,597.4935,489.76425,254.4581,623.09784,549.98486,-229.97472,587.836,490.22345,266.944,613.19354,542.96643,-201.17993,539.5892,382.09256,118.48803,548.01575,411.08188,-118.26161,690.08356,263.6771,45.97621,697.6082,273.358,-196.92833,725.559,441.4548,205.7742,742.37524,462.8811,-61.079155,713.54114,475.41125,220.50201,732.03595,498.46503,-44.872147,806.6527,453.2922,218.12364,838.91046,474.7558,-44.88101
FLIPPED v5yonpPwiN3BpWZKSBUYCX.jpg,144.09212,384.82968,130.05286,131.35832,397.6341,141.90729,131.72441,399.483,141.81383,132.07397,401.5898,141.77228,130.04059,399.65817,107.04088,129.40028,402.85062,107.066635,128.75629,406.52155,106.99017,139.75769,420.3394,203.97562,134.80151,425.69434,44.27599,160.21759,388.34735,156.68956,158.34583,390.75635,110.77104,239.3573,418.70502,274.28235,198.70998,455.9941,-84.661354,378.2196,436.72424,303.56403,328.04874,483.1688,-178.24646,530.91693,447.19577,283.09,465.35553,489.52237,-252.34982,567.63495,458.65558,281.12662,515.6745,499.53818,-282.90417,569.34296,458.8411,251.07416,523.0894,492.58432,-279.81403,553.67596,456.09088,267.6789,507.9798,485.59296,-249.22464,459.71234,340.94138,122.52235,443.76846,347.12485,-122.39527,653.5785,199.74458,59.347828,645.7393,199.70259,-203.12317,746.55865,401.6706,122.76855,745.6888,420.4216,-146.87085,739.41327,450.591,125.55199,733.6234,469.60693,-137.99594,847.2694,430.14563,103.09566,852.6017,457.74167,-150.05261
FLIPPED woman-practicing-yoga-doing-glute-bridge-exercise-royalty-free-image-1644350994.jpg,277.59378,334.1763,224.10797,262.7409,343.6022,246.18304,262.87427,344.98682,246.09253,262.98645,346.6913,246.02542,259.84616,348.1637,210.50203,257.89954,352.61588,210.49365,256.0379,357.49478,210.36238,266.12717,371.48297,340.31873,258.73972,381.9037,176.36143,293.18594,341.03534,260.19113,291.0082,344.93448,212.82259,367.1409,367.48676,384.91583,315.0558,421.4604,44.255157,511.9533,381.91483,421.05283,449.38715,460.1592,-62.830997,639.3627,396.79352,372.58258,576.0155,483.4259,-160.08421,689.989,416.45435,368.53287,620.0743,497.1628,-176.41646,690.8567,417.58273,338.798,628.2799,486.37207,-174.24846,672.2077,411.69635,356.1588,619.02295,475.30432,-155.43597,601.8779,305.18048,118.703674,566.9299,330.6033,-118.80776,807.5935,193.63779,-20.93356,802.254,228.73514,-180.4485,878.19183,404.39865,25.034618,897.16986,456.3375,-259.62967,876.228,444.40952,27.404526,888.28827,485.8199,-264.3442,958.62665,448.58893,6.3437333,1021.9541,510.9039,-303.8906
FLIPPED woman_doing_glute_bridges_at_home_1296x728-header-1296x729.jpg,721.27167,315.76816,183.77214,736.7538,322.98047,166.09518,737.98804,326.3304,166.12799,739.3257,329.84042,166.02988,734.7289,318.05917,207.928,734.5211,317.8135,208.03787,734.2398,317.50156,207.95256,740.3425,352.3927,122.75249,734.8821,334.17935,312.0606,711.171,323.37692,172.56102,710.9951,317.82855,227.05768,684.75653,392.363,-14.060753,656.5925,340.95303,428.7577,561.9828,427.71902,-84.02275,522.61707,361.4004,490.05743,458.1393,447.29327,-134.95834,421.70526,375.5346,481.92303,422.1952,465.78296,-171.00842,392.98468,378.47964,496.93484,416.75958,457.78308,-158.88112,387.54453,385.05225,474.3693,425.9632,451.21042,-128.49954,399.18637,384.85944,471.20535,485.47092,335.43115,-142.50612,468.7709,308.6027,142.14314,303.879,236.5882,-241.37291,299.19348,212.46417,72.188866,290.37836,428.13654,-100.036766,282.33347,377.9548,238.80104,302.29947,452.5041,-86.04583,287.4448,407.82623,255.36424,212.00984,463.08862,-116.32282,214.21382,411.39487,219.82147
FLIPPED yoga_bridge_pose_woman_44578952_ML.jpg,570.812,580.0677,-95.28718,547.66833,586.6187,-79.46847,546.68494,587.21136,-79.59788,545.68176,588.20526,-79.63037,548.5738,593.2366,-136.8382,548.2966,598.974,-136.91335,548.17957,605.9279,-137.03683,552.17896,626.8701,32.71234,554.5953,645.7645,-231.84866,597.13074,587.76764,-44.719803,599.0263,596.1062,-120.1784,670.16504,629.8778,188.21498,685.43005,690.896,-349.6071,858.3649,639.8525,312.15048,898.5328,714.32367,-356.9168,1029.733,654.04987,390.25586,1101.9807,713.5925,-327.0034,1072.8854,658.1372,423.71527,1163.8079,720.59845,-355.35538,1077.4232,659.28076,378.23837,1160.4675,711.6054,-340.84842,1062.8007,661.16235,371.77634,1137.6403,708.20074,-316.87775,968.475,436.77518,177.21103,999.1681,465.0598,-176.72841,1234.8466,361.1135,176.67567,1296.2352,368.31168,-295.00278,1173.3542,632.91016,377.8914,1196.5354,673.4068,-44.516293,1128.4783,678.9525,400.28214,1176.921,716.39465,-16.511787,1259.8667,678.2491,474.84048,1317.7429,720.3339,38.096363
Fitness_Glute_Bridge_1663860317099_1663860325034_1663860325034.jpg,248.28362,483.33212,4.1226807,227.41899,491.40033,21.528114,227.34465,492.72952,21.435009,227.24307,494.50397,21.34666,227.21658,495.1958,-28.1324,226.91048,499.2649,-28.12803,226.41856,504.31714,-28.167938,234.70341,525.90906,124.08497,232.39961,537.2986,-104.60534,272.356,491.7171,49.899464,272.1595,495.98898,-14.748075,372.26736,530.15936,255.79068,361.21024,574.80646,-222.03525,563.5773,574.799,335.77847,564.79443,604.363,-235.47992,737.0171,580.7498,342.3833,750.73474,602.09595,-165.7394,775.30444,580.99664,352.73965,804.0812,610.2587,-186.4055,782.62256,583.97675,320.5162,814.8271,605.3644,-179.13896,769.16455,582.15985,324.90613,798.7367,600.7377,-158.55875,635.958,354.8932,167.37276,639.61304,364.40723,-167.1371,925.32635,308.12643,137.46873,947.3807,301.43362,-253.47781,880.548,559.72705,320.58133,885.4872,578.59534,-61.748333,853.23114,595.84174,340.23828,862.287,606.07294,-38.027775,985.5293,599.4994,395.82495,1001.38556,617.52625,3.572122
GRT_Bridge_Pose_Yoga-1296x728-HEader.jpg,848.8661,416.74744,31.630583,864.53595,427.16428,4.3308167,864.73376,430.05624,4.3811736,865.1537,433.28128,4.3014855,864.6809,423.74268,49.666668,864.72284,424.43283,49.75464,864.86847,425.22946,49.791397,860.5372,459.97336,-68.711395,859.6752,451.49265,138.06053,832.08777,424.65607,10.403484,831.52057,420.55527,69.656456,767.27576,495.82883,-175.04475,759.1936,462.40463,242.26167,621.7153,515.64484,-203.19829,623.16113,471.42133,297.90436,485.36362,515.5426,-204.32448,496.90356,480.7165,272.86636,450.10986,521.7634,-239.73447,461.75467,480.30502,275.24435,439.3983,513.1363,-228.83366,451.6893,482.19696,247.08237,453.83008,510.65512,-197.99805,468.04092,483.6317,258.09247,552.7635,348.38654,-141.03491,559.8623,330.11624,140.6744,346.31445,266.01636,-212.17482,363.99133,264.08975,106.2062,289.6836,473.7298,-91.63325,310.90295,455.80893,259.04907,295.0238,511.14255,-82.28351,315.11804,478.48987,272.07794,191.27,506.01456,-143.4201,230.93999,484.47464,211.2215
Glute-Bridge-1280x720.jpg,253.09406,401.87125,78.188034,234.3675,418.13403,99.45014,234.67018,420.66702,99.27321,235.09448,423.61926,99.17958,235.39883,420.0383,35.563152,236.2902,423.7238,35.642456,237.24078,427.83426,35.492527,252.35303,454.24518,207.38716,253.13098,460.99915,-76.38629,280.6868,406.4983,125.39639,281.11273,410.1487,43.941692,394.69946,451.26038,366.14377,387.99985,497.13696,-271.2009,582.13513,482.77222,445.67966,581.0167,527.11224,-333.0929,744.36145,494.96524,416.69006,786.21326,544.41296,-325.0458,788.6564,499.64307,415.6762,851.3375,559.30927,-366.5814,814.8981,495.74115,377.04114,858.89954,551.3654,-366.48743,781.336,499.76215,394.78607,836.0309,543.1391,-320.98383,704.24756,356.25494,208.48946,715.91925,384.10095,-208.06381,945.87463,194.19275,152.13239,965.6433,185.85709,-309.34406,985.7302,454.69424,376.06082,1000.96075,482.9859,-92.55533,962.47504,498.41425,397.49475,978.33374,518.02014,-63.27355,1075.657,508.37808,424.11374,1134.2761,538.5663,-10.116391
Glute-Bridge-STACK.jpg,136.08122,194.64326,50.444286,125.24048,200.71109,64.14096,125.3598,201.74365,64.088844,125.41553,202.97893,64.065674,125.125175,202.5443,27.547005,125.07177,204.84459,27.52931,124.910446,207.61081,27.419704,132.12538,220.89601,136.61488,130.95483,226.20564,-28.330078,149.04535,199.01364,81.389336,149.16628,201.81966,34.06963,203.16782,220.97487,233.68953,196.96121,247.64905,-137.86557,295.08694,237.74942,285.91983,293.65347,263.08835,-218.1929,375.1351,241.54065,255.03302,384.73294,264.19943,-269.9145,400.7856,244.36993,260.9082,412.87183,271.20175,-298.98093,407.37863,249.92244,233.17787,415.0077,267.08292,-290.81683,394.25845,243.62653,240.73883,406.53485,262.80753,-264.94754,362.65417,152.54813,121.99563,367.55075,163.69926,-121.916084,502.90988,91.725914,91.86116,514.12103,95.41299,-186.12003,501.62296,236.76852,221.16444,505.67792,248.11009,-39.788696,489.42337,262.6115,234.2396,495.96515,272.69003,-22.123283,562.52405,262.4986,241.51347,574.3535,273.26697,-5.071853
Glute-Bridge.jpg,129.30786,220.3247,36.12673,118.83986,228.15485,46.57091,118.863846,229.44598,46.484642,118.94192,230.92203,46.441017,119.28745,229.10965,16.155102,119.57569,230.94049,16.196636,119.90723,233.06529,16.140537,125.98286,246.10689,99.30505,126.41037,250.11003,-35.9805,143.18143,223.9387,59.10229,143.39206,226.08519,20.260414,197.4901,245.91069,174.72578,193.15878,268.64664,-129.63174,292.37283,261.03433,210.67473,293.0629,281.9875,-155.75061,374.12616,268.50534,198.7941,397.28528,290.80566,-150.57492,397.28986,271.57196,197.82053,427.87155,299.02612,-170.2996,401.944,273.43536,179.71725,432.23022,295.83347,-171.0013,392.8268,271.5276,188.44643,421.41434,291.62183,-148.87056,352.3847,197.44728,99.24657,358.70407,212.21643,-99.060486,472.01355,114.00337,71.703354,483.86676,113.3138,-153.85303,489.55002,243.6193,178.11064,500.5677,260.6985,-52.847958,476.62616,266.4506,188.31421,487.48517,278.45752,-38.88768,535.4581,275.42682,204.10742,566.99976,287.9474,-10.758413
Glute_Bridge_2400x.jpg,1702.0148,916.2178,106.22074,1726.7668,934.9636,52.99891,1727.0874,939.2595,53.087227,1727.7172,944.0728,53.052868,1726.4298,932.16693,139.0379,1726.328,934.4949,139.09073,1726.3281,937.03845,138.98367,1716.234,988.12305,-87.97465,1715.5062,977.32733,294.72205,1674.7318,927.10754,63.80054,1673.9503,923.1669,174.08556,1572.5675,1040.5099,-328.84677,1537.1829,982.4953,521.9818,1337.2327,1083.6895,-461.51413,1312.9294,998.96954,657.43146,1104.1696,1103.9667,-549.69037,1122.9318,998.8178,617.4214,1033.402,1116.3568,-626.5164,1062.0477,996.2391,624.93243,1026.1099,1095.3207,-602.82495,1051.8792,1005.6343,565.14716,1048.9745,1084.8534,-536.9042,1074.417,1006.5735,587.2897,1157.784,828.3664,-271.2641,1157.08,790.6558,270.78195,814.39667,690.0363,-354.88324,824.91003,660.10297,127.32138,659.9314,1024.2333,-198.33202,687.3943,959.1032,417.89954,682.8368,1081.1643,-189.19202,698.6156,1027.2819,440.15808,493.604,1049.9012,-325.34268,534.60223,1001.2518,340.809
IMG_4825.JPG,437.32794,1933.718,-1151.3516,403.63043,1950.2435,-1087.1501,399.29123,1948.244,-1087.1421,394.95972,1946.51,-1087.3434,415.39905,1967.4463,-1198.1377,420.27728,1979.6774,-1198.5906,426.00763,1994.2705,-1198.7524,407.23343,1982.5559,-677.098,450.77063,2060.8794,-1182.2478,463.60712,1920.9801,-982.5211,476.38245,1941.9028,-1129.1888,502.7312,1916.9138,-135.23459,714.14764,2101.4553,-1181.2651,706.4572,1859.0753,471.73685,968.37,2060.3777,-977.8199,863.2381,1733.3782,845.00323,1238.2195,1996.5494,-644.34674,897.91113,1672.2773,968.38904,1320.2562,2004.5933,-639.03284,897.5853,1663.2607,889.11664,1316.8406,1984.7094,-651.5267,890.5478,1683.4045,823.619,1292.4922,1977.3384,-632.1416,897.0702,1553.446,344.31256,1034.4922,1643.5731,-344.85532,1090.4996,1303.8223,745.9099,1381.7987,1418.9958,-377.86353,1177.1122,1619.9513,1718.1299,1450.0582,1749.5768,540.40967,1156.3707,1680.6395,1831.4138,1431.569,1838.6282,648.34827,1291.0889,1622.1256,2060.3196,1593.059,1712.964,758.2954
IMG_4826 copy 10.png,426.6534,1743.1234,-397.11502,399.57578,1758.2601,-387.10605,398.55783,1760.2476,-387.0899,397.67593,1762.37,-387.1267,401.7938,1761.3623,-456.6372,402.33185,1765.6691,-456.7653,403.09607,1770.3767,-457.03665,411.8968,1805.6958,-270.79926,420.805,1818.6123,-588.14813,455.87634,1747.5261,-341.87497,458.5541,1753.041,-433.09116,526.41956,1821.7592,-70.81109,615.09735,1860.1534,-626.4952,674.88007,1782.4736,293.9228,845.1437,1876.5277,-632.8573,761.85864,1724.5762,609.8427,1043.3165,1859.2596,-565.78375,787.4801,1706.5365,679.72473,1109.3611,1868.1298,-578.28094,784.44104,1703.5226,650.3218,1111.0073,1846.1482,-602.661,779.6413,1710.152,604.47015,1086.6992,1840.2654,-571.1813,858.7376,1563.6215,184.43158,924.9982,1598.5876,-184.1655,1036.0258,1447.9526,322.96704,1184.4033,1453.0974,-116.0548,1208.4161,1656.7485,631.0402,1327.0386,1714.0459,214.29251,1213.9333,1698.5089,659.5304,1327.8589,1778.424,248.75308,1278.9923,1663.0326,694.51904,1413.2932,1666.6464,254.88112
IMG_4826 copy 11.png,426.6534,1743.1234,-397.11502,399.57578,1758.2601,-387.10605,398.55783,1760.2476,-387.0899,397.67593,1762.37,-387.1267,401.7938,1761.3623,-456.6372,402.33185,1765.6691,-456.7653,403.09607,1770.3767,-457.03665,411.8968,1805.6958,-270.79926,420.805,1818.6123,-588.14813,455.87634,1747.5261,-341.87497,458.5541,1753.041,-433.09116,526.41956,1821.7592,-70.81109,615.09735,1860.1534,-626.4952,674.88007,1782.4736,293.9228,845.1437,1876.5277,-632.8573,761.85864,1724.5762,609.8427,1043.3165,1859.2596,-565.78375,787.4801,1706.5365,679.72473,1109.3611,1868.1298,-578.28094,784.44104,1703.5226,650.3218,1111.0073,1846.1482,-602.661,779.6413,1710.152,604.47015,1086.6992,1840.2654,-571.1813,858.7376,1563.6215,184.43158,924.9982,1598.5876,-184.1655,1036.0258,1447.9526,322.96704,1184.4033,1453.0974,-116.0548,1208.4161,1656.7485,631.0402,1327.0386,1714.0459,214.29251,1213.9333,1698.5089,659.5304,1327.8589,1778.424,248.75308,1278.9923,1663.0326,694.51904,1413.2932,1666.6464,254.88112
IMG_4826 copy 12.png,426.6534,1743.1234,-397.11502,399.57578,1758.2601,-387.10605,398.55783,1760.2476,-387.0899,397.67593,1762.37,-387.1267,401.7938,1761.3623,-456.6372,402.33185,1765.6691,-456.7653,403.09607,1770.3767,-457.03665,411.8968,1805.6958,-270.79926,420.805,1818.6123,-588.14813,455.87634,1747.5261,-341.87497,458.5541,1753.041,-433.09116,526.41956,1821.7592,-70.81109,615.09735,1860.1534,-626.4952,674.88007,1782.4736,293.9228,845.1437,1876.5277,-632.8573,761.85864,1724.5762,609.8427,1043.3165,1859.2596,-565.78375,787.4801,1706.5365,679.72473,1109.3611,1868.1298,-578.28094,784.44104,1703.5226,650.3218,1111.0073,1846.1482,-602.661,779.6413,1710.152,604.47015,1086.6992,1840.2654,-571.1813,858.7376,1563.6215,184.43158,924.9982,1598.5876,-184.1655,1036.0258,1447.9526,322.96704,1184.4033,1453.0974,-116.0548,1208.4161,1656.7485,631.0402,1327.0386,1714.0459,214.29251,1213.9333,1698.5089,659.5304,1327.8589,1778.424,248.75308,1278.9923,1663.0326,694.51904,1413.2932,1666.6464,254.88112
IMG_4826 copy 13.png,426.6534,1743.1234,-397.11502,399.57578,1758.2601,-387.10605,398.55783,1760.2476,-387.0899,397.67593,1762.37,-387.1267,401.7938,1761.3623,-456.6372,402.33185,1765.6691,-456.7653,403.09607,1770.3767,-457.03665,411.8968,1805.6958,-270.79926,420.805,1818.6123,-588.14813,455.87634,1747.5261,-341.87497,458.5541,1753.041,-433.09116,526.41956,1821.7592,-70.81109,615.09735,1860.1534,-626.4952,674.88007,1782.4736,293.9228,845.1437,1876.5277,-632.8573,761.85864,1724.5762,609.8427,1043.3165,1859.2596,-565.78375,787.4801,1706.5365,679.72473,1109.3611,1868.1298,-578.28094,784.44104,1703.5226,650.3218,1111.0073,1846.1482,-602.661,779.6413,1710.152,604.47015,1086.6992,1840.2654,-571.1813,858.7376,1563.6215,184.43158,924.9982,1598.5876,-184.1655,1036.0258,1447.9526,322.96704,1184.4033,1453.0974,-116.0548,1208.4161,1656.7485,631.0402,1327.0386,1714.0459,214.29251,1213.9333,1698.5089,659.5304,1327.8589,1778.424,248.75308,1278.9923,1663.0326,694.51904,1413.2932,1666.6464,254.88112
IMG_4826 copy 14.png,426.6534,1743.1234,-397.11502,399.57578,1758.2601,-387.10605,398.55783,1760.2476,-387.0899,397.67593,1762.37,-387.1267,401.7938,1761.3623,-456.6372,402.33185,1765.6691,-456.7653,403.09607,1770.3767,-457.03665,411.8968,1805.6958,-270.79926,420.805,1818.6123,-588.14813,455.87634,1747.5261,-341.87497,458.5541,1753.041,-433.09116,526.41956,1821.7592,-70.81109,615.09735,1860.1534,-626.4952,674.88007,1782.4736,293.9228,845.1437,1876.5277,-632.8573,761.85864,1724.5762,609.8427,1043.3165,1859.2596,-565.78375,787.4801,1706.5365,679.72473,1109.3611,1868.1298,-578.28094,784.44104,1703.5226,650.3218,1111.0073,1846.1482,-602.661,779.6413,1710.152,604.47015,1086.6992,1840.2654,-571.1813,858.7376,1563.6215,184.43158,924.9982,1598.5876,-184.1655,1036.0258,1447.9526,322.96704,1184.4033,1453.0974,-116.0548,1208.4161,1656.7485,631.0402,1327.0386,1714.0459,214.29251,1213.9333,1698.5089,659.5304,1327.8589,1778.424,248.75308,1278.9923,1663.0326,694.51904,1413.2932,1666.6464,254.88112
IMG_4826 copy 15.png,426.6534,1743.1234,-397.11502,399.57578,1758.2601,-387.10605,398.55783,1760.2476,-387.0899,397.67593,1762.37,-387.1267,401.7938,1761.3623,-456.6372,402.33185,1765.6691,-456.7653,403.09607,1770.3767,-457.03665,411.8968,1805.6958,-270.79926,420.805,1818.6123,-588.14813,455.87634,1747.5261,-341.87497,458.5541,1753.041,-433.09116,526.41956,1821.7592,-70.81109,615.09735,1860.1534,-626.4952,674.88007,1782.4736,293.9228,845.1437,1876.5277,-632.8573,761.85864,1724.5762,609.8427,1043.3165,1859.2596,-565.78375,787.4801,1706.5365,679.72473,1109.3611,1868.1298,-578.28094,784.44104,1703.5226,650.3218,1111.0073,1846.1482,-602.661,779.6413,1710.152,604.47015,1086.6992,1840.2654,-571.1813,858.7376,1563.6215,184.43158,924.9982,1598.5876,-184.1655,1036.0258,1447.9526,322.96704,1184.4033,1453.0974,-116.0548,1208.4161,1656.7485,631.0402,1327.0386,1714.0459,214.29251,1213.9333,1698.5089,659.5304,1327.8589,1778.424,248.75308,1278.9923,1663.0326,694.51904,1413.2932,1666.6464,254.88112
IMG_4826 copy 16.png,426.6534,1743.1234,-397.11502,399.57578,1758.2601,-387.10605,398.55783,1760.2476,-387.0899,397.67593,1762.37,-387.1267,401.7938,1761.3623,-456.6372,402.33185,1765.6691,-456.7653,403.09607,1770.3767,-457.03665,411.8968,1805.6958,-270.79926,420.805,1818.6123,-588.14813,455.87634,1747.5261,-341.87497,458.5541,1753.041,-433.09116,526.41956,1821.7592,-70.81109,615.09735,1860.1534,-626.4952,674.88007,1782.4736,293.9228,845.1437,1876.5277,-632.8573,761.85864,1724.5762,609.8427,1043.3165,1859.2596,-565.78375,787.4801,1706.5365,679.72473,1109.3611,1868.1298,-578.28094,784.44104,1703.5226,650.3218,1111.0073,1846.1482,-602.661,779.6413,1710.152,604.47015,1086.6992,1840.2654,-571.1813,858.7376,1563.6215,184.43158,924.9982,1598.5876,-184.1655,1036.0258,1447.9526,322.96704,1184.4033,1453.0974,-116.0548,1208.4161,1656.7485,631.0402,1327.0386,1714.0459,214.29251,1213.9333,1698.5089,659.5304,1327.8589,1778.424,248.75308,1278.9923,1663.0326,694.51904,1413.2932,1666.6464,254.88112
IMG_4826 copy 17.png,426.6534,1743.1234,-397.11502,399.57578,1758.2601,-387.10605,398.55783,1760.2476,-387.0899,397.67593,1762.37,-387.1267,401.7938,1761.3623,-456.6372,402.33185,1765.6691,-456.7653,403.09607,1770.3767,-457.03665,411.8968,1805.6958,-270.79926,420.805,1818.6123,-588.14813,455.87634,1747.5261,-341.87497,458.5541,1753.041,-433.09116,526.41956,1821.7592,-70.81109,615.09735,1860.1534,-626.4952,674.88007,1782.4736,293.9228,845.1437,1876.5277,-632.8573,761.85864,1724.5762,609.8427,1043.3165,1859.2596,-565.78375,787.4801,1706.5365,679.72473,1109.3611,1868.1298,-578.28094,784.44104,1703.5226,650.3218,1111.0073,1846.1482,-602.661,779.6413,1710.152,604.47015,1086.6992,1840.2654,-571.1813,858.7376,1563.6215,184.43158,924.9982,1598.5876,-184.1655,1036.0258,1447.9526,322.96704,1184.4033,1453.0974,-116.0548,1208.4161,1656.7485,631.0402,1327.0386,1714.0459,214.29251,1213.9333,1698.5089,659.5304,1327.8589,1778.424,248.75308,1278.9923,1663.0326,694.51904,1413.2932,1666.6464,254.88112
IMG_4826 copy 18.png,426.6534,1743.1234,-397.11502,399.57578,1758.2601,-387.10605,398.55783,1760.2476,-387.0899,397.67593,1762.37,-387.1267,401.7938,1761.3623,-456.6372,402.33185,1765.6691,-456.7653,403.09607,1770.3767,-457.03665,411.8968,1805.6958,-270.79926,420.805,1818.6123,-588.14813,455.87634,1747.5261,-341.87497,458.5541,1753.041,-433.09116,526.41956,1821.7592,-70.81109,615.09735,1860.1534,-626.4952,674.88007,1782.4736,293.9228,845.1437,1876.5277,-632.8573,761.85864,1724.5762,609.8427,1043.3165,1859.2596,-565.78375,787.4801,1706.5365,679.72473,1109.3611,1868.1298,-578.28094,784.44104,1703.5226,650.3218,1111.0073,1846.1482,-602.661,779.6413,1710.152,604.47015,1086.6992,1840.2654,-571.1813,858.7376,1563.6215,184.43158,924.9982,1598.5876,-184.1655,1036.0258,1447.9526,322.96704,1184.4033,1453.0974,-116.0548,1208.4161,1656.7485,631.0402,1327.0386,1714.0459,214.29251,1213.9333,1698.5089,659.5304,1327.8589,1778.424,248.75308,1278.9923,1663.0326,694.51904,1413.2932,1666.6464,254.88112
IMG_4826 copy 19.png,426.6534,1743.1234,-397.11502,399.57578,1758.2601,-387.10605,398.55783,1760.2476,-387.0899,397.67593,1762.37,-387.1267,401.7938,1761.3623,-456.6372,402.33185,1765.6691,-456.7653,403.09607,1770.3767,-457.03665,411.8968,1805.6958,-270.79926,420.805,1818.6123,-588.14813,455.87634,1747.5261,-341.87497,458.5541,1753.041,-433.09116,526.41956,1821.7592,-70.81109,615.09735,1860.1534,-626.4952,674.88007,1782.4736,293.9228,845.1437,1876.5277,-632.8573,761.85864,1724.5762,609.8427,1043.3165,1859.2596,-565.78375,787.4801,1706.5365,679.72473,1109.3611,1868.1298,-578.28094,784.44104,1703.5226,650.3218,1111.0073,1846.1482,-602.661,779.6413,1710.152,604.47015,1086.6992,1840.2654,-571.1813,858.7376,1563.6215,184.43158,924.9982,1598.5876,-184.1655,1036.0258,1447.9526,322.96704,1184.4033,1453.0974,-116.0548,1208.4161,1656.7485,631.0402,1327.0386,1714.0459,214.29251,1213.9333,1698.5089,659.5304,1327.8589,1778.424,248.75308,1278.9923,1663.0326,694.51904,1413.2932,1666.6464,254.88112
IMG_4826 copy 2.png,426.6534,1743.1234,-397.11502,399.57578,1758.2601,-387.10605,398.55783,1760.2476,-387.0899,397.67593,1762.37,-387.1267,401.7938,1761.3623,-456.6372,402.33185,1765.6691,-456.7653,403.09607,1770.3767,-457.03665,411.8968,1805.6958,-270.79926,420.805,1818.6123,-588.14813,455.87634,1747.5261,-341.87497,458.5541,1753.041,-433.09116,526.41956,1821.7592,-70.81109,615.09735,1860.1534,-626.4952,674.88007,1782.4736,293.9228,845.1437,1876.5277,-632.8573,761.85864,1724.5762,609.8427,1043.3165,1859.2596,-565.78375,787.4801,1706.5365,679.72473,1109.3611,1868.1298,-578.28094,784.44104,1703.5226,650.3218,1111.0073,1846.1482,-602.661,779.6413,1710.152,604.47015,1086.6992,1840.2654,-571.1813,858.7376,1563.6215,184.43158,924.9982,1598.5876,-184.1655,1036.0258,1447.9526,322.96704,1184.4033,1453.0974,-116.0548,1208.4161,1656.7485,631.0402,1327.0386,1714.0459,214.29251,1213.9333,1698.5089,659.5304,1327.8589,1778.424,248.75308,1278.9923,1663.0326,694.51904,1413.2932,1666.6464,254.88112
IMG_4826 copy 20.png,426.6534,1743.1234,-397.11502,399.57578,1758.2601,-387.10605,398.55783,1760.2476,-387.0899,397.67593,1762.37,-387.1267,401.7938,1761.3623,-456.6372,402.33185,1765.6691,-456.7653,403.09607,1770.3767,-457.03665,411.8968,1805.6958,-270.79926,420.805,1818.6123,-588.14813,455.87634,1747.5261,-341.87497,458.5541,1753.041,-433.09116,526.41956,1821.7592,-70.81109,615.09735,1860.1534,-626.4952,674.88007,1782.4736,293.9228,845.1437,1876.5277,-632.8573,761.85864,1724.5762,609.8427,1043.3165,1859.2596,-565.78375,787.4801,1706.5365,679.72473,1109.3611,1868.1298,-578.28094,784.44104,1703.5226,650.3218,1111.0073,1846.1482,-602.661,779.6413,1710.152,604.47015,1086.6992,1840.2654,-571.1813,858.7376,1563.6215,184.43158,924.9982,1598.5876,-184.1655,1036.0258,1447.9526,322.96704,1184.4033,1453.0974,-116.0548,1208.4161,1656.7485,631.0402,1327.0386,1714.0459,214.29251,1213.9333,1698.5089,659.5304,1327.8589,1778.424,248.75308,1278.9923,1663.0326,694.51904,1413.2932,1666.6464,254.88112
IMG_4826 copy 21.png,426.6534,1743.1234,-397.11502,399.57578,1758.2601,-387.10605,398.55783,1760.2476,-387.0899,397.67593,1762.37,-387.1267,401.7938,1761.3623,-456.6372,402.33185,1765.6691,-456.7653,403.09607,1770.3767,-457.03665,411.8968,1805.6958,-270.79926,420.805,1818.6123,-588.14813,455.87634,1747.5261,-341.87497,458.5541,1753.041,-433.09116,526.41956,1821.7592,-70.81109,615.09735,1860.1534,-626.4952,674.88007,1782.4736,293.9228,845.1437,1876.5277,-632.8573,761.85864,1724.5762,609.8427,1043.3165,1859.2596,-565.78375,787.4801,1706.5365,679.72473,1109.3611,1868.1298,-578.28094,784.44104,1703.5226,650.3218,1111.0073,1846.1482,-602.661,779.6413,1710.152,604.47015,1086.6992,1840.2654,-571.1813,858.7376,1563.6215,184.43158,924.9982,1598.5876,-184.1655,1036.0258,1447.9526,322.96704,1184.4033,1453.0974,-116.0548,1208.4161,1656.7485,631.0402,1327.0386,1714.0459,214.29251,1213.9333,1698.5089,659.5304,1327.8589,1778.424,248.75308,1278.9923,1663.0326,694.51904,1413.2932,1666.6464,254.88112
IMG_4826 copy 22.png,426.6534,1743.1234,-397.11502,399.57578,1758.2601,-387.10605,398.55783,1760.2476,-387.0899,397.67593,1762.37,-387.1267,401.7938,1761.3623,-456.6372,402.33185,1765.6691,-456.7653,403.09607,1770.3767,-457.03665,411.8968,1805.6958,-270.79926,420.805,1818.6123,-588.14813,455.87634,1747.5261,-341.87497,458.5541,1753.041,-433.09116,526.41956,1821.7592,-70.81109,615.09735,1860.1534,-626.4952,674.88007,1782.4736,293.9228,845.1437,1876.5277,-632.8573,761.85864,1724.5762,609.8427,1043.3165,1859.2596,-565.78375,787.4801,1706.5365,679.72473,1109.3611,1868.1298,-578.28094,784.44104,1703.5226,650.3218,1111.0073,1846.1482,-602.661,779.6413,1710.152,604.47015,1086.6992,1840.2654,-571.1813,858.7376,1563.6215,184.43158,924.9982,1598.5876,-184.1655,1036.0258,1447.9526,322.96704,1184.4033,1453.0974,-116.0548,1208.4161,1656.7485,631.0402,1327.0386,1714.0459,214.29251,1213.9333,1698.5089,659.5304,1327.8589,1778.424,248.75308,1278.9923,1663.0326,694.51904,1413.2932,1666.6464,254.88112
IMG_4826 copy 23.png,426.6534,1743.1234,-397.11502,399.57578,1758.2601,-387.10605,398.55783,1760.2476,-387.0899,397.67593,1762.37,-387.1267,401.7938,1761.3623,-456.6372,402.33185,1765.6691,-456.7653,403.09607,1770.3767,-457.03665,411.8968,1805.6958,-270.79926,420.805,1818.6123,-588.14813,455.87634,1747.5261,-341.87497,458.5541,1753.041,-433.09116,526.41956,1821.7592,-70.81109,615.09735,1860.1534,-626.4952,674.88007,1782.4736,293.9228,845.1437,1876.5277,-632.8573,761.85864,1724.5762,609.8427,1043.3165,1859.2596,-565.78375,787.4801,1706.5365,679.72473,1109.3611,1868.1298,-578.28094,784.44104,1703.5226,650.3218,1111.0073,1846.1482,-602.661,779.6413,1710.152,604.47015,1086.6992,1840.2654,-571.1813,858.7376,1563.6215,184.43158,924.9982,1598.5876,-184.1655,1036.0258,1447.9526,322.96704,1184.4033,1453.0974,-116.0548,1208.4161,1656.7485,631.0402,1327.0386,1714.0459,214.29251,1213.9333,1698.5089,659.5304,1327.8589,1778.424,248.75308,1278.9923,1663.0326,694.51904,1413.2932,1666.6464,254.88112
IMG_4826 copy 24.png,426.6534,1743.1234,-397.11502,399.57578,1758.2601,-387.10605,398.55783,1760.2476,-387.0899,397.67593,1762.37,-387.1267,401.7938,1761.3623,-456.6372,402.33185,1765.6691,-456.7653,403.09607,1770.3767,-457.03665,411.8968,1805.6958,-270.79926,420.805,1818.6123,-588.14813,455.87634,1747.5261,-341.87497,458.5541,1753.041,-433.09116,526.41956,1821.7592,-70.81109,615.09735,1860.1534,-626.4952,674.88007,1782.4736,293.9228,845.1437,1876.5277,-632.8573,761.85864,1724.5762,609.8427,1043.3165,1859.2596,-565.78375,787.4801,1706.5365,679.72473,1109.3611,1868.1298,-578.28094,784.44104,1703.5226,650.3218,1111.0073,1846.1482,-602.661,779.6413,1710.152,604.47015,1086.6992,1840.2654,-571.1813,858.7376,1563.6215,184.43158,924.9982,1598.5876,-184.1655,1036.0258,1447.9526,322.96704,1184.4033,1453.0974,-116.0548,1208.4161,1656.7485,631.0402,1327.0386,1714.0459,214.29251,1213.9333,1698.5089,659.5304,1327.8589,1778.424,248.75308,1278.9923,1663.0326,694.51904,1413.2932,1666.6464,254.88112
IMG_4826 copy 25.png,426.6534,1743.1234,-397.11502,399.57578,1758.2601,-387.10605,398.55783,1760.2476,-387.0899,397.67593,1762.37,-387.1267,401.7938,1761.3623,-456.6372,402.33185,1765.6691,-456.7653,403.09607,1770.3767,-457.03665,411.8968,1805.6958,-270.79926,420.805,1818.6123,-588.14813,455.87634,1747.5261,-341.87497,458.5541,1753.041,-433.09116,526.41956,1821.7592,-70.81109,615.09735,1860.1534,-626.4952,674.88007,1782.4736,293.9228,845.1437,1876.5277,-632.8573,761.85864,1724.5762,609.8427,1043.3165,1859.2596,-565.78375,787.4801,1706.5365,679.72473,1109.3611,1868.1298,-578.28094,784.44104,1703.5226,650.3218,1111.0073,1846.1482,-602.661,779.6413,1710.152,604.47015,1086.6992,1840.2654,-571.1813,858.7376,1563.6215,184.43158,924.9982,1598.5876,-184.1655,1036.0258,1447.9526,322.96704,1184.4033,1453.0974,-116.0548,1208.4161,1656.7485,631.0402,1327.0386,1714.0459,214.29251,1213.9333,1698.5089,659.5304,1327.8589,1778.424,248.75308,1278.9923,1663.0326,694.51904,1413.2932,1666.6464,254.88112
IMG_4826 copy 26.png,426.6534,1743.1234,-397.11502,399.57578,1758.2601,-387.10605,398.55783,1760.2476,-387.0899,397.67593,1762.37,-387.1267,401.7938,1761.3623,-456.6372,402.33185,1765.6691,-456.7653,403.09607,1770.3767,-457.03665,411.8968,1805.6958,-270.79926,420.805,1818.6123,-588.14813,455.87634,1747.5261,-341.87497,458.5541,1753.041,-433.09116,526.41956,1821.7592,-70.81109,615.09735,1860.1534,-626.4952,674.88007,1782.4736,293.9228,845.1437,1876.5277,-632.8573,761.85864,1724.5762,609.8427,1043.3165,1859.2596,-565.78375,787.4801,1706.5365,679.72473,1109.3611,1868.1298,-578.28094,784.44104,1703.5226,650.3218,1111.0073,1846.1482,-602.661,779.6413,1710.152,604.47015,1086.6992,1840.2654,-571.1813,858.7376,1563.6215,184.43158,924.9982,1598.5876,-184.1655,1036.0258,1447.9526,322.96704,1184.4033,1453.0974,-116.0548,1208.4161,1656.7485,631.0402,1327.0386,1714.0459,214.29251,1213.9333,1698.5089,659.5304,1327.8589,1778.424,248.75308,1278.9923,1663.0326,694.51904,1413.2932,1666.6464,254.88112
IMG_4826 copy 27.png,426.6534,1743.1234,-397.11502,399.57578,1758.2601,-387.10605,398.55783,1760.2476,-387.0899,397.67593,1762.37,-387.1267,401.7938,1761.3623,-456.6372,402.33185,1765.6691,-456.7653,403.09607,1770.3767,-457.03665,411.8968,1805.6958,-270.79926,420.805,1818.6123,-588.14813,455.87634,1747.5261,-341.87497,458.5541,1753.041,-433.09116,526.41956,1821.7592,-70.81109,615.09735,1860.1534,-626.4952,674.88007,1782.4736,293.9228,845.1437,1876.5277,-632.8573,761.85864,1724.5762,609.8427,1043.3165,1859.2596,-565.78375,787.4801,1706.5365,679.72473,1109.3611,1868.1298,-578.28094,784.44104,1703.5226,650.3218,1111.0073,1846.1482,-602.661,779.6413,1710.152,604.47015,1086.6992,1840.2654,-571.1813,858.7376,1563.6215,184.43158,924.9982,1598.5876,-184.1655,1036.0258,1447.9526,322.96704,1184.4033,1453.0974,-116.0548,1208.4161,1656.7485,631.0402,1327.0386,1714.0459,214.29251,1213.9333,1698.5089,659.5304,1327.8589,1778.424,248.75308,1278.9923,1663.0326,694.51904,1413.2932,1666.6464,254.88112
IMG_4826 copy 3.png,426.6534,1743.1234,-397.11502,399.57578,1758.2601,-387.10605,398.55783,1760.2476,-387.0899,397.67593,1762.37,-387.1267,401.7938,1761.3623,-456.6372,402.33185,1765.6691,-456.7653,403.09607,1770.3767,-457.03665,411.8968,1805.6958,-270.79926,420.805,1818.6123,-588.14813,455.87634,1747.5261,-341.87497,458.5541,1753.041,-433.09116,526.41956,1821.7592,-70.81109,615.09735,1860.1534,-626.4952,674.88007,1782.4736,293.9228,845.1437,1876.5277,-632.8573,761.85864,1724.5762,609.8427,1043.3165,1859.2596,-565.78375,787.4801,1706.5365,679.72473,1109.3611,1868.1298,-578.28094,784.44104,1703.5226,650.3218,1111.0073,1846.1482,-602.661,779.6413,1710.152,604.47015,1086.6992,1840.2654,-571.1813,858.7376,1563.6215,184.43158,924.9982,1598.5876,-184.1655,1036.0258,1447.9526,322.96704,1184.4033,1453.0974,-116.0548,1208.4161,1656.7485,631.0402,1327.0386,1714.0459,214.29251,1213.9333,1698.5089,659.5304,1327.8589,1778.424,248.75308,1278.9923,1663.0326,694.51904,1413.2932,1666.6464,254.88112
IMG_4826 copy 4.png,426.6534,1743.1234,-397.11502,399.57578,1758.2601,-387.10605,398.55783,1760.2476,-387.0899,397.67593,1762.37,-387.1267,401.7938,1761.3623,-456.6372,402.33185,1765.6691,-456.7653,403.09607,1770.3767,-457.03665,411.8968,1805.6958,-270.79926,420.805,1818.6123,-588.14813,455.87634,1747.5261,-341.87497,458.5541,1753.041,-433.09116,526.41956,1821.7592,-70.81109,615.09735,1860.1534,-626.4952,674.88007,1782.4736,293.9228,845.1437,1876.5277,-632.8573,761.85864,1724.5762,609.8427,1043.3165,1859.2596,-565.78375,787.4801,1706.5365,679.72473,1109.3611,1868.1298,-578.28094,784.44104,1703.5226,650.3218,1111.0073,1846.1482,-602.661,779.6413,1710.152,604.47015,1086.6992,1840.2654,-571.1813,858.7376,1563.6215,184.43158,924.9982,1598.5876,-184.1655,1036.0258,1447.9526,322.96704,1184.4033,1453.0974,-116.0548,1208.4161,1656.7485,631.0402,1327.0386,1714.0459,214.29251,1213.9333,1698.5089,659.5304,1327.8589,1778.424,248.75308,1278.9923,1663.0326,694.51904,1413.2932,1666.6464,254.88112
IMG_4826 copy 5.png,426.6534,1743.1234,-397.11502,399.57578,1758.2601,-387.10605,398.55783,1760.2476,-387.0899,397.67593,1762.37,-387.1267,401.7938,1761.3623,-456.6372,402.33185,1765.6691,-456.7653,403.09607,1770.3767,-457.03665,411.8968,1805.6958,-270.79926,420.805,1818.6123,-588.14813,455.87634,1747.5261,-341.87497,458.5541,1753.041,-433.09116,526.41956,1821.7592,-70.81109,615.09735,1860.1534,-626.4952,674.88007,1782.4736,293.9228,845.1437,1876.5277,-632.8573,761.85864,1724.5762,609.8427,1043.3165,1859.2596,-565.78375,787.4801,1706.5365,679.72473,1109.3611,1868.1298,-578.28094,784.44104,1703.5226,650.3218,1111.0073,1846.1482,-602.661,779.6413,1710.152,604.47015,1086.6992,1840.2654,-571.1813,858.7376,1563.6215,184.43158,924.9982,1598.5876,-184.1655,1036.0258,1447.9526,322.96704,1184.4033,1453.0974,-116.0548,1208.4161,1656.7485,631.0402,1327.0386,1714.0459,214.29251,1213.9333,1698.5089,659.5304,1327.8589,1778.424,248.75308,1278.9923,1663.0326,694.51904,1413.2932,1666.6464,254.88112
IMG_4826 copy 6.png,426.6534,1743.1234,-397.11502,399.57578,1758.2601,-387.10605,398.55783,1760.2476,-387.0899,397.67593,1762.37,-387.1267,401.7938,1761.3623,-456.6372,402.33185,1765.6691,-456.7653,403.09607,1770.3767,-457.03665,411.8968,1805.6958,-270.79926,420.805,1818.6123,-588.14813,455.87634,1747.5261,-341.87497,458.5541,1753.041,-433.09116,526.41956,1821.7592,-70.81109,615.09735,1860.1534,-626.4952,674.88007,1782.4736,293.9228,845.1437,1876.5277,-632.8573,761.85864,1724.5762,609.8427,1043.3165,1859.2596,-565.78375,787.4801,1706.5365,679.72473,1109.3611,1868.1298,-578.28094,784.44104,1703.5226,650.3218,1111.0073,1846.1482,-602.661,779.6413,1710.152,604.47015,1086.6992,1840.2654,-571.1813,858.7376,1563.6215,184.43158,924.9982,1598.5876,-184.1655,1036.0258,1447.9526,322.96704,1184.4033,1453.0974,-116.0548,1208.4161,1656.7485,631.0402,1327.0386,1714.0459,214.29251,1213.9333,1698.5089,659.5304,1327.8589,1778.424,248.75308,1278.9923,1663.0326,694.51904,1413.2932,1666.6464,254.88112
IMG_4826 copy 7.png,426.6534,1743.1234,-397.11502,399.57578,1758.2601,-387.10605,398.55783,1760.2476,-387.0899,397.67593,1762.37,-387.1267,401.7938,1761.3623,-456.6372,402.33185,1765.6691,-456.7653,403.09607,1770.3767,-457.03665,411.8968,1805.6958,-270.79926,420.805,1818.6123,-588.14813,455.87634,1747.5261,-341.87497,458.5541,1753.041,-433.09116,526.41956,1821.7592,-70.81109,615.09735,1860.1534,-626.4952,674.88007,1782.4736,293.9228,845.1437,1876.5277,-632.8573,761.85864,1724.5762,609.8427,1043.3165,1859.2596,-565.78375,787.4801,1706.5365,679.72473,1109.3611,1868.1298,-578.28094,784.44104,1703.5226,650.3218,1111.0073,1846.1482,-602.661,779.6413,1710.152,604.47015,1086.6992,1840.2654,-571.1813,858.7376,1563.6215,184.43158,924.9982,1598.5876,-184.1655,1036.0258,1447.9526,322.96704,1184.4033,1453.0974,-116.0548,1208.4161,1656.7485,631.0402,1327.0386,1714.0459,214.29251,1213.9333,1698.5089,659.5304,1327.8589,1778.424,248.75308,1278.9923,1663.0326,694.51904,1413.2932,1666.6464,254.88112
IMG_4826 copy 8.png,426.6534,1743.1234,-397.11502,399.57578,1758.2601,-387.10605,398.55783,1760.2476,-387.0899,397.67593,1762.37,-387.1267,401.7938,1761.3623,-456.6372,402.33185,1765.6691,-456.7653,403.09607,1770.3767,-457.03665,411.8968,1805.6958,-270.79926,420.805,1818.6123,-588.14813,455.87634,1747.5261,-341.87497,458.5541,1753.041,-433.09116,526.41956,1821.7592,-70.81109,615.09735,1860.1534,-626.4952,674.88007,1782.4736,293.9228,845.1437,1876.5277,-632.8573,761.85864,1724.5762,609.8427,1043.3165,1859.2596,-565.78375,787.4801,1706.5365,679.72473,1109.3611,1868.1298,-578.28094,784.44104,1703.5226,650.3218,1111.0073,1846.1482,-602.661,779.6413,1710.152,604.47015,1086.6992,1840.2654,-571.1813,858.7376,1563.6215,184.43158,924.9982,1598.5876,-184.1655,1036.0258,1447.9526,322.96704,1184.4033,1453.0974,-116.0548,1208.4161,1656.7485,631.0402,1327.0386,1714.0459,214.29251,1213.9333,1698.5089,659.5304,1327.8589,1778.424,248.75308,1278.9923,1663.0326,694.51904,1413.2932,1666.6464,254.88112
IMG_4826 copy 9.png,426.6534,1743.1234,-397.11502,399.57578,1758.2601,-387.10605,398.55783,1760.2476,-387.0899,397.67593,1762.37,-387.1267,401.7938,1761.3623,-456.6372,402.33185,1765.6691,-456.7653,403.09607,1770.3767,-457.03665,411.8968,1805.6958,-270.79926,420.805,1818.6123,-588.14813,455.87634,1747.5261,-341.87497,458.5541,1753.041,-433.09116,526.41956,1821.7592,-70.81109,615.09735,1860.1534,-626.4952,674.88007,1782.4736,293.9228,845.1437,1876.5277,-632.8573,761.85864,1724.5762,609.8427,1043.3165,1859.2596,-565.78375,787.4801,1706.5365,679.72473,1109.3611,1868.1298,-578.28094,784.44104,1703.5226,650.3218,1111.0073,1846.1482,-602.661,779.6413,1710.152,604.47015,1086.6992,1840.2654,-571.1813,858.7376,1563.6215,184.43158,924.9982,1598.5876,-184.1655,1036.0258,1447.9526,322.96704,1184.4033,1453.0974,-116.0548,1208.4161,1656.7485,631.0402,1327.0386,1714.0459,214.29251,1213.9333,1698.5089,659.5304,1327.8589,1778.424,248.75308,1278.9923,1663.0326,694.51904,1413.2932,1666.6464,254.88112
IMG_4826 copy.png,426.6534,1743.1234,-397.11502,399.57578,1758.2601,-387.10605,398.55783,1760.2476,-387.0899,397.67593,1762.37,-387.1267,401.7938,1761.3623,-456.6372,402.33185,1765.6691,-456.7653,403.09607,1770.3767,-457.03665,411.8968,1805.6958,-270.79926,420.805,1818.6123,-588.14813,455.87634,1747.5261,-341.87497,458.5541,1753.041,-433.09116,526.41956,1821.7592,-70.81109,615.09735,1860.1534,-626.4952,674.88007,1782.4736,293.9228,845.1437,1876.5277,-632.8573,761.85864,1724.5762,609.8427,1043.3165,1859.2596,-565.78375,787.4801,1706.5365,679.72473,1109.3611,1868.1298,-578.28094,784.44104,1703.5226,650.3218,1111.0073,1846.1482,-602.661,779.6413,1710.152,604.47015,1086.6992,1840.2654,-571.1813,858.7376,1563.6215,184.43158,924.9982,1598.5876,-184.1655,1036.0258,1447.9526,322.96704,1184.4033,1453.0974,-116.0548,1208.4161,1656.7485,631.0402,1327.0386,1714.0459,214.29251,1213.9333,1698.5089,659.5304,1327.8589,1778.424,248.75308,1278.9923,1663.0326,694.51904,1413.2932,1666.6464,254.88112
IMG_4826.png,426.6534,1743.1234,-397.11502,399.57578,1758.2601,-387.10605,398.55783,1760.2476,-387.0899,397.67593,1762.37,-387.1267,401.7938,1761.3623,-456.6372,402.33185,1765.6691,-456.7653,403.09607,1770.3767,-457.03665,411.8968,1805.6958,-270.79926,420.805,1818.6123,-588.14813,455.87634,1747.5261,-341.87497,458.5541,1753.041,-433.09116,526.41956,1821.7592,-70.81109,615.09735,1860.1534,-626.4952,674.88007,1782.4736,293.9228,845.1437,1876.5277,-632.8573,761.85864,1724.5762,609.8427,1043.3165,1859.2596,-565.78375,787.4801,1706.5365,679.72473,1109.3611,1868.1298,-578.28094,784.44104,1703.5226,650.3218,1111.0073,1846.1482,-602.661,779.6413,1710.152,604.47015,1086.6992,1840.2654,-571.1813,858.7376,1563.6215,184.43158,924.9982,1598.5876,-184.1655,1036.0258,1447.9526,322.96704,1184.4033,1453.0974,-116.0548,1208.4161,1656.7485,631.0402,1327.0386,1714.0459,214.29251,1213.9333,1698.5089,659.5304,1327.8589,1778.424,248.75308,1278.9923,1663.0326,694.51904,1413.2932,1666.6464,254.88112
IMG_4827.JPG,1130.6152,1938.7678,-2313.702,1105.9657,1980.8021,-2340.497,1091.1868,1984.4597,-2340.042,1076.0564,1989.687,-2340.2578,1159.4567,1982.6849,-2345.8901,1181.9513,1988.3529,-2346.3616,1200.391,1994.328,-2346.3494,1039.3773,2029.5979,-1967.8876,1231.3256,2032.3713,-1997.8412,1106.5446,1915.9272,-2123.504,1160.3337,1913.6378,-2133.733,972.2709,1951.6515,-1313.7882,1357.185,1952.5627,-1339.3365,837.7754,1840.1432,-590.8801,1415.0774,1841.3687,-588.86414,767.75995,1682.1359,-182.7174,1445.7028,1681.2623,-65.93861,731.8494,1640.1313,-71.934395,1476.3989,1630.2311,45.615673,753.2562,1636.2643,-186.90617,1444.909,1629.2797,-48.784702,769.64716,1648.9463,-198.76785,1428.901,1641.8029,-70.69585,1010.7932,1479.3077,-49.28408,1260.2727,1476.5975,48.61672,918.10406,1037.2975,226.08287,1364.9537,1084.9733,232.66806,877.6972,1341.3452,1354.8956,1301.9742,1308.9158,1440.4889,904.10913,1432.7102,1494.0398,1280.8037,1344.5093,1590.3234,867.015,1308.578,1670.2876,1268.6172,1274.1956,1769.5786
IMG_4828.JPG,1085.0201,1839.3705,-1833.5686,1065.5865,1873.5808,-1832.5363,1057.324,1878.7859,-1832.4823,1046.6354,1884.8771,-1832.8959,1096.6353,1874.6089,-1888.0105,1115.0732,1880.5299,-1888.4557,1128.0034,1887.0889,-1888.7311,1051.8871,1925.9612,-1460.3121,1172.6754,1934.3073,-1720.6066,1081.1392,1825.9033,-1655.8817,1118.2795,1837.2516,-1732.1252,975.7448,1832.8644,-921.4937,1370.9796,1862.4452,-1352.4578,941.3708,1664.8206,-315.4277,1514.5658,1688.1716,-963.2043,977.00336,1450.2113,-163.78426,1587.0458,1494.3745,-693.8888,962.13916,1406.2214,-147.47112,1626.3029,1442.7479,-712.1232,970.1698,1415.4534,-238.48431,1595.0142,1430.0287,-800.8571,985.10785,1426.3771,-190.35315,1573.4951,1440.6362,-714.3434,1130.8405,1392.933,128.66682,1341.648,1387.7023,-128.86148,1050.1763,1008.2529,480.42084,1407.7769,1043.4946,262.76382,1105.9001,980.52106,1905.8575,1535.013,1120.0996,1652.4646,1121.5096,1002.9245,2065.3894,1502.5658,1134.3877,1813.1932,1123.0714,867.00824,2046.2815,1518.84,998.1594,1770.9215
IMG_4829.JPG,1543.3218,1466.056,-686.24005,1561.218,1493.5687,-761.6803,1557.9381,1501.1038,-761.57874,1554.8474,1509.2352,-761.89886,1570.8828,1483.2742,-681.0944,1574.1216,1483.259,-681.1437,1577.4857,1483.4246,-681.20526,1535.572,1559.1543,-869.5975,1563.395,1526.4138,-498.55673,1509.109,1476.3448,-702.46765,1522.2361,1461.5109,-596.09955,1336.47,1600.2014,-868.9347,1501.2869,1466.8895,-170.5381,1092.61,1551.821,-836.60504,1338.8794,1402.2919,342.4569,897.43616,1517.673,-769.1048,1229.8407,1312.1772,747.1707,830.1615,1520.2479,-802.35895,1200.8412,1280.3472,847.0405,828.11383,1502.8766,-834.5917,1202.6118,1280.6387,768.8084,847.84204,1495.3032,-774.36597,1209.4979,1290.9954,728.7238,1083.8838,1279.4702,-248.8674,1192.6086,1192.8656,248.81802,807.2435,1024.4142,-234.96556,1056.7284,950.4895,477.95825,749.6429,1314.2136,324.3885,1047.74,1231.9342,1147.5974,770.7453,1374.3364,399.95148,1091.0597,1322.6942,1233.2173,639.65314,1297.6573,596.0214,953.80316,1277.9745,1480.2627
IMG_4830.JPG,1581.9803,2246.19,-1363.8586,1590.114,2293.8464,-1465.4825,1580.9205,2304.239,-1465.71,1569.6273,2317.0518,-1466.6863,1614.8031,2280.6382,-1334.5752,1623.3832,2281.3955,-1334.4509,1632.4703,2282.7483,-1334.5725,1517.0527,2387.2292,-1536.415,1608.678,2343.7625,-938.94135,1527.1388,2246.5051,-1353.2103,1562.3687,2225.2458,-1182.1187,1203.4545,2365.5662,-1474.8881,1532.8926,2194.8298,-293.42487,856.59735,2240.5366,-1465.5188,1313.5502,2030.4558,643.95325,587.4949,2084.3235,-1496.7246,1201.9578,1851.0316,1264.4823,485.14935,2070.9236,-1588.3048,1168.7361,1791.2449,1418.1444,501.25232,2033.0997,-1677.1566,1171.1174,1796.2094,1280.4059,535.9525,2025.5933,-1521.8365,1177.2488,1815.8813,1230.3027,871.85913,1811.907,-364.04294,1060.3356,1697.816,364.3248,519.7341,1328.7639,-603.40894,755.4901,1246.4332,715.3656,289.19354,1656.4203,674.9675,664.6639,1563.192,1961.8832,292.2641,1747.165,827.1762,672.30524,1631.5538,2111.68,124.84579,1545.7349,944.09863,516.333,1516.422,2258.5442
IMG_4831.JPG,1828.5619,2127.025,-495.89108,1851.757,2177.0776,-619.49774,1847.3231,2187.204,-619.75946,1842.413,2197.93,-620.4823,1860.7983,2166.469,-451.77142,1861.9646,2169.721,-451.4858,1863.1798,2173.4805,-451.67374,1789.4388,2263.73,-872.5594,1817.9543,2234.4644,-108.368164,1772.4507,2131.463,-561.54736,1786.3402,2117.0903,-341.73163,1444.4805,2310.118,-1083.2535,1660.4814,2086.0264,415.52216,1027.7291,2251.0266,-1216.1979,1365.1093,1965.4078,1150.8145,681.1395,2126.9993,-1169.1935,1238.0778,1805.4526,1589.6084,546.87366,2128.0352,-1268.3148,1194.93,1754.4022,1728.5536,559.3601,2087.8774,-1280.204,1202.3484,1754.3169,1590.2554,603.55023,2073.9575,-1162.0038,1214.5537,1773.7063,1541.019,919.84314,1775.9667,-443.78625,1075.3225,1615.7134,443.2714,448.1169,1333.5826,-775.6185,612.351,1213.0096,683.6776,152.36557,1731.71,352.88486,315.9302,1478.4147,1396.4298,149.47191,1832.3499,482.67694,307.91418,1544.2448,1478.618,-78.01833,1700.892,555.5322,93.74295,1425.8213,1460.4944
IMG_4832 copy 10.png,1431.2257,1752.6588,-0.44643998,1454.5371,1774.8053,-41.26883,1456.3524,1784.2694,-41.337376,1458.6593,1794.7021,-41.47391,1453.3091,1762.9194,29.394567,1453.8364,1762.5175,29.381254,1454.5457,1762.8018,29.178514,1453.0953,1838.666,-99.55568,1450.467,1801.1338,227.55923,1408.0825,1770.4944,-7.7310653,1407.1454,1753.7024,86.217804,1324.0537,1901.4414,-198.09033,1303.9309,1775.7079,398.76227,1081.9036,1931.5183,-313.76505,1083.7975,1753.3984,567.2693,879.12976,1959.1914,-458.51657,907.3155,1732.2627,570.6322,811.2124,1978.1908,-501.9134,854.82153,1720.2872,577.311,804.0053,1960.6486,-492.60413,849.02814,1729.2628,525.9206,829.39655,1953.6179,-452.47928,865.39624,1733.2445,547.08356,931.5652,1650.6316,-204.50665,954.95575,1569.4524,204.08507,642.3017,1503.5165,-332.4662,690.04193,1394.4723,35.80178,558.03674,1793.9164,-16.407072,590.2486,1680.6893,408.5011,566.4818,1872.856,18.318737,633.6723,1760.1279,449.56378,403.1333,1775.0581,-41.572327,455.1051,1693.9807,432.81912
IMG_4832 copy 11.png,1431.2257,1752.6588,-0.44643998,1454.5371,1774.8053,-41.26883,1456.3524,1784.2694,-41.337376,1458.6593,1794.7021,-41.47391,1453.3091,1762.9194,29.394567,1453.8364,1762.5175,29.381254,1454.5457,1762.8018,29.178514,1453.0953,1838.666,-99.55568,1450.467,1801.1338,227.55923,1408.0825,1770.4944,-7.7310653,1407.1454,1753.7024,86.217804,1324.0537,1901.4414,-198.09033,1303.9309,1775.7079,398.76227,1081.9036,1931.5183,-313.76505,1083.7975,1753.3984,567.2693,879.12976,1959.1914,-458.51657,907.3155,1732.2627,570.6322,811.2124,1978.1908,-501.9134,854.82153,1720.2872,577.311,804.0053,1960.6486,-492.60413,849.02814,1729.2628,525.9206,829.39655,1953.6179,-452.47928,865.39624,1733.2445,547.08356,931.5652,1650.6316,-204.50665,954.95575,1569.4524,204.08507,642.3017,1503.5165,-332.4662,690.04193,1394.4723,35.80178,558.03674,1793.9164,-16.407072,590.2486,1680.6893,408.5011,566.4818,1872.856,18.318737,633.6723,1760.1279,449.56378,403.1333,1775.0581,-41.572327,455.1051,1693.9807,432.81912
IMG_4832 copy 12.png,1431.2257,1752.6588,-0.44643998,1454.5371,1774.8053,-41.26883,1456.3524,1784.2694,-41.337376,1458.6593,1794.7021,-41.47391,1453.3091,1762.9194,29.394567,1453.8364,1762.5175,29.381254,1454.5457,1762.8018,29.178514,1453.0953,1838.666,-99.55568,1450.467,1801.1338,227.55923,1408.0825,1770.4944,-7.7310653,1407.1454,1753.7024,86.217804,1324.0537,1901.4414,-198.09033,1303.9309,1775.7079,398.76227,1081.9036,1931.5183,-313.76505,1083.7975,1753.3984,567.2693,879.12976,1959.1914,-458.51657,907.3155,1732.2627,570.6322,811.2124,1978.1908,-501.9134,854.82153,1720.2872,577.311,804.0053,1960.6486,-492.60413,849.02814,1729.2628,525.9206,829.39655,1953.6179,-452.47928,865.39624,1733.2445,547.08356,931.5652,1650.6316,-204.50665,954.95575,1569.4524,204.08507,642.3017,1503.5165,-332.4662,690.04193,1394.4723,35.80178,558.03674,1793.9164,-16.407072,590.2486,1680.6893,408.5011,566.4818,1872.856,18.318737,633.6723,1760.1279,449.56378,403.1333,1775.0581,-41.572327,455.1051,1693.9807,432.81912
IMG_4832 copy 13.png,1431.2257,1752.6588,-0.44643998,1454.5371,1774.8053,-41.26883,1456.3524,1784.2694,-41.337376,1458.6593,1794.7021,-41.47391,1453.3091,1762.9194,29.394567,1453.8364,1762.5175,29.381254,1454.5457,1762.8018,29.178514,1453.0953,1838.666,-99.55568,1450.467,1801.1338,227.55923,1408.0825,1770.4944,-7.7310653,1407.1454,1753.7024,86.217804,1324.0537,1901.4414,-198.09033,1303.9309,1775.7079,398.76227,1081.9036,1931.5183,-313.76505,1083.7975,1753.3984,567.2693,879.12976,1959.1914,-458.51657,907.3155,1732.2627,570.6322,811.2124,1978.1908,-501.9134,854.82153,1720.2872,577.311,804.0053,1960.6486,-492.60413,849.02814,1729.2628,525.9206,829.39655,1953.6179,-452.47928,865.39624,1733.2445,547.08356,931.5652,1650.6316,-204.50665,954.95575,1569.4524,204.08507,642.3017,1503.5165,-332.4662,690.04193,1394.4723,35.80178,558.03674,1793.9164,-16.407072,590.2486,1680.6893,408.5011,566.4818,1872.856,18.318737,633.6723,1760.1279,449.56378,403.1333,1775.0581,-41.572327,455.1051,1693.9807,432.81912
IMG_4832 copy 14.png,1431.2257,1752.6588,-0.44643998,1454.5371,1774.8053,-41.26883,1456.3524,1784.2694,-41.337376,1458.6593,1794.7021,-41.47391,1453.3091,1762.9194,29.394567,1453.8364,1762.5175,29.381254,1454.5457,1762.8018,29.178514,1453.0953,1838.666,-99.55568,1450.467,1801.1338,227.55923,1408.0825,1770.4944,-7.7310653,1407.1454,1753.7024,86.217804,1324.0537,1901.4414,-198.09033,1303.9309,1775.7079,398.76227,1081.9036,1931.5183,-313.76505,1083.7975,1753.3984,567.2693,879.12976,1959.1914,-458.51657,907.3155,1732.2627,570.6322,811.2124,1978.1908,-501.9134,854.82153,1720.2872,577.311,804.0053,1960.6486,-492.60413,849.02814,1729.2628,525.9206,829.39655,1953.6179,-452.47928,865.39624,1733.2445,547.08356,931.5652,1650.6316,-204.50665,954.95575,1569.4524,204.08507,642.3017,1503.5165,-332.4662,690.04193,1394.4723,35.80178,558.03674,1793.9164,-16.407072,590.2486,1680.6893,408.5011,566.4818,1872.856,18.318737,633.6723,1760.1279,449.56378,403.1333,1775.0581,-41.572327,455.1051,1693.9807,432.81912
IMG_4832 copy 15.png,1431.2257,1752.6588,-0.44643998,1454.5371,1774.8053,-41.26883,1456.3524,1784.2694,-41.337376,1458.6593,1794.7021,-41.47391,1453.3091,1762.9194,29.394567,1453.8364,1762.5175,29.381254,1454.5457,1762.8018,29.178514,1453.0953,1838.666,-99.55568,1450.467,1801.1338,227.55923,1408.0825,1770.4944,-7.7310653,1407.1454,1753.7024,86.217804,1324.0537,1901.4414,-198.09033,1303.9309,1775.7079,398.76227,1081.9036,1931.5183,-313.76505,1083.7975,1753.3984,567.2693,879.12976,1959.1914,-458.51657,907.3155,1732.2627,570.6322,811.2124,1978.1908,-501.9134,854.82153,1720.2872,577.311,804.0053,1960.6486,-492.60413,849.02814,1729.2628,525.9206,829.39655,1953.6179,-452.47928,865.39624,1733.2445,547.08356,931.5652,1650.6316,-204.50665,954.95575,1569.4524,204.08507,642.3017,1503.5165,-332.4662,690.04193,1394.4723,35.80178,558.03674,1793.9164,-16.407072,590.2486,1680.6893,408.5011,566.4818,1872.856,18.318737,633.6723,1760.1279,449.56378,403.1333,1775.0581,-41.572327,455.1051,1693.9807,432.81912
IMG_4832 copy 16.png,1431.2257,1752.6588,-0.44643998,1454.5371,1774.8053,-41.26883,1456.3524,1784.2694,-41.337376,1458.6593,1794.7021,-41.47391,1453.3091,1762.9194,29.394567,1453.8364,1762.5175,29.381254,1454.5457,1762.8018,29.178514,1453.0953,1838.666,-99.55568,1450.467,1801.1338,227.55923,1408.0825,1770.4944,-7.7310653,1407.1454,1753.7024,86.217804,1324.0537,1901.4414,-198.09033,1303.9309,1775.7079,398.76227,1081.9036,1931.5183,-313.76505,1083.7975,1753.3984,567.2693,879.12976,1959.1914,-458.51657,907.3155,1732.2627,570.6322,811.2124,1978.1908,-501.9134,854.82153,1720.2872,577.311,804.0053,1960.6486,-492.60413,849.02814,1729.2628,525.9206,829.39655,1953.6179,-452.47928,865.39624,1733.2445,547.08356,931.5652,1650.6316,-204.50665,954.95575,1569.4524,204.08507,642.3017,1503.5165,-332.4662,690.04193,1394.4723,35.80178,558.03674,1793.9164,-16.407072,590.2486,1680.6893,408.5011,566.4818,1872.856,18.318737,633.6723,1760.1279,449.56378,403.1333,1775.0581,-41.572327,455.1051,1693.9807,432.81912
IMG_4832 copy 17.png,1431.2257,1752.6588,-0.44643998,1454.5371,1774.8053,-41.26883,1456.3524,1784.2694,-41.337376,1458.6593,1794.7021,-41.47391,1453.3091,1762.9194,29.394567,1453.8364,1762.5175,29.381254,1454.5457,1762.8018,29.178514,1453.0953,1838.666,-99.55568,1450.467,1801.1338,227.55923,1408.0825,1770.4944,-7.7310653,1407.1454,1753.7024,86.217804,1324.0537,1901.4414,-198.09033,1303.9309,1775.7079,398.76227,1081.9036,1931.5183,-313.76505,1083.7975,1753.3984,567.2693,879.12976,1959.1914,-458.51657,907.3155,1732.2627,570.6322,811.2124,1978.1908,-501.9134,854.82153,1720.2872,577.311,804.0053,1960.6486,-492.60413,849.02814,1729.2628,525.9206,829.39655,1953.6179,-452.47928,865.39624,1733.2445,547.08356,931.5652,1650.6316,-204.50665,954.95575,1569.4524,204.08507,642.3017,1503.5165,-332.4662,690.04193,1394.4723,35.80178,558.03674,1793.9164,-16.407072,590.2486,1680.6893,408.5011,566.4818,1872.856,18.318737,633.6723,1760.1279,449.56378,403.1333,1775.0581,-41.572327,455.1051,1693.9807,432.81912
IMG_4832 copy 18.png,1431.2257,1752.6588,-0.44643998,1454.5371,1774.8053,-41.26883,1456.3524,1784.2694,-41.337376,1458.6593,1794.7021,-41.47391,1453.3091,1762.9194,29.394567,1453.8364,1762.5175,29.381254,1454.5457,1762.8018,29.178514,1453.0953,1838.666,-99.55568,1450.467,1801.1338,227.55923,1408.0825,1770.4944,-7.7310653,1407.1454,1753.7024,86.217804,1324.0537,1901.4414,-198.09033,1303.9309,1775.7079,398.76227,1081.9036,1931.5183,-313.76505,1083.7975,1753.3984,567.2693,879.12976,1959.1914,-458.51657,907.3155,1732.2627,570.6322,811.2124,1978.1908,-501.9134,854.82153,1720.2872,577.311,804.0053,1960.6486,-492.60413,849.02814,1729.2628,525.9206,829.39655,1953.6179,-452.47928,865.39624,1733.2445,547.08356,931.5652,1650.6316,-204.50665,954.95575,1569.4524,204.08507,642.3017,1503.5165,-332.4662,690.04193,1394.4723,35.80178,558.03674,1793.9164,-16.407072,590.2486,1680.6893,408.5011,566.4818,1872.856,18.318737,633.6723,1760.1279,449.56378,403.1333,1775.0581,-41.572327,455.1051,1693.9807,432.81912
IMG_4832 copy 19.png,1431.2257,1752.6588,-0.44643998,1454.5371,1774.8053,-41.26883,1456.3524,1784.2694,-41.337376,1458.6593,1794.7021,-41.47391,1453.3091,1762.9194,29.394567,1453.8364,1762.5175,29.381254,1454.5457,1762.8018,29.178514,1453.0953,1838.666,-99.55568,1450.467,1801.1338,227.55923,1408.0825,1770.4944,-7.7310653,1407.1454,1753.7024,86.217804,1324.0537,1901.4414,-198.09033,1303.9309,1775.7079,398.76227,1081.9036,1931.5183,-313.76505,1083.7975,1753.3984,567.2693,879.12976,1959.1914,-458.51657,907.3155,1732.2627,570.6322,811.2124,1978.1908,-501.9134,854.82153,1720.2872,577.311,804.0053,1960.6486,-492.60413,849.02814,1729.2628,525.9206,829.39655,1953.6179,-452.47928,865.39624,1733.2445,547.08356,931.5652,1650.6316,-204.50665,954.95575,1569.4524,204.08507,642.3017,1503.5165,-332.4662,690.04193,1394.4723,35.80178,558.03674,1793.9164,-16.407072,590.2486,1680.6893,408.5011,566.4818,1872.856,18.318737,633.6723,1760.1279,449.56378,403.1333,1775.0581,-41.572327,455.1051,1693.9807,432.81912
IMG_4832 copy 2.png,1431.2257,1752.6588,-0.44643998,1454.5371,1774.8053,-41.26883,1456.3524,1784.2694,-41.337376,1458.6593,1794.7021,-41.47391,1453.3091,1762.9194,29.394567,1453.8364,1762.5175,29.381254,1454.5457,1762.8018,29.178514,1453.0953,1838.666,-99.55568,1450.467,1801.1338,227.55923,1408.0825,1770.4944,-7.7310653,1407.1454,1753.7024,86.217804,1324.0537,1901.4414,-198.09033,1303.9309,1775.7079,398.76227,1081.9036,1931.5183,-313.76505,1083.7975,1753.3984,567.2693,879.12976,1959.1914,-458.51657,907.3155,1732.2627,570.6322,811.2124,1978.1908,-501.9134,854.82153,1720.2872,577.311,804.0053,1960.6486,-492.60413,849.02814,1729.2628,525.9206,829.39655,1953.6179,-452.47928,865.39624,1733.2445,547.08356,931.5652,1650.6316,-204.50665,954.95575,1569.4524,204.08507,642.3017,1503.5165,-332.4662,690.04193,1394.4723,35.80178,558.03674,1793.9164,-16.407072,590.2486,1680.6893,408.5011,566.4818,1872.856,18.318737,633.6723,1760.1279,449.56378,403.1333,1775.0581,-41.572327,455.1051,1693.9807,432.81912
IMG_4832 copy 20.png,1431.2257,1752.6588,-0.44643998,1454.5371,1774.8053,-41.26883,1456.3524,1784.2694,-41.337376,1458.6593,1794.7021,-41.47391,1453.3091,1762.9194,29.394567,1453.8364,1762.5175,29.381254,1454.5457,1762.8018,29.178514,1453.0953,1838.666,-99.55568,1450.467,1801.1338,227.55923,1408.0825,1770.4944,-7.7310653,1407.1454,1753.7024,86.217804,1324.0537,1901.4414,-198.09033,1303.9309,1775.7079,398.76227,1081.9036,1931.5183,-313.76505,1083.7975,1753.3984,567.2693,879.12976,1959.1914,-458.51657,907.3155,1732.2627,570.6322,811.2124,1978.1908,-501.9134,854.82153,1720.2872,577.311,804.0053,1960.6486,-492.60413,849.02814,1729.2628,525.9206,829.39655,1953.6179,-452.47928,865.39624,1733.2445,547.08356,931.5652,1650.6316,-204.50665,954.95575,1569.4524,204.08507,642.3017,1503.5165,-332.4662,690.04193,1394.4723,35.80178,558.03674,1793.9164,-16.407072,590.2486,1680.6893,408.5011,566.4818,1872.856,18.318737,633.6723,1760.1279,449.56378,403.1333,1775.0581,-41.572327,455.1051,1693.9807,432.81912
IMG_4832 copy 21.png,1431.2257,1752.6588,-0.44643998,1454.5371,1774.8053,-41.26883,1456.3524,1784.2694,-41.337376,1458.6593,1794.7021,-41.47391,1453.3091,1762.9194,29.394567,1453.8364,1762.5175,29.381254,1454.5457,1762.8018,29.178514,1453.0953,1838.666,-99.55568,1450.467,1801.1338,227.55923,1408.0825,1770.4944,-7.7310653,1407.1454,1753.7024,86.217804,1324.0537,1901.4414,-198.09033,1303.9309,1775.7079,398.76227,1081.9036,1931.5183,-313.76505,1083.7975,1753.3984,567.2693,879.12976,1959.1914,-458.51657,907.3155,1732.2627,570.6322,811.2124,1978.1908,-501.9134,854.82153,1720.2872,577.311,804.0053,1960.6486,-492.60413,849.02814,1729.2628,525.9206,829.39655,1953.6179,-452.47928,865.39624,1733.2445,547.08356,931.5652,1650.6316,-204.50665,954.95575,1569.4524,204.08507,642.3017,1503.5165,-332.4662,690.04193,1394.4723,35.80178,558.03674,1793.9164,-16.407072,590.2486,1680.6893,408.5011,566.4818,1872.856,18.318737,633.6723,1760.1279,449.56378,403.1333,1775.0581,-41.572327,455.1051,1693.9807,432.81912
IMG_4832 copy 22.png,1431.2257,1752.6588,-0.44643998,1454.5371,1774.8053,-41.26883,1456.3524,1784.2694,-41.337376,1458.6593,1794.7021,-41.47391,1453.3091,1762.9194,29.394567,1453.8364,1762.5175,29.381254,1454.5457,1762.8018,29.178514,1453.0953,1838.666,-99.55568,1450.467,1801.1338,227.55923,1408.0825,1770.4944,-7.7310653,1407.1454,1753.7024,86.217804,1324.0537,1901.4414,-198.09033,1303.9309,1775.7079,398.76227,1081.9036,1931.5183,-313.76505,1083.7975,1753.3984,567.2693,879.12976,1959.1914,-458.51657,907.3155,1732.2627,570.6322,811.2124,1978.1908,-501.9134,854.82153,1720.2872,577.311,804.0053,1960.6486,-492.60413,849.02814,1729.2628,525.9206,829.39655,1953.6179,-452.47928,865.39624,1733.2445,547.08356,931.5652,1650.6316,-204.50665,954.95575,1569.4524,204.08507,642.3017,1503.5165,-332.4662,690.04193,1394.4723,35.80178,558.03674,1793.9164,-16.407072,590.2486,1680.6893,408.5011,566.4818,1872.856,18.318737,633.6723,1760.1279,449.56378,403.1333,1775.0581,-41.572327,455.1051,1693.9807,432.81912
IMG_4832 copy 23.png,1431.2257,1752.6588,-0.44643998,1454.5371,1774.8053,-41.26883,1456.3524,1784.2694,-41.337376,1458.6593,1794.7021,-41.47391,1453.3091,1762.9194,29.394567,1453.8364,1762.5175,29.381254,1454.5457,1762.8018,29.178514,1453.0953,1838.666,-99.55568,1450.467,1801.1338,227.55923,1408.0825,1770.4944,-7.7310653,1407.1454,1753.7024,86.217804,1324.0537,1901.4414,-198.09033,1303.9309,1775.7079,398.76227,1081.9036,1931.5183,-313.76505,1083.7975,1753.3984,567.2693,879.12976,1959.1914,-458.51657,907.3155,1732.2627,570.6322,811.2124,1978.1908,-501.9134,854.82153,1720.2872,577.311,804.0053,1960.6486,-492.60413,849.02814,1729.2628,525.9206,829.39655,1953.6179,-452.47928,865.39624,1733.2445,547.08356,931.5652,1650.6316,-204.50665,954.95575,1569.4524,204.08507,642.3017,1503.5165,-332.4662,690.04193,1394.4723,35.80178,558.03674,1793.9164,-16.407072,590.2486,1680.6893,408.5011,566.4818,1872.856,18.318737,633.6723,1760.1279,449.56378,403.1333,1775.0581,-41.572327,455.1051,1693.9807,432.81912
IMG_4832 copy 24.png,1431.2257,1752.6588,-0.44643998,1454.5371,1774.8053,-41.26883,1456.3524,1784.2694,-41.337376,1458.6593,1794.7021,-41.47391,1453.3091,1762.9194,29.394567,1453.8364,1762.5175,29.381254,1454.5457,1762.8018,29.178514,1453.0953,1838.666,-99.55568,1450.467,1801.1338,227.55923,1408.0825,1770.4944,-7.7310653,1407.1454,1753.7024,86.217804,1324.0537,1901.4414,-198.09033,1303.9309,1775.7079,398.76227,1081.9036,1931.5183,-313.76505,1083.7975,1753.3984,567.2693,879.12976,1959.1914,-458.51657,907.3155,1732.2627,570.6322,811.2124,1978.1908,-501.9134,854.82153,1720.2872,577.311,804.0053,1960.6486,-492.60413,849.02814,1729.2628,525.9206,829.39655,1953.6179,-452.47928,865.39624,1733.2445,547.08356,931.5652,1650.6316,-204.50665,954.95575,1569.4524,204.08507,642.3017,1503.5165,-332.4662,690.04193,1394.4723,35.80178,558.03674,1793.9164,-16.407072,590.2486,1680.6893,408.5011,566.4818,1872.856,18.318737,633.6723,1760.1279,449.56378,403.1333,1775.0581,-41.572327,455.1051,1693.9807,432.81912
IMG_4832 copy 25.png,1431.2257,1752.6588,-0.44643998,1454.5371,1774.8053,-41.26883,1456.3524,1784.2694,-41.337376,1458.6593,1794.7021,-41.47391,1453.3091,1762.9194,29.394567,1453.8364,1762.5175,29.381254,1454.5457,1762.8018,29.178514,1453.0953,1838.666,-99.55568,1450.467,1801.1338,227.55923,1408.0825,1770.4944,-7.7310653,1407.1454,1753.7024,86.217804,1324.0537,1901.4414,-198.09033,1303.9309,1775.7079,398.76227,1081.9036,1931.5183,-313.76505,1083.7975,1753.3984,567.2693,879.12976,1959.1914,-458.51657,907.3155,1732.2627,570.6322,811.2124,1978.1908,-501.9134,854.82153,1720.2872,577.311,804.0053,1960.6486,-492.60413,849.02814,1729.2628,525.9206,829.39655,1953.6179,-452.47928,865.39624,1733.2445,547.08356,931.5652,1650.6316,-204.50665,954.95575,1569.4524,204.08507,642.3017,1503.5165,-332.4662,690.04193,1394.4723,35.80178,558.03674,1793.9164,-16.407072,590.2486,1680.6893,408.5011,566.4818,1872.856,18.318737,633.6723,1760.1279,449.56378,403.1333,1775.0581,-41.572327,455.1051,1693.9807,432.81912
IMG_4832 copy 26.png,1431.2257,1752.6588,-0.44643998,1454.5371,1774.8053,-41.26883,1456.3524,1784.2694,-41.337376,1458.6593,1794.7021,-41.47391,1453.3091,1762.9194,29.394567,1453.8364,1762.5175,29.381254,1454.5457,1762.8018,29.178514,1453.0953,1838.666,-99.55568,1450.467,1801.1338,227.55923,1408.0825,1770.4944,-7.7310653,1407.1454,1753.7024,86.217804,1324.0537,1901.4414,-198.09033,1303.9309,1775.7079,398.76227,1081.9036,1931.5183,-313.76505,1083.7975,1753.3984,567.2693,879.12976,1959.1914,-458.51657,907.3155,1732.2627,570.6322,811.2124,1978.1908,-501.9134,854.82153,1720.2872,577.311,804.0053,1960.6486,-492.60413,849.02814,1729.2628,525.9206,829.39655,1953.6179,-452.47928,865.39624,1733.2445,547.08356,931.5652,1650.6316,-204.50665,954.95575,1569.4524,204.08507,642.3017,1503.5165,-332.4662,690.04193,1394.4723,35.80178,558.03674,1793.9164,-16.407072,590.2486,1680.6893,408.5011,566.4818,1872.856,18.318737,633.6723,1760.1279,449.56378,403.1333,1775.0581,-41.572327,455.1051,1693.9807,432.81912
IMG_4832 copy 27.png,1431.2257,1752.6588,-0.44643998,1454.5371,1774.8053,-41.26883,1456.3524,1784.2694,-41.337376,1458.6593,1794.7021,-41.47391,1453.3091,1762.9194,29.394567,1453.8364,1762.5175,29.381254,1454.5457,1762.8018,29.178514,1453.0953,1838.666,-99.55568,1450.467,1801.1338,227.55923,1408.0825,1770.4944,-7.7310653,1407.1454,1753.7024,86.217804,1324.0537,1901.4414,-198.09033,1303.9309,1775.7079,398.76227,1081.9036,1931.5183,-313.76505,1083.7975,1753.3984,567.2693,879.12976,1959.1914,-458.51657,907.3155,1732.2627,570.6322,811.2124,1978.1908,-501.9134,854.82153,1720.2872,577.311,804.0053,1960.6486,-492.60413,849.02814,1729.2628,525.9206,829.39655,1953.6179,-452.47928,865.39624,1733.2445,547.08356,931.5652,1650.6316,-204.50665,954.95575,1569.4524,204.08507,642.3017,1503.5165,-332.4662,690.04193,1394.4723,35.80178,558.03674,1793.9164,-16.407072,590.2486,1680.6893,408.5011,566.4818,1872.856,18.318737,633.6723,1760.1279,449.56378,403.1333,1775.0581,-41.572327,455.1051,1693.9807,432.81912
IMG_4832 copy 28.png,1431.2257,1752.6588,-0.44643998,1454.5371,1774.8053,-41.26883,1456.3524,1784.2694,-41.337376,1458.6593,1794.7021,-41.47391,1453.3091,1762.9194,29.394567,1453.8364,1762.5175,29.381254,1454.5457,1762.8018,29.178514,1453.0953,1838.666,-99.55568,1450.467,1801.1338,227.55923,1408.0825,1770.4944,-7.7310653,1407.1454,1753.7024,86.217804,1324.0537,1901.4414,-198.09033,1303.9309,1775.7079,398.76227,1081.9036,1931.5183,-313.76505,1083.7975,1753.3984,567.2693,879.12976,1959.1914,-458.51657,907.3155,1732.2627,570.6322,811.2124,1978.1908,-501.9134,854.82153,1720.2872,577.311,804.0053,1960.6486,-492.60413,849.02814,1729.2628,525.9206,829.39655,1953.6179,-452.47928,865.39624,1733.2445,547.08356,931.5652,1650.6316,-204.50665,954.95575,1569.4524,204.08507,642.3017,1503.5165,-332.4662,690.04193,1394.4723,35.80178,558.03674,1793.9164,-16.407072,590.2486,1680.6893,408.5011,566.4818,1872.856,18.318737,633.6723,1760.1279,449.56378,403.1333,1775.0581,-41.572327,455.1051,1693.9807,432.81912
IMG_4832 copy 29.png,1431.2257,1752.6588,-0.44643998,1454.5371,1774.8053,-41.26883,1456.3524,1784.2694,-41.337376,1458.6593,1794.7021,-41.47391,1453.3091,1762.9194,29.394567,1453.8364,1762.5175,29.381254,1454.5457,1762.8018,29.178514,1453.0953,1838.666,-99.55568,1450.467,1801.1338,227.55923,1408.0825,1770.4944,-7.7310653,1407.1454,1753.7024,86.217804,1324.0537,1901.4414,-198.09033,1303.9309,1775.7079,398.76227,1081.9036,1931.5183,-313.76505,1083.7975,1753.3984,567.2693,879.12976,1959.1914,-458.51657,907.3155,1732.2627,570.6322,811.2124,1978.1908,-501.9134,854.82153,1720.2872,577.311,804.0053,1960.6486,-492.60413,849.02814,1729.2628,525.9206,829.39655,1953.6179,-452.47928,865.39624,1733.2445,547.08356,931.5652,1650.6316,-204.50665,954.95575,1569.4524,204.08507,642.3017,1503.5165,-332.4662,690.04193,1394.4723,35.80178,558.03674,1793.9164,-16.407072,590.2486,1680.6893,408.5011,566.4818,1872.856,18.318737,633.6723,1760.1279,449.56378,403.1333,1775.0581,-41.572327,455.1051,1693.9807,432.81912
IMG_4832 copy 3.png,1431.2257,1752.6588,-0.44643998,1454.5371,1774.8053,-41.26883,1456.3524,1784.2694,-41.337376,1458.6593,1794.7021,-41.47391,1453.3091,1762.9194,29.394567,1453.8364,1762.5175,29.381254,1454.5457,1762.8018,29.178514,1453.0953,1838.666,-99.55568,1450.467,1801.1338,227.55923,1408.0825,1770.4944,-7.7310653,1407.1454,1753.7024,86.217804,1324.0537,1901.4414,-198.09033,1303.9309,1775.7079,398.76227,1081.9036,1931.5183,-313.76505,1083.7975,1753.3984,567.2693,879.12976,1959.1914,-458.51657,907.3155,1732.2627,570.6322,811.2124,1978.1908,-501.9134,854.82153,1720.2872,577.311,804.0053,1960.6486,-492.60413,849.02814,1729.2628,525.9206,829.39655,1953.6179,-452.47928,865.39624,1733.2445,547.08356,931.5652,1650.6316,-204.50665,954.95575,1569.4524,204.08507,642.3017,1503.5165,-332.4662,690.04193,1394.4723,35.80178,558.03674,1793.9164,-16.407072,590.2486,1680.6893,408.5011,566.4818,1872.856,18.318737,633.6723,1760.1279,449.56378,403.1333,1775.0581,-41.572327,455.1051,1693.9807,432.81912
IMG_4832 copy 30.png,1431.2257,1752.6588,-0.44643998,1454.5371,1774.8053,-41.26883,1456.3524,1784.2694,-41.337376,1458.6593,1794.7021,-41.47391,1453.3091,1762.9194,29.394567,1453.8364,1762.5175,29.381254,1454.5457,1762.8018,29.178514,1453.0953,1838.666,-99.55568,1450.467,1801.1338,227.55923,1408.0825,1770.4944,-7.7310653,1407.1454,1753.7024,86.217804,1324.0537,1901.4414,-198.09033,1303.9309,1775.7079,398.76227,1081.9036,1931.5183,-313.76505,1083.7975,1753.3984,567.2693,879.12976,1959.1914,-458.51657,907.3155,1732.2627,570.6322,811.2124,1978.1908,-501.9134,854.82153,1720.2872,577.311,804.0053,1960.6486,-492.60413,849.02814,1729.2628,525.9206,829.39655,1953.6179,-452.47928,865.39624,1733.2445,547.08356,931.5652,1650.6316,-204.50665,954.95575,1569.4524,204.08507,642.3017,1503.5165,-332.4662,690.04193,1394.4723,35.80178,558.03674,1793.9164,-16.407072,590.2486,1680.6893,408.5011,566.4818,1872.856,18.318737,633.6723,1760.1279,449.56378,403.1333,1775.0581,-41.572327,455.1051,1693.9807,432.81912
IMG_4832 copy 4.png,1431.2257,1752.6588,-0.44643998,1454.5371,1774.8053,-41.26883,1456.3524,1784.2694,-41.337376,1458.6593,1794.7021,-41.47391,1453.3091,1762.9194,29.394567,1453.8364,1762.5175,29.381254,1454.5457,1762.8018,29.178514,1453.0953,1838.666,-99.55568,1450.467,1801.1338,227.55923,1408.0825,1770.4944,-7.7310653,1407.1454,1753.7024,86.217804,1324.0537,1901.4414,-198.09033,1303.9309,1775.7079,398.76227,1081.9036,1931.5183,-313.76505,1083.7975,1753.3984,567.2693,879.12976,1959.1914,-458.51657,907.3155,1732.2627,570.6322,811.2124,1978.1908,-501.9134,854.82153,1720.2872,577.311,804.0053,1960.6486,-492.60413,849.02814,1729.2628,525.9206,829.39655,1953.6179,-452.47928,865.39624,1733.2445,547.08356,931.5652,1650.6316,-204.50665,954.95575,1569.4524,204.08507,642.3017,1503.5165,-332.4662,690.04193,1394.4723,35.80178,558.03674,1793.9164,-16.407072,590.2486,1680.6893,408.5011,566.4818,1872.856,18.318737,633.6723,1760.1279,449.56378,403.1333,1775.0581,-41.572327,455.1051,1693.9807,432.81912
IMG_4832 copy 5.png,1431.2257,1752.6588,-0.44643998,1454.5371,1774.8053,-41.26883,1456.3524,1784.2694,-41.337376,1458.6593,1794.7021,-41.47391,1453.3091,1762.9194,29.394567,1453.8364,1762.5175,29.381254,1454.5457,1762.8018,29.178514,1453.0953,1838.666,-99.55568,1450.467,1801.1338,227.55923,1408.0825,1770.4944,-7.7310653,1407.1454,1753.7024,86.217804,1324.0537,1901.4414,-198.09033,1303.9309,1775.7079,398.76227,1081.9036,1931.5183,-313.76505,1083.7975,1753.3984,567.2693,879.12976,1959.1914,-458.51657,907.3155,1732.2627,570.6322,811.2124,1978.1908,-501.9134,854.82153,1720.2872,577.311,804.0053,1960.6486,-492.60413,849.02814,1729.2628,525.9206,829.39655,1953.6179,-452.47928,865.39624,1733.2445,547.08356,931.5652,1650.6316,-204.50665,954.95575,1569.4524,204.08507,642.3017,1503.5165,-332.4662,690.04193,1394.4723,35.80178,558.03674,1793.9164,-16.407072,590.2486,1680.6893,408.5011,566.4818,1872.856,18.318737,633.6723,1760.1279,449.56378,403.1333,1775.0581,-41.572327,455.1051,1693.9807,432.81912
IMG_4832 copy 6.png,1431.2257,1752.6588,-0.44643998,1454.5371,1774.8053,-41.26883,1456.3524,1784.2694,-41.337376,1458.6593,1794.7021,-41.47391,1453.3091,1762.9194,29.394567,1453.8364,1762.5175,29.381254,1454.5457,1762.8018,29.178514,1453.0953,1838.666,-99.55568,1450.467,1801.1338,227.55923,1408.0825,1770.4944,-7.7310653,1407.1454,1753.7024,86.217804,1324.0537,1901.4414,-198.09033,1303.9309,1775.7079,398.76227,1081.9036,1931.5183,-313.76505,1083.7975,1753.3984,567.2693,879.12976,1959.1914,-458.51657,907.3155,1732.2627,570.6322,811.2124,1978.1908,-501.9134,854.82153,1720.2872,577.311,804.0053,1960.6486,-492.60413,849.02814,1729.2628,525.9206,829.39655,1953.6179,-452.47928,865.39624,1733.2445,547.08356,931.5652,1650.6316,-204.50665,954.95575,1569.4524,204.08507,642.3017,1503.5165,-332.4662,690.04193,1394.4723,35.80178,558.03674,1793.9164,-16.407072,590.2486,1680.6893,408.5011,566.4818,1872.856,18.318737,633.6723,1760.1279,449.56378,403.1333,1775.0581,-41.572327,455.1051,1693.9807,432.81912
IMG_4832 copy 7.png,1431.2257,1752.6588,-0.44643998,1454.5371,1774.8053,-41.26883,1456.3524,1784.2694,-41.337376,1458.6593,1794.7021,-41.47391,1453.3091,1762.9194,29.394567,1453.8364,1762.5175,29.381254,1454.5457,1762.8018,29.178514,1453.0953,1838.666,-99.55568,1450.467,1801.1338,227.55923,1408.0825,1770.4944,-7.7310653,1407.1454,1753.7024,86.217804,1324.0537,1901.4414,-198.09033,1303.9309,1775.7079,398.76227,1081.9036,1931.5183,-313.76505,1083.7975,1753.3984,567.2693,879.12976,1959.1914,-458.51657,907.3155,1732.2627,570.6322,811.2124,1978.1908,-501.9134,854.82153,1720.2872,577.311,804.0053,1960.6486,-492.60413,849.02814,1729.2628,525.9206,829.39655,1953.6179,-452.47928,865.39624,1733.2445,547.08356,931.5652,1650.6316,-204.50665,954.95575,1569.4524,204.08507,642.3017,1503.5165,-332.4662,690.04193,1394.4723,35.80178,558.03674,1793.9164,-16.407072,590.2486,1680.6893,408.5011,566.4818,1872.856,18.318737,633.6723,1760.1279,449.56378,403.1333,1775.0581,-41.572327,455.1051,1693.9807,432.81912
IMG_4832 copy 8.png,1431.2257,1752.6588,-0.44643998,1454.5371,1774.8053,-41.26883,1456.3524,1784.2694,-41.337376,1458.6593,1794.7021,-41.47391,1453.3091,1762.9194,29.394567,1453.8364,1762.5175,29.381254,1454.5457,1762.8018,29.178514,1453.0953,1838.666,-99.55568,1450.467,1801.1338,227.55923,1408.0825,1770.4944,-7.7310653,1407.1454,1753.7024,86.217804,1324.0537,1901.4414,-198.09033,1303.9309,1775.7079,398.76227,1081.9036,1931.5183,-313.76505,1083.7975,1753.3984,567.2693,879.12976,1959.1914,-458.51657,907.3155,1732.2627,570.6322,811.2124,1978.1908,-501.9134,854.82153,1720.2872,577.311,804.0053,1960.6486,-492.60413,849.02814,1729.2628,525.9206,829.39655,1953.6179,-452.47928,865.39624,1733.2445,547.08356,931.5652,1650.6316,-204.50665,954.95575,1569.4524,204.08507,642.3017,1503.5165,-332.4662,690.04193,1394.4723,35.80178,558.03674,1793.9164,-16.407072,590.2486,1680.6893,408.5011,566.4818,1872.856,18.318737,633.6723,1760.1279,449.56378,403.1333,1775.0581,-41.572327,455.1051,1693.9807,432.81912
IMG_4832 copy 9.png,1431.2257,1752.6588,-0.44643998,1454.5371,1774.8053,-41.26883,1456.3524,1784.2694,-41.337376,1458.6593,1794.7021,-41.47391,1453.3091,1762.9194,29.394567,1453.8364,1762.5175,29.381254,1454.5457,1762.8018,29.178514,1453.0953,1838.666,-99.55568,1450.467,1801.1338,227.55923,1408.0825,1770.4944,-7.7310653,1407.1454,1753.7024,86.217804,1324.0537,1901.4414,-198.09033,1303.9309,1775.7079,398.76227,1081.9036,1931.5183,-313.76505,1083.7975,1753.3984,567.2693,879.12976,1959.1914,-458.51657,907.3155,1732.2627,570.6322,811.2124,1978.1908,-501.9134,854.82153,1720.2872,577.311,804.0053,1960.6486,-492.60413,849.02814,1729.2628,525.9206,829.39655,1953.6179,-452.47928,865.39624,1733.2445,547.08356,931.5652,1650.6316,-204.50665,954.95575,1569.4524,204.08507,642.3017,1503.5165,-332.4662,690.04193,1394.4723,35.80178,558.03674,1793.9164,-16.407072,590.2486,1680.6893,408.5011,566.4818,1872.856,18.318737,633.6723,1760.1279,449.56378,403.1333,1775.0581,-41.572327,455.1051,1693.9807,432.81912
IMG_4832 copy.png,1431.2257,1752.6588,-0.44643998,1454.5371,1774.8053,-41.26883,1456.3524,1784.2694,-41.337376,1458.6593,1794.7021,-41.47391,1453.3091,1762.9194,29.394567,1453.8364,1762.5175,29.381254,1454.5457,1762.8018,29.178514,1453.0953,1838.666,-99.55568,1450.467,1801.1338,227.55923,1408.0825,1770.4944,-7.7310653,1407.1454,1753.7024,86.217804,1324.0537,1901.4414,-198.09033,1303.9309,1775.7079,398.76227,1081.9036,1931.5183,-313.76505,1083.7975,1753.3984,567.2693,879.12976,1959.1914,-458.51657,907.3155,1732.2627,570.6322,811.2124,1978.1908,-501.9134,854.82153,1720.2872,577.311,804.0053,1960.6486,-492.60413,849.02814,1729.2628,525.9206,829.39655,1953.6179,-452.47928,865.39624,1733.2445,547.08356,931.5652,1650.6316,-204.50665,954.95575,1569.4524,204.08507,642.3017,1503.5165,-332.4662,690.04193,1394.4723,35.80178,558.03674,1793.9164,-16.407072,590.2486,1680.6893,408.5011,566.4818,1872.856,18.318737,633.6723,1760.1279,449.56378,403.1333,1775.0581,-41.572327,455.1051,1693.9807,432.81912
IMG_4832.png,1431.2257,1752.6588,-0.44643998,1454.5371,1774.8053,-41.26883,1456.3524,1784.2694,-41.337376,1458.6593,1794.7021,-41.47391,1453.3091,1762.9194,29.394567,1453.8364,1762.5175,29.381254,1454.5457,1762.8018,29.178514,1453.0953,1838.666,-99.55568,1450.467,1801.1338,227.55923,1408.0825,1770.4944,-7.7310653,1407.1454,1753.7024,86.217804,1324.0537,1901.4414,-198.09033,1303.9309,1775.7079,398.76227,1081.9036,1931.5183,-313.76505,1083.7975,1753.3984,567.2693,879.12976,1959.1914,-458.51657,907.3155,1732.2627,570.6322,811.2124,1978.1908,-501.9134,854.82153,1720.2872,577.311,804.0053,1960.6486,-492.60413,849.02814,1729.2628,525.9206,829.39655,1953.6179,-452.47928,865.39624,1733.2445,547.08356,931.5652,1650.6316,-204.50665,954.95575,1569.4524,204.08507,642.3017,1503.5165,-332.4662,690.04193,1394.4723,35.80178,558.03674,1793.9164,-16.407072,590.2486,1680.6893,408.5011,566.4818,1872.856,18.318737,633.6723,1760.1279,449.56378,403.1333,1775.0581,-41.572327,455.1051,1693.9807,432.81912
IMG_4834.JPG,1122.8029,1356.6768,753.4908,1151.5833,1369.27,743.44135,1156.7887,1375.1005,743.4677,1162.0724,1380.9128,743.2544,1140.0863,1361.8757,799.2205,1137.1262,1362.5543,799.52985,1134.4054,1363.4012,799.6819,1169.425,1414.5115,701.5209,1134.7551,1386.8513,961.9247,1113.6056,1376.6222,731.7596,1101.5481,1370.3618,806.19965,1150.7539,1495.6453,412.59277,1004.6754,1441.7054,934.536,1063.5288,1598.5498,15.600935,821.0828,1510.592,781.4457,941.8627,1698.3372,-499.20425,631.3291,1576.5614,663.4445,903.3906,1741.3221,-582.3034,588.3249,1592.635,658.52454,889.47473,1734.6,-563.478,583.7425,1589.564,613.6527,898.09534,1719.6702,-501.9283,566.3752,1592.2196,640.30817,857.2919,1446.5845,-191.02898,726.1984,1428.1421,191.1289,611.5969,1385.7458,-552.2432,376.94095,1340.1516,99.95556,629.47626,1759.6986,-916.95087,342.6598,1669.0759,-243.27145,658.8763,1801.8073,-949.9245,358.93533,1733.0919,-289.46158,501.807,1810.4337,-1092.1819,215.9482,1699.7297,-419.87354
IMG_4835.JPG,1340.86,1236.9103,847.34216,1351.7369,1232.2024,837.1339,1353.2935,1233.1812,837.18536,1356.0266,1235.1388,836.8593,1348.267,1234.1733,862.01306,1346.9623,1227.8826,862.4369,1348.1602,1231.5825,862.5992,1377.1364,1251.9525,789.54407,1361.7993,1251.0938,913.2666,1346.3234,1260.2833,834.32404,1338.3235,1261.5487,869.73865,1455.5488,1380.2136,557.0739,1311.7125,1360.209,837.5447,1343.4762,1555.5555,332.66876,1076.4193,1551.6321,699.82574,1266.7972,1727.113,-37.471806,795.92896,1609.5577,533.98737,1274.7358,1775.7142,-159.19295,756.1234,1641.3741,487.37448,1327.9424,1748.8068,-159.58298,761.8099,1657.7443,445.15265,1247.2761,1756.3876,-54.393272,779.15533,1651.6327,509.94003,1184.4408,1397.5981,-141.98131,1068.8312,1394.2952,141.66946,1064.1572,1471.0679,-685.3728,699.88153,1331.9154,-65.56056,1057.8344,1808.4514,-779.42145,632.3582,1722.4355,43.517612,1065.6182,1847.2648,-784.77576,665.15436,1771.452,51.032146,1050.8645,1959.3716,-879.95825,496.58008,1794.2233,-26.56499
IMG_4860.JPG,413.90054,1989.3484,-1412.394,383.51648,2014.873,-1367.0206,378.19855,2014.5916,-1367.0432,371.64322,2014.8721,-1367.3611,398.9668,2029.4374,-1466.5659,406.48245,2041.5673,-1467.0188,414.3231,2055.301,-1467.3864,377.65445,2058.8396,-1002.91675,441.50793,2127.4197,-1448.0507,438.6511,1975.3517,-1259.2549,459.91745,1993.4917,-1389.159,449.37857,1975.4994,-477.60254,755.29614,2135.879,-1409.5687,650.8469,1860.3595,325.67746,1060.5848,2063.9316,-1347.9385,789.2859,1732.0609,958.46027,1329.3618,2010.9398,-1088.277,820.39417,1693.1888,1125.7976,1421.1151,2020.0266,-1092.3638,829.056,1677.3472,1055.8102,1416.2241,2000.1853,-1135.1334,830.08484,1699.863,951.18634,1390.2733,1988.4431,-1093.51,908.662,1632.9329,289.89664,1046.697,1734.9965,-290.5547,1116.5328,1280.3214,604.80396,1401.2593,1387.6475,-287.69073,1203.3591,1584.5796,1673.8184,1491.2969,1732.1265,551.50867,1184.6993,1643.7177,1794.2014,1481.897,1819.526,650.9992,1348.9705,1557.7168,1972.7191,1637.5089,1683.4496,729.0286
IMG_4861.JPG,527.69324,1664.9292,-646.17676,499.9503,1682.6603,-619.78766,499.35703,1683.3762,-619.7221,498.71423,1684.1713,-619.84,505.60437,1691.4645,-713.8921,509.4371,1699.5005,-713.92694,513.6881,1708.8486,-714.17413,520.5227,1730.2438,-397.8635,537.595,1765.4219,-834.5527,558.577,1664.6119,-550.61487,564.5131,1676.2838,-677.0813,629.25226,1700.7811,-99.82588,751.45526,1816.4215,-864.1478,728.6513,1651.4752,431.79327,1011.4279,1807.8302,-947.9539,669.46106,1647.3173,867.53827,1230.3612,1794.525,-954.95233,648.9277,1641.5367,965.75885,1299.8256,1811.9388,-969.34125,636.4025,1656.3145,937.77344,1299.1719,1795.8774,-1011.53436,650.23926,1657.8271,865.8053,1279.7909,1783.7697,-964.03973,1031.7128,1423.5991,246.73494,1116.8883,1498.5621,-246.7687,1267.1812,1280.6913,546.93536,1410.408,1363.7313,-285.08972,1394.1171,1528.7731,1188.1776,1532.812,1612.3171,150.26161,1375.3425,1580.5903,1254.5338,1534.2866,1680.9506,198.91373,1487.8578,1572.0106,1329.5526,1651.4746,1570.531,206.42793
IMG_4862.JPG,1342.0483,1670.8439,-1515.4725,1357.4478,1710.2242,-1572.8154,1347.8982,1722.4326,-1572.8274,1337.6234,1737.2092,-1573.6305,1383.461,1690.7377,-1498.2732,1393.3184,1687.7378,-1498.2422,1404.0232,1684.8535,-1498.2606,1311.261,1804.566,-1507.0386,1406.7407,1716.3372,-1164.0364,1292.8373,1675.9349,-1460.9457,1324.4283,1650.1759,-1363.2528,1069.948,1781.6896,-1325.8177,1380.5614,1654.0093,-605.5603,787.27124,1675.4218,-1319.6554,1259.3223,1516.1506,253.40378,571.1886,1590.6326,-1459.3942,1216.4232,1437.4138,960.80444,485.62903,1593.5192,-1530.4473,1174.5042,1354.1271,1125.205,485.84363,1567.6334,-1628.9976,1181.6279,1360.2048,1016.4716,513.79724,1562.0741,-1496.2405,1191.0726,1418.0922,946.5948,879.6042,1383.9387,-231.84868,1034.2651,1297.4353,232.1612,593.4544,998.8699,-417.40887,906.4032,946.3517,616.9669,473.07657,1315.056,497.85538,891.57166,1187.9163,1721.6189,494.84894,1380.8885,614.5479,906.0468,1221.9121,1858.7605,340.26578,1252.864,779.52344,821.928,1163.906,2083.6294
IMG_4863.JPG,1535.0234,2185.1648,-630.6106,1543.5676,2242.841,-709.70905,1531.9218,2253.6963,-710.03754,1519.322,2265.589,-710.87494,1567.702,2225.0728,-604.3176,1573.9019,2222.8987,-604.11115,1580.3933,2221.079,-604.22876,1434.2604,2338.1592,-799.9298,1533.0968,2262.9917,-301.797,1476.5143,2172.8728,-639.1689,1503.5908,2154.832,-495.8979,1121.25,2298.2573,-822.106,1459.5361,2095.9314,52.18394,822.76135,2134.3223,-806.8427,1341.1714,1897.6813,653.4222,590.52484,1983.9825,-702.0455,1363.7648,1998.936,1230.5336,493.68546,1970.4993,-708.2887,1360.0968,2039.4618,1353.9376,506.96695,1936.279,-785.32776,1358.4937,2054.5947,1338.8966,547.0967,1939.6925,-719.35736,1354.5845,2054.6873,1235.731,878.4495,1684.9401,-273.1418,1083.8865,1569.0596,273.2745,538.0346,1209.1053,-644.2784,868.36743,1133.9,291.472,493.25977,1484.5802,591.9139,787.8314,1452.1528,1505.149,486.85742,1567.5205,741.5409,797.9352,1528.834,1656.0962,304.8108,1382.8671,939.64954,658.3974,1393.6482,1913.4246
IMG_4864.JPG,1657.2773,1521.7238,-205.92084,1685.715,1541.2328,-230.36713,1686.2299,1550.1835,-230.40196,1686.803,1560.6929,-230.61694,1685.2769,1528.8513,-158.22977,1685.5388,1527.7708,-158.09836,1685.9503,1526.7771,-158.17183,1673.1116,1606.3315,-222.7608,1672.556,1559.3672,97.43744,1619.6754,1541.908,-195.08488,1621.169,1526.1936,-102.4448,1510.5447,1668.9349,-420.5268,1505.3727,1545.0491,444.9969,1247.6461,1715.3375,-509.95825,1275.6271,1546.2689,638.9561,1036.0703,1766.2529,-535.9946,1104.6047,1528.2324,579.7687,962.05707,1800.8892,-597.25183,1051.7726,1522.1517,616.11865,948.45087,1780.9961,-565.7317,1056.5361,1523.159,550.48486,974.9617,1764.5724,-517.666,1067.4806,1526.8741,551.6366,1119.923,1544.5887,-287.00418,1134.0851,1464.855,286.68353,785.5346,1324.3383,-522.5262,847.8173,1254.3947,113.14673,673.05066,1625.4564,-109.50694,737.39886,1504.2443,547.2709,681.64905,1694.1571,-62.837276,726.1536,1561.0327,588.7704,496.69077,1633.5269,-75.22571,582.6043,1531.7877,573.4214
IMG_4866.JPG,1568.4882,1329.8347,559.6575,1603.0287,1344.1305,558.62494,1608.2303,1354.5525,558.4417,1613.2207,1365.853,558.1585,1592.5188,1330.0337,630.1798,1590.3324,1328.2297,630.5822,1588.3014,1325.9242,630.7088,1617.1995,1411.3223,587.8172,1589.3322,1354.7678,922.4796,1549.6616,1355.9196,569.31976,1540.6113,1337.5251,665.5957,1559.7476,1510.4719,345.5518,1420.7844,1409.0764,1024.09,1424.2065,1645.0448,-75.71088,1156.4904,1500.4628,1027.3374,1290.2744,1746.5518,-562.47394,962.21875,1535.2496,917.7168,1250.5116,1808.8472,-656.36664,886.8544,1539.8489,928.60065,1234.3334,1791.0072,-626.9602,895.74286,1542.5516,871.0611,1243.228,1760.2592,-558.3517,928.6063,1535.1586,890.5286,1191.5656,1466.1608,-230.99297,1071.0057,1417.5477,230.59291,887.1722,1376.4304,-562.8356,752.1186,1245.7776,-9.420345,846.8721,1766.5881,-696.4032,636.9403,1601.6094,-69.457985,865.8293,1826.2092,-705.57556,651.00104,1683.7017,-82.04584,694.24634,1820.4834,-844.2326,475.03726,1622.3654,-196.73822
IMG_4867.JPG,594.2983,1425.824,833.969,569.8644,1434.53,914.32104,570.388,1436.1416,914.3799,570.87115,1437.8782,914.2915,565.2671,1440.5339,824.26,562.0808,1447.0974,824.0057,558.4791,1454.0773,823.7022,574.1894,1478.5513,1197.1052,557.2824,1497.7102,775.43097,622.48175,1437.9338,937.07196,615.7451,1443.7189,813.9409,760.34607,1528.4452,1279.88,595.4249,1617.1493,457.8589,1000.7828,1644.2145,1268.887,703.5619,1741.4218,-31.861246,1228.6565,1711.0652,1072.2906,879.02423,1851.7849,-505.5315,1283.9305,1755.4397,1059.4016,930.9168,1912.4539,-603.4989,1282.0668,1754.4642,1010.78186,942.8257,1892.0311,-568.22595,1252.2139,1752.7574,1041.1715,932.66077,1869.276,-495.68332,1042.0897,1519.2444,287.1428,949.23444,1565.4653,-288.05875,1430.4973,1437.5665,-102.01605,1266.5393,1557.361,-757.00684,1528.9388,1809.0815,-21.197805,1387.703,1941.1644,-778.168,1521.6552,1900.9968,-14.773289,1377.2502,2022.3977,-774.5844,1676.2233,1875.4835,-67.04899,1535.5078,1981.5226,-853.957
IMG_4869.JPG,621.7415,1578.4159,795.8151,592.1138,1583.0208,884.7052,592.9502,1584.6073,884.802,593.8612,1586.4961,884.79047,585.2802,1590.3676,799.49866,580.5854,1598.018,799.2586,575.5591,1606.5288,799.0213,593.2756,1632.8353,1185.2003,567.2263,1659.4418,792.1003,648.79675,1598.0112,897.9821,642.7065,1604.3595,784.10815,807.189,1695.1654,1199.1284,607.959,1810.3964,518.7471,1086.8105,1840.8826,1186.6971,717.3444,1989.2274,-2.6968002,1355.8955,1895.544,884.4121,829.067,2175.0708,-478.69724,1434.6877,1912.6987,831.4799,843.1459,2246.51,-564.61206,1431.1969,1924.0854,790.6329,859.46375,2236.6328,-589.95557,1404.5859,1919.3108,853.28796,862.7877,2207.4053,-498.71106,1136.0676,1737.8872,227.53156,993.1369,1828.8312,-229.19202,1486.4231,1584.6249,-402.26596,1157.0621,1758.3868,-802.2833,1649.8578,2039.2125,-353.71133,1469.4141,2062.3547,-916.26733,1611.9062,2112.778,-341.79425,1465.4084,2115.729,-922.20447,1735.9004,2158.9443,-507.832,1696.6199,2138.595,-1128.8715
IMG_5307.JPG,829.55853,827.2685,-317.47247,800.1631,847.5588,-291.29504,799.00604,850.44354,-291.37827,797.5654,854.1108,-291.2809,800.4449,856.09045,-388.14627,799.7074,865.77875,-388.33722,798.97736,876.01105,-388.52377,804.629,897.27704,-104.568016,809.7787,922.9098,-547.738,863.32764,840.3609,-231.59657,865.3016,851.0132,-359.43747,990.5541,892.21466,197.44499,985.2936,965.68005,-719.4374,1282.2338,906.1511,303.12732,1280.8848,994.63947,-848.2108,1507.6233,910.0423,212.26872,1531.6852,996.258,-889.02576,1580.4226,919.1839,214.75227,1620.4945,1012.97797,-969.7053,1593.2867,914.56525,126.39554,1632.8319,992.7039,-938.10474,1569.634,910.422,171.02701,1605.2838,980.6617,-870.50024,1432.7565,732.96686,296.3301,1462.5377,780.32104,-296.19772,1726.7524,661.17847,430.21823,1787.0309,629.55914,-425.949,1937.0298,854.61273,683.4231,1998.6696,892.64966,-82.0533,1946.8995,917.781,699.7616,2016.9067,956.68384,-45.91742,2066.6274,831.5075,649.67236,2138.1973,840.33746,-104.403595
IMG_5308.JPG,1102.1593,801.82654,-562.1307,1076.53,826.3107,-535.11816,1076.0135,827.428,-535.17786,1075.3859,828.778,-535.14624,1081.6718,837.8765,-613.4235,1084.6853,847.1894,-613.64557,1087.4194,856.67786,-613.73035,1092.6471,863.6236,-324.3632,1105.7404,900.0175,-678.79193,1136.9937,802.76984,-467.0153,1142.9652,815.1883,-568.5447,1254.1388,840.5373,-14.125126,1300.6561,899.98035,-758.0837,1511.701,841.4469,114.054085,1594.4077,912.209,-776.68774,1758.1316,832.1901,87.59702,1837.2959,897.48175,-719.41364,1811.3143,836.0392,94.99239,1925.3652,914.70953,-766.81165,1820.346,828.2928,36.9744,1939.7769,895.6037,-747.8427,1796.3185,824.5075,60.923946,1905.1932,883.29474,-706.07574,1698.1051,653.29065,271.17163,1750.1855,691.0953,-271.4475,1959.9843,564.86554,473.87677,2022.2915,510.19873,-280.92755,2176.932,740.2272,700.16797,2245.856,773.9544,60.882214,2187.5261,796.93134,718.2638,2263.3374,839.4922,100.56876,2291.5825,701.76447,731.6698,2368.1018,702.5442,117.302246
IMG_5309.JPG,806.4203,900.3746,-1147.7471,776.89594,933.6213,-1128.8611,774.0773,935.91956,-1128.7389,770.9737,938.42377,-1128.9766,788.0912,941.4057,-1206.345,793.4732,949.9133,-1206.671,799.52686,959.63727,-1206.9595,794.0351,975.9386,-881.6821,834.2695,1014.2426,-1225.0782,836.9464,895.99603,-1033.0293,851.6541,908.45496,-1132.6471,889.92664,935.1322,-509.86493,1099.3984,979.82135,-1169.472,1073.0599,869.02826,92.85747,1403.8464,959.95795,-1215.0552,1083.2202,717.3372,552.37836,1674.0786,920.43665,-1209.1256,1077.4066,695.40265,644.3636,1727.2322,929.37335,-1261.9146,1106.3434,697.46533,570.7993,1729.9204,915.18,-1314.4358,1149.3011,684.5694,539.2761,1710.5018,907.8195,-1227.3494,1334.5941,763.67865,237.49474,1435.5736,737.1813,-237.74548,1500.2177,614.1864,861.03467,1667.3878,525.446,53.385265,1693.9467,773.3942,1506.8177,1880.0507,775.4111,573.92255,1713.0363,843.10144,1571.6425,1903.2949,837.524,632.33075,1768.6068,785.01587,1617.8013,1948.9589,723.0275,602.67255
IMG_5310.JPG,1451.3749,935.69025,-1213.266,1423.1267,951.0117,-1226.283,1421.0272,913.0508,-1226.251,1421.2827,914.68964,-1226.5062,1437.6328,960.2356,-1241.7369,1442.935,962.9792,-1242.0494,1448.1709,965.71606,-1242.5261,1455.4706,921.86914,-1103.6636,1482.7557,952.3005,-1164.4509,1481.037,851.24225,-1143.8088,1483.434,915.3162,-1160.8087,1519.662,791.3381,-827.6578,1636.1265,884.0371,-1019.86383,1823.0011,767.70654,-590.80255,1962.8939,863.7759,-878.0991,2069.9854,765.6708,-379.95264,2202.6057,819.1453,-742.98096,2120.658,752.42426,-377.73337,2259.5938,836.72205,-780.8901,2134.3523,766.1649,-407.1227,2259.3486,815.85345,-816.22784,2116.442,774.1493,-384.5905,2240.6123,802.5193,-757.9726,1918.9447,693.3595,121.33791,1968.808,745.3161,-122.083626,2136.3428,450.17795,402.11163,2070.672,515.7281,245.84946,2164.6245,660.321,1402.5219,2226.0837,646.6435,1080.8982,2137.799,689.5979,1514.9104,2232.8494,681.75653,1181.6807,2244.5847,716.0511,1595.8672,2303.5884,626.83606,1258.3031
IMG_5311.JPG,1606.4111,878.61694,-1457.1893,1565.2899,910.3811,-1436.3735,1555.015,911.57745,-1436.1671,1545.6221,911.8078,-1436.1658,1607.509,918.0376,-1487.4226,1626.9403,925.45526,-1487.8955,1645.3859,933.28503,-1488.0597,1549.5375,940.0651,-1145.3297,1685.3143,988.0357,-1386.7896,1624.1539,855.21265,-1328.5773,1658.753,869.4151,-1398.0963,1593.122,861.13324,-776.2748,1873.746,986.88367,-1129.6614,1648.2494,726.8788,-320.5941,2053.1997,935.57434,-819.506,1727.914,601.0036,-38.232555,2176.7947,873.3143,-516.5403,1744.0371,562.6018,15.281706,2223.1812,873.6651,-507.18896,1750.3883,560.63055,-19.053041,2217.2598,853.01495,-545.19025,1757.0515,579.3477,-43.50293,2198.7952,843.04486,-524.26184,1796.0964,643.2469,103.13821,1954.1163,682.7605,-103.0993,1816.5433,487.4494,786.69867,2016.3842,543.7373,477.09485,1854.5905,479.49118,1539.8116,2048.1255,545.8557,1281.5847,1866.0546,488.92612,1619.1017,2044.7626,559.32446,1365.6276,1869.4705,400.8928,1608.2378,2068.8484,452.7125,1307.6697
IMG_5312.JPG,2347.6375,713.1298,-1193.9438,2344.1448,764.6609,-1241.5334,2328.0283,775.69305,-1241.4031,2311.8306,786.5345,-1241.8236,2385.4766,746.09,-1216.5344,2400.5066,742.41327,-1216.52,2415.5454,738.7108,-1216.214,2274.644,819.7532,-1208.2753,2424.9734,767.0872,-1089.85,2296.3267,711.99396,-1151.3115,2345.0679,688.6091,-1117.1887,2097.9006,792.46173,-866.897,2395.3325,708.23065,-845.05676,1945.6279,731.8898,-379.80206,2358.5173,655.68964,-237.92197,1946.1835,735.985,110.93496,2386.9795,678.90515,333.59668,1939.0085,734.53296,174.9761,2443.2737,671.8399,394.63562,1977.2394,729.08636,161.91705,2436.2644,677.29193,380.52008,1983.209,725.41736,118.01629,2391.6887,682.8091,339.64108,2074.94,459.85522,-25.263414,2224.7998,419.24707,26.181046,1997.6449,358.48096,595.0001,2183.978,291.12448,709.8204,2009.8279,286.09067,1421.0126,2114.8516,238.73715,1479.1757,2018.123,287.10864,1507.4662,2090.8691,250.23534,1558.1211,2009.528,220.46722,1487.3383,2074.774,152.22963,1509.286
IMG_5313.JPG,2505.5134,667.36707,-1175.0612,2540.6135,715.35364,-1251.7822,2499.2832,725.4609,-1251.8193,2494.8416,735.15704,-1252.2787,2556.793,704.56836,-1183.6049,2560.6294,706.927,-1183.7583,2563.867,708.62476,-1183.9669,2475.9631,776.3748,-1336.2223,2514.7798,726.98364,-1019.78284,2451.656,680.27466,-1177.678,2469.8916,666.3658,-1087.3473,2194.0405,823.6603,-1222.527,2405.4456,678.8292,-620.8231,1918.2009,834.0353,-1040.1876,2195.292,597.69946,39.168633,1702.2384,830.00165,-930.1437,2143.4216,519.54517,582.56165,1646.395,842.3796,-965.871,2124.6208,503.0602,691.8185,1637.1001,815.45166,-1035.5789,2144.095,491.24374,600.37695,1655.0917,811.0499,-950.47577,2141.7454,500.5151,566.20355,1897.7402,577.146,-209.2169,1992.2306,531.7219,209.27856,1663.2605,340.02017,126.03833,1899.6927,354.53513,953.23315,1585.7689,633.1086,815.2081,1842.3823,440.3297,1585.9392,1608.3485,692.42444,901.0767,1829.3597,465.59918,1664.2427,1533.7242,651.3511,1021.94257,1799.915,392.13492,1797.1764
IMG_5314.JPG,2754.9958,623.9339,-1025.8307,2800.4517,664.8591,-1121.0428,2798.6252,676.05096,-1121.017,2797.5027,687.65204,-1121.4033,2807.8406,649.42664,-1002.28845,2810.8792,650.56104,-1002.57477,2814.5535,652.58545,-1002.7121,2779.6401,774.65454,-1304.209,2796.14,732.0082,-761.0951,2695.5332,654.45856,-1065.9918,2704.448,633.644,-909.8464,2430.5469,848.4045,-1338.467,2596.5625,703.8887,-295.84518,2048.3777,939.113,-1337.0536,2238.425,710.5916,403.77206,1730.119,972.7678,-1337.2689,2078.028,665.6653,873.4082,1640.7604,1000.81354,-1426.7367,2032.8738,662.4449,978.49316,1623.5914,976.23517,-1435.6301,2048.0823,641.21533,857.5463,1652.7961,963.6947,-1335.2786,2059.2512,649.48376,839.9072,1872.3414,626.184,-369.92984,1975.2369,560.43085,370.24118,1502.3262,454.89346,-208.60065,1626.5206,487.82593,1062.6118,1365.689,819.81433,375.2204,1503.648,763.7807,1694.369,1372.8253,901.64594,444.34006,1508.6049,821.5328,1763.9243,1215.6531,796.3064,431.35693,1345.0524,770.3717,1791.2151
IMG_5315 copy 10.JPG,2906.9724,775.91034,-145.0387,2960.1714,816.86664,-231.0314,2961.996,826.2873,-231.04355,2964.043,836.9136,-231.10689,2958.6091,808.17755,-111.71799,2959.5928,811.5897,-111.64599,2961.5269,815.0776,-111.78829,2945.421,911.5741,-416.7744,2948.2974,876.0489,114.80264,2859.2744,802.5384,-197.5758,2856.868,788.0371,-43.672577,2679.9065,1030.5562,-628.4885,2632.3176,886.3067,462.20773,2259.3557,1154.762,-739.4086,2245.8997,967.12976,711.24554,1867.9222,1214.1055,-734.7308,1929.9955,1016.0902,595.6869,1740.1333,1261.2147,-806.6963,1841.4336,1006.42883,601.4023,1724.5988,1238.8208,-764.7662,1832.4009,1014.9576,478.5838,1762.0681,1214.5549,-706.3089,1858.5175,1019.6112,541.1957,1895.1119,874.54285,-362.07913,1885.3695,759.2089,361.55072,1399.3828,712.31274,-408.1874,1415.567,686.4061,301.2669,1140.1448,1185.7528,-137.0431,1141.9807,1081.9825,639.8484,1140.5853,1283.473,-111.08758,1147.0619,1198.4625,668.3914,858.70013,1179.7952,-217.77115,913.8881,1059.6213,621.9436
IMG_5315 copy 11.JPG,2906.9724,775.91034,-145.0387,2960.1714,816.86664,-231.0314,2961.996,826.2873,-231.04355,2964.043,836.9136,-231.10689,2958.6091,808.17755,-111.71799,2959.5928,811.5897,-111.64599,2961.5269,815.0776,-111.78829,2945.421,911.5741,-416.7744,2948.2974,876.0489,114.80264,2859.2744,802.5384,-197.5758,2856.868,788.0371,-43.672577,2679.9065,1030.5562,-628.4885,2632.3176,886.3067,462.20773,2259.3557,1154.762,-739.4086,2245.8997,967.12976,711.24554,1867.9222,1214.1055,-734.7308,1929.9955,1016.0902,595.6869,1740.1333,1261.2147,-806.6963,1841.4336,1006.42883,601.4023,1724.5988,1238.8208,-764.7662,1832.4009,1014.9576,478.5838,1762.0681,1214.5549,-706.3089,1858.5175,1019.6112,541.1957,1895.1119,874.54285,-362.07913,1885.3695,759.2089,361.55072,1399.3828,712.31274,-408.1874,1415.567,686.4061,301.2669,1140.1448,1185.7528,-137.0431,1141.9807,1081.9825,639.8484,1140.5853,1283.473,-111.08758,1147.0619,1198.4625,668.3914,858.70013,1179.7952,-217.77115,913.8881,1059.6213,621.9436
IMG_5315 copy 12.JPG,2906.9724,775.91034,-145.0387,2960.1714,816.86664,-231.0314,2961.996,826.2873,-231.04355,2964.043,836.9136,-231.10689,2958.6091,808.17755,-111.71799,2959.5928,811.5897,-111.64599,2961.5269,815.0776,-111.78829,2945.421,911.5741,-416.7744,2948.2974,876.0489,114.80264,2859.2744,802.5384,-197.5758,2856.868,788.0371,-43.672577,2679.9065,1030.5562,-628.4885,2632.3176,886.3067,462.20773,2259.3557,1154.762,-739.4086,2245.8997,967.12976,711.24554,1867.9222,1214.1055,-734.7308,1929.9955,1016.0902,595.6869,1740.1333,1261.2147,-806.6963,1841.4336,1006.42883,601.4023,1724.5988,1238.8208,-764.7662,1832.4009,1014.9576,478.5838,1762.0681,1214.5549,-706.3089,1858.5175,1019.6112,541.1957,1895.1119,874.54285,-362.07913,1885.3695,759.2089,361.55072,1399.3828,712.31274,-408.1874,1415.567,686.4061,301.2669,1140.1448,1185.7528,-137.0431,1141.9807,1081.9825,639.8484,1140.5853,1283.473,-111.08758,1147.0619,1198.4625,668.3914,858.70013,1179.7952,-217.77115,913.8881,1059.6213,621.9436
IMG_5315 copy 2.JPG,2906.9724,775.91034,-145.0387,2960.1714,816.86664,-231.0314,2961.996,826.2873,-231.04355,2964.043,836.9136,-231.10689,2958.6091,808.17755,-111.71799,2959.5928,811.5897,-111.64599,2961.5269,815.0776,-111.78829,2945.421,911.5741,-416.7744,2948.2974,876.0489,114.80264,2859.2744,802.5384,-197.5758,2856.868,788.0371,-43.672577,2679.9065,1030.5562,-628.4885,2632.3176,886.3067,462.20773,2259.3557,1154.762,-739.4086,2245.8997,967.12976,711.24554,1867.9222,1214.1055,-734.7308,1929.9955,1016.0902,595.6869,1740.1333,1261.2147,-806.6963,1841.4336,1006.42883,601.4023,1724.5988,1238.8208,-764.7662,1832.4009,1014.9576,478.5838,1762.0681,1214.5549,-706.3089,1858.5175,1019.6112,541.1957,1895.1119,874.54285,-362.07913,1885.3695,759.2089,361.55072,1399.3828,712.31274,-408.1874,1415.567,686.4061,301.2669,1140.1448,1185.7528,-137.0431,1141.9807,1081.9825,639.8484,1140.5853,1283.473,-111.08758,1147.0619,1198.4625,668.3914,858.70013,1179.7952,-217.77115,913.8881,1059.6213,621.9436
IMG_5315 copy 3.JPG,2906.9724,775.91034,-145.0387,2960.1714,816.86664,-231.0314,2961.996,826.2873,-231.04355,2964.043,836.9136,-231.10689,2958.6091,808.17755,-111.71799,2959.5928,811.5897,-111.64599,2961.5269,815.0776,-111.78829,2945.421,911.5741,-416.7744,2948.2974,876.0489,114.80264,2859.2744,802.5384,-197.5758,2856.868,788.0371,-43.672577,2679.9065,1030.5562,-628.4885,2632.3176,886.3067,462.20773,2259.3557,1154.762,-739.4086,2245.8997,967.12976,711.24554,1867.9222,1214.1055,-734.7308,1929.9955,1016.0902,595.6869,1740.1333,1261.2147,-806.6963,1841.4336,1006.42883,601.4023,1724.5988,1238.8208,-764.7662,1832.4009,1014.9576,478.5838,1762.0681,1214.5549,-706.3089,1858.5175,1019.6112,541.1957,1895.1119,874.54285,-362.07913,1885.3695,759.2089,361.55072,1399.3828,712.31274,-408.1874,1415.567,686.4061,301.2669,1140.1448,1185.7528,-137.0431,1141.9807,1081.9825,639.8484,1140.5853,1283.473,-111.08758,1147.0619,1198.4625,668.3914,858.70013,1179.7952,-217.77115,913.8881,1059.6213,621.9436
IMG_5315 copy 4.JPG,2906.9724,775.91034,-145.0387,2960.1714,816.86664,-231.0314,2961.996,826.2873,-231.04355,2964.043,836.9136,-231.10689,2958.6091,808.17755,-111.71799,2959.5928,811.5897,-111.64599,2961.5269,815.0776,-111.78829,2945.421,911.5741,-416.7744,2948.2974,876.0489,114.80264,2859.2744,802.5384,-197.5758,2856.868,788.0371,-43.672577,2679.9065,1030.5562,-628.4885,2632.3176,886.3067,462.20773,2259.3557,1154.762,-739.4086,2245.8997,967.12976,711.24554,1867.9222,1214.1055,-734.7308,1929.9955,1016.0902,595.6869,1740.1333,1261.2147,-806.6963,1841.4336,1006.42883,601.4023,1724.5988,1238.8208,-764.7662,1832.4009,1014.9576,478.5838,1762.0681,1214.5549,-706.3089,1858.5175,1019.6112,541.1957,1895.1119,874.54285,-362.07913,1885.3695,759.2089,361.55072,1399.3828,712.31274,-408.1874,1415.567,686.4061,301.2669,1140.1448,1185.7528,-137.0431,1141.9807,1081.9825,639.8484,1140.5853,1283.473,-111.08758,1147.0619,1198.4625,668.3914,858.70013,1179.7952,-217.77115,913.8881,1059.6213,621.9436
IMG_5315 copy 5.JPG,2906.9724,775.91034,-145.0387,2960.1714,816.86664,-231.0314,2961.996,826.2873,-231.04355,2964.043,836.9136,-231.10689,2958.6091,808.17755,-111.71799,2959.5928,811.5897,-111.64599,2961.5269,815.0776,-111.78829,2945.421,911.5741,-416.7744,2948.2974,876.0489,114.80264,2859.2744,802.5384,-197.5758,2856.868,788.0371,-43.672577,2679.9065,1030.5562,-628.4885,2632.3176,886.3067,462.20773,2259.3557,1154.762,-739.4086,2245.8997,967.12976,711.24554,1867.9222,1214.1055,-734.7308,1929.9955,1016.0902,595.6869,1740.1333,1261.2147,-806.6963,1841.4336,1006.42883,601.4023,1724.5988,1238.8208,-764.7662,1832.4009,1014.9576,478.5838,1762.0681,1214.5549,-706.3089,1858.5175,1019.6112,541.1957,1895.1119,874.54285,-362.07913,1885.3695,759.2089,361.55072,1399.3828,712.31274,-408.1874,1415.567,686.4061,301.2669,1140.1448,1185.7528,-137.0431,1141.9807,1081.9825,639.8484,1140.5853,1283.473,-111.08758,1147.0619,1198.4625,668.3914,858.70013,1179.7952,-217.77115,913.8881,1059.6213,621.9436
IMG_5315 copy 6.JPG,2906.9724,775.91034,-145.0387,2960.1714,816.86664,-231.0314,2961.996,826.2873,-231.04355,2964.043,836.9136,-231.10689,2958.6091,808.17755,-111.71799,2959.5928,811.5897,-111.64599,2961.5269,815.0776,-111.78829,2945.421,911.5741,-416.7744,2948.2974,876.0489,114.80264,2859.2744,802.5384,-197.5758,2856.868,788.0371,-43.672577,2679.9065,1030.5562,-628.4885,2632.3176,886.3067,462.20773,2259.3557,1154.762,-739.4086,2245.8997,967.12976,711.24554,1867.9222,1214.1055,-734.7308,1929.9955,1016.0902,595.6869,1740.1333,1261.2147,-806.6963,1841.4336,1006.42883,601.4023,1724.5988,1238.8208,-764.7662,1832.4009,1014.9576,478.5838,1762.0681,1214.5549,-706.3089,1858.5175,1019.6112,541.1957,1895.1119,874.54285,-362.07913,1885.3695,759.2089,361.55072,1399.3828,712.31274,-408.1874,1415.567,686.4061,301.2669,1140.1448,1185.7528,-137.0431,1141.9807,1081.9825,639.8484,1140.5853,1283.473,-111.08758,1147.0619,1198.4625,668.3914,858.70013,1179.7952,-217.77115,913.8881,1059.6213,621.9436
IMG_5315 copy 7.JPG,2906.9724,775.91034,-145.0387,2960.1714,816.86664,-231.0314,2961.996,826.2873,-231.04355,2964.043,836.9136,-231.10689,2958.6091,808.17755,-111.71799,2959.5928,811.5897,-111.64599,2961.5269,815.0776,-111.78829,2945.421,911.5741,-416.7744,2948.2974,876.0489,114.80264,2859.2744,802.5384,-197.5758,2856.868,788.0371,-43.672577,2679.9065,1030.5562,-628.4885,2632.3176,886.3067,462.20773,2259.3557,1154.762,-739.4086,2245.8997,967.12976,711.24554,1867.9222,1214.1055,-734.7308,1929.9955,1016.0902,595.6869,1740.1333,1261.2147,-806.6963,1841.4336,1006.42883,601.4023,1724.5988,1238.8208,-764.7662,1832.4009,1014.9576,478.5838,1762.0681,1214.5549,-706.3089,1858.5175,1019.6112,541.1957,1895.1119,874.54285,-362.07913,1885.3695,759.2089,361.55072,1399.3828,712.31274,-408.1874,1415.567,686.4061,301.2669,1140.1448,1185.7528,-137.0431,1141.9807,1081.9825,639.8484,1140.5853,1283.473,-111.08758,1147.0619,1198.4625,668.3914,858.70013,1179.7952,-217.77115,913.8881,1059.6213,621.9436
IMG_5315 copy 8.JPG,2906.9724,775.91034,-145.0387,2960.1714,816.86664,-231.0314,2961.996,826.2873,-231.04355,2964.043,836.9136,-231.10689,2958.6091,808.17755,-111.71799,2959.5928,811.5897,-111.64599,2961.5269,815.0776,-111.78829,2945.421,911.5741,-416.7744,2948.2974,876.0489,114.80264,2859.2744,802.5384,-197.5758,2856.868,788.0371,-43.672577,2679.9065,1030.5562,-628.4885,2632.3176,886.3067,462.20773,2259.3557,1154.762,-739.4086,2245.8997,967.12976,711.24554,1867.9222,1214.1055,-734.7308,1929.9955,1016.0902,595.6869,1740.1333,1261.2147,-806.6963,1841.4336,1006.42883,601.4023,1724.5988,1238.8208,-764.7662,1832.4009,1014.9576,478.5838,1762.0681,1214.5549,-706.3089,1858.5175,1019.6112,541.1957,1895.1119,874.54285,-362.07913,1885.3695,759.2089,361.55072,1399.3828,712.31274,-408.1874,1415.567,686.4061,301.2669,1140.1448,1185.7528,-137.0431,1141.9807,1081.9825,639.8484,1140.5853,1283.473,-111.08758,1147.0619,1198.4625,668.3914,858.70013,1179.7952,-217.77115,913.8881,1059.6213,621.9436
IMG_5315 copy 9.JPG,2906.9724,775.91034,-145.0387,2960.1714,816.86664,-231.0314,2961.996,826.2873,-231.04355,2964.043,836.9136,-231.10689,2958.6091,808.17755,-111.71799,2959.5928,811.5897,-111.64599,2961.5269,815.0776,-111.78829,2945.421,911.5741,-416.7744,2948.2974,876.0489,114.80264,2859.2744,802.5384,-197.5758,2856.868,788.0371,-43.672577,2679.9065,1030.5562,-628.4885,2632.3176,886.3067,462.20773,2259.3557,1154.762,-739.4086,2245.8997,967.12976,711.24554,1867.9222,1214.1055,-734.7308,1929.9955,1016.0902,595.6869,1740.1333,1261.2147,-806.6963,1841.4336,1006.42883,601.4023,1724.5988,1238.8208,-764.7662,1832.4009,1014.9576,478.5838,1762.0681,1214.5549,-706.3089,1858.5175,1019.6112,541.1957,1895.1119,874.54285,-362.07913,1885.3695,759.2089,361.55072,1399.3828,712.31274,-408.1874,1415.567,686.4061,301.2669,1140.1448,1185.7528,-137.0431,1141.9807,1081.9825,639.8484,1140.5853,1283.473,-111.08758,1147.0619,1198.4625,668.3914,858.70013,1179.7952,-217.77115,913.8881,1059.6213,621.9436
IMG_5315 copy.JPG,2906.9724,775.91034,-145.0387,2960.1714,816.86664,-231.0314,2961.996,826.2873,-231.04355,2964.043,836.9136,-231.10689,2958.6091,808.17755,-111.71799,2959.5928,811.5897,-111.64599,2961.5269,815.0776,-111.78829,2945.421,911.5741,-416.7744,2948.2974,876.0489,114.80264,2859.2744,802.5384,-197.5758,2856.868,788.0371,-43.672577,2679.9065,1030.5562,-628.4885,2632.3176,886.3067,462.20773,2259.3557,1154.762,-739.4086,2245.8997,967.12976,711.24554,1867.9222,1214.1055,-734.7308,1929.9955,1016.0902,595.6869,1740.1333,1261.2147,-806.6963,1841.4336,1006.42883,601.4023,1724.5988,1238.8208,-764.7662,1832.4009,1014.9576,478.5838,1762.0681,1214.5549,-706.3089,1858.5175,1019.6112,541.1957,1895.1119,874.54285,-362.07913,1885.3695,759.2089,361.55072,1399.3828,712.31274,-408.1874,1415.567,686.4061,301.2669,1140.1448,1185.7528,-137.0431,1141.9807,1081.9825,639.8484,1140.5853,1283.473,-111.08758,1147.0619,1198.4625,668.3914,858.70013,1179.7952,-217.77115,913.8881,1059.6213,621.9436
IMG_5315.JPG,2906.9724,775.91034,-145.0387,2960.1714,816.86664,-231.0314,2961.996,826.2873,-231.04355,2964.043,836.9136,-231.10689,2958.6091,808.17755,-111.71799,2959.5928,811.5897,-111.64599,2961.5269,815.0776,-111.78829,2945.421,911.5741,-416.7744,2948.2974,876.0489,114.80264,2859.2744,802.5384,-197.5758,2856.868,788.0371,-43.672577,2679.9065,1030.5562,-628.4885,2632.3176,886.3067,462.20773,2259.3557,1154.762,-739.4086,2245.8997,967.12976,711.24554,1867.9222,1214.1055,-734.7308,1929.9955,1016.0902,595.6869,1740.1333,1261.2147,-806.6963,1841.4336,1006.42883,601.4023,1724.5988,1238.8208,-764.7662,1832.4009,1014.9576,478.5838,1762.0681,1214.5549,-706.3089,1858.5175,1019.6112,541.1957,1895.1119,874.54285,-362.07913,1885.3695,759.2089,361.55072,1399.3828,712.31274,-408.1874,1415.567,686.4061,301.2669,1140.1448,1185.7528,-137.0431,1141.9807,1081.9825,639.8484,1140.5853,1283.473,-111.08758,1147.0619,1198.4625,668.3914,858.70013,1179.7952,-217.77115,913.8881,1059.6213,621.9436
IMG_5839.JPG,2741.2375,754.0367,-71.36116,2788.7495,777.5727,-142.01694,2788.9102,784.97107,-142.10141,2789.4165,793.2587,-142.43773,2789.1082,771.33746,-29.63003,2789.4148,773.88336,-29.407358,2790.2332,776.93304,-29.524267,2774.5356,863.46027,-336.04782,2777.193,845.273,174.92836,2695.8035,773.36884,-131.03133,2697.5752,765.3179,16.571907,2516.5256,945.272,-595.2591,2490.183,861.47894,485.95255,2155.3743,1047.6287,-619.09814,2136.3894,923.8141,650.0901,1799.24,1089.6814,-544.02637,1899.9642,917.1095,602.8809,1681.4656,1131.7665,-624.64246,1823.6261,931.052,622.9246,1670.775,1102.3768,-612.83527,1823.9288,939.4344,537.0615,1706.9816,1100.1572,-532.6354,1845.0084,935.507,561.5362,1889.2795,679.742,-386.90912,1933.8208,652.4777,386.41473,1382.8845,445.05905,-469.13315,1523.6207,473.53223,519.7239,1284.4346,934.9811,-132.84756,1419.252,881.6749,827.3008,1325.7114,1031.6155,-103.07635,1445.3704,957.6879,855.16754,1060.4185,980.6071,-155.9934,1225.3856,944.78406,814.1111
IMG_5840.JPG,2735.5159,831.8052,-322.73257,2781.3962,865.9303,-405.85916,2781.86,875.7643,-405.91284,2782.4045,886.2884,-406.35098,2781.6387,854.7445,-281.075,2782.5715,856.64484,-280.98352,2783.6653,858.6556,-281.22867,2761.8604,961.1028,-620.0078,2765.7725,928.12964,-46.34806,2691.731,852.53265,-385.6387,2692.3455,839.1809,-219.8612,2489.3193,1038.2966,-869.60895,2498.0789,906.57,355.2328,2068.5593,1121.6307,-956.021,2180.0132,867.6178,671.5724,1685.2781,1120.8438,-901.4219,2003.7809,819.0499,784.49493,1572.0814,1153.3197,-994.19116,1945.4724,808.3676,864.7534,1556.4878,1123.7361,-975.80646,1961.3203,797.5725,758.1521,1603.6094,1108.7645,-888.29834,1980.4431,804.32715,741.5597,1871.7987,757.7315,-427.9557,1926.1201,708.54443,427.55075,1362.8545,457.56165,-546.5138,1513.9275,494.3807,653.72235,1252.156,948.7405,-103.95857,1374.2025,866.18365,1002.9547,1275.7043,1061.7216,-59.28621,1391.989,936.57153,1040.2708,1034.2142,979.39496,-78.641,1181.9153,905.24506,1011.5099
IMG_5841.JPG,2653.4285,881.0489,-742.9161,2694.6636,914.5686,-851.37897,2694.331,925.29425,-851.28033,2694.653,937.43604,-851.73816,2696.5496,904.37366,-714.2012,2697.7322,906.4775,-714.3125,2699.667,909.5239,-714.4668,2672.72,1025.108,-1081.134,2680.7253,991.4097,-452.37036,2604.5073,900.7095,-800.42615,2604.852,887.3863,-619.07764,2316.2983,1110.2252,-1197.9518,2433.649,965.1065,13.247908,1886.6688,1134.9515,-1185.3578,2118.8613,875.60675,460.17123,1472.3536,1111.3951,-1104.2661,1923.9526,800.08685,682.6455,1359.8987,1135.379,-1194.919,1859.99,774.5968,772.9733,1353.9484,1079.566,-1200.5264,1869.8695,769.03845,650.7437,1393.4417,1068.4999,-1099.0321,1887.95,779.28894,637.24615,1715.1937,688.838,-429.16586,1819.1882,610.48566,429.12805,1237.5735,342.26932,-557.0557,1405.6708,378.89508,747.8787,1120.5398,875.5291,36.098915,1289.1927,809.7279,1223.1339,1146.4391,982.5841,99.228485,1316.1644,887.29376,1278.1936,925.2804,864.6254,153.98366,1097.3297,853.1757,1347.389
IMG_5842.JPG,2585.8435,1002.8973,-1476.5942,2615.8682,1061.5912,-1515.5104,2605.0562,1081.3641,-1515.7272,2594.5186,1103.2968,-1516.614,2642.8345,1025.3323,-1407.4701,2652.298,1017.6901,-1407.3901,2662.3093,1010.9037,-1407.5083,2548.5847,1208.131,-1430.2766,2634.7295,1054.5176,-917.2211,2514.9617,1026.221,-1424.9087,2547.1597,981.64014,-1277.6583,2161.59,1233.6912,-1329.12,2399.7761,980.81274,-307.27716,1759.9227,1200.7251,-1309.9504,2123.4963,860.8228,530.69073,1385.445,1080.5232,-1410.1327,2010.7163,725.45685,1203.6855,1276.87,1079.6907,-1498.2173,1916.6274,678.92084,1371.0907,1276.9364,1038.3954,-1580.5071,1961.4636,671.005,1254.5184,1322.1377,1027.2816,-1439.2152,1946.9713,697.13416,1179.6165,1753.2477,668.48505,-370.52213,1925.7631,582.2365,370.71094,1307.6936,266.2085,-404.29657,1715.2299,275.07062,937.9691,1191.4185,780.47064,523.85406,1656.8572,633.0764,1874.2557,1242.0114,869.1876,638.7345,1680.1273,699.2489,1993.6283,1048.392,774.5137,778.0232,1550.9014,644.66925,2199.3376
IMG_5843.JPG,1875.0962,1218.668,-1603.0421,1864.2976,1307.8264,-1658.0626,1847.0562,1317.7166,-1657.789,1829.7665,1327.445,-1658.1699,1903.7255,1289.8043,-1621.823,1917.8416,1285.3829,-1621.9199,1931.9296,1280.9159,-1621.91,1786.4929,1348.7936,-1521.974,1929.0774,1285.3583,-1349.6382,1818.7845,1226.0249,-1515.7806,1879.2947,1179.7172,-1466.472,1597.0565,1272.7379,-1181.1993,1920.4673,1151.7542,-922.81024,1376.7751,1176.9724,-848.73395,1953.514,999.0052,-499.6735,1257.718,1033.0349,-634.66644,1978.1505,1039.0095,-158.95314,1200.9717,998.73846,-601.54395,1999.1371,1042.0269,-106.69282,1228.3337,987.9636,-704.7069,1986.9482,1049.4348,-137.10423,1255.9016,992.28174,-659.11884,1965.4882,1047.0999,-156.9837,1465.3463,850.98096,-108.43525,1661.9037,772.8056,107.64961,1222.4731,596.5359,-99.526405,1756.6343,455.919,188.0282,1206.6919,685.5867,839.1362,1607.8948,586.0061,1223.4766,1226.5385,706.9074,959.6498,1575.0287,622.6423,1357.6641,1159.8868,624.2641,1098.536,1579.2456,517.59875,1563.6644
IMG_5846.JPG,2317.8352,1001.8835,-2356.929,2294.782,1065.6211,-2378.9854,2262.3035,1079.7783,-2378.6448,2232.1292,1093.6692,-2379.1472,2365.198,1037.468,-2336.7698,2383.0881,1032.5885,-2336.8625,2397.1191,1029.0558,-2336.408,2169.3416,1138.3315,-2137.3728,2394.0706,1047.9634,-1943.4077,2226.4907,981.6114,-2235.5134,2307.7476,956.20294,-2178.2964,1961.2476,1091.9967,-1586.1344,2334.035,930.9407,-1430.4518,1750.2057,1086.5061,-916.0269,2235.5469,810.5008,-688.0444,1630.0681,991.75977,-305.6058,2152.1414,705.03955,-92.56891,1570.612,1007.7199,-229.9428,2146.4495,672.24554,-6.3316345,1595.6151,978.18823,-296.0701,2136.3267,674.28687,-87.83816,1636.3691,966.493,-308.64325,2127.4966,686.9474,-103.32553,1846.333,753.8111,-70.283745,2038.1719,679.5703,70.62072,1691.898,560.2366,530.4798,2027.3196,445.58655,747.6529,1652.9899,700.9357,1334.2336,1906.5524,662.3928,1742.7477,1662.0657,716.8853,1427.1544,1885.3582,715.3827,1861.065,1593.7083,670.83356,1487.5382,1833.3431,624.9104,1996.5059
IMG_5848.JPG,1182.5735,1330.5347,-1907.7345,1129.1919,1401.919,-1836.4526,1124.2476,1407.5286,-1836.6761,1119.0146,1414.7821,-1837.2882,1150.1501,1409.3358,-1979.7096,1162.2593,1420.7595,-1980.3634,1179.6028,1436.6194,-1980.6124,1192.0392,1484.3188,-1371.4912,1313.7428,1539.194,-2013.6805,1239.7192,1308.8878,-1710.6808,1266.872,1323.4979,-1895.813,1383.0015,1345.7451,-875.1963,1815.5225,1585.5632,-1812.95,1697.8334,1135.1517,-310.1304,2214.8232,1613.8661,-1293.3805,1911.05,890.6648,-50.590004,2466.1733,1500.733,-505.59253,1933.3938,821.7476,-14.16509,2562.7021,1521.1482,-489.48392,1954.1995,840.88586,-75.72565,2547.8567,1473.4238,-509.98315,1967.1182,871.28125,-76.854965,2509.9453,1449.2108,-499.6362,1978.0148,1001.87714,264.067,2223.274,1084.8129,-263.2721,2081.806,681.71906,1270.2103,2382.1626,751.6554,508.78665,2254.356,788.7964,2285.9714,2531.9707,950.8662,1639.5289,2278.3035,829.09937,2391.2664,2551.6396,998.98206,1759.9581,2319.04,671.1054,2437.538,2579.1785,853.73785,1720.4982
IMG_5849.JPG,615.8629,1232.9165,-764.0405,541.4586,1289.2532,-684.6375,541.00256,1294.8457,-685.25995,540.7194,1302.3947,-686.16595,548.74786,1300.7145,-831.451,553.1431,1313.8926,-831.7243,558.1115,1330.3656,-832.1948,615.8489,1429.763,-287.2231,629.8575,1461.4565,-942.8548,698.5353,1231.75,-605.05035,704.8882,1248.9855,-793.0933,994.5234,1276.6232,38.468,1247.2465,1613.7839,-1089.6688,1444.06,1097.0303,354.8585,1861.1973,1633.5499,-910.2638,1736.2383,837.76965,505.57413,2381.0352,1558.254,-572.34,1867.0657,680.6987,519.4476,2542.6367,1619.0791,-583.8395,1880.2892,708.0945,446.13626,2532.7695,1559.8127,-645.57166,1866.6989,757.7435,466.84717,2490.0605,1524.2029,-588.353,1895.7535,798.87067,347.24448,2067.2034,985.5422,-345.88412,2344.3167,351.71124,404.95837,2686.4392,487.32578,-427.85278,2391.3672,902.2508,1526.7301,2714.9675,1215.4774,620.3246,2339.767,983.8384,1648.7192,2654.6565,1333.4854,745.3882,2581.8633,941.2715,1930.6986,2942.9343,1285.0399,932.18164
IMG_5850 copy 10.JPG,429.9981,1062.8303,-162.52261,349.9617,1131.6653,-80.41252,348.37878,1144.4906,-81.2008,346.82956,1158.2863,-81.8073,350.35834,1136.1602,-243.79895,348.88568,1150.8937,-243.85663,347.46036,1166.9907,-244.15515,388.4799,1282.199,278.23175,385.08435,1293.2751,-452.45917,523.6262,1096.0116,-18.96646,520.8609,1104.9608,-228.87764,869.5903,1203.1318,614.1596,885.1472,1538.559,-873.4691,1447.9052,1243.5558,716.52716,1574.4312,1634.4475,-894.3173,1968.9108,1110.918,654.1173,2204.4722,1616.4445,-752.45386,2097.4832,1048.2365,638.0715,2382.844,1674.0378,-832.1216,2108.5566,1090.9858,533.6811,2389.491,1610.8663,-833.9831,2070.341,1127.7803,597.0265,2339.917,1566.8828,-743.1133,1864.1385,785.5971,451.14868,1972.7166,1001.67804,-449.81824,2566.2607,351.3068,229.66739,2816.1414,424.17877,-873.85925,2581.3474,1044.1936,1335.1288,2812.7395,1275.0948,44.98925,2484.8933,1175.5712,1452.0703,2712.9185,1348.3987,163.43329,2900.8472,1175.0522,1698.9172,3184.0403,1349.2358,402.02243
IMG_5850 copy 11.JPG,429.9981,1062.8303,-162.52261,349.9617,1131.6653,-80.41252,348.37878,1144.4906,-81.2008,346.82956,1158.2863,-81.8073,350.35834,1136.1602,-243.79895,348.88568,1150.8937,-243.85663,347.46036,1166.9907,-244.15515,388.4799,1282.199,278.23175,385.08435,1293.2751,-452.45917,523.6262,1096.0116,-18.96646,520.8609,1104.9608,-228.87764,869.5903,1203.1318,614.1596,885.1472,1538.559,-873.4691,1447.9052,1243.5558,716.52716,1574.4312,1634.4475,-894.3173,1968.9108,1110.918,654.1173,2204.4722,1616.4445,-752.45386,2097.4832,1048.2365,638.0715,2382.844,1674.0378,-832.1216,2108.5566,1090.9858,533.6811,2389.491,1610.8663,-833.9831,2070.341,1127.7803,597.0265,2339.917,1566.8828,-743.1133,1864.1385,785.5971,451.14868,1972.7166,1001.67804,-449.81824,2566.2607,351.3068,229.66739,2816.1414,424.17877,-873.85925,2581.3474,1044.1936,1335.1288,2812.7395,1275.0948,44.98925,2484.8933,1175.5712,1452.0703,2712.9185,1348.3987,163.43329,2900.8472,1175.0522,1698.9172,3184.0403,1349.2358,402.02243
IMG_5850 copy 12.JPG,429.9981,1062.8303,-162.52261,349.9617,1131.6653,-80.41252,348.37878,1144.4906,-81.2008,346.82956,1158.2863,-81.8073,350.35834,1136.1602,-243.79895,348.88568,1150.8937,-243.85663,347.46036,1166.9907,-244.15515,388.4799,1282.199,278.23175,385.08435,1293.2751,-452.45917,523.6262,1096.0116,-18.96646,520.8609,1104.9608,-228.87764,869.5903,1203.1318,614.1596,885.1472,1538.559,-873.4691,1447.9052,1243.5558,716.52716,1574.4312,1634.4475,-894.3173,1968.9108,1110.918,654.1173,2204.4722,1616.4445,-752.45386,2097.4832,1048.2365,638.0715,2382.844,1674.0378,-832.1216,2108.5566,1090.9858,533.6811,2389.491,1610.8663,-833.9831,2070.341,1127.7803,597.0265,2339.917,1566.8828,-743.1133,1864.1385,785.5971,451.14868,1972.7166,1001.67804,-449.81824,2566.2607,351.3068,229.66739,2816.1414,424.17877,-873.85925,2581.3474,1044.1936,1335.1288,2812.7395,1275.0948,44.98925,2484.8933,1175.5712,1452.0703,2712.9185,1348.3987,163.43329,2900.8472,1175.0522,1698.9172,3184.0403,1349.2358,402.02243
IMG_5850 copy 13.JPG,429.9981,1062.8303,-162.52261,349.9617,1131.6653,-80.41252,348.37878,1144.4906,-81.2008,346.82956,1158.2863,-81.8073,350.35834,1136.1602,-243.79895,348.88568,1150.8937,-243.85663,347.46036,1166.9907,-244.15515,388.4799,1282.199,278.23175,385.08435,1293.2751,-452.45917,523.6262,1096.0116,-18.96646,520.8609,1104.9608,-228.87764,869.5903,1203.1318,614.1596,885.1472,1538.559,-873.4691,1447.9052,1243.5558,716.52716,1574.4312,1634.4475,-894.3173,1968.9108,1110.918,654.1173,2204.4722,1616.4445,-752.45386,2097.4832,1048.2365,638.0715,2382.844,1674.0378,-832.1216,2108.5566,1090.9858,533.6811,2389.491,1610.8663,-833.9831,2070.341,1127.7803,597.0265,2339.917,1566.8828,-743.1133,1864.1385,785.5971,451.14868,1972.7166,1001.67804,-449.81824,2566.2607,351.3068,229.66739,2816.1414,424.17877,-873.85925,2581.3474,1044.1936,1335.1288,2812.7395,1275.0948,44.98925,2484.8933,1175.5712,1452.0703,2712.9185,1348.3987,163.43329,2900.8472,1175.0522,1698.9172,3184.0403,1349.2358,402.02243
IMG_5850 copy 14.JPG,429.9981,1062.8303,-162.52261,349.9617,1131.6653,-80.41252,348.37878,1144.4906,-81.2008,346.82956,1158.2863,-81.8073,350.35834,1136.1602,-243.79895,348.88568,1150.8937,-243.85663,347.46036,1166.9907,-244.15515,388.4799,1282.199,278.23175,385.08435,1293.2751,-452.45917,523.6262,1096.0116,-18.96646,520.8609,1104.9608,-228.87764,869.5903,1203.1318,614.1596,885.1472,1538.559,-873.4691,1447.9052,1243.5558,716.52716,1574.4312,1634.4475,-894.3173,1968.9108,1110.918,654.1173,2204.4722,1616.4445,-752.45386,2097.4832,1048.2365,638.0715,2382.844,1674.0378,-832.1216,2108.5566,1090.9858,533.6811,2389.491,1610.8663,-833.9831,2070.341,1127.7803,597.0265,2339.917,1566.8828,-743.1133,1864.1385,785.5971,451.14868,1972.7166,1001.67804,-449.81824,2566.2607,351.3068,229.66739,2816.1414,424.17877,-873.85925,2581.3474,1044.1936,1335.1288,2812.7395,1275.0948,44.98925,2484.8933,1175.5712,1452.0703,2712.9185,1348.3987,163.43329,2900.8472,1175.0522,1698.9172,3184.0403,1349.2358,402.02243
IMG_5850 copy 15.JPG,429.9981,1062.8303,-162.52261,349.9617,1131.6653,-80.41252,348.37878,1144.4906,-81.2008,346.82956,1158.2863,-81.8073,350.35834,1136.1602,-243.79895,348.88568,1150.8937,-243.85663,347.46036,1166.9907,-244.15515,388.4799,1282.199,278.23175,385.08435,1293.2751,-452.45917,523.6262,1096.0116,-18.96646,520.8609,1104.9608,-228.87764,869.5903,1203.1318,614.1596,885.1472,1538.559,-873.4691,1447.9052,1243.5558,716.52716,1574.4312,1634.4475,-894.3173,1968.9108,1110.918,654.1173,2204.4722,1616.4445,-752.45386,2097.4832,1048.2365,638.0715,2382.844,1674.0378,-832.1216,2108.5566,1090.9858,533.6811,2389.491,1610.8663,-833.9831,2070.341,1127.7803,597.0265,2339.917,1566.8828,-743.1133,1864.1385,785.5971,451.14868,1972.7166,1001.67804,-449.81824,2566.2607,351.3068,229.66739,2816.1414,424.17877,-873.85925,2581.3474,1044.1936,1335.1288,2812.7395,1275.0948,44.98925,2484.8933,1175.5712,1452.0703,2712.9185,1348.3987,163.43329,2900.8472,1175.0522,1698.9172,3184.0403,1349.2358,402.02243
IMG_5850 copy 16.JPG,429.9981,1062.8303,-162.52261,349.9617,1131.6653,-80.41252,348.37878,1144.4906,-81.2008,346.82956,1158.2863,-81.8073,350.35834,1136.1602,-243.79895,348.88568,1150.8937,-243.85663,347.46036,1166.9907,-244.15515,388.4799,1282.199,278.23175,385.08435,1293.2751,-452.45917,523.6262,1096.0116,-18.96646,520.8609,1104.9608,-228.87764,869.5903,1203.1318,614.1596,885.1472,1538.559,-873.4691,1447.9052,1243.5558,716.52716,1574.4312,1634.4475,-894.3173,1968.9108,1110.918,654.1173,2204.4722,1616.4445,-752.45386,2097.4832,1048.2365,638.0715,2382.844,1674.0378,-832.1216,2108.5566,1090.9858,533.6811,2389.491,1610.8663,-833.9831,2070.341,1127.7803,597.0265,2339.917,1566.8828,-743.1133,1864.1385,785.5971,451.14868,1972.7166,1001.67804,-449.81824,2566.2607,351.3068,229.66739,2816.1414,424.17877,-873.85925,2581.3474,1044.1936,1335.1288,2812.7395,1275.0948,44.98925,2484.8933,1175.5712,1452.0703,2712.9185,1348.3987,163.43329,2900.8472,1175.0522,1698.9172,3184.0403,1349.2358,402.02243
IMG_5850 copy 2.JPG,429.9981,1062.8303,-162.52261,349.9617,1131.6653,-80.41252,348.37878,1144.4906,-81.2008,346.82956,1158.2863,-81.8073,350.35834,1136.1602,-243.79895,348.88568,1150.8937,-243.85663,347.46036,1166.9907,-244.15515,388.4799,1282.199,278.23175,385.08435,1293.2751,-452.45917,523.6262,1096.0116,-18.96646,520.8609,1104.9608,-228.87764,869.5903,1203.1318,614.1596,885.1472,1538.559,-873.4691,1447.9052,1243.5558,716.52716,1574.4312,1634.4475,-894.3173,1968.9108,1110.918,654.1173,2204.4722,1616.4445,-752.45386,2097.4832,1048.2365,638.0715,2382.844,1674.0378,-832.1216,2108.5566,1090.9858,533.6811,2389.491,1610.8663,-833.9831,2070.341,1127.7803,597.0265,2339.917,1566.8828,-743.1133,1864.1385,785.5971,451.14868,1972.7166,1001.67804,-449.81824,2566.2607,351.3068,229.66739,2816.1414,424.17877,-873.85925,2581.3474,1044.1936,1335.1288,2812.7395,1275.0948,44.98925,2484.8933,1175.5712,1452.0703,2712.9185,1348.3987,163.43329,2900.8472,1175.0522,1698.9172,3184.0403,1349.2358,402.02243
IMG_5850 copy 3.JPG,429.9981,1062.8303,-162.52261,349.9617,1131.6653,-80.41252,348.37878,1144.4906,-81.2008,346.82956,1158.2863,-81.8073,350.35834,1136.1602,-243.79895,348.88568,1150.8937,-243.85663,347.46036,1166.9907,-244.15515,388.4799,1282.199,278.23175,385.08435,1293.2751,-452.45917,523.6262,1096.0116,-18.96646,520.8609,1104.9608,-228.87764,869.5903,1203.1318,614.1596,885.1472,1538.559,-873.4691,1447.9052,1243.5558,716.52716,1574.4312,1634.4475,-894.3173,1968.9108,1110.918,654.1173,2204.4722,1616.4445,-752.45386,2097.4832,1048.2365,638.0715,2382.844,1674.0378,-832.1216,2108.5566,1090.9858,533.6811,2389.491,1610.8663,-833.9831,2070.341,1127.7803,597.0265,2339.917,1566.8828,-743.1133,1864.1385,785.5971,451.14868,1972.7166,1001.67804,-449.81824,2566.2607,351.3068,229.66739,2816.1414,424.17877,-873.85925,2581.3474,1044.1936,1335.1288,2812.7395,1275.0948,44.98925,2484.8933,1175.5712,1452.0703,2712.9185,1348.3987,163.43329,2900.8472,1175.0522,1698.9172,3184.0403,1349.2358,402.02243
IMG_5850 copy 4.JPG,429.9981,1062.8303,-162.52261,349.9617,1131.6653,-80.41252,348.37878,1144.4906,-81.2008,346.82956,1158.2863,-81.8073,350.35834,1136.1602,-243.79895,348.88568,1150.8937,-243.85663,347.46036,1166.9907,-244.15515,388.4799,1282.199,278.23175,385.08435,1293.2751,-452.45917,523.6262,1096.0116,-18.96646,520.8609,1104.9608,-228.87764,869.5903,1203.1318,614.1596,885.1472,1538.559,-873.4691,1447.9052,1243.5558,716.52716,1574.4312,1634.4475,-894.3173,1968.9108,1110.918,654.1173,2204.4722,1616.4445,-752.45386,2097.4832,1048.2365,638.0715,2382.844,1674.0378,-832.1216,2108.5566,1090.9858,533.6811,2389.491,1610.8663,-833.9831,2070.341,1127.7803,597.0265,2339.917,1566.8828,-743.1133,1864.1385,785.5971,451.14868,1972.7166,1001.67804,-449.81824,2566.2607,351.3068,229.66739,2816.1414,424.17877,-873.85925,2581.3474,1044.1936,1335.1288,2812.7395,1275.0948,44.98925,2484.8933,1175.5712,1452.0703,2712.9185,1348.3987,163.43329,2900.8472,1175.0522,1698.9172,3184.0403,1349.2358,402.02243
IMG_5850 copy 5.JPG,429.9981,1062.8303,-162.52261,349.9617,1131.6653,-80.41252,348.37878,1144.4906,-81.2008,346.82956,1158.2863,-81.8073,350.35834,1136.1602,-243.79895,348.88568,1150.8937,-243.85663,347.46036,1166.9907,-244.15515,388.4799,1282.199,278.23175,385.08435,1293.2751,-452.45917,523.6262,1096.0116,-18.96646,520.8609,1104.9608,-228.87764,869.5903,1203.1318,614.1596,885.1472,1538.559,-873.4691,1447.9052,1243.5558,716.52716,1574.4312,1634.4475,-894.3173,1968.9108,1110.918,654.1173,2204.4722,1616.4445,-752.45386,2097.4832,1048.2365,638.0715,2382.844,1674.0378,-832.1216,2108.5566,1090.9858,533.6811,2389.491,1610.8663,-833.9831,2070.341,1127.7803,597.0265,2339.917,1566.8828,-743.1133,1864.1385,785.5971,451.14868,1972.7166,1001.67804,-449.81824,2566.2607,351.3068,229.66739,2816.1414,424.17877,-873.85925,2581.3474,1044.1936,1335.1288,2812.7395,1275.0948,44.98925,2484.8933,1175.5712,1452.0703,2712.9185,1348.3987,163.43329,2900.8472,1175.0522,1698.9172,3184.0403,1349.2358,402.02243
IMG_5850 copy 6.JPG,429.9981,1062.8303,-162.52261,349.9617,1131.6653,-80.41252,348.37878,1144.4906,-81.2008,346.82956,1158.2863,-81.8073,350.35834,1136.1602,-243.79895,348.88568,1150.8937,-243.85663,347.46036,1166.9907,-244.15515,388.4799,1282.199,278.23175,385.08435,1293.2751,-452.45917,523.6262,1096.0116,-18.96646,520.8609,1104.9608,-228.87764,869.5903,1203.1318,614.1596,885.1472,1538.559,-873.4691,1447.9052,1243.5558,716.52716,1574.4312,1634.4475,-894.3173,1968.9108,1110.918,654.1173,2204.4722,1616.4445,-752.45386,2097.4832,1048.2365,638.0715,2382.844,1674.0378,-832.1216,2108.5566,1090.9858,533.6811,2389.491,1610.8663,-833.9831,2070.341,1127.7803,597.0265,2339.917,1566.8828,-743.1133,1864.1385,785.5971,451.14868,1972.7166,1001.67804,-449.81824,2566.2607,351.3068,229.66739,2816.1414,424.17877,-873.85925,2581.3474,1044.1936,1335.1288,2812.7395,1275.0948,44.98925,2484.8933,1175.5712,1452.0703,2712.9185,1348.3987,163.43329,2900.8472,1175.0522,1698.9172,3184.0403,1349.2358,402.02243
IMG_5850 copy 7.JPG,429.9981,1062.8303,-162.52261,349.9617,1131.6653,-80.41252,348.37878,1144.4906,-81.2008,346.82956,1158.2863,-81.8073,350.35834,1136.1602,-243.79895,348.88568,1150.8937,-243.85663,347.46036,1166.9907,-244.15515,388.4799,1282.199,278.23175,385.08435,1293.2751,-452.45917,523.6262,1096.0116,-18.96646,520.8609,1104.9608,-228.87764,869.5903,1203.1318,614.1596,885.1472,1538.559,-873.4691,1447.9052,1243.5558,716.52716,1574.4312,1634.4475,-894.3173,1968.9108,1110.918,654.1173,2204.4722,1616.4445,-752.45386,2097.4832,1048.2365,638.0715,2382.844,1674.0378,-832.1216,2108.5566,1090.9858,533.6811,2389.491,1610.8663,-833.9831,2070.341,1127.7803,597.0265,2339.917,1566.8828,-743.1133,1864.1385,785.5971,451.14868,1972.7166,1001.67804,-449.81824,2566.2607,351.3068,229.66739,2816.1414,424.17877,-873.85925,2581.3474,1044.1936,1335.1288,2812.7395,1275.0948,44.98925,2484.8933,1175.5712,1452.0703,2712.9185,1348.3987,163.43329,2900.8472,1175.0522,1698.9172,3184.0403,1349.2358,402.02243
IMG_5850 copy 8.JPG,429.9981,1062.8303,-162.52261,349.9617,1131.6653,-80.41252,348.37878,1144.4906,-81.2008,346.82956,1158.2863,-81.8073,350.35834,1136.1602,-243.79895,348.88568,1150.8937,-243.85663,347.46036,1166.9907,-244.15515,388.4799,1282.199,278.23175,385.08435,1293.2751,-452.45917,523.6262,1096.0116,-18.96646,520.8609,1104.9608,-228.87764,869.5903,1203.1318,614.1596,885.1472,1538.559,-873.4691,1447.9052,1243.5558,716.52716,1574.4312,1634.4475,-894.3173,1968.9108,1110.918,654.1173,2204.4722,1616.4445,-752.45386,2097.4832,1048.2365,638.0715,2382.844,1674.0378,-832.1216,2108.5566,1090.9858,533.6811,2389.491,1610.8663,-833.9831,2070.341,1127.7803,597.0265,2339.917,1566.8828,-743.1133,1864.1385,785.5971,451.14868,1972.7166,1001.67804,-449.81824,2566.2607,351.3068,229.66739,2816.1414,424.17877,-873.85925,2581.3474,1044.1936,1335.1288,2812.7395,1275.0948,44.98925,2484.8933,1175.5712,1452.0703,2712.9185,1348.3987,163.43329,2900.8472,1175.0522,1698.9172,3184.0403,1349.2358,402.02243
IMG_5850 copy 9.JPG,429.9981,1062.8303,-162.52261,349.9617,1131.6653,-80.41252,348.37878,1144.4906,-81.2008,346.82956,1158.2863,-81.8073,350.35834,1136.1602,-243.79895,348.88568,1150.8937,-243.85663,347.46036,1166.9907,-244.15515,388.4799,1282.199,278.23175,385.08435,1293.2751,-452.45917,523.6262,1096.0116,-18.96646,520.8609,1104.9608,-228.87764,869.5903,1203.1318,614.1596,885.1472,1538.559,-873.4691,1447.9052,1243.5558,716.52716,1574.4312,1634.4475,-894.3173,1968.9108,1110.918,654.1173,2204.4722,1616.4445,-752.45386,2097.4832,1048.2365,638.0715,2382.844,1674.0378,-832.1216,2108.5566,1090.9858,533.6811,2389.491,1610.8663,-833.9831,2070.341,1127.7803,597.0265,2339.917,1566.8828,-743.1133,1864.1385,785.5971,451.14868,1972.7166,1001.67804,-449.81824,2566.2607,351.3068,229.66739,2816.1414,424.17877,-873.85925,2581.3474,1044.1936,1335.1288,2812.7395,1275.0948,44.98925,2484.8933,1175.5712,1452.0703,2712.9185,1348.3987,163.43329,2900.8472,1175.0522,1698.9172,3184.0403,1349.2358,402.02243
IMG_5850 copy.JPG,429.9981,1062.8303,-162.52261,349.9617,1131.6653,-80.41252,348.37878,1144.4906,-81.2008,346.82956,1158.2863,-81.8073,350.35834,1136.1602,-243.79895,348.88568,1150.8937,-243.85663,347.46036,1166.9907,-244.15515,388.4799,1282.199,278.23175,385.08435,1293.2751,-452.45917,523.6262,1096.0116,-18.96646,520.8609,1104.9608,-228.87764,869.5903,1203.1318,614.1596,885.1472,1538.559,-873.4691,1447.9052,1243.5558,716.52716,1574.4312,1634.4475,-894.3173,1968.9108,1110.918,654.1173,2204.4722,1616.4445,-752.45386,2097.4832,1048.2365,638.0715,2382.844,1674.0378,-832.1216,2108.5566,1090.9858,533.6811,2389.491,1610.8663,-833.9831,2070.341,1127.7803,597.0265,2339.917,1566.8828,-743.1133,1864.1385,785.5971,451.14868,1972.7166,1001.67804,-449.81824,2566.2607,351.3068,229.66739,2816.1414,424.17877,-873.85925,2581.3474,1044.1936,1335.1288,2812.7395,1275.0948,44.98925,2484.8933,1175.5712,1452.0703,2712.9185,1348.3987,163.43329,2900.8472,1175.0522,1698.9172,3184.0403,1349.2358,402.02243
IMG_5850.JPG,429.9981,1062.8303,-162.52261,349.9617,1131.6653,-80.41252,348.37878,1144.4906,-81.2008,346.82956,1158.2863,-81.8073,350.35834,1136.1602,-243.79895,348.88568,1150.8937,-243.85663,347.46036,1166.9907,-244.15515,388.4799,1282.199,278.23175,385.08435,1293.2751,-452.45917,523.6262,1096.0116,-18.96646,520.8609,1104.9608,-228.87764,869.5903,1203.1318,614.1596,885.1472,1538.559,-873.4691,1447.9052,1243.5558,716.52716,1574.4312,1634.4475,-894.3173,1968.9108,1110.918,654.1173,2204.4722,1616.4445,-752.45386,2097.4832,1048.2365,638.0715,2382.844,1674.0378,-832.1216,2108.5566,1090.9858,533.6811,2389.491,1610.8663,-833.9831,2070.341,1127.7803,597.0265,2339.917,1566.8828,-743.1133,1864.1385,785.5971,451.14868,1972.7166,1001.67804,-449.81824,2566.2607,351.3068,229.66739,2816.1414,424.17877,-873.85925,2581.3474,1044.1936,1335.1288,2812.7395,1275.0948,44.98925,2484.8933,1175.5712,1452.0703,2712.9185,1348.3987,163.43329,2900.8472,1175.0522,1698.9172,3184.0403,1349.2358,402.02243
IMG_5867.JPG,1099.1312,992.09515,883.81726,1082.0505,1005.8413,932.86395,1082.6249,1008.81433,932.8508,1083.2113,1011.9441,932.8079,1076.7609,1008.00494,861.6132,1073.2255,1012.66095,861.4373,1069.5776,1017.67694,861.19055,1083.3578,1045.1001,1076.575,1065.8859,1053.254,742.5914,1115.9678,1001.3026,934.30865,1110.6,1002.03467,836.858,1241.6465,1061.4146,1064.9672,1095.4293,1108.7267,434.25986,1484.0223,1096.9866,953.41144,1235.5769,1161.5305,-63.17595,1729.0814,1105.1907,753.9042,1382.1511,1184.82,-520.21674,1788.8824,1128.3835,725.89716,1432.7583,1210.7778,-606.95776,1782.1094,1128.9287,696.12976,1442.2955,1201.1888,-557.8547,1755.1172,1120.2986,732.4957,1427.4977,1186.9415,-505.8883,1536.1442,1023.63385,253.09915,1436.2793,1032.4265,-253.90909,1756.9669,803.6613,-9.256037,1650.7957,756.27325,-484.6365,1975.0464,1101.0427,-142.86296,1814.6685,1112.478,-652.1195,1965.7596,1162.9945,-165.25952,1815.9928,1160.1882,-669.05853,2104.2666,1156.4946,-259.12415,1997.8828,1213.5659,-746.79095
IMG_5869.JPG,2830.5022,467.39294,-44.44433,2882.452,512.60614,-127.10764,2882.5422,521.9863,-127.06446,2883.183,532.7474,-127.35478,2883.374,504.28513,14.395327,2883.4675,507.44827,14.55695,2884.4006,511.44913,14.17695,2856.0603,617.19135,-309.52667,2861.936,595.5117,327.877,2768.5876,489.35098,-96.96997,2768.2654,479.86816,86.80091,2516.3499,767.5075,-630.9191,2500.379,588.1582,820.8556,1984.6539,890.8296,-728.70404,2097.7224,517.56964,1250.9403,1491.5049,930.2911,-803.4344,2039.116,449.19388,1275.5402,1362.6865,972.2283,-921.1729,2122.6624,360.22714,1317.2947,1341.9252,931.2297,-947.04895,2144.406,380.1916,1200.542,1396.8983,913.25354,-806.1312,2181.45,396.78857,1222.6045,1764.3237,590.5511,-463.0913,1800.787,447.47858,462.54868,1110.8091,110.9572,-881.6944,1211.2882,139.67494,348.55264,1001.0252,777.30164,-126.75721,1007.0955,715.3003,755.68506,1046.9681,877.9346,-46.793358,1024.063,840.1093,789.13464,706.18774,745.3113,-73.17524,691.9622,704.9098,656.9118
IMG_5870.JPG,2520.3418,494.08932,-775.933,2563.1086,532.534,-860.5374,2559.3564,543.27783,-860.47473,2555.9495,554.9032,-860.933,2571.7952,522.1567,-727.3552,2573.8438,525.0943,-727.3105,2576.2405,528.0875,-727.6266,2515.342,662.6352,-1034.4843,2535.6658,629.8878,-433.39764,2448.0396,515.077,-821.7412,2456.8516,504.41806,-647.9952,2090.7268,771.72565,-1207.9357,2212.9175,614.7196,65.98962,1518.5436,875.9832,-1179.0531,1744.8494,549.3897,589.7959,1070.9674,922.2384,-1133.6498,1510.5942,539.7378,807.7857,940.9539,951.9592,-1244.3182,1432.7294,538.6558,886.47656,916.0713,893.3306,-1292.4828,1451.8204,533.2463,765.9108,942.7369,868.49536,-1144.2903,1474.458,543.352,765.4694,1417.8917,562.04767,-429.81656,1492.1926,433.49857,429.34464,796.10266,105.274086,-612.0864,1083.4473,69.80386,628.6003,670.3946,707.7343,-8.43413,951.88855,580.0963,1220.2576,736.4522,802.0398,56.57257,978.30194,673.5717,1294.0472,401.2361,668.75586,49.533813,741.23206,640.4406,1371.4526
IMG_5871.JPG,2592.3118,488.4411,-1873.7977,2631.4712,580.1973,-1927.164,2612.636,610.5368,-1927.2953,2592.1218,642.7896,-1927.7725,2670.2178,528.0617,-1847.3485,2682.4673,517.79346,-1847.453,2694.9785,508.91766,-1847.3866,2494.8477,792.57715,-1881.4451,2634.7153,531.01056,-1520.8024,2483.2664,507.2057,-1822.8395,2527.6023,459.5055,-1716.6638,1995.6804,809.467,-1650.3722,2370.3484,533.87024,-999.45703,1471.8528,803.47864,-1463.0548,1992.0663,400.38705,-89.63771,1039.8492,790.1552,-1524.9236,1740.8395,255.97797,396.00946,936.3885,828.1118,-1643.0839,1701.9568,220.61888,448.6263,928.6843,798.12036,-1735.112,1710.4816,199.53654,322.82748,967.57043,774.7732,-1568.849,1702.5513,230.7084,355.6984,1450.7708,461.6136,-231.3449,1650.8827,326.0202,231.69365,1119.432,220.93451,705.8229,1420.812,170.90253,1408.2081,1058.514,422.06738,1794.6335,1203.2733,299.80075,2344.8308,1062.9723,495.86966,1905.7272,1158.0796,361.8403,2443.8105,937.24896,277.79602,1899.8945,1055.2944,171.5632,2476.3767
IMG_5872.JPG,1803.2543,656.3466,-2016.0199,1769.7158,726.82355,-2139.7783,1725.7434,745.2906,-2139.3037,1692.5917,765.86505,-2140.0037,1863.4141,708.33344,-2097.4082,1891.1218,710.67004,-2097.2358,1918.7001,714.9961,-2096.327,1626.6503,878.88446,-2121.9678,1968.0972,776.82526,-1928.8926,1733.2314,642.4238,-1943.0878,1812.7251,622.5137,-1886.1714,1373.8529,912.1313,-1494.1572,2047.3704,747.537,-1439.254,1094.7542,1016.5123,-632.6811,2114.2644,790.06726,-356.2685,1192.0437,823.64453,428.29657,1927.2114,738.5581,593.12244,1189.7872,794.0775,575.3385,1936.4885,712.7972,710.4475,1248.1158,777.7605,609.3286,1916.6813,713.2942,722.1857,1254.106,788.30304,469.72443,1894.6104,724.2012,616.45215,1344.2357,341.9569,-5.611661,1687.7207,304.95456,8.027146,1239.4381,117.755226,755.8761,1690.806,49.889587,927.56964,1232.0691,197.93536,1825.349,1660.8055,-51.21905,1757.0553,1251.1116,216.9374,1946.1864,1634.575,-39.38638,1844.0927,1237.6063,138.77423,2053.9617,1598.5923,-179.85579,1837.9908
IMG_5873.JPG,2566.1519,776.5583,-1329.6232,2596.7773,816.6117,-1428.2574,2593.3003,828.2662,-1427.8984,2590.121,841.3873,-1428.3829,2605.4229,798.3187,-1325.2257,2607.3674,797.42175,-1325.4402,2609.786,796.8965,-1325.4543,2563.4167,920.5969,-1564.9939,2588.167,874.5097,-1093.7632,2511.7488,795.36743,-1345.5227,2522.6047,774.61597,-1211.225,2248.539,960.1111,-1534.5063,2441.6633,859.79193,-593.01215,1909.9257,1038.4565,-1184.3864,2078.2288,953.84875,25.608986,1660.9095,1065.7998,-669.65594,1798.4541,967.74786,524.55676,1594.2144,1084.3215,-671.8222,1705.1766,965.19183,656.3855,1599.4761,1055.669,-690.1652,1703.6832,963.17725,552.5332,1618.2732,1044.8931,-655.5158,1731.8757,967.60046,505.14496,1744.3683,732.93726,-362.11063,1859.5366,710.3454,362.5531,1394.284,480.329,-298.10953,1605.2096,550.1749,1163.3802,1443.5704,940.47266,402.11563,1609.6372,874.6804,1615.5339,1497.563,1010.5737,494.25827,1642.845,943.25214,1669.4316,1318.9037,987.22363,766.23175,1526.187,997.18066,1890.9215
IMG_5874.JPG,2399.2974,705.1508,-1536.0688,2423.254,760.8164,-1606.8633,2414.1345,778.0701,-1606.5602,2402.5586,799.3706,-1607.0844,2447.2446,726.2979,-1539.4326,2456.1394,718.1653,-1539.6162,2465.5679,710.2474,-1539.5148,2349.4878,887.4545,-1610.0135,2439.1506,769.50964,-1299.0676,2330.3645,720.52924,-1502.7534,2361.8044,680.42664,-1413.7719,2031.6754,867.0288,-1487.4752,2284.6926,755.9346,-748.934,1634.246,940.0325,-1069.6659,1922.0254,718.0,-144.89021,1396.8604,877.0902,-548.90656,1685.2422,655.3622,317.124,1310.5475,889.37384,-535.0337,1615.522,632.4812,437.98215,1324.9475,855.2681,-580.4328,1612.1641,626.6757,344.73102,1359.7743,843.781,-545.8774,1627.1808,643.0379,300.0622,1592.8821,607.1047,-300.996,1748.7106,581.16547,301.14957,1258.5803,205.38176,-374.28983,1557.2118,333.5703,879.57794,1391.4972,694.8665,310.99213,1525.0928,648.25433,1348.9725,1494.1628,763.86584,406.14505,1541.3372,690.047,1413.239,1304.6119,811.101,774.42126,1442.7037,673.8333,1742.969
IMG_5875.JPG,2257.8264,729.509,-2193.7751,2279.1558,785.43567,-2234.2227,2260.8772,801.6781,-2233.9346,2249.0107,810.33203,-2234.84,2335.7695,760.04706,-2232.8538,2335.5698,734.2131,-2233.2158,2353.726,720.87866,-2233.0315,2236.186,876.1085,-1986.1396,2404.0745,773.12463,-1979.1337,2234.2256,705.1162,-2054.9573,2266.1047,696.58185,-2053.683,2087.9705,899.51587,-1469.7286,2400.012,658.88635,-1383.5845,1763.864,936.61115,-841.9074,2263.182,556.52625,-561.85547,1779.8397,775.8308,-215.74136,2255.3174,589.7355,261.54837,1777.02,746.1098,-105.30073,2272.2644,601.8136,413.48114,1818.0177,728.7648,-117.17512,2276.4263,588.63696,382.28937,1825.8003,734.5638,-187.07793,2257.1296,594.95905,285.8448,1855.0829,604.1723,-85.30852,2021.912,484.35162,86.150764,1640.1051,386.98138,-299.96494,1856.6558,207.41563,-153.61893,1741.3107,502.2046,681.4626,1797.029,444.11496,854.8387,1763.9563,531.8355,810.3166,1800.3522,506.04742,992.5787,1750.2332,457.91266,1027.2921,1720.3267,421.26074,1233.0485
IMG_5876.JPG,2446.2197,698.5419,-1769.4803,2389.4387,762.19574,-1842.1261,2353.5134,783.0009,-1841.8767,2324.6667,806.0487,-1842.9125,2500.8203,744.9669,-1831.66,2530.2456,755.42053,-1831.9484,2555.8262,769.6224,-1832.2473,2280.0354,890.34106,-1680.4636,2632.1794,865.2726,-1623.0516,2378.7634,695.42816,-1660.0897,2495.8914,695.17816,-1644.9835,2017.0392,879.2332,-1127.7427,2864.4568,887.8737,-1223.2749,1863.994,899.30945,-703.73895,3063.4893,936.3189,-535.1238,2190.0076,900.00195,29.657318,2763.19,890.0523,213.92755,2260.6235,909.0663,97.91794,2714.3184,921.01385,246.02159,2283.9175,905.8247,185.54231,2620.2278,980.7432,359.65192,2292.5205,922.81244,68.14295,2636.095,966.2769,258.99918,2244.291,295.24405,12.379984,2620.7666,293.38617,-10.772026,2235.8083,93.70456,584.06,2580.8186,78.12316,646.4835,2228.161,40.96176,1602.4435,2586.4192,17.337463,1559.4719,2229.1926,-34.696556,1712.1432,2524.245,-63.781155,1651.676,2227.9841,-186.80974,1563.0519,2494.511,-232.08893,1473.6532
IMG_5877.JPG,1203.2555,807.4687,-2169.5735,1149.0004,876.4551,-2131.897,1138.4515,875.71826,-2131.9937,1129.2783,875.79205,-2132.5159,1200.2694,906.7938,-2225.9556,1234.8025,934.59906,-2226.468,1277.252,971.05945,-2226.4653,1171.7772,920.7608,-1718.267,1367.4152,1085.5076,-2131.7007,1250.1016,767.6504,-1982.0325,1307.7101,818.08,-2098.949,1356.3673,805.9644,-1202.3225,1837.8738,1049.8801,-1752.4648,1661.4027,693.5086,-597.0474,2334.2178,1088.5143,-1186.2288,1859.3562,506.18555,-294.47556,2497.3628,920.5582,-442.95325,1890.4336,438.95203,-264.91138,2571.4,898.03687,-391.48315,1902.694,457.60205,-320.7985,2502.3406,828.12335,-404.40656,1917.6941,493.84958,-308.01352,2464.1406,881.65924,-427.20178,2000.7266,563.0584,242.75972,2239.4404,705.25024,-241.16273,2108.5864,203.56544,454.7678,2477.549,154.42958,-213.0372,2352.5308,573.522,1267.6777,2553.4275,333.8537,657.902,2367.9788,654.49554,1363.8552,2543.5457,380.77216,763.0669,2508.8242,513.65326,1594.4668,2647.5273,196.39537,908.7892
IMG_5878.JPG,1571.0404,705.4483,-808.1506,1507.4,753.7965,-756.18634,1505.1055,752.64874,-756.82104,1502.8126,750.50323,-757.7368,1517.664,782.44293,-870.0231,1522.905,803.5945,-870.21094,1529.4945,828.617,-870.6914,1555.0164,821.58234,-410.02982,1589.3367,948.2994,-918.1484,1649.2024,704.8578,-660.9909,1675.3693,754.4969,-806.7172,1828.8918,807.51306,41.89743,2097.1582,1015.7707,-1050.0537,2233.8916,741.251,620.0143,2725.5823,1099.2943,-936.43823,2585.8303,617.406,1056.2991,3263.1138,1112.613,-744.6445,2680.2449,567.4061,1121.0625,3416.1404,1174.7534,-803.7391,2681.846,564.67786,1053.2677,3442.8274,1092.1871,-870.9394,2667.952,599.91614,1031.6412,3364.0088,1048.1376,-768.3258,2761.1,512.4632,354.5404,2970.19,685.3502,-353.62125,3278.8691,79.13714,693.7129,3465.0771,149.32404,-151.71567,3599.3154,265.27023,1565.4484,3632.0356,571.1141,823.35364,3636.0762,323.14832,1647.4614,3629.6753,678.71466,940.9529,3750.1648,136.09546,1755.3392,3786.864,487.07596,1055.2405
IMG_5879.JPG,458.08527,967.9955,301.40378,401.10773,1034.6681,370.41092,402.05133,1040.6826,369.80972,403.46628,1047.1595,369.2067,402.30228,1045.9066,243.91063,403.76926,1059.125,244.10522,405.70346,1073.6014,243.74315,456.04468,1121.4125,702.0188,457.86853,1166.6465,129.32108,538.8068,972.2124,436.74872,540.8338,984.5123,270.15564,896.32697,998.9488,988.5778,789.472,1323.0552,-317.22913,1454.8041,1015.3318,1170.6564,1380.8209,1417.7438,-537.23425,1964.232,989.3628,1087.5848,1994.9562,1319.8689,-725.17816,2120.487,979.60516,1039.3884,2196.276,1350.7538,-837.1363,2138.4915,993.8645,920.1956,2215.4412,1282.3414,-849.4143,2078.904,1000.5602,1026.2222,2136.9946,1249.414,-719.8641,1763.9937,683.91675,460.27487,1822.6348,883.438,-458.83508,2443.6238,15.65504,21.292599,2561.0955,161.53137,-938.1382,2685.0576,794.49536,816.1288,2769.4668,936.39044,-189.86722,2643.2651,948.1241,890.41077,2746.309,1147.8324,-87.67392,3074.2034,820.41394,923.90375,3221.744,1007.991,13.049658
IMG_5880.JPG,894.33057,840.06915,2659.3489,899.3203,855.92926,2753.6814,910.7221,860.3223,2753.141,921.00116,865.9559,2751.5237,862.8109,864.0562,2637.8015,852.4638,876.4642,2637.6199,840.93256,890.9865,2636.1191,946.7523,925.6189,2882.2498,827.0712,970.0158,2370.8965,947.93365,865.68463,2676.375,902.7879,878.4624,2528.9563,1191.3312,1044.2393,2350.4773,763.8867,1128.8723,1555.021,1703.037,1125.847,1744.2776,858.4701,1279.591,396.7875,2154.841,890.0591,1120.4789,1378.548,1332.6425,-568.09827,2298.7144,815.43567,973.7022,1532.2767,1416.1476,-656.2347,2314.7983,822.30774,965.00226,1574.0332,1358.8575,-557.67255,2264.3638,863.7104,1075.864,1522.9789,1315.9072,-540.03876,1756.1222,755.30804,337.03122,1525.222,821.3453,-342.10336,2185.2932,202.11578,-376.61603,1809.9967,391.5496,-758.6542,2537.442,887.9335,-550.0826,2449.1138,1126.7004,-1320.9559,2492.8635,1001.65704,-563.6981,2419.339,1212.8481,-1362.4753,2874.151,1046.189,-649.3176,2975.0642,1358.6464,-1437.8751
IMG_5881.JPG,1347.7998,1177.8932,-925.2693,1311.2067,1248.9219,-909.9621,1274.6259,1256.5312,-909.78406,1247.4093,1266.9496,-910.34436,1402.561,1229.6998,-916.6948,1432.0864,1231.8798,-916.5669,1470.3287,1236.0355,-916.798,1213.4004,1323.2032,-476.1884,1536.5919,1293.9819,-487.18448,1293.0656,1171.8403,-713.4964,1407.3284,1161.747,-717.218,902.24274,1239.2606,-96.22363,1710.6552,1091.5275,-134.98268,288.93106,1108.1017,-925.5537,2017.408,758.8677,-771.70605,600.5633,1287.9087,-1810.0104,2028.376,1100.8545,-1652.42,717.9546,1367.714,-1880.4807,2052.901,1196.1547,-1768.1372,791.9235,1403.1074,-1672.2755,2026.5049,1255.3765,-1721.1312,777.6235,1368.9059,-1731.7872,1985.9791,1199.6296,-1653.5092,1108.744,104.04808,-67.81495,1549.1521,82.34399,70.87909,1198.7782,707.59863,-437.50702,1882.0579,509.65326,345.9483,1522.1221,864.1239,-565.1736,1762.847,842.1772,-385.6036,1563.9584,793.4315,-540.57056,1747.509,778.83563,-412.87933,1709.7402,1134.9558,-528.98914,1713.7039,1183.2622,-452.7722
IMG_6563.JPG,2285.1135,1608.1069,437.7878,2326.7673,1632.8456,416.36163,2327.8853,1642.9674,416.4612,2328.6838,1653.7062,416.3048,2325.484,1618.6888,511.69055,2325.8076,1617.7527,511.86438,2326.1494,1616.9938,511.79852,2319.2693,1711.7312,385.7117,2317.837,1659.6,807.4417,2244.9597,1633.1703,429.27258,2244.2397,1614.867,550.9844,2159.7717,1770.2178,48.790287,2087.164,1642.6243,1032.4811,1825.0105,1796.4175,-266.1097,1764.4034,1647.221,1160.8474,1521.1023,1842.011,-598.9,1494.1504,1662.0834,1171.9109,1411.8193,1870.5797,-678.5149,1425.1852,1655.2236,1213.2875,1398.7023,1835.3234,-618.15173,1409.114,1659.3666,1158.179,1432.6179,1817.5747,-573.7064,1433.1267,1663.407,1148.0518,1673.1824,1557.8414,-321.2801,1625.5741,1501.2999,320.5472,1223.7296,1193.7748,-436.53964,1233.2299,1192.8689,66.81253,1029.5986,1656.0927,-403.18353,1061.147,1600.7671,343.42038,1073.9904,1761.4338,-392.49683,1097.9545,1676.8824,367.2515,786.8976,1751.6359,-476.00925,826.6519,1685.7896,274.72992
IMG_6564.JPG,2452.5386,1614.6074,277.9585,2491.2388,1647.2117,243.5945,2491.5808,1657.7484,243.7403,2492.0886,1668.9513,243.61807,2491.5513,1633.9545,336.65115,2492.551,1634.4927,336.68625,2493.7222,1635.2498,336.57355,2475.9326,1723.3602,199.83368,2477.647,1678.2264,613.405,2414.8892,1635.161,269.41736,2416.466,1616.8102,388.58728,2287.3083,1775.6688,-101.029526,2248.058,1649.5359,878.83795,1973.0631,1814.5834,-419.03638,1941.389,1661.5549,1033.8246,1676.3026,1844.2485,-698.5115,1671.9254,1661.6646,1059.2634,1577.3801,1859.0066,-767.55505,1616.56,1643.453,1100.8187,1566.988,1835.5226,-696.62964,1610.007,1646.8782,1042.2631,1597.7079,1823.0273,-668.1857,1629.7667,1656.8684,1034.3201,1819.9874,1538.3776,-324.3784,1790.1954,1489.0027,323.84564,1396.827,1185.3097,-446.87396,1403.4292,1195.7583,84.829636,1212.1715,1649.5643,-375.36157,1231.2527,1604.4142,384.30927,1254.0156,1753.1858,-357.7659,1267.9563,1681.22,411.28873,971.655,1743.4261,-405.99554,999.423,1683.7827,350.0575
IMG_6565.JPG,2470.9841,1613.791,469.07233,2509.9253,1639.1814,447.46823,2510.8787,1648.6873,447.58127,2512.256,1659.766,447.38,2509.6511,1627.355,540.4544,2509.9578,1626.917,540.67645,2510.3787,1626.3412,540.63544,2503.6697,1717.9352,412.0,2501.7131,1663.7625,827.7152,2430.415,1634.728,461.66104,2429.7075,1618.2727,580.8569,2337.1646,1775.4512,83.516136,2274.0906,1662.0493,1049.9354,2009.1315,1813.2505,-141.90276,1943.9521,1678.8235,1181.2833,1694.7089,1829.9022,-387.58752,1671.9459,1671.7513,1195.4099,1595.1165,1833.9993,-471.60123,1626.7457,1696.655,1220.0339,1587.5896,1812.3367,-424.02252,1621.0651,1684.277,1163.4902,1616.8042,1806.6597,-367.10202,1632.3661,1677.2604,1168.21,1863.2782,1536.2926,-325.19296,1828.8531,1483.7439,324.27994,1410.8944,1183.3177,-467.0614,1431.8438,1175.0911,64.40202,1226.0144,1670.9052,-410.54822,1253.4518,1598.4393,379.16196,1261.3427,1747.5624,-404.07596,1278.2231,1682.3848,406.22092,975.3317,1725.0236,-554.88434,1036.0424,1695.6521,288.17126
IMG_6566.JPG,2460.727,1608.3381,196.03806,2500.2993,1634.3134,122.798,2501.8682,1642.9728,122.99148,2504.8054,1652.5349,122.96516,2498.3672,1626.7764,246.7913,2498.059,1629.6731,246.9043,2498.2559,1633.0316,246.76952,2498.0325,1717.1525,-64.07918,2488.96,1688.1619,490.63364,2423.6338,1631.6035,140.68092,2419.2605,1623.0908,300.9036,2327.5503,1796.699,-391.5948,2250.0269,1682.9884,797.91315,2015.775,1835.2742,-684.5006,1934.5135,1699.348,975.4347,1713.7468,1861.7822,-954.42395,1673.2217,1699.2367,930.994,1614.8016,1871.2687,-1057.4628,1600.6511,1697.593,973.79706,1607.8198,1854.3276,-988.2096,1591.0897,1701.8059,887.14813,1634.8762,1844.8234,-924.2886,1626.8746,1704.7505,892.5347,1813.0417,1525.9232,-385.74338,1776.4418,1472.012,385.43015,1416.5597,1212.3875,-538.6067,1416.9935,1191.3553,166.01877,1259.7056,1679.8925,-207.94917,1275.2811,1626.3074,652.0917,1291.4484,1758.8011,-174.9051,1304.0194,1712.4226,697.9938,1010.021,1761.1288,-249.1296,1059.22,1731.4739,651.71185
IMG_6567.JPG,2487.368,1615.2018,185.0328,2530.1533,1644.4838,104.85365,2532.918,1652.6462,105.04118,2535.9778,1661.3854,105.00854,2527.6765,1639.9576,237.48985,2528.3018,1644.1466,237.60515,2529.5203,1648.7465,237.55078,2533.0527,1728.2692,-88.96304,2521.417,1701.9463,511.03513,2453.8652,1638.4949,129.808,2452.7798,1632.3512,302.76398,2371.9578,1815.7013,-436.88995,2293.7087,1720.4048,854.61115,2058.1973,1853.0103,-851.99365,1970.8002,1729.1376,1099.2642,1772.4131,1869.3148,-1235.1102,1730.6758,1717.2415,1113.0836,1669.502,1885.5715,-1346.3433,1665.1604,1711.0348,1175.9684,1658.971,1876.95,-1255.2493,1652.3934,1720.8065,1088.8217,1692.6381,1866.9915,-1198.0764,1677.805,1722.1638,1077.9838,1838.965,1533.7191,-427.2512,1804.3821,1482.5487,427.05212,1450.9181,1236.3636,-504.66275,1464.5026,1219.5421,273.3862,1294.3724,1694.1167,-277.60425,1309.672,1655.6869,706.9035,1354.3918,1776.9734,-245.48798,1365.8282,1733.9216,752.69464,1051.6317,1781.4979,-287.48477,1115.7085,1760.0765,723.16394
IMG_6568.JPG,2512.8848,1607.41,228.03503,2552.64,1635.4152,153.25363,2554.4502,1643.2189,153.40887,2556.5212,1651.5288,153.36047,2550.9343,1630.6848,278.9472,2551.2517,1634.3455,279.02136,2552.183,1638.417,278.88065,2550.6704,1715.9441,-33.730473,2542.9343,1691.3062,530.82385,2477.9807,1629.6355,173.27747,2477.7207,1622.4037,336.04987,2381.516,1803.2047,-383.24362,2314.2048,1694.566,852.5407,2058.0002,1856.5227,-746.30597,2008.2422,1694.7996,1041.2671,1775.8175,1882.9913,-1052.8575,1756.551,1714.3159,994.5298,1666.707,1896.0128,-1160.5765,1676.1299,1702.8336,1039.3817,1656.0808,1878.4027,-1081.8728,1661.9688,1711.9021,948.5467,1692.2642,1869.1647,-1020.04456,1699.4896,1715.9666,954.12537,1861.1621,1563.9209,-401.0303,1829.9984,1510.9174,400.68814,1462.7434,1251.6971,-494.4852,1458.1376,1240.1718,226.33313,1306.6752,1727.7567,-272.50952,1313.3829,1676.5347,640.05133,1347.9478,1806.103,-246.47177,1346.7711,1751.5496,679.6561,1061.575,1811.2103,-323.6281,1095.4902,1755.5631,637.18335
Manflowyoga_yoga_for_longer_better_sex_glute_bridge-min-scaled.jpg,1831.1115,1460.676,107.14927,1858.5142,1479.9019,53.18132,1858.9349,1485.7944,53.193314,1859.5566,1492.5372,53.025726,1858.0955,1474.3224,144.77202,1858.1836,1475.4413,144.85263,1858.748,1476.9417,144.6265,1849.5704,1539.8878,-93.57417,1848.8281,1522.1716,319.31546,1801.3129,1474.3218,62.41096,1801.721,1466.5181,181.60316,1662.5593,1599.1752,-355.06863,1648.1825,1517.7374,570.46625,1430.8313,1676.0973,-536.9773,1441.3748,1541.0009,788.57983,1225.749,1730.2341,-653.8683,1258.0225,1577.654,903.3401,1155.8007,1756.9762,-728.51245,1211.1681,1514.8275,956.27814,1150.0236,1749.1603,-700.89465,1211.7012,1512.0848,902.8008,1174.9608,1739.6176,-640.6852,1229.1157,1578.1012,880.3624,1245.4182,1416.5359,-305.23993,1272.0029,1364.2229,304.80734,881.6218,1223.4502,-492.81223,948.13324,1226.1904,281.53262,899.6699,1578.5597,-91.12603,935.4396,1496.53,664.20355,911.4863,1634.653,-51.178154,953.9762,1546.3748,701.0196,740.81305,1642.4597,-68.14635,793.01465,1568.6619,680.91223
Move-Better-Chiropractic-Braced-glute-bridge-1024x768.jpg,175.28561,424.87802,81.07503,159.90353,432.66418,98.87582,159.88022,433.95712,98.736916,160.04843,435.4712,98.69081,159.60968,436.0387,54.442795,159.35516,439.69034,54.422234,159.26584,444.2047,54.275963,167.96167,459.1964,189.51648,166.3772,473.7782,-9.95288,193.91736,431.42935,119.59138,193.69131,434.9933,62.62978,268.2799,457.14175,301.5181,248.10944,499.7379,-140.09505,405.9441,465.78882,349.73502,388.2627,515.51404,-222.02876,510.57562,467.899,316.79727,548.21484,515.742,-287.27823,539.39056,437.9604,320.5032,598.414,532.18677,-320.8188,541.8836,441.70868,281.28412,606.80865,526.7905,-323.50528,531.05334,445.299,296.79306,590.97797,517.82745,-285.82092,519.3009,345.39124,141.62297,518.21936,360.89462,-141.48979,742.15845,260.49152,77.07426,765.6067,244.78702,-238.31381,812.8893,479.48535,187.49182,821.8646,480.6021,-137.08937,805.216,510.95056,194.85661,812.7575,511.78464,-126.49116,904.9475,507.90555,164.62321,934.6161,515.84753,-160.59908
SHP_MTM_Glute-Bridge_3x2-bfe761cd0ffb45e28875198ebed77038.jpg,1093.953,484.24942,147.89056,1111.6163,497.09375,111.48092,1112.5839,502.0824,111.53773,1113.5529,507.24393,111.43478,1110.6404,491.21918,171.88603,1110.7708,491.29218,172.01521,1111.0754,491.78784,171.97536,1109.4706,538.66614,22.5974,1105.9294,521.4706,294.57944,1072.8589,494.9627,123.17771,1071.2788,488.30664,201.42596,1017.7345,583.7192,-136.35846,988.5312,524.38763,437.88892,840.9934,612.806,-248.99022,803.48486,527.155,503.1732,693.4454,625.80347,-355.573,652.6209,532.5382,488.7092,645.65,641.9521,-401.0738,611.13446,535.6051,505.6802,637.7322,631.2597,-384.33914,606.6529,540.371,472.9376,653.08484,621.6521,-347.51773,622.89636,542.66656,472.42914,758.439,429.72482,-182.46208,749.7921,399.41125,182.24272,519.8562,297.3731,-337.0777,503.32666,260.33466,58.64032,462.03848,524.59784,-115.77352,411.52533,501.59525,245.97093,477.14557,587.085,-90.91068,419.57993,536.90106,263.15308,324.77322,599.0404,-100.63213,301.51825,532.6786,203.25674
Screenshot 2023-02-19 231914.png,334.60437,286.41995,-156.477,342.92758,293.69302,-172.66864,342.27548,295.0243,-172.669,341.6226,296.37738,-172.7744,344.49896,292.76062,-151.00009,344.91064,293.61197,-151.04286,345.3931,294.7122,-151.09395,335.33203,309.9142,-208.27663,339.68463,308.93765,-110.22759,324.45728,289.9654,-165.50433,326.05267,288.02637,-137.27097,263.9547,321.8957,-222.44986,298.1297,304.272,-38.966183,173.2655,330.82477,-211.6311,222.16484,302.96484,32.548492,108.0964,334.85526,-186.55975,173.4536,292.64325,63.1595,93.73253,339.60043,-201.18875,161.2024,290.53018,72.09003,91.10397,336.96854,-204.9583,161.3148,288.58456,51.513447,97.114136,335.24756,-187.15701,164.57887,290.5519,55.68991,159.96094,279.5492,-66.978065,177.66045,271.36465,66.94253,79.186615,212.5581,-62.762917,116.851036,244.86102,159.22592,46.647766,308.512,30.061901,86.65054,302.60165,229.98279,48.464134,325.10754,40.051785,85.20623,314.4452,238.01172,17.95748,301.76025,43.490463,62.129898,303.82077,247.42787
Screenshot 2023-02-19 231942.png,307.76468,450.52884,-264.47748,313.1021,459.66235,-286.21716,311.40497,462.28766,-286.1943,309.92667,465.1542,-286.3248,318.55103,455.1736,-268.62653,320.4869,454.66763,-268.64056,322.33832,454.3798,-268.62448,302.1516,483.78467,-313.49872,316.2506,469.07968,-233.01093,294.76532,453.5206,-266.27325,300.69534,448.58182,-243.03485,229.20999,484.0994,-277.4983,290.79636,464.9606,-138.48087,158.28273,490.44473,-214.93689,256.37146,445.20044,30.547728,102.10581,474.85254,-146.49646,232.43857,424.55502,166.91965,82.98591,476.1547,-146.67201,223.53697,416.97293,194.43404,85.6103,469.04776,-160.55063,223.19797,419.24634,175.05455,93.2022,468.10278,-148.43588,224.09312,421.0588,163.60689,150.80333,400.55362,-51.531162,183.77812,390.62033,51.780113,73.11345,330.5117,-50.15612,137.98906,341.2078,213.75203,46.494797,418.32632,32.16622,99.45667,393.13028,314.20398,52.344593,434.44418,43.503746,96.638756,403.47397,327.09515,20.936354,421.01328,77.80306,78.17431,390.93475,367.1785
Screenshot 2023-02-19 231957.png,327.29724,374.3927,-295.07846,336.16086,383.03214,-315.1253,334.85373,386.64413,-315.09662,333.6325,390.84656,-315.21918,340.0603,377.02756,-295.3332,341.40845,376.11197,-295.37097,342.70996,375.351,-295.39603,328.724,410.8879,-334.6699,338.94922,390.51056,-244.0976,314.07703,380.11356,-295.328,318.9846,373.37738,-269.31927,245.3972,415.40488,-314.32086,306.7908,384.7153,-135.6627,159.68997,418.45935,-276.07343,250.4282,361.663,58.639206,87.82579,410.27676,-234.93423,231.45908,340.78528,228.0207,66.35821,416.5244,-238.44566,222.97781,334.49777,266.0041,63.24248,412.02042,-256.07297,225.82275,332.8442,241.1269,70.82528,409.10034,-238.90295,226.42409,335.04453,223.80655,149.40533,341.88367,-61.798775,182.10341,320.15298,61.921185,52.267227,262.3048,-72.73339,145.30273,248.06883,184.65935,50.215717,359.52448,44.83256,131.26953,323.0567,331.02707,62.337414,379.08905,61.567883,137.61874,335.7463,350.73184,20.686632,359.31818,116.90039,107.858734,331.99973,422.97293
Screenshot 2023-02-19 232013 copy 10.png,332.55984,388.59454,18.31313,339.19305,394.62695,5.339168,339.23737,395.82626,5.3377066,339.3123,397.04895,5.3184404,339.1974,393.80762,25.79767,339.28217,394.4615,25.821924,339.44043,395.1563,25.770918,335.91968,406.08286,-24.947947,336.4658,403.43695,66.1414,325.85315,390.93933,9.868196,326.02032,389.95712,36.194756,299.99463,414.07202,-92.20934,289.45105,401.05304,136.18799,241.00252,431.11288,-137.34071,227.87163,408.3962,175.28036,182.95467,436.30725,-170.26949,173.26324,416.4024,167.34694,165.11578,442.58585,-191.70653,158.4749,415.50027,171.81207,160.79324,438.8613,-185.41823,156.70036,418.9695,155.23856,167.92142,436.26245,-167.01228,161.78032,418.86755,159.63599,188.19196,381.6191,-74.69289,184.9831,377.3805,74.52192,94.6054,335.96368,-105.083115,99.74593,337.94296,27.95292,47.83726,416.7659,-51.44215,54.179714,397.6928,108.238884,43.61361,434.64627,-46.487793,49.181767,416.62952,114.930244,7.459025,405.7996,-74.919624,14.549059,392.53912,95.10174
Screenshot 2023-02-19 232013 copy 11.png,332.55984,388.59454,18.31313,339.19305,394.62695,5.339168,339.23737,395.82626,5.3377066,339.3123,397.04895,5.3184404,339.1974,393.80762,25.79767,339.28217,394.4615,25.821924,339.44043,395.1563,25.770918,335.91968,406.08286,-24.947947,336.4658,403.43695,66.1414,325.85315,390.93933,9.868196,326.02032,389.95712,36.194756,299.99463,414.07202,-92.20934,289.45105,401.05304,136.18799,241.00252,431.11288,-137.34071,227.87163,408.3962,175.28036,182.95467,436.30725,-170.26949,173.26324,416.4024,167.34694,165.11578,442.58585,-191.70653,158.4749,415.50027,171.81207,160.79324,438.8613,-185.41823,156.70036,418.9695,155.23856,167.92142,436.26245,-167.01228,161.78032,418.86755,159.63599,188.19196,381.6191,-74.69289,184.9831,377.3805,74.52192,94.6054,335.96368,-105.083115,99.74593,337.94296,27.95292,47.83726,416.7659,-51.44215,54.179714,397.6928,108.238884,43.61361,434.64627,-46.487793,49.181767,416.62952,114.930244,7.459025,405.7996,-74.919624,14.549059,392.53912,95.10174
Screenshot 2023-02-19 232013 copy 12.png,332.55984,388.59454,18.31313,339.19305,394.62695,5.339168,339.23737,395.82626,5.3377066,339.3123,397.04895,5.3184404,339.1974,393.80762,25.79767,339.28217,394.4615,25.821924,339.44043,395.1563,25.770918,335.91968,406.08286,-24.947947,336.4658,403.43695,66.1414,325.85315,390.93933,9.868196,326.02032,389.95712,36.194756,299.99463,414.07202,-92.20934,289.45105,401.05304,136.18799,241.00252,431.11288,-137.34071,227.87163,408.3962,175.28036,182.95467,436.30725,-170.26949,173.26324,416.4024,167.34694,165.11578,442.58585,-191.70653,158.4749,415.50027,171.81207,160.79324,438.8613,-185.41823,156.70036,418.9695,155.23856,167.92142,436.26245,-167.01228,161.78032,418.86755,159.63599,188.19196,381.6191,-74.69289,184.9831,377.3805,74.52192,94.6054,335.96368,-105.083115,99.74593,337.94296,27.95292,47.83726,416.7659,-51.44215,54.179714,397.6928,108.238884,43.61361,434.64627,-46.487793,49.181767,416.62952,114.930244,7.459025,405.7996,-74.919624,14.549059,392.53912,95.10174
Screenshot 2023-02-19 232013 copy 13.png,332.55984,388.59454,18.31313,339.19305,394.62695,5.339168,339.23737,395.82626,5.3377066,339.3123,397.04895,5.3184404,339.1974,393.80762,25.79767,339.28217,394.4615,25.821924,339.44043,395.1563,25.770918,335.91968,406.08286,-24.947947,336.4658,403.43695,66.1414,325.85315,390.93933,9.868196,326.02032,389.95712,36.194756,299.99463,414.07202,-92.20934,289.45105,401.05304,136.18799,241.00252,431.11288,-137.34071,227.87163,408.3962,175.28036,182.95467,436.30725,-170.26949,173.26324,416.4024,167.34694,165.11578,442.58585,-191.70653,158.4749,415.50027,171.81207,160.79324,438.8613,-185.41823,156.70036,418.9695,155.23856,167.92142,436.26245,-167.01228,161.78032,418.86755,159.63599,188.19196,381.6191,-74.69289,184.9831,377.3805,74.52192,94.6054,335.96368,-105.083115,99.74593,337.94296,27.95292,47.83726,416.7659,-51.44215,54.179714,397.6928,108.238884,43.61361,434.64627,-46.487793,49.181767,416.62952,114.930244,7.459025,405.7996,-74.919624,14.549059,392.53912,95.10174
Screenshot 2023-02-19 232013 copy 14.png,332.55984,388.59454,18.31313,339.19305,394.62695,5.339168,339.23737,395.82626,5.3377066,339.3123,397.04895,5.3184404,339.1974,393.80762,25.79767,339.28217,394.4615,25.821924,339.44043,395.1563,25.770918,335.91968,406.08286,-24.947947,336.4658,403.43695,66.1414,325.85315,390.93933,9.868196,326.02032,389.95712,36.194756,299.99463,414.07202,-92.20934,289.45105,401.05304,136.18799,241.00252,431.11288,-137.34071,227.87163,408.3962,175.28036,182.95467,436.30725,-170.26949,173.26324,416.4024,167.34694,165.11578,442.58585,-191.70653,158.4749,415.50027,171.81207,160.79324,438.8613,-185.41823,156.70036,418.9695,155.23856,167.92142,436.26245,-167.01228,161.78032,418.86755,159.63599,188.19196,381.6191,-74.69289,184.9831,377.3805,74.52192,94.6054,335.96368,-105.083115,99.74593,337.94296,27.95292,47.83726,416.7659,-51.44215,54.179714,397.6928,108.238884,43.61361,434.64627,-46.487793,49.181767,416.62952,114.930244,7.459025,405.7996,-74.919624,14.549059,392.53912,95.10174
Screenshot 2023-02-19 232013 copy 15.png,332.55984,388.59454,18.31313,339.19305,394.62695,5.339168,339.23737,395.82626,5.3377066,339.3123,397.04895,5.3184404,339.1974,393.80762,25.79767,339.28217,394.4615,25.821924,339.44043,395.1563,25.770918,335.91968,406.08286,-24.947947,336.4658,403.43695,66.1414,325.85315,390.93933,9.868196,326.02032,389.95712,36.194756,299.99463,414.07202,-92.20934,289.45105,401.05304,136.18799,241.00252,431.11288,-137.34071,227.87163,408.3962,175.28036,182.95467,436.30725,-170.26949,173.26324,416.4024,167.34694,165.11578,442.58585,-191.70653,158.4749,415.50027,171.81207,160.79324,438.8613,-185.41823,156.70036,418.9695,155.23856,167.92142,436.26245,-167.01228,161.78032,418.86755,159.63599,188.19196,381.6191,-74.69289,184.9831,377.3805,74.52192,94.6054,335.96368,-105.083115,99.74593,337.94296,27.95292,47.83726,416.7659,-51.44215,54.179714,397.6928,108.238884,43.61361,434.64627,-46.487793,49.181767,416.62952,114.930244,7.459025,405.7996,-74.919624,14.549059,392.53912,95.10174
Screenshot 2023-02-19 232013 copy 16.png,332.55984,388.59454,18.31313,339.19305,394.62695,5.339168,339.23737,395.82626,5.3377066,339.3123,397.04895,5.3184404,339.1974,393.80762,25.79767,339.28217,394.4615,25.821924,339.44043,395.1563,25.770918,335.91968,406.08286,-24.947947,336.4658,403.43695,66.1414,325.85315,390.93933,9.868196,326.02032,389.95712,36.194756,299.99463,414.07202,-92.20934,289.45105,401.05304,136.18799,241.00252,431.11288,-137.34071,227.87163,408.3962,175.28036,182.95467,436.30725,-170.26949,173.26324,416.4024,167.34694,165.11578,442.58585,-191.70653,158.4749,415.50027,171.81207,160.79324,438.8613,-185.41823,156.70036,418.9695,155.23856,167.92142,436.26245,-167.01228,161.78032,418.86755,159.63599,188.19196,381.6191,-74.69289,184.9831,377.3805,74.52192,94.6054,335.96368,-105.083115,99.74593,337.94296,27.95292,47.83726,416.7659,-51.44215,54.179714,397.6928,108.238884,43.61361,434.64627,-46.487793,49.181767,416.62952,114.930244,7.459025,405.7996,-74.919624,14.549059,392.53912,95.10174
Screenshot 2023-02-19 232013 copy 17.png,332.55984,388.59454,18.31313,339.19305,394.62695,5.339168,339.23737,395.82626,5.3377066,339.3123,397.04895,5.3184404,339.1974,393.80762,25.79767,339.28217,394.4615,25.821924,339.44043,395.1563,25.770918,335.91968,406.08286,-24.947947,336.4658,403.43695,66.1414,325.85315,390.93933,9.868196,326.02032,389.95712,36.194756,299.99463,414.07202,-92.20934,289.45105,401.05304,136.18799,241.00252,431.11288,-137.34071,227.87163,408.3962,175.28036,182.95467,436.30725,-170.26949,173.26324,416.4024,167.34694,165.11578,442.58585,-191.70653,158.4749,415.50027,171.81207,160.79324,438.8613,-185.41823,156.70036,418.9695,155.23856,167.92142,436.26245,-167.01228,161.78032,418.86755,159.63599,188.19196,381.6191,-74.69289,184.9831,377.3805,74.52192,94.6054,335.96368,-105.083115,99.74593,337.94296,27.95292,47.83726,416.7659,-51.44215,54.179714,397.6928,108.238884,43.61361,434.64627,-46.487793,49.181767,416.62952,114.930244,7.459025,405.7996,-74.919624,14.549059,392.53912,95.10174
Screenshot 2023-02-19 232013 copy 18.png,332.55984,388.59454,18.31313,339.19305,394.62695,5.339168,339.23737,395.82626,5.3377066,339.3123,397.04895,5.3184404,339.1974,393.80762,25.79767,339.28217,394.4615,25.821924,339.44043,395.1563,25.770918,335.91968,406.08286,-24.947947,336.4658,403.43695,66.1414,325.85315,390.93933,9.868196,326.02032,389.95712,36.194756,299.99463,414.07202,-92.20934,289.45105,401.05304,136.18799,241.00252,431.11288,-137.34071,227.87163,408.3962,175.28036,182.95467,436.30725,-170.26949,173.26324,416.4024,167.34694,165.11578,442.58585,-191.70653,158.4749,415.50027,171.81207,160.79324,438.8613,-185.41823,156.70036,418.9695,155.23856,167.92142,436.26245,-167.01228,161.78032,418.86755,159.63599,188.19196,381.6191,-74.69289,184.9831,377.3805,74.52192,94.6054,335.96368,-105.083115,99.74593,337.94296,27.95292,47.83726,416.7659,-51.44215,54.179714,397.6928,108.238884,43.61361,434.64627,-46.487793,49.181767,416.62952,114.930244,7.459025,405.7996,-74.919624,14.549059,392.53912,95.10174
Screenshot 2023-02-19 232013 copy 19.png,332.55984,388.59454,18.31313,339.19305,394.62695,5.339168,339.23737,395.82626,5.3377066,339.3123,397.04895,5.3184404,339.1974,393.80762,25.79767,339.28217,394.4615,25.821924,339.44043,395.1563,25.770918,335.91968,406.08286,-24.947947,336.4658,403.43695,66.1414,325.85315,390.93933,9.868196,326.02032,389.95712,36.194756,299.99463,414.07202,-92.20934,289.45105,401.05304,136.18799,241.00252,431.11288,-137.34071,227.87163,408.3962,175.28036,182.95467,436.30725,-170.26949,173.26324,416.4024,167.34694,165.11578,442.58585,-191.70653,158.4749,415.50027,171.81207,160.79324,438.8613,-185.41823,156.70036,418.9695,155.23856,167.92142,436.26245,-167.01228,161.78032,418.86755,159.63599,188.19196,381.6191,-74.69289,184.9831,377.3805,74.52192,94.6054,335.96368,-105.083115,99.74593,337.94296,27.95292,47.83726,416.7659,-51.44215,54.179714,397.6928,108.238884,43.61361,434.64627,-46.487793,49.181767,416.62952,114.930244,7.459025,405.7996,-74.919624,14.549059,392.53912,95.10174
Screenshot 2023-02-19 232013 copy 2.png,332.55984,388.59454,18.31313,339.19305,394.62695,5.339168,339.23737,395.82626,5.3377066,339.3123,397.04895,5.3184404,339.1974,393.80762,25.79767,339.28217,394.4615,25.821924,339.44043,395.1563,25.770918,335.91968,406.08286,-24.947947,336.4658,403.43695,66.1414,325.85315,390.93933,9.868196,326.02032,389.95712,36.194756,299.99463,414.07202,-92.20934,289.45105,401.05304,136.18799,241.00252,431.11288,-137.34071,227.87163,408.3962,175.28036,182.95467,436.30725,-170.26949,173.26324,416.4024,167.34694,165.11578,442.58585,-191.70653,158.4749,415.50027,171.81207,160.79324,438.8613,-185.41823,156.70036,418.9695,155.23856,167.92142,436.26245,-167.01228,161.78032,418.86755,159.63599,188.19196,381.6191,-74.69289,184.9831,377.3805,74.52192,94.6054,335.96368,-105.083115,99.74593,337.94296,27.95292,47.83726,416.7659,-51.44215,54.179714,397.6928,108.238884,43.61361,434.64627,-46.487793,49.181767,416.62952,114.930244,7.459025,405.7996,-74.919624,14.549059,392.53912,95.10174
Screenshot 2023-02-19 232013 copy 20.png,332.55984,388.59454,18.31313,339.19305,394.62695,5.339168,339.23737,395.82626,5.3377066,339.3123,397.04895,5.3184404,339.1974,393.80762,25.79767,339.28217,394.4615,25.821924,339.44043,395.1563,25.770918,335.91968,406.08286,-24.947947,336.4658,403.43695,66.1414,325.85315,390.93933,9.868196,326.02032,389.95712,36.194756,299.99463,414.07202,-92.20934,289.45105,401.05304,136.18799,241.00252,431.11288,-137.34071,227.87163,408.3962,175.28036,182.95467,436.30725,-170.26949,173.26324,416.4024,167.34694,165.11578,442.58585,-191.70653,158.4749,415.50027,171.81207,160.79324,438.8613,-185.41823,156.70036,418.9695,155.23856,167.92142,436.26245,-167.01228,161.78032,418.86755,159.63599,188.19196,381.6191,-74.69289,184.9831,377.3805,74.52192,94.6054,335.96368,-105.083115,99.74593,337.94296,27.95292,47.83726,416.7659,-51.44215,54.179714,397.6928,108.238884,43.61361,434.64627,-46.487793,49.181767,416.62952,114.930244,7.459025,405.7996,-74.919624,14.549059,392.53912,95.10174
Screenshot 2023-02-19 232013 copy 21.png,332.55984,388.59454,18.31313,339.19305,394.62695,5.339168,339.23737,395.82626,5.3377066,339.3123,397.04895,5.3184404,339.1974,393.80762,25.79767,339.28217,394.4615,25.821924,339.44043,395.1563,25.770918,335.91968,406.08286,-24.947947,336.4658,403.43695,66.1414,325.85315,390.93933,9.868196,326.02032,389.95712,36.194756,299.99463,414.07202,-92.20934,289.45105,401.05304,136.18799,241.00252,431.11288,-137.34071,227.87163,408.3962,175.28036,182.95467,436.30725,-170.26949,173.26324,416.4024,167.34694,165.11578,442.58585,-191.70653,158.4749,415.50027,171.81207,160.79324,438.8613,-185.41823,156.70036,418.9695,155.23856,167.92142,436.26245,-167.01228,161.78032,418.86755,159.63599,188.19196,381.6191,-74.69289,184.9831,377.3805,74.52192,94.6054,335.96368,-105.083115,99.74593,337.94296,27.95292,47.83726,416.7659,-51.44215,54.179714,397.6928,108.238884,43.61361,434.64627,-46.487793,49.181767,416.62952,114.930244,7.459025,405.7996,-74.919624,14.549059,392.53912,95.10174
Screenshot 2023-02-19 232013 copy 3.png,332.55984,388.59454,18.31313,339.19305,394.62695,5.339168,339.23737,395.82626,5.3377066,339.3123,397.04895,5.3184404,339.1974,393.80762,25.79767,339.28217,394.4615,25.821924,339.44043,395.1563,25.770918,335.91968,406.08286,-24.947947,336.4658,403.43695,66.1414,325.85315,390.93933,9.868196,326.02032,389.95712,36.194756,299.99463,414.07202,-92.20934,289.45105,401.05304,136.18799,241.00252,431.11288,-137.34071,227.87163,408.3962,175.28036,182.95467,436.30725,-170.26949,173.26324,416.4024,167.34694,165.11578,442.58585,-191.70653,158.4749,415.50027,171.81207,160.79324,438.8613,-185.41823,156.70036,418.9695,155.23856,167.92142,436.26245,-167.01228,161.78032,418.86755,159.63599,188.19196,381.6191,-74.69289,184.9831,377.3805,74.52192,94.6054,335.96368,-105.083115,99.74593,337.94296,27.95292,47.83726,416.7659,-51.44215,54.179714,397.6928,108.238884,43.61361,434.64627,-46.487793,49.181767,416.62952,114.930244,7.459025,405.7996,-74.919624,14.549059,392.53912,95.10174
Screenshot 2023-02-19 232013 copy 4.png,332.55984,388.59454,18.31313,339.19305,394.62695,5.339168,339.23737,395.82626,5.3377066,339.3123,397.04895,5.3184404,339.1974,393.80762,25.79767,339.28217,394.4615,25.821924,339.44043,395.1563,25.770918,335.91968,406.08286,-24.947947,336.4658,403.43695,66.1414,325.85315,390.93933,9.868196,326.02032,389.95712,36.194756,299.99463,414.07202,-92.20934,289.45105,401.05304,136.18799,241.00252,431.11288,-137.34071,227.87163,408.3962,175.28036,182.95467,436.30725,-170.26949,173.26324,416.4024,167.34694,165.11578,442.58585,-191.70653,158.4749,415.50027,171.81207,160.79324,438.8613,-185.41823,156.70036,418.9695,155.23856,167.92142,436.26245,-167.01228,161.78032,418.86755,159.63599,188.19196,381.6191,-74.69289,184.9831,377.3805,74.52192,94.6054,335.96368,-105.083115,99.74593,337.94296,27.95292,47.83726,416.7659,-51.44215,54.179714,397.6928,108.238884,43.61361,434.64627,-46.487793,49.181767,416.62952,114.930244,7.459025,405.7996,-74.919624,14.549059,392.53912,95.10174
Screenshot 2023-02-19 232013 copy 5.png,332.55984,388.59454,18.31313,339.19305,394.62695,5.339168,339.23737,395.82626,5.3377066,339.3123,397.04895,5.3184404,339.1974,393.80762,25.79767,339.28217,394.4615,25.821924,339.44043,395.1563,25.770918,335.91968,406.08286,-24.947947,336.4658,403.43695,66.1414,325.85315,390.93933,9.868196,326.02032,389.95712,36.194756,299.99463,414.07202,-92.20934,289.45105,401.05304,136.18799,241.00252,431.11288,-137.34071,227.87163,408.3962,175.28036,182.95467,436.30725,-170.26949,173.26324,416.4024,167.34694,165.11578,442.58585,-191.70653,158.4749,415.50027,171.81207,160.79324,438.8613,-185.41823,156.70036,418.9695,155.23856,167.92142,436.26245,-167.01228,161.78032,418.86755,159.63599,188.19196,381.6191,-74.69289,184.9831,377.3805,74.52192,94.6054,335.96368,-105.083115,99.74593,337.94296,27.95292,47.83726,416.7659,-51.44215,54.179714,397.6928,108.238884,43.61361,434.64627,-46.487793,49.181767,416.62952,114.930244,7.459025,405.7996,-74.919624,14.549059,392.53912,95.10174
Screenshot 2023-02-19 232013 copy 6.png,332.55984,388.59454,18.31313,339.19305,394.62695,5.339168,339.23737,395.82626,5.3377066,339.3123,397.04895,5.3184404,339.1974,393.80762,25.79767,339.28217,394.4615,25.821924,339.44043,395.1563,25.770918,335.91968,406.08286,-24.947947,336.4658,403.43695,66.1414,325.85315,390.93933,9.868196,326.02032,389.95712,36.194756,299.99463,414.07202,-92.20934,289.45105,401.05304,136.18799,241.00252,431.11288,-137.34071,227.87163,408.3962,175.28036,182.95467,436.30725,-170.26949,173.26324,416.4024,167.34694,165.11578,442.58585,-191.70653,158.4749,415.50027,171.81207,160.79324,438.8613,-185.41823,156.70036,418.9695,155.23856,167.92142,436.26245,-167.01228,161.78032,418.86755,159.63599,188.19196,381.6191,-74.69289,184.9831,377.3805,74.52192,94.6054,335.96368,-105.083115,99.74593,337.94296,27.95292,47.83726,416.7659,-51.44215,54.179714,397.6928,108.238884,43.61361,434.64627,-46.487793,49.181767,416.62952,114.930244,7.459025,405.7996,-74.919624,14.549059,392.53912,95.10174
Screenshot 2023-02-19 232013 copy 7.png,332.55984,388.59454,18.31313,339.19305,394.62695,5.339168,339.23737,395.82626,5.3377066,339.3123,397.04895,5.3184404,339.1974,393.80762,25.79767,339.28217,394.4615,25.821924,339.44043,395.1563,25.770918,335.91968,406.08286,-24.947947,336.4658,403.43695,66.1414,325.85315,390.93933,9.868196,326.02032,389.95712,36.194756,299.99463,414.07202,-92.20934,289.45105,401.05304,136.18799,241.00252,431.11288,-137.34071,227.87163,408.3962,175.28036,182.95467,436.30725,-170.26949,173.26324,416.4024,167.34694,165.11578,442.58585,-191.70653,158.4749,415.50027,171.81207,160.79324,438.8613,-185.41823,156.70036,418.9695,155.23856,167.92142,436.26245,-167.01228,161.78032,418.86755,159.63599,188.19196,381.6191,-74.69289,184.9831,377.3805,74.52192,94.6054,335.96368,-105.083115,99.74593,337.94296,27.95292,47.83726,416.7659,-51.44215,54.179714,397.6928,108.238884,43.61361,434.64627,-46.487793,49.181767,416.62952,114.930244,7.459025,405.7996,-74.919624,14.549059,392.53912,95.10174
Screenshot 2023-02-19 232013 copy 8.png,332.55984,388.59454,18.31313,339.19305,394.62695,5.339168,339.23737,395.82626,5.3377066,339.3123,397.04895,5.3184404,339.1974,393.80762,25.79767,339.28217,394.4615,25.821924,339.44043,395.1563,25.770918,335.91968,406.08286,-24.947947,336.4658,403.43695,66.1414,325.85315,390.93933,9.868196,326.02032,389.95712,36.194756,299.99463,414.07202,-92.20934,289.45105,401.05304,136.18799,241.00252,431.11288,-137.34071,227.87163,408.3962,175.28036,182.95467,436.30725,-170.26949,173.26324,416.4024,167.34694,165.11578,442.58585,-191.70653,158.4749,415.50027,171.81207,160.79324,438.8613,-185.41823,156.70036,418.9695,155.23856,167.92142,436.26245,-167.01228,161.78032,418.86755,159.63599,188.19196,381.6191,-74.69289,184.9831,377.3805,74.52192,94.6054,335.96368,-105.083115,99.74593,337.94296,27.95292,47.83726,416.7659,-51.44215,54.179714,397.6928,108.238884,43.61361,434.64627,-46.487793,49.181767,416.62952,114.930244,7.459025,405.7996,-74.919624,14.549059,392.53912,95.10174
Screenshot 2023-02-19 232013 copy 9.png,332.55984,388.59454,18.31313,339.19305,394.62695,5.339168,339.23737,395.82626,5.3377066,339.3123,397.04895,5.3184404,339.1974,393.80762,25.79767,339.28217,394.4615,25.821924,339.44043,395.1563,25.770918,335.91968,406.08286,-24.947947,336.4658,403.43695,66.1414,325.85315,390.93933,9.868196,326.02032,389.95712,36.194756,299.99463,414.07202,-92.20934,289.45105,401.05304,136.18799,241.00252,431.11288,-137.34071,227.87163,408.3962,175.28036,182.95467,436.30725,-170.26949,173.26324,416.4024,167.34694,165.11578,442.58585,-191.70653,158.4749,415.50027,171.81207,160.79324,438.8613,-185.41823,156.70036,418.9695,155.23856,167.92142,436.26245,-167.01228,161.78032,418.86755,159.63599,188.19196,381.6191,-74.69289,184.9831,377.3805,74.52192,94.6054,335.96368,-105.083115,99.74593,337.94296,27.95292,47.83726,416.7659,-51.44215,54.179714,397.6928,108.238884,43.61361,434.64627,-46.487793,49.181767,416.62952,114.930244,7.459025,405.7996,-74.919624,14.549059,392.53912,95.10174
Screenshot 2023-02-19 232013 copy.png,332.55984,388.59454,18.31313,339.19305,394.62695,5.339168,339.23737,395.82626,5.3377066,339.3123,397.04895,5.3184404,339.1974,393.80762,25.79767,339.28217,394.4615,25.821924,339.44043,395.1563,25.770918,335.91968,406.08286,-24.947947,336.4658,403.43695,66.1414,325.85315,390.93933,9.868196,326.02032,389.95712,36.194756,299.99463,414.07202,-92.20934,289.45105,401.05304,136.18799,241.00252,431.11288,-137.34071,227.87163,408.3962,175.28036,182.95467,436.30725,-170.26949,173.26324,416.4024,167.34694,165.11578,442.58585,-191.70653,158.4749,415.50027,171.81207,160.79324,438.8613,-185.41823,156.70036,418.9695,155.23856,167.92142,436.26245,-167.01228,161.78032,418.86755,159.63599,188.19196,381.6191,-74.69289,184.9831,377.3805,74.52192,94.6054,335.96368,-105.083115,99.74593,337.94296,27.95292,47.83726,416.7659,-51.44215,54.179714,397.6928,108.238884,43.61361,434.64627,-46.487793,49.181767,416.62952,114.930244,7.459025,405.7996,-74.919624,14.549059,392.53912,95.10174
Screenshot 2023-02-19 232013.png,332.55984,388.59454,18.31313,339.19305,394.62695,5.339168,339.23737,395.82626,5.3377066,339.3123,397.04895,5.3184404,339.1974,393.80762,25.79767,339.28217,394.4615,25.821924,339.44043,395.1563,25.770918,335.91968,406.08286,-24.947947,336.4658,403.43695,66.1414,325.85315,390.93933,9.868196,326.02032,389.95712,36.194756,299.99463,414.07202,-92.20934,289.45105,401.05304,136.18799,241.00252,431.11288,-137.34071,227.87163,408.3962,175.28036,182.95467,436.30725,-170.26949,173.26324,416.4024,167.34694,165.11578,442.58585,-191.70653,158.4749,415.50027,171.81207,160.79324,438.8613,-185.41823,156.70036,418.9695,155.23856,167.92142,436.26245,-167.01228,161.78032,418.86755,159.63599,188.19196,381.6191,-74.69289,184.9831,377.3805,74.52192,94.6054,335.96368,-105.083115,99.74593,337.94296,27.95292,47.83726,416.7659,-51.44215,54.179714,397.6928,108.238884,43.61361,434.64627,-46.487793,49.181767,416.62952,114.930244,7.459025,405.7996,-74.919624,14.549059,392.53912,95.10174
Screenshot 2023-02-19 232029 copy 10.png,326.0997,428.30798,25.615894,333.14636,433.07132,13.835337,333.33594,434.44366,13.860025,333.59283,436.0118,13.833715,333.0753,432.18506,33.951557,333.21796,432.80304,33.976353,333.4459,433.59897,33.948456,331.85394,447.91907,-16.706244,331.53815,444.24887,73.48985,319.01495,431.4797,16.688068,319.0173,430.37796,42.68549,287.64392,457.43494,-72.77274,278.9071,443.36438,125.07864,221.78969,473.47046,-99.59031,213.10681,452.14746,150.103,160.03787,472.45135,-126.74038,156.13481,457.34238,143.47372,138.8239,482.94684,-146.40862,141.2606,457.12674,144.73419,135.67639,473.81638,-140.37973,138.85138,457.6002,130.39882,141.24142,471.2043,-124.2663,144.7424,457.42383,136.2077,180.5966,406.7065,-67.07609,180.65027,402.7299,66.91907,86.5866,352.49747,-114.87243,90.40665,357.0997,35.97156,68.29102,449.90216,-37.0685,71.836006,442.44284,121.82826,70.75603,468.58224,-30.379425,76.320175,458.96692,128.93471,25.685436,449.12955,-51.003838,30.826412,440.78052,105.493065
Screenshot 2023-02-19 232029 copy 11.png,326.0997,428.30798,25.615894,333.14636,433.07132,13.835337,333.33594,434.44366,13.860025,333.59283,436.0118,13.833715,333.0753,432.18506,33.951557,333.21796,432.80304,33.976353,333.4459,433.59897,33.948456,331.85394,447.91907,-16.706244,331.53815,444.24887,73.48985,319.01495,431.4797,16.688068,319.0173,430.37796,42.68549,287.64392,457.43494,-72.77274,278.9071,443.36438,125.07864,221.78969,473.47046,-99.59031,213.10681,452.14746,150.103,160.03787,472.45135,-126.74038,156.13481,457.34238,143.47372,138.8239,482.94684,-146.40862,141.2606,457.12674,144.73419,135.67639,473.81638,-140.37973,138.85138,457.6002,130.39882,141.24142,471.2043,-124.2663,144.7424,457.42383,136.2077,180.5966,406.7065,-67.07609,180.65027,402.7299,66.91907,86.5866,352.49747,-114.87243,90.40665,357.0997,35.97156,68.29102,449.90216,-37.0685,71.836006,442.44284,121.82826,70.75603,468.58224,-30.379425,76.320175,458.96692,128.93471,25.685436,449.12955,-51.003838,30.826412,440.78052,105.493065
Screenshot 2023-02-19 232029 copy 12.png,326.0997,428.30798,25.615894,333.14636,433.07132,13.835337,333.33594,434.44366,13.860025,333.59283,436.0118,13.833715,333.0753,432.18506,33.951557,333.21796,432.80304,33.976353,333.4459,433.59897,33.948456,331.85394,447.91907,-16.706244,331.53815,444.24887,73.48985,319.01495,431.4797,16.688068,319.0173,430.37796,42.68549,287.64392,457.43494,-72.77274,278.9071,443.36438,125.07864,221.78969,473.47046,-99.59031,213.10681,452.14746,150.103,160.03787,472.45135,-126.74038,156.13481,457.34238,143.47372,138.8239,482.94684,-146.40862,141.2606,457.12674,144.73419,135.67639,473.81638,-140.37973,138.85138,457.6002,130.39882,141.24142,471.2043,-124.2663,144.7424,457.42383,136.2077,180.5966,406.7065,-67.07609,180.65027,402.7299,66.91907,86.5866,352.49747,-114.87243,90.40665,357.0997,35.97156,68.29102,449.90216,-37.0685,71.836006,442.44284,121.82826,70.75603,468.58224,-30.379425,76.320175,458.96692,128.93471,25.685436,449.12955,-51.003838,30.826412,440.78052,105.493065
Screenshot 2023-02-19 232029 copy 13.png,326.0997,428.30798,25.615894,333.14636,433.07132,13.835337,333.33594,434.44366,13.860025,333.59283,436.0118,13.833715,333.0753,432.18506,33.951557,333.21796,432.80304,33.976353,333.4459,433.59897,33.948456,331.85394,447.91907,-16.706244,331.53815,444.24887,73.48985,319.01495,431.4797,16.688068,319.0173,430.37796,42.68549,287.64392,457.43494,-72.77274,278.9071,443.36438,125.07864,221.78969,473.47046,-99.59031,213.10681,452.14746,150.103,160.03787,472.45135,-126.74038,156.13481,457.34238,143.47372,138.8239,482.94684,-146.40862,141.2606,457.12674,144.73419,135.67639,473.81638,-140.37973,138.85138,457.6002,130.39882,141.24142,471.2043,-124.2663,144.7424,457.42383,136.2077,180.5966,406.7065,-67.07609,180.65027,402.7299,66.91907,86.5866,352.49747,-114.87243,90.40665,357.0997,35.97156,68.29102,449.90216,-37.0685,71.836006,442.44284,121.82826,70.75603,468.58224,-30.379425,76.320175,458.96692,128.93471,25.685436,449.12955,-51.003838,30.826412,440.78052,105.493065
Screenshot 2023-02-19 232029 copy 14.png,326.0997,428.30798,25.615894,333.14636,433.07132,13.835337,333.33594,434.44366,13.860025,333.59283,436.0118,13.833715,333.0753,432.18506,33.951557,333.21796,432.80304,33.976353,333.4459,433.59897,33.948456,331.85394,447.91907,-16.706244,331.53815,444.24887,73.48985,319.01495,431.4797,16.688068,319.0173,430.37796,42.68549,287.64392,457.43494,-72.77274,278.9071,443.36438,125.07864,221.78969,473.47046,-99.59031,213.10681,452.14746,150.103,160.03787,472.45135,-126.74038,156.13481,457.34238,143.47372,138.8239,482.94684,-146.40862,141.2606,457.12674,144.73419,135.67639,473.81638,-140.37973,138.85138,457.6002,130.39882,141.24142,471.2043,-124.2663,144.7424,457.42383,136.2077,180.5966,406.7065,-67.07609,180.65027,402.7299,66.91907,86.5866,352.49747,-114.87243,90.40665,357.0997,35.97156,68.29102,449.90216,-37.0685,71.836006,442.44284,121.82826,70.75603,468.58224,-30.379425,76.320175,458.96692,128.93471,25.685436,449.12955,-51.003838,30.826412,440.78052,105.493065
Screenshot 2023-02-19 232029 copy 15.png,326.0997,428.30798,25.615894,333.14636,433.07132,13.835337,333.33594,434.44366,13.860025,333.59283,436.0118,13.833715,333.0753,432.18506,33.951557,333.21796,432.80304,33.976353,333.4459,433.59897,33.948456,331.85394,447.91907,-16.706244,331.53815,444.24887,73.48985,319.01495,431.4797,16.688068,319.0173,430.37796,42.68549,287.64392,457.43494,-72.77274,278.9071,443.36438,125.07864,221.78969,473.47046,-99.59031,213.10681,452.14746,150.103,160.03787,472.45135,-126.74038,156.13481,457.34238,143.47372,138.8239,482.94684,-146.40862,141.2606,457.12674,144.73419,135.67639,473.81638,-140.37973,138.85138,457.6002,130.39882,141.24142,471.2043,-124.2663,144.7424,457.42383,136.2077,180.5966,406.7065,-67.07609,180.65027,402.7299,66.91907,86.5866,352.49747,-114.87243,90.40665,357.0997,35.97156,68.29102,449.90216,-37.0685,71.836006,442.44284,121.82826,70.75603,468.58224,-30.379425,76.320175,458.96692,128.93471,25.685436,449.12955,-51.003838,30.826412,440.78052,105.493065
Screenshot 2023-02-19 232029 copy 16.png,326.0997,428.30798,25.615894,333.14636,433.07132,13.835337,333.33594,434.44366,13.860025,333.59283,436.0118,13.833715,333.0753,432.18506,33.951557,333.21796,432.80304,33.976353,333.4459,433.59897,33.948456,331.85394,447.91907,-16.706244,331.53815,444.24887,73.48985,319.01495,431.4797,16.688068,319.0173,430.37796,42.68549,287.64392,457.43494,-72.77274,278.9071,443.36438,125.07864,221.78969,473.47046,-99.59031,213.10681,452.14746,150.103,160.03787,472.45135,-126.74038,156.13481,457.34238,143.47372,138.8239,482.94684,-146.40862,141.2606,457.12674,144.73419,135.67639,473.81638,-140.37973,138.85138,457.6002,130.39882,141.24142,471.2043,-124.2663,144.7424,457.42383,136.2077,180.5966,406.7065,-67.07609,180.65027,402.7299,66.91907,86.5866,352.49747,-114.87243,90.40665,357.0997,35.97156,68.29102,449.90216,-37.0685,71.836006,442.44284,121.82826,70.75603,468.58224,-30.379425,76.320175,458.96692,128.93471,25.685436,449.12955,-51.003838,30.826412,440.78052,105.493065
Screenshot 2023-02-19 232029 copy 17.png,326.0997,428.30798,25.615894,333.14636,433.07132,13.835337,333.33594,434.44366,13.860025,333.59283,436.0118,13.833715,333.0753,432.18506,33.951557,333.21796,432.80304,33.976353,333.4459,433.59897,33.948456,331.85394,447.91907,-16.706244,331.53815,444.24887,73.48985,319.01495,431.4797,16.688068,319.0173,430.37796,42.68549,287.64392,457.43494,-72.77274,278.9071,443.36438,125.07864,221.78969,473.47046,-99.59031,213.10681,452.14746,150.103,160.03787,472.45135,-126.74038,156.13481,457.34238,143.47372,138.8239,482.94684,-146.40862,141.2606,457.12674,144.73419,135.67639,473.81638,-140.37973,138.85138,457.6002,130.39882,141.24142,471.2043,-124.2663,144.7424,457.42383,136.2077,180.5966,406.7065,-67.07609,180.65027,402.7299,66.91907,86.5866,352.49747,-114.87243,90.40665,357.0997,35.97156,68.29102,449.90216,-37.0685,71.836006,442.44284,121.82826,70.75603,468.58224,-30.379425,76.320175,458.96692,128.93471,25.685436,449.12955,-51.003838,30.826412,440.78052,105.493065
Screenshot 2023-02-19 232029 copy 18.png,326.0997,428.30798,25.615894,333.14636,433.07132,13.835337,333.33594,434.44366,13.860025,333.59283,436.0118,13.833715,333.0753,432.18506,33.951557,333.21796,432.80304,33.976353,333.4459,433.59897,33.948456,331.85394,447.91907,-16.706244,331.53815,444.24887,73.48985,319.01495,431.4797,16.688068,319.0173,430.37796,42.68549,287.64392,457.43494,-72.77274,278.9071,443.36438,125.07864,221.78969,473.47046,-99.59031,213.10681,452.14746,150.103,160.03787,472.45135,-126.74038,156.13481,457.34238,143.47372,138.8239,482.94684,-146.40862,141.2606,457.12674,144.73419,135.67639,473.81638,-140.37973,138.85138,457.6002,130.39882,141.24142,471.2043,-124.2663,144.7424,457.42383,136.2077,180.5966,406.7065,-67.07609,180.65027,402.7299,66.91907,86.5866,352.49747,-114.87243,90.40665,357.0997,35.97156,68.29102,449.90216,-37.0685,71.836006,442.44284,121.82826,70.75603,468.58224,-30.379425,76.320175,458.96692,128.93471,25.685436,449.12955,-51.003838,30.826412,440.78052,105.493065
Screenshot 2023-02-19 232029 copy 19.png,326.0997,428.30798,25.615894,333.14636,433.07132,13.835337,333.33594,434.44366,13.860025,333.59283,436.0118,13.833715,333.0753,432.18506,33.951557,333.21796,432.80304,33.976353,333.4459,433.59897,33.948456,331.85394,447.91907,-16.706244,331.53815,444.24887,73.48985,319.01495,431.4797,16.688068,319.0173,430.37796,42.68549,287.64392,457.43494,-72.77274,278.9071,443.36438,125.07864,221.78969,473.47046,-99.59031,213.10681,452.14746,150.103,160.03787,472.45135,-126.74038,156.13481,457.34238,143.47372,138.8239,482.94684,-146.40862,141.2606,457.12674,144.73419,135.67639,473.81638,-140.37973,138.85138,457.6002,130.39882,141.24142,471.2043,-124.2663,144.7424,457.42383,136.2077,180.5966,406.7065,-67.07609,180.65027,402.7299,66.91907,86.5866,352.49747,-114.87243,90.40665,357.0997,35.97156,68.29102,449.90216,-37.0685,71.836006,442.44284,121.82826,70.75603,468.58224,-30.379425,76.320175,458.96692,128.93471,25.685436,449.12955,-51.003838,30.826412,440.78052,105.493065
Screenshot 2023-02-19 232029 copy 2.png,326.0997,428.30798,25.615894,333.14636,433.07132,13.835337,333.33594,434.44366,13.860025,333.59283,436.0118,13.833715,333.0753,432.18506,33.951557,333.21796,432.80304,33.976353,333.4459,433.59897,33.948456,331.85394,447.91907,-16.706244,331.53815,444.24887,73.48985,319.01495,431.4797,16.688068,319.0173,430.37796,42.68549,287.64392,457.43494,-72.77274,278.9071,443.36438,125.07864,221.78969,473.47046,-99.59031,213.10681,452.14746,150.103,160.03787,472.45135,-126.74038,156.13481,457.34238,143.47372,138.8239,482.94684,-146.40862,141.2606,457.12674,144.73419,135.67639,473.81638,-140.37973,138.85138,457.6002,130.39882,141.24142,471.2043,-124.2663,144.7424,457.42383,136.2077,180.5966,406.7065,-67.07609,180.65027,402.7299,66.91907,86.5866,352.49747,-114.87243,90.40665,357.0997,35.97156,68.29102,449.90216,-37.0685,71.836006,442.44284,121.82826,70.75603,468.58224,-30.379425,76.320175,458.96692,128.93471,25.685436,449.12955,-51.003838,30.826412,440.78052,105.493065
Screenshot 2023-02-19 232029 copy 20.png,326.0997,428.30798,25.615894,333.14636,433.07132,13.835337,333.33594,434.44366,13.860025,333.59283,436.0118,13.833715,333.0753,432.18506,33.951557,333.21796,432.80304,33.976353,333.4459,433.59897,33.948456,331.85394,447.91907,-16.706244,331.53815,444.24887,73.48985,319.01495,431.4797,16.688068,319.0173,430.37796,42.68549,287.64392,457.43494,-72.77274,278.9071,443.36438,125.07864,221.78969,473.47046,-99.59031,213.10681,452.14746,150.103,160.03787,472.45135,-126.74038,156.13481,457.34238,143.47372,138.8239,482.94684,-146.40862,141.2606,457.12674,144.73419,135.67639,473.81638,-140.37973,138.85138,457.6002,130.39882,141.24142,471.2043,-124.2663,144.7424,457.42383,136.2077,180.5966,406.7065,-67.07609,180.65027,402.7299,66.91907,86.5866,352.49747,-114.87243,90.40665,357.0997,35.97156,68.29102,449.90216,-37.0685,71.836006,442.44284,121.82826,70.75603,468.58224,-30.379425,76.320175,458.96692,128.93471,25.685436,449.12955,-51.003838,30.826412,440.78052,105.493065
Screenshot 2023-02-19 232029 copy 21.png,326.0997,428.30798,25.615894,333.14636,433.07132,13.835337,333.33594,434.44366,13.860025,333.59283,436.0118,13.833715,333.0753,432.18506,33.951557,333.21796,432.80304,33.976353,333.4459,433.59897,33.948456,331.85394,447.91907,-16.706244,331.53815,444.24887,73.48985,319.01495,431.4797,16.688068,319.0173,430.37796,42.68549,287.64392,457.43494,-72.77274,278.9071,443.36438,125.07864,221.78969,473.47046,-99.59031,213.10681,452.14746,150.103,160.03787,472.45135,-126.74038,156.13481,457.34238,143.47372,138.8239,482.94684,-146.40862,141.2606,457.12674,144.73419,135.67639,473.81638,-140.37973,138.85138,457.6002,130.39882,141.24142,471.2043,-124.2663,144.7424,457.42383,136.2077,180.5966,406.7065,-67.07609,180.65027,402.7299,66.91907,86.5866,352.49747,-114.87243,90.40665,357.0997,35.97156,68.29102,449.90216,-37.0685,71.836006,442.44284,121.82826,70.75603,468.58224,-30.379425,76.320175,458.96692,128.93471,25.685436,449.12955,-51.003838,30.826412,440.78052,105.493065
Screenshot 2023-02-19 232029 copy 3.png,326.0997,428.30798,25.615894,333.14636,433.07132,13.835337,333.33594,434.44366,13.860025,333.59283,436.0118,13.833715,333.0753,432.18506,33.951557,333.21796,432.80304,33.976353,333.4459,433.59897,33.948456,331.85394,447.91907,-16.706244,331.53815,444.24887,73.48985,319.01495,431.4797,16.688068,319.0173,430.37796,42.68549,287.64392,457.43494,-72.77274,278.9071,443.36438,125.07864,221.78969,473.47046,-99.59031,213.10681,452.14746,150.103,160.03787,472.45135,-126.74038,156.13481,457.34238,143.47372,138.8239,482.94684,-146.40862,141.2606,457.12674,144.73419,135.67639,473.81638,-140.37973,138.85138,457.6002,130.39882,141.24142,471.2043,-124.2663,144.7424,457.42383,136.2077,180.5966,406.7065,-67.07609,180.65027,402.7299,66.91907,86.5866,352.49747,-114.87243,90.40665,357.0997,35.97156,68.29102,449.90216,-37.0685,71.836006,442.44284,121.82826,70.75603,468.58224,-30.379425,76.320175,458.96692,128.93471,25.685436,449.12955,-51.003838,30.826412,440.78052,105.493065
Screenshot 2023-02-19 232029 copy 4.png,326.0997,428.30798,25.615894,333.14636,433.07132,13.835337,333.33594,434.44366,13.860025,333.59283,436.0118,13.833715,333.0753,432.18506,33.951557,333.21796,432.80304,33.976353,333.4459,433.59897,33.948456,331.85394,447.91907,-16.706244,331.53815,444.24887,73.48985,319.01495,431.4797,16.688068,319.0173,430.37796,42.68549,287.64392,457.43494,-72.77274,278.9071,443.36438,125.07864,221.78969,473.47046,-99.59031,213.10681,452.14746,150.103,160.03787,472.45135,-126.74038,156.13481,457.34238,143.47372,138.8239,482.94684,-146.40862,141.2606,457.12674,144.73419,135.67639,473.81638,-140.37973,138.85138,457.6002,130.39882,141.24142,471.2043,-124.2663,144.7424,457.42383,136.2077,180.5966,406.7065,-67.07609,180.65027,402.7299,66.91907,86.5866,352.49747,-114.87243,90.40665,357.0997,35.97156,68.29102,449.90216,-37.0685,71.836006,442.44284,121.82826,70.75603,468.58224,-30.379425,76.320175,458.96692,128.93471,25.685436,449.12955,-51.003838,30.826412,440.78052,105.493065
Screenshot 2023-02-19 232029 copy 5.png,326.0997,428.30798,25.615894,333.14636,433.07132,13.835337,333.33594,434.44366,13.860025,333.59283,436.0118,13.833715,333.0753,432.18506,33.951557,333.21796,432.80304,33.976353,333.4459,433.59897,33.948456,331.85394,447.91907,-16.706244,331.53815,444.24887,73.48985,319.01495,431.4797,16.688068,319.0173,430.37796,42.68549,287.64392,457.43494,-72.77274,278.9071,443.36438,125.07864,221.78969,473.47046,-99.59031,213.10681,452.14746,150.103,160.03787,472.45135,-126.74038,156.13481,457.34238,143.47372,138.8239,482.94684,-146.40862,141.2606,457.12674,144.73419,135.67639,473.81638,-140.37973,138.85138,457.6002,130.39882,141.24142,471.2043,-124.2663,144.7424,457.42383,136.2077,180.5966,406.7065,-67.07609,180.65027,402.7299,66.91907,86.5866,352.49747,-114.87243,90.40665,357.0997,35.97156,68.29102,449.90216,-37.0685,71.836006,442.44284,121.82826,70.75603,468.58224,-30.379425,76.320175,458.96692,128.93471,25.685436,449.12955,-51.003838,30.826412,440.78052,105.493065
Screenshot 2023-02-19 232029 copy 6.png,326.0997,428.30798,25.615894,333.14636,433.07132,13.835337,333.33594,434.44366,13.860025,333.59283,436.0118,13.833715,333.0753,432.18506,33.951557,333.21796,432.80304,33.976353,333.4459,433.59897,33.948456,331.85394,447.91907,-16.706244,331.53815,444.24887,73.48985,319.01495,431.4797,16.688068,319.0173,430.37796,42.68549,287.64392,457.43494,-72.77274,278.9071,443.36438,125.07864,221.78969,473.47046,-99.59031,213.10681,452.14746,150.103,160.03787,472.45135,-126.74038,156.13481,457.34238,143.47372,138.8239,482.94684,-146.40862,141.2606,457.12674,144.73419,135.67639,473.81638,-140.37973,138.85138,457.6002,130.39882,141.24142,471.2043,-124.2663,144.7424,457.42383,136.2077,180.5966,406.7065,-67.07609,180.65027,402.7299,66.91907,86.5866,352.49747,-114.87243,90.40665,357.0997,35.97156,68.29102,449.90216,-37.0685,71.836006,442.44284,121.82826,70.75603,468.58224,-30.379425,76.320175,458.96692,128.93471,25.685436,449.12955,-51.003838,30.826412,440.78052,105.493065
Screenshot 2023-02-19 232029 copy 7.png,326.0997,428.30798,25.615894,333.14636,433.07132,13.835337,333.33594,434.44366,13.860025,333.59283,436.0118,13.833715,333.0753,432.18506,33.951557,333.21796,432.80304,33.976353,333.4459,433.59897,33.948456,331.85394,447.91907,-16.706244,331.53815,444.24887,73.48985,319.01495,431.4797,16.688068,319.0173,430.37796,42.68549,287.64392,457.43494,-72.77274,278.9071,443.36438,125.07864,221.78969,473.47046,-99.59031,213.10681,452.14746,150.103,160.03787,472.45135,-126.74038,156.13481,457.34238,143.47372,138.8239,482.94684,-146.40862,141.2606,457.12674,144.73419,135.67639,473.81638,-140.37973,138.85138,457.6002,130.39882,141.24142,471.2043,-124.2663,144.7424,457.42383,136.2077,180.5966,406.7065,-67.07609,180.65027,402.7299,66.91907,86.5866,352.49747,-114.87243,90.40665,357.0997,35.97156,68.29102,449.90216,-37.0685,71.836006,442.44284,121.82826,70.75603,468.58224,-30.379425,76.320175,458.96692,128.93471,25.685436,449.12955,-51.003838,30.826412,440.78052,105.493065
Screenshot 2023-02-19 232029 copy 8.png,326.0997,428.30798,25.615894,333.14636,433.07132,13.835337,333.33594,434.44366,13.860025,333.59283,436.0118,13.833715,333.0753,432.18506,33.951557,333.21796,432.80304,33.976353,333.4459,433.59897,33.948456,331.85394,447.91907,-16.706244,331.53815,444.24887,73.48985,319.01495,431.4797,16.688068,319.0173,430.37796,42.68549,287.64392,457.43494,-72.77274,278.9071,443.36438,125.07864,221.78969,473.47046,-99.59031,213.10681,452.14746,150.103,160.03787,472.45135,-126.74038,156.13481,457.34238,143.47372,138.8239,482.94684,-146.40862,141.2606,457.12674,144.73419,135.67639,473.81638,-140.37973,138.85138,457.6002,130.39882,141.24142,471.2043,-124.2663,144.7424,457.42383,136.2077,180.5966,406.7065,-67.07609,180.65027,402.7299,66.91907,86.5866,352.49747,-114.87243,90.40665,357.0997,35.97156,68.29102,449.90216,-37.0685,71.836006,442.44284,121.82826,70.75603,468.58224,-30.379425,76.320175,458.96692,128.93471,25.685436,449.12955,-51.003838,30.826412,440.78052,105.493065
Screenshot 2023-02-19 232029 copy 9.png,326.0997,428.30798,25.615894,333.14636,433.07132,13.835337,333.33594,434.44366,13.860025,333.59283,436.0118,13.833715,333.0753,432.18506,33.951557,333.21796,432.80304,33.976353,333.4459,433.59897,33.948456,331.85394,447.91907,-16.706244,331.53815,444.24887,73.48985,319.01495,431.4797,16.688068,319.0173,430.37796,42.68549,287.64392,457.43494,-72.77274,278.9071,443.36438,125.07864,221.78969,473.47046,-99.59031,213.10681,452.14746,150.103,160.03787,472.45135,-126.74038,156.13481,457.34238,143.47372,138.8239,482.94684,-146.40862,141.2606,457.12674,144.73419,135.67639,473.81638,-140.37973,138.85138,457.6002,130.39882,141.24142,471.2043,-124.2663,144.7424,457.42383,136.2077,180.5966,406.7065,-67.07609,180.65027,402.7299,66.91907,86.5866,352.49747,-114.87243,90.40665,357.0997,35.97156,68.29102,449.90216,-37.0685,71.836006,442.44284,121.82826,70.75603,468.58224,-30.379425,76.320175,458.96692,128.93471,25.685436,449.12955,-51.003838,30.826412,440.78052,105.493065
Screenshot 2023-02-19 232029 copy.png,326.0997,428.30798,25.615894,333.14636,433.07132,13.835337,333.33594,434.44366,13.860025,333.59283,436.0118,13.833715,333.0753,432.18506,33.951557,333.21796,432.80304,33.976353,333.4459,433.59897,33.948456,331.85394,447.91907,-16.706244,331.53815,444.24887,73.48985,319.01495,431.4797,16.688068,319.0173,430.37796,42.68549,287.64392,457.43494,-72.77274,278.9071,443.36438,125.07864,221.78969,473.47046,-99.59031,213.10681,452.14746,150.103,160.03787,472.45135,-126.74038,156.13481,457.34238,143.47372,138.8239,482.94684,-146.40862,141.2606,457.12674,144.73419,135.67639,473.81638,-140.37973,138.85138,457.6002,130.39882,141.24142,471.2043,-124.2663,144.7424,457.42383,136.2077,180.5966,406.7065,-67.07609,180.65027,402.7299,66.91907,86.5866,352.49747,-114.87243,90.40665,357.0997,35.97156,68.29102,449.90216,-37.0685,71.836006,442.44284,121.82826,70.75603,468.58224,-30.379425,76.320175,458.96692,128.93471,25.685436,449.12955,-51.003838,30.826412,440.78052,105.493065
Screenshot 2023-02-19 232029.png,326.0997,428.30798,25.615894,333.14636,433.07132,13.835337,333.33594,434.44366,13.860025,333.59283,436.0118,13.833715,333.0753,432.18506,33.951557,333.21796,432.80304,33.976353,333.4459,433.59897,33.948456,331.85394,447.91907,-16.706244,331.53815,444.24887,73.48985,319.01495,431.4797,16.688068,319.0173,430.37796,42.68549,287.64392,457.43494,-72.77274,278.9071,443.36438,125.07864,221.78969,473.47046,-99.59031,213.10681,452.14746,150.103,160.03787,472.45135,-126.74038,156.13481,457.34238,143.47372,138.8239,482.94684,-146.40862,141.2606,457.12674,144.73419,135.67639,473.81638,-140.37973,138.85138,457.6002,130.39882,141.24142,471.2043,-124.2663,144.7424,457.42383,136.2077,180.5966,406.7065,-67.07609,180.65027,402.7299,66.91907,86.5866,352.49747,-114.87243,90.40665,357.0997,35.97156,68.29102,449.90216,-37.0685,71.836006,442.44284,121.82826,70.75603,468.58224,-30.379425,76.320175,458.96692,128.93471,25.685436,449.12955,-51.003838,30.826412,440.78052,105.493065
Screenshot 2023-02-19 232044 copy 10.png,340.16617,364.97797,15.100251,347.49713,369.26245,1.7929766,347.88998,371.03073,1.8093203,348.4284,372.67676,1.7984576,347.217,367.37485,22.182755,347.3661,367.77982,22.189796,347.5943,368.3568,22.142136,348.08133,384.43723,-23.968529,346.4259,379.18887,67.22921,333.13455,370.31992,9.111149,332.83145,368.29666,35.49777,304.15976,401.57617,-74.57362,296.258,383.82788,131.53535,239.21005,414.23608,-96.710266,232.5269,391.36804,167.71217,176.84883,415.4393,-98.94616,178.8922,390.62247,158.38892,157.25526,421.46146,-113.15516,166.30168,386.50858,162.6188,154.48148,418.83786,-104.750885,165.18391,388.9573,145.72214,161.71297,416.02814,-93.92702,169.69164,390.33328,150.63713,183.12794,366.97913,-69.59374,182.74832,353.70377,69.47596,92.49532,308.19293,-97.30858,98.43374,306.25464,30.290167,66.50659,403.49026,-36.135178,70.432625,388.22507,104.99293,66.74506,421.32074,-30.86628,70.05434,406.92755,111.37429,18.718826,399.27478,-49.59422,24.330025,387.75354,97.06894
Screenshot 2023-02-19 232044 copy 11.png,340.16617,364.97797,15.100251,347.49713,369.26245,1.7929766,347.88998,371.03073,1.8093203,348.4284,372.67676,1.7984576,347.217,367.37485,22.182755,347.3661,367.77982,22.189796,347.5943,368.3568,22.142136,348.08133,384.43723,-23.968529,346.4259,379.18887,67.22921,333.13455,370.31992,9.111149,332.83145,368.29666,35.49777,304.15976,401.57617,-74.57362,296.258,383.82788,131.53535,239.21005,414.23608,-96.710266,232.5269,391.36804,167.71217,176.84883,415.4393,-98.94616,178.8922,390.62247,158.38892,157.25526,421.46146,-113.15516,166.30168,386.50858,162.6188,154.48148,418.83786,-104.750885,165.18391,388.9573,145.72214,161.71297,416.02814,-93.92702,169.69164,390.33328,150.63713,183.12794,366.97913,-69.59374,182.74832,353.70377,69.47596,92.49532,308.19293,-97.30858,98.43374,306.25464,30.290167,66.50659,403.49026,-36.135178,70.432625,388.22507,104.99293,66.74506,421.32074,-30.86628,70.05434,406.92755,111.37429,18.718826,399.27478,-49.59422,24.330025,387.75354,97.06894
Screenshot 2023-02-19 232044 copy 12.png,340.16617,364.97797,15.100251,347.49713,369.26245,1.7929766,347.88998,371.03073,1.8093203,348.4284,372.67676,1.7984576,347.217,367.37485,22.182755,347.3661,367.77982,22.189796,347.5943,368.3568,22.142136,348.08133,384.43723,-23.968529,346.4259,379.18887,67.22921,333.13455,370.31992,9.111149,332.83145,368.29666,35.49777,304.15976,401.57617,-74.57362,296.258,383.82788,131.53535,239.21005,414.23608,-96.710266,232.5269,391.36804,167.71217,176.84883,415.4393,-98.94616,178.8922,390.62247,158.38892,157.25526,421.46146,-113.15516,166.30168,386.50858,162.6188,154.48148,418.83786,-104.750885,165.18391,388.9573,145.72214,161.71297,416.02814,-93.92702,169.69164,390.33328,150.63713,183.12794,366.97913,-69.59374,182.74832,353.70377,69.47596,92.49532,308.19293,-97.30858,98.43374,306.25464,30.290167,66.50659,403.49026,-36.135178,70.432625,388.22507,104.99293,66.74506,421.32074,-30.86628,70.05434,406.92755,111.37429,18.718826,399.27478,-49.59422,24.330025,387.75354,97.06894
Screenshot 2023-02-19 232044 copy 13.png,340.16617,364.97797,15.100251,347.49713,369.26245,1.7929766,347.88998,371.03073,1.8093203,348.4284,372.67676,1.7984576,347.217,367.37485,22.182755,347.3661,367.77982,22.189796,347.5943,368.3568,22.142136,348.08133,384.43723,-23.968529,346.4259,379.18887,67.22921,333.13455,370.31992,9.111149,332.83145,368.29666,35.49777,304.15976,401.57617,-74.57362,296.258,383.82788,131.53535,239.21005,414.23608,-96.710266,232.5269,391.36804,167.71217,176.84883,415.4393,-98.94616,178.8922,390.62247,158.38892,157.25526,421.46146,-113.15516,166.30168,386.50858,162.6188,154.48148,418.83786,-104.750885,165.18391,388.9573,145.72214,161.71297,416.02814,-93.92702,169.69164,390.33328,150.63713,183.12794,366.97913,-69.59374,182.74832,353.70377,69.47596,92.49532,308.19293,-97.30858,98.43374,306.25464,30.290167,66.50659,403.49026,-36.135178,70.432625,388.22507,104.99293,66.74506,421.32074,-30.86628,70.05434,406.92755,111.37429,18.718826,399.27478,-49.59422,24.330025,387.75354,97.06894
Screenshot 2023-02-19 232044 copy 14.png,340.16617,364.97797,15.100251,347.49713,369.26245,1.7929766,347.88998,371.03073,1.8093203,348.4284,372.67676,1.7984576,347.217,367.37485,22.182755,347.3661,367.77982,22.189796,347.5943,368.3568,22.142136,348.08133,384.43723,-23.968529,346.4259,379.18887,67.22921,333.13455,370.31992,9.111149,332.83145,368.29666,35.49777,304.15976,401.57617,-74.57362,296.258,383.82788,131.53535,239.21005,414.23608,-96.710266,232.5269,391.36804,167.71217,176.84883,415.4393,-98.94616,178.8922,390.62247,158.38892,157.25526,421.46146,-113.15516,166.30168,386.50858,162.6188,154.48148,418.83786,-104.750885,165.18391,388.9573,145.72214,161.71297,416.02814,-93.92702,169.69164,390.33328,150.63713,183.12794,366.97913,-69.59374,182.74832,353.70377,69.47596,92.49532,308.19293,-97.30858,98.43374,306.25464,30.290167,66.50659,403.49026,-36.135178,70.432625,388.22507,104.99293,66.74506,421.32074,-30.86628,70.05434,406.92755,111.37429,18.718826,399.27478,-49.59422,24.330025,387.75354,97.06894
Screenshot 2023-02-19 232044 copy 15.png,340.16617,364.97797,15.100251,347.49713,369.26245,1.7929766,347.88998,371.03073,1.8093203,348.4284,372.67676,1.7984576,347.217,367.37485,22.182755,347.3661,367.77982,22.189796,347.5943,368.3568,22.142136,348.08133,384.43723,-23.968529,346.4259,379.18887,67.22921,333.13455,370.31992,9.111149,332.83145,368.29666,35.49777,304.15976,401.57617,-74.57362,296.258,383.82788,131.53535,239.21005,414.23608,-96.710266,232.5269,391.36804,167.71217,176.84883,415.4393,-98.94616,178.8922,390.62247,158.38892,157.25526,421.46146,-113.15516,166.30168,386.50858,162.6188,154.48148,418.83786,-104.750885,165.18391,388.9573,145.72214,161.71297,416.02814,-93.92702,169.69164,390.33328,150.63713,183.12794,366.97913,-69.59374,182.74832,353.70377,69.47596,92.49532,308.19293,-97.30858,98.43374,306.25464,30.290167,66.50659,403.49026,-36.135178,70.432625,388.22507,104.99293,66.74506,421.32074,-30.86628,70.05434,406.92755,111.37429,18.718826,399.27478,-49.59422,24.330025,387.75354,97.06894
Screenshot 2023-02-19 232044 copy 16.png,340.16617,364.97797,15.100251,347.49713,369.26245,1.7929766,347.88998,371.03073,1.8093203,348.4284,372.67676,1.7984576,347.217,367.37485,22.182755,347.3661,367.77982,22.189796,347.5943,368.3568,22.142136,348.08133,384.43723,-23.968529,346.4259,379.18887,67.22921,333.13455,370.31992,9.111149,332.83145,368.29666,35.49777,304.15976,401.57617,-74.57362,296.258,383.82788,131.53535,239.21005,414.23608,-96.710266,232.5269,391.36804,167.71217,176.84883,415.4393,-98.94616,178.8922,390.62247,158.38892,157.25526,421.46146,-113.15516,166.30168,386.50858,162.6188,154.48148,418.83786,-104.750885,165.18391,388.9573,145.72214,161.71297,416.02814,-93.92702,169.69164,390.33328,150.63713,183.12794,366.97913,-69.59374,182.74832,353.70377,69.47596,92.49532,308.19293,-97.30858,98.43374,306.25464,30.290167,66.50659,403.49026,-36.135178,70.432625,388.22507,104.99293,66.74506,421.32074,-30.86628,70.05434,406.92755,111.37429,18.718826,399.27478,-49.59422,24.330025,387.75354,97.06894
Screenshot 2023-02-19 232044 copy 17.png,340.16617,364.97797,15.100251,347.49713,369.26245,1.7929766,347.88998,371.03073,1.8093203,348.4284,372.67676,1.7984576,347.217,367.37485,22.182755,347.3661,367.77982,22.189796,347.5943,368.3568,22.142136,348.08133,384.43723,-23.968529,346.4259,379.18887,67.22921,333.13455,370.31992,9.111149,332.83145,368.29666,35.49777,304.15976,401.57617,-74.57362,296.258,383.82788,131.53535,239.21005,414.23608,-96.710266,232.5269,391.36804,167.71217,176.84883,415.4393,-98.94616,178.8922,390.62247,158.38892,157.25526,421.46146,-113.15516,166.30168,386.50858,162.6188,154.48148,418.83786,-104.750885,165.18391,388.9573,145.72214,161.71297,416.02814,-93.92702,169.69164,390.33328,150.63713,183.12794,366.97913,-69.59374,182.74832,353.70377,69.47596,92.49532,308.19293,-97.30858,98.43374,306.25464,30.290167,66.50659,403.49026,-36.135178,70.432625,388.22507,104.99293,66.74506,421.32074,-30.86628,70.05434,406.92755,111.37429,18.718826,399.27478,-49.59422,24.330025,387.75354,97.06894
Screenshot 2023-02-19 232044 copy 18.png,340.16617,364.97797,15.100251,347.49713,369.26245,1.7929766,347.88998,371.03073,1.8093203,348.4284,372.67676,1.7984576,347.217,367.37485,22.182755,347.3661,367.77982,22.189796,347.5943,368.3568,22.142136,348.08133,384.43723,-23.968529,346.4259,379.18887,67.22921,333.13455,370.31992,9.111149,332.83145,368.29666,35.49777,304.15976,401.57617,-74.57362,296.258,383.82788,131.53535,239.21005,414.23608,-96.710266,232.5269,391.36804,167.71217,176.84883,415.4393,-98.94616,178.8922,390.62247,158.38892,157.25526,421.46146,-113.15516,166.30168,386.50858,162.6188,154.48148,418.83786,-104.750885,165.18391,388.9573,145.72214,161.71297,416.02814,-93.92702,169.69164,390.33328,150.63713,183.12794,366.97913,-69.59374,182.74832,353.70377,69.47596,92.49532,308.19293,-97.30858,98.43374,306.25464,30.290167,66.50659,403.49026,-36.135178,70.432625,388.22507,104.99293,66.74506,421.32074,-30.86628,70.05434,406.92755,111.37429,18.718826,399.27478,-49.59422,24.330025,387.75354,97.06894
Screenshot 2023-02-19 232044 copy 19.png,340.16617,364.97797,15.100251,347.49713,369.26245,1.7929766,347.88998,371.03073,1.8093203,348.4284,372.67676,1.7984576,347.217,367.37485,22.182755,347.3661,367.77982,22.189796,347.5943,368.3568,22.142136,348.08133,384.43723,-23.968529,346.4259,379.18887,67.22921,333.13455,370.31992,9.111149,332.83145,368.29666,35.49777,304.15976,401.57617,-74.57362,296.258,383.82788,131.53535,239.21005,414.23608,-96.710266,232.5269,391.36804,167.71217,176.84883,415.4393,-98.94616,178.8922,390.62247,158.38892,157.25526,421.46146,-113.15516,166.30168,386.50858,162.6188,154.48148,418.83786,-104.750885,165.18391,388.9573,145.72214,161.71297,416.02814,-93.92702,169.69164,390.33328,150.63713,183.12794,366.97913,-69.59374,182.74832,353.70377,69.47596,92.49532,308.19293,-97.30858,98.43374,306.25464,30.290167,66.50659,403.49026,-36.135178,70.432625,388.22507,104.99293,66.74506,421.32074,-30.86628,70.05434,406.92755,111.37429,18.718826,399.27478,-49.59422,24.330025,387.75354,97.06894
Screenshot 2023-02-19 232044 copy 2.png,340.16617,364.97797,15.100251,347.49713,369.26245,1.7929766,347.88998,371.03073,1.8093203,348.4284,372.67676,1.7984576,347.217,367.37485,22.182755,347.3661,367.77982,22.189796,347.5943,368.3568,22.142136,348.08133,384.43723,-23.968529,346.4259,379.18887,67.22921,333.13455,370.31992,9.111149,332.83145,368.29666,35.49777,304.15976,401.57617,-74.57362,296.258,383.82788,131.53535,239.21005,414.23608,-96.710266,232.5269,391.36804,167.71217,176.84883,415.4393,-98.94616,178.8922,390.62247,158.38892,157.25526,421.46146,-113.15516,166.30168,386.50858,162.6188,154.48148,418.83786,-104.750885,165.18391,388.9573,145.72214,161.71297,416.02814,-93.92702,169.69164,390.33328,150.63713,183.12794,366.97913,-69.59374,182.74832,353.70377,69.47596,92.49532,308.19293,-97.30858,98.43374,306.25464,30.290167,66.50659,403.49026,-36.135178,70.432625,388.22507,104.99293,66.74506,421.32074,-30.86628,70.05434,406.92755,111.37429,18.718826,399.27478,-49.59422,24.330025,387.75354,97.06894
Screenshot 2023-02-19 232044 copy 20.png,340.16617,364.97797,15.100251,347.49713,369.26245,1.7929766,347.88998,371.03073,1.8093203,348.4284,372.67676,1.7984576,347.217,367.37485,22.182755,347.3661,367.77982,22.189796,347.5943,368.3568,22.142136,348.08133,384.43723,-23.968529,346.4259,379.18887,67.22921,333.13455,370.31992,9.111149,332.83145,368.29666,35.49777,304.15976,401.57617,-74.57362,296.258,383.82788,131.53535,239.21005,414.23608,-96.710266,232.5269,391.36804,167.71217,176.84883,415.4393,-98.94616,178.8922,390.62247,158.38892,157.25526,421.46146,-113.15516,166.30168,386.50858,162.6188,154.48148,418.83786,-104.750885,165.18391,388.9573,145.72214,161.71297,416.02814,-93.92702,169.69164,390.33328,150.63713,183.12794,366.97913,-69.59374,182.74832,353.70377,69.47596,92.49532,308.19293,-97.30858,98.43374,306.25464,30.290167,66.50659,403.49026,-36.135178,70.432625,388.22507,104.99293,66.74506,421.32074,-30.86628,70.05434,406.92755,111.37429,18.718826,399.27478,-49.59422,24.330025,387.75354,97.06894
Screenshot 2023-02-19 232044 copy 21.png,340.16617,364.97797,15.100251,347.49713,369.26245,1.7929766,347.88998,371.03073,1.8093203,348.4284,372.67676,1.7984576,347.217,367.37485,22.182755,347.3661,367.77982,22.189796,347.5943,368.3568,22.142136,348.08133,384.43723,-23.968529,346.4259,379.18887,67.22921,333.13455,370.31992,9.111149,332.83145,368.29666,35.49777,304.15976,401.57617,-74.57362,296.258,383.82788,131.53535,239.21005,414.23608,-96.710266,232.5269,391.36804,167.71217,176.84883,415.4393,-98.94616,178.8922,390.62247,158.38892,157.25526,421.46146,-113.15516,166.30168,386.50858,162.6188,154.48148,418.83786,-104.750885,165.18391,388.9573,145.72214,161.71297,416.02814,-93.92702,169.69164,390.33328,150.63713,183.12794,366.97913,-69.59374,182.74832,353.70377,69.47596,92.49532,308.19293,-97.30858,98.43374,306.25464,30.290167,66.50659,403.49026,-36.135178,70.432625,388.22507,104.99293,66.74506,421.32074,-30.86628,70.05434,406.92755,111.37429,18.718826,399.27478,-49.59422,24.330025,387.75354,97.06894
Screenshot 2023-02-19 232044 copy 3.png,340.16617,364.97797,15.100251,347.49713,369.26245,1.7929766,347.88998,371.03073,1.8093203,348.4284,372.67676,1.7984576,347.217,367.37485,22.182755,347.3661,367.77982,22.189796,347.5943,368.3568,22.142136,348.08133,384.43723,-23.968529,346.4259,379.18887,67.22921,333.13455,370.31992,9.111149,332.83145,368.29666,35.49777,304.15976,401.57617,-74.57362,296.258,383.82788,131.53535,239.21005,414.23608,-96.710266,232.5269,391.36804,167.71217,176.84883,415.4393,-98.94616,178.8922,390.62247,158.38892,157.25526,421.46146,-113.15516,166.30168,386.50858,162.6188,154.48148,418.83786,-104.750885,165.18391,388.9573,145.72214,161.71297,416.02814,-93.92702,169.69164,390.33328,150.63713,183.12794,366.97913,-69.59374,182.74832,353.70377,69.47596,92.49532,308.19293,-97.30858,98.43374,306.25464,30.290167,66.50659,403.49026,-36.135178,70.432625,388.22507,104.99293,66.74506,421.32074,-30.86628,70.05434,406.92755,111.37429,18.718826,399.27478,-49.59422,24.330025,387.75354,97.06894
Screenshot 2023-02-19 232044 copy 4.png,340.16617,364.97797,15.100251,347.49713,369.26245,1.7929766,347.88998,371.03073,1.8093203,348.4284,372.67676,1.7984576,347.217,367.37485,22.182755,347.3661,367.77982,22.189796,347.5943,368.3568,22.142136,348.08133,384.43723,-23.968529,346.4259,379.18887,67.22921,333.13455,370.31992,9.111149,332.83145,368.29666,35.49777,304.15976,401.57617,-74.57362,296.258,383.82788,131.53535,239.21005,414.23608,-96.710266,232.5269,391.36804,167.71217,176.84883,415.4393,-98.94616,178.8922,390.62247,158.38892,157.25526,421.46146,-113.15516,166.30168,386.50858,162.6188,154.48148,418.83786,-104.750885,165.18391,388.9573,145.72214,161.71297,416.02814,-93.92702,169.69164,390.33328,150.63713,183.12794,366.97913,-69.59374,182.74832,353.70377,69.47596,92.49532,308.19293,-97.30858,98.43374,306.25464,30.290167,66.50659,403.49026,-36.135178,70.432625,388.22507,104.99293,66.74506,421.32074,-30.86628,70.05434,406.92755,111.37429,18.718826,399.27478,-49.59422,24.330025,387.75354,97.06894
Screenshot 2023-02-19 232044 copy 5.png,340.16617,364.97797,15.100251,347.49713,369.26245,1.7929766,347.88998,371.03073,1.8093203,348.4284,372.67676,1.7984576,347.217,367.37485,22.182755,347.3661,367.77982,22.189796,347.5943,368.3568,22.142136,348.08133,384.43723,-23.968529,346.4259,379.18887,67.22921,333.13455,370.31992,9.111149,332.83145,368.29666,35.49777,304.15976,401.57617,-74.57362,296.258,383.82788,131.53535,239.21005,414.23608,-96.710266,232.5269,391.36804,167.71217,176.84883,415.4393,-98.94616,178.8922,390.62247,158.38892,157.25526,421.46146,-113.15516,166.30168,386.50858,162.6188,154.48148,418.83786,-104.750885,165.18391,388.9573,145.72214,161.71297,416.02814,-93.92702,169.69164,390.33328,150.63713,183.12794,366.97913,-69.59374,182.74832,353.70377,69.47596,92.49532,308.19293,-97.30858,98.43374,306.25464,30.290167,66.50659,403.49026,-36.135178,70.432625,388.22507,104.99293,66.74506,421.32074,-30.86628,70.05434,406.92755,111.37429,18.718826,399.27478,-49.59422,24.330025,387.75354,97.06894
Screenshot 2023-02-19 232044 copy 6.png,340.16617,364.97797,15.100251,347.49713,369.26245,1.7929766,347.88998,371.03073,1.8093203,348.4284,372.67676,1.7984576,347.217,367.37485,22.182755,347.3661,367.77982,22.189796,347.5943,368.3568,22.142136,348.08133,384.43723,-23.968529,346.4259,379.18887,67.22921,333.13455,370.31992,9.111149,332.83145,368.29666,35.49777,304.15976,401.57617,-74.57362,296.258,383.82788,131.53535,239.21005,414.23608,-96.710266,232.5269,391.36804,167.71217,176.84883,415.4393,-98.94616,178.8922,390.62247,158.38892,157.25526,421.46146,-113.15516,166.30168,386.50858,162.6188,154.48148,418.83786,-104.750885,165.18391,388.9573,145.72214,161.71297,416.02814,-93.92702,169.69164,390.33328,150.63713,183.12794,366.97913,-69.59374,182.74832,353.70377,69.47596,92.49532,308.19293,-97.30858,98.43374,306.25464,30.290167,66.50659,403.49026,-36.135178,70.432625,388.22507,104.99293,66.74506,421.32074,-30.86628,70.05434,406.92755,111.37429,18.718826,399.27478,-49.59422,24.330025,387.75354,97.06894
Screenshot 2023-02-19 232044 copy 7.png,340.16617,364.97797,15.100251,347.49713,369.26245,1.7929766,347.88998,371.03073,1.8093203,348.4284,372.67676,1.7984576,347.217,367.37485,22.182755,347.3661,367.77982,22.189796,347.5943,368.3568,22.142136,348.08133,384.43723,-23.968529,346.4259,379.18887,67.22921,333.13455,370.31992,9.111149,332.83145,368.29666,35.49777,304.15976,401.57617,-74.57362,296.258,383.82788,131.53535,239.21005,414.23608,-96.710266,232.5269,391.36804,167.71217,176.84883,415.4393,-98.94616,178.8922,390.62247,158.38892,157.25526,421.46146,-113.15516,166.30168,386.50858,162.6188,154.48148,418.83786,-104.750885,165.18391,388.9573,145.72214,161.71297,416.02814,-93.92702,169.69164,390.33328,150.63713,183.12794,366.97913,-69.59374,182.74832,353.70377,69.47596,92.49532,308.19293,-97.30858,98.43374,306.25464,30.290167,66.50659,403.49026,-36.135178,70.432625,388.22507,104.99293,66.74506,421.32074,-30.86628,70.05434,406.92755,111.37429,18.718826,399.27478,-49.59422,24.330025,387.75354,97.06894
Screenshot 2023-02-19 232044 copy 8.png,340.16617,364.97797,15.100251,347.49713,369.26245,1.7929766,347.88998,371.03073,1.8093203,348.4284,372.67676,1.7984576,347.217,367.37485,22.182755,347.3661,367.77982,22.189796,347.5943,368.3568,22.142136,348.08133,384.43723,-23.968529,346.4259,379.18887,67.22921,333.13455,370.31992,9.111149,332.83145,368.29666,35.49777,304.15976,401.57617,-74.57362,296.258,383.82788,131.53535,239.21005,414.23608,-96.710266,232.5269,391.36804,167.71217,176.84883,415.4393,-98.94616,178.8922,390.62247,158.38892,157.25526,421.46146,-113.15516,166.30168,386.50858,162.6188,154.48148,418.83786,-104.750885,165.18391,388.9573,145.72214,161.71297,416.02814,-93.92702,169.69164,390.33328,150.63713,183.12794,366.97913,-69.59374,182.74832,353.70377,69.47596,92.49532,308.19293,-97.30858,98.43374,306.25464,30.290167,66.50659,403.49026,-36.135178,70.432625,388.22507,104.99293,66.74506,421.32074,-30.86628,70.05434,406.92755,111.37429,18.718826,399.27478,-49.59422,24.330025,387.75354,97.06894
Screenshot 2023-02-19 232044 copy 9.png,340.16617,364.97797,15.100251,347.49713,369.26245,1.7929766,347.88998,371.03073,1.8093203,348.4284,372.67676,1.7984576,347.217,367.37485,22.182755,347.3661,367.77982,22.189796,347.5943,368.3568,22.142136,348.08133,384.43723,-23.968529,346.4259,379.18887,67.22921,333.13455,370.31992,9.111149,332.83145,368.29666,35.49777,304.15976,401.57617,-74.57362,296.258,383.82788,131.53535,239.21005,414.23608,-96.710266,232.5269,391.36804,167.71217,176.84883,415.4393,-98.94616,178.8922,390.62247,158.38892,157.25526,421.46146,-113.15516,166.30168,386.50858,162.6188,154.48148,418.83786,-104.750885,165.18391,388.9573,145.72214,161.71297,416.02814,-93.92702,169.69164,390.33328,150.63713,183.12794,366.97913,-69.59374,182.74832,353.70377,69.47596,92.49532,308.19293,-97.30858,98.43374,306.25464,30.290167,66.50659,403.49026,-36.135178,70.432625,388.22507,104.99293,66.74506,421.32074,-30.86628,70.05434,406.92755,111.37429,18.718826,399.27478,-49.59422,24.330025,387.75354,97.06894
Screenshot 2023-02-19 232044 copy.png,340.16617,364.97797,15.100251,347.49713,369.26245,1.7929766,347.88998,371.03073,1.8093203,348.4284,372.67676,1.7984576,347.217,367.37485,22.182755,347.3661,367.77982,22.189796,347.5943,368.3568,22.142136,348.08133,384.43723,-23.968529,346.4259,379.18887,67.22921,333.13455,370.31992,9.111149,332.83145,368.29666,35.49777,304.15976,401.57617,-74.57362,296.258,383.82788,131.53535,239.21005,414.23608,-96.710266,232.5269,391.36804,167.71217,176.84883,415.4393,-98.94616,178.8922,390.62247,158.38892,157.25526,421.46146,-113.15516,166.30168,386.50858,162.6188,154.48148,418.83786,-104.750885,165.18391,388.9573,145.72214,161.71297,416.02814,-93.92702,169.69164,390.33328,150.63713,183.12794,366.97913,-69.59374,182.74832,353.70377,69.47596,92.49532,308.19293,-97.30858,98.43374,306.25464,30.290167,66.50659,403.49026,-36.135178,70.432625,388.22507,104.99293,66.74506,421.32074,-30.86628,70.05434,406.92755,111.37429,18.718826,399.27478,-49.59422,24.330025,387.75354,97.06894
Screenshot 2023-02-19 232044.png,340.16617,364.97797,15.100251,347.49713,369.26245,1.7929766,347.88998,371.03073,1.8093203,348.4284,372.67676,1.7984576,347.217,367.37485,22.182755,347.3661,367.77982,22.189796,347.5943,368.3568,22.142136,348.08133,384.43723,-23.968529,346.4259,379.18887,67.22921,333.13455,370.31992,9.111149,332.83145,368.29666,35.49777,304.15976,401.57617,-74.57362,296.258,383.82788,131.53535,239.21005,414.23608,-96.710266,232.5269,391.36804,167.71217,176.84883,415.4393,-98.94616,178.8922,390.62247,158.38892,157.25526,421.46146,-113.15516,166.30168,386.50858,162.6188,154.48148,418.83786,-104.750885,165.18391,388.9573,145.72214,161.71297,416.02814,-93.92702,169.69164,390.33328,150.63713,183.12794,366.97913,-69.59374,182.74832,353.70377,69.47596,92.49532,308.19293,-97.30858,98.43374,306.25464,30.290167,66.50659,403.49026,-36.135178,70.432625,388.22507,104.99293,66.74506,421.32074,-30.86628,70.05434,406.92755,111.37429,18.718826,399.27478,-49.59422,24.330025,387.75354,97.06894
SupportedBridgePose_annotated-79c06b222b6846b3b1e467de6fc03250.jpg,513.46686,758.3023,50.2108,496.93784,767.1925,74.77431,496.8658,768.39105,74.67077,496.70486,769.8933,74.60313,497.6073,770.14404,20.159866,497.85052,773.5667,20.158644,497.94034,777.4475,19.97855,507.33783,796.6963,179.87625,505.7269,805.1212,-66.78216,533.65234,763.11975,93.066154,532.82825,766.8631,21.852686,622.2233,791.08716,304.48355,609.8527,852.00775,-223.79994,772.51276,798.95416,406.18234,771.65955,879.5062,-292.2028,890.6415,800.8176,414.7007,909.1471,884.1491,-312.6751,924.6338,803.9771,425.54602,949.2139,897.20654,-346.2922,928.71655,808.3084,397.39542,954.4192,886.27,-344.28333,914.945,808.3434,400.03036,942.5694,880.3905,-309.24527,845.4218,706.6882,180.10703,855.79614,744.1541,-180.00996,1042.3452,607.35004,111.712326,1067.2164,653.7005,-312.28635,986.4078,790.91626,456.0639,994.1792,847.27246,-53.252678,950.78406,816.67236,492.64795,971.0699,870.191,-20.833195,1062.3732,831.1487,541.0125,1084.1615,879.34735,22.089462
The-Best-Butt-Workout-Moves-of-All-Time-According-to-Trainers-GettyImages-1300504533-1-2000-91583ef5d5434027adff293d08d3adf8.jpg,369.66464,565.2859,83.56974,348.39746,578.54114,106.663864,347.84924,581.3503,106.6129,347.3137,584.55396,106.62242,348.09705,579.2401,39.47802,347.1601,582.5366,39.457108,346.1285,586.32025,39.28485,356.46805,615.25183,232.74632,352.92587,617.62244,-70.824844,393.31754,575.48083,137.40375,392.90152,576.61475,50.36679,487.4562,618.99426,416.0969,458.21893,669.4648,-277.1249,664.7053,648.2303,481.71295,639.06134,687.5577,-460.4737,815.9042,656.7745,393.0659,812.06445,682.4303,-581.523,860.5525,664.7025,389.13538,863.1197,699.69867,-644.51074,866.20874,666.94446,341.2066,868.673,692.4505,-632.7028,847.18,657.05566,366.67966,851.3816,681.2035,-575.0767,788.431,529.1037,222.92307,794.3077,542.9696,-222.96225,1029.9891,382.9305,173.34662,1046.0339,382.67215,-341.0109,1119.016,612.7134,325.21466,1137.3973,642.0526,-165.41425,1104.9916,667.319,336.5707,1114.3489,685.1432,-144.50311,1236.2043,637.5755,300.04532,1266.4581,700.8311,-170.57162
Yoga-At-Home-glute-bridge-panorama.jpg,278.8357,298.31784,60.690647,257.2849,311.95825,81.92689,257.02118,314.2013,81.794235,256.84583,316.82175,81.72786,257.16782,315.54712,19.295547,256.7343,319.98047,19.278385,256.12686,324.58905,19.078094,264.38388,349.721,210.14087,261.3358,358.42932,-73.66407,303.593,307.1039,116.21308,303.6514,311.6295,34.480423,400.9513,348.32294,368.58493,383.44098,416.25232,-249.33694,581.77014,388.09662,466.89822,568.9824,445.03174,-375.5169,730.87823,393.0019,429.612,743.6483,457.25897,-472.10785,779.80133,394.14056,437.66998,803.3379,462.87292,-520.22864,789.22375,399.48877,388.85425,811.38824,451.61536,-509.30615,766.59534,396.0453,405.5092,791.7127,446.44748,-463.61993,708.15515,236.9214,195.67572,716.8466,262.63757,-195.28328,966.50726,109.776825,111.18496,980.0357,115.97815,-317.67047,945.921,372.18887,371.14334,959.0729,404.5301,-58.781723,905.8231,415.58408,397.46094,929.1409,449.36456,-27.040508,1060.4922,433.08777,413.89917,1078.6619,448.4583,1.748289
Yoga-At-Home-hamstring-bridge.jpg,107.48833,202.68863,-9.084259,97.28658,209.00244,1.84047,96.99079,210.0923,1.8072388,96.76266,211.39517,1.7976058,97.325615,210.6542,-30.221554,97.08912,212.92873,-30.24621,96.90363,215.55998,-30.32823,99.89086,226.60928,65.262955,99.75236,231.18315,-79.858055,119.1687,206.707,18.163006,119.10383,209.1534,-23.544373,164.27487,226.42603,150.12228,153.07683,257.92288,-157.60336,250.61218,240.4836,190.0152,243.3823,270.4807,-207.2596,320.6974,239.85156,144.93082,326.73447,269.0876,-226.65866,344.5821,245.03699,140.30687,354.07715,277.2781,-256.24493,348.9124,248.79756,113.7031,357.0925,271.40704,-251.26492,338.0186,245.79498,131.01349,348.39706,266.97214,-223.16997,314.76462,183.33438,90.67816,315.28604,194.1176,-90.56424,435.9719,128.79155,53.701416,440.7998,130.92497,-144.7627,488.39423,242.51445,164.12791,496.96005,251.81084,-49.45064,481.95798,264.95816,172.67487,489.37134,274.47797,-40.143463,545.7967,263.75998,143.82268,557.9217,271.91867,-71.35112
Yoga-Poses_5_Wheel-768x512.jpg,243.927,297.60376,42.672276,233.11798,304.823,54.324158,232.99452,305.7565,54.253876,232.87396,306.89264,54.212734,233.4996,307.06323,21.70119,233.72813,309.71042,21.68391,233.96443,312.60315,21.603958,238.50829,323.47192,116.00365,239.29623,330.3282,-30.691063,256.0599,300.1259,69.03095,256.20248,303.21262,26.854334,304.55292,320.24487,192.0105,294.9246,355.06714,-121.0533,392.21622,336.4847,232.66043,388.47556,381.56134,-174.2933,461.11243,337.19403,208.233,460.72302,365.80164,-195.4361,483.37463,332.59308,208.4295,474.86865,367.2118,-214.81195,482.0547,335.2858,188.15569,475.68292,356.12244,-210.38585,475.14398,335.7226,197.0413,471.16907,354.7112,-191.32324,449.86786,265.73328,102.09779,458.1129,284.08563,-101.91676,581.6856,212.21036,78.30207,602.8522,220.70296,-183.86246,586.0938,329.79874,186.65567,610.9294,358.10202,-86.60228,574.8951,357.48154,197.43161,596.976,381.40173,-73.221344,628.92224,363.796,206.84601,666.95105,388.44055,-57.362194
barbell-glute-bridge-1296x728-header.jpg,253.55827,280.6391,141.82722,235.62386,270.17056,165.43193,234.38704,271.18594,165.3197,232.79973,272.54382,165.16281,232.47307,273.12427,104.81907,229.24706,276.02234,104.79563,225.26341,279.39136,104.7369,214.55637,299.70575,273.77017,204.99292,306.851,-3.935294,265.0023,303.50226,184.35121,260.0118,307.58716,103.91905,307.11655,379.11142,389.88715,258.01263,426.96857,-167.41228,470.49323,424.00687,479.10098,421.6841,518.0602,-208.72359,564.0261,310.10156,379.20465,545.284,395.16058,-107.965454,592.17596,287.1582,355.8919,581.13306,368.07812,-120.20208,583.9067,279.24872,326.77896,558.25726,350.51593,-110.336136,564.7997,288.22128,358.20547,545.27637,356.87888,-97.00962,598.5892,417.76807,177.78873,583.8639,461.85294,-177.51207,817.79517,201.20006,129.34644,787.5597,198.35294,-194.18741,935.18195,440.5909,221.65892,891.1586,426.51505,-42.045815,906.94604,486.9555,228.55214,915.15704,534.0919,-14.558553,1031.9446,474.73526,193.96642,1057.686,511.1049,33.921764
bridge-1.jpg,133.71188,241.53127,42.456738,119.57498,247.19945,55.340828,119.131645,248.42737,55.292515,118.70228,249.84607,55.2641,119.37054,249.35669,22.833477,118.67712,252.09389,22.821844,117.87277,255.08556,22.749212,121.999306,266.63788,127.310905,119.47505,273.7276,-20.663136,146.65866,246.86647,73.03946,146.39848,248.86201,30.674286,199.25682,270.15036,209.23639,187.18744,300.14462,-115.436584,300.5583,281.2907,268.52063,300.45828,311.43073,-154.5592,394.43326,287.11575,267.57346,402.44208,312.47623,-172.99956,423.08975,290.9945,270.52206,438.25073,323.6065,-195.52373,425.93854,292.9674,244.87256,440.8273,319.14645,-195.30992,413.8115,290.16467,255.18369,426.94693,311.8179,-170.43294,366.57376,187.49144,108.585266,371.3028,196.51515,-108.44793,519.3278,124.184135,66.48017,532.09064,126.823235,-202.02077,545.22986,264.67902,179.64523,564.0213,283.36353,-73.7618,536.6286,288.82138,190.63591,553.0212,312.7703,-57.991287,608.6553,288.93622,194.15211,633.0039,312.71988,-47.48332
bridge-2.jpg,133.71188,241.53127,42.456738,119.57498,247.19945,55.340828,119.131645,248.42737,55.292515,118.70228,249.84607,55.2641,119.37054,249.35669,22.833477,118.67712,252.09389,22.821844,117.87277,255.08556,22.749212,121.999306,266.63788,127.310905,119.47505,273.7276,-20.663136,146.65866,246.86647,73.03946,146.39848,248.86201,30.674286,199.25682,270.15036,209.23639,187.18744,300.14462,-115.436584,300.5583,281.2907,268.52063,300.45828,311.43073,-154.5592,394.43326,287.11575,267.57346,402.44208,312.47623,-172.99956,423.08975,290.9945,270.52206,438.25073,323.6065,-195.52373,425.93854,292.9674,244.87256,440.8273,319.14645,-195.30992,413.8115,290.16467,255.18369,426.94693,311.8179,-170.43294,366.57376,187.49144,108.585266,371.3028,196.51515,-108.44793,519.3278,124.184135,66.48017,532.09064,126.823235,-202.02077,545.22986,264.67902,179.64523,564.0213,283.36353,-73.7618,536.6286,288.82138,190.63591,553.0212,312.7703,-57.991287,608.6553,288.93622,194.15211,633.0039,312.71988,-47.48332
bridge-pose-for-hip-stability-569aae21a7fc08d4d80e93f210b68171.jpg,2480.4526,852.18335,180.34497,2523.888,886.25244,85.42135,2527.8257,902.04016,85.43634,2532.2537,919.5712,85.14396,2520.5977,862.07367,237.66826,2520.4602,860.1176,237.81653,2520.4956,859.6186,237.67908,2523.7473,1015.52496,-158.40431,2512.7214,958.2864,536.40625,2432.653,896.2663,113.37638,2430.973,868.7241,313.23517,2218.0671,1158.928,-452.43466,2209.645,955.79474,868.718,1755.4718,1267.1489,-511.33115,1813.2844,941.3788,1185.1241,1352.657,1307.7899,-514.7236,1458.2004,986.9014,1336.3658,1217.3795,1346.5265,-587.32715,1368.956,975.3396,1399.5234,1217.2483,1307.0295,-554.9939,1328.3197,902.6677,1310.8383,1263.7028,1290.7664,-492.78754,1368.6252,908.8992,1297.5963,1513.5815,722.92236,-453.3159,1566.8245,594.51044,452.5665,948.3023,455.07465,-687.1317,1041.8225,373.05368,349.95074,844.46075,1027.8829,-119.206215,948.72723,916.5457,1006.9435,918.861,1168.4945,-57.61801,979.7942,1050.5555,1072.831,595.0427,1145.7673,-77.38359,649.51807,1019.9636,1032.7449
bridge-pose-with-a-block-squeeze-5bdf4857478c7a59a5f49849f6480644.jpg,2530.7024,1103.7504,117.409546,2576.9243,1137.9873,26.410103,2581.0718,1154.2959,26.39685,2585.8628,1172.576,26.072842,2571.6777,1110.4467,170.84932,2570.8552,1106.9628,170.94247,2570.1384,1104.3652,170.68655,2578.5298,1259.555,-193.71832,2561.1377,1188.1499,466.19278,2479.79,1151.4879,60.575016,2478.3496,1117.7761,250.315,2270.8096,1404.8689,-445.904,2268.0764,1208.4055,789.21594,1791.943,1499.0648,-448.4375,1885.416,1171.1711,1065.3615,1402.828,1539.0632,-362.5048,1549.0513,1172.5554,1202.541,1270.2025,1573.7045,-413.0874,1459.3542,1150.0562,1263.7001,1262.7633,1542.6772,-391.62552,1452.036,1145.8834,1179.378,1315.185,1530.3494,-342.95047,1486.3969,1160.5786,1164.8925,1531.4896,979.1255,-423.88574,1579.8638,847.3945,422.98038,961.8861,708.81866,-644.46844,1027.6864,617.40906,415.65463,936.74097,1261.8167,39.91185,985.663,1158.7443,1083.4208,976.0919,1372.7574,112.738495,1046.1448,1246.6594,1151.4076,673.66315,1355.2913,103.183815,746.7149,1261.8182,1119.585
depositphotos_365771756-stock-photo-young-woman-doing-sport-workout.jpg,140.79117,104.36912,146.61992,134.73723,106.02148,171.91231,135.42627,105.527374,171.86153,136.11029,105.092064,171.75316,132.65593,110.16157,153.05917,131.84746,113.03465,153.0456,130.99396,116.301704,152.97797,139.05893,113.27803,266.5606,132.21391,130.1611,178.66966,149.6969,106.17922,180.46841,147.95236,111.05908,154.84972,197.78712,124.78356,276.3318,146.8939,164.64432,130.14604,271.99976,159.54602,264.63095,200.04878,212.48508,36.15619,352.58292,191.149,180.60825,266.7712,249.41681,-60.68597,377.72104,195.58136,160.892,277.15555,270.07788,-85.13089,377.99356,203.12314,145.41995,284.3367,262.84027,-85.496155,368.08655,204.75253,170.5649,282.54797,253.70789,-62.05948,286.81998,120.79779,59.45346,251.62204,149.6355,-59.947792,403.0944,49.639366,-59.37575,333.86844,120.22946,-193.12727,419.366,164.33133,51.5211,386.96637,235.20494,-161.54305,409.49478,180.06665,65.63731,379.2865,248.05653,-154.33887,472.81973,186.48248,56.926884,434.68237,279.1209,-168.90913
floor-bridge.jpg,838.8114,301.4492,111.59525,855.7705,316.3757,72.50094,855.90204,319.62927,72.52163,855.938,323.55582,72.44669,856.4788,313.8785,134.13576,857.1071,315.05728,134.20654,857.7104,316.2898,134.08353,845.2281,351.34137,-26.943707,849.56036,340.67896,246.96379,821.7227,308.4841,82.36571,822.27454,304.56332,161.52217,758.9887,386.4235,-205.68272,741.6787,342.00732,421.55984,613.99194,433.3803,-283.38647,596.0478,369.91483,550.9002,485.36096,454.31787,-284.88452,472.36624,370.85977,546.4128,445.91016,474.68948,-325.8315,441.1449,362.1175,570.1283,442.96036,466.3631,-300.89725,440.39056,366.35562,522.21216,454.3962,457.69916,-270.0204,452.10223,369.4107,524.69995,485.13745,301.6432,-198.84003,489.8149,265.38855,198.63895,283.34583,171.61497,-331.07654,291.0706,158.5274,100.14771,202.93507,394.8782,-142.84203,217.24982,374.59576,314.23355,228.38318,432.7127,-127.00677,241.20563,412.65356,332.18585,87.77526,433.1846,-165.60603,113.76822,418.55344,308.51788
glute-bridge-exercises.jpg,204.87756,267.5666,39.387184,191.58725,270.95294,52.105804,191.22293,271.36795,52.03405,190.5789,272.0381,52.000244,191.39812,275.71805,15.901122,190.81972,279.31894,15.893888,190.1016,283.5732,15.83601,194.7704,294.40646,124.05058,194.92471,307.587,-42.55374,221.53151,270.95837,71.561455,220.03712,276.35638,24.35701,278.3306,301.4194,214.30449,278.6825,331.91495,-133.89659,411.83496,321.44064,264.60947,417.95325,343.61395,-152.50063,525.2155,320.1191,265.09116,539.0032,342.5962,-131.34573,555.0551,323.027,275.48758,578.5408,353.33774,-147.03572,562.5966,327.9667,252.98608,583.5489,350.4157,-139.09778,548.7387,322.24695,252.9596,569.81,343.96637,-124.981964,453.38223,171.64996,118.237236,460.51392,185.63432,-117.991615,654.0013,122.4758,101.0619,669.5364,117.07068,-188.2581,675.25653,303.30634,219.97243,672.6273,325.719,-66.1525,633.62946,337.45206,232.38536,657.37726,349.48618,-50.412548,732.05963,345.88467,254.86513,752.256,353.0964,-36.31886
hip-bridge.jpg,258.52463,239.78043,54.646927,242.37924,247.70164,70.8645,242.06036,249.23366,70.75439,241.71838,251.13826,70.71096,242.3234,250.24315,25.043678,242.1414,253.6161,25.054947,242.01036,257.6894,24.915165,247.62967,278.5579,162.68484,247.679,286.20938,-44.544243,276.68982,247.2214,94.42241,276.97144,251.97868,34.910175,352.97113,282.91107,274.08722,345.21295,318.7699,-172.69643,498.17847,299.26364,338.28467,496.55133,331.1873,-228.93457,622.2275,296.90213,322.2422,644.8954,341.47073,-247.34398,657.04675,302.70938,328.1349,683.3602,350.29266,-277.54303,665.567,308.9727,293.4301,683.6464,343.2652,-272.2492,652.2984,303.12918,304.68307,674.1883,336.18723,-241.72467,598.50836,180.96,139.79095,606.491,202.99632,-139.51738,787.5125,72.77197,66.47101,797.99176,85.40832,-236.49443,800.6866,273.85507,248.06432,806.3116,303.63095,-64.07323,775.904,314.62012,265.6414,785.2694,331.38376,-42.874516,889.8211,309.83728,269.68915,907.98474,337.15628,-26.074139
muscles_releve_de_bassin_EN-01.jpg,644.6381,337.93445,49.347824,653.35297,343.96378,31.483585,653.64197,346.08972,31.525656,653.9645,348.36014,31.496948,653.3573,342.2131,61.925102,653.6468,342.8634,61.971252,654.0148,343.68878,61.9465,651.5645,363.5993,-18.524857,651.3375,359.01614,117.736404,632.6059,342.93274,34.062485,632.9375,340.9286,73.30709,599.57306,381.87436,-106.85652,590.06464,361.74756,198.74333,514.66864,400.77423,-144.93549,509.4687,364.667,246.03236,433.92456,409.8571,-165.3333,438.12845,368.67712,240.16074,408.73578,417.55087,-192.10907,416.00992,369.59833,245.82574,405.79428,410.80652,-186.52959,409.88986,374.34418,226.56989,413.8713,405.69135,-162.1527,419.09973,374.74805,230.35011,457.95142,317.94693,-95.62821,458.4664,308.88818,95.45824,329.05325,252.14182,-148.2454,337.3033,256.33087,61.383957,289.24075,372.5162,-56.74126,292.87155,365.0091,157.80731,299.41925,393.289,-49.354614,301.15646,386.19836,165.35193,230.9037,390.514,-85.70535,240.62581,383.9259,126.368004
opener-bridge-1483666532.jpg,750.4844,457.42462,48.168224,764.56165,466.32663,20.326101,765.0245,469.35858,20.370056,765.63824,472.6419,20.344646,764.2941,463.75235,65.84001,764.5999,464.89136,65.87837,764.9151,466.19562,65.75632,761.77734,497.57135,-52.010597,759.76373,491.48743,150.49655,736.08997,465.3772,26.630442,734.8997,462.02536,85.35045,683.0864,528.3169,-178.90915,665.3635,482.5597,272.03128,544.4652,553.6482,-235.19014,536.30457,496.69153,343.43896,407.57938,555.3564,-261.96655,440.17606,483.50735,324.63626,372.20615,568.17224,-303.71677,412.22296,476.02707,332.86996,372.09363,554.64954,-292.40268,406.24313,482.39706,298.3341,383.1587,546.94574,-255.56606,415.18878,485.78,308.10477,450.06323,419.05106,-149.0151,457.45294,388.67993,148.84077,308.2478,267.27072,-213.4658,320.45068,260.748,86.80999,256.95834,466.0571,-60.461742,270.19077,442.3092,271.66574,264.98145,499.5193,-47.78587,280.6052,472.0189,287.8742,163.21608,467.31042,-69.53366,180.7521,450.80356,272.39334
v5yonpPwiN3BpWZKSBUYCX.jpg,849.6182,385.10684,154.17714,864.4994,397.39478,125.89845,865.29016,400.49933,125.94001,866.3441,404.10175,125.88173,863.4087,396.24612,169.3241,863.3421,398.22165,169.40106,863.502,400.63354,169.2765,861.3371,427.23157,60.531055,858.13525,420.8508,251.87114,835.8873,389.06802,135.35236,834.6623,387.63104,190.71327,798.12274,457.19165,-76.72541,758.18677,420.27145,358.40936,669.8616,484.58148,-166.47314,615.98267,440.2538,420.35953,538.8716,481.68152,-241.9568,480.70056,442.17084,421.2518,492.29922,487.5282,-271.82104,446.70074,446.65292,432.34637,486.01285,479.2684,-252.18788,444.16632,450.71106,402.37177,497.5531,473.95947,-232.41559,457.35138,448.8593,406.92978,550.55634,356.7013,-137.93727,532.21375,339.94446,137.63416,350.9643,199.06842,-253.74493,332.80902,202.05476,10.090595,262.9757,430.13675,-156.99196,249.45685,411.33044,140.81377,275.735,469.969,-146.18405,254.98828,454.61725,149.21695,152.62053,469.66528,-167.54445,143.0225,449.8483,100.33306
woman-practicing-yoga-doing-glute-bridge-exercise-royalty-free-image-1644350994.jpg,926.2964,336.25232,178.56824,943.55365,348.31738,155.02263,945.2382,351.7552,155.06252,946.9194,355.295,154.97475,941.7652,345.6992,201.19829,942.1335,347.1047,201.26808,942.40735,348.57132,201.18103,943.09924,381.01962,102.285255,936.4442,370.8274,308.17126,913.7946,344.16696,161.24968,911.1382,340.71326,220.58307,885.13684,425.23178,-25.58163,824.6126,375.82758,369.97617,748.414,459.62164,-146.3949,682.8788,416.4568,409.91528,633.8459,485.882,-302.8061,547.4806,408.16562,377.90778,586.69696,505.0184,-340.61285,504.68265,414.7219,373.79312,579.9645,498.5703,-330.47977,507.09207,429.04428,338.75873,588.83844,490.865,-298.65787,522.92615,426.23892,360.88406,621.7759,331.95242,-124.21351,587.3196,308.72815,124.04022,382.2994,217.86612,-231.43863,377.81985,206.74957,-10.969258,298.56473,456.0143,-182.17989,307.36862,428.41147,102.42575,314.9817,496.609,-174.67621,315.64304,462.24713,110.65207,172.92877,511.33386,-227.91556,198.86116,481.92758,41.379807
woman_doing_glute_bridges_at_home_1296x728-header-1296x729.jpg,429.62378,313.1618,208.76175,415.9655,317.0644,233.90265,416.2967,317.66144,233.8632,416.79178,318.28275,233.8007,413.90598,320.2028,192.98917,412.5182,323.34314,192.98701,410.9555,326.9011,192.92867,416.63776,336.95108,334.60693,409.21777,349.87964,147.02621,443.6882,318.8347,248.34743,441.79547,322.94095,194.09486,505.78397,344.47433,412.5128,465.26782,398.01428,13.976873,625.47876,364.69354,453.9849,588.9845,425.2549,-102.440285,737.47284,379.93488,389.82544,700.53485,448.4472,-197.53343,767.2937,386.1059,385.24805,732.4371,464.75864,-235.00493,769.79956,389.38425,359.13025,738.8288,457.013,-228.69502,755.04065,387.62653,375.00174,730.2428,449.8833,-194.15427,676.9904,304.4162,137.21684,667.7262,336.47925,-137.36583,850.2792,206.9009,51.729183,854.6269,232.10223,-240.03929,875.38086,371.60104,241.86385,870.4084,424.22968,-47.736477,867.3977,399.41812,261.03583,859.8281,446.73276,-23.407001,944.8548,404.94437,251.15611,947.43994,463.25763,-19.422653
yoga_bridge_pose_woman_44578952_ML.jpg,1104.0245,585.06726,-8.601278,1126.3092,597.0732,-44.88239,1127.186,603.14124,-44.806866,1128.7946,610.0375,-44.91966,1127.2445,588.7662,11.32601,1128.2303,588.0625,11.371799,1129.4458,587.7253,11.345554,1125.5474,654.66504,-138.19162,1124.7866,630.3365,120.04984,1077.9023,600.5638,-34.973442,1078.4269,589.81696,38.99199,987.28156,697.2623,-232.1504,992.74603,632.7992,233.55948,778.7514,718.6922,-218.22102,810.0831,647.3606,321.19125,552.77734,730.7956,-196.38449,640.96954,650.8626,335.56705,528.7554,733.39014,-231.46463,611.2336,648.91455,353.77325,525.19324,706.7207,-219.43715,602.29004,647.1245,309.6167,521.77496,717.46564,-189.24275,613.24713,649.47217,316.68204,685.8303,474.42438,-167.69609,712.9138,446.10593,167.42786,379.2427,373.79214,-285.278,457.30518,372.386,109.62202,465.67993,683.8619,-38.79747,502.56244,633.2365,395.65054,493.949,712.9161,-9.886732,537.2166,664.75934,427.265,349.90198,719.7538,13.108023,409.49765,678.7099,416.3259
