2016-02-01-lunge-header.jpg,322.68378,139.25026,-161.48009,321.32907,129.49936,-136.49007,322.9217,129.06247,-136.55562,324.38763,128.6551,-136.6375,313.93454,130.70996,-150.1994,309.7316,131.1895,-150.21231,304.8497,131.80975,-150.19353,319.99155,133.31941,-15.131494,291.79947,138.35274,-77.384186,324.64865,149.50223,-116.790344,316.64072,151.44836,-134.87128,349.99707,201.19992,76.584724,261.53873,206.85892,-61.719612,377.06717,261.59,112.367935,210.55432,271.81256,-53.52175,369.17813,307.06342,-0.84077555,250.75404,328.1396,-114.55951,368.20938,322.7605,-27.815344,263.09933,336.84845,-139.10468,361.25006,317.8725,-49.577526,269.43216,327.47202,-152.65788,359.55963,312.8711,-11.088744,266.871,323.6478,-118.00178,331.7836,342.89175,53.610977,283.75696,351.14233,-53.583553,401.16022,361.64642,-291.67078,253.34233,472.0068,-125.19266,375.8945,470.8889,-182.18413,187.67729,438.0826,204.73648,363.19962,488.98523,-172.65411,175.37453,424.8294,239.24573,413.02032,498.62195,-252.31703,182.28197,470.94363,220.11664
411c3e63f1f30c73af081e0d391304c2.jpg,159.29341,92.59398,-112.07751,157.73016,86.75861,-97.06292,158.2334,86.84398,-97.06431,158.72017,86.960106,-97.11762,154.31265,86.93933,-116.56614,152.53511,87.16719,-116.606705,150.31078,87.45801,-116.624985,153.98341,90.27754,-27.43131,141.53342,91.38429,-116.503456,159.83342,98.7202,-85.30656,155.76645,98.94003,-111.477905,160.39761,114.294914,25.227097,126.988434,124.19951,-150.30421,166.11821,69.72031,65.570114,122.73667,72.004425,-241.87724,167.2252,25.520575,35.730373,123.233505,25.891613,-272.99762,165.51846,17.620022,31.79433,122.031784,18.544685,-294.33667,162.7293,17.14443,25.831175,123.49401,17.18536,-282.09183,162.11502,19.206547,30.003042,124.53517,19.60829,-269.21036,172.41734,204.4247,49.01252,146.74539,215.169,-48.94963,227.39587,214.65031,-111.1801,116.61733,273.3991,-49.14314,211.9218,273.2376,-56.359543,57.206467,248.6884,140.81963,200.57932,283.95786,-51.538338,46.759094,240.15999,160.16267,239.2555,291.0193,-90.06619,55.987583,274.34845,153.16199
463_B.jpg,445.6054,326.3711,-127.98371,442.70712,317.89218,-106.47699,442.39587,317.51157,-106.50666,441.87445,317.0196,-106.579445,439.54095,317.94937,-141.3365,436.78876,317.59024,-141.33939,433.9787,317.09872,-141.37454,428.83264,318.3201,-0.74545103,417.77368,317.4502,-161.18916,443.56818,334.08722,-86.90822,439.45428,334.0896,-134.00163,438.81473,358.5864,82.77441,384.54556,362.55466,-231.711,465.1342,296.9957,143.86305,392.02344,293.09445,-386.3053,473.0515,225.98245,57.05115,396.6854,220.68227,-433.5443,473.76703,213.10828,40.89393,393.80603,214.19168,-474.90097,469.81894,211.76012,22.631008,396.50403,214.75026,-466.5507,468.31723,214.06674,43.58292,399.00735,216.2714,-431.75116,460.27966,497.26096,99.56046,420.30588,508.9586,-99.61001,552.3371,511.32874,-49.999218,406.91113,633.02844,-173.83577,511.0176,615.026,96.524284,308.80685,589.23724,127.44194,494.39392,629.0429,111.16166,295.22687,573.6024,161.10648,555.22424,642.1215,78.23197,292.4075,625.5362,170.27112
About-2A14-Lunges-922-570d58d73df78c7d9e431573.jpg,453.67407,290.09314,83.57771,462.95758,274.23837,46.777836,465.68378,273.94818,46.815384,468.56235,273.89526,46.74013,461.5134,273.45975,112.07273,463.20526,272.62366,112.071075,465.08923,271.94476,112.09413,498.5811,282.99515,-52.03733,493.04025,280.6444,233.23416,465.17957,310.28485,53.5044,462.75827,308.9943,136.1809,536.81287,377.45154,-214.05074,531.037,381.8801,426.82556,596.9304,500.5312,-227.3467,568.4829,500.4492,443.53818,510.06,572.45,-17.15723,511.44434,558.2196,297.1825,491.11774,584.2832,-36.180717,504.21832,571.54675,285.7692,486.45746,564.8877,-10.194472,496.44354,559.6588,257.68057,491.0823,560.5249,6.0323825,499.04425,551.0724,276.10562,515.8942,648.4429,-199.72754,529.92834,651.242,199.71773,296.42358,687.51825,-190.38719,571.4502,855.1006,187.9768,328.46417,911.2193,-108.037476,776.1855,846.10474,163.60773,354.86664,947.6709,-102.59585,817.2167,828.7625,163.2486,239.90727,947.76,-126.69592,775.9854,923.04944,134.98137
Alternating_Lunge_Press_DB_2400x.jpg,1138.6804,644.37537,-41.729465,1152.648,627.0771,-67.21826,1158.5317,627.67566,-67.22399,1164.5479,628.50885,-67.39748,1143.4282,625.97144,0.48733097,1142.3,625.81647,0.26530477,1141.2911,626.1238,0.18757087,1190.0464,640.48975,-137.29199,1161.275,641.2998,172.04721,1149.2156,664.43024,-63.041748,1138.0538,662.9158,25.340767,1239.285,720.4249,-268.29474,1156.4707,732.2923,347.24884,1211.942,560.7317,-449.16495,1130.931,581.01556,453.6554,1207.6149,401.93463,-410.76508,1117.0817,432.3832,286.06146,1210.4714,377.8579,-462.33804,1118.6211,402.26602,250.44923,1209.4935,375.4087,-429.58124,1126.6261,401.27515,225.47198,1205.5138,382.3392,-396.10977,1129.5542,410.09048,257.90344,1213.6034,1021.18463,-237.33376,1172.5801,1027.9229,236.81071,984.96643,1044.216,-411.87595,1213.7427,1246.4288,178.60541,1038.4805,1270.3197,-236.2842,1402.7577,1181.8462,357.2221,1071.5725,1309.7357,-219.98758,1432.5282,1141.4055,384.5608,928.4339,1323.6605,-243.12402,1437.4893,1233.4113,428.7474
Blog-Images-1-60.jpg,277.56134,71.234566,-32.969112,282.88498,62.741306,-46.931465,284.17056,62.964977,-46.89117,285.5402,63.16785,-46.890175,282.768,62.325794,-14.170208,283.9902,62.258507,-14.12544,285.35413,62.13205,-14.137289,300.30676,67.895615,-91.30737,299.71445,66.61007,51.37018,280.78186,81.73908,-48.1199,280.3281,81.70389,-6.529674,316.3276,128.86057,-188.9271,321.20944,127.10182,155.04128,314.55722,217.87617,-228.0299,316.54727,211.53156,159.78113,300.03946,294.0482,-193.98991,302.64877,276.3516,85.20307,298.77765,315.36197,-227.95178,298.21936,293.99716,75.52745,293.32382,315.89508,-221.59392,296.66586,297.80008,51.06361,292.778,308.12057,-189.0813,297.43503,291.1984,70.77249,315.16183,263.74646,-113.13026,323.13818,263.90067,112.990585,194.29602,263.67685,-84.025986,350.68478,370.01654,146.12346,213.49228,384.02985,19.915812,463.89987,360.49524,224.86237,226.59396,404.70895,30.053251,484.97833,351.9237,235.0281,157.73624,402.1497,26.046247,467.38867,395.03632,226.96695
Dumbbell-Walking-Lunges.jpg,96.21809,94.73576,-59.41463,100.67924,87.85486,-70.89918,101.986496,88.04699,-70.87768,103.420265,88.208885,-70.8938,99.88804,87.28361,-46.54327,100.59747,87.1069,-46.535973,101.45241,86.88562,-46.55109,114.9423,92.17296,-101.370514,112.79674,90.57743,4.8624187,100.11886,103.16635,-69.26604,99.22143,102.90216,-38.37308,136.59492,139.78726,-160.0309,123.70746,134.35173,83.474335,142.2273,208.45715,-172.2181,131.90707,199.50781,84.88317,136.47379,264.00314,-129.95546,128.39064,249.00427,18.705387,137.07144,277.5747,-153.57347,127.13799,264.40616,8.460973,129.3871,278.13385,-151.4589,123.325096,264.29654,-12.428494,128.52068,274.43002,-126.58307,123.575356,260.88074,6.9739823,145.02713,243.72607,-79.063385,142.57558,243.1374,79.01614,51.953545,252.11507,-49.01194,169.64935,322.46976,129.96527,59.819283,337.9689,22.966854,251.87646,316.71033,193.55696,72.37827,351.9774,28.897358,270.44888,314.63754,201.56714,22.137749,357.53455,15.553209,242.77017,343.8018,195.39697
IMG_4583 copy 2.JPG,1220.7737,741.3898,-1740.0884,1189.3464,686.00635,-1642.6931,1185.1013,684.7915,-1642.754,1180.2817,683.4037,-1643.3191,1169.3086,690.6742,-1805.5209,1151.537,693.09906,-1805.5914,1130.2869,695.6026,-1805.8445,1076.1003,724.2492,-1117.4502,1013.9852,735.9839,-1865.7811,1191.9062,812.9343,-1533.7194,1164.496,816.7645,-1751.5425,1077.1614,1034.7938,-366.43805,783.74994,1168.3983,-1977.4861,1118.3284,1439.787,706.7237,682.76086,1744.5771,-2098.7854,1306.7368,1538.4036,1434.816,741.96814,2188.5027,-2097.3306,1387.9441,1497.4019,1638.838,726.3713,2333.0332,-2232.079,1389.3112,1489.4435,1496.6633,780.1862,2325.6643,-2261.2095,1328.6683,1509.5723,1404.788,799.53644,2277.6826,-2103.5176,1057.2634,1843.1309,435.40018,804.2104,1898.4951,-436.55652,1450.9034,2100.6765,52.379543,724.6694,2513.426,-580.5754,1176.4523,2486.7363,1026.0576,257.36642,2248.1448,1149.9663,1081.9271,2534.7788,1125.3574,192.01031,2163.5928,1338.2883,1378.2957,2664.0398,1121.5242,222.32533,2425.528,1491.2487
IMG_4583 copy 3.JPG,1220.7737,741.3898,-1740.0884,1189.3464,686.00635,-1642.6931,1185.1013,684.7915,-1642.754,1180.2817,683.4037,-1643.3191,1169.3086,690.6742,-1805.5209,1151.537,693.09906,-1805.5914,1130.2869,695.6026,-1805.8445,1076.1003,724.2492,-1117.4502,1013.9852,735.9839,-1865.7811,1191.9062,812.9343,-1533.7194,1164.496,816.7645,-1751.5425,1077.1614,1034.7938,-366.43805,783.74994,1168.3983,-1977.4861,1118.3284,1439.787,706.7237,682.76086,1744.5771,-2098.7854,1306.7368,1538.4036,1434.816,741.96814,2188.5027,-2097.3306,1387.9441,1497.4019,1638.838,726.3713,2333.0332,-2232.079,1389.3112,1489.4435,1496.6633,780.1862,2325.6643,-2261.2095,1328.6683,1509.5723,1404.788,799.53644,2277.6826,-2103.5176,1057.2634,1843.1309,435.40018,804.2104,1898.4951,-436.55652,1450.9034,2100.6765,52.379543,724.6694,2513.426,-580.5754,1176.4523,2486.7363,1026.0576,257.36642,2248.1448,1149.9663,1081.9271,2534.7788,1125.3574,192.01031,2163.5928,1338.2883,1378.2957,2664.0398,1121.5242,222.32533,2425.528,1491.2487
IMG_4583 copy 4.JPG,1220.7737,741.3898,-1740.0884,1189.3464,686.00635,-1642.6931,1185.1013,684.7915,-1642.754,1180.2817,683.4037,-1643.3191,1169.3086,690.6742,-1805.5209,1151.537,693.09906,-1805.5914,1130.2869,695.6026,-1805.8445,1076.1003,724.2492,-1117.4502,1013.9852,735.9839,-1865.7811,1191.9062,812.9343,-1533.7194,1164.496,816.7645,-1751.5425,1077.1614,1034.7938,-366.43805,783.74994,1168.3983,-1977.4861,1118.3284,1439.787,706.7237,682.76086,1744.5771,-2098.7854,1306.7368,1538.4036,1434.816,741.96814,2188.5027,-2097.3306,1387.9441,1497.4019,1638.838,726.3713,2333.0332,-2232.079,1389.3112,1489.4435,1496.6633,780.1862,2325.6643,-2261.2095,1328.6683,1509.5723,1404.788,799.53644,2277.6826,-2103.5176,1057.2634,1843.1309,435.40018,804.2104,1898.4951,-436.55652,1450.9034,2100.6765,52.379543,724.6694,2513.426,-580.5754,1176.4523,2486.7363,1026.0576,257.36642,2248.1448,1149.9663,1081.9271,2534.7788,1125.3574,192.01031,2163.5928,1338.2883,1378.2957,2664.0398,1121.5242,222.32533,2425.528,1491.2487
IMG_4583 copy 5.JPG,1220.7737,741.3898,-1740.0884,1189.3464,686.00635,-1642.6931,1185.1013,684.7915,-1642.754,1180.2817,683.4037,-1643.3191,1169.3086,690.6742,-1805.5209,1151.537,693.09906,-1805.5914,1130.2869,695.6026,-1805.8445,1076.1003,724.2492,-1117.4502,1013.9852,735.9839,-1865.7811,1191.9062,812.9343,-1533.7194,1164.496,816.7645,-1751.5425,1077.1614,1034.7938,-366.43805,783.74994,1168.3983,-1977.4861,1118.3284,1439.787,706.7237,682.76086,1744.5771,-2098.7854,1306.7368,1538.4036,1434.816,741.96814,2188.5027,-2097.3306,1387.9441,1497.4019,1638.838,726.3713,2333.0332,-2232.079,1389.3112,1489.4435,1496.6633,780.1862,2325.6643,-2261.2095,1328.6683,1509.5723,1404.788,799.53644,2277.6826,-2103.5176,1057.2634,1843.1309,435.40018,804.2104,1898.4951,-436.55652,1450.9034,2100.6765,52.379543,724.6694,2513.426,-580.5754,1176.4523,2486.7363,1026.0576,257.36642,2248.1448,1149.9663,1081.9271,2534.7788,1125.3574,192.01031,2163.5928,1338.2883,1378.2957,2664.0398,1121.5242,222.32533,2425.528,1491.2487
IMG_4583 copy.JPG,1220.7737,741.3898,-1740.0884,1189.3464,686.00635,-1642.6931,1185.1013,684.7915,-1642.754,1180.2817,683.4037,-1643.3191,1169.3086,690.6742,-1805.5209,1151.537,693.09906,-1805.5914,1130.2869,695.6026,-1805.8445,1076.1003,724.2492,-1117.4502,1013.9852,735.9839,-1865.7811,1191.9062,812.9343,-1533.7194,1164.496,816.7645,-1751.5425,1077.1614,1034.7938,-366.43805,783.74994,1168.3983,-1977.4861,1118.3284,1439.787,706.7237,682.76086,1744.5771,-2098.7854,1306.7368,1538.4036,1434.816,741.96814,2188.5027,-2097.3306,1387.9441,1497.4019,1638.838,726.3713,2333.0332,-2232.079,1389.3112,1489.4435,1496.6633,780.1862,2325.6643,-2261.2095,1328.6683,1509.5723,1404.788,799.53644,2277.6826,-2103.5176,1057.2634,1843.1309,435.40018,804.2104,1898.4951,-436.55652,1450.9034,2100.6765,52.379543,724.6694,2513.426,-580.5754,1176.4523,2486.7363,1026.0576,257.36642,2248.1448,1149.9663,1081.9271,2534.7788,1125.3574,192.01031,2163.5928,1338.2883,1378.2957,2664.0398,1121.5242,222.32533,2425.528,1491.2487
IMG_4583.JPG,1220.7737,741.3898,-1740.0884,1189.3464,686.00635,-1642.6931,1185.1013,684.7915,-1642.754,1180.2817,683.4037,-1643.3191,1169.3086,690.6742,-1805.5209,1151.537,693.09906,-1805.5914,1130.2869,695.6026,-1805.8445,1076.1003,724.2492,-1117.4502,1013.9852,735.9839,-1865.7811,1191.9062,812.9343,-1533.7194,1164.496,816.7645,-1751.5425,1077.1614,1034.7938,-366.43805,783.74994,1168.3983,-1977.4861,1118.3284,1439.787,706.7237,682.76086,1744.5771,-2098.7854,1306.7368,1538.4036,1434.816,741.96814,2188.5027,-2097.3306,1387.9441,1497.4019,1638.838,726.3713,2333.0332,-2232.079,1389.3112,1489.4435,1496.6633,780.1862,2325.6643,-2261.2095,1328.6683,1509.5723,1404.788,799.53644,2277.6826,-2103.5176,1057.2634,1843.1309,435.40018,804.2104,1898.4951,-436.55652,1450.9034,2100.6765,52.379543,724.6694,2513.426,-580.5754,1176.4523,2486.7363,1026.0576,257.36642,2248.1448,1149.9663,1081.9271,2534.7788,1125.3574,192.01031,2163.5928,1338.2883,1378.2957,2664.0398,1121.5242,222.32533,2425.528,1491.2487
IMG_4584 copy 2.JPG,1150.7019,485.2481,-830.9171,1098.4258,419.17273,-788.4913,1092.138,416.90985,-789.09,1084.9949,414.37726,-789.8043,1088.7057,422.3229,-947.5898,1076.5156,423.3259,-947.98517,1063.0073,424.78668,-948.4695,971.1305,449.3928,-523.2284,958.9998,465.81512,-1241.8663,1128.8689,567.5788,-713.0846,1104.495,562.0067,-922.4054,819.5371,844.0165,30.312666,858.6367,935.61346,-1579.0713,780.14606,1368.4543,376.08084,811.3553,1607.4064,-1559.0074,857.7712,1747.0221,499.37866,967.07996,2107.6318,-1308.0267,892.40204,1864.8832,509.6261,977.75287,2233.799,-1460.9956,878.8015,1864.1348,375.12796,1020.9264,2223.529,-1457.7053,854.1747,1826.7303,441.97946,1012.3332,2171.562,-1304.3088,798.8494,1785.3262,490.92444,684.9304,1871.1261,-490.11478,1365.777,1859.4359,922.9766,769.1276,2508.1147,-782.29047,1031.8842,2345.7314,1552.4814,8.000622,2514.0554,-106.53626,946.1776,2428.297,1604.409,10.6268,2386.676,-21.306047,1264.8123,2452.5845,1701.3403,34.60683,2603.938,23.44134
IMG_4584 copy 3.JPG,1150.7019,485.2481,-830.9171,1098.4258,419.17273,-788.4913,1092.138,416.90985,-789.09,1084.9949,414.37726,-789.8043,1088.7057,422.3229,-947.5898,1076.5156,423.3259,-947.98517,1063.0073,424.78668,-948.4695,971.1305,449.3928,-523.2284,958.9998,465.81512,-1241.8663,1128.8689,567.5788,-713.0846,1104.495,562.0067,-922.4054,819.5371,844.0165,30.312666,858.6367,935.61346,-1579.0713,780.14606,1368.4543,376.08084,811.3553,1607.4064,-1559.0074,857.7712,1747.0221,499.37866,967.07996,2107.6318,-1308.0267,892.40204,1864.8832,509.6261,977.75287,2233.799,-1460.9956,878.8015,1864.1348,375.12796,1020.9264,2223.529,-1457.7053,854.1747,1826.7303,441.97946,1012.3332,2171.562,-1304.3088,798.8494,1785.3262,490.92444,684.9304,1871.1261,-490.11478,1365.777,1859.4359,922.9766,769.1276,2508.1147,-782.29047,1031.8842,2345.7314,1552.4814,8.000622,2514.0554,-106.53626,946.1776,2428.297,1604.409,10.6268,2386.676,-21.306047,1264.8123,2452.5845,1701.3403,34.60683,2603.938,23.44134
IMG_4584 copy 4.JPG,1150.7019,485.2481,-830.9171,1098.4258,419.17273,-788.4913,1092.138,416.90985,-789.09,1084.9949,414.37726,-789.8043,1088.7057,422.3229,-947.5898,1076.5156,423.3259,-947.98517,1063.0073,424.78668,-948.4695,971.1305,449.3928,-523.2284,958.9998,465.81512,-1241.8663,1128.8689,567.5788,-713.0846,1104.495,562.0067,-922.4054,819.5371,844.0165,30.312666,858.6367,935.61346,-1579.0713,780.14606,1368.4543,376.08084,811.3553,1607.4064,-1559.0074,857.7712,1747.0221,499.37866,967.07996,2107.6318,-1308.0267,892.40204,1864.8832,509.6261,977.75287,2233.799,-1460.9956,878.8015,1864.1348,375.12796,1020.9264,2223.529,-1457.7053,854.1747,1826.7303,441.97946,1012.3332,2171.562,-1304.3088,798.8494,1785.3262,490.92444,684.9304,1871.1261,-490.11478,1365.777,1859.4359,922.9766,769.1276,2508.1147,-782.29047,1031.8842,2345.7314,1552.4814,8.000622,2514.0554,-106.53626,946.1776,2428.297,1604.409,10.6268,2386.676,-21.306047,1264.8123,2452.5845,1701.3403,34.60683,2603.938,23.44134
IMG_4584 copy 5.JPG,1150.7019,485.2481,-830.9171,1098.4258,419.17273,-788.4913,1092.138,416.90985,-789.09,1084.9949,414.37726,-789.8043,1088.7057,422.3229,-947.5898,1076.5156,423.3259,-947.98517,1063.0073,424.78668,-948.4695,971.1305,449.3928,-523.2284,958.9998,465.81512,-1241.8663,1128.8689,567.5788,-713.0846,1104.495,562.0067,-922.4054,819.5371,844.0165,30.312666,858.6367,935.61346,-1579.0713,780.14606,1368.4543,376.08084,811.3553,1607.4064,-1559.0074,857.7712,1747.0221,499.37866,967.07996,2107.6318,-1308.0267,892.40204,1864.8832,509.6261,977.75287,2233.799,-1460.9956,878.8015,1864.1348,375.12796,1020.9264,2223.529,-1457.7053,854.1747,1826.7303,441.97946,1012.3332,2171.562,-1304.3088,798.8494,1785.3262,490.92444,684.9304,1871.1261,-490.11478,1365.777,1859.4359,922.9766,769.1276,2508.1147,-782.29047,1031.8842,2345.7314,1552.4814,8.000622,2514.0554,-106.53626,946.1776,2428.297,1604.409,10.6268,2386.676,-21.306047,1264.8123,2452.5845,1701.3403,34.60683,2603.938,23.44134
IMG_4584 copy.JPG,1150.7019,485.2481,-830.9171,1098.4258,419.17273,-788.4913,1092.138,416.90985,-789.09,1084.9949,414.37726,-789.8043,1088.7057,422.3229,-947.5898,1076.5156,423.3259,-947.98517,1063.0073,424.78668,-948.4695,971.1305,449.3928,-523.2284,958.9998,465.81512,-1241.8663,1128.8689,567.5788,-713.0846,1104.495,562.0067,-922.4054,819.5371,844.0165,30.312666,858.6367,935.61346,-1579.0713,780.14606,1368.4543,376.08084,811.3553,1607.4064,-1559.0074,857.7712,1747.0221,499.37866,967.07996,2107.6318,-1308.0267,892.40204,1864.8832,509.6261,977.75287,2233.799,-1460.9956,878.8015,1864.1348,375.12796,1020.9264,2223.529,-1457.7053,854.1747,1826.7303,441.97946,1012.3332,2171.562,-1304.3088,798.8494,1785.3262,490.92444,684.9304,1871.1261,-490.11478,1365.777,1859.4359,922.9766,769.1276,2508.1147,-782.29047,1031.8842,2345.7314,1552.4814,8.000622,2514.0554,-106.53626,946.1776,2428.297,1604.409,10.6268,2386.676,-21.306047,1264.8123,2452.5845,1701.3403,34.60683,2603.938,23.44134
IMG_4584.JPG,1150.7019,485.2481,-830.9171,1098.4258,419.17273,-788.4913,1092.138,416.90985,-789.09,1084.9949,414.37726,-789.8043,1088.7057,422.3229,-947.5898,1076.5156,423.3259,-947.98517,1063.0073,424.78668,-948.4695,971.1305,449.3928,-523.2284,958.9998,465.81512,-1241.8663,1128.8689,567.5788,-713.0846,1104.495,562.0067,-922.4054,819.5371,844.0165,30.312666,858.6367,935.61346,-1579.0713,780.14606,1368.4543,376.08084,811.3553,1607.4064,-1559.0074,857.7712,1747.0221,499.37866,967.07996,2107.6318,-1308.0267,892.40204,1864.8832,509.6261,977.75287,2233.799,-1460.9956,878.8015,1864.1348,375.12796,1020.9264,2223.529,-1457.7053,854.1747,1826.7303,441.97946,1012.3332,2171.562,-1304.3088,798.8494,1785.3262,490.92444,684.9304,1871.1261,-490.11478,1365.777,1859.4359,922.9766,769.1276,2508.1147,-782.29047,1031.8842,2345.7314,1552.4814,8.000622,2514.0554,-106.53626,946.1776,2428.297,1604.409,10.6268,2386.676,-21.306047,1264.8123,2452.5845,1701.3403,34.60683,2603.938,23.44134
IMG_4585.JPG,623.769,475.60385,-370.32327,644.207,404.61624,-482.43277,653.176,402.88962,-482.52216,662.91205,401.57297,-482.8788,640.9394,402.12006,-363.13995,647.2212,398.30164,-363.19662,654.9206,394.32892,-363.29578,756.4679,418.04144,-820.643,780.53094,415.4176,-304.8783,677.60034,549.72284,-471.73117,672.74445,546.1813,-320.87704,737.5094,1003.3949,-1101.8707,1106.687,805.12067,-45.577847,576.11664,1633.002,-1275.6598,1221.1815,1334.5217,182.56993,429.36227,2124.5867,-914.00946,1030.6097,1685.0416,291.18927,419.11374,2232.7715,-1012.0935,1003.75146,1743.0137,269.4441,425.53934,2242.588,-1000.76624,964.1833,1762.0673,148.45245,436.10703,2199.536,-900.3624,966.16656,1759.7659,236.78578,797.11694,1928.213,-305.97122,1086.3013,1881.5729,305.28183,341.06293,1792.7806,702.589,1185.5125,2403.53,1035.4242,430.03418,2297.457,1621.5095,1760.1005,2777.9385,1434.6962,486.46255,2423.8286,1727.252,1881.9548,2826.925,1493.8617,364.57242,2378.6938,2014.9281,1709.4557,2939.6072,1609.3773
IMG_4586.JPG,550.20575,757.7649,-1610.474,559.164,669.1926,-1728.9437,572.3727,663.1761,-1729.0287,585.63916,656.38403,-1729.7991,541.562,667.72345,-1536.2394,542.70685,661.00165,-1536.6799,544.0076,653.5229,-1536.8507,699.1673,639.7841,-1902.0332,648.1937,627.4547,-1063.5349,629.7745,814.9042,-1642.9401,602.3414,811.2298,-1399.044,973.9115,1116.2866,-2171.8813,827.24884,963.57715,-159.83815,1102.4042,1800.693,-2449.4697,790.0584,1279.0085,1137.5253,1135.899,2440.1826,-2366.2776,729.7206,1214.6799,2251.3499,1201.7516,2603.6423,-2571.2156,729.8214,1194.3386,2424.8862,1109.0072,2636.4912,-2673.435,689.48535,1172.865,2390.1982,1066.4604,2567.4243,-2401.6384,691.18024,1202.9373,2266.9355,991.7299,2017.3354,-648.2815,1015.06287,1903.9071,647.9807,240.3998,2063.9128,54.085472,1155.6829,2200.8083,1989.5742,440.75073,2634.5757,1366.0076,1675.6041,2449.2039,3342.1743,559.19995,2754.046,1517.0673,1815.0719,2416.736,3499.447,161.22731,2744.2144,1654.5249,1631.158,2580.9365,3662.889
IMG_4587.JPG,1076.0337,552.6015,-1606.9567,1134.049,478.0693,-1577.3734,1174.2208,486.20694,-1576.9512,1212.183,494.5855,-1576.8309,1045.2207,464.80826,-1552.8478,1023.5364,463.73563,-1552.9484,1003.52264,463.3776,-1553.147,1282.8901,547.22015,-1228.6198,990.7499,510.15457,-1126.7633,1139.4485,660.05884,-1464.6053,1031.9259,643.9969,-1433.137,1469.7284,1085.3074,-970.713,742.8895,917.38007,-831.1809,1487.3503,1608.6055,-678.2942,635.5346,1363.1362,-428.7327,1600.0804,2055.0422,-1023.92865,531.3798,1725.668,-759.3752,1640.091,2188.973,-1131.479,490.20004,1834.8704,-867.6997,1592.1754,2180.4993,-1296.1991,529.9168,1830.6299,-1003.18085,1568.7372,2146.7073,-1092.8431,553.12006,1799.9987,-822.2655,1131.5436,1907.9965,-110.22176,778.67084,1848.7435,109.51562,814.1358,2457.3225,-9.782704,808.1959,2424.4333,484.00327,856.02954,2908.4697,1064.9271,864.2032,2565.7363,2008.7341,916.1966,2956.9568,1155.683,900.497,2556.4358,2160.444,728.39746,3201.917,881.23016,812.8116,2834.0542,2117.7378
IMG_4588.JPG,1145.4377,443.31015,-1717.124,1221.6116,367.77652,-1703.2482,1263.0958,376.49112,-1703.2129,1299.1377,384.56696,-1703.4884,1120.0521,348.47583,-1637.5112,1094.7153,345.0293,-1637.5723,1071.5864,342.24432,-1637.5217,1357.5994,433.75305,-1441.9545,1064.2931,390.06436,-1140.6918,1209.9037,552.55664,-1604.7753,1090.6576,533.6039,-1515.3096,1581.813,989.6515,-1366.1487,866.7524,861.9698,-686.0441,1609.1359,1613.0629,-1181.9459,701.70715,1360.4694,-217.92757,1566.7068,2186.1047,-1410.1396,505.45898,1765.6587,-445.90344,1595.9028,2349.552,-1541.8032,424.48495,1898.7312,-515.95245,1514.9272,2346.3025,-1666.0242,441.38242,1908.8265,-701.26215,1494.5096,2284.956,-1455.8403,472.01657,1876.8129,-531.3528,1303.0857,1930.6168,-271.6876,969.08673,1862.0739,271.51862,897.2219,2412.5002,-526.7272,756.90704,2295.7588,363.16708,1001.5383,2750.9482,1029.8308,972.61,2538.2207,1892.3698,1050.1825,2798.1309,1183.1761,987.42145,2563.4346,2053.1055,865.27435,3091.1555,1168.756,804.8082,2794.1128,2159.6301
IMG_4616.JPG,1496.8817,645.1869,-1015.06793,1466.7994,593.87555,-955.02185,1459.3666,592.13873,-955.4128,1450.8616,589.9621,-955.7617,1464.3671,596.18176,-1113.0227,1456.3359,596.5299,-1113.2999,1447.3804,596.534,-1113.6635,1370.521,606.6917,-638.68585,1368.3031,618.1961,-1357.8031,1459.6759,710.99426,-884.0817,1458.5736,709.98865,-1093.2202,1198.531,885.77747,-34.608658,1248.6594,962.25977,-1697.8328,1212.0267,1291.2255,273.2632,1252.3501,1454.2727,-1839.2041,1269.0999,1623.0204,280.9325,1355.8625,1890.3892,-1732.1589,1295.721,1702.3961,314.83234,1370.4586,1988.3447,-1929.8208,1291.708,1704.6067,175.09787,1386.6545,1976.599,-1906.8611,1276.0054,1681.7047,219.77538,1373.9557,1945.1189,-1727.456,1189.5757,1560.4691,514.1599,1092.8649,1638.3035,-514.74817,1637.8542,1568.1846,1042.9149,1083.7881,2153.0461,-622.673,1362.0651,1963.1228,1663.6422,505.04037,2028.2383,341.91702,1348.2433,2016.1787,1723.6437,415.8251,1945.2452,455.79288,1530.6447,2075.525,1804.7191,476.57663,2200.7197,528.28094
IMG_4618.JPG,1365.9218,651.42114,-1163.4695,1336.5553,597.70667,-1093.5647,1331.5475,597.2054,-1093.9817,1325.7184,596.37213,-1094.2782,1331.6492,599.7257,-1256.5918,1323.7086,600.88513,-1257.039,1314.3978,601.5235,-1257.4828,1248.2959,617.1654,-727.38684,1236.384,628.45807,-1469.8859,1345.9734,711.8163,-1013.7236,1340.1151,710.8965,-1229.7966,1077.1324,922.46985,-82.76137,1167.2269,990.83716,-1760.194,1163.7279,1330.4891,148.67743,1189.9414,1515.0062,-1818.8116,1296.8213,1566.1091,51.578945,1279.5677,1933.8795,-1578.7483,1327.9243,1630.9404,68.465965,1270.9636,2041.1602,-1755.1335,1343.8796,1627.2446,-73.76724,1284.5969,2041.22,-1715.4297,1319.2672,1624.443,-13.139638,1282.5128,1996.0846,-1563.9104,1045.9313,1665.1499,508.01376,963.18414,1729.6398,-508.08664,1454.3422,1760.1504,1218.3408,990.6728,2308.5767,-589.3439,1187.3926,2179.7954,2125.034,365.854,2312.8362,40.157078,1113.8147,2244.4778,2211.1697,245.33603,2267.2708,107.41369,1364.7051,2270.019,2251.8806,385.6491,2570.9468,-35.607037
IMG_4619.JPG,1125.6326,454.12808,150.52559,1086.7148,387.91132,57.999756,1067.8716,386.4229,57.513638,1048.0916,384.78903,56.93278,1122.5206,390.49918,9.579433,1129.3655,390.9911,9.790931,1136.2108,390.65485,9.441958,999.8419,421.49448,-251.1485,1119.6307,420.57175,-463.11984,1103.1182,521.41034,68.79032,1135.2817,524.1322,9.235631,704.8242,810.78937,-9.001777,1228.582,848.69354,-844.7833,743.89343,1266.2014,55.460682,1314.6693,1385.9567,-783.1728,865.7791,1632.6393,184.13066,1355.5948,1826.3192,-388.6789,875.3111,1723.7556,228.51666,1363.1932,1929.2881,-406.85565,897.0471,1713.7782,185.03174,1356.7552,1923.454,-384.36328,899.0004,1688.844,167.68571,1342.0486,1888.9625,-377.59537,832.70825,1642.6456,309.64352,1042.9695,1705.0879,-308.17175,972.7106,2121.6772,832.1636,1130.4243,2276.1868,-38.74903,720.2821,2467.7542,1520.9861,593.2184,2519.8447,460.3091,731.0607,2564.785,1571.6484,450.33185,2514.5986,511.27426,795.15326,2593.7495,1570.2482,630.57935,2774.086,434.0082
IMG_4620.JPG,729.1328,514.22455,-1341.5903,787.2569,445.8628,-1452.6508,799.52,448.57413,-1452.8475,813.33984,451.41986,-1453.4843,776.7206,438.92682,-1254.3728,781.07324,436.8148,-1254.4153,786.2663,434.64023,-1254.676,941.8369,516.46497,-1715.6725,904.3428,488.59674,-841.0498,757.51483,606.9707,-1418.9166,742.1811,602.7368,-1165.3599,1009.1104,1077.5531,-2048.451,1007.0694,919.4492,-152.75372,896.81525,1734.7715,-1981.7509,955.244,1506.2281,4.739398,743.71405,2219.8613,-1539.9044,812.7546,1957.9581,-337.14774,709.16644,2387.861,-1754.2169,754.78156,2041.795,-427.616,656.807,2356.9307,-1784.8723,752.15796,2042.9749,-597.69244,716.8804,2284.743,-1540.5004,786.8832,2025.8435,-426.47037,1116.5802,1938.8102,-575.4345,1076.2053,1821.1295,575.4179,405.8071,1930.8645,90.43824,986.1677,2114.5059,1785.4446,659.784,2468.93,1571.3892,1593.9747,2189.1287,2673.9194,747.2053,2536.0256,1735.884,1708.4775,2103.2087,2787.838,372.29138,2593.0093,1979.8738,1583.3135,2385.0283,3032.7166
IMG_5230.JPG,1670.8052,464.76706,-341.88184,1658.0807,429.95972,-294.89032,1655.4948,428.79785,-295.17752,1652.5566,427.62787,-295.33768,1653.493,428.9361,-416.79517,1648.0208,427.09662,-416.81244,1641.3506,424.87506,-417.04694,1605.539,430.90927,-62.35059,1593.2141,429.30338,-619.73865,1652.3676,494.88333,-247.62329,1646.4464,493.2422,-409.7808,1547.1233,621.5872,305.6373,1505.6278,610.29254,-895.83844,1527.2263,889.5295,432.178,1466.93,896.0531,-1094.2645,1589.5283,1114.1378,222.8693,1497.4098,1185.533,-1123.0018,1616.2458,1161.2922,217.6497,1489.3317,1258.4414,-1258.539,1625.9377,1163.9556,106.89147,1515.1359,1260.6698,-1247.1318,1617.5962,1156.3217,166.39897,1523.6187,1234.141,-1118.8275,1569.5677,1118.4424,366.00836,1507.4043,1134.0868,-366.1539,1873.6719,1066.2288,647.1418,1390.2706,1459.8271,-451.2002,1769.578,1443.8666,1080.1812,982.0659,1437.2844,12.012289,1715.0103,1506.1884,1117.1552,918.71655,1400.143,64.99711,1913.5894,1505.6315,1087.4163,1008.83545,1568.7179,4.060217
IMG_5231.JPG,1528.7596,298.89832,-379.0236,1504.3192,260.57242,-328.752,1499.8536,260.01837,-329.00763,1495.298,259.39984,-329.10773,1502.9711,260.7443,-461.23676,1497.8126,260.39224,-461.22888,1492.317,260.08316,-461.40912,1448.9188,271.49997,-80.10862,1445.5134,275.04776,-690.4441,1510.4318,332.06705,-277.87595,1506.8376,330.38,-455.24442,1372.5509,491.24335,343.23538,1396.984,476.13797,-1001.4124,1393.7992,780.77295,474.04193,1392.4803,769.81824,-1214.8544,1464.9221,1023.36664,283.08197,1444.9392,1058.781,-1191.0371,1485.8677,1090.5239,286.10596,1437.137,1140.428,-1344.5967,1484.5067,1115.0677,165.3802,1465.4951,1143.1102,-1312.5383,1480.8301,1086.2858,223.51387,1474.239,1118.5847,-1178.7487,1466.6843,991.4319,422.75385,1423.7848,1009.1882,-423.2279,1793.5953,914.93115,792.945,1366.8282,1376.934,-512.7219,1718.5886,1295.6317,1307.5801,928.0034,1390.459,91.4513,1686.856,1364.9285,1353.3625,849.14764,1361.8895,158.92036,1883.5146,1325.6438,1331.9608,966.54974,1519.832,120.148285
IMG_5232.JPG,1627.1558,123.216034,-540.6537,1606.7937,85.62,-485.3386,1602.0991,84.967606,-485.57956,1596.7643,84.07811,-485.5292,1607.0289,85.88577,-628.9783,1602.8564,85.58861,-629.0559,1598.1671,85.00413,-629.37225,1541.8333,94.7396,-217.40552,1551.7834,97.79979,-876.38165,1611.267,164.1916,-431.0728,1608.8612,161.59782,-622.79614,1411.5629,326.72488,237.43326,1516.9968,303.32214,-1179.5569,1366.509,645.4814,378.66464,1529.7505,621.36127,-1406.2156,1362.4731,895.26587,285.3232,1580.1702,939.3966,-1411.7782,1346.8116,949.3833,293.42108,1579.8335,1012.6717,-1583.2915,1355.4569,957.92786,185.18927,1596.8456,1017.5752,-1538.5166,1368.2288,945.772,234.20567,1596.0995,989.29926,-1394.1515,1528.0345,854.61316,441.58102,1489.6538,863.7309,-442.5623,1836.654,786.9412,870.7436,1423.4642,1265.9124,-656.5675,1735.171,1195.1117,1524.6409,953.4338,1285.2765,-142.54404,1683.5475,1263.9908,1585.0995,886.4897,1257.3635,-84.91789,1883.497,1250.802,1558.2405,1009.265,1423.2767,-190.9262
IMG_5234.JPG,1790.596,54.273983,328.30136,1761.8765,15.362062,216.1545,1742.2372,17.945341,215.84145,1724.1658,21.015795,215.68117,1810.8038,11.263325,185.09732,1824.2047,10.966866,185.05763,1836.9552,9.925718,184.29851,1697.206,55.37792,-192.21875,1849.7732,29.290335,-331.05176,1769.4441,98.96143,206.00732,1817.4178,96.36505,167.41174,1541.6107,355.8537,-102.25441,1973.4884,317.40152,-731.7763,1477.968,760.67596,-165.85449,2001.6371,745.2081,-735.4073,1453.2577,1100.9202,-184.51453,2074.8604,1142.3564,-523.2309,1428.9171,1191.4648,-181.01271,2090.4092,1249.8785,-565.0974,1455.7871,1196.7826,-213.03772,2061.6868,1258.7561,-556.39685,1481.0459,1158.8545,-198.8236,2043.0554,1223.0162,-517.8832,1671.6768,990.7088,335.5197,1891.4762,1009.652,-336.20877,1813.5754,1326.9698,931.2719,1868.6881,1541.8809,-302.56897,1839.9949,1697.8947,1506.8192,1545.9011,1811.209,-97.68467,1825.5691,1769.4857,1544.6577,1460.6294,1809.7783,-82.54011,1936.5082,1746.3739,1474.645,1617.0211,1933.7103,-304.9312
IMG_5238.JPG,240.98784,22.042515,-663.88696,252.78517,-9.05962,-687.21606,260.84073,-11.1490555,-687.33185,269.5253,-13.088844,-687.57263,238.40056,-6.192392,-635.1064,235.99437,-5.9789577,-635.25256,233.41376,-5.844654,-635.4278,313.0791,-14.379628,-628.5687,268.91263,-7.6230555,-396.08505,266.58908,38.27876,-626.58374,248.29895,40.813004,-560.1175,446.79788,130.66725,-559.63495,245.56216,132.11987,-156.17888,450.82108,346.17117,-439.56314,224.49619,316.20663,-51.330353,406.81403,468.24344,-343.9909,284.96252,400.7472,-217.6469,412.27612,522.0682,-374.7425,322.63077,442.27255,-249.8123,403.43167,510.80804,-407.16058,315.39438,413.18564,-285.3622,400.8072,491.86478,-349.75708,316.14023,403.92865,-236.68663,451.20502,483.65707,-151.08476,350.45233,480.11218,151.0573,492.05304,759.003,-240.47328,425.18652,749.35925,160.34715,552.0933,1040.224,-74.35307,526.14044,1003.4084,424.9707,582.63684,1079.8322,-72.38051,523.5244,1026.1266,442.94608,514.6448,1117.5432,-351.23074,457.03387,1085.8992,229.50107
IMG_5527.JPG,1643.3783,397.79742,-1198.4062,1677.7561,359.19638,-1208.6176,1695.4503,359.0268,-1208.8948,1714.1171,359.62827,-1209.4099,1645.846,358.8966,-1117.8423,1640.3527,358.2877,-1117.9384,1635.3812,357.07053,-1118.0331,1765.8738,379.4749,-1064.7411,1677.5646,372.94525,-656.41296,1674.676,439.40628,-1131.3328,1643.0272,437.62646,-1014.3986,1898.7327,617.8579,-1058.697,1622.3562,553.5667,-149.44,1943.1064,927.8276,-1069.347,1640.4364,829.3811,83.63075,1969.0876,1200.3164,-1056.9102,1636.8907,1063.0162,-214.62132,1993.21,1262.9863,-1159.8036,1613.9214,1113.2401,-265.33417,1969.7395,1262.8704,-1211.0267,1615.9246,1122.5554,-368.5626,1956.0848,1240.3319,-1068.7063,1629.4694,1099.8225,-265.34137,1844.1671,1079.9984,-352.59534,1700.5491,1051.9713,352.74933,1500.3009,1260.1084,-805.55493,1789.4166,1296.8496,1066.7877,1591.935,1603.5612,-470.41876,2016.7251,1266.5793,2257.1614,1649.4119,1655.455,-445.03116,2054.9766,1240.423,2377.8635,1438.404,1727.0143,-733.4644,2013.3717,1379.2434,2322.3257
IMG_5528.JPG,1569.8102,391.66556,-965.9101,1593.8645,355.4099,-998.1143,1605.8035,355.13205,-998.3757,1619.5416,355.12833,-998.82684,1576.7573,354.9827,-893.01135,1575.0308,354.25168,-892.99585,1573.1492,353.36557,-892.98315,1677.811,374.26038,-958.01715,1618.8862,366.15897,-485.2189,1591.6166,428.6496,-937.6883,1574.5623,427.3909,-801.77844,1793.6499,592.164,-1027.0981,1589.8885,539.434,-10.824219,1834.9518,877.3627,-1084.554,1621.0432,810.3526,201.65128,1861.1447,1130.5774,-1011.15625,1635.4573,1001.29095,-95.60235,1879.9541,1204.6686,-1115.6184,1633.9299,1058.5775,-143.21301,1849.0682,1199.387,-1142.8557,1635.4733,1052.3737,-241.60118,1835.5023,1176.0627,-1010.9287,1643.2067,1033.6796,-146.30734,1756.9862,1042.5693,-361.1782,1642.8673,1018.3348,361.41656,1411.1653,1184.3365,-727.7119,1771.1664,1275.7789,1080.0958,1491.2383,1515.8679,-471.84256,2025.5168,1251.7728,2086.3306,1549.0215,1570.8441,-452.89624,2080.2417,1220.0592,2191.3652,1343.399,1609.7201,-731.81335,1994.8872,1330.2623,2142.844
IMG_5529.JPG,2021.2758,379.05933,-691.9377,2039.9111,346.4312,-758.92645,2046.8231,346.16202,-759.0748,2054.6733,345.69342,-759.3711,2033.8704,344.63617,-644.45026,2036.1017,343.14166,-644.3836,2038.6877,341.15952,-644.396,2108.4705,354.86197,-886.0451,2086.3818,348.6355,-368.24228,2042.1118,406.47034,-723.1077,2032.284,405.1774,-573.65753,2220.302,536.5578,-1043.0654,2063.2317,496.0578,8.734053,2218.8074,795.5916,-1146.4268,2100.1775,730.0625,156.7491,2178.3203,1004.3016,-979.13916,2070.5056,933.5165,-89.8256,2180.889,1074.9683,-1082.5856,2055.3564,979.501,-128.90808,2148.3264,1067.3928,-1089.9115,2059.6719,983.84534,-224.05696,2142.2263,1046.6499,-972.98987,2066.8572,968.75635,-140.33763,2186.8499,945.894,-352.39163,2081.9622,926.17554,352.8844,1871.5208,1043.7153,-440.77625,2145.593,1126.4109,889.73236,1910.8542,1321.5906,-128.15999,2460.1885,1165.1771,1363.0364,1960.0869,1372.4106,-100.887,2517.5522,1157.7006,1412.848,1778.2177,1386.6931,-228.25372,2414.1792,1263.9148,1414.2361
IMG_5530 copy 2.JPG,1691.8309,203.61589,-1168.9524,1727.4464,158.61353,-1177.6232,1750.5851,156.3313,-1177.5571,1774.7235,154.68213,-1177.7217,1688.0883,162.4823,-1077.2606,1680.4537,163.24504,-1077.595,1672.314,163.82545,-1077.8845,1834.1614,180.40439,-1089.3333,1709.2977,187.05725,-638.51373,1736.3705,259.83887,-1129.4453,1691.0317,259.18045,-999.57837,2035.6968,470.27014,-1191.0957,1651.5309,479.543,-228.59119,2083.263,896.9322,-1268.8174,1689.1,833.197,-159.9434,2062.3972,1240.3501,-1254.7128,1669.752,1141.8065,-506.4621,2088.9944,1332.5215,-1394.8976,1647.6323,1236.1324,-591.1071,2037.5878,1329.8721,-1436.8752,1671.719,1247.1576,-694.4402,2021.6239,1298.7104,-1264.7567,1684.7854,1217.7916,-560.92926,2053.6128,1040.4093,-414.89035,1875.1743,1032.2174,414.22473,1696.6901,1297.4802,-884.34515,2000.0887,1338.7283,1181.5559,1817.4602,1761.3302,-613.9586,2188.665,1267.9242,2626.8052,1879.8052,1817.0017,-600.23975,2225.0435,1180.5737,2776.507,1635.5387,1947.6156,-905.2903,2171.5723,1374.7222,2811.0566
IMG_5530 copy 3.JPG,1691.8309,203.61589,-1168.9524,1727.4464,158.61353,-1177.6232,1750.5851,156.3313,-1177.5571,1774.7235,154.68213,-1177.7217,1688.0883,162.4823,-1077.2606,1680.4537,163.24504,-1077.595,1672.314,163.82545,-1077.8845,1834.1614,180.40439,-1089.3333,1709.2977,187.05725,-638.51373,1736.3705,259.83887,-1129.4453,1691.0317,259.18045,-999.57837,2035.6968,470.27014,-1191.0957,1651.5309,479.543,-228.59119,2083.263,896.9322,-1268.8174,1689.1,833.197,-159.9434,2062.3972,1240.3501,-1254.7128,1669.752,1141.8065,-506.4621,2088.9944,1332.5215,-1394.8976,1647.6323,1236.1324,-591.1071,2037.5878,1329.8721,-1436.8752,1671.719,1247.1576,-694.4402,2021.6239,1298.7104,-1264.7567,1684.7854,1217.7916,-560.92926,2053.6128,1040.4093,-414.89035,1875.1743,1032.2174,414.22473,1696.6901,1297.4802,-884.34515,2000.0887,1338.7283,1181.5559,1817.4602,1761.3302,-613.9586,2188.665,1267.9242,2626.8052,1879.8052,1817.0017,-600.23975,2225.0435,1180.5737,2776.507,1635.5387,1947.6156,-905.2903,2171.5723,1374.7222,2811.0566
IMG_5530 copy 4.JPG,1691.8309,203.61589,-1168.9524,1727.4464,158.61353,-1177.6232,1750.5851,156.3313,-1177.5571,1774.7235,154.68213,-1177.7217,1688.0883,162.4823,-1077.2606,1680.4537,163.24504,-1077.595,1672.314,163.82545,-1077.8845,1834.1614,180.40439,-1089.3333,1709.2977,187.05725,-638.51373,1736.3705,259.83887,-1129.4453,1691.0317,259.18045,-999.57837,2035.6968,470.27014,-1191.0957,1651.5309,479.543,-228.59119,2083.263,896.9322,-1268.8174,1689.1,833.197,-159.9434,2062.3972,1240.3501,-1254.7128,1669.752,1141.8065,-506.4621,2088.9944,1332.5215,-1394.8976,1647.6323,1236.1324,-591.1071,2037.5878,1329.8721,-1436.8752,1671.719,1247.1576,-694.4402,2021.6239,1298.7104,-1264.7567,1684.7854,1217.7916,-560.92926,2053.6128,1040.4093,-414.89035,1875.1743,1032.2174,414.22473,1696.6901,1297.4802,-884.34515,2000.0887,1338.7283,1181.5559,1817.4602,1761.3302,-613.9586,2188.665,1267.9242,2626.8052,1879.8052,1817.0017,-600.23975,2225.0435,1180.5737,2776.507,1635.5387,1947.6156,-905.2903,2171.5723,1374.7222,2811.0566
IMG_5530 copy 5.JPG,1691.8309,203.61589,-1168.9524,1727.4464,158.61353,-1177.6232,1750.5851,156.3313,-1177.5571,1774.7235,154.68213,-1177.7217,1688.0883,162.4823,-1077.2606,1680.4537,163.24504,-1077.595,1672.314,163.82545,-1077.8845,1834.1614,180.40439,-1089.3333,1709.2977,187.05725,-638.51373,1736.3705,259.83887,-1129.4453,1691.0317,259.18045,-999.57837,2035.6968,470.27014,-1191.0957,1651.5309,479.543,-228.59119,2083.263,896.9322,-1268.8174,1689.1,833.197,-159.9434,2062.3972,1240.3501,-1254.7128,1669.752,1141.8065,-506.4621,2088.9944,1332.5215,-1394.8976,1647.6323,1236.1324,-591.1071,2037.5878,1329.8721,-1436.8752,1671.719,1247.1576,-694.4402,2021.6239,1298.7104,-1264.7567,1684.7854,1217.7916,-560.92926,2053.6128,1040.4093,-414.89035,1875.1743,1032.2174,414.22473,1696.6901,1297.4802,-884.34515,2000.0887,1338.7283,1181.5559,1817.4602,1761.3302,-613.9586,2188.665,1267.9242,2626.8052,1879.8052,1817.0017,-600.23975,2225.0435,1180.5737,2776.507,1635.5387,1947.6156,-905.2903,2171.5723,1374.7222,2811.0566
IMG_5530 copy.JPG,1691.8309,203.61589,-1168.9524,1727.4464,158.61353,-1177.6232,1750.5851,156.3313,-1177.5571,1774.7235,154.68213,-1177.7217,1688.0883,162.4823,-1077.2606,1680.4537,163.24504,-1077.595,1672.314,163.82545,-1077.8845,1834.1614,180.40439,-1089.3333,1709.2977,187.05725,-638.51373,1736.3705,259.83887,-1129.4453,1691.0317,259.18045,-999.57837,2035.6968,470.27014,-1191.0957,1651.5309,479.543,-228.59119,2083.263,896.9322,-1268.8174,1689.1,833.197,-159.9434,2062.3972,1240.3501,-1254.7128,1669.752,1141.8065,-506.4621,2088.9944,1332.5215,-1394.8976,1647.6323,1236.1324,-591.1071,2037.5878,1329.8721,-1436.8752,1671.719,1247.1576,-694.4402,2021.6239,1298.7104,-1264.7567,1684.7854,1217.7916,-560.92926,2053.6128,1040.4093,-414.89035,1875.1743,1032.2174,414.22473,1696.6901,1297.4802,-884.34515,2000.0887,1338.7283,1181.5559,1817.4602,1761.3302,-613.9586,2188.665,1267.9242,2626.8052,1879.8052,1817.0017,-600.23975,2225.0435,1180.5737,2776.507,1635.5387,1947.6156,-905.2903,2171.5723,1374.7222,2811.0566
IMG_5530.JPG,1691.8309,203.61589,-1168.9524,1727.4464,158.61353,-1177.6232,1750.5851,156.3313,-1177.5571,1774.7235,154.68213,-1177.7217,1688.0883,162.4823,-1077.2606,1680.4537,163.24504,-1077.595,1672.314,163.82545,-1077.8845,1834.1614,180.40439,-1089.3333,1709.2977,187.05725,-638.51373,1736.3705,259.83887,-1129.4453,1691.0317,259.18045,-999.57837,2035.6968,470.27014,-1191.0957,1651.5309,479.543,-228.59119,2083.263,896.9322,-1268.8174,1689.1,833.197,-159.9434,2062.3972,1240.3501,-1254.7128,1669.752,1141.8065,-506.4621,2088.9944,1332.5215,-1394.8976,1647.6323,1236.1324,-591.1071,2037.5878,1329.8721,-1436.8752,1671.719,1247.1576,-694.4402,2021.6239,1298.7104,-1264.7567,1684.7854,1217.7916,-560.92926,2053.6128,1040.4093,-414.89035,1875.1743,1032.2174,414.22473,1696.6901,1297.4802,-884.34515,2000.0887,1338.7283,1181.5559,1817.4602,1761.3302,-613.9586,2188.665,1267.9242,2626.8052,1879.8052,1817.0017,-600.23975,2225.0435,1180.5737,2776.507,1635.5387,1947.6156,-905.2903,2171.5723,1374.7222,2811.0566
IMG_5531.JPG,1388.6888,328.8561,-77.500755,1412.9629,288.16772,-180.08994,1418.7306,289.33963,-179.98111,1424.6315,290.81042,-179.95045,1416.5463,285.68246,-62.023254,1425.0134,284.90018,-61.959396,1434.1561,284.0281,-62.00831,1478.8495,314.14957,-518.8092,1504.4353,305.0275,-12.321571,1414.5992,371.93484,-187.02908,1419.9722,369.29822,-40.086823,1512.2325,646.9185,-950.2374,1687.0989,557.45337,359.93237,1484.818,1082.1926,-1152.4664,1892.1887,719.61694,816.8911,1420.6309,1409.2542,-1001.2794,1999.0826,747.22424,1272.7615,1413.0773,1501.5203,-1108.1799,2044.7257,729.4452,1337.0865,1390.7086,1502.1792,-1110.2119,2025.398,708.05457,1332.6757,1392.5773,1475.4797,-991.9682,2005.631,728.3134,1274.9829,1783.4788,1265.165,-448.81442,1894.3304,1244.8257,447.12686,1297.3174,1314.5702,17.966667,2022.8823,1687.6337,667.6817,1448.6718,1806.2363,729.1651,2538.7776,1663.2828,1200.9664,1517.0394,1883.649,802.72974,2650.6694,1660.2065,1267.0123,1237.1744,1847.3088,844.0544,2504.787,1813.8131,1281.3016
IMG_5532.JPG,1389.4448,101.96379,109.57252,1409.2325,62.92323,-13.470072,1413.2463,64.76395,-13.640399,1417.5939,67.00438,-13.786302,1416.2397,59.02872,125.19195,1425.2021,58.07349,125.05846,1434.8387,57.52695,124.81606,1475.5173,95.067986,-369.24307,1508.0946,86.58208,232.0618,1412.2832,152.31299,2.7983136,1418.6796,149.7106,175.97589,1450.7627,406.31888,-845.02277,1692.5842,323.7285,733.27893,1455.8284,784.3248,-907.61383,1637.2739,620.73444,1281.6158,1319.3479,988.94617,-364.31177,1416.3652,722.93036,1725.5208,1301.1292,1055.6449,-406.6025,1370.5438,731.5584,1845.3905,1289.8635,1041.4436,-371.37744,1337.4751,724.5853,1742.4467,1302.8225,1018.92377,-329.07535,1346.803,730.9427,1688.7834,1757.8732,1069.6056,-478.03055,1896.0621,1054.772,477.3278,1302.6211,1070.1226,271.94034,2012.6323,1545.332,503.42825,1422.4897,1573.7855,1181.7396,2548.626,1709.5211,542.51483,1483.0427,1655.3706,1280.2229,2664.0034,1738.0181,552.06885,1214.6588,1597.0344,1391.155,2459.5813,1835.9769,500.9625
IMG_5533.JPG,957.82043,127.30674,855.8656,943.28827,100.07699,725.0819,934.9809,104.665085,724.95276,926.8622,110.16156,724.6941,977.7729,94.12031,801.4973,996.86743,93.96895,801.65436,1012.56836,94.541626,801.6152,940.519,142.23769,217.87202,1052.4263,122.67221,547.92096,952.94806,169.87549,692.7613,991.70135,162.42542,787.52496,866.3035,419.3204,-280.32974,1255.9589,339.44153,732.9312,924.0123,835.35376,-337.25583,1298.3988,612.30255,1273.3862,967.2651,1214.501,126.43055,1150.5817,522.8498,2032.6617,969.7086,1277.0922,135.98663,1123.5264,491.21405,2207.7522,988.7231,1296.0916,170.17381,1071.1642,489.5727,2180.4797,992.52106,1265.2394,161.50195,1074.4987,510.89313,2039.894,1149.703,997.44415,-266.3188,1372.4387,974.93146,264.15204,885.3813,1140.0283,787.1695,1479.9324,1459.0931,495.82706,1027.0637,1483.9232,935.8775,1910.9266,1693.0442,-344.61343,1078.844,1546.7286,967.8394,2006.0773,1733.3478,-426.96323,943.7855,1550.2644,1135.6171,1894.8235,1829.4594,-528.4744
IMG_5534.JPG,1399.9158,386.125,148.42049,1404.4066,360.04828,82.030014,1405.4515,360.13663,81.976234,1406.4939,360.37814,81.931206,1408.4856,357.49857,154.67062,1412.6589,355.68707,154.73007,1417.3733,353.78482,154.6147,1433.8976,369.88507,-137.82301,1454.8887,360.8178,180.12358,1412.7112,409.9336,77.61718,1417.8768,406.52618,169.59709,1437.0614,517.983,-431.28552,1581.732,452.94937,396.22223,1422.4248,723.6241,-507.78036,1605.3994,645.08435,593.9835,1376.3562,903.45795,-249.97403,1528.6211,742.39764,683.35443,1371.2389,953.0141,-288.31638,1511.6201,768.13477,723.2795,1363.0156,951.87427,-263.31354,1495.8679,766.5752,669.81415,1367.0469,935.03503,-228.91486,1494.3969,748.4595,659.7562,1539.0833,844.1081,-238.4588,1643.7725,827.3979,237.7152,1316.015,893.1898,85.71377,1700.6676,1052.0267,372.28925,1374.3647,1138.4478,432.1598,1938.4684,1160.7694,442.54507,1401.5314,1181.0776,474.55045,1991.0581,1172.9224,456.4705,1286.1149,1149.948,511.51584,1889.8065,1231.5546,439.05142
IMG_5536.JPG,1499.0044,149.68546,274.05286,1474.183,106.57714,228.8963,1461.0631,106.8248,228.67662,1447.4781,107.626076,228.40248,1499.5674,106.14012,140.75703,1504.4637,105.95189,140.81598,1509.3389,106.40442,140.32172,1402.5253,127.58721,103.77505,1493.437,131.7669,-289.84766,1477.9199,182.38538,257.255,1501.3339,186.39684,143.05058,1223.1416,347.71915,416.0814,1557.6237,370.09036,-743.4166,1290.8795,629.46356,706.305,1564.7682,715.75995,-744.2612,1402.3531,767.25104,890.3617,1545.5415,1045.3193,-459.9831,1405.356,801.95874,992.4495,1582.1006,1170.5652,-500.77853,1443.3397,796.7359,916.45984,1542.0413,1129.9587,-468.38968,1453.2809,789.7146,865.4586,1564.471,1143.6227,-440.8865,1201.6057,934.55505,425.7054,1385.3811,972.4314,-426.1233,1328.5475,1082.6106,1397.2305,1329.3638,1495.7261,-152.61256,1437.6299,1348.1084,2196.014,999.0442,1824.9249,105.681435,1450.2472,1387.4122,2266.257,885.4053,1867.2917,130.898,1566.4076,1322.3192,2303.3296,1100.5231,1970.7748,-77.39013
IMG_5537 copy 2.JPG,1722.6632,109.57289,187.94249,1702.9557,77.36352,170.61249,1694.3088,77.32304,170.37189,1684.9908,77.48307,170.15735,1717.1843,77.28415,77.70254,1718.7806,77.09969,77.75287,1719.766,77.08039,77.3078,1638.0105,96.08636,125.14012,1690.9686,96.03213,-287.5258,1699.4832,140.9218,190.99207,1714.1813,140.2026,70.3128,1484.3445,278.79834,443.40665,1726.5646,319.07956,-707.38983,1493.7302,531.52893,578.4717,1712.2681,634.4903,-780.7637,1551.7578,682.2886,572.6543,1692.5197,945.54,-612.6014,1545.7064,722.4621,632.97174,1684.1912,1024.468,-686.6661,1574.3298,720.09094,561.02466,1679.1581,1032.0651,-645.29114,1582.9214,708.8984,542.4,1670.8206,1002.0683,-594.3779,1430.5808,773.80884,412.1835,1537.5901,816.7516,-412.5851,1718.6937,869.84125,934.8371,1432.2711,1270.5577,-486.56454,1674.111,1198.3188,1552.9469,1030.6764,1482.1378,-394.994,1653.5876,1275.4366,1602.2816,937.48035,1486.9127,-389.92923,1806.303,1214.239,1578.5328,1145.2504,1628.8904,-639.45044
IMG_5537 copy 3.JPG,1722.6632,109.57289,187.94249,1702.9557,77.36352,170.61249,1694.3088,77.32304,170.37189,1684.9908,77.48307,170.15735,1717.1843,77.28415,77.70254,1718.7806,77.09969,77.75287,1719.766,77.08039,77.3078,1638.0105,96.08636,125.14012,1690.9686,96.03213,-287.5258,1699.4832,140.9218,190.99207,1714.1813,140.2026,70.3128,1484.3445,278.79834,443.40665,1726.5646,319.07956,-707.38983,1493.7302,531.52893,578.4717,1712.2681,634.4903,-780.7637,1551.7578,682.2886,572.6543,1692.5197,945.54,-612.6014,1545.7064,722.4621,632.97174,1684.1912,1024.468,-686.6661,1574.3298,720.09094,561.02466,1679.1581,1032.0651,-645.29114,1582.9214,708.8984,542.4,1670.8206,1002.0683,-594.3779,1430.5808,773.80884,412.1835,1537.5901,816.7516,-412.5851,1718.6937,869.84125,934.8371,1432.2711,1270.5577,-486.56454,1674.111,1198.3188,1552.9469,1030.6764,1482.1378,-394.994,1653.5876,1275.4366,1602.2816,937.48035,1486.9127,-389.92923,1806.303,1214.239,1578.5328,1145.2504,1628.8904,-639.45044
IMG_5537 copy 4.JPG,1722.6632,109.57289,187.94249,1702.9557,77.36352,170.61249,1694.3088,77.32304,170.37189,1684.9908,77.48307,170.15735,1717.1843,77.28415,77.70254,1718.7806,77.09969,77.75287,1719.766,77.08039,77.3078,1638.0105,96.08636,125.14012,1690.9686,96.03213,-287.5258,1699.4832,140.9218,190.99207,1714.1813,140.2026,70.3128,1484.3445,278.79834,443.40665,1726.5646,319.07956,-707.38983,1493.7302,531.52893,578.4717,1712.2681,634.4903,-780.7637,1551.7578,682.2886,572.6543,1692.5197,945.54,-612.6014,1545.7064,722.4621,632.97174,1684.1912,1024.468,-686.6661,1574.3298,720.09094,561.02466,1679.1581,1032.0651,-645.29114,1582.9214,708.8984,542.4,1670.8206,1002.0683,-594.3779,1430.5808,773.80884,412.1835,1537.5901,816.7516,-412.5851,1718.6937,869.84125,934.8371,1432.2711,1270.5577,-486.56454,1674.111,1198.3188,1552.9469,1030.6764,1482.1378,-394.994,1653.5876,1275.4366,1602.2816,937.48035,1486.9127,-389.92923,1806.303,1214.239,1578.5328,1145.2504,1628.8904,-639.45044
IMG_5537 copy 5.JPG,1722.6632,109.57289,187.94249,1702.9557,77.36352,170.61249,1694.3088,77.32304,170.37189,1684.9908,77.48307,170.15735,1717.1843,77.28415,77.70254,1718.7806,77.09969,77.75287,1719.766,77.08039,77.3078,1638.0105,96.08636,125.14012,1690.9686,96.03213,-287.5258,1699.4832,140.9218,190.99207,1714.1813,140.2026,70.3128,1484.3445,278.79834,443.40665,1726.5646,319.07956,-707.38983,1493.7302,531.52893,578.4717,1712.2681,634.4903,-780.7637,1551.7578,682.2886,572.6543,1692.5197,945.54,-612.6014,1545.7064,722.4621,632.97174,1684.1912,1024.468,-686.6661,1574.3298,720.09094,561.02466,1679.1581,1032.0651,-645.29114,1582.9214,708.8984,542.4,1670.8206,1002.0683,-594.3779,1430.5808,773.80884,412.1835,1537.5901,816.7516,-412.5851,1718.6937,869.84125,934.8371,1432.2711,1270.5577,-486.56454,1674.111,1198.3188,1552.9469,1030.6764,1482.1378,-394.994,1653.5876,1275.4366,1602.2816,937.48035,1486.9127,-389.92923,1806.303,1214.239,1578.5328,1145.2504,1628.8904,-639.45044
IMG_5537 copy.JPG,1722.6632,109.57289,187.94249,1702.9557,77.36352,170.61249,1694.3088,77.32304,170.37189,1684.9908,77.48307,170.15735,1717.1843,77.28415,77.70254,1718.7806,77.09969,77.75287,1719.766,77.08039,77.3078,1638.0105,96.08636,125.14012,1690.9686,96.03213,-287.5258,1699.4832,140.9218,190.99207,1714.1813,140.2026,70.3128,1484.3445,278.79834,443.40665,1726.5646,319.07956,-707.38983,1493.7302,531.52893,578.4717,1712.2681,634.4903,-780.7637,1551.7578,682.2886,572.6543,1692.5197,945.54,-612.6014,1545.7064,722.4621,632.97174,1684.1912,1024.468,-686.6661,1574.3298,720.09094,561.02466,1679.1581,1032.0651,-645.29114,1582.9214,708.8984,542.4,1670.8206,1002.0683,-594.3779,1430.5808,773.80884,412.1835,1537.5901,816.7516,-412.5851,1718.6937,869.84125,934.8371,1432.2711,1270.5577,-486.56454,1674.111,1198.3188,1552.9469,1030.6764,1482.1378,-394.994,1653.5876,1275.4366,1602.2816,937.48035,1486.9127,-389.92923,1806.303,1214.239,1578.5328,1145.2504,1628.8904,-639.45044
IMG_5537.JPG,1722.6632,109.57289,187.94249,1702.9557,77.36352,170.61249,1694.3088,77.32304,170.37189,1684.9908,77.48307,170.15735,1717.1843,77.28415,77.70254,1718.7806,77.09969,77.75287,1719.766,77.08039,77.3078,1638.0105,96.08636,125.14012,1690.9686,96.03213,-287.5258,1699.4832,140.9218,190.99207,1714.1813,140.2026,70.3128,1484.3445,278.79834,443.40665,1726.5646,319.07956,-707.38983,1493.7302,531.52893,578.4717,1712.2681,634.4903,-780.7637,1551.7578,682.2886,572.6543,1692.5197,945.54,-612.6014,1545.7064,722.4621,632.97174,1684.1912,1024.468,-686.6661,1574.3298,720.09094,561.02466,1679.1581,1032.0651,-645.29114,1582.9214,708.8984,542.4,1670.8206,1002.0683,-594.3779,1430.5808,773.80884,412.1835,1537.5901,816.7516,-412.5851,1718.6937,869.84125,934.8371,1432.2711,1270.5577,-486.56454,1674.111,1198.3188,1552.9469,1030.6764,1482.1378,-394.994,1653.5876,1275.4366,1602.2816,937.48035,1486.9127,-389.92923,1806.303,1214.239,1578.5328,1145.2504,1628.8904,-639.45044
IMG_5538 copy 2.JPG,2110.9456,385.09644,177.07097,2088.8267,356.48126,167.29095,2080.8447,356.03864,167.11394,2072.1643,355.75552,166.88121,2099.1018,358.34064,78.219406,2099.4353,359.16428,78.30964,2099.3894,360.079,77.85015,2025.266,378.02655,139.07222,2067.2793,380.9237,-257.06418,2093.5771,417.94888,181.45122,2102.1602,418.44272,64.866714,1894.0616,537.9036,452.88763,2084.124,599.6286,-666.89795,1879.3528,733.2872,864.9696,2100.234,883.625,-749.94525,1950.8822,781.57086,1244.02,2135.9863,1121.3054,-602.80066,1951.0466,802.0208,1370.4547,2149.041,1190.4833,-665.2027,1978.7802,796.44025,1306.7375,2147.1777,1195.8531,-646.22595,1987.507,792.70135,1230.7098,2140.509,1172.6545,-591.43024,1823.0212,1000.14874,400.19644,1904.3528,1046.8129,-401.14453,2111.9543,1022.7525,777.85767,1799.5891,1429.0547,-493.40283,2072.756,1386.5078,1269.2241,1426.6311,1572.5266,-301.24445,2037.2743,1455.161,1307.6136,1350.8585,1577.7329,-280.96118,2194.9521,1412.1823,1289.7988,1507.6398,1719.6798,-472.43668
IMG_5538 copy 3.JPG,2110.9456,385.09644,177.07097,2088.8267,356.48126,167.29095,2080.8447,356.03864,167.11394,2072.1643,355.75552,166.88121,2099.1018,358.34064,78.219406,2099.4353,359.16428,78.30964,2099.3894,360.079,77.85015,2025.266,378.02655,139.07222,2067.2793,380.9237,-257.06418,2093.5771,417.94888,181.45122,2102.1602,418.44272,64.866714,1894.0616,537.9036,452.88763,2084.124,599.6286,-666.89795,1879.3528,733.2872,864.9696,2100.234,883.625,-749.94525,1950.8822,781.57086,1244.02,2135.9863,1121.3054,-602.80066,1951.0466,802.0208,1370.4547,2149.041,1190.4833,-665.2027,1978.7802,796.44025,1306.7375,2147.1777,1195.8531,-646.22595,1987.507,792.70135,1230.7098,2140.509,1172.6545,-591.43024,1823.0212,1000.14874,400.19644,1904.3528,1046.8129,-401.14453,2111.9543,1022.7525,777.85767,1799.5891,1429.0547,-493.40283,2072.756,1386.5078,1269.2241,1426.6311,1572.5266,-301.24445,2037.2743,1455.161,1307.6136,1350.8585,1577.7329,-280.96118,2194.9521,1412.1823,1289.7988,1507.6398,1719.6798,-472.43668
IMG_5538 copy 4.JPG,2110.9456,385.09644,177.07097,2088.8267,356.48126,167.29095,2080.8447,356.03864,167.11394,2072.1643,355.75552,166.88121,2099.1018,358.34064,78.219406,2099.4353,359.16428,78.30964,2099.3894,360.079,77.85015,2025.266,378.02655,139.07222,2067.2793,380.9237,-257.06418,2093.5771,417.94888,181.45122,2102.1602,418.44272,64.866714,1894.0616,537.9036,452.88763,2084.124,599.6286,-666.89795,1879.3528,733.2872,864.9696,2100.234,883.625,-749.94525,1950.8822,781.57086,1244.02,2135.9863,1121.3054,-602.80066,1951.0466,802.0208,1370.4547,2149.041,1190.4833,-665.2027,1978.7802,796.44025,1306.7375,2147.1777,1195.8531,-646.22595,1987.507,792.70135,1230.7098,2140.509,1172.6545,-591.43024,1823.0212,1000.14874,400.19644,1904.3528,1046.8129,-401.14453,2111.9543,1022.7525,777.85767,1799.5891,1429.0547,-493.40283,2072.756,1386.5078,1269.2241,1426.6311,1572.5266,-301.24445,2037.2743,1455.161,1307.6136,1350.8585,1577.7329,-280.96118,2194.9521,1412.1823,1289.7988,1507.6398,1719.6798,-472.43668
IMG_5538 copy 5.JPG,2110.9456,385.09644,177.07097,2088.8267,356.48126,167.29095,2080.8447,356.03864,167.11394,2072.1643,355.75552,166.88121,2099.1018,358.34064,78.219406,2099.4353,359.16428,78.30964,2099.3894,360.079,77.85015,2025.266,378.02655,139.07222,2067.2793,380.9237,-257.06418,2093.5771,417.94888,181.45122,2102.1602,418.44272,64.866714,1894.0616,537.9036,452.88763,2084.124,599.6286,-666.89795,1879.3528,733.2872,864.9696,2100.234,883.625,-749.94525,1950.8822,781.57086,1244.02,2135.9863,1121.3054,-602.80066,1951.0466,802.0208,1370.4547,2149.041,1190.4833,-665.2027,1978.7802,796.44025,1306.7375,2147.1777,1195.8531,-646.22595,1987.507,792.70135,1230.7098,2140.509,1172.6545,-591.43024,1823.0212,1000.14874,400.19644,1904.3528,1046.8129,-401.14453,2111.9543,1022.7525,777.85767,1799.5891,1429.0547,-493.40283,2072.756,1386.5078,1269.2241,1426.6311,1572.5266,-301.24445,2037.2743,1455.161,1307.6136,1350.8585,1577.7329,-280.96118,2194.9521,1412.1823,1289.7988,1507.6398,1719.6798,-472.43668
IMG_5538 copy.JPG,2110.9456,385.09644,177.07097,2088.8267,356.48126,167.29095,2080.8447,356.03864,167.11394,2072.1643,355.75552,166.88121,2099.1018,358.34064,78.219406,2099.4353,359.16428,78.30964,2099.3894,360.079,77.85015,2025.266,378.02655,139.07222,2067.2793,380.9237,-257.06418,2093.5771,417.94888,181.45122,2102.1602,418.44272,64.866714,1894.0616,537.9036,452.88763,2084.124,599.6286,-666.89795,1879.3528,733.2872,864.9696,2100.234,883.625,-749.94525,1950.8822,781.57086,1244.02,2135.9863,1121.3054,-602.80066,1951.0466,802.0208,1370.4547,2149.041,1190.4833,-665.2027,1978.7802,796.44025,1306.7375,2147.1777,1195.8531,-646.22595,1987.507,792.70135,1230.7098,2140.509,1172.6545,-591.43024,1823.0212,1000.14874,400.19644,1904.3528,1046.8129,-401.14453,2111.9543,1022.7525,777.85767,1799.5891,1429.0547,-493.40283,2072.756,1386.5078,1269.2241,1426.6311,1572.5266,-301.24445,2037.2743,1455.161,1307.6136,1350.8585,1577.7329,-280.96118,2194.9521,1412.1823,1289.7988,1507.6398,1719.6798,-472.43668
IMG_5538.JPG,2110.9456,385.09644,177.07097,2088.8267,356.48126,167.29095,2080.8447,356.03864,167.11394,2072.1643,355.75552,166.88121,2099.1018,358.34064,78.219406,2099.4353,359.16428,78.30964,2099.3894,360.079,77.85015,2025.266,378.02655,139.07222,2067.2793,380.9237,-257.06418,2093.5771,417.94888,181.45122,2102.1602,418.44272,64.866714,1894.0616,537.9036,452.88763,2084.124,599.6286,-666.89795,1879.3528,733.2872,864.9696,2100.234,883.625,-749.94525,1950.8822,781.57086,1244.02,2135.9863,1121.3054,-602.80066,1951.0466,802.0208,1370.4547,2149.041,1190.4833,-665.2027,1978.7802,796.44025,1306.7375,2147.1777,1195.8531,-646.22595,1987.507,792.70135,1230.7098,2140.509,1172.6545,-591.43024,1823.0212,1000.14874,400.19644,1904.3528,1046.8129,-401.14453,2111.9543,1022.7525,777.85767,1799.5891,1429.0547,-493.40283,2072.756,1386.5078,1269.2241,1426.6311,1572.5266,-301.24445,2037.2743,1455.161,1307.6136,1350.8585,1577.7329,-280.96118,2194.9521,1412.1823,1289.7988,1507.6398,1719.6798,-472.43668
IMG_5539.JPG,2078.053,108.013824,379.7948,2046.273,57.62119,302.11035,2023.5826,58.424767,301.85855,2000.5868,59.919693,301.34512,2093.7983,58.91902,271.27762,2105.192,59.772053,271.3442,2115.5547,60.25734,271.01447,1957.4863,90.89278,13.185751,2109.9424,94.809235,-121.28678,2042.0209,155.08238,297.26215,2090.5046,153.72418,259.3829,1765.4634,393.30884,121.7005,2192.0188,387.63156,-481.2031,1736.6117,695.4969,264.85312,2235.6033,784.5659,-423.43735,1831.2606,897.14996,512.58154,2326.9575,1113.1241,-100.98898,1847.8606,942.3218,582.58044,2350.3289,1210.2766,-88.0021,1860.1116,942.1551,564.61597,2343.1436,1212.7714,-59.848614,1862.8292,934.2285,515.163,2330.0703,1176.157,-82.242134,1824.6753,1004.6502,249.13533,2036.6501,1037.5354,-249.37025,1872.597,1217.6493,934.56036,1945.9097,1522.7595,-98.38177,1989.2345,1468.9197,1545.8146,1502.2941,1855.0477,52.139393,1975.4895,1547.1266,1597.7268,1401.7969,1884.2075,73.24133,2138.0845,1395.7009,1713.9313,1612.449,1944.139,30.50711
IMG_5540.JPG,1831.6919,365.69232,-1634.445,1823.388,310.23688,-1556.7634,1830.3823,307.6202,-1556.7766,1837.3315,304.9706,-1557.2471,1786.5656,316.15674,-1638.8762,1765.6438,318.76303,-1639.2413,1741.3488,323.1587,-1639.2594,1792.1779,325.0778,-1076.6785,1659.255,353.13367,-1452.335,1832.243,418.80408,-1447.0879,1787.9037,429.3131,-1554.3727,1878.1495,562.83136,-629.72754,1451.6461,721.57574,-1348.1018,1931.4651,881.39496,-124.305626,1368.4758,1131.4519,-1406.5463,2082.418,1132.265,-135.59865,1352.6462,1482.5029,-1564.1832,2130.7239,1199.0219,-148.15501,1316.9932,1584.6351,-1677.5907,2123.9343,1205.1072,-279.15842,1365.795,1580.2361,-1779.131,2103.7068,1187.9807,-188.98755,1383.1367,1540.6279,-1603.6632,1788.8491,1239.0875,167.20842,1531.7755,1297.1781,-166.48036,2091.9924,1535.8561,-1020.48724,1425.9731,1674.9506,22.269588,2023.5348,1900.696,-285.32864,1192.605,1559.9424,1819.6582,1973.928,1916.6895,-220.86641,1177.9594,1463.03,1999.2533,2058.186,2030.902,-530.81,1192.5153,1656.6802,1942.6682
IMG_5542.JPG,1505.689,365.30707,-1347.5509,1496.637,311.35904,-1282.5299,1501.3588,309.91464,-1282.727,1505.5238,308.3915,-1283.3512,1465.0781,313.8979,-1360.8649,1444.7126,315.0021,-1361.1848,1421.3607,317.3185,-1361.1456,1461.0549,324.61203,-883.253,1345.192,341.836,-1236.9886,1503.5026,417.62085,-1190.0667,1465.7733,419.6009,-1291.851,1559.2251,549.00385,-548.2515,1157.3398,641.32025,-1188.7039,1644.3221,857.5737,-264.56564,1095.996,1021.3902,-1276.7134,1811.4536,1094.7504,-418.5162,1102.8126,1372.4937,-1390.5663,1853.5212,1177.469,-476.34705,1088.9536,1485.8428,-1496.7549,1844.1235,1180.1212,-604.7965,1138.7185,1464.1293,-1595.7087,1823.2274,1158.8553,-476.19775,1151.618,1426.1715,-1429.7645,1450.2675,1141.8075,151.18695,1217.5586,1201.4912,-150.35422,1745.6149,1381.0092,-1019.30994,1168.6462,1588.8561,-67.30566,1735.2379,1798.9996,-493.57178,997.74475,1442.1781,1598.1357,1678.1904,1862.9692,-445.21432,999.2281,1395.7052,1769.754,1850.5969,1969.5747,-704.60535,957.0688,1560.6243,1781.417
IMG_5544.JPG,1886.4443,407.49036,-1658.4508,1897.5999,360.9834,-1589.5189,1904.3009,358.7269,-1589.567,1910.5255,355.77133,-1589.8317,1864.4648,356.38214,-1682.5353,1846.0297,350.04956,-1682.9242,1824.3885,342.18024,-1683.2169,1858.5913,340.639,-1137.8995,1729.6469,322.5899,-1565.1501,1872.8127,443.82663,-1477.4144,1829.3029,442.66562,-1602.1997,1899.5758,533.669,-617.4834,1453.9916,581.5311,-1475.8978,1919.6694,866.2086,-232.38808,1354.3801,988.0286,-1573.08,2004.2186,1136.4799,-235.06953,1304.3207,1360.8264,-1695.7439,2022.49,1209.4209,-217.0263,1263.776,1455.3224,-1815.7098,2025.3016,1207.6627,-354.15897,1319.4926,1470.4624,-1899.5728,2011.1807,1186.8073,-286.66025,1346.1459,1439.7915,-1725.9657,1745.305,1032.1003,202.80954,1512.0121,1063.618,-204.12642,1974.9707,1241.2822,-931.98737,1361.6576,1541.1105,-377.26907,1911.8586,1692.1589,-235.5449,1233.5515,1245.7769,1093.2113,1852.3444,1745.2699,-170.45976,1223.5999,1182.703,1246.3907,1991.5266,1913.2672,-462.897,1128.4683,1289.5671,1200.2297
IMG_5545.JPG,2146.0923,310.886,-633.88666,2125.2954,287.82217,-596.85504,2121.3696,287.96396,-597.01404,2117.0479,288.23788,-597.1718,2123.0032,288.13586,-684.61646,2117.8389,288.45056,-684.716,2112.323,288.96198,-684.79626,2073.8892,303.29776,-389.0504,2065.8167,306.24738,-794.42834,2134.9844,345.19437,-551.33734,2128.742,344.18268,-668.9613,2058.1074,468.5623,-99.76455,1982.3414,485.46045,-900.40356,2105.5796,660.13354,36.822495,1961.2211,735.4379,-1002.1946,2200.6096,817.35046,-120.82175,2002.2576,947.2593,-1040.5148,2228.032,858.25494,-137.79173,1998.0928,1011.96216,-1145.1981,2170.0718,872.8406,-229.57536,2026.0905,1012.4797,-1160.7861,2153.9375,870.31635,-163.09644,2033.9858,990.6519,-1047.589,2064.0913,838.26215,258.3021,1979.4547,877.2945,-258.3807,2317.4966,863.7845,482.26962,1895.6438,1122.7517,-322.90244,2258.1907,1146.241,781.8133,1600.0299,1061.3604,89.847244,2212.0327,1196.9684,806.8766,1553.7518,1026.2198,136.4809,2386.6377,1211.0448,789.373,1630.1482,1173.1793,123.68972
IMG_5548 copy 2.JPG,1870.1772,247.85345,-409.4261,1849.9031,214.2581,-375.74683,1845.4089,213.91414,-375.96906,1840.3782,213.34671,-376.0253,1853.1398,215.70316,-491.67947,1851.0669,216.52385,-491.73056,1848.4222,217.19408,-492.02203,1795.5262,230.43997,-223.15643,1815.9574,235.22893,-753.0441,1862.2,281.73602,-343.86374,1862.0957,280.7677,-498.20566,1652.9779,429.266,154.10231,1840.0839,455.8644,-1037.495,1694.8323,690.86505,268.69952,1882.5833,759.76575,-1188.5895,1765.8221,882.9275,168.63191,1967.1366,989.32587,-1099.4296,1776.0219,926.50696,191.89328,1984.376,1058.4329,-1237.2095,1790.4316,926.2215,90.5043,1987.269,1062.5502,-1191.1791,1788.2314,913.4782,122.70817,1973.1842,1037.0021,-1083.5942,1739.7948,869.49005,384.00485,1780.831,901.8353,-384.98294,2013.647,825.68494,804.51044,1703.1641,1254.6106,-399.28946,1959.4354,1164.8235,1380.0372,1339.7518,1342.4033,50.553635,1926.9199,1233.5015,1432.8229,1262.8325,1324.2455,99.50128,2089.4104,1199.6981,1403.4806,1361.9363,1478.1294,-34.645466
IMG_5548 copy 3.JPG,1870.1772,247.85345,-409.4261,1849.9031,214.2581,-375.74683,1845.4089,213.91414,-375.96906,1840.3782,213.34671,-376.0253,1853.1398,215.70316,-491.67947,1851.0669,216.52385,-491.73056,1848.4222,217.19408,-492.02203,1795.5262,230.43997,-223.15643,1815.9574,235.22893,-753.0441,1862.2,281.73602,-343.86374,1862.0957,280.7677,-498.20566,1652.9779,429.266,154.10231,1840.0839,455.8644,-1037.495,1694.8323,690.86505,268.69952,1882.5833,759.76575,-1188.5895,1765.8221,882.9275,168.63191,1967.1366,989.32587,-1099.4296,1776.0219,926.50696,191.89328,1984.376,1058.4329,-1237.2095,1790.4316,926.2215,90.5043,1987.269,1062.5502,-1191.1791,1788.2314,913.4782,122.70817,1973.1842,1037.0021,-1083.5942,1739.7948,869.49005,384.00485,1780.831,901.8353,-384.98294,2013.647,825.68494,804.51044,1703.1641,1254.6106,-399.28946,1959.4354,1164.8235,1380.0372,1339.7518,1342.4033,50.553635,1926.9199,1233.5015,1432.8229,1262.8325,1324.2455,99.50128,2089.4104,1199.6981,1403.4806,1361.9363,1478.1294,-34.645466
IMG_5548 copy 4.JPG,1870.1772,247.85345,-409.4261,1849.9031,214.2581,-375.74683,1845.4089,213.91414,-375.96906,1840.3782,213.34671,-376.0253,1853.1398,215.70316,-491.67947,1851.0669,216.52385,-491.73056,1848.4222,217.19408,-492.02203,1795.5262,230.43997,-223.15643,1815.9574,235.22893,-753.0441,1862.2,281.73602,-343.86374,1862.0957,280.7677,-498.20566,1652.9779,429.266,154.10231,1840.0839,455.8644,-1037.495,1694.8323,690.86505,268.69952,1882.5833,759.76575,-1188.5895,1765.8221,882.9275,168.63191,1967.1366,989.32587,-1099.4296,1776.0219,926.50696,191.89328,1984.376,1058.4329,-1237.2095,1790.4316,926.2215,90.5043,1987.269,1062.5502,-1191.1791,1788.2314,913.4782,122.70817,1973.1842,1037.0021,-1083.5942,1739.7948,869.49005,384.00485,1780.831,901.8353,-384.98294,2013.647,825.68494,804.51044,1703.1641,1254.6106,-399.28946,1959.4354,1164.8235,1380.0372,1339.7518,1342.4033,50.553635,1926.9199,1233.5015,1432.8229,1262.8325,1324.2455,99.50128,2089.4104,1199.6981,1403.4806,1361.9363,1478.1294,-34.645466
IMG_5548 copy 5.JPG,1870.1772,247.85345,-409.4261,1849.9031,214.2581,-375.74683,1845.4089,213.91414,-375.96906,1840.3782,213.34671,-376.0253,1853.1398,215.70316,-491.67947,1851.0669,216.52385,-491.73056,1848.4222,217.19408,-492.02203,1795.5262,230.43997,-223.15643,1815.9574,235.22893,-753.0441,1862.2,281.73602,-343.86374,1862.0957,280.7677,-498.20566,1652.9779,429.266,154.10231,1840.0839,455.8644,-1037.495,1694.8323,690.86505,268.69952,1882.5833,759.76575,-1188.5895,1765.8221,882.9275,168.63191,1967.1366,989.32587,-1099.4296,1776.0219,926.50696,191.89328,1984.376,1058.4329,-1237.2095,1790.4316,926.2215,90.5043,1987.269,1062.5502,-1191.1791,1788.2314,913.4782,122.70817,1973.1842,1037.0021,-1083.5942,1739.7948,869.49005,384.00485,1780.831,901.8353,-384.98294,2013.647,825.68494,804.51044,1703.1641,1254.6106,-399.28946,1959.4354,1164.8235,1380.0372,1339.7518,1342.4033,50.553635,1926.9199,1233.5015,1432.8229,1262.8325,1324.2455,99.50128,2089.4104,1199.6981,1403.4806,1361.9363,1478.1294,-34.645466
IMG_5548 copy.JPG,1870.1772,247.85345,-409.4261,1849.9031,214.2581,-375.74683,1845.4089,213.91414,-375.96906,1840.3782,213.34671,-376.0253,1853.1398,215.70316,-491.67947,1851.0669,216.52385,-491.73056,1848.4222,217.19408,-492.02203,1795.5262,230.43997,-223.15643,1815.9574,235.22893,-753.0441,1862.2,281.73602,-343.86374,1862.0957,280.7677,-498.20566,1652.9779,429.266,154.10231,1840.0839,455.8644,-1037.495,1694.8323,690.86505,268.69952,1882.5833,759.76575,-1188.5895,1765.8221,882.9275,168.63191,1967.1366,989.32587,-1099.4296,1776.0219,926.50696,191.89328,1984.376,1058.4329,-1237.2095,1790.4316,926.2215,90.5043,1987.269,1062.5502,-1191.1791,1788.2314,913.4782,122.70817,1973.1842,1037.0021,-1083.5942,1739.7948,869.49005,384.00485,1780.831,901.8353,-384.98294,2013.647,825.68494,804.51044,1703.1641,1254.6106,-399.28946,1959.4354,1164.8235,1380.0372,1339.7518,1342.4033,50.553635,1926.9199,1233.5015,1432.8229,1262.8325,1324.2455,99.50128,2089.4104,1199.6981,1403.4806,1361.9363,1478.1294,-34.645466
IMG_5548.JPG,1870.1772,247.85345,-409.4261,1849.9031,214.2581,-375.74683,1845.4089,213.91414,-375.96906,1840.3782,213.34671,-376.0253,1853.1398,215.70316,-491.67947,1851.0669,216.52385,-491.73056,1848.4222,217.19408,-492.02203,1795.5262,230.43997,-223.15643,1815.9574,235.22893,-753.0441,1862.2,281.73602,-343.86374,1862.0957,280.7677,-498.20566,1652.9779,429.266,154.10231,1840.0839,455.8644,-1037.495,1694.8323,690.86505,268.69952,1882.5833,759.76575,-1188.5895,1765.8221,882.9275,168.63191,1967.1366,989.32587,-1099.4296,1776.0219,926.50696,191.89328,1984.376,1058.4329,-1237.2095,1790.4316,926.2215,90.5043,1987.269,1062.5502,-1191.1791,1788.2314,913.4782,122.70817,1973.1842,1037.0021,-1083.5942,1739.7948,869.49005,384.00485,1780.831,901.8353,-384.98294,2013.647,825.68494,804.51044,1703.1641,1254.6106,-399.28946,1959.4354,1164.8235,1380.0372,1339.7518,1342.4033,50.553635,1926.9199,1233.5015,1432.8229,1262.8325,1324.2455,99.50128,2089.4104,1199.6981,1403.4806,1361.9363,1478.1294,-34.645466
IMG_5549 copy 2.JPG,1891.3341,194.10919,-88.8499,1865.2627,158.51404,-115.88175,1855.301,157.60046,-116.071815,1844.9655,156.52768,-116.09399,1880.8318,158.77692,-206.40662,1882.4359,158.1405,-206.3216,1883.5504,157.5018,-206.74722,1794.4132,172.3529,-184.77666,1849.2877,174.23569,-602.3755,1869.1926,231.74423,-94.22765,1883.8347,230.78464,-216.02394,1593.1975,408.80377,52.34888,1895.664,413.11624,-949.79004,1588.4502,680.5972,139.84058,1938.1787,753.1787,-1052.9392,1689.3693,876.44147,35.257298,2043.089,1041.6799,-893.0739,1718.3577,946.93976,57.742935,2066.6848,1116.995,-987.6271,1744.8156,943.05707,-23.906862,2063.3323,1128.9244,-942.2232,1736.1393,934.5302,-0.3915088,2047.6807,1100.1268,-873.4226,1709.7744,912.90247,369.29898,1833.7837,945.4443,-370.58572,1905.3955,986.4607,1353.2562,1745.3872,1359.5231,-196.45905,1952.1252,1260.9746,2273.6606,1369.7245,1510.7308,148.6667,1940.0571,1316.8256,2358.5994,1277.5098,1503.2273,185.61043,2051.5193,1246.1289,2368.6672,1395.1965,1675.176,10.178217
IMG_5549 copy 3.JPG,1891.3341,194.10919,-88.8499,1865.2627,158.51404,-115.88175,1855.301,157.60046,-116.071815,1844.9655,156.52768,-116.09399,1880.8318,158.77692,-206.40662,1882.4359,158.1405,-206.3216,1883.5504,157.5018,-206.74722,1794.4132,172.3529,-184.77666,1849.2877,174.23569,-602.3755,1869.1926,231.74423,-94.22765,1883.8347,230.78464,-216.02394,1593.1975,408.80377,52.34888,1895.664,413.11624,-949.79004,1588.4502,680.5972,139.84058,1938.1787,753.1787,-1052.9392,1689.3693,876.44147,35.257298,2043.089,1041.6799,-893.0739,1718.3577,946.93976,57.742935,2066.6848,1116.995,-987.6271,1744.8156,943.05707,-23.906862,2063.3323,1128.9244,-942.2232,1736.1393,934.5302,-0.3915088,2047.6807,1100.1268,-873.4226,1709.7744,912.90247,369.29898,1833.7837,945.4443,-370.58572,1905.3955,986.4607,1353.2562,1745.3872,1359.5231,-196.45905,1952.1252,1260.9746,2273.6606,1369.7245,1510.7308,148.6667,1940.0571,1316.8256,2358.5994,1277.5098,1503.2273,185.61043,2051.5193,1246.1289,2368.6672,1395.1965,1675.176,10.178217
IMG_5549 copy 4.JPG,1891.3341,194.10919,-88.8499,1865.2627,158.51404,-115.88175,1855.301,157.60046,-116.071815,1844.9655,156.52768,-116.09399,1880.8318,158.77692,-206.40662,1882.4359,158.1405,-206.3216,1883.5504,157.5018,-206.74722,1794.4132,172.3529,-184.77666,1849.2877,174.23569,-602.3755,1869.1926,231.74423,-94.22765,1883.8347,230.78464,-216.02394,1593.1975,408.80377,52.34888,1895.664,413.11624,-949.79004,1588.4502,680.5972,139.84058,1938.1787,753.1787,-1052.9392,1689.3693,876.44147,35.257298,2043.089,1041.6799,-893.0739,1718.3577,946.93976,57.742935,2066.6848,1116.995,-987.6271,1744.8156,943.05707,-23.906862,2063.3323,1128.9244,-942.2232,1736.1393,934.5302,-0.3915088,2047.6807,1100.1268,-873.4226,1709.7744,912.90247,369.29898,1833.7837,945.4443,-370.58572,1905.3955,986.4607,1353.2562,1745.3872,1359.5231,-196.45905,1952.1252,1260.9746,2273.6606,1369.7245,1510.7308,148.6667,1940.0571,1316.8256,2358.5994,1277.5098,1503.2273,185.61043,2051.5193,1246.1289,2368.6672,1395.1965,1675.176,10.178217
IMG_5549 copy 5.JPG,1891.3341,194.10919,-88.8499,1865.2627,158.51404,-115.88175,1855.301,157.60046,-116.071815,1844.9655,156.52768,-116.09399,1880.8318,158.77692,-206.40662,1882.4359,158.1405,-206.3216,1883.5504,157.5018,-206.74722,1794.4132,172.3529,-184.77666,1849.2877,174.23569,-602.3755,1869.1926,231.74423,-94.22765,1883.8347,230.78464,-216.02394,1593.1975,408.80377,52.34888,1895.664,413.11624,-949.79004,1588.4502,680.5972,139.84058,1938.1787,753.1787,-1052.9392,1689.3693,876.44147,35.257298,2043.089,1041.6799,-893.0739,1718.3577,946.93976,57.742935,2066.6848,1116.995,-987.6271,1744.8156,943.05707,-23.906862,2063.3323,1128.9244,-942.2232,1736.1393,934.5302,-0.3915088,2047.6807,1100.1268,-873.4226,1709.7744,912.90247,369.29898,1833.7837,945.4443,-370.58572,1905.3955,986.4607,1353.2562,1745.3872,1359.5231,-196.45905,1952.1252,1260.9746,2273.6606,1369.7245,1510.7308,148.6667,1940.0571,1316.8256,2358.5994,1277.5098,1503.2273,185.61043,2051.5193,1246.1289,2368.6672,1395.1965,1675.176,10.178217
IMG_5549 copy.JPG,1891.3341,194.10919,-88.8499,1865.2627,158.51404,-115.88175,1855.301,157.60046,-116.071815,1844.9655,156.52768,-116.09399,1880.8318,158.77692,-206.40662,1882.4359,158.1405,-206.3216,1883.5504,157.5018,-206.74722,1794.4132,172.3529,-184.77666,1849.2877,174.23569,-602.3755,1869.1926,231.74423,-94.22765,1883.8347,230.78464,-216.02394,1593.1975,408.80377,52.34888,1895.664,413.11624,-949.79004,1588.4502,680.5972,139.84058,1938.1787,753.1787,-1052.9392,1689.3693,876.44147,35.257298,2043.089,1041.6799,-893.0739,1718.3577,946.93976,57.742935,2066.6848,1116.995,-987.6271,1744.8156,943.05707,-23.906862,2063.3323,1128.9244,-942.2232,1736.1393,934.5302,-0.3915088,2047.6807,1100.1268,-873.4226,1709.7744,912.90247,369.29898,1833.7837,945.4443,-370.58572,1905.3955,986.4607,1353.2562,1745.3872,1359.5231,-196.45905,1952.1252,1260.9746,2273.6606,1369.7245,1510.7308,148.6667,1940.0571,1316.8256,2358.5994,1277.5098,1503.2273,185.61043,2051.5193,1246.1289,2368.6672,1395.1965,1675.176,10.178217
IMG_5549.JPG,1891.3341,194.10919,-88.8499,1865.2627,158.51404,-115.88175,1855.301,157.60046,-116.071815,1844.9655,156.52768,-116.09399,1880.8318,158.77692,-206.40662,1882.4359,158.1405,-206.3216,1883.5504,157.5018,-206.74722,1794.4132,172.3529,-184.77666,1849.2877,174.23569,-602.3755,1869.1926,231.74423,-94.22765,1883.8347,230.78464,-216.02394,1593.1975,408.80377,52.34888,1895.664,413.11624,-949.79004,1588.4502,680.5972,139.84058,1938.1787,753.1787,-1052.9392,1689.3693,876.44147,35.257298,2043.089,1041.6799,-893.0739,1718.3577,946.93976,57.742935,2066.6848,1116.995,-987.6271,1744.8156,943.05707,-23.906862,2063.3323,1128.9244,-942.2232,1736.1393,934.5302,-0.3915088,2047.6807,1100.1268,-873.4226,1709.7744,912.90247,369.29898,1833.7837,945.4443,-370.58572,1905.3955,986.4607,1353.2562,1745.3872,1359.5231,-196.45905,1952.1252,1260.9746,2273.6606,1369.7245,1510.7308,148.6667,1940.0571,1316.8256,2358.5994,1277.5098,1503.2273,185.61043,2051.5193,1246.1289,2368.6672,1395.1965,1675.176,10.178217
IMG_5553.JPG,1516.822,221.08958,-201.05847,1536.2137,176.38892,-291.18842,1540.1215,177.97112,-291.12195,1544.5261,179.73907,-291.35336,1540.875,172.92175,-167.62852,1547.9022,171.4208,-167.44531,1556.0232,169.459,-167.34459,1602.7034,207.58847,-579.1163,1626.6345,197.04016,-40.367863,1536.7551,269.38675,-291.1025,1540.2957,264.87808,-134.86528,1598.5459,552.5943,-951.4938,1818.7413,449.51834,349.76886,1561.9861,978.9946,-1097.7008,1868.4076,767.324,505.44022,1449.7712,1305.4905,-830.2464,1812.0658,1035.6759,390.59933,1437.2501,1404.3622,-942.2389,1797.6359,1093.9877,381.3814,1405.2516,1403.5132,-910.2743,1770.5878,1092.5615,288.3697,1407.4702,1371.215,-802.5282,1777.8644,1067.5244,343.3489,1693.5244,1154.3942,-385.45438,1870.7023,1132.8108,383.7183,1261.8541,1096.1846,498.81598,1985.3472,1497.309,809.3069,1390.8036,1549.4103,1142.2692,2473.9653,1690.0588,769.53217,1436.2578,1619.116,1215.8076,2595.5693,1675.1202,775.27277,1224.845,1545.5363,1335.7667,2419.9524,1840.3153,745.82764
IMG_5556.JPG,1661.9911,341.8122,-1178.9681,1696.0789,302.27383,-1170.4751,1719.0642,302.36945,-1170.4114,1742.2244,303.06042,-1170.69,1652.5637,303.04745,-1111.9851,1643.2961,303.06302,-1112.1603,1634.0073,302.95618,-1112.345,1788.5724,329.1515,-993.2559,1650.82,329.11697,-722.9914,1701.8552,392.20938,-1104.4943,1653.6527,391.02686,-1026.77,1960.8531,608.66156,-937.6266,1565.069,578.29565,-422.20264,2001.4482,966.8982,-940.40674,1541.6542,895.33276,-286.9913,2008.5715,1266.4749,-1058.4773,1477.3718,1182.9062,-512.40466,2024.8893,1366.4681,-1142.8914,1462.8362,1272.7709,-572.11,1977.059,1362.6908,-1215.8999,1483.8262,1276.6173,-659.1528,1960.043,1324.5723,-1079.998,1498.2395,1249.4692,-552.56824,1894.7148,1094.7115,-206.85616,1700.949,1093.8749,206.14767,1647.5133,1293.3468,-1433.0865,1666.8297,1338.1375,552.8047,1685.3174,1701.5646,-1105.5952,1870.0695,1401.1456,1997.5492,1731.8041,1751.4861,-1075.4965,1919.4153,1385.0747,2148.818,1568.043,1900.0969,-1468.0792,1848.0001,1516.392,2138.798
IMG_5557.JPG,1720.2152,296.5494,-1139.9401,1753.5905,252.9515,-1127.1758,1776.852,253.30255,-1127.08,1799.1597,254.34251,-1127.3691,1711.3639,253.2292,-1074.3552,1701.2224,253.0422,-1074.5615,1692.0225,252.8221,-1074.7235,1842.9868,280.4377,-940.76984,1702.4264,279.23648,-697.1178,1756.345,345.705,-1062.593,1710.5966,345.00824,-992.4173,2012.6,565.51715,-885.83057,1604.4579,534.75323,-391.92276,2042.808,930.0052,-877.2528,1585.1167,845.36194,-236.46083,2036.8735,1226.17,-1035.7927,1511.7742,1135.2444,-446.67572,2049.9265,1325.9348,-1124.4156,1495.7063,1223.8071,-496.0398,2003.126,1320.9971,-1195.4917,1518.6067,1229.2731,-587.8034,1986.1986,1281.6526,-1058.4073,1533.7954,1200.4333,-487.04507,1937.2513,1052.7682,-197.29698,1738.8208,1047.1005,196.76672,1692.4926,1246.462,-1387.0527,1704.0933,1251.9679,296.73434,1718.3876,1642.3904,-963.376,1873.9895,1387.4888,1617.9436,1763.1721,1694.5724,-923.4917,1923.9971,1384.845,1753.6111,1606.2854,1835.9397,-1279.672,1835.2329,1515.7545,1721.9218
Isometric_20Exercise_20Static_20Lunge.jpg,253.94922,38.573364,10.701791,259.27722,32.253838,-2.0170217,260.7046,32.44534,-2.016169,262.4366,32.582966,-2.061053,258.6145,31.785114,24.84436,259.47147,31.622713,24.845205,260.53738,31.336712,24.82858,274.79657,36.598904,-36.761642,272.32007,34.979748,81.26906,257.3122,46.859943,-0.30088994,255.95874,46.5194,33.92685,292.17102,78.953476,-107.04573,280.47348,80.921364,162.18143,322.54324,133.18814,-127.86726,293.25867,135.61555,173.44824,288.67697,179.59938,-79.329926,271.04956,170.4832,97.45336,278.5865,187.29506,-97.41111,267.6309,179.68938,87.94015,274.36426,182.16426,-86.52469,264.3731,178.4504,69.70199,276.59894,180.01837,-70.5398,266.29703,175.7611,85.94168,286.5871,200.14717,-87.98949,285.54562,197.26697,87.97731,188.47116,202.26251,-62.103886,307.74338,281.43137,106.02369,206.98894,291.39853,-5.3446116,391.67953,267.15808,166.55623,217.60338,304.76392,-0.012569896,408.02414,253.52371,174.9789,166.67673,304.67935,-4.306517,397.72238,294.07468,177.49252
KettlebellOne-ArmStationaryLunge.jpg,165.62863,58.335655,-98.334274,163.14607,53.79127,-91.95276,162.66461,53.52183,-91.981094,162.12242,53.20037,-92.002,162.91335,53.94864,-107.43125,162.3132,53.833294,-107.44778,161.63675,53.699936,-107.47686,155.88535,53.762596,-60.089336,155.58214,54.41739,-130.51642,163.59637,61.763203,-85.64388,162.95401,62.00199,-106.06708,149.55919,77.8346,-11.129465,145.0799,83.3988,-157.06604,150.4526,114.36305,-3.6910565,150.09381,122.921326,-180.54762,148.86949,143.39462,-26.486319,155.29758,153.67348,-176.88507,146.8748,154.65118,-30.320637,155.61684,162.17801,-194.90173,144.732,155.06439,-41.420467,157.6682,162.94666,-194.40373,144.3766,151.49272,-32.32451,157.44449,160.71974,-176.73587,151.54663,135.0287,44.532448,141.99442,138.36572,-44.660805,198.31496,133.49272,72.37072,123.385376,181.44104,-76.593704,185.09174,177.63217,131.712,74.96508,174.88176,-26.41813,178.90813,184.51584,136.67058,66.90088,170.57698,-20.784828,204.89494,188.65042,130.31839,73.48777,188.02406,-29.139965
Lunge-Variations-Stationary-Lunge.jpg,186.15034,140.53172,-73.05266,182.00368,133.64085,-63.681316,181.3107,133.37877,-63.739635,180.52634,133.15767,-63.762753,181.11925,133.9366,-89.08127,179.7438,133.92172,-89.08436,178.19978,134.01906,-89.118164,171.04088,136.15381,-18.447363,169.10268,137.16011,-134.07425,182.89127,147.68442,-54.40361,181.73468,148.25941,-88.050964,150.28876,176.4958,61.58008,159.01413,183.08052,-189.46083,153.90457,233.79639,89.488884,156.97829,241.74536,-223.96486,160.15535,275.7504,63.925316,167.83873,292.9794,-225.56262,158.5922,285.15933,64.764175,166.50113,307.4228,-254.89023,162.33893,286.3243,42.824657,171.14702,306.86453,-250.26006,163.59306,281.8796,53.541286,172.702,302.4486,-223.67325,168.9346,277.01736,76.436264,162.32593,281.72455,-76.50544,244.31987,287.0496,107.93997,128.25119,354.13254,-127.40004,227.74426,360.49905,188.29391,47.837444,350.88666,-75.61297,216.59355,370.77963,194.8808,34.077816,342.28732,-69.06024,261.03168,376.33212,184.69795,47.16145,375.982,-82.15545
Lunges_unannotated1-399b9230f4154a30ad89034ba260fc1b.jpg,440.4247,164.00209,54.249878,451.3841,143.75734,9.237808,454.55103,143.50935,9.309285,458.1841,143.17528,9.243697,450.13962,142.82317,89.79462,452.25635,141.86064,89.78161,454.91022,140.70674,89.7952,493.44748,154.18282,-109.96572,488.66586,152.06453,246.1185,451.31,185.8517,18.566484,448.8464,184.18115,121.61021,537.9396,269.4786,-320.4799,529.9247,270.213,507.66443,614.02606,410.51672,-387.6101,591.6134,406.85892,546.6601,502.55884,496.71735,-188.52214,501.56454,471.64328,392.24423,479.64056,509.757,-220.44772,487.8221,485.5383,385.95255,473.97324,487.19275,-177.69516,481.33612,470.34018,354.31448,478.67032,483.1906,-156.80067,484.17105,466.2086,368.51178,517.28357,589.7141,-272.12466,528.19507,587.13007,272.08292,244.5665,626.7718,-288.42514,579.3298,829.40424,321.23975,289.5814,891.5031,-183.27373,826.2536,814.4635,397.44843,318.00696,927.9036,-175.06001,876.2405,803.267,407.91687,182.38898,945.69543,-217.59009,817.25085,903.0148,394.04578
Overhead-Press-Static-Lunge-768x1024.jpg,429.06842,338.1098,-300.94528,429.86856,320.92242,-262.9568,432.57523,320.7865,-262.9631,435.02496,320.49683,-263.15744,416.50427,320.79822,-291.38315,409.45093,320.42142,-291.4522,401.05884,319.56082,-291.45477,426.8103,325.311,-84.79333,375.98233,319.61652,-214.87979,431.21017,354.98535,-234.78381,415.69858,355.16663,-273.1287,447.8686,388.53107,-18.44852,326.46725,400.84232,-232.78934,484.64233,280.60794,-48.510902,319.61407,270.70822,-395.2133,457.6222,161.39359,-118.44589,309.39838,152.23141,-395.98517,445.62573,129.26965,-144.30591,301.72095,125.214935,-432.42267,433.27942,126.82947,-132.9857,305.48682,129.78052,-412.97876,433.63074,136.56702,-121.93515,311.21423,136.37015,-394.4568,450.83032,650.8712,59.706745,361.74435,668.91364,-59.51217,593.83844,696.65625,-432.86182,296.02338,830.875,-36.014626,554.26154,902.2567,-344.01166,190.1767,750.1961,608.448,525.0839,927.6877,-334.41315,174.44289,724.9143,675.7605,616.43567,977.1654,-436.5907,181.34952,796.6124,712.40894
Resistance-Band-Lunge_Featured.jpg,204.60771,61.416737,-111.40569,202.39056,54.646717,-91.019394,202.93748,54.505093,-90.991936,203.37071,54.34774,-91.01409,197.73503,55.08798,-111.686745,194.98938,55.25451,-111.73441,191.48645,55.558777,-111.78074,194.30179,58.326427,9.594627,180.29279,60.447205,-85.41181,204.955,70.452896,-74.094154,200.1914,71.14541,-101.9297,211.91338,103.67028,97.76315,154.83385,111.44504,-107.42392,251.0874,124.23616,161.31253,117.59596,148.97998,-282.59967,262.24326,83.28143,188.8747,130.03197,96.39884,-417.03458,264.05362,72.109695,203.8013,131.55792,81.37911,-442.64594,259.4988,70.587006,206.38387,135.92128,80.39199,-423.74496,257.86584,74.94086,191.50558,138.05502,85.79746,-411.14175,216.10971,219.00647,59.19986,178.12581,226.47113,-59.318428,276.15366,245.09796,-235.54587,151.35661,307.85147,-36.429386,263.073,334.54053,-191.63551,86.72198,285.61493,237.0171,251.9798,348.49335,-188.17357,73.32032,274.87094,266.21942,297.93658,359.81137,-255.47566,82.76027,316.4914,264.26678
Screenshot_20230220_020327 copy 2.png,228.81091,270.8392,-170.67668,227.37744,263.1128,-153.90681,227.84236,263.2013,-153.96626,228.25658,263.20276,-154.03676,223.34785,262.80588,-171.50223,220.55682,262.62173,-171.55382,216.94579,262.27844,-171.58272,220.1288,265.09564,-70.941154,202.82376,265.5396,-150.13411,228.58583,279.44034,-139.3312,223.15303,278.61407,-162.37886,235.67865,318.0108,2.277048,169.08331,320.63324,-156.21054,232.151,375.61102,47.02316,160.04407,386.91513,-148.1222,231.98074,422.3366,4.7521925,162.60745,443.53806,-154.49084,236.4502,435.39322,-4.8864675,161.56973,457.5785,-170.69461,233.91908,436.03305,-23.908024,166.16365,457.1669,-181.09338,230.17357,431.0686,-4.970611,167.93144,451.77676,-157.32135,219.62642,417.77585,36.740414,181.27878,423.1981,-36.680805,252.89351,438.53632,-255.75833,169.5877,510.50278,-80.62956,246.81218,513.633,-126.37059,134.43799,472.0402,245.87373,238.78242,525.30365,-114.626396,129.17078,459.40176,278.82602,267.87134,539.6181,-179.21986,124.39183,488.9557,258.63696
Screenshot_20230220_020327 copy 3.png,228.81091,270.8392,-170.67668,227.37744,263.1128,-153.90681,227.84236,263.2013,-153.96626,228.25658,263.20276,-154.03676,223.34785,262.80588,-171.50223,220.55682,262.62173,-171.55382,216.94579,262.27844,-171.58272,220.1288,265.09564,-70.941154,202.82376,265.5396,-150.13411,228.58583,279.44034,-139.3312,223.15303,278.61407,-162.37886,235.67865,318.0108,2.277048,169.08331,320.63324,-156.21054,232.151,375.61102,47.02316,160.04407,386.91513,-148.1222,231.98074,422.3366,4.7521925,162.60745,443.53806,-154.49084,236.4502,435.39322,-4.8864675,161.56973,457.5785,-170.69461,233.91908,436.03305,-23.908024,166.16365,457.1669,-181.09338,230.17357,431.0686,-4.970611,167.93144,451.77676,-157.32135,219.62642,417.77585,36.740414,181.27878,423.1981,-36.680805,252.89351,438.53632,-255.75833,169.5877,510.50278,-80.62956,246.81218,513.633,-126.37059,134.43799,472.0402,245.87373,238.78242,525.30365,-114.626396,129.17078,459.40176,278.82602,267.87134,539.6181,-179.21986,124.39183,488.9557,258.63696
Screenshot_20230220_020327 copy 4.png,228.81091,270.8392,-170.67668,227.37744,263.1128,-153.90681,227.84236,263.2013,-153.96626,228.25658,263.20276,-154.03676,223.34785,262.80588,-171.50223,220.55682,262.62173,-171.55382,216.94579,262.27844,-171.58272,220.1288,265.09564,-70.941154,202.82376,265.5396,-150.13411,228.58583,279.44034,-139.3312,223.15303,278.61407,-162.37886,235.67865,318.0108,2.277048,169.08331,320.63324,-156.21054,232.151,375.61102,47.02316,160.04407,386.91513,-148.1222,231.98074,422.3366,4.7521925,162.60745,443.53806,-154.49084,236.4502,435.39322,-4.8864675,161.56973,457.5785,-170.69461,233.91908,436.03305,-23.908024,166.16365,457.1669,-181.09338,230.17357,431.0686,-4.970611,167.93144,451.77676,-157.32135,219.62642,417.77585,36.740414,181.27878,423.1981,-36.680805,252.89351,438.53632,-255.75833,169.5877,510.50278,-80.62956,246.81218,513.633,-126.37059,134.43799,472.0402,245.87373,238.78242,525.30365,-114.626396,129.17078,459.40176,278.82602,267.87134,539.6181,-179.21986,124.39183,488.9557,258.63696
Screenshot_20230220_020327 copy 5.png,228.81091,270.8392,-170.67668,227.37744,263.1128,-153.90681,227.84236,263.2013,-153.96626,228.25658,263.20276,-154.03676,223.34785,262.80588,-171.50223,220.55682,262.62173,-171.55382,216.94579,262.27844,-171.58272,220.1288,265.09564,-70.941154,202.82376,265.5396,-150.13411,228.58583,279.44034,-139.3312,223.15303,278.61407,-162.37886,235.67865,318.0108,2.277048,169.08331,320.63324,-156.21054,232.151,375.61102,47.02316,160.04407,386.91513,-148.1222,231.98074,422.3366,4.7521925,162.60745,443.53806,-154.49084,236.4502,435.39322,-4.8864675,161.56973,457.5785,-170.69461,233.91908,436.03305,-23.908024,166.16365,457.1669,-181.09338,230.17357,431.0686,-4.970611,167.93144,451.77676,-157.32135,219.62642,417.77585,36.740414,181.27878,423.1981,-36.680805,252.89351,438.53632,-255.75833,169.5877,510.50278,-80.62956,246.81218,513.633,-126.37059,134.43799,472.0402,245.87373,238.78242,525.30365,-114.626396,129.17078,459.40176,278.82602,267.87134,539.6181,-179.21986,124.39183,488.9557,258.63696
Screenshot_20230220_020327 copy.png,228.81091,270.8392,-170.67668,227.37744,263.1128,-153.90681,227.84236,263.2013,-153.96626,228.25658,263.20276,-154.03676,223.34785,262.80588,-171.50223,220.55682,262.62173,-171.55382,216.94579,262.27844,-171.58272,220.1288,265.09564,-70.941154,202.82376,265.5396,-150.13411,228.58583,279.44034,-139.3312,223.15303,278.61407,-162.37886,235.67865,318.0108,2.277048,169.08331,320.63324,-156.21054,232.151,375.61102,47.02316,160.04407,386.91513,-148.1222,231.98074,422.3366,4.7521925,162.60745,443.53806,-154.49084,236.4502,435.39322,-4.8864675,161.56973,457.5785,-170.69461,233.91908,436.03305,-23.908024,166.16365,457.1669,-181.09338,230.17357,431.0686,-4.970611,167.93144,451.77676,-157.32135,219.62642,417.77585,36.740414,181.27878,423.1981,-36.680805,252.89351,438.53632,-255.75833,169.5877,510.50278,-80.62956,246.81218,513.633,-126.37059,134.43799,472.0402,245.87373,238.78242,525.30365,-114.626396,129.17078,459.40176,278.82602,267.87134,539.6181,-179.21986,124.39183,488.9557,258.63696
Screenshot_20230220_020327.png,228.81091,270.8392,-170.67668,227.37744,263.1128,-153.90681,227.84236,263.2013,-153.96626,228.25658,263.20276,-154.03676,223.34785,262.80588,-171.50223,220.55682,262.62173,-171.55382,216.94579,262.27844,-171.58272,220.1288,265.09564,-70.941154,202.82376,265.5396,-150.13411,228.58583,279.44034,-139.3312,223.15303,278.61407,-162.37886,235.67865,318.0108,2.277048,169.08331,320.63324,-156.21054,232.151,375.61102,47.02316,160.04407,386.91513,-148.1222,231.98074,422.3366,4.7521925,162.60745,443.53806,-154.49084,236.4502,435.39322,-4.8864675,161.56973,457.5785,-170.69461,233.91908,436.03305,-23.908024,166.16365,457.1669,-181.09338,230.17357,431.0686,-4.970611,167.93144,451.77676,-157.32135,219.62642,417.77585,36.740414,181.27878,423.1981,-36.680805,252.89351,438.53632,-255.75833,169.5877,510.50278,-80.62956,246.81218,513.633,-126.37059,134.43799,472.0402,245.87373,238.78242,525.30365,-114.626396,129.17078,459.40176,278.82602,267.87134,539.6181,-179.21986,124.39183,488.9557,258.63696
Screenshot_20230220_020417 copy 2.png,255.73105,258.7697,-326.55096,255.885,250.79283,-306.75522,257.53058,250.67421,-306.78085,259.03006,250.53358,-306.8458,248.90448,251.20923,-322.8227,244.71126,251.53651,-322.9221,239.99747,251.94127,-322.95346,255.03702,254.23264,-205.27644,228.32294,257.25555,-279.25693,258.33142,268.83362,-288.9513,249.87462,269.74893,-310.41965,273.44165,309.82346,-110.528564,199.55244,317.9397,-277.11322,283.80737,370.8721,-65.99775,192.04582,395.37338,-299.54117,298.83456,418.55002,-127.46169,199.68266,458.777,-341.06717,305.94867,431.82443,-142.89854,198.91391,475.35843,-370.0887,304.00143,431.46844,-169.2646,207.83646,474.6755,-381.65018,300.7932,426.85815,-139.9095,209.58829,469.45816,-345.68295,252.48634,420.71045,47.591576,211.02441,430.44104,-47.65878,305.5562,448.68225,-219.27335,186.5924,518.72015,-102.68389,278.46463,505.6543,-17.514431,139.99371,480.89682,234.02486,269.06653,515.92377,2.6846066,130.62813,466.27295,268.79218,305.03183,530.93756,-44.349613,128.6464,497.7918,251.82747
Screenshot_20230220_020417 copy 3.png,255.73105,258.7697,-326.55096,255.885,250.79283,-306.75522,257.53058,250.67421,-306.78085,259.03006,250.53358,-306.8458,248.90448,251.20923,-322.8227,244.71126,251.53651,-322.9221,239.99747,251.94127,-322.95346,255.03702,254.23264,-205.27644,228.32294,257.25555,-279.25693,258.33142,268.83362,-288.9513,249.87462,269.74893,-310.41965,273.44165,309.82346,-110.528564,199.55244,317.9397,-277.11322,283.80737,370.8721,-65.99775,192.04582,395.37338,-299.54117,298.83456,418.55002,-127.46169,199.68266,458.777,-341.06717,305.94867,431.82443,-142.89854,198.91391,475.35843,-370.0887,304.00143,431.46844,-169.2646,207.83646,474.6755,-381.65018,300.7932,426.85815,-139.9095,209.58829,469.45816,-345.68295,252.48634,420.71045,47.591576,211.02441,430.44104,-47.65878,305.5562,448.68225,-219.27335,186.5924,518.72015,-102.68389,278.46463,505.6543,-17.514431,139.99371,480.89682,234.02486,269.06653,515.92377,2.6846066,130.62813,466.27295,268.79218,305.03183,530.93756,-44.349613,128.6464,497.7918,251.82747
Screenshot_20230220_020417 copy 4.png,255.73105,258.7697,-326.55096,255.885,250.79283,-306.75522,257.53058,250.67421,-306.78085,259.03006,250.53358,-306.8458,248.90448,251.20923,-322.8227,244.71126,251.53651,-322.9221,239.99747,251.94127,-322.95346,255.03702,254.23264,-205.27644,228.32294,257.25555,-279.25693,258.33142,268.83362,-288.9513,249.87462,269.74893,-310.41965,273.44165,309.82346,-110.528564,199.55244,317.9397,-277.11322,283.80737,370.8721,-65.99775,192.04582,395.37338,-299.54117,298.83456,418.55002,-127.46169,199.68266,458.777,-341.06717,305.94867,431.82443,-142.89854,198.91391,475.35843,-370.0887,304.00143,431.46844,-169.2646,207.83646,474.6755,-381.65018,300.7932,426.85815,-139.9095,209.58829,469.45816,-345.68295,252.48634,420.71045,47.591576,211.02441,430.44104,-47.65878,305.5562,448.68225,-219.27335,186.5924,518.72015,-102.68389,278.46463,505.6543,-17.514431,139.99371,480.89682,234.02486,269.06653,515.92377,2.6846066,130.62813,466.27295,268.79218,305.03183,530.93756,-44.349613,128.6464,497.7918,251.82747
Screenshot_20230220_020417 copy 5.png,255.73105,258.7697,-326.55096,255.885,250.79283,-306.75522,257.53058,250.67421,-306.78085,259.03006,250.53358,-306.8458,248.90448,251.20923,-322.8227,244.71126,251.53651,-322.9221,239.99747,251.94127,-322.95346,255.03702,254.23264,-205.27644,228.32294,257.25555,-279.25693,258.33142,268.83362,-288.9513,249.87462,269.74893,-310.41965,273.44165,309.82346,-110.528564,199.55244,317.9397,-277.11322,283.80737,370.8721,-65.99775,192.04582,395.37338,-299.54117,298.83456,418.55002,-127.46169,199.68266,458.777,-341.06717,305.94867,431.82443,-142.89854,198.91391,475.35843,-370.0887,304.00143,431.46844,-169.2646,207.83646,474.6755,-381.65018,300.7932,426.85815,-139.9095,209.58829,469.45816,-345.68295,252.48634,420.71045,47.591576,211.02441,430.44104,-47.65878,305.5562,448.68225,-219.27335,186.5924,518.72015,-102.68389,278.46463,505.6543,-17.514431,139.99371,480.89682,234.02486,269.06653,515.92377,2.6846066,130.62813,466.27295,268.79218,305.03183,530.93756,-44.349613,128.6464,497.7918,251.82747
Screenshot_20230220_020417 copy.png,255.73105,258.7697,-326.55096,255.885,250.79283,-306.75522,257.53058,250.67421,-306.78085,259.03006,250.53358,-306.8458,248.90448,251.20923,-322.8227,244.71126,251.53651,-322.9221,239.99747,251.94127,-322.95346,255.03702,254.23264,-205.27644,228.32294,257.25555,-279.25693,258.33142,268.83362,-288.9513,249.87462,269.74893,-310.41965,273.44165,309.82346,-110.528564,199.55244,317.9397,-277.11322,283.80737,370.8721,-65.99775,192.04582,395.37338,-299.54117,298.83456,418.55002,-127.46169,199.68266,458.777,-341.06717,305.94867,431.82443,-142.89854,198.91391,475.35843,-370.0887,304.00143,431.46844,-169.2646,207.83646,474.6755,-381.65018,300.7932,426.85815,-139.9095,209.58829,469.45816,-345.68295,252.48634,420.71045,47.591576,211.02441,430.44104,-47.65878,305.5562,448.68225,-219.27335,186.5924,518.72015,-102.68389,278.46463,505.6543,-17.514431,139.99371,480.89682,234.02486,269.06653,515.92377,2.6846066,130.62813,466.27295,268.79218,305.03183,530.93756,-44.349613,128.6464,497.7918,251.82747
Screenshot_20230220_020417.png,255.73105,258.7697,-326.55096,255.885,250.79283,-306.75522,257.53058,250.67421,-306.78085,259.03006,250.53358,-306.8458,248.90448,251.20923,-322.8227,244.71126,251.53651,-322.9221,239.99747,251.94127,-322.95346,255.03702,254.23264,-205.27644,228.32294,257.25555,-279.25693,258.33142,268.83362,-288.9513,249.87462,269.74893,-310.41965,273.44165,309.82346,-110.528564,199.55244,317.9397,-277.11322,283.80737,370.8721,-65.99775,192.04582,395.37338,-299.54117,298.83456,418.55002,-127.46169,199.68266,458.777,-341.06717,305.94867,431.82443,-142.89854,198.91391,475.35843,-370.0887,304.00143,431.46844,-169.2646,207.83646,474.6755,-381.65018,300.7932,426.85815,-139.9095,209.58829,469.45816,-345.68295,252.48634,420.71045,47.591576,211.02441,430.44104,-47.65878,305.5562,448.68225,-219.27335,186.5924,518.72015,-102.68389,278.46463,505.6543,-17.514431,139.99371,480.89682,234.02486,269.06653,515.92377,2.6846066,130.62813,466.27295,268.79218,305.03183,530.93756,-44.349613,128.6464,497.7918,251.82747
Screenshot_20230220_020445 copy 2.png,253.6006,271.8292,-314.29034,253.0773,263.99585,-294.56213,254.42206,263.90802,-294.59845,255.62056,263.77972,-294.66327,246.81877,264.25742,-312.6237,242.94753,264.41904,-312.70007,238.60732,264.62262,-312.72638,249.9898,267.1632,-194.82993,226.5788,269.2363,-277.7063,255.32262,281.46893,-277.29684,248.00526,282.12445,-301.35852,267.1145,322.1768,-96.41843,196.7852,329.2073,-282.9008,277.01978,384.46136,-52.049706,187.64978,405.94992,-309.79684,293.10052,434.54108,-109.050385,194.09065,468.24652,-346.72842,299.79535,450.167,-122.31069,192.36864,486.5171,-377.6142,297.46747,450.37027,-148.407,201.35393,485.6885,-386.9534,294.3535,444.79373,-121.58503,203.87086,479.832,-350.7097,246.20766,434.6945,53.368114,206.43988,444.36053,-53.437733,303.88605,459.57895,-152.93689,180.0927,533.11633,-86.65775,273.3578,521.30347,37.380863,127.95626,499.42776,230.23071,263.50833,532.3953,56.008144,119.2347,483.96005,263.11386,302.51514,545.98895,11.130771,115.11852,515.07983,243.58524
Screenshot_20230220_020445 copy 3.png,253.6006,271.8292,-314.29034,253.0773,263.99585,-294.56213,254.42206,263.90802,-294.59845,255.62056,263.77972,-294.66327,246.81877,264.25742,-312.6237,242.94753,264.41904,-312.70007,238.60732,264.62262,-312.72638,249.9898,267.1632,-194.82993,226.5788,269.2363,-277.7063,255.32262,281.46893,-277.29684,248.00526,282.12445,-301.35852,267.1145,322.1768,-96.41843,196.7852,329.2073,-282.9008,277.01978,384.46136,-52.049706,187.64978,405.94992,-309.79684,293.10052,434.54108,-109.050385,194.09065,468.24652,-346.72842,299.79535,450.167,-122.31069,192.36864,486.5171,-377.6142,297.46747,450.37027,-148.407,201.35393,485.6885,-386.9534,294.3535,444.79373,-121.58503,203.87086,479.832,-350.7097,246.20766,434.6945,53.368114,206.43988,444.36053,-53.437733,303.88605,459.57895,-152.93689,180.0927,533.11633,-86.65775,273.3578,521.30347,37.380863,127.95626,499.42776,230.23071,263.50833,532.3953,56.008144,119.2347,483.96005,263.11386,302.51514,545.98895,11.130771,115.11852,515.07983,243.58524
Screenshot_20230220_020445 copy 4.png,253.6006,271.8292,-314.29034,253.0773,263.99585,-294.56213,254.42206,263.90802,-294.59845,255.62056,263.77972,-294.66327,246.81877,264.25742,-312.6237,242.94753,264.41904,-312.70007,238.60732,264.62262,-312.72638,249.9898,267.1632,-194.82993,226.5788,269.2363,-277.7063,255.32262,281.46893,-277.29684,248.00526,282.12445,-301.35852,267.1145,322.1768,-96.41843,196.7852,329.2073,-282.9008,277.01978,384.46136,-52.049706,187.64978,405.94992,-309.79684,293.10052,434.54108,-109.050385,194.09065,468.24652,-346.72842,299.79535,450.167,-122.31069,192.36864,486.5171,-377.6142,297.46747,450.37027,-148.407,201.35393,485.6885,-386.9534,294.3535,444.79373,-121.58503,203.87086,479.832,-350.7097,246.20766,434.6945,53.368114,206.43988,444.36053,-53.437733,303.88605,459.57895,-152.93689,180.0927,533.11633,-86.65775,273.3578,521.30347,37.380863,127.95626,499.42776,230.23071,263.50833,532.3953,56.008144,119.2347,483.96005,263.11386,302.51514,545.98895,11.130771,115.11852,515.07983,243.58524
Screenshot_20230220_020445 copy 5.png,253.6006,271.8292,-314.29034,253.0773,263.99585,-294.56213,254.42206,263.90802,-294.59845,255.62056,263.77972,-294.66327,246.81877,264.25742,-312.6237,242.94753,264.41904,-312.70007,238.60732,264.62262,-312.72638,249.9898,267.1632,-194.82993,226.5788,269.2363,-277.7063,255.32262,281.46893,-277.29684,248.00526,282.12445,-301.35852,267.1145,322.1768,-96.41843,196.7852,329.2073,-282.9008,277.01978,384.46136,-52.049706,187.64978,405.94992,-309.79684,293.10052,434.54108,-109.050385,194.09065,468.24652,-346.72842,299.79535,450.167,-122.31069,192.36864,486.5171,-377.6142,297.46747,450.37027,-148.407,201.35393,485.6885,-386.9534,294.3535,444.79373,-121.58503,203.87086,479.832,-350.7097,246.20766,434.6945,53.368114,206.43988,444.36053,-53.437733,303.88605,459.57895,-152.93689,180.0927,533.11633,-86.65775,273.3578,521.30347,37.380863,127.95626,499.42776,230.23071,263.50833,532.3953,56.008144,119.2347,483.96005,263.11386,302.51514,545.98895,11.130771,115.11852,515.07983,243.58524
Screenshot_20230220_020445 copy.png,253.6006,271.8292,-314.29034,253.0773,263.99585,-294.56213,254.42206,263.90802,-294.59845,255.62056,263.77972,-294.66327,246.81877,264.25742,-312.6237,242.94753,264.41904,-312.70007,238.60732,264.62262,-312.72638,249.9898,267.1632,-194.82993,226.5788,269.2363,-277.7063,255.32262,281.46893,-277.29684,248.00526,282.12445,-301.35852,267.1145,322.1768,-96.41843,196.7852,329.2073,-282.9008,277.01978,384.46136,-52.049706,187.64978,405.94992,-309.79684,293.10052,434.54108,-109.050385,194.09065,468.24652,-346.72842,299.79535,450.167,-122.31069,192.36864,486.5171,-377.6142,297.46747,450.37027,-148.407,201.35393,485.6885,-386.9534,294.3535,444.79373,-121.58503,203.87086,479.832,-350.7097,246.20766,434.6945,53.368114,206.43988,444.36053,-53.437733,303.88605,459.57895,-152.93689,180.0927,533.11633,-86.65775,273.3578,521.30347,37.380863,127.95626,499.42776,230.23071,263.50833,532.3953,56.008144,119.2347,483.96005,263.11386,302.51514,545.98895,11.130771,115.11852,515.07983,243.58524
Screenshot_20230220_020445.png,253.6006,271.8292,-314.29034,253.0773,263.99585,-294.56213,254.42206,263.90802,-294.59845,255.62056,263.77972,-294.66327,246.81877,264.25742,-312.6237,242.94753,264.41904,-312.70007,238.60732,264.62262,-312.72638,249.9898,267.1632,-194.82993,226.5788,269.2363,-277.7063,255.32262,281.46893,-277.29684,248.00526,282.12445,-301.35852,267.1145,322.1768,-96.41843,196.7852,329.2073,-282.9008,277.01978,384.46136,-52.049706,187.64978,405.94992,-309.79684,293.10052,434.54108,-109.050385,194.09065,468.24652,-346.72842,299.79535,450.167,-122.31069,192.36864,486.5171,-377.6142,297.46747,450.37027,-148.407,201.35393,485.6885,-386.9534,294.3535,444.79373,-121.58503,203.87086,479.832,-350.7097,246.20766,434.6945,53.368114,206.43988,444.36053,-53.437733,303.88605,459.57895,-152.93689,180.0927,533.11633,-86.65775,273.3578,521.30347,37.380863,127.95626,499.42776,230.23071,263.50833,532.3953,56.008144,119.2347,483.96005,263.11386,302.51514,545.98895,11.130771,115.11852,515.07983,243.58524
Screenshot_20230220_020538 copy 2.png,243.82788,263.0414,-289.53726,245.69229,255.3595,-274.1396,247.59285,255.46988,-274.17767,249.47803,255.54945,-274.24677,238.29358,254.08984,-285.06866,234.72653,253.36958,-285.1437,230.69667,252.7494,-285.15692,247.18364,256.92844,-177.11523,220.26117,255.02203,-227.24542,245.0127,270.8415,-251.95773,236.82956,270.56445,-266.56934,263.0923,308.47137,-84.32443,189.42699,304.7609,-204.44507,266.67648,365.89383,-47.83935,177.40878,366.9887,-202.9367,272.73264,415.2347,-121.26361,178.61652,422.58862,-248.21921,276.86823,430.901,-139.8952,176.35423,439.39966,-273.1415,275.43484,430.6049,-165.0211,183.21275,439.37793,-287.5267,272.94122,426.10568,-133.60672,185.6791,433.99557,-253.66214,235.1887,406.28625,30.908089,197.28761,412.65787,-30.865585,279.80463,439.1244,-216.03561,179.4256,497.80014,-17.808983,270.34863,513.0186,-92.394745,134.16974,468.7211,323.022,262.3479,523.7833,-81.60456,124.67915,457.17474,357.19702,292.8397,541.92395,-156.16226,125.87691,490.80255,328.6
Screenshot_20230220_020538 copy 3.png,243.82788,263.0414,-289.53726,245.69229,255.3595,-274.1396,247.59285,255.46988,-274.17767,249.47803,255.54945,-274.24677,238.29358,254.08984,-285.06866,234.72653,253.36958,-285.1437,230.69667,252.7494,-285.15692,247.18364,256.92844,-177.11523,220.26117,255.02203,-227.24542,245.0127,270.8415,-251.95773,236.82956,270.56445,-266.56934,263.0923,308.47137,-84.32443,189.42699,304.7609,-204.44507,266.67648,365.89383,-47.83935,177.40878,366.9887,-202.9367,272.73264,415.2347,-121.26361,178.61652,422.58862,-248.21921,276.86823,430.901,-139.8952,176.35423,439.39966,-273.1415,275.43484,430.6049,-165.0211,183.21275,439.37793,-287.5267,272.94122,426.10568,-133.60672,185.6791,433.99557,-253.66214,235.1887,406.28625,30.908089,197.28761,412.65787,-30.865585,279.80463,439.1244,-216.03561,179.4256,497.80014,-17.808983,270.34863,513.0186,-92.394745,134.16974,468.7211,323.022,262.3479,523.7833,-81.60456,124.67915,457.17474,357.19702,292.8397,541.92395,-156.16226,125.87691,490.80255,328.6
Screenshot_20230220_020538 copy 4.png,243.82788,263.0414,-289.53726,245.69229,255.3595,-274.1396,247.59285,255.46988,-274.17767,249.47803,255.54945,-274.24677,238.29358,254.08984,-285.06866,234.72653,253.36958,-285.1437,230.69667,252.7494,-285.15692,247.18364,256.92844,-177.11523,220.26117,255.02203,-227.24542,245.0127,270.8415,-251.95773,236.82956,270.56445,-266.56934,263.0923,308.47137,-84.32443,189.42699,304.7609,-204.44507,266.67648,365.89383,-47.83935,177.40878,366.9887,-202.9367,272.73264,415.2347,-121.26361,178.61652,422.58862,-248.21921,276.86823,430.901,-139.8952,176.35423,439.39966,-273.1415,275.43484,430.6049,-165.0211,183.21275,439.37793,-287.5267,272.94122,426.10568,-133.60672,185.6791,433.99557,-253.66214,235.1887,406.28625,30.908089,197.28761,412.65787,-30.865585,279.80463,439.1244,-216.03561,179.4256,497.80014,-17.808983,270.34863,513.0186,-92.394745,134.16974,468.7211,323.022,262.3479,523.7833,-81.60456,124.67915,457.17474,357.19702,292.8397,541.92395,-156.16226,125.87691,490.80255,328.6
Screenshot_20230220_020538 copy 5.png,243.82788,263.0414,-289.53726,245.69229,255.3595,-274.1396,247.59285,255.46988,-274.17767,249.47803,255.54945,-274.24677,238.29358,254.08984,-285.06866,234.72653,253.36958,-285.1437,230.69667,252.7494,-285.15692,247.18364,256.92844,-177.11523,220.26117,255.02203,-227.24542,245.0127,270.8415,-251.95773,236.82956,270.56445,-266.56934,263.0923,308.47137,-84.32443,189.42699,304.7609,-204.44507,266.67648,365.89383,-47.83935,177.40878,366.9887,-202.9367,272.73264,415.2347,-121.26361,178.61652,422.58862,-248.21921,276.86823,430.901,-139.8952,176.35423,439.39966,-273.1415,275.43484,430.6049,-165.0211,183.21275,439.37793,-287.5267,272.94122,426.10568,-133.60672,185.6791,433.99557,-253.66214,235.1887,406.28625,30.908089,197.28761,412.65787,-30.865585,279.80463,439.1244,-216.03561,179.4256,497.80014,-17.808983,270.34863,513.0186,-92.394745,134.16974,468.7211,323.022,262.3479,523.7833,-81.60456,124.67915,457.17474,357.19702,292.8397,541.92395,-156.16226,125.87691,490.80255,328.6
Screenshot_20230220_020538 copy.png,243.82788,263.0414,-289.53726,245.69229,255.3595,-274.1396,247.59285,255.46988,-274.17767,249.47803,255.54945,-274.24677,238.29358,254.08984,-285.06866,234.72653,253.36958,-285.1437,230.69667,252.7494,-285.15692,247.18364,256.92844,-177.11523,220.26117,255.02203,-227.24542,245.0127,270.8415,-251.95773,236.82956,270.56445,-266.56934,263.0923,308.47137,-84.32443,189.42699,304.7609,-204.44507,266.67648,365.89383,-47.83935,177.40878,366.9887,-202.9367,272.73264,415.2347,-121.26361,178.61652,422.58862,-248.21921,276.86823,430.901,-139.8952,176.35423,439.39966,-273.1415,275.43484,430.6049,-165.0211,183.21275,439.37793,-287.5267,272.94122,426.10568,-133.60672,185.6791,433.99557,-253.66214,235.1887,406.28625,30.908089,197.28761,412.65787,-30.865585,279.80463,439.1244,-216.03561,179.4256,497.80014,-17.808983,270.34863,513.0186,-92.394745,134.16974,468.7211,323.022,262.3479,523.7833,-81.60456,124.67915,457.17474,357.19702,292.8397,541.92395,-156.16226,125.87691,490.80255,328.6
Screenshot_20230220_020538.png,243.82788,263.0414,-289.53726,245.69229,255.3595,-274.1396,247.59285,255.46988,-274.17767,249.47803,255.54945,-274.24677,238.29358,254.08984,-285.06866,234.72653,253.36958,-285.1437,230.69667,252.7494,-285.15692,247.18364,256.92844,-177.11523,220.26117,255.02203,-227.24542,245.0127,270.8415,-251.95773,236.82956,270.56445,-266.56934,263.0923,308.47137,-84.32443,189.42699,304.7609,-204.44507,266.67648,365.89383,-47.83935,177.40878,366.9887,-202.9367,272.73264,415.2347,-121.26361,178.61652,422.58862,-248.21921,276.86823,430.901,-139.8952,176.35423,439.39966,-273.1415,275.43484,430.6049,-165.0211,183.21275,439.37793,-287.5267,272.94122,426.10568,-133.60672,185.6791,433.99557,-253.66214,235.1887,406.28625,30.908089,197.28761,412.65787,-30.865585,279.80463,439.1244,-216.03561,179.4256,497.80014,-17.808983,270.34863,513.0186,-92.394745,134.16974,468.7211,323.022,262.3479,523.7833,-81.60456,124.67915,457.17474,357.19702,292.8397,541.92395,-156.16226,125.87691,490.80255,328.6
Screenshot_20230220_020606 copy 2.png,272.42795,281.95297,-137.75668,267.42245,270.29797,-126.032776,266.45615,269.9772,-126.14802,265.3045,269.5973,-126.223274,266.55157,270.65826,-158.70702,265.1361,270.66718,-158.73215,263.5688,270.59476,-158.80847,250.75197,272.33102,-65.4817,249.97304,274.22324,-213.99162,268.226,292.45248,-112.613235,267.14676,291.84616,-155.87584,231.8467,331.325,44.000553,226.41696,344.27258,-283.92728,226.387,411.00763,80.28034,220.96262,434.67215,-312.25928,234.53935,479.8559,35.923767,221.56699,507.17233,-291.7052,237.75116,489.5902,33.032097,220.2072,525.9408,-324.341,237.57883,497.71387,7.6135592,222.8353,527.38025,-327.0819,234.4702,491.3959,22.781435,222.91371,519.2725,-292.5168,227.96188,467.18396,100.0307,205.08174,479.77863,-100.10702,317.11908,472.40723,247.34297,220.84235,593.1615,-175.00362,294.67392,561.3525,400.67993,106.375755,572.0679,-21.59409,282.4671,579.9777,414.52112,88.724495,560.174,-2.864293,342.01492,579.24915,420.10812,112.86307,609.6158,-2.6460829
Screenshot_20230220_020606 copy 3.png,272.42795,281.95297,-137.75668,267.42245,270.29797,-126.032776,266.45615,269.9772,-126.14802,265.3045,269.5973,-126.223274,266.55157,270.65826,-158.70702,265.1361,270.66718,-158.73215,263.5688,270.59476,-158.80847,250.75197,272.33102,-65.4817,249.97304,274.22324,-213.99162,268.226,292.45248,-112.613235,267.14676,291.84616,-155.87584,231.8467,331.325,44.000553,226.41696,344.27258,-283.92728,226.387,411.00763,80.28034,220.96262,434.67215,-312.25928,234.53935,479.8559,35.923767,221.56699,507.17233,-291.7052,237.75116,489.5902,33.032097,220.2072,525.9408,-324.341,237.57883,497.71387,7.6135592,222.8353,527.38025,-327.0819,234.4702,491.3959,22.781435,222.91371,519.2725,-292.5168,227.96188,467.18396,100.0307,205.08174,479.77863,-100.10702,317.11908,472.40723,247.34297,220.84235,593.1615,-175.00362,294.67392,561.3525,400.67993,106.375755,572.0679,-21.59409,282.4671,579.9777,414.52112,88.724495,560.174,-2.864293,342.01492,579.24915,420.10812,112.86307,609.6158,-2.6460829
Screenshot_20230220_020606 copy 4.png,272.42795,281.95297,-137.75668,267.42245,270.29797,-126.032776,266.45615,269.9772,-126.14802,265.3045,269.5973,-126.223274,266.55157,270.65826,-158.70702,265.1361,270.66718,-158.73215,263.5688,270.59476,-158.80847,250.75197,272.33102,-65.4817,249.97304,274.22324,-213.99162,268.226,292.45248,-112.613235,267.14676,291.84616,-155.87584,231.8467,331.325,44.000553,226.41696,344.27258,-283.92728,226.387,411.00763,80.28034,220.96262,434.67215,-312.25928,234.53935,479.8559,35.923767,221.56699,507.17233,-291.7052,237.75116,489.5902,33.032097,220.2072,525.9408,-324.341,237.57883,497.71387,7.6135592,222.8353,527.38025,-327.0819,234.4702,491.3959,22.781435,222.91371,519.2725,-292.5168,227.96188,467.18396,100.0307,205.08174,479.77863,-100.10702,317.11908,472.40723,247.34297,220.84235,593.1615,-175.00362,294.67392,561.3525,400.67993,106.375755,572.0679,-21.59409,282.4671,579.9777,414.52112,88.724495,560.174,-2.864293,342.01492,579.24915,420.10812,112.86307,609.6158,-2.6460829
Screenshot_20230220_020606 copy 5.png,272.42795,281.95297,-137.75668,267.42245,270.29797,-126.032776,266.45615,269.9772,-126.14802,265.3045,269.5973,-126.223274,266.55157,270.65826,-158.70702,265.1361,270.66718,-158.73215,263.5688,270.59476,-158.80847,250.75197,272.33102,-65.4817,249.97304,274.22324,-213.99162,268.226,292.45248,-112.613235,267.14676,291.84616,-155.87584,231.8467,331.325,44.000553,226.41696,344.27258,-283.92728,226.387,411.00763,80.28034,220.96262,434.67215,-312.25928,234.53935,479.8559,35.923767,221.56699,507.17233,-291.7052,237.75116,489.5902,33.032097,220.2072,525.9408,-324.341,237.57883,497.71387,7.6135592,222.8353,527.38025,-327.0819,234.4702,491.3959,22.781435,222.91371,519.2725,-292.5168,227.96188,467.18396,100.0307,205.08174,479.77863,-100.10702,317.11908,472.40723,247.34297,220.84235,593.1615,-175.00362,294.67392,561.3525,400.67993,106.375755,572.0679,-21.59409,282.4671,579.9777,414.52112,88.724495,560.174,-2.864293,342.01492,579.24915,420.10812,112.86307,609.6158,-2.6460829
Screenshot_20230220_020606 copy.png,272.42795,281.95297,-137.75668,267.42245,270.29797,-126.032776,266.45615,269.9772,-126.14802,265.3045,269.5973,-126.223274,266.55157,270.65826,-158.70702,265.1361,270.66718,-158.73215,263.5688,270.59476,-158.80847,250.75197,272.33102,-65.4817,249.97304,274.22324,-213.99162,268.226,292.45248,-112.613235,267.14676,291.84616,-155.87584,231.8467,331.325,44.000553,226.41696,344.27258,-283.92728,226.387,411.00763,80.28034,220.96262,434.67215,-312.25928,234.53935,479.8559,35.923767,221.56699,507.17233,-291.7052,237.75116,489.5902,33.032097,220.2072,525.9408,-324.341,237.57883,497.71387,7.6135592,222.8353,527.38025,-327.0819,234.4702,491.3959,22.781435,222.91371,519.2725,-292.5168,227.96188,467.18396,100.0307,205.08174,479.77863,-100.10702,317.11908,472.40723,247.34297,220.84235,593.1615,-175.00362,294.67392,561.3525,400.67993,106.375755,572.0679,-21.59409,282.4671,579.9777,414.52112,88.724495,560.174,-2.864293,342.01492,579.24915,420.10812,112.86307,609.6158,-2.6460829
Screenshot_20230220_020606.png,272.42795,281.95297,-137.75668,267.42245,270.29797,-126.032776,266.45615,269.9772,-126.14802,265.3045,269.5973,-126.223274,266.55157,270.65826,-158.70702,265.1361,270.66718,-158.73215,263.5688,270.59476,-158.80847,250.75197,272.33102,-65.4817,249.97304,274.22324,-213.99162,268.226,292.45248,-112.613235,267.14676,291.84616,-155.87584,231.8467,331.325,44.000553,226.41696,344.27258,-283.92728,226.387,411.00763,80.28034,220.96262,434.67215,-312.25928,234.53935,479.8559,35.923767,221.56699,507.17233,-291.7052,237.75116,489.5902,33.032097,220.2072,525.9408,-324.341,237.57883,497.71387,7.6135592,222.8353,527.38025,-327.0819,234.4702,491.3959,22.781435,222.91371,519.2725,-292.5168,227.96188,467.18396,100.0307,205.08174,479.77863,-100.10702,317.11908,472.40723,247.34297,220.84235,593.1615,-175.00362,294.67392,561.3525,400.67993,106.375755,572.0679,-21.59409,282.4671,579.9777,414.52112,88.724495,560.174,-2.864293,342.01492,579.24915,420.10812,112.86307,609.6158,-2.6460829
Screenshot_20230220_020908 copy 2.png,267.93832,239.0747,-153.93721,263.9421,230.10805,-140.29416,263.33432,230.05305,-140.36328,262.65005,229.9576,-140.392,262.15158,230.10464,-173.26532,260.36853,230.02818,-173.3287,258.19998,229.82423,-173.42213,249.48862,233.12677,-68.04478,244.5629,233.15988,-218.22093,264.7621,249.90163,-124.87963,262.2902,249.4483,-168.52834,227.92807,286.7327,58.89689,228.3098,288.49084,-298.0498,217.80948,363.305,78.10037,219.91112,370.92093,-324.58014,221.87784,423.73334,4.0133815,233.08229,446.59442,-268.99802,225.66753,443.6522,-4.21131,231.17807,467.0904,-301.27405,225.20282,443.04816,-30.644472,237.43379,468.1917,-297.7867,223.77086,434.09122,-10.882899,238.57281,461.79022,-265.96768,212.50034,426.373,108.47298,198.311,430.3264,-108.61683,301.93002,433.45273,244.64415,166.6509,543.1306,-160.48367,278.0355,520.9734,407.16373,55.152473,528.9122,-21.38158,265.6242,536.1809,421.2295,38.37157,517.40125,-5.2927933,321.65982,541.0156,414.43463,51.702084,570.9856,-32.235744
Screenshot_20230220_020908 copy 3.png,267.93832,239.0747,-153.93721,263.9421,230.10805,-140.29416,263.33432,230.05305,-140.36328,262.65005,229.9576,-140.392,262.15158,230.10464,-173.26532,260.36853,230.02818,-173.3287,258.19998,229.82423,-173.42213,249.48862,233.12677,-68.04478,244.5629,233.15988,-218.22093,264.7621,249.90163,-124.87963,262.2902,249.4483,-168.52834,227.92807,286.7327,58.89689,228.3098,288.49084,-298.0498,217.80948,363.305,78.10037,219.91112,370.92093,-324.58014,221.87784,423.73334,4.0133815,233.08229,446.59442,-268.99802,225.66753,443.6522,-4.21131,231.17807,467.0904,-301.27405,225.20282,443.04816,-30.644472,237.43379,468.1917,-297.7867,223.77086,434.09122,-10.882899,238.57281,461.79022,-265.96768,212.50034,426.373,108.47298,198.311,430.3264,-108.61683,301.93002,433.45273,244.64415,166.6509,543.1306,-160.48367,278.0355,520.9734,407.16373,55.152473,528.9122,-21.38158,265.6242,536.1809,421.2295,38.37157,517.40125,-5.2927933,321.65982,541.0156,414.43463,51.702084,570.9856,-32.235744
Screenshot_20230220_020908 copy 4.png,267.93832,239.0747,-153.93721,263.9421,230.10805,-140.29416,263.33432,230.05305,-140.36328,262.65005,229.9576,-140.392,262.15158,230.10464,-173.26532,260.36853,230.02818,-173.3287,258.19998,229.82423,-173.42213,249.48862,233.12677,-68.04478,244.5629,233.15988,-218.22093,264.7621,249.90163,-124.87963,262.2902,249.4483,-168.52834,227.92807,286.7327,58.89689,228.3098,288.49084,-298.0498,217.80948,363.305,78.10037,219.91112,370.92093,-324.58014,221.87784,423.73334,4.0133815,233.08229,446.59442,-268.99802,225.66753,443.6522,-4.21131,231.17807,467.0904,-301.27405,225.20282,443.04816,-30.644472,237.43379,468.1917,-297.7867,223.77086,434.09122,-10.882899,238.57281,461.79022,-265.96768,212.50034,426.373,108.47298,198.311,430.3264,-108.61683,301.93002,433.45273,244.64415,166.6509,543.1306,-160.48367,278.0355,520.9734,407.16373,55.152473,528.9122,-21.38158,265.6242,536.1809,421.2295,38.37157,517.40125,-5.2927933,321.65982,541.0156,414.43463,51.702084,570.9856,-32.235744
Screenshot_20230220_020908 copy 5.png,267.93832,239.0747,-153.93721,263.9421,230.10805,-140.29416,263.33432,230.05305,-140.36328,262.65005,229.9576,-140.392,262.15158,230.10464,-173.26532,260.36853,230.02818,-173.3287,258.19998,229.82423,-173.42213,249.48862,233.12677,-68.04478,244.5629,233.15988,-218.22093,264.7621,249.90163,-124.87963,262.2902,249.4483,-168.52834,227.92807,286.7327,58.89689,228.3098,288.49084,-298.0498,217.80948,363.305,78.10037,219.91112,370.92093,-324.58014,221.87784,423.73334,4.0133815,233.08229,446.59442,-268.99802,225.66753,443.6522,-4.21131,231.17807,467.0904,-301.27405,225.20282,443.04816,-30.644472,237.43379,468.1917,-297.7867,223.77086,434.09122,-10.882899,238.57281,461.79022,-265.96768,212.50034,426.373,108.47298,198.311,430.3264,-108.61683,301.93002,433.45273,244.64415,166.6509,543.1306,-160.48367,278.0355,520.9734,407.16373,55.152473,528.9122,-21.38158,265.6242,536.1809,421.2295,38.37157,517.40125,-5.2927933,321.65982,541.0156,414.43463,51.702084,570.9856,-32.235744
Screenshot_20230220_020908 copy.png,267.93832,239.0747,-153.93721,263.9421,230.10805,-140.29416,263.33432,230.05305,-140.36328,262.65005,229.9576,-140.392,262.15158,230.10464,-173.26532,260.36853,230.02818,-173.3287,258.19998,229.82423,-173.42213,249.48862,233.12677,-68.04478,244.5629,233.15988,-218.22093,264.7621,249.90163,-124.87963,262.2902,249.4483,-168.52834,227.92807,286.7327,58.89689,228.3098,288.49084,-298.0498,217.80948,363.305,78.10037,219.91112,370.92093,-324.58014,221.87784,423.73334,4.0133815,233.08229,446.59442,-268.99802,225.66753,443.6522,-4.21131,231.17807,467.0904,-301.27405,225.20282,443.04816,-30.644472,237.43379,468.1917,-297.7867,223.77086,434.09122,-10.882899,238.57281,461.79022,-265.96768,212.50034,426.373,108.47298,198.311,430.3264,-108.61683,301.93002,433.45273,244.64415,166.6509,543.1306,-160.48367,278.0355,520.9734,407.16373,55.152473,528.9122,-21.38158,265.6242,536.1809,421.2295,38.37157,517.40125,-5.2927933,321.65982,541.0156,414.43463,51.702084,570.9856,-32.235744
Screenshot_20230220_020908.png,267.93832,239.0747,-153.93721,263.9421,230.10805,-140.29416,263.33432,230.05305,-140.36328,262.65005,229.9576,-140.392,262.15158,230.10464,-173.26532,260.36853,230.02818,-173.3287,258.19998,229.82423,-173.42213,249.48862,233.12677,-68.04478,244.5629,233.15988,-218.22093,264.7621,249.90163,-124.87963,262.2902,249.4483,-168.52834,227.92807,286.7327,58.89689,228.3098,288.49084,-298.0498,217.80948,363.305,78.10037,219.91112,370.92093,-324.58014,221.87784,423.73334,4.0133815,233.08229,446.59442,-268.99802,225.66753,443.6522,-4.21131,231.17807,467.0904,-301.27405,225.20282,443.04816,-30.644472,237.43379,468.1917,-297.7867,223.77086,434.09122,-10.882899,238.57281,461.79022,-265.96768,212.50034,426.373,108.47298,198.311,430.3264,-108.61683,301.93002,433.45273,244.64415,166.6509,543.1306,-160.48367,278.0355,520.9734,407.16373,55.152473,528.9122,-21.38158,265.6242,536.1809,421.2295,38.37157,517.40125,-5.2927933,321.65982,541.0156,414.43463,51.702084,570.9856,-32.235744
Screenshot_20230220_021009.png,244.2468,134.9622,-378.59143,249.6962,122.87154,-357.45813,253.79099,123.36339,-357.503,257.7197,123.71232,-357.57193,234.813,122.344666,-358.83786,227.97716,122.806114,-358.88364,221.86227,123.42561,-358.8887,260.5166,130.98727,-240.58728,210.05872,132.37976,-245.5621,249.69124,150.71664,-335.27368,232.30089,150.03944,-336.8809,301.24316,229.46259,-185.50685,164.4647,230.63702,-185.05365,306.5155,341.0174,-160.45576,155.69582,341.04236,-137.6011,299.54965,430.06082,-244.55382,148.76582,428.93262,-201.0223,298.8721,455.6165,-268.53006,143.2749,454.04337,-221.0311,294.41125,453.07507,-297.46884,148.34154,453.75873,-254.04747,291.62564,443.4635,-255.96756,152.99123,446.23468,-214.5466,261.06226,391.5721,0.15291023,187.11047,394.4624,-0.28083536,248.3975,428.50455,-386.85825,177.83878,536.6471,-61.367588,257.10696,566.69165,-172.11101,195.92378,476.21988,449.40985,255.2707,583.28516,-152.31181,198.90157,461.76233,502.27502,257.59857,622.3155,-265.9966,194.80702,529.53,488.54678
Screenshot_20230220_021246.png,223.14674,175.45944,-125.264595,230.68106,166.54803,-108.2613,234.87086,166.76955,-108.28273,238.48042,167.3601,-108.33893,216.82106,166.73738,-104.06898,211.97237,167.59502,-104.083305,208.01312,168.36282,-104.06822,244.953,174.97487,-33.584225,203.46089,176.9151,-13.134907,232.90047,188.49348,-99.99618,214.78438,188.42442,-94.30568,278.65155,260.70743,-23.231073,165.0687,256.34085,4.65908,292.43787,351.53766,-11.17922,144.84457,341.4937,40.24874,300.99503,437.19095,-47.486027,132.16849,419.52872,2.6886942,300.99207,459.41907,-57.70841,128.92221,443.94968,-7.469941,293.6384,457.8827,-80.405464,136.37119,443.9415,-28.402166,290.54483,451.0304,-55.03496,140.07423,436.22763,-5.929457,248.83829,400.11716,-7.7969403,184.95854,407.17825,7.57159,239.32532,433.85208,-321.01855,175.79814,537.9036,-46.42298,250.31763,563.1453,-236.24805,189.35587,492.76184,327.7019,253.26155,575.40735,-229.18228,193.737,481.41028,368.52914,234.98958,614.7608,-323.1024,195.50519,519.7958,380.65164
Shallow-Static-Lunges-9557938135c647b3972273fb29f4052e.jpg,777.6553,232.06157,-162.05927,789.0719,217.39203,-119.44487,794.71063,217.81808,-119.44086,798.92786,218.523,-119.43362,768.70825,217.21431,-119.19597,762.2789,217.54861,-119.22027,755.803,218.03543,-119.210815,808.33435,227.15678,80.27404,748.3224,225.52193,85.43231,789.8342,250.29076,-91.71959,765.7393,248.75739,-90.50366,854.5349,324.0837,123.239456,693.5192,324.71548,93.735634,915.72565,413.64758,-198.47173,633.901,401.29922,-222.06297,800.77295,336.4839,-530.695,741.74243,328.92035,-464.8558,778.42865,315.65417,-598.6436,764.6765,306.1833,-519.5672,777.6601,312.1249,-540.9873,769.8976,306.1092,-469.33936,782.63696,319.9139,-514.35803,766.84204,315.35828,-448.22452,824.86316,546.753,6.2270823,729.0428,555.219,-5.8848705,845.4476,629.19366,-636.5887,665.92035,777.86835,-24.022545,828.2914,823.5246,-465.65817,665.17664,747.00806,644.59033,818.19257,840.47504,-452.4693,655.014,732.20245,711.71936,833.3817,895.2871,-670.29376,643.80194,799.8862,642.69525
Static-Lunge.jpg,699.72705,100.93649,-129.4931,692.92755,87.77545,-107.73167,691.457,87.4827,-107.87172,689.7808,87.08296,-107.96043,691.9514,87.923904,-157.18353,689.85455,87.74466,-157.17915,687.3876,87.38301,-157.27571,668.7593,91.847206,-14.091967,666.1828,92.02286,-239.03662,691.98425,116.31026,-92.40103,690.3088,115.86885,-158.069,627.68945,173.3772,145.59235,620.6276,179.17224,-363.8247,615.2149,284.1559,190.85902,600.6033,297.13467,-434.9604,643.66144,379.1117,121.68195,622.4337,402.11356,-419.88086,650.0293,399.48523,119.60855,622.65875,430.376,-472.45538,652.4323,402.62146,78.19287,636.2768,431.34097,-467.41934,650.6652,394.5777,100.379105,638.5669,421.73303,-417.60464,626.22095,362.37964,151.33667,596.59106,373.2128,-151.61438,765.94934,373.40076,271.44073,569.08575,535.61176,-251.67247,737.2459,525.91473,470.4448,414.67715,509.52084,-73.243065,717.082,546.6719,487.1276,389.44424,489.6431,-51.093933,803.58795,558.46454,472.2442,401.80887,554.4464,-70.406715
Static_Lunge_BW_400x.jpg,218.45564,72.03944,-0.5910574,216.29872,68.92195,3.9488614,215.98012,68.924194,3.9583993,215.59576,68.914604,3.9540584,215.76906,69.03044,-10.3303385,215.07292,69.121895,-10.344143,214.28384,69.224976,-10.328581,209.97906,70.82185,33.14282,209.64232,71.30762,-30.581135,217.54536,76.28601,11.316373,216.92784,76.18227,-7.410673,199.75246,96.041336,80.898476,204.5227,96.80488,-70.81846,213.0046,124.0003,37.19328,217.46944,126.42108,-39.523067,221.8812,103.55514,-58.088406,224.67986,101.56626,79.42438,225.28093,97.11084,-66.823715,226.93634,96.074524,88.079315,221.10164,95.758286,-58.12794,222.53432,95.32004,83.61709,218.28194,97.6874,-57.986588,220.27155,96.97771,82.302055,185.08325,152.43225,47.272408,182.58778,154.02376,-47.449734,229.511,153.63354,83.89739,185.84863,208.90993,-102.776825,223.50607,199.58287,117.23243,137.46358,199.22264,-92.48307,217.61646,207.88066,120.441185,128.59843,193.73778,-88.96093,243.12283,207.27785,127.2814,133.62201,217.49348,-86.43137
Static_Lunge_DB_2400x.jpg,1083.9109,438.04507,-134.3665,1101.5135,411.3722,-155.66814,1109.2383,411.17502,-155.60999,1117.3115,410.66528,-155.63818,1089.894,410.8986,-72.6959,1089.2122,410.4827,-72.69609,1088.6162,409.81125,-72.90702,1157.667,420.56097,-208.31042,1127.5923,417.62015,152.68568,1101.6699,469.3696,-153.4617,1090.1581,469.69104,-48.925964,1259.1499,580.74817,-454.01846,1158.9363,593.8558,414.5639,1297.6846,828.9158,-521.0296,1180.8369,809.2594,457.3321,1284.15,1032.9844,-413.86374,1152.4678,988.2724,238.94656,1293.7052,1086.7196,-483.36746,1142.0258,1026.651,208.1963,1265.992,1087.9933,-493.11493,1143.263,1026.4626,141.93303,1259.2784,1070.6575,-408.19656,1147.6199,1015.6596,198.82559,1322.3577,960.4646,-297.8956,1264.4409,966.6941,297.4081,999.5538,986.0448,-315.09116,1310.2972,1290.6198,188.03255,1049.2905,1303.2454,13.385888,1560.7421,1203.0903,602.41425,1090.8749,1349.6887,43.599518,1602.0856,1152.9288,656.48456,913.0505,1366.9628,3.446021,1608.4426,1295.2083,665.0338
Static_Lunge_DB_400x.jpg,180.34404,72.09236,-17.988924,183.45471,67.65689,-22.20071,184.64949,67.64126,-22.195925,185.9636,67.62106,-22.201845,181.74236,67.62251,-7.9601297,181.6685,67.59336,-7.959093,181.62682,67.52601,-7.998474,192.81848,69.83963,-34.47357,188.00156,69.134705,27.537273,183.20654,77.588264,-22.52067,181.38383,77.465866,-4.522387,209.19307,97.15137,-75.637856,193.96365,99.1201,69.355865,215.43932,138.67369,-88.10683,197.90385,135.57047,75.48393,213.37144,172.76398,-72.539696,192.98515,167.0484,39.18739,214.90834,181.1377,-85.44402,191.65865,173.68085,33.99528,210.31554,181.44019,-85.69351,191.08394,173.63834,21.964212,209.15668,178.91478,-71.32793,191.73982,172.18954,32.121113,218.9637,159.87231,-49.993397,210.065,160.48882,49.923767,165.16055,163.86455,-51.281433,217.36076,214.69948,29.791843,174.23244,215.86725,11.626082,259.20114,200.02344,96.876976,180.95853,223.43219,17.410704,267.2255,191.9076,105.49032,152.6012,227.01636,12.463771,268.17496,215.35614,103.976234
Stationary-Lunge-to-Overhead-Press_Exercise.jpg,160.15459,141.28654,-119.44399,156.9831,134.10881,-102.49939,157.16241,134.10919,-102.49925,157.33649,134.08107,-102.560074,153.9211,134.29979,-126.65083,151.85432,134.51503,-126.68523,149.17993,134.74297,-126.691086,150.09981,137.75894,-23.545826,137.76682,139.69688,-134.41447,160.21455,148.36104,-88.71221,155.899,148.83432,-121.139565,159.4306,167.8953,39.17839,119.95346,179.23897,-176.3187,167.97023,112.15483,91.62084,115.26614,115.69456,-267.81625,168.33522,59.278442,52.87414,114.52707,60.67898,-294.36877,166.16212,51.12953,49.120888,111.94715,52.140068,-317.45474,162.85542,51.02556,40.127266,114.70921,50.395058,-305.0073,162.12746,53.18718,44.811844,116.43105,52.54562,-290.2838,175.71457,277.57617,61.273746,144.22829,289.95135,-61.208138,240.0353,289.77637,-88.42914,109.59395,359.6705,-54.598984,221.3028,361.42157,-35.12397,37.857456,331.30347,168.66005,208.26582,374.1206,-30.809301,26.629934,318.81503,191.12257,254.58572,382.587,-73.23573,35.45402,357.97122,178.87024
Stationary-Lunge-to-Overhead-Press_Featured.jpg,158.60985,91.4278,-102.26616,156.85945,85.9678,-87.54433,157.22714,85.96207,-87.55012,157.61305,85.95932,-87.603516,154.11043,86.342865,-107.40086,152.31876,86.62475,-107.43885,150.0516,86.935074,-107.45572,152.54083,89.33326,-20.020988,141.17415,90.47264,-110.63399,158.99637,97.786896,-76.29688,155.2178,98.19681,-102.91771,160.3717,112.8236,30.591301,127.46597,123.70101,-145.75906,167.45502,68.89168,72.369316,123.37169,71.47465,-239.44434,167.14255,24.919027,43.172737,123.54325,24.789227,-274.2085,165.13837,17.197592,38.372593,122.52851,17.314178,-296.66498,162.13612,16.866196,32.338993,124.0736,15.952081,-284.61182,161.46507,18.991774,37.41249,125.53873,18.767416,-270.66983,171.71764,203.77963,49.008286,146.50287,214.40454,-48.94818,226.39442,214.23062,-109.065315,115.90624,273.0857,-46.537235,211.70105,273.53107,-53.86401,56.493042,249.01189,141.22156,199.9512,284.01846,-48.99428,46.080807,240.34366,160.24182,238.72926,291.4816,-87.63275,56.406784,274.49326,151.17563
Stationary-Lunge_Exercise.jpg,159.31082,95.24157,-83.063774,156.10153,89.38278,-67.97719,156.4466,89.25674,-68.01153,156.70247,89.07401,-68.04136,152.68811,90.148254,-87.70938,150.14445,90.79577,-87.736015,147.19734,91.52055,-87.74624,148.27708,93.63967,2.033519,136.99216,97.149506,-87.399124,160.50381,103.25598,-56.519207,156.30116,103.55445,-82.535065,151.77846,132.81027,86.153275,128.46379,141.46147,-124.67282,148.47797,183.65161,106.48418,100.6515,190.4457,-134.13852,166.14151,214.07689,43.144135,135.76413,224.37918,-106.48426,172.83372,218.91032,39.63513,145.65613,232.32283,-121.11556,173.92903,218.11475,18.158836,149.02983,224.87689,-114.52929,170.31567,220.0659,31.78026,146.4993,222.05574,-101.714836,171.98744,235.48907,68.272896,148.07301,244.428,-68.31847,241.32634,238.52495,34.99449,128.44623,328.00693,-115.38701,225.95361,315.39047,87.493286,56.623455,303.73718,11.502135,214.60327,328.08426,91.16762,44.258785,290.50787,26.944986,257.19174,334.4269,75.799324,43.473457,326.6918,32.82324
Stationary-Lunge_Featured1.jpg,159.34933,43.82724,-69.798,155.70477,37.712734,-54.886986,155.8544,37.555416,-54.92538,155.91315,37.401974,-54.958794,152.82596,38.508385,-76.62596,150.79337,39.00868,-76.64899,148.21994,39.606697,-76.67603,147.1259,42.024708,13.598665,138.25975,45.217796,-84.72389,160.4211,51.761566,-43.6381,156.92606,52.6209,-72.24989,152.42543,82.18963,97.25624,128.07321,92.649994,-127.10129,140.84517,128.06612,125.09442,100.98209,139.85487,-140.82932,166.82652,167.09476,65.31309,135.25723,173.12798,-118.46455,173.14827,171.00748,62.078426,142.77557,181.95906,-135.44214,174.41751,170.52292,39.042374,147.71277,175.20891,-129.74701,171.83017,167.32858,53.324936,145.45319,172.41858,-114.37413,171.04341,184.20335,71.95246,147.82382,193.10553,-72.012474,240.71648,190.118,24.266113,129.27884,276.59894,-118.96051,225.74031,265.42075,81.17683,58.757114,253.59674,20.519506,213.96944,277.27545,85.47268,45.983486,239.10431,37.451797,257.9388,285.83838,67.919014,46.318344,276.2837,43.75208
StationaryLungeExerciseDemonstration.jpg,521.559,364.63675,-374.59854,509.30905,348.0202,-334.45166,508.05914,347.54315,-334.65677,506.44998,346.98257,-334.77267,505.67026,350.2309,-401.7068,501.8967,351.40497,-401.7876,497.6812,352.597,-401.89368,477.13815,361.861,-168.76004,470.22644,367.643,-471.87744,519.4408,385.92273,-312.60794,513.5345,387.53293,-400.65817,487.1364,490.10956,40.124794,433.86774,520.942,-594.29193,481.2492,657.6285,65.43954,419.65115,708.3332,-644.4365,494.2719,777.3914,-57.049076,453.02115,856.7083,-598.69293,521.4501,836.275,-67.036026,452.4981,893.1933,-665.17957,509.47714,838.3774,-118.013596,470.89548,889.95593,-667.04974,501.50305,822.4951,-83.29153,472.76758,878.79004,-598.52716,494.28918,751.9305,192.10527,427.99506,777.809,-192.51672,681.557,759.91034,263.91382,350.16818,983.2311,-325.22058,669.39557,950.89874,450.07678,132.36638,950.4429,-84.80194,641.38556,988.0049,465.20847,86.96128,928.39557,-55.31381,760.1329,987.34393,434.63034,114.431206,1014.68,-76.29984
image_iphone.jpg,334.02484,77.74258,-247.9467,328.31152,64.91235,-215.32698,329.3491,64.44975,-215.39142,330.34442,63.99481,-215.51727,320.0847,67.40465,-249.4927,314.8277,69.19876,-249.52315,308.21802,71.52948,-249.51927,313.75308,73.864555,-50.641094,287.3119,83.31947,-204.92712,336.83514,93.10159,-184.33073,327.06024,95.95688,-229.03131,345.91708,150.67787,109.14268,248.54617,176.84,-199.1781,367.05682,226.79974,222.7777,173.65129,277.46432,-178.42279,375.75873,294.23138,131.23419,246.70062,347.0761,-183.67995,375.7163,314.4362,120.36461,266.2636,364.09595,-208.88177,371.91736,311.77188,77.315636,275.57364,349.47137,-214.7812,370.82187,305.17902,112.516624,269.2239,344.1682,-181.13278,354.25928,353.03833,98.455826,287.8461,373.03333,-98.438614,482.2541,396.36478,-324.8486,245.2919,536.03986,-166.79156,463.92288,548.0925,-210.58286,137.22891,465.9472,275.2705,440.8626,571.4771,-201.86218,123.44229,439.50574,320.61322,520.24316,594.57227,-306.2705,121.99097,506.90814,305.92838
lunge-mallory-creveling-trevor-raab-fitness-shoots-0240-1647378565.jpg,668.2872,451.63574,-15.374446,659.1601,433.1836,11.402998,657.12683,432.43964,11.253786,654.9229,431.7215,11.159205,658.2663,434.25934,-52.975212,655.69037,434.35886,-52.940853,652.72644,434.4499,-53.00528,630.3969,436.42432,125.78905,628.6588,438.97586,-166.3949,659.5417,469.17184,31.038769,657.56116,468.92783,-54.234978,576.66315,527.7877,319.04132,583.72284,531.9483,-342.9198,535.8412,652.315,375.18274,530.64246,649.4802,-407.99875,574.1903,740.90063,268.25473,558.9115,756.91125,-341.18192,582.3276,762.00146,264.6501,570.125,781.20514,-391.70337,587.19525,754.807,222.00468,582.8422,768.6262,-376.74112,584.8696,746.7096,244.42824,580.27563,762.4907,-332.03445,568.82855,788.0342,205.91812,555.37805,794.0348,-206.30753,759.97845,802.8688,372.47165,534.598,1025.229,-388.28854,703.8461,994.69147,600.16895,345.46066,975.0546,-201.7896,678.59735,1029.6627,619.48883,310.5933,950.0734,-174.96674,797.2018,1035.4279,610.5878,325.4226,1048.2886,-179.01463
lungeA.jpg,339.0215,284.03015,-115.88593,345.50327,271.42697,-143.80809,347.8854,271.51126,-143.7426,350.57156,271.43753,-143.80301,343.5164,270.2708,-94.28007,344.27048,269.72305,-94.32785,345.16782,269.0527,-94.33895,373.00345,274.60858,-211.10701,367.68652,272.86502,8.39684,346.68448,296.53055,-136.91565,344.0572,296.28525,-73.82798,414.8029,356.51715,-295.54095,381.6616,344.95276,141.812,459.23053,462.91287,-242.58453,394.8108,443.34988,124.32672,365.39716,466.73444,-21.072493,362.47583,473.23697,-25.752584,346.2598,467.60693,-32.995502,350.8055,480.25284,-50.926987,347.24823,454.3919,-22.20295,351.9909,472.623,-71.60152,351.72977,453.43063,-7.7247667,356.3253,471.56717,-42.475346,405.8585,533.98083,-152.88806,391.19766,524.40704,152.7309,261.86426,543.932,-95.74377,428.18985,646.5847,265.39474,275.07895,674.977,17.100681,559.1535,623.0429,406.69836,294.4171,698.4648,28.603004,584.3316,609.54047,424.74707,213.7029,695.88776,14.793456,559.613,656.6045,444.7429
lunge_muscles_worked_2000x.jpg,412.14053,199.382,-282.1254,427.72748,175.1352,-303.23038,434.5442,174.4372,-303.20105,443.15994,173.89691,-303.30447,417.03195,175.64255,-241.80052,415.81552,175.08044,-241.87003,414.8694,174.3812,-241.86577,483.6708,186.46497,-279.65143,442.1453,184.19775,-2.7912445,429.76224,225.51863,-266.49466,417.40662,223.09258,-187.28514,579.552,309.5204,-295.23477,438.83194,320.70932,233.49738,675.90936,466.90585,-716.8795,446.47333,431.9405,107.10574,621.40375,316.6194,-1045.9072,416.2614,315.3696,-217.93561,608.7661,280.31326,-1096.0364,406.5905,284.93936,-236.2945,610.6981,266.55618,-1040.9254,408.38852,282.53244,-196.95457,605.72095,280.12683,-1023.3949,417.86862,293.05368,-213.35446,590.14075,620.9174,-211.92986,510.41876,617.79755,211.85796,415.45007,623.2506,-651.4767,597.318,897.44727,283.4037,417.9984,924.66376,-636.2711,767.39886,806.0242,671.16595,448.33456,963.1402,-639.45447,801.5836,768.44446,713.74884,315.3341,976.52783,-805.7302,780.891,905.673,686.9142
lunges-370x207.jpg,168.12018,41.76158,-5.848459,170.73392,39.03977,-11.518462,171.47296,39.20328,-11.524681,172.29721,39.335735,-11.546528,169.95042,38.83532,2.6728697,170.11316,38.859158,2.6894066,170.35065,38.808514,2.682845,176.91548,42.2102,-27.624725,175.00082,41.419487,34.902042,169.47488,46.25394,-11.453731,168.48468,45.99208,6.666027,182.42952,66.1541,-64.0829,176.2357,64.32066,73.71976,196.79932,89.58994,-80.225945,181.93799,88.52077,84.15416,181.05121,106.376,-63.15826,177.67712,104.68712,56.52823,177.26547,111.02407,-73.99172,177.09457,108.24879,54.629288,171.65797,110.15599,-68.172554,176.58014,107.19464,44.9306,172.87514,108.74704,-59.495094,176.82397,106.03581,50.94868,179.63016,119.684586,-45.663704,180.2438,118.62824,45.677418,137.43747,122.51431,-57.07262,196.4371,156.75131,46.510506,143.31006,159.53644,-27.87423,235.8719,151.18457,76.13073,149.69876,165.35765,-25.012295,242.12244,145.0182,79.97107,126.194244,169.50671,-32.204525,245.74983,163.91603,75.6536
lunges.jpg,347.84045,91.7901,-20.67049,353.96112,85.367424,-33.194904,355.30975,85.54267,-33.210876,356.8526,85.65247,-33.265125,353.32883,84.97178,-3.6824534,354.14764,84.8741,-3.645932,355.13333,84.65718,-3.6528134,366.94864,90.52133,-69.890526,365.08203,89.15011,60.639633,350.81317,100.05932,-33.459354,349.9237,99.66687,4.329869,379.1841,139.54541,-143.33778,372.0551,135.75005,140.56882,413.7876,186.94795,-177.49019,386.72934,184.18849,152.23741,379.37454,223.39984,-131.77257,367.38373,216.87889,83.29005,372.38138,233.58473,-152.90671,365.1446,226.4355,77.800606,362.66464,231.67635,-137.01761,361.51633,224.17014,57.21743,365.60587,228.95667,-122.50356,364.29672,221.37857,71.00844,375.32233,250.98048,-95.29516,372.21313,246.73457,95.33022,285.718,256.3222,-86.09351,410.33978,329.48816,87.48019,302.6944,335.5013,-18.217598,489.51495,317.65973,138.70032,316.2981,347.99408,-12.029608,504.3802,303.45135,145.32472,265.668,351.6024,-26.996885,508.3275,343.7624,139.4034
sporty-fit-young-woman-doing-static-lunge-pose-surfset-high-key-gym-with-plants_126745-2200.jpg,338.89615,76.16421,-3.6637492,343.91064,68.6308,-17.566292,345.6404,68.512794,-17.596157,347.40274,68.43906,-17.648289,342.24243,68.47923,10.422725,342.67654,68.210175,10.441287,343.19135,67.93078,10.456111,358.96158,71.882256,-53.98382,355.18503,71.21028,69.784904,343.4384,84.67034,-14.989717,341.41858,84.590935,20.776533,374.43643,114.9419,-123.989716,364.75522,113.406715,157.2503,405.083,164.55635,-162.05724,386.6327,163.67023,181.61023,367.73267,201.48955,-114.39736,358.3889,192.6566,113.9527,358.50333,208.91039,-130.91867,351.9966,199.60464,108.15517,354.793,202.73027,-114.53453,350.25378,196.24179,88.56594,357.1636,199.94916,-103.37159,351.81866,193.9494,101.99577,361.00418,233.65167,-87.11022,358.8392,230.425,87.14438,274.06418,239.18872,-65.31836,381.7143,315.94852,80.87299,282.84546,326.49957,-9.30864,457.6483,314.08475,102.84541,291.78992,340.28452,-4.807623,472.57233,306.9224,106.3827,242.15085,343.39844,-24.211765,474.84204,343.69907,98.57906
static-lunge-600-demo.jpg,415.17413,84.32803,-121.91368,409.78934,70.79507,-101.80977,408.55237,70.42534,-101.934784,407.1531,70.07796,-102.02119,408.13406,70.955025,-147.33684,405.87628,70.69123,-147.3419,403.51202,70.48767,-147.43228,387.136,74.24851,-14.236388,385.053,74.40309,-221.14932,408.9513,97.91168,-87.20298,406.9328,97.58551,-147.58073,352.4828,147.51204,132.57878,342.85126,155.06218,-333.77655,340.77167,247.84677,178.69939,325.63745,262.6736,-400.8718,364.6358,332.64706,116.031006,343.7596,356.8064,-391.22427,369.3633,352.3241,113.486084,345.4167,382.60095,-440.77356,371.78363,353.9219,75.164,357.18478,383.097,-436.60913,369.2463,347.74728,96.319115,359.50668,374.3626,-389.57007,348.92282,319.42868,138.80113,321.3321,329.31378,-139.01573,473.4731,326.77203,238.79953,298.01788,473.56516,-220.89499,447.98062,468.20743,415.7453,157.53995,449.4091,-48.508896,430.51343,487.28317,430.29605,135.78572,433.5107,-27.570793,509.04813,494.46017,413.37494,154.09964,493.59595,-48.16791
static-lunge-header-1200x600-1-1024x512.jpg,596.6063,86.82031,-116.24893,591.3418,75.38214,-97.64397,590.2861,75.10515,-97.75764,588.9924,74.71306,-97.82973,590.14905,75.44444,-139.95074,588.20233,75.20691,-139.9609,585.9188,74.813736,-140.0453,570.73,78.117935,-15.882661,568.2516,78.14955,-208.31421,590.0199,100.18712,-83.79037,588.2501,99.91702,-139.97868,534.82666,147.16531,123.47844,529.32666,152.54617,-316.20975,524.8845,243.37418,160.3423,513.2671,254.68721,-376.53516,549.61273,322.80875,95.978516,531.65704,345.16458,-360.9239,555.7051,339.97748,92.54116,531.25836,369.12234,-406.5616,557.2141,342.23578,57.01581,542.5642,369.8639,-402.49976,555.0302,338.79074,77.50657,544.5016,362.00162,-359.02808,534.0261,311.08514,131.69751,510.222,319.1981,-131.9513,652.4312,316.2919,235.50006,483.77338,455.84515,-214.50433,628.26855,450.7428,407.81216,350.96234,433.61078,-60.867928,610.9339,469.3599,422.18887,330.34924,418.88113,-42.173412,686.1656,476.22275,408.54507,343.52783,473.40533,-60.6475
static_lunges.jpg,601.35785,112.597534,-17.408735,593.92114,95.84672,11.336885,592.644,95.67049,11.174386,591.1814,95.516624,11.073448,590.72253,95.69228,-54.667084,586.95483,95.52847,-54.659225,582.2871,95.33435,-54.785107,561.30316,99.72081,132.43135,554.24097,99.35905,-166.06624,593.73193,131.47238,31.522686,589.2075,130.9113,-55.588116,529.1269,201.16254,330.8234,508.70673,201.41702,-348.52176,533.0763,346.57443,371.66003,503.55212,357.5106,-442.7172,553.01013,462.59784,277.80484,517.1834,494.6215,-437.02448,557.68256,493.15808,280.47455,512.17334,528.1267,-507.06735,563.33734,495.22678,225.381,530.3172,529.6441,-492.8772,558.85956,485.71658,249.8906,534.8166,518.6208,-431.53885,541.37634,465.09106,201.44608,516.2174,471.1058,-201.76268,750.2957,453.05737,245.56036,436.4015,664.8847,-321.62332,723.53046,672.03723,402.0387,240.38307,641.9185,-126.96461,699.27435,705.9557,413.9282,214.79147,614.21844,-100.916046,818.38873,710.13184,386.7414,204.25941,682.732,-107.424355
stationary-lunge-talking.jpg,572.9457,226.61336,-215.82344,569.4269,215.58997,-195.35896,569.69775,215.13182,-195.42683,569.80347,214.63135,-195.54279,563.6656,216.0441,-225.44748,559.6157,215.86151,-225.51999,555.08997,215.61812,-225.55522,555.14246,217.29678,-85.28485,536.245,219.93033,-220.58865,572.32086,236.49886,-171.93144,564.30927,238.87775,-211.18652,569.19794,266.53903,24.125463,492.82162,299.353,-225.23376,573.5276,352.58792,101.09773,437.20056,379.05722,-224.7169,572.9826,392.98648,37.03918,493.2201,428.76013,-197.83275,576.6787,411.20453,31.69479,512.4991,434.02972,-211.38972,576.43146,408.13715,7.4712195,518.2476,422.8662,-210.38747,572.392,402.8193,24.622839,513.55865,419.23233,-193.20934,571.90906,426.3222,69.11051,519.9306,442.721,-69.00802,675.33704,461.86026,-209.12537,493.1317,557.3417,-54.91646,649.3087,584.23676,-184.93427,401.27902,503.9598,286.07758,631.39166,600.9394,-183.781,386.4636,488.39542,322.5619,689.07324,625.6589,-251.70436,390.978,542.61334,329.2402
the-optimal-you-walking-barbell-lunges-2.jpg,174.5263,124.15608,-111.73214,182.93484,116.69033,-123.50225,184.91269,117.43804,-123.45558,186.98778,118.330795,-123.46683,180.7364,115.537865,-93.105034,181.06888,115.33609,-93.12876,181.42142,115.172104,-93.09832,201.29456,127.80253,-137.00743,195.54729,124.14105,-2.7852058,178.67352,137.90118,-115.10726,174.83418,136.43062,-76.28754,207.61078,184.71956,-195.41295,200.01779,175.11124,125.28258,237.7037,226.76169,-335.04324,192.5383,178.50734,317.20624,249.00136,226.88477,-437.02786,187.51112,137.34418,508.41708,252.49802,229.38623,-459.31802,185.40053,123.22154,550.8705,253.07281,223.03627,-462.77243,186.94228,124.36054,553.48926,251.493,224.25098,-439.19653,186.64189,129.95982,514.6014,222.69551,313.04712,-120.44845,228.91705,309.5755,120.34917,124.565834,331.22836,-120.558525,266.4313,401.8362,121.34899,139.39539,437.81342,-76.80131,368.30975,395.37424,133.71996,153.26756,454.846,-69.80437,388.75757,389.54416,136.17735,93.30373,462.03317,-73.02508,361.21393,426.9298,121.04541
woman-doing-a-static-lunge-750x501.jpg,412.46533,84.75463,-13.029011,419.043,73.42354,-34.342037,421.22015,73.27096,-34.36777,423.70883,72.98016,-34.436684,417.30072,72.87862,6.696739,418.0291,72.36424,6.7023773,418.9222,71.7696,6.707656,442.26648,77.32943,-89.62659,437.2449,76.287865,91.944435,418.6312,96.05214,-29.912933,416.11737,95.743744,22.641445,468.91263,142.28246,-180.32951,453.06747,142.2053,216.75105,517.3906,218.4806,-223.36209,485.19937,218.35823,248.70425,458.7075,276.9581,-152.05122,442.3178,261.13223,153.84349,443.98386,287.75815,-178.1415,433.2726,269.7317,142.76259,438.432,277.77313,-156.56421,430.51932,264.22913,115.8194,442.0929,273.65094,-137.35046,432.87238,261.5871,137.13383,451.78275,323.0075,-126.282814,447.24405,318.5537,126.323296,315.75925,335.60782,-94.392624,481.68942,450.58017,133.66818,337.03665,472.9791,-0.021194242,596.1678,447.0946,170.60733,348.79837,490.64865,7.837152,616.2302,435.06323,176.64941,273.91125,497.03827,-10.248628,624.62195,488.4979,164.44589
