11309-Challenge_Your_Core_by_Doing_Reverse_Planks_732x549-thumbnail-732x549.jpg,606.3391,157.28201,-30.989391,621.1502,160.1504,-56.983242,622.2041,162.2524,-57.053375,623.49854,164.57848,-57.13906,621.19806,158.66824,-22.619825,622.1645,159.41283,-22.581842,623.4743,160.33032,-22.583273,625.12445,185.56897,-117.11115,624.09265,179.81647,36.324924,596.8609,166.48799,-47.83545,595.86975,164.01685,-3.288452,575.1554,238.1905,-171.67552,563.88745,220.20526,107.90846,588.1526,330.24915,-229.95264,578.24365,309.72232,148.60164,579.7552,430.41327,-301.38348,562.0258,388.29498,95.33515,562.32336,445.9637,-341.52084,545.9557,401.37894,80.99481,554.9434,440.72397,-342.0828,542.72876,402.932,60.451103,560.38385,433.41162,-302.6954,548.4767,397.95602,83.49882,366.96085,274.04163,-107.1954,363.10208,257.42673,106.94671,230.8485,338.6155,-65.86481,230.04915,326.43298,126.31677,94.579926,399.55447,-11.506954,105.945724,386.23154,201.71626,82.754265,422.0465,-12.14934,87.035805,409.69077,202.5385,36.467022,358.28934,-105.698784,42.3791,350.58392,133.28763
B5DHZD0-p-fUfYuj_s9qmfBi174PQOrvic0BZqADyXM.jpg,584.0396,100.39915,-10.490917,598.00775,102.38126,-30.17082,599.025,103.909515,-30.223953,600.21893,105.53788,-30.260984,597.76337,101.71821,-2.9655886,598.4944,102.61445,-2.9563608,599.3371,103.502785,-2.9806767,602.36096,122.811874,-78.742355,599.8407,118.44399,40.21362,577.237,111.50267,-25.616035,576.5368,110.36566,9.227629,568.33826,177.14745,-114.98116,548.27985,169.35034,83.99071,570.0462,266.27377,-145.4708,560.52997,259.47226,122.28621,569.1091,361.74857,-219.3239,551.25543,330.72882,76.74094,556.8514,374.62445,-252.74477,539.9292,339.2747,61.424416,550.8157,371.9319,-257.50375,537.2647,341.17828,40.64095,553.9095,367.21198,-222.10895,540.86053,339.23364,65.85014,399.60803,239.57004,-68.11853,391.87595,229.51405,68.02215,272.0085,283.97318,-52.180214,270.03015,279.98776,51.276993,158.1982,344.9494,-17.76607,160.18095,339.92282,85.26749,150.03891,361.86606,-18.05316,152.15048,358.0375,82.95622,95.45776,341.23618,-87.440895,99.80328,337.26288,16.128046
FINAL_VWFitFitnessAnnotations10-5b895ce646e0fb00508badf0.jpg,320.96042,271.4139,-3.475432,293.49258,274.32385,19.226131,291.9978,276.00024,19.088459,290.1883,277.69012,19.251038,292.4923,276.07587,-56.48288,290.46594,278.8356,-56.53202,287.88785,282.23032,-56.59339,284.5483,306.64313,147.08641,282.87744,313.51132,-199.08093,335.77985,291.2062,50.346287,334.30756,294.8545,-49.622616,385.50406,398.46432,264.87308,349.38925,428.9936,-309.1096,383.5085,559.51697,310.87347,351.59424,610.1222,-493.66687,415.67444,689.18274,163.40123,371.05243,780.26447,-629.68475,439.8476,705.03235,128.27475,404.08417,803.9804,-707.51276,440.7447,701.9251,72.14101,416.1414,791.24725,-692.0039,432.82758,698.62445,131.31232,409.06836,777.779,-626.13965,694.6806,495.41705,203.73834,686.76385,526.31323,-203.72571,917.7458,587.3916,223.98729,914.94653,616.21643,-166.0876,1128.281,700.8263,389.76453,1146.2522,729.9282,-49.97927,1142.1301,733.22345,393.86108,1158.8737,766.11566,-49.029747,1231.4686,651.8509,265.7276,1280.1995,734.59076,-237.84981
FLIPPED 11309-Challenge_Your_Core_by_Doing_Reverse_Planks_732x549-thumbnail-732x549.jpg,123.861755,151.48524,-10.170534,108.539955,155.25224,2.850488,107.48557,156.09285,2.771505,106.09106,157.22147,2.8546002,108.17154,156.96013,-35.500175,107.07261,159.0646,-35.54655,105.843185,161.53038,-35.54425,105.55882,175.33653,75.96556,106.70138,178.98164,-98.922386,134.48155,160.04065,20.348032,134.10545,162.55344,-29.74662,161.11746,218.46965,127.32172,161.98206,238.25172,-137.07198,154.16643,295.9491,173.62625,150.35489,339.51233,-185.84853,170.57712,381.75665,178.63078,158.11522,425.10547,-221.314,183.92723,396.36072,166.20972,174.99065,440.09082,-245.88193,186.37865,397.34338,147.49977,180.73311,434.1308,-248.86789,181.58563,393.03082,167.93742,176.9079,426.62665,-222.6954,363.79703,252.51247,101.642334,366.16562,269.2656,-101.61077,494.09177,320.90732,122.1489,501.87268,329.29324,-65.549484,604.2912,381.35574,192.35997,634.05035,388.45056,-18.673847,620.1399,404.30298,193.82423,644.43646,413.98917,-17.112104,667.17596,350.1152,138.69598,696.2048,350.4586,-105.303246
FLIPPED B5DHZD0-p-fUfYuj_s9qmfBi174PQOrvic0BZqADyXM.jpg,103.65085,98.474655,4.8053184,91.456665,98.169685,15.331847,90.66746,98.95506,15.230462,89.88149,99.87282,15.273109,90.37457,99.39618,-16.985994,88.94551,100.96313,-16.99336,87.40995,102.769295,-16.978382,85.639694,113.57695,70.94224,82.30235,117.113266,-76.21247,110.06312,110.236465,27.98106,108.7975,111.36775,-14.432465,130.7481,169.06819,111.10332,114.82364,174.45316,-117.80639,126.11769,263.8431,133.14534,113.15789,271.26907,-168.80707,133.17213,330.8633,105.66398,114.278854,358.51303,-195.91013,146.69484,340.69144,88.40294,129.54497,373.4176,-221.22534,149.32657,340.95352,69.707275,136.80215,366.4668,-221.71335,145.29036,337.3644,94.1397,134.10565,360.48798,-196.70021,292.40097,224.0963,80.910995,286.38937,233.0824,-80.89917,407.6306,280.41425,60.22097,411.67426,278.76968,-74.49559,520.64087,339.4217,103.13181,525.67615,343.5433,-40.96696,529.3042,357.97833,101.37794,534.5743,363.05154,-40.994717,579.2272,333.78976,37.390877,589.37756,337.11694,-121.15721
FLIPPED FINAL_VWFitFitnessAnnotations10-5b895ce646e0fb00508badf0.jpg,1187.245,275.76923,-21.50625,1215.5907,279.49088,-66.61162,1217.6703,281.85986,-66.694626,1220.1718,284.70306,-66.756546,1214.7924,278.69495,-2.875066,1216.3965,280.4092,-2.8325694,1218.4869,282.43048,-2.8852642,1225.0342,319.81308,-185.60106,1222.4868,314.4648,96.58427,1173.8312,294.9958,-58.69427,1171.663,293.03802,23.532011,1147.2188,438.8643,-287.58774,1109.1011,407.50797,217.82123,1140.0514,602.9507,-368.23227,1114.4012,567.89886,296.66895,1132.5134,777.76086,-521.6759,1082.2692,698.1118,196.79463,1097.2379,804.5014,-595.6985,1065.4827,707.0051,175.39272,1086.4503,800.45636,-596.81586,1060.2192,705.4453,134.76326,1098.1208,786.80963,-523.85297,1066.4062,704.08997,174.91438,824.12524,532.05005,-172.3194,807.6591,503.8346,172.01233,582.49097,618.70654,-127.47537,577.6514,604.58374,187.93959,354.11462,733.6854,-45.39144,374.6797,712.0423,304.59048,333.871,768.0052,-46.24458,351.20724,744.1266,305.2914,215.3605,740.1727,-202.37904,268.47125,668.7443,187.76538
FLIPPED IMG_5008.png,1246.2306,1238.6597,-213.09134,1267.0549,1220.1753,-172.49872,1276.1627,1221.4158,-172.50708,1285.6177,1222.4928,-172.8404,1248.6151,1216.311,-151.24739,1244.8954,1215.2385,-151.10245,1241.2795,1213.793,-151.21642,1311.0372,1231.463,21.594898,1256.5992,1222.3126,121.28818,1262.7446,1262.5983,-142.69855,1239.8394,1257.108,-113.57304,1367.7567,1387.8593,50.26252,1170.5242,1338.6173,264.03424,1368.2943,1609.745,19.946999,1076.7413,1520.9275,265.56836,1399.3528,1794.2957,-113.24517,1011.8672,1667.2716,51.158417,1429.7139,1829.6908,-160.9947,992.8762,1712.1631,-4.1903768,1419.6365,1833.494,-216.56488,1008.4834,1707.4323,-61.01322,1401.9359,1823.6732,-141.70006,1021.9968,1695.0703,18.954561,1197.8513,1602.9194,-114.92045,1085.9955,1571.2961,114.99201,940.5271,1813.0773,-367.3714,801.05566,1752.8011,-8.473555,696.05444,2036.038,-428.94427,492.1795,1913.824,-118.81657,688.54333,2106.903,-444.07748,480.5031,1979.397,-144.6504,565.4723,2053.6528,-718.84344,326.5235,1926.4639,-380.9715
FLIPPED IMG_5009.png,1255.5837,1237.8801,-48.024166,1280.9767,1220.2346,8.084934,1291.7595,1222.83,8.072473,1303.2422,1225.1813,7.810119,1256.2429,1212.9912,21.866253,1250.5267,1211.2292,22.01876,1245.2516,1209.102,21.958298,1328.0592,1235.1776,231.62529,1257.5217,1217.3812,297.27036,1273.7916,1265.5166,29.231476,1243.3778,1257.1349,48.582592,1381.3802,1393.2621,264.19034,1155.4236,1335.8279,371.3721,1376.7332,1609.0986,264.34338,1071.0708,1526.7716,340.0216,1402.1189,1792.1565,117.12916,989.5965,1663.3207,114.16773,1431.0912,1831.7006,71.73234,970.3381,1697.6211,49.768463,1422.6047,1835.8118,8.508204,965.2205,1698.2361,1.2277293,1408.373,1825.2999,84.24842,984.94885,1690.1842,86.04652,1187.4347,1640.777,-97.80524,1062.3276,1590.6326,97.77655,933.76996,1828.9908,-378.98532,791.48224,1761.3033,-33.46096,689.1646,2027.5719,-408.38724,475.8973,1902.215,-107.0285,677.26575,2091.0156,-420.06244,461.19516,1972.5891,-128.916,547.45764,2032.8138,-687.6168,321.74167,1912.9291,-366.99377
FLIPPED IMG_5010.JPG,2170.0767,1376.5876,134.48492,2191.8816,1406.1842,163.85765,2188.991,1418.5017,163.58116,2186.1812,1432.0355,163.43692,2199.5327,1383.9257,224.41273,2201.2664,1380.1097,224.74135,2203.0955,1376.3364,224.8414,2172.9622,1476.4178,344.42044,2189.009,1397.4038,631.8221,2130.2317,1396.8829,201.8053,2144.1067,1369.1111,284.0497,1965.4148,1513.746,290.74393,2064.3354,1300.505,826.6323,1715.1227,1494.4694,165.95277,1856.7529,1205.6868,886.0159,1483.7235,1481.9105,-142.00374,1714.332,1115.3938,537.4407,1428.7568,1507.8486,-223.75656,1672.6892,1093.5997,460.60852,1426.8844,1494.8104,-285.17606,1685.438,1097.4004,398.55792,1447.7845,1479.2148,-170.9864,1695.1631,1109.3009,496.8421,1703.5482,1164.2311,-184.35585,1797.1294,1044.6191,184.39165,1458.428,853.1159,-631.0998,1573.0931,696.622,-218.20747,1208.2288,533.97815,-816.05145,1399.736,304.68222,-444.08182,1132.6431,515.8528,-847.0411,1328.3885,278.17392,-484.59445,1204.3607,324.37976,-1230.1748,1400.5123,102.57441,-800.5413
FLIPPED IMG_5011 copy 2.png,1405.6641,1348.0321,-106.43474,1434.5978,1340.9603,-166.66249,1439.2748,1343.3766,-166.7256,1444.2327,1345.7383,-166.75784,1432.5634,1338.794,-89.38104,1435.7151,1339.7094,-89.241325,1439.4347,1340.7345,-89.31281,1475.4088,1376.1499,-314.40796,1468.6062,1369.8113,27.811008,1406.3501,1374.3163,-152.53535,1402.5671,1371.4967,-52.20415,1463.6967,1517.1346,-428.37738,1405.5537,1469.012,218.674,1450.8588,1717.6619,-489.93958,1406.0026,1649.7787,365.60602,1406.5197,1908.9889,-590.5186,1363.7438,1770.9924,260.6843,1383.0643,1948.7228,-669.071,1342.4392,1777.3197,249.05809,1353.6096,1927.6031,-678.0313,1336.3258,1779.3567,191.32323,1359.8468,1913.5739,-591.44116,1342.4944,1779.1307,232.12915,1089.2048,1707.4711,-208.917,1077.2911,1646.5632,208.73705,799.7075,1731.1935,-329.13193,802.53864,1651.2961,280.08768,503.4538,1819.7516,-358.35608,534.952,1715.4426,458.7734,474.9655,1879.7139,-372.92178,511.81332,1749.2051,464.24005,357.38794,1753.9452,-563.13556,428.4845,1650.36,389.69492
FLIPPED IMG_5011 copy 3.png,1405.6641,1348.0321,-106.43474,1434.5978,1340.9603,-166.66249,1439.2748,1343.3766,-166.7256,1444.2327,1345.7383,-166.75784,1432.5634,1338.794,-89.38104,1435.7151,1339.7094,-89.241325,1439.4347,1340.7345,-89.31281,1475.4088,1376.1499,-314.40796,1468.6062,1369.8113,27.811008,1406.3501,1374.3163,-152.53535,1402.5671,1371.4967,-52.20415,1463.6967,1517.1346,-428.37738,1405.5537,1469.012,218.674,1450.8588,1717.6619,-489.93958,1406.0026,1649.7787,365.60602,1406.5197,1908.9889,-590.5186,1363.7438,1770.9924,260.6843,1383.0643,1948.7228,-669.071,1342.4392,1777.3197,249.05809,1353.6096,1927.6031,-678.0313,1336.3258,1779.3567,191.32323,1359.8468,1913.5739,-591.44116,1342.4944,1779.1307,232.12915,1089.2048,1707.4711,-208.917,1077.2911,1646.5632,208.73705,799.7075,1731.1935,-329.13193,802.53864,1651.2961,280.08768,503.4538,1819.7516,-358.35608,534.952,1715.4426,458.7734,474.9655,1879.7139,-372.92178,511.81332,1749.2051,464.24005,357.38794,1753.9452,-563.13556,428.4845,1650.36,389.69492
FLIPPED IMG_5011 copy 4.png,1405.6641,1348.0321,-106.43474,1434.5978,1340.9603,-166.66249,1439.2748,1343.3766,-166.7256,1444.2327,1345.7383,-166.75784,1432.5634,1338.794,-89.38104,1435.7151,1339.7094,-89.241325,1439.4347,1340.7345,-89.31281,1475.4088,1376.1499,-314.40796,1468.6062,1369.8113,27.811008,1406.3501,1374.3163,-152.53535,1402.5671,1371.4967,-52.20415,1463.6967,1517.1346,-428.37738,1405.5537,1469.012,218.674,1450.8588,1717.6619,-489.93958,1406.0026,1649.7787,365.60602,1406.5197,1908.9889,-590.5186,1363.7438,1770.9924,260.6843,1383.0643,1948.7228,-669.071,1342.4392,1777.3197,249.05809,1353.6096,1927.6031,-678.0313,1336.3258,1779.3567,191.32323,1359.8468,1913.5739,-591.44116,1342.4944,1779.1307,232.12915,1089.2048,1707.4711,-208.917,1077.2911,1646.5632,208.73705,799.7075,1731.1935,-329.13193,802.53864,1651.2961,280.08768,503.4538,1819.7516,-358.35608,534.952,1715.4426,458.7734,474.9655,1879.7139,-372.92178,511.81332,1749.2051,464.24005,357.38794,1753.9452,-563.13556,428.4845,1650.36,389.69492
FLIPPED IMG_5011 copy 5.png,1405.6641,1348.0321,-106.43474,1434.5978,1340.9603,-166.66249,1439.2748,1343.3766,-166.7256,1444.2327,1345.7383,-166.75784,1432.5634,1338.794,-89.38104,1435.7151,1339.7094,-89.241325,1439.4347,1340.7345,-89.31281,1475.4088,1376.1499,-314.40796,1468.6062,1369.8113,27.811008,1406.3501,1374.3163,-152.53535,1402.5671,1371.4967,-52.20415,1463.6967,1517.1346,-428.37738,1405.5537,1469.012,218.674,1450.8588,1717.6619,-489.93958,1406.0026,1649.7787,365.60602,1406.5197,1908.9889,-590.5186,1363.7438,1770.9924,260.6843,1383.0643,1948.7228,-669.071,1342.4392,1777.3197,249.05809,1353.6096,1927.6031,-678.0313,1336.3258,1779.3567,191.32323,1359.8468,1913.5739,-591.44116,1342.4944,1779.1307,232.12915,1089.2048,1707.4711,-208.917,1077.2911,1646.5632,208.73705,799.7075,1731.1935,-329.13193,802.53864,1651.2961,280.08768,503.4538,1819.7516,-358.35608,534.952,1715.4426,458.7734,474.9655,1879.7139,-372.92178,511.81332,1749.2051,464.24005,357.38794,1753.9452,-563.13556,428.4845,1650.36,389.69492
FLIPPED IMG_5011 copy 6.png,1405.6641,1348.0321,-106.43474,1434.5978,1340.9603,-166.66249,1439.2748,1343.3766,-166.7256,1444.2327,1345.7383,-166.75784,1432.5634,1338.794,-89.38104,1435.7151,1339.7094,-89.241325,1439.4347,1340.7345,-89.31281,1475.4088,1376.1499,-314.40796,1468.6062,1369.8113,27.811008,1406.3501,1374.3163,-152.53535,1402.5671,1371.4967,-52.20415,1463.6967,1517.1346,-428.37738,1405.5537,1469.012,218.674,1450.8588,1717.6619,-489.93958,1406.0026,1649.7787,365.60602,1406.5197,1908.9889,-590.5186,1363.7438,1770.9924,260.6843,1383.0643,1948.7228,-669.071,1342.4392,1777.3197,249.05809,1353.6096,1927.6031,-678.0313,1336.3258,1779.3567,191.32323,1359.8468,1913.5739,-591.44116,1342.4944,1779.1307,232.12915,1089.2048,1707.4711,-208.917,1077.2911,1646.5632,208.73705,799.7075,1731.1935,-329.13193,802.53864,1651.2961,280.08768,503.4538,1819.7516,-358.35608,534.952,1715.4426,458.7734,474.9655,1879.7139,-372.92178,511.81332,1749.2051,464.24005,357.38794,1753.9452,-563.13556,428.4845,1650.36,389.69492
FLIPPED IMG_5011 copy.png,1405.6641,1348.0321,-106.43474,1434.5978,1340.9603,-166.66249,1439.2748,1343.3766,-166.7256,1444.2327,1345.7383,-166.75784,1432.5634,1338.794,-89.38104,1435.7151,1339.7094,-89.241325,1439.4347,1340.7345,-89.31281,1475.4088,1376.1499,-314.40796,1468.6062,1369.8113,27.811008,1406.3501,1374.3163,-152.53535,1402.5671,1371.4967,-52.20415,1463.6967,1517.1346,-428.37738,1405.5537,1469.012,218.674,1450.8588,1717.6619,-489.93958,1406.0026,1649.7787,365.60602,1406.5197,1908.9889,-590.5186,1363.7438,1770.9924,260.6843,1383.0643,1948.7228,-669.071,1342.4392,1777.3197,249.05809,1353.6096,1927.6031,-678.0313,1336.3258,1779.3567,191.32323,1359.8468,1913.5739,-591.44116,1342.4944,1779.1307,232.12915,1089.2048,1707.4711,-208.917,1077.2911,1646.5632,208.73705,799.7075,1731.1935,-329.13193,802.53864,1651.2961,280.08768,503.4538,1819.7516,-358.35608,534.952,1715.4426,458.7734,474.9655,1879.7139,-372.92178,511.81332,1749.2051,464.24005,357.38794,1753.9452,-563.13556,428.4845,1650.36,389.69492
FLIPPED IMG_5011.png,1405.6641,1348.0321,-106.43474,1434.5978,1340.9603,-166.66249,1439.2748,1343.3766,-166.7256,1444.2327,1345.7383,-166.75784,1432.5634,1338.794,-89.38104,1435.7151,1339.7094,-89.241325,1439.4347,1340.7345,-89.31281,1475.4088,1376.1499,-314.40796,1468.6062,1369.8113,27.811008,1406.3501,1374.3163,-152.53535,1402.5671,1371.4967,-52.20415,1463.6967,1517.1346,-428.37738,1405.5537,1469.012,218.674,1450.8588,1717.6619,-489.93958,1406.0026,1649.7787,365.60602,1406.5197,1908.9889,-590.5186,1363.7438,1770.9924,260.6843,1383.0643,1948.7228,-669.071,1342.4392,1777.3197,249.05809,1353.6096,1927.6031,-678.0313,1336.3258,1779.3567,191.32323,1359.8468,1913.5739,-591.44116,1342.4944,1779.1307,232.12915,1089.2048,1707.4711,-208.917,1077.2911,1646.5632,208.73705,799.7075,1731.1935,-329.13193,802.53864,1651.2961,280.08768,503.4538,1819.7516,-358.35608,534.952,1715.4426,458.7734,474.9655,1879.7139,-372.92178,511.81332,1749.2051,464.24005,357.38794,1753.9452,-563.13556,428.4845,1650.36,389.69492
FLIPPED IMG_5012 copy 2.png,1331.4652,1356.1688,-81.15209,1360.9052,1349.6313,-138.13272,1366.9075,1352.2458,-138.23009,1373.6709,1354.9854,-138.26202,1357.6035,1347.2556,-62.225113,1360.8464,1348.1642,-62.064697,1364.8468,1349.0641,-62.123737,1406.1758,1383.8358,-281.55264,1396.4777,1376.8917,54.088036,1335.3998,1384.7626,-126.63984,1329.37,1381.8597,-28.254078,1382.5817,1518.7288,-398.35068,1331.4497,1473.0884,224.79974,1357.9125,1721.9438,-474.90057,1324.8877,1650.1869,367.6623,1317.2249,1908.1035,-598.566,1288.7086,1776.3917,243.41304,1287.7488,1949.6136,-675.2925,1277.1338,1781.6826,227.32004,1264.4655,1933.2268,-681.3456,1267.2338,1784.1603,169.35825,1272.0496,1916.6064,-599.33246,1268.9667,1787.868,214.30751,996.4681,1705.1167,-206.50293,989.63275,1645.1558,206.43513,710.1272,1733.3107,-336.4441,721.77405,1654.7493,262.77164,416.4123,1818.2638,-383.44547,459.20703,1717.1986,402.20734,385.02728,1879.135,-398.16544,425.56305,1751.6841,404.71805,264.85406,1750.0347,-579.38074,337.77643,1641.3523,328.4535
FLIPPED IMG_5012 copy 3.png,1331.4652,1356.1688,-81.15209,1360.9052,1349.6313,-138.13272,1366.9075,1352.2458,-138.23009,1373.6709,1354.9854,-138.26202,1357.6035,1347.2556,-62.225113,1360.8464,1348.1642,-62.064697,1364.8468,1349.0641,-62.123737,1406.1758,1383.8358,-281.55264,1396.4777,1376.8917,54.088036,1335.3998,1384.7626,-126.63984,1329.37,1381.8597,-28.254078,1382.5817,1518.7288,-398.35068,1331.4497,1473.0884,224.79974,1357.9125,1721.9438,-474.90057,1324.8877,1650.1869,367.6623,1317.2249,1908.1035,-598.566,1288.7086,1776.3917,243.41304,1287.7488,1949.6136,-675.2925,1277.1338,1781.6826,227.32004,1264.4655,1933.2268,-681.3456,1267.2338,1784.1603,169.35825,1272.0496,1916.6064,-599.33246,1268.9667,1787.868,214.30751,996.4681,1705.1167,-206.50293,989.63275,1645.1558,206.43513,710.1272,1733.3107,-336.4441,721.77405,1654.7493,262.77164,416.4123,1818.2638,-383.44547,459.20703,1717.1986,402.20734,385.02728,1879.135,-398.16544,425.56305,1751.6841,404.71805,264.85406,1750.0347,-579.38074,337.77643,1641.3523,328.4535
FLIPPED IMG_5012 copy 4.png,1331.4652,1356.1688,-81.15209,1360.9052,1349.6313,-138.13272,1366.9075,1352.2458,-138.23009,1373.6709,1354.9854,-138.26202,1357.6035,1347.2556,-62.225113,1360.8464,1348.1642,-62.064697,1364.8468,1349.0641,-62.123737,1406.1758,1383.8358,-281.55264,1396.4777,1376.8917,54.088036,1335.3998,1384.7626,-126.63984,1329.37,1381.8597,-28.254078,1382.5817,1518.7288,-398.35068,1331.4497,1473.0884,224.79974,1357.9125,1721.9438,-474.90057,1324.8877,1650.1869,367.6623,1317.2249,1908.1035,-598.566,1288.7086,1776.3917,243.41304,1287.7488,1949.6136,-675.2925,1277.1338,1781.6826,227.32004,1264.4655,1933.2268,-681.3456,1267.2338,1784.1603,169.35825,1272.0496,1916.6064,-599.33246,1268.9667,1787.868,214.30751,996.4681,1705.1167,-206.50293,989.63275,1645.1558,206.43513,710.1272,1733.3107,-336.4441,721.77405,1654.7493,262.77164,416.4123,1818.2638,-383.44547,459.20703,1717.1986,402.20734,385.02728,1879.135,-398.16544,425.56305,1751.6841,404.71805,264.85406,1750.0347,-579.38074,337.77643,1641.3523,328.4535
FLIPPED IMG_5012 copy 5.png,1331.4652,1356.1688,-81.15209,1360.9052,1349.6313,-138.13272,1366.9075,1352.2458,-138.23009,1373.6709,1354.9854,-138.26202,1357.6035,1347.2556,-62.225113,1360.8464,1348.1642,-62.064697,1364.8468,1349.0641,-62.123737,1406.1758,1383.8358,-281.55264,1396.4777,1376.8917,54.088036,1335.3998,1384.7626,-126.63984,1329.37,1381.8597,-28.254078,1382.5817,1518.7288,-398.35068,1331.4497,1473.0884,224.79974,1357.9125,1721.9438,-474.90057,1324.8877,1650.1869,367.6623,1317.2249,1908.1035,-598.566,1288.7086,1776.3917,243.41304,1287.7488,1949.6136,-675.2925,1277.1338,1781.6826,227.32004,1264.4655,1933.2268,-681.3456,1267.2338,1784.1603,169.35825,1272.0496,1916.6064,-599.33246,1268.9667,1787.868,214.30751,996.4681,1705.1167,-206.50293,989.63275,1645.1558,206.43513,710.1272,1733.3107,-336.4441,721.77405,1654.7493,262.77164,416.4123,1818.2638,-383.44547,459.20703,1717.1986,402.20734,385.02728,1879.135,-398.16544,425.56305,1751.6841,404.71805,264.85406,1750.0347,-579.38074,337.77643,1641.3523,328.4535
FLIPPED IMG_5012 copy 6.png,1331.4652,1356.1688,-81.15209,1360.9052,1349.6313,-138.13272,1366.9075,1352.2458,-138.23009,1373.6709,1354.9854,-138.26202,1357.6035,1347.2556,-62.225113,1360.8464,1348.1642,-62.064697,1364.8468,1349.0641,-62.123737,1406.1758,1383.8358,-281.55264,1396.4777,1376.8917,54.088036,1335.3998,1384.7626,-126.63984,1329.37,1381.8597,-28.254078,1382.5817,1518.7288,-398.35068,1331.4497,1473.0884,224.79974,1357.9125,1721.9438,-474.90057,1324.8877,1650.1869,367.6623,1317.2249,1908.1035,-598.566,1288.7086,1776.3917,243.41304,1287.7488,1949.6136,-675.2925,1277.1338,1781.6826,227.32004,1264.4655,1933.2268,-681.3456,1267.2338,1784.1603,169.35825,1272.0496,1916.6064,-599.33246,1268.9667,1787.868,214.30751,996.4681,1705.1167,-206.50293,989.63275,1645.1558,206.43513,710.1272,1733.3107,-336.4441,721.77405,1654.7493,262.77164,416.4123,1818.2638,-383.44547,459.20703,1717.1986,402.20734,385.02728,1879.135,-398.16544,425.56305,1751.6841,404.71805,264.85406,1750.0347,-579.38074,337.77643,1641.3523,328.4535
FLIPPED IMG_5012 copy.png,1331.4652,1356.1688,-81.15209,1360.9052,1349.6313,-138.13272,1366.9075,1352.2458,-138.23009,1373.6709,1354.9854,-138.26202,1357.6035,1347.2556,-62.225113,1360.8464,1348.1642,-62.064697,1364.8468,1349.0641,-62.123737,1406.1758,1383.8358,-281.55264,1396.4777,1376.8917,54.088036,1335.3998,1384.7626,-126.63984,1329.37,1381.8597,-28.254078,1382.5817,1518.7288,-398.35068,1331.4497,1473.0884,224.79974,1357.9125,1721.9438,-474.90057,1324.8877,1650.1869,367.6623,1317.2249,1908.1035,-598.566,1288.7086,1776.3917,243.41304,1287.7488,1949.6136,-675.2925,1277.1338,1781.6826,227.32004,1264.4655,1933.2268,-681.3456,1267.2338,1784.1603,169.35825,1272.0496,1916.6064,-599.33246,1268.9667,1787.868,214.30751,996.4681,1705.1167,-206.50293,989.63275,1645.1558,206.43513,710.1272,1733.3107,-336.4441,721.77405,1654.7493,262.77164,416.4123,1818.2638,-383.44547,459.20703,1717.1986,402.20734,385.02728,1879.135,-398.16544,425.56305,1751.6841,404.71805,264.85406,1750.0347,-579.38074,337.77643,1641.3523,328.4535
FLIPPED IMG_5012.png,1331.4652,1356.1688,-81.15209,1360.9052,1349.6313,-138.13272,1366.9075,1352.2458,-138.23009,1373.6709,1354.9854,-138.26202,1357.6035,1347.2556,-62.225113,1360.8464,1348.1642,-62.064697,1364.8468,1349.0641,-62.123737,1406.1758,1383.8358,-281.55264,1396.4777,1376.8917,54.088036,1335.3998,1384.7626,-126.63984,1329.37,1381.8597,-28.254078,1382.5817,1518.7288,-398.35068,1331.4497,1473.0884,224.79974,1357.9125,1721.9438,-474.90057,1324.8877,1650.1869,367.6623,1317.2249,1908.1035,-598.566,1288.7086,1776.3917,243.41304,1287.7488,1949.6136,-675.2925,1277.1338,1781.6826,227.32004,1264.4655,1933.2268,-681.3456,1267.2338,1784.1603,169.35825,1272.0496,1916.6064,-599.33246,1268.9667,1787.868,214.30751,996.4681,1705.1167,-206.50293,989.63275,1645.1558,206.43513,710.1272,1733.3107,-336.4441,721.77405,1654.7493,262.77164,416.4123,1818.2638,-383.44547,459.20703,1717.1986,402.20734,385.02728,1879.135,-398.16544,425.56305,1751.6841,404.71805,264.85406,1750.0347,-579.38074,337.77643,1641.3523,328.4535
FLIPPED IMG_5019 copy 2.png,626.9037,1357.32,-431.50272,596.81366,1348.9989,-411.44025,592.83826,1349.7391,-411.41202,588.66907,1350.8077,-411.38715,597.7678,1356.9489,-495.1247,594.90405,1363.3767,-495.32538,592.07336,1370.7468,-495.51804,558.87537,1389.3776,-266.12985,563.5908,1421.589,-647.21027,633.43945,1381.7941,-366.6017,632.0791,1390.0695,-478.1054,571.84814,1456.8876,-81.15794,595.26324,1555.5037,-664.13116,528.93854,1467.7863,346.43738,635.8961,1778.3196,-744.68945,494.70435,1432.1742,668.0949,666.9834,1946.1772,-749.25287,478.32806,1423.6295,711.6965,686.49335,1987.9769,-772.3488,470.7139,1427.2975,679.70886,701.15717,1966.2026,-827.7253,482.8185,1431.0059,657.3487,697.0105,1950.6726,-764.7386,871.85144,1657.9078,204.01303,876.3244,1743.8278,-204.28137,1175.7522,1719.2184,279.19388,1198.9803,1776.3643,-215.39336,1454.8866,1756.8428,405.4759,1508.5269,1849.9341,-202.54489,1480.0043,1801.3682,405.253,1532.9858,1892.8712,-209.21991,1576.5759,1685.7375,303.53412,1651.0911,1784.9111,-383.7389
FLIPPED IMG_5019 copy 3.png,626.9037,1357.32,-431.50272,596.81366,1348.9989,-411.44025,592.83826,1349.7391,-411.41202,588.66907,1350.8077,-411.38715,597.7678,1356.9489,-495.1247,594.90405,1363.3767,-495.32538,592.07336,1370.7468,-495.51804,558.87537,1389.3776,-266.12985,563.5908,1421.589,-647.21027,633.43945,1381.7941,-366.6017,632.0791,1390.0695,-478.1054,571.84814,1456.8876,-81.15794,595.26324,1555.5037,-664.13116,528.93854,1467.7863,346.43738,635.8961,1778.3196,-744.68945,494.70435,1432.1742,668.0949,666.9834,1946.1772,-749.25287,478.32806,1423.6295,711.6965,686.49335,1987.9769,-772.3488,470.7139,1427.2975,679.70886,701.15717,1966.2026,-827.7253,482.8185,1431.0059,657.3487,697.0105,1950.6726,-764.7386,871.85144,1657.9078,204.01303,876.3244,1743.8278,-204.28137,1175.7522,1719.2184,279.19388,1198.9803,1776.3643,-215.39336,1454.8866,1756.8428,405.4759,1508.5269,1849.9341,-202.54489,1480.0043,1801.3682,405.253,1532.9858,1892.8712,-209.21991,1576.5759,1685.7375,303.53412,1651.0911,1784.9111,-383.7389
FLIPPED IMG_5019 copy 4.png,626.9037,1357.32,-431.50272,596.81366,1348.9989,-411.44025,592.83826,1349.7391,-411.41202,588.66907,1350.8077,-411.38715,597.7678,1356.9489,-495.1247,594.90405,1363.3767,-495.32538,592.07336,1370.7468,-495.51804,558.87537,1389.3776,-266.12985,563.5908,1421.589,-647.21027,633.43945,1381.7941,-366.6017,632.0791,1390.0695,-478.1054,571.84814,1456.8876,-81.15794,595.26324,1555.5037,-664.13116,528.93854,1467.7863,346.43738,635.8961,1778.3196,-744.68945,494.70435,1432.1742,668.0949,666.9834,1946.1772,-749.25287,478.32806,1423.6295,711.6965,686.49335,1987.9769,-772.3488,470.7139,1427.2975,679.70886,701.15717,1966.2026,-827.7253,482.8185,1431.0059,657.3487,697.0105,1950.6726,-764.7386,871.85144,1657.9078,204.01303,876.3244,1743.8278,-204.28137,1175.7522,1719.2184,279.19388,1198.9803,1776.3643,-215.39336,1454.8866,1756.8428,405.4759,1508.5269,1849.9341,-202.54489,1480.0043,1801.3682,405.253,1532.9858,1892.8712,-209.21991,1576.5759,1685.7375,303.53412,1651.0911,1784.9111,-383.7389
FLIPPED IMG_5019 copy 5.png,626.9037,1357.32,-431.50272,596.81366,1348.9989,-411.44025,592.83826,1349.7391,-411.41202,588.66907,1350.8077,-411.38715,597.7678,1356.9489,-495.1247,594.90405,1363.3767,-495.32538,592.07336,1370.7468,-495.51804,558.87537,1389.3776,-266.12985,563.5908,1421.589,-647.21027,633.43945,1381.7941,-366.6017,632.0791,1390.0695,-478.1054,571.84814,1456.8876,-81.15794,595.26324,1555.5037,-664.13116,528.93854,1467.7863,346.43738,635.8961,1778.3196,-744.68945,494.70435,1432.1742,668.0949,666.9834,1946.1772,-749.25287,478.32806,1423.6295,711.6965,686.49335,1987.9769,-772.3488,470.7139,1427.2975,679.70886,701.15717,1966.2026,-827.7253,482.8185,1431.0059,657.3487,697.0105,1950.6726,-764.7386,871.85144,1657.9078,204.01303,876.3244,1743.8278,-204.28137,1175.7522,1719.2184,279.19388,1198.9803,1776.3643,-215.39336,1454.8866,1756.8428,405.4759,1508.5269,1849.9341,-202.54489,1480.0043,1801.3682,405.253,1532.9858,1892.8712,-209.21991,1576.5759,1685.7375,303.53412,1651.0911,1784.9111,-383.7389
FLIPPED IMG_5019 copy 6.png,626.9037,1357.32,-431.50272,596.81366,1348.9989,-411.44025,592.83826,1349.7391,-411.41202,588.66907,1350.8077,-411.38715,597.7678,1356.9489,-495.1247,594.90405,1363.3767,-495.32538,592.07336,1370.7468,-495.51804,558.87537,1389.3776,-266.12985,563.5908,1421.589,-647.21027,633.43945,1381.7941,-366.6017,632.0791,1390.0695,-478.1054,571.84814,1456.8876,-81.15794,595.26324,1555.5037,-664.13116,528.93854,1467.7863,346.43738,635.8961,1778.3196,-744.68945,494.70435,1432.1742,668.0949,666.9834,1946.1772,-749.25287,478.32806,1423.6295,711.6965,686.49335,1987.9769,-772.3488,470.7139,1427.2975,679.70886,701.15717,1966.2026,-827.7253,482.8185,1431.0059,657.3487,697.0105,1950.6726,-764.7386,871.85144,1657.9078,204.01303,876.3244,1743.8278,-204.28137,1175.7522,1719.2184,279.19388,1198.9803,1776.3643,-215.39336,1454.8866,1756.8428,405.4759,1508.5269,1849.9341,-202.54489,1480.0043,1801.3682,405.253,1532.9858,1892.8712,-209.21991,1576.5759,1685.7375,303.53412,1651.0911,1784.9111,-383.7389
FLIPPED IMG_5019 copy.png,626.9037,1357.32,-431.50272,596.81366,1348.9989,-411.44025,592.83826,1349.7391,-411.41202,588.66907,1350.8077,-411.38715,597.7678,1356.9489,-495.1247,594.90405,1363.3767,-495.32538,592.07336,1370.7468,-495.51804,558.87537,1389.3776,-266.12985,563.5908,1421.589,-647.21027,633.43945,1381.7941,-366.6017,632.0791,1390.0695,-478.1054,571.84814,1456.8876,-81.15794,595.26324,1555.5037,-664.13116,528.93854,1467.7863,346.43738,635.8961,1778.3196,-744.68945,494.70435,1432.1742,668.0949,666.9834,1946.1772,-749.25287,478.32806,1423.6295,711.6965,686.49335,1987.9769,-772.3488,470.7139,1427.2975,679.70886,701.15717,1966.2026,-827.7253,482.8185,1431.0059,657.3487,697.0105,1950.6726,-764.7386,871.85144,1657.9078,204.01303,876.3244,1743.8278,-204.28137,1175.7522,1719.2184,279.19388,1198.9803,1776.3643,-215.39336,1454.8866,1756.8428,405.4759,1508.5269,1849.9341,-202.54489,1480.0043,1801.3682,405.253,1532.9858,1892.8712,-209.21991,1576.5759,1685.7375,303.53412,1651.0911,1784.9111,-383.7389
FLIPPED IMG_5019.png,626.9037,1357.32,-431.50272,596.81366,1348.9989,-411.44025,592.83826,1349.7391,-411.41202,588.66907,1350.8077,-411.38715,597.7678,1356.9489,-495.1247,594.90405,1363.3767,-495.32538,592.07336,1370.7468,-495.51804,558.87537,1389.3776,-266.12985,563.5908,1421.589,-647.21027,633.43945,1381.7941,-366.6017,632.0791,1390.0695,-478.1054,571.84814,1456.8876,-81.15794,595.26324,1555.5037,-664.13116,528.93854,1467.7863,346.43738,635.8961,1778.3196,-744.68945,494.70435,1432.1742,668.0949,666.9834,1946.1772,-749.25287,478.32806,1423.6295,711.6965,686.49335,1987.9769,-772.3488,470.7139,1427.2975,679.70886,701.15717,1966.2026,-827.7253,482.8185,1431.0059,657.3487,697.0105,1950.6726,-764.7386,871.85144,1657.9078,204.01303,876.3244,1743.8278,-204.28137,1175.7522,1719.2184,279.19388,1198.9803,1776.3643,-215.39336,1454.8866,1756.8428,405.4759,1508.5269,1849.9341,-202.54489,1480.0043,1801.3682,405.253,1532.9858,1892.8712,-209.21991,1576.5759,1685.7375,303.53412,1651.0911,1784.9111,-383.7389
FLIPPED IMG_5021 copy 2.png,733.6921,1241.2615,99.083145,734.15204,1227.5182,157.40364,739.7411,1227.1898,157.14955,744.60504,1227.0828,156.9749,712.213,1232.633,126.43764,702.0093,1236.182,126.39717,691.6752,1239.8574,126.26036,739.55927,1240.3949,392.54477,670.61945,1261.3153,244.93054,743.4396,1264.7474,184.2051,720.6163,1270.8228,140.28421,830.81055,1358.7423,496.16287,641.4159,1407.456,186.57883,882.9508,1513.3317,587.3023,639.88934,1595.4265,67.80472,957.82635,1620.801,503.98257,620.5492,1742.5872,-162.48947,991.7092,1645.631,502.20117,596.086,1779.0905,-209.52405,999.28925,1652.1095,464.4259,598.67706,1781.0819,-240.39638,982.1278,1645.5989,482.23502,611.1386,1768.5549,-180.54924,938.9008,1593.7877,113.03646,828.2014,1635.4912,-113.356285,1144.0073,1749.48,-219.72617,1019.6391,1809.7065,-513.179,1439.312,1908.4216,-430.90417,1221.7317,1997.2512,-615.9866,1443.131,1980.2502,-464.0353,1239.1791,2048.3013,-628.93146,1565.5857,1923.0375,-705.5313,1346.6,2011.0957,-875.44006
FLIPPED IMG_5021 copy 3.png,733.6921,1241.2615,99.083145,734.15204,1227.5182,157.40364,739.7411,1227.1898,157.14955,744.60504,1227.0828,156.9749,712.213,1232.633,126.43764,702.0093,1236.182,126.39717,691.6752,1239.8574,126.26036,739.55927,1240.3949,392.54477,670.61945,1261.3153,244.93054,743.4396,1264.7474,184.2051,720.6163,1270.8228,140.28421,830.81055,1358.7423,496.16287,641.4159,1407.456,186.57883,882.9508,1513.3317,587.3023,639.88934,1595.4265,67.80472,957.82635,1620.801,503.98257,620.5492,1742.5872,-162.48947,991.7092,1645.631,502.20117,596.086,1779.0905,-209.52405,999.28925,1652.1095,464.4259,598.67706,1781.0819,-240.39638,982.1278,1645.5989,482.23502,611.1386,1768.5549,-180.54924,938.9008,1593.7877,113.03646,828.2014,1635.4912,-113.356285,1144.0073,1749.48,-219.72617,1019.6391,1809.7065,-513.179,1439.312,1908.4216,-430.90417,1221.7317,1997.2512,-615.9866,1443.131,1980.2502,-464.0353,1239.1791,2048.3013,-628.93146,1565.5857,1923.0375,-705.5313,1346.6,2011.0957,-875.44006
FLIPPED IMG_5021 copy 4.png,733.6921,1241.2615,99.083145,734.15204,1227.5182,157.40364,739.7411,1227.1898,157.14955,744.60504,1227.0828,156.9749,712.213,1232.633,126.43764,702.0093,1236.182,126.39717,691.6752,1239.8574,126.26036,739.55927,1240.3949,392.54477,670.61945,1261.3153,244.93054,743.4396,1264.7474,184.2051,720.6163,1270.8228,140.28421,830.81055,1358.7423,496.16287,641.4159,1407.456,186.57883,882.9508,1513.3317,587.3023,639.88934,1595.4265,67.80472,957.82635,1620.801,503.98257,620.5492,1742.5872,-162.48947,991.7092,1645.631,502.20117,596.086,1779.0905,-209.52405,999.28925,1652.1095,464.4259,598.67706,1781.0819,-240.39638,982.1278,1645.5989,482.23502,611.1386,1768.5549,-180.54924,938.9008,1593.7877,113.03646,828.2014,1635.4912,-113.356285,1144.0073,1749.48,-219.72617,1019.6391,1809.7065,-513.179,1439.312,1908.4216,-430.90417,1221.7317,1997.2512,-615.9866,1443.131,1980.2502,-464.0353,1239.1791,2048.3013,-628.93146,1565.5857,1923.0375,-705.5313,1346.6,2011.0957,-875.44006
FLIPPED IMG_5021 copy 5.png,733.6921,1241.2615,99.083145,734.15204,1227.5182,157.40364,739.7411,1227.1898,157.14955,744.60504,1227.0828,156.9749,712.213,1232.633,126.43764,702.0093,1236.182,126.39717,691.6752,1239.8574,126.26036,739.55927,1240.3949,392.54477,670.61945,1261.3153,244.93054,743.4396,1264.7474,184.2051,720.6163,1270.8228,140.28421,830.81055,1358.7423,496.16287,641.4159,1407.456,186.57883,882.9508,1513.3317,587.3023,639.88934,1595.4265,67.80472,957.82635,1620.801,503.98257,620.5492,1742.5872,-162.48947,991.7092,1645.631,502.20117,596.086,1779.0905,-209.52405,999.28925,1652.1095,464.4259,598.67706,1781.0819,-240.39638,982.1278,1645.5989,482.23502,611.1386,1768.5549,-180.54924,938.9008,1593.7877,113.03646,828.2014,1635.4912,-113.356285,1144.0073,1749.48,-219.72617,1019.6391,1809.7065,-513.179,1439.312,1908.4216,-430.90417,1221.7317,1997.2512,-615.9866,1443.131,1980.2502,-464.0353,1239.1791,2048.3013,-628.93146,1565.5857,1923.0375,-705.5313,1346.6,2011.0957,-875.44006
FLIPPED IMG_5021 copy 6.png,733.6921,1241.2615,99.083145,734.15204,1227.5182,157.40364,739.7411,1227.1898,157.14955,744.60504,1227.0828,156.9749,712.213,1232.633,126.43764,702.0093,1236.182,126.39717,691.6752,1239.8574,126.26036,739.55927,1240.3949,392.54477,670.61945,1261.3153,244.93054,743.4396,1264.7474,184.2051,720.6163,1270.8228,140.28421,830.81055,1358.7423,496.16287,641.4159,1407.456,186.57883,882.9508,1513.3317,587.3023,639.88934,1595.4265,67.80472,957.82635,1620.801,503.98257,620.5492,1742.5872,-162.48947,991.7092,1645.631,502.20117,596.086,1779.0905,-209.52405,999.28925,1652.1095,464.4259,598.67706,1781.0819,-240.39638,982.1278,1645.5989,482.23502,611.1386,1768.5549,-180.54924,938.9008,1593.7877,113.03646,828.2014,1635.4912,-113.356285,1144.0073,1749.48,-219.72617,1019.6391,1809.7065,-513.179,1439.312,1908.4216,-430.90417,1221.7317,1997.2512,-615.9866,1443.131,1980.2502,-464.0353,1239.1791,2048.3013,-628.93146,1565.5857,1923.0375,-705.5313,1346.6,2011.0957,-875.44006
FLIPPED IMG_5021 copy.png,733.6921,1241.2615,99.083145,734.15204,1227.5182,157.40364,739.7411,1227.1898,157.14955,744.60504,1227.0828,156.9749,712.213,1232.633,126.43764,702.0093,1236.182,126.39717,691.6752,1239.8574,126.26036,739.55927,1240.3949,392.54477,670.61945,1261.3153,244.93054,743.4396,1264.7474,184.2051,720.6163,1270.8228,140.28421,830.81055,1358.7423,496.16287,641.4159,1407.456,186.57883,882.9508,1513.3317,587.3023,639.88934,1595.4265,67.80472,957.82635,1620.801,503.98257,620.5492,1742.5872,-162.48947,991.7092,1645.631,502.20117,596.086,1779.0905,-209.52405,999.28925,1652.1095,464.4259,598.67706,1781.0819,-240.39638,982.1278,1645.5989,482.23502,611.1386,1768.5549,-180.54924,938.9008,1593.7877,113.03646,828.2014,1635.4912,-113.356285,1144.0073,1749.48,-219.72617,1019.6391,1809.7065,-513.179,1439.312,1908.4216,-430.90417,1221.7317,1997.2512,-615.9866,1443.131,1980.2502,-464.0353,1239.1791,2048.3013,-628.93146,1565.5857,1923.0375,-705.5313,1346.6,2011.0957,-875.44006
FLIPPED IMG_5021.png,733.6921,1241.2615,99.083145,734.15204,1227.5182,157.40364,739.7411,1227.1898,157.14955,744.60504,1227.0828,156.9749,712.213,1232.633,126.43764,702.0093,1236.182,126.39717,691.6752,1239.8574,126.26036,739.55927,1240.3949,392.54477,670.61945,1261.3153,244.93054,743.4396,1264.7474,184.2051,720.6163,1270.8228,140.28421,830.81055,1358.7423,496.16287,641.4159,1407.456,186.57883,882.9508,1513.3317,587.3023,639.88934,1595.4265,67.80472,957.82635,1620.801,503.98257,620.5492,1742.5872,-162.48947,991.7092,1645.631,502.20117,596.086,1779.0905,-209.52405,999.28925,1652.1095,464.4259,598.67706,1781.0819,-240.39638,982.1278,1645.5989,482.23502,611.1386,1768.5549,-180.54924,938.9008,1593.7877,113.03646,828.2014,1635.4912,-113.356285,1144.0073,1749.48,-219.72617,1019.6391,1809.7065,-513.179,1439.312,1908.4216,-430.90417,1221.7317,1997.2512,-615.9866,1443.131,1980.2502,-464.0353,1239.1791,2048.3013,-628.93146,1565.5857,1923.0375,-705.5313,1346.6,2011.0957,-875.44006
FLIPPED IMG_5022 copy 2.png,648.31177,1257.1101,264.94855,649.10126,1245.0009,337.02014,655.3918,1245.6599,336.71793,661.5761,1246.4329,336.48822,629.6401,1252.4445,309.99545,622.0457,1258.1268,309.83298,614.49976,1263.5939,309.58786,664.1905,1268.1748,578.2955,602.63226,1290.7123,459.52396,662.2814,1279.1827,347.71915,640.08563,1290.1335,311.8891,785.89685,1390.3271,669.3587,570.2548,1447.0234,326.93185,848.6632,1552.7903,666.326,568.6355,1643.5702,181.58322,931.4496,1684.5323,477.43024,549.2918,1803.4019,-42.130314,956.7419,1713.918,463.9148,522.12054,1845.9424,-98.6934,954.9698,1714.9869,420.37863,531.6922,1848.2766,-117.29783,939.49677,1706.7433,448.91983,546.18695,1837.0492,-55.704376,869.393,1646.7467,139.38124,741.0596,1690.4823,-139.60204,1099.34,1790.5244,-312.05188,959.04065,1855.188,-648.0595,1413.8927,1954.4053,-535.18463,1171.1594,2076.874,-766.86304,1435.0631,2015.3082,-571.3132,1169.2899,2135.094,-785.46643,1543.5818,1967.4982,-855.2906,1298.921,2082.1555,-1094.2305
FLIPPED IMG_5022 copy 3.png,648.31177,1257.1101,264.94855,649.10126,1245.0009,337.02014,655.3918,1245.6599,336.71793,661.5761,1246.4329,336.48822,629.6401,1252.4445,309.99545,622.0457,1258.1268,309.83298,614.49976,1263.5939,309.58786,664.1905,1268.1748,578.2955,602.63226,1290.7123,459.52396,662.2814,1279.1827,347.71915,640.08563,1290.1335,311.8891,785.89685,1390.3271,669.3587,570.2548,1447.0234,326.93185,848.6632,1552.7903,666.326,568.6355,1643.5702,181.58322,931.4496,1684.5323,477.43024,549.2918,1803.4019,-42.130314,956.7419,1713.918,463.9148,522.12054,1845.9424,-98.6934,954.9698,1714.9869,420.37863,531.6922,1848.2766,-117.29783,939.49677,1706.7433,448.91983,546.18695,1837.0492,-55.704376,869.393,1646.7467,139.38124,741.0596,1690.4823,-139.60204,1099.34,1790.5244,-312.05188,959.04065,1855.188,-648.0595,1413.8927,1954.4053,-535.18463,1171.1594,2076.874,-766.86304,1435.0631,2015.3082,-571.3132,1169.2899,2135.094,-785.46643,1543.5818,1967.4982,-855.2906,1298.921,2082.1555,-1094.2305
FLIPPED IMG_5022 copy 4.png,648.31177,1257.1101,264.94855,649.10126,1245.0009,337.02014,655.3918,1245.6599,336.71793,661.5761,1246.4329,336.48822,629.6401,1252.4445,309.99545,622.0457,1258.1268,309.83298,614.49976,1263.5939,309.58786,664.1905,1268.1748,578.2955,602.63226,1290.7123,459.52396,662.2814,1279.1827,347.71915,640.08563,1290.1335,311.8891,785.89685,1390.3271,669.3587,570.2548,1447.0234,326.93185,848.6632,1552.7903,666.326,568.6355,1643.5702,181.58322,931.4496,1684.5323,477.43024,549.2918,1803.4019,-42.130314,956.7419,1713.918,463.9148,522.12054,1845.9424,-98.6934,954.9698,1714.9869,420.37863,531.6922,1848.2766,-117.29783,939.49677,1706.7433,448.91983,546.18695,1837.0492,-55.704376,869.393,1646.7467,139.38124,741.0596,1690.4823,-139.60204,1099.34,1790.5244,-312.05188,959.04065,1855.188,-648.0595,1413.8927,1954.4053,-535.18463,1171.1594,2076.874,-766.86304,1435.0631,2015.3082,-571.3132,1169.2899,2135.094,-785.46643,1543.5818,1967.4982,-855.2906,1298.921,2082.1555,-1094.2305
FLIPPED IMG_5022 copy 5.png,648.31177,1257.1101,264.94855,649.10126,1245.0009,337.02014,655.3918,1245.6599,336.71793,661.5761,1246.4329,336.48822,629.6401,1252.4445,309.99545,622.0457,1258.1268,309.83298,614.49976,1263.5939,309.58786,664.1905,1268.1748,578.2955,602.63226,1290.7123,459.52396,662.2814,1279.1827,347.71915,640.08563,1290.1335,311.8891,785.89685,1390.3271,669.3587,570.2548,1447.0234,326.93185,848.6632,1552.7903,666.326,568.6355,1643.5702,181.58322,931.4496,1684.5323,477.43024,549.2918,1803.4019,-42.130314,956.7419,1713.918,463.9148,522.12054,1845.9424,-98.6934,954.9698,1714.9869,420.37863,531.6922,1848.2766,-117.29783,939.49677,1706.7433,448.91983,546.18695,1837.0492,-55.704376,869.393,1646.7467,139.38124,741.0596,1690.4823,-139.60204,1099.34,1790.5244,-312.05188,959.04065,1855.188,-648.0595,1413.8927,1954.4053,-535.18463,1171.1594,2076.874,-766.86304,1435.0631,2015.3082,-571.3132,1169.2899,2135.094,-785.46643,1543.5818,1967.4982,-855.2906,1298.921,2082.1555,-1094.2305
FLIPPED IMG_5022 copy 6.png,648.31177,1257.1101,264.94855,649.10126,1245.0009,337.02014,655.3918,1245.6599,336.71793,661.5761,1246.4329,336.48822,629.6401,1252.4445,309.99545,622.0457,1258.1268,309.83298,614.49976,1263.5939,309.58786,664.1905,1268.1748,578.2955,602.63226,1290.7123,459.52396,662.2814,1279.1827,347.71915,640.08563,1290.1335,311.8891,785.89685,1390.3271,669.3587,570.2548,1447.0234,326.93185,848.6632,1552.7903,666.326,568.6355,1643.5702,181.58322,931.4496,1684.5323,477.43024,549.2918,1803.4019,-42.130314,956.7419,1713.918,463.9148,522.12054,1845.9424,-98.6934,954.9698,1714.9869,420.37863,531.6922,1848.2766,-117.29783,939.49677,1706.7433,448.91983,546.18695,1837.0492,-55.704376,869.393,1646.7467,139.38124,741.0596,1690.4823,-139.60204,1099.34,1790.5244,-312.05188,959.04065,1855.188,-648.0595,1413.8927,1954.4053,-535.18463,1171.1594,2076.874,-766.86304,1435.0631,2015.3082,-571.3132,1169.2899,2135.094,-785.46643,1543.5818,1967.4982,-855.2906,1298.921,2082.1555,-1094.2305
FLIPPED IMG_5022 copy.png,648.31177,1257.1101,264.94855,649.10126,1245.0009,337.02014,655.3918,1245.6599,336.71793,661.5761,1246.4329,336.48822,629.6401,1252.4445,309.99545,622.0457,1258.1268,309.83298,614.49976,1263.5939,309.58786,664.1905,1268.1748,578.2955,602.63226,1290.7123,459.52396,662.2814,1279.1827,347.71915,640.08563,1290.1335,311.8891,785.89685,1390.3271,669.3587,570.2548,1447.0234,326.93185,848.6632,1552.7903,666.326,568.6355,1643.5702,181.58322,931.4496,1684.5323,477.43024,549.2918,1803.4019,-42.130314,956.7419,1713.918,463.9148,522.12054,1845.9424,-98.6934,954.9698,1714.9869,420.37863,531.6922,1848.2766,-117.29783,939.49677,1706.7433,448.91983,546.18695,1837.0492,-55.704376,869.393,1646.7467,139.38124,741.0596,1690.4823,-139.60204,1099.34,1790.5244,-312.05188,959.04065,1855.188,-648.0595,1413.8927,1954.4053,-535.18463,1171.1594,2076.874,-766.86304,1435.0631,2015.3082,-571.3132,1169.2899,2135.094,-785.46643,1543.5818,1967.4982,-855.2906,1298.921,2082.1555,-1094.2305
FLIPPED IMG_5022.png,648.31177,1257.1101,264.94855,649.10126,1245.0009,337.02014,655.3918,1245.6599,336.71793,661.5761,1246.4329,336.48822,629.6401,1252.4445,309.99545,622.0457,1258.1268,309.83298,614.49976,1263.5939,309.58786,664.1905,1268.1748,578.2955,602.63226,1290.7123,459.52396,662.2814,1279.1827,347.71915,640.08563,1290.1335,311.8891,785.89685,1390.3271,669.3587,570.2548,1447.0234,326.93185,848.6632,1552.7903,666.326,568.6355,1643.5702,181.58322,931.4496,1684.5323,477.43024,549.2918,1803.4019,-42.130314,956.7419,1713.918,463.9148,522.12054,1845.9424,-98.6934,954.9698,1714.9869,420.37863,531.6922,1848.2766,-117.29783,939.49677,1706.7433,448.91983,546.18695,1837.0492,-55.704376,869.393,1646.7467,139.38124,741.0596,1690.4823,-139.60204,1099.34,1790.5244,-312.05188,959.04065,1855.188,-648.0595,1413.8927,1954.4053,-535.18463,1171.1594,2076.874,-766.86304,1435.0631,2015.3082,-571.3132,1169.2899,2135.094,-785.46643,1543.5818,1967.4982,-855.2906,1298.921,2082.1555,-1094.2305
FLIPPED IMG_5042 copy 2.png,1220.5295,1228.6482,339.83932,1245.5382,1227.194,369.23514,1252.2535,1231.4589,369.0645,1259.4703,1236.5737,368.7523,1232.7472,1221.9419,406.80103,1230.4213,1222.2549,407.0018,1228.0121,1222.866,407.0751,1278.3444,1274.1803,483.89636,1240.6388,1253.8009,654.12067,1220.4708,1252.7667,377.46994,1206.4088,1247.6323,426.79858,1284.3147,1402.1685,384.84412,1107.2167,1364.8755,741.80945,1256.5631,1596.581,289.20273,1030.3225,1528.8068,749.7999,1264.4819,1787.0059,67.70786,953.2228,1669.6244,594.9697,1305.22,1820.5853,18.595724,938.2043,1707.7218,558.6459,1309.5623,1824.7325,-47.003784,937.60706,1702.2601,524.24225,1287.4995,1814.0886,38.68014,947.8799,1691.2517,572.64636,1059.1848,1624.267,-140.50096,956.2146,1589.3053,140.15924,883.8031,1822.2329,-587.2679,749.9848,1787.89,-185.04771,694.5797,2074.3613,-894.2313,465.92014,1995.7004,-470.56296,665.73834,2153.5696,-930.2663,447.90564,2071.983,-516.45416,573.7726,2054.8613,-1183.0345,336.71976,1968.5239,-733.31726
FLIPPED IMG_5042 copy 3.png,1220.5295,1228.6482,339.83932,1245.5382,1227.194,369.23514,1252.2535,1231.4589,369.0645,1259.4703,1236.5737,368.7523,1232.7472,1221.9419,406.80103,1230.4213,1222.2549,407.0018,1228.0121,1222.866,407.0751,1278.3444,1274.1803,483.89636,1240.6388,1253.8009,654.12067,1220.4708,1252.7667,377.46994,1206.4088,1247.6323,426.79858,1284.3147,1402.1685,384.84412,1107.2167,1364.8755,741.80945,1256.5631,1596.581,289.20273,1030.3225,1528.8068,749.7999,1264.4819,1787.0059,67.70786,953.2228,1669.6244,594.9697,1305.22,1820.5853,18.595724,938.2043,1707.7218,558.6459,1309.5623,1824.7325,-47.003784,937.60706,1702.2601,524.24225,1287.4995,1814.0886,38.68014,947.8799,1691.2517,572.64636,1059.1848,1624.267,-140.50096,956.2146,1589.3053,140.15924,883.8031,1822.2329,-587.2679,749.9848,1787.89,-185.04771,694.5797,2074.3613,-894.2313,465.92014,1995.7004,-470.56296,665.73834,2153.5696,-930.2663,447.90564,2071.983,-516.45416,573.7726,2054.8613,-1183.0345,336.71976,1968.5239,-733.31726
FLIPPED IMG_5042 copy 4.png,1220.5295,1228.6482,339.83932,1245.5382,1227.194,369.23514,1252.2535,1231.4589,369.0645,1259.4703,1236.5737,368.7523,1232.7472,1221.9419,406.80103,1230.4213,1222.2549,407.0018,1228.0121,1222.866,407.0751,1278.3444,1274.1803,483.89636,1240.6388,1253.8009,654.12067,1220.4708,1252.7667,377.46994,1206.4088,1247.6323,426.79858,1284.3147,1402.1685,384.84412,1107.2167,1364.8755,741.80945,1256.5631,1596.581,289.20273,1030.3225,1528.8068,749.7999,1264.4819,1787.0059,67.70786,953.2228,1669.6244,594.9697,1305.22,1820.5853,18.595724,938.2043,1707.7218,558.6459,1309.5623,1824.7325,-47.003784,937.60706,1702.2601,524.24225,1287.4995,1814.0886,38.68014,947.8799,1691.2517,572.64636,1059.1848,1624.267,-140.50096,956.2146,1589.3053,140.15924,883.8031,1822.2329,-587.2679,749.9848,1787.89,-185.04771,694.5797,2074.3613,-894.2313,465.92014,1995.7004,-470.56296,665.73834,2153.5696,-930.2663,447.90564,2071.983,-516.45416,573.7726,2054.8613,-1183.0345,336.71976,1968.5239,-733.31726
FLIPPED IMG_5042 copy 5.png,1220.5295,1228.6482,339.83932,1245.5382,1227.194,369.23514,1252.2535,1231.4589,369.0645,1259.4703,1236.5737,368.7523,1232.7472,1221.9419,406.80103,1230.4213,1222.2549,407.0018,1228.0121,1222.866,407.0751,1278.3444,1274.1803,483.89636,1240.6388,1253.8009,654.12067,1220.4708,1252.7667,377.46994,1206.4088,1247.6323,426.79858,1284.3147,1402.1685,384.84412,1107.2167,1364.8755,741.80945,1256.5631,1596.581,289.20273,1030.3225,1528.8068,749.7999,1264.4819,1787.0059,67.70786,953.2228,1669.6244,594.9697,1305.22,1820.5853,18.595724,938.2043,1707.7218,558.6459,1309.5623,1824.7325,-47.003784,937.60706,1702.2601,524.24225,1287.4995,1814.0886,38.68014,947.8799,1691.2517,572.64636,1059.1848,1624.267,-140.50096,956.2146,1589.3053,140.15924,883.8031,1822.2329,-587.2679,749.9848,1787.89,-185.04771,694.5797,2074.3613,-894.2313,465.92014,1995.7004,-470.56296,665.73834,2153.5696,-930.2663,447.90564,2071.983,-516.45416,573.7726,2054.8613,-1183.0345,336.71976,1968.5239,-733.31726
FLIPPED IMG_5042 copy 6.png,1220.5295,1228.6482,339.83932,1245.5382,1227.194,369.23514,1252.2535,1231.4589,369.0645,1259.4703,1236.5737,368.7523,1232.7472,1221.9419,406.80103,1230.4213,1222.2549,407.0018,1228.0121,1222.866,407.0751,1278.3444,1274.1803,483.89636,1240.6388,1253.8009,654.12067,1220.4708,1252.7667,377.46994,1206.4088,1247.6323,426.79858,1284.3147,1402.1685,384.84412,1107.2167,1364.8755,741.80945,1256.5631,1596.581,289.20273,1030.3225,1528.8068,749.7999,1264.4819,1787.0059,67.70786,953.2228,1669.6244,594.9697,1305.22,1820.5853,18.595724,938.2043,1707.7218,558.6459,1309.5623,1824.7325,-47.003784,937.60706,1702.2601,524.24225,1287.4995,1814.0886,38.68014,947.8799,1691.2517,572.64636,1059.1848,1624.267,-140.50096,956.2146,1589.3053,140.15924,883.8031,1822.2329,-587.2679,749.9848,1787.89,-185.04771,694.5797,2074.3613,-894.2313,465.92014,1995.7004,-470.56296,665.73834,2153.5696,-930.2663,447.90564,2071.983,-516.45416,573.7726,2054.8613,-1183.0345,336.71976,1968.5239,-733.31726
FLIPPED IMG_5042 copy.png,1220.5295,1228.6482,339.83932,1245.5382,1227.194,369.23514,1252.2535,1231.4589,369.0645,1259.4703,1236.5737,368.7523,1232.7472,1221.9419,406.80103,1230.4213,1222.2549,407.0018,1228.0121,1222.866,407.0751,1278.3444,1274.1803,483.89636,1240.6388,1253.8009,654.12067,1220.4708,1252.7667,377.46994,1206.4088,1247.6323,426.79858,1284.3147,1402.1685,384.84412,1107.2167,1364.8755,741.80945,1256.5631,1596.581,289.20273,1030.3225,1528.8068,749.7999,1264.4819,1787.0059,67.70786,953.2228,1669.6244,594.9697,1305.22,1820.5853,18.595724,938.2043,1707.7218,558.6459,1309.5623,1824.7325,-47.003784,937.60706,1702.2601,524.24225,1287.4995,1814.0886,38.68014,947.8799,1691.2517,572.64636,1059.1848,1624.267,-140.50096,956.2146,1589.3053,140.15924,883.8031,1822.2329,-587.2679,749.9848,1787.89,-185.04771,694.5797,2074.3613,-894.2313,465.92014,1995.7004,-470.56296,665.73834,2153.5696,-930.2663,447.90564,2071.983,-516.45416,573.7726,2054.8613,-1183.0345,336.71976,1968.5239,-733.31726
FLIPPED IMG_5042.png,1220.5295,1228.6482,339.83932,1245.5382,1227.194,369.23514,1252.2535,1231.4589,369.0645,1259.4703,1236.5737,368.7523,1232.7472,1221.9419,406.80103,1230.4213,1222.2549,407.0018,1228.0121,1222.866,407.0751,1278.3444,1274.1803,483.89636,1240.6388,1253.8009,654.12067,1220.4708,1252.7667,377.46994,1206.4088,1247.6323,426.79858,1284.3147,1402.1685,384.84412,1107.2167,1364.8755,741.80945,1256.5631,1596.581,289.20273,1030.3225,1528.8068,749.7999,1264.4819,1787.0059,67.70786,953.2228,1669.6244,594.9697,1305.22,1820.5853,18.595724,938.2043,1707.7218,558.6459,1309.5623,1824.7325,-47.003784,937.60706,1702.2601,524.24225,1287.4995,1814.0886,38.68014,947.8799,1691.2517,572.64636,1059.1848,1624.267,-140.50096,956.2146,1589.3053,140.15924,883.8031,1822.2329,-587.2679,749.9848,1787.89,-185.04771,694.5797,2074.3613,-894.2313,465.92014,1995.7004,-470.56296,665.73834,2153.5696,-930.2663,447.90564,2071.983,-516.45416,573.7726,2054.8613,-1183.0345,336.71976,1968.5239,-733.31726
FLIPPED IMG_5043 copy 2.png,1238.0297,1231.754,575.2231,1258.901,1232.7542,590.63477,1261.3829,1236.7065,590.6038,1264.055,1240.5892,590.33905,1257.8022,1228.623,606.568,1259.2277,1229.9375,606.6292,1260.7328,1231.2114,606.5754,1274.2374,1267.6407,639.5342,1268.9889,1257.7406,709.6681,1230.8447,1253.3093,594.22437,1228.3192,1248.9677,614.0151,1218.4171,1365.9928,499.6701,1163.0012,1346.6332,701.1669,1226.0017,1550.2804,436.18198,1114.6367,1536.6937,691.05707,1285.3645,1762.8735,276.4529,1105.5133,1690.0077,607.6206,1328.994,1787.0183,227.43307,1107.0128,1733.6449,569.9851,1332.4008,1790.2682,182.02827,1101.3367,1733.616,537.8432,1312.1998,1785.1653,251.60863,1103.2666,1719.3054,589.3188,1019.87286,1582.9285,-132.61679,1020.97906,1592.6483,132.55293,764.4468,1774.5676,-456.92038,841.05023,1812.4949,-251.0772,467.61032,1971.2179,-778.5665,688.6793,2048.8616,-487.85992,448.2568,2035.9805,-821.81854,667.9344,2116.6443,-524.88983,337.96112,1944.7268,-1088.8135,534.4717,2009.6354,-754.27167
FLIPPED IMG_5043 copy 3.png,1238.0297,1231.754,575.2231,1258.901,1232.7542,590.63477,1261.3829,1236.7065,590.6038,1264.055,1240.5892,590.33905,1257.8022,1228.623,606.568,1259.2277,1229.9375,606.6292,1260.7328,1231.2114,606.5754,1274.2374,1267.6407,639.5342,1268.9889,1257.7406,709.6681,1230.8447,1253.3093,594.22437,1228.3192,1248.9677,614.0151,1218.4171,1365.9928,499.6701,1163.0012,1346.6332,701.1669,1226.0017,1550.2804,436.18198,1114.6367,1536.6937,691.05707,1285.3645,1762.8735,276.4529,1105.5133,1690.0077,607.6206,1328.994,1787.0183,227.43307,1107.0128,1733.6449,569.9851,1332.4008,1790.2682,182.02827,1101.3367,1733.616,537.8432,1312.1998,1785.1653,251.60863,1103.2666,1719.3054,589.3188,1019.87286,1582.9285,-132.61679,1020.97906,1592.6483,132.55293,764.4468,1774.5676,-456.92038,841.05023,1812.4949,-251.0772,467.61032,1971.2179,-778.5665,688.6793,2048.8616,-487.85992,448.2568,2035.9805,-821.81854,667.9344,2116.6443,-524.88983,337.96112,1944.7268,-1088.8135,534.4717,2009.6354,-754.27167
FLIPPED IMG_5043 copy 4.png,1238.0297,1231.754,575.2231,1258.901,1232.7542,590.63477,1261.3829,1236.7065,590.6038,1264.055,1240.5892,590.33905,1257.8022,1228.623,606.568,1259.2277,1229.9375,606.6292,1260.7328,1231.2114,606.5754,1274.2374,1267.6407,639.5342,1268.9889,1257.7406,709.6681,1230.8447,1253.3093,594.22437,1228.3192,1248.9677,614.0151,1218.4171,1365.9928,499.6701,1163.0012,1346.6332,701.1669,1226.0017,1550.2804,436.18198,1114.6367,1536.6937,691.05707,1285.3645,1762.8735,276.4529,1105.5133,1690.0077,607.6206,1328.994,1787.0183,227.43307,1107.0128,1733.6449,569.9851,1332.4008,1790.2682,182.02827,1101.3367,1733.616,537.8432,1312.1998,1785.1653,251.60863,1103.2666,1719.3054,589.3188,1019.87286,1582.9285,-132.61679,1020.97906,1592.6483,132.55293,764.4468,1774.5676,-456.92038,841.05023,1812.4949,-251.0772,467.61032,1971.2179,-778.5665,688.6793,2048.8616,-487.85992,448.2568,2035.9805,-821.81854,667.9344,2116.6443,-524.88983,337.96112,1944.7268,-1088.8135,534.4717,2009.6354,-754.27167
FLIPPED IMG_5043 copy 5.png,1238.0297,1231.754,575.2231,1258.901,1232.7542,590.63477,1261.3829,1236.7065,590.6038,1264.055,1240.5892,590.33905,1257.8022,1228.623,606.568,1259.2277,1229.9375,606.6292,1260.7328,1231.2114,606.5754,1274.2374,1267.6407,639.5342,1268.9889,1257.7406,709.6681,1230.8447,1253.3093,594.22437,1228.3192,1248.9677,614.0151,1218.4171,1365.9928,499.6701,1163.0012,1346.6332,701.1669,1226.0017,1550.2804,436.18198,1114.6367,1536.6937,691.05707,1285.3645,1762.8735,276.4529,1105.5133,1690.0077,607.6206,1328.994,1787.0183,227.43307,1107.0128,1733.6449,569.9851,1332.4008,1790.2682,182.02827,1101.3367,1733.616,537.8432,1312.1998,1785.1653,251.60863,1103.2666,1719.3054,589.3188,1019.87286,1582.9285,-132.61679,1020.97906,1592.6483,132.55293,764.4468,1774.5676,-456.92038,841.05023,1812.4949,-251.0772,467.61032,1971.2179,-778.5665,688.6793,2048.8616,-487.85992,448.2568,2035.9805,-821.81854,667.9344,2116.6443,-524.88983,337.96112,1944.7268,-1088.8135,534.4717,2009.6354,-754.27167
FLIPPED IMG_5043 copy 6.png,1238.0297,1231.754,575.2231,1258.901,1232.7542,590.63477,1261.3829,1236.7065,590.6038,1264.055,1240.5892,590.33905,1257.8022,1228.623,606.568,1259.2277,1229.9375,606.6292,1260.7328,1231.2114,606.5754,1274.2374,1267.6407,639.5342,1268.9889,1257.7406,709.6681,1230.8447,1253.3093,594.22437,1228.3192,1248.9677,614.0151,1218.4171,1365.9928,499.6701,1163.0012,1346.6332,701.1669,1226.0017,1550.2804,436.18198,1114.6367,1536.6937,691.05707,1285.3645,1762.8735,276.4529,1105.5133,1690.0077,607.6206,1328.994,1787.0183,227.43307,1107.0128,1733.6449,569.9851,1332.4008,1790.2682,182.02827,1101.3367,1733.616,537.8432,1312.1998,1785.1653,251.60863,1103.2666,1719.3054,589.3188,1019.87286,1582.9285,-132.61679,1020.97906,1592.6483,132.55293,764.4468,1774.5676,-456.92038,841.05023,1812.4949,-251.0772,467.61032,1971.2179,-778.5665,688.6793,2048.8616,-487.85992,448.2568,2035.9805,-821.81854,667.9344,2116.6443,-524.88983,337.96112,1944.7268,-1088.8135,534.4717,2009.6354,-754.27167
FLIPPED IMG_5043 copy.png,1238.0297,1231.754,575.2231,1258.901,1232.7542,590.63477,1261.3829,1236.7065,590.6038,1264.055,1240.5892,590.33905,1257.8022,1228.623,606.568,1259.2277,1229.9375,606.6292,1260.7328,1231.2114,606.5754,1274.2374,1267.6407,639.5342,1268.9889,1257.7406,709.6681,1230.8447,1253.3093,594.22437,1228.3192,1248.9677,614.0151,1218.4171,1365.9928,499.6701,1163.0012,1346.6332,701.1669,1226.0017,1550.2804,436.18198,1114.6367,1536.6937,691.05707,1285.3645,1762.8735,276.4529,1105.5133,1690.0077,607.6206,1328.994,1787.0183,227.43307,1107.0128,1733.6449,569.9851,1332.4008,1790.2682,182.02827,1101.3367,1733.616,537.8432,1312.1998,1785.1653,251.60863,1103.2666,1719.3054,589.3188,1019.87286,1582.9285,-132.61679,1020.97906,1592.6483,132.55293,764.4468,1774.5676,-456.92038,841.05023,1812.4949,-251.0772,467.61032,1971.2179,-778.5665,688.6793,2048.8616,-487.85992,448.2568,2035.9805,-821.81854,667.9344,2116.6443,-524.88983,337.96112,1944.7268,-1088.8135,534.4717,2009.6354,-754.27167
FLIPPED IMG_5043.png,1238.0297,1231.754,575.2231,1258.901,1232.7542,590.63477,1261.3829,1236.7065,590.6038,1264.055,1240.5892,590.33905,1257.8022,1228.623,606.568,1259.2277,1229.9375,606.6292,1260.7328,1231.2114,606.5754,1274.2374,1267.6407,639.5342,1268.9889,1257.7406,709.6681,1230.8447,1253.3093,594.22437,1228.3192,1248.9677,614.0151,1218.4171,1365.9928,499.6701,1163.0012,1346.6332,701.1669,1226.0017,1550.2804,436.18198,1114.6367,1536.6937,691.05707,1285.3645,1762.8735,276.4529,1105.5133,1690.0077,607.6206,1328.994,1787.0183,227.43307,1107.0128,1733.6449,569.9851,1332.4008,1790.2682,182.02827,1101.3367,1733.616,537.8432,1312.1998,1785.1653,251.60863,1103.2666,1719.3054,589.3188,1019.87286,1582.9285,-132.61679,1020.97906,1592.6483,132.55293,764.4468,1774.5676,-456.92038,841.05023,1812.4949,-251.0772,467.61032,1971.2179,-778.5665,688.6793,2048.8616,-487.85992,448.2568,2035.9805,-821.81854,667.9344,2116.6443,-524.88983,337.96112,1944.7268,-1088.8135,534.4717,2009.6354,-754.27167
FLIPPED IMG_5044 copy 2.png,1262.7705,1416.6066,233.45004,1289.1842,1416.7809,231.99529,1293.3467,1419.768,231.8547,1297.8517,1423.1417,231.79301,1283.4897,1413.7513,277.17575,1283.9113,1414.4474,277.26294,1284.5361,1415.1919,277.18988,1310.341,1451.423,224.00764,1293.1509,1440.3391,428.79477,1257.3395,1436.438,226.98044,1249.8164,1432.7083,286.19235,1288.4755,1543.5354,105.11013,1197.5903,1521.0428,458.40405,1289.7028,1681.7977,-29.811035,1165.447,1651.5028,532.50397,1298.1327,1830.9626,-241.83635,1142.0626,1772.5201,439.45703,1330.4298,1847.0178,-291.3433,1140.8683,1777.0591,410.85312,1325.8541,1845.6232,-306.22388,1153.3033,1783.2574,384.06494,1309.6298,1839.0623,-249.39548,1154.3633,1783.1663,423.53302,1049.5002,1675.0156,-122.56294,983.75323,1642.8015,122.34909,845.3024,1787.3309,-371.39127,780.9409,1749.1156,-148.53995,626.30817,1903.0387,-580.96765,588.51624,1863.2003,-360.65027,611.2715,1943.8007,-604.34955,571.9744,1902.0665,-389.4009,497.6656,1876.5674,-749.2911,470.3218,1845.5435,-502.5813
FLIPPED IMG_5044 copy 3.png,1262.7705,1416.6066,233.45004,1289.1842,1416.7809,231.99529,1293.3467,1419.768,231.8547,1297.8517,1423.1417,231.79301,1283.4897,1413.7513,277.17575,1283.9113,1414.4474,277.26294,1284.5361,1415.1919,277.18988,1310.341,1451.423,224.00764,1293.1509,1440.3391,428.79477,1257.3395,1436.438,226.98044,1249.8164,1432.7083,286.19235,1288.4755,1543.5354,105.11013,1197.5903,1521.0428,458.40405,1289.7028,1681.7977,-29.811035,1165.447,1651.5028,532.50397,1298.1327,1830.9626,-241.83635,1142.0626,1772.5201,439.45703,1330.4298,1847.0178,-291.3433,1140.8683,1777.0591,410.85312,1325.8541,1845.6232,-306.22388,1153.3033,1783.2574,384.06494,1309.6298,1839.0623,-249.39548,1154.3633,1783.1663,423.53302,1049.5002,1675.0156,-122.56294,983.75323,1642.8015,122.34909,845.3024,1787.3309,-371.39127,780.9409,1749.1156,-148.53995,626.30817,1903.0387,-580.96765,588.51624,1863.2003,-360.65027,611.2715,1943.8007,-604.34955,571.9744,1902.0665,-389.4009,497.6656,1876.5674,-749.2911,470.3218,1845.5435,-502.5813
FLIPPED IMG_5044 copy 4.png,1262.7705,1416.6066,233.45004,1289.1842,1416.7809,231.99529,1293.3467,1419.768,231.8547,1297.8517,1423.1417,231.79301,1283.4897,1413.7513,277.17575,1283.9113,1414.4474,277.26294,1284.5361,1415.1919,277.18988,1310.341,1451.423,224.00764,1293.1509,1440.3391,428.79477,1257.3395,1436.438,226.98044,1249.8164,1432.7083,286.19235,1288.4755,1543.5354,105.11013,1197.5903,1521.0428,458.40405,1289.7028,1681.7977,-29.811035,1165.447,1651.5028,532.50397,1298.1327,1830.9626,-241.83635,1142.0626,1772.5201,439.45703,1330.4298,1847.0178,-291.3433,1140.8683,1777.0591,410.85312,1325.8541,1845.6232,-306.22388,1153.3033,1783.2574,384.06494,1309.6298,1839.0623,-249.39548,1154.3633,1783.1663,423.53302,1049.5002,1675.0156,-122.56294,983.75323,1642.8015,122.34909,845.3024,1787.3309,-371.39127,780.9409,1749.1156,-148.53995,626.30817,1903.0387,-580.96765,588.51624,1863.2003,-360.65027,611.2715,1943.8007,-604.34955,571.9744,1902.0665,-389.4009,497.6656,1876.5674,-749.2911,470.3218,1845.5435,-502.5813
FLIPPED IMG_5044 copy 5.png,1262.7705,1416.6066,233.45004,1289.1842,1416.7809,231.99529,1293.3467,1419.768,231.8547,1297.8517,1423.1417,231.79301,1283.4897,1413.7513,277.17575,1283.9113,1414.4474,277.26294,1284.5361,1415.1919,277.18988,1310.341,1451.423,224.00764,1293.1509,1440.3391,428.79477,1257.3395,1436.438,226.98044,1249.8164,1432.7083,286.19235,1288.4755,1543.5354,105.11013,1197.5903,1521.0428,458.40405,1289.7028,1681.7977,-29.811035,1165.447,1651.5028,532.50397,1298.1327,1830.9626,-241.83635,1142.0626,1772.5201,439.45703,1330.4298,1847.0178,-291.3433,1140.8683,1777.0591,410.85312,1325.8541,1845.6232,-306.22388,1153.3033,1783.2574,384.06494,1309.6298,1839.0623,-249.39548,1154.3633,1783.1663,423.53302,1049.5002,1675.0156,-122.56294,983.75323,1642.8015,122.34909,845.3024,1787.3309,-371.39127,780.9409,1749.1156,-148.53995,626.30817,1903.0387,-580.96765,588.51624,1863.2003,-360.65027,611.2715,1943.8007,-604.34955,571.9744,1902.0665,-389.4009,497.6656,1876.5674,-749.2911,470.3218,1845.5435,-502.5813
FLIPPED IMG_5044 copy 6.png,1262.7705,1416.6066,233.45004,1289.1842,1416.7809,231.99529,1293.3467,1419.768,231.8547,1297.8517,1423.1417,231.79301,1283.4897,1413.7513,277.17575,1283.9113,1414.4474,277.26294,1284.5361,1415.1919,277.18988,1310.341,1451.423,224.00764,1293.1509,1440.3391,428.79477,1257.3395,1436.438,226.98044,1249.8164,1432.7083,286.19235,1288.4755,1543.5354,105.11013,1197.5903,1521.0428,458.40405,1289.7028,1681.7977,-29.811035,1165.447,1651.5028,532.50397,1298.1327,1830.9626,-241.83635,1142.0626,1772.5201,439.45703,1330.4298,1847.0178,-291.3433,1140.8683,1777.0591,410.85312,1325.8541,1845.6232,-306.22388,1153.3033,1783.2574,384.06494,1309.6298,1839.0623,-249.39548,1154.3633,1783.1663,423.53302,1049.5002,1675.0156,-122.56294,983.75323,1642.8015,122.34909,845.3024,1787.3309,-371.39127,780.9409,1749.1156,-148.53995,626.30817,1903.0387,-580.96765,588.51624,1863.2003,-360.65027,611.2715,1943.8007,-604.34955,571.9744,1902.0665,-389.4009,497.6656,1876.5674,-749.2911,470.3218,1845.5435,-502.5813
FLIPPED IMG_5044 copy.png,1262.7705,1416.6066,233.45004,1289.1842,1416.7809,231.99529,1293.3467,1419.768,231.8547,1297.8517,1423.1417,231.79301,1283.4897,1413.7513,277.17575,1283.9113,1414.4474,277.26294,1284.5361,1415.1919,277.18988,1310.341,1451.423,224.00764,1293.1509,1440.3391,428.79477,1257.3395,1436.438,226.98044,1249.8164,1432.7083,286.19235,1288.4755,1543.5354,105.11013,1197.5903,1521.0428,458.40405,1289.7028,1681.7977,-29.811035,1165.447,1651.5028,532.50397,1298.1327,1830.9626,-241.83635,1142.0626,1772.5201,439.45703,1330.4298,1847.0178,-291.3433,1140.8683,1777.0591,410.85312,1325.8541,1845.6232,-306.22388,1153.3033,1783.2574,384.06494,1309.6298,1839.0623,-249.39548,1154.3633,1783.1663,423.53302,1049.5002,1675.0156,-122.56294,983.75323,1642.8015,122.34909,845.3024,1787.3309,-371.39127,780.9409,1749.1156,-148.53995,626.30817,1903.0387,-580.96765,588.51624,1863.2003,-360.65027,611.2715,1943.8007,-604.34955,571.9744,1902.0665,-389.4009,497.6656,1876.5674,-749.2911,470.3218,1845.5435,-502.5813
FLIPPED IMG_5044.png,1262.7705,1416.6066,233.45004,1289.1842,1416.7809,231.99529,1293.3467,1419.768,231.8547,1297.8517,1423.1417,231.79301,1283.4897,1413.7513,277.17575,1283.9113,1414.4474,277.26294,1284.5361,1415.1919,277.18988,1310.341,1451.423,224.00764,1293.1509,1440.3391,428.79477,1257.3395,1436.438,226.98044,1249.8164,1432.7083,286.19235,1288.4755,1543.5354,105.11013,1197.5903,1521.0428,458.40405,1289.7028,1681.7977,-29.811035,1165.447,1651.5028,532.50397,1298.1327,1830.9626,-241.83635,1142.0626,1772.5201,439.45703,1330.4298,1847.0178,-291.3433,1140.8683,1777.0591,410.85312,1325.8541,1845.6232,-306.22388,1153.3033,1783.2574,384.06494,1309.6298,1839.0623,-249.39548,1154.3633,1783.1663,423.53302,1049.5002,1675.0156,-122.56294,983.75323,1642.8015,122.34909,845.3024,1787.3309,-371.39127,780.9409,1749.1156,-148.53995,626.30817,1903.0387,-580.96765,588.51624,1863.2003,-360.65027,611.2715,1943.8007,-604.34955,571.9744,1902.0665,-389.4009,497.6656,1876.5674,-749.2911,470.3218,1845.5435,-502.5813
FLIPPED IMG_5045.JPG,1724.0663,1237.9043,376.92847,1725.2087,1264.5547,384.91895,1722.0101,1268.61,384.7431,1718.2993,1273.0573,384.60028,1728.7843,1258.3344,439.13214,1728.1726,1258.1786,439.29626,1727.392,1258.1748,439.337,1689.4204,1284.2462,416.41623,1701.4352,1265.6307,661.6842,1701.6547,1235.8525,383.48352,1705.6748,1225.9128,454.56042,1596.9795,1261.6866,234.48907,1625.8209,1165.922,754.8013,1445.9291,1264.8304,7.9362416,1483.1338,1115.8918,803.2803,1291.9873,1271.6553,-257.9513,1358.5664,1098.0198,614.21265,1278.9532,1304.2593,-333.13028,1350.2407,1095.8137,601.73914,1277.8643,1298.3066,-325.7789,1351.0065,1098.1992,552.77576,1280.1648,1282.8098,-259.15506,1351.9371,1101.1898,590.0025,1450.082,1016.7371,-189.14313,1472.5886,958.2145,189.11723,1334.9653,795.3853,-489.8034,1364.4001,749.83734,-37.470287,1214.6821,575.38135,-745.02844,1249.9412,555.2897,-201.64787,1160.1423,550.54785,-780.1795,1207.5728,541.91516,-230.76686,1250.44,447.81177,-994.17896,1280.8969,436.73376,-380.78085
FLIPPED IMG_5084.JPG,2184.8953,1355.6805,170.12991,2198.306,1391.3961,220.56349,2192.1396,1407.0654,220.36153,2185.559,1421.5823,219.88365,2204.4546,1362.0376,262.33038,2204.6829,1355.2994,262.73795,2205.556,1347.4631,262.9169,2153.9229,1455.7559,464.3255,2184.759,1354.5956,666.7756,2139.1272,1373.7671,255.94937,2152.3486,1332.5388,314.55075,1984.2782,1503.2332,438.26154,2036.1848,1213.0105,786.4891,1730.0984,1513.4857,318.05862,1830.4524,1098.736,751.1325,1477.2571,1528.5168,-44.764313,1680.6105,1019.5044,390.86652,1423.7104,1571.5323,-119.997055,1636.9292,995.8377,292.3557,1415.4712,1556.1227,-214.32571,1649.7778,1011.8934,252.26823,1431.8849,1534.023,-88.73659,1656.9427,1027.8802,358.2168,1705.8217,1196.0734,-179.87314,1777.353,1034.0983,179.55699,1589.2555,914.66064,-929.42163,1610.4355,744.98145,-328.63885,1181.3186,619.324,-1314.2548,1303.7971,396.53336,-706.01135,1098.4845,576.61346,-1350.4413,1211.3436,365.4623,-753.84436,1174.2023,438.84506,-1689.7651,1335.091,162.94446,-1034.7603
FLIPPED IMG_5085.JPG,2170.3538,1371.209,212.40918,2180.0557,1409.6705,260.12402,2174.0715,1424.0817,259.87628,2167.7793,1439.5527,259.41388,2189.1667,1384.5343,308.48535,2189.964,1379.7283,308.8824,2190.7393,1373.6805,309.0113,2130.9187,1477.1443,493.88074,2166.4707,1380.5967,725.1978,2122.2334,1380.8927,294.0937,2134.7852,1348.577,361.09015,1956.9288,1523.3975,431.89758,2016.2723,1238.7385,860.0963,1703.028,1533.9669,279.7263,1793.3347,1117.164,881.8345,1448.7144,1543.9938,-114.66329,1643.2828,1031.9951,588.8097,1397.2233,1583.0681,-193.72415,1630.6534,978.43054,502.9493,1389.1383,1566.5088,-275.09167,1618.4146,1015.70264,459.58954,1404.8293,1546.3362,-153.65916,1624.1088,1032.2211,556.0833,1687.5481,1204.7611,-200.3521,1747.8655,1040.5975,200.05684,1536.6333,897.64014,-870.5708,1569.7189,745.0155,-281.6028,1149.1855,586.55286,-1315.8274,1273.6243,370.95465,-698.54486,1057.6086,539.5312,-1357.903,1174.491,336.82114,-751.0697,1133.1012,331.68994,-1686.6193,1303.9541,135.13884,-1016.70966
FLIPPED IMG_5086.JPG,2267.3145,1444.6064,252.0359,2261.8196,1509.7013,229.07776,2249.4417,1521.6906,228.4834,2235.9734,1535.2306,227.55266,2278.1665,1491.2698,335.4657,2278.83,1489.9209,335.93234,2279.3154,1488.7903,335.6975,2148.5547,1567.3313,250.24649,2228.6282,1498.6992,726.50104,2211.929,1428.2366,264.92044,2231.638,1408.349,404.1553,1886.839,1557.9141,30.147367,2075.5215,1234.1738,946.81116,1516.5029,1514.8162,-266.56436,1805.6099,1021.3056,1236.8431,1134.1519,1491.917,-610.2529,1599.8317,861.04083,1164.4677,1005.0504,1523.2203,-712.5518,1530.7827,802.8465,1130.3975,1022.13794,1479.8032,-799.70044,1539.1554,807.63763,1026.4097,1059.9966,1462.496,-646.3766,1551.1963,831.16376,1106.8059,1447.0983,903.32684,-240.5287,1610.6617,705.31915,241.57748,1194.6129,309.95062,-755.67755,1381.9143,206.10133,-302.74066,849.7695,-193.22838,-703.71423,979.8034,-207.54918,-239.17677,772.2062,-236.85143,-702.6453,876.5453,-236.95634,-249.6828,802.36127,-437.94424,-1050.5214,945.828,-467.27316,-588.9741
FLIPPED IMG_5090.png,449.0614,1256.341,-65.34715,417.9367,1261.3926,-29.96686,417.27292,1262.943,-30.231836,416.72528,1264.6501,-30.12618,414.03278,1269.3795,-109.6179,410.76978,1276.7921,-109.718155,407.17438,1286.1678,-109.8097,411.26077,1301.0646,177.49376,396.64783,1341.3795,-185.50156,475.13837,1281.741,18.955978,470.1635,1291.8492,-86.60993,561.74005,1404.8204,373.4153,453.69092,1473.8636,-317.43878,627.3489,1584.2592,571.9532,503.8884,1719.2502,-492.73477,790.6871,1667.6667,546.2248,552.41876,1970.1482,-696.7477,822.3874,1689.7548,542.50214,569.2595,2046.3187,-765.829,828.10864,1685.9325,461.0448,609.6987,2011.4816,-786.4533,815.64514,1684.0114,506.43665,606.32227,1983.4843,-707.9321,989.37555,1590.759,217.06416,955.69476,1676.2898,-216.74767,1291.5314,1688.6255,111.60604,1285.5704,1757.0546,-208.68056,1627.5696,1799.0657,133.60596,1658.8936,1865.9652,-170.36053,1669.8296,1859.3805,118.10068,1703.1062,1930.2292,-179.93835,1778.8463,1698.3467,-53.97203,1835.1318,1759.98,-391.75677
FLIPPED IMG_5365.JPG,2652.2969,427.81116,-89.43865,2689.845,442.44986,-145.82043,2692.1243,448.42603,-145.94301,2694.2402,454.08664,-146.12135,2689.0369,437.1748,-66.16594,2690.9082,439.64664,-66.070984,2692.9756,442.23315,-66.12899,2694.2266,502.4576,-280.46484,2691.734,486.31183,68.74623,2622.6404,460.37335,-129.31128,2621.5166,452.89886,-27.110554,2564.2012,632.45404,-383.53595,2516.8467,615.4651,224.54442,2519.9785,907.61957,-389.58914,2467.6929,867.15125,309.15982,2487.217,1156.134,-496.8442,2423.8362,1088.8641,160.86935,2463.4485,1211.6313,-579.2029,2405.2837,1111.7118,118.44354,2459.5852,1201.057,-604.9205,2404.433,1110.787,68.94767,2467.287,1172.4293,-507.62622,2412.9182,1105.7456,133.36107,2079.0173,786.48584,-227.32556,2066.922,759.9578,226.794,1716.2476,913.7928,-161.14964,1735.568,898.5328,222.76505,1364.4852,1021.92316,-61.167652,1410.943,1002.7362,363.6132,1313.4735,1073.0636,-66.38502,1356.6598,1049.8008,361.93796,1271.7493,891.0992,-294.96136,1331.15,876.4541,191.01665
FLIPPED IMG_5372.JPG,1203.7937,171.12216,-497.8318,1155.9723,197.92746,-431.47888,1154.4364,203.556,-431.68066,1152.6848,210.08661,-431.13544,1157.913,201.8369,-602.5849,1157.7297,209.482,-602.72473,1157.1901,218.14151,-602.8074,1163.9501,285.34766,-81.29929,1169.7574,292.70996,-858.72125,1251.8068,193.29724,-353.3536,1249.9077,197.53883,-578.0774,1384.6931,412.49536,278.21027,1367.5278,460.78226,-1052.2754,1405.2401,781.871,374.27994,1377.5549,860.70996,-1240.0281,1410.6606,1081.405,-11.604153,1358.8496,1219.0956,-1245.929,1463.2856,1131.0159,-97.065956,1423.1858,1302.8204,-1430.381,1486.6968,1130.6158,-225.60965,1465.8132,1276.9437,-1392.2523,1478.2917,1109.544,-85.04916,1454.3568,1241.6787,-1235.1796,2025.503,769.2446,503.66943,2018.8267,828.3952,-503.93793,2396.4402,958.5139,1115.2285,2459.4321,1032.1277,139.10898,2804.1414,1182.4579,1892.6316,2881.8916,1229.4475,847.1304,2873.9797,1271.2742,1956.119,2935.498,1316.4844,899.7897,2947.0737,1046.2909,1730.1002,3027.063,1074.3016,523.91644
FLIPPED IMG_5373.JPG,765.4178,66.13111,51.967503,714.35284,92.00019,111.17452,714.09235,97.69623,110.90068,713.82935,104.42274,111.24515,711.9817,94.97623,-29.80309,709.3676,102.475395,-29.857096,706.6939,111.33335,-29.753876,728.25757,175.7921,406.42328,720.6189,181.47723,-234.89198,815.66205,89.23599,170.31766,810.7489,91.51237,-15.850816,972.4793,310.1069,644.87335,890.5704,348.66312,-481.7859,1016.8822,659.3977,745.8004,912.6833,733.5062,-727.3973,1081.2225,935.2907,414.31412,875.1054,1095.296,-1053.0543,1109.8137,998.50116,314.5956,914.7012,1164.9463,-1213.3136,1118.5933,1006.5394,187.25017,971.30963,1139.931,-1226.9637,1107.1683,989.6648,344.9299,964.32263,1113.3469,-1063.1664,1559.7554,603.7057,420.8747,1519.6207,664.7082,-420.33676,2028.1504,822.6396,250.65091,2041.0168,875.09076,-429.38364,2538.5337,1068.0123,355.47687,2569.4546,1121.806,-379.5401,2593.7886,1152.3749,343.39426,2624.6619,1211.5294,-392.14218,2718.7588,934.4123,72.27566,2757.5989,986.46326,-770.3045
FLIPPED IMG_6039.JPG,811.8116,78.89792,-298.61206,774.23865,49.343285,-257.24176,770.3549,51.526722,-257.70407,765.64484,53.66891,-257.6379,766.3769,51.189842,-404.44388,757.50433,54.479687,-404.7275,747.64136,58.0572,-405.1669,708.51495,92.63429,-24.494799,694.9056,99.63077,-693.31525,816.6853,131.41928,-198.06381,805.81024,133.03607,-393.63373,747.9962,323.61066,295.87875,694.9479,341.4943,-897.1406,770.47125,666.4,442.99527,707.5527,733.2926,-1151.5349,739.52136,971.726,177.48886,688.547,1114.6217,-1285.5609,809.2793,933.3323,151.99928,735.4271,1186.5895,-1449.6709,808.2765,913.7645,24.165201,776.42554,1169.8298,-1436.0658,816.6186,902.8225,112.20488,765.7927,1141.8375,-1286.6423,1283.8302,687.7761,478.37363,1320.7781,805.84735,-477.5761,1382.7526,360.47037,907.5361,1866.5864,928.1178,-352.13336,1722.7499,674.2598,1487.3796,2355.5383,1110.8124,-237.55914,1752.5558,749.9361,1525.1194,2397.616,1193.4395,-248.47844,1910.3258,679.14594,1482.0176,2535.186,1000.5047,-598.53955
FLIPPED IMG_6040.JPG,703.051,-16.968807,-52.602764,645.81976,-12.423199,5.8250537,641.66815,-5.640278,5.406433,637.2261,2.601689,5.6939425,644.3517,-11.126189,-158.99986,639.39264,-4.4637055,-159.20023,633.8986,3.2305436,-159.72554,614.9771,77.347176,253.06949,612.2064,62.57543,-486.80603,720.13153,36.92994,53.207745,716.1435,35.50199,-162.23752,774.9927,256.09393,534.1879,723.7879,308.24838,-775.3948,845.6528,675.65967,543.9242,781.6538,711.49414,-978.58057,902.80597,991.09247,222.2183,761.8671,1132.4349,-1080.7617,917.7681,1088.3154,176.29443,807.1649,1198.205,-1240.0038,894.6054,1077.6866,91.16649,874.11005,1169.3618,-1246.4463,898.04645,1043.9276,170.53683,857.9167,1145.7449,-1087.9933,1426.4646,634.6732,481.96457,1424.1317,682.46277,-482.30234,1859.3451,784.2073,833.4134,1932.4506,829.4205,-421.85715,2268.8613,953.63947,1356.6497,2442.6282,1003.8656,-304.22592,2309.3655,1018.8637,1386.2749,2498.0193,1092.8903,-317.51285,2440.5603,809.523,1184.2404,2652.8987,863.65326,-715.19727
FLIPPED IMG_6041.JPG,180.82762,307.61496,329.2853,132.39001,293.46283,371.64404,128.24373,296.58585,371.4008,122.911865,300.2995,371.293,132.3149,289.89264,209.47357,128.95854,290.72855,209.42114,124.66791,292.31308,208.95065,98.30906,337.37808,507.67993,103.043434,329.14218,-231.77617,199.58365,343.67386,387.54724,197.46701,340.00436,174.4235,225.86398,538.2164,735.85803,182.78572,472.31644,-612.83527,316.6049,744.63336,995.5831,456.83365,890.4167,-934.4975,569.6584,776.20905,1111.6364,858.3516,1342.3982,-971.5395,603.516,801.3053,1176.0073,906.1374,1482.2225,-1073.3605,590.527,788.98694,1076.2986,983.78705,1470.9823,-1077.2761,590.5152,771.813,1061.8116,978.37976,1414.4153,-972.3703,880.73987,638.7023,404.026,863.26825,641.5083,-403.2907,1349.5504,803.5267,550.2409,1308.4988,921.9108,-496.38312,1670.9208,1029.9462,746.41815,1215.9121,1381.9335,-100.10978,1712.2439,1094.4836,739.0349,1200.056,1461.9847,-64.47111,1799.0132,970.8992,551.65985,1218.9963,1459.4207,-248.24585
FLIPPED IMG_6042.JPG,1212.872,207.89803,-1729.2448,1179.7043,191.88263,-1800.3842,1175.5308,192.11972,-1800.3325,1171.556,192.47614,-1800.1124,1184.6332,196.97719,-1866.7136,1183.3202,200.79274,-1867.4005,1181.9845,204.64696,-1868.3405,1149.6674,223.24747,-1827.2709,1147.8657,262.25558,-2135.162,1219.1775,235.92233,-1695.8503,1221.1942,242.04684,-1785.3107,1222.8174,351.8786,-1424.2756,1201.0157,520.8751,-1982.1927,1276.5587,661.4652,-846.995,1275.9421,1027.5056,-1833.2062,1298.3077,936.6785,-484.6035,1441.6731,1454.8224,-1682.4891,1306.3115,1026.733,-511.8575,1446.5447,1571.9127,-1812.1575,1288.8303,1011.2718,-542.24207,1503.3986,1544.0643,-1876.718,1296.3962,978.7626,-492.9486,1501.9669,1494.5446,-1714.2432,1644.0212,785.91986,158.71515,1567.5983,899.4525,-159.0063,2098.0288,832.71106,1215.677,1653.0527,1088.8414,985.3375,2433.988,859.34906,2399.3584,1655.526,1347.9899,2199.9402,2458.7268,972.6921,2507.7534,1612.7059,1512.315,2314.4077,2550.3223,820.3231,2267.1094,1767.1523,1477.9819,2075.8179
FLIPPED IMG_6044.JPG,1661.4105,365.1235,-1114.2621,1622.578,348.61877,-1134.5958,1616.6023,349.64938,-1134.6511,1609.8876,351.07373,-1134.6526,1628.1332,354.46524,-1233.8976,1626.7576,358.93503,-1234.4384,1624.9719,364.08322,-1234.7542,1563.7615,408.8664,-1060.3248,1592.6082,423.82422,-1499.9065,1671.8273,406.4617,-1055.9929,1674.5096,412.6023,-1183.453,1521.5316,605.14764,-856.4551,1754.358,631.25,-1454.5986,1482.5392,896.7383,-669.8818,1794.3794,967.52496,-1420.728,1507.412,1097.0927,-722.04224,1793.5209,1261.6832,-1366.9904,1510.3445,1120.8986,-829.4608,1851.158,1312.1621,-1515.3014,1533.7112,1110.1158,-864.9107,1854.8562,1288.8612,-1543.8213,1545.5004,1101.2085,-749.8044,1831.3485,1270.7545,-1386.6609,2045.9062,860.6747,285.07376,2181.6875,880.61945,-285.6535,2294.2493,921.4529,1304.7942,2415.9597,973.21423,810.55054,2475.7856,1029.004,2350.21,2629.1113,1081.3372,1833.5758,2530.526,1063.0892,2457.19,2639.5862,1136.6022,1931.9719,2607.0063,917.06177,2371.8738,2737.216,971.43756,1752.5222
FLIPPED IMG_6048.JPG,2080.247,219.98778,-1113.02,2124.249,183.25522,-1212.3488,2122.4856,181.91064,-1212.6013,2120.656,180.37206,-1213.4767,2141.7732,193.31087,-1146.7617,2152.0542,199.46918,-1146.7836,2162.2957,205.70639,-1147.3901,2085.4543,242.55124,-1506.7285,2205.3472,257.6843,-1217.2439,2012.1011,235.33025,-1198.5575,2081.6772,279.94812,-1114.1873,2007.2064,456.7183,-1372.507,2161.909,555.9449,-1243.2814,1903.9598,969.8874,-1349.8358,2036.9674,1094.5756,-1369.2935,1814.0676,1436.1416,-1424.1553,1641.636,1541.461,-1472.2943,1839.8828,1514.3367,-1563.3577,1589.2114,1592.7023,-1611.8223,1824.1936,1514.8075,-1628.6346,1612.3164,1582.4508,-1624.1003,1812.313,1499.8461,-1469.4364,1642.9153,1569.4208,-1500.0789,1702.3231,872.2511,-77.2252,1804.2438,912.22766,75.799545,1568.1556,901.3893,1251.4839,1869.7379,918.1224,1499.5779,1391.2032,926.2609,2695.9272,1882.4102,1080.1969,2878.141,1385.8037,939.4781,2836.202,1894.3812,1103.8718,3019.229,1297.6715,922.14886,2721.1074,1838.1024,1134.5498,2974.8325
FLIPPED IMG_6050.JPG,2719.787,-37.551243,-137.5525,2793.9116,-69.539925,-281.25195,2809.977,-50.876564,-281.9832,2827.3198,-29.265669,-282.4815,2800.3872,-66.806175,-122.50549,2803.4683,-63.676003,-122.52269,2806.437,-60.627678,-123.338486,2902.031,77.80555,-659.86127,2878.855,55.340565,37.010834,2693.188,62.420948,-244.92717,2674.1514,58.325336,-39.576336,2775.8572,489.1693,-886.4608,2618.638,337.47934,450.5487,2685.2917,1010.12994,-1039.2761,2560.931,821.29816,931.1661,2622.012,1613.9685,-1427.8347,2437.5435,1157.8282,1045.1713,2540.2588,1706.7047,-1609.3597,2394.2612,1191.0739,1057.768,2472.4814,1661.3458,-1676.9554,2374.2285,1171.5687,959.5416,2500.0542,1629.8737,-1452.2686,2398.7412,1161.6638,1001.52405,1656.2275,918.83856,-399.3592,1633.8096,783.5771,399.11023,891.35,1093.3839,47.893246,924.79846,1067.4032,628.09705,305.63275,1280.2961,504.64987,364.0817,1254.6311,1085.63,213.91797,1379.2306,527.5351,269.08572,1347.6608,1116.386,109.429535,1010.54596,250.28276,212.20625,1046.6984,905.8408
FLIPPED IMG_6052.JPG,2066.6523,341.6561,447.4214,2099.1091,323.70325,439.57117,2108.3848,326.42606,439.41165,2120.1206,329.978,439.2489,2085.7302,320.13458,527.24457,2083.8,319.75693,527.4737,2081.476,319.93805,527.536,2160.5967,362.64047,445.7816,2102.3674,344.76068,848.58875,2074.5952,377.00497,448.33182,2060.408,371.59616,564.84906,2183.995,525.6463,265.67496,2015.1736,508.31976,897.32715,2196.0884,750.08624,-19.478416,1991.5149,724.34985,943.45294,2198.1084,999.85657,-401.66296,1958.7716,958.5719,731.0252,2208.1826,1034.0657,-510.92352,1958.222,984.20184,656.7417,2188.738,1034.2922,-528.00366,1968.0514,980.89703,601.28815,2180.8,1024.528,-416.06912,1969.0715,972.0915,694.1454,1787.4501,755.9366,-251.23747,1694.6296,713.8643,251.18109,1427.2976,820.458,-738.7807,1378.2136,807.0963,-215.52998,985.8082,1009.1634,-1116.8176,967.6571,973.23474,-632.9457,935.1496,1089.5536,-1157.6628,911.69006,1056.438,-686.3148,761.307,930.07117,-1435.201,731.2481,876.0847,-893.5816
FLIPPED IMG_6054.JPG,1003.42163,152.64326,-24.852583,964.27655,115.40111,33.626095,963.7475,116.08354,33.346905,962.5168,116.72963,33.540043,948.17535,119.90111,-113.65549,936.241,124.20478,-113.85248,921.76276,129.9662,-113.97561,908.7726,151.37364,334.23068,859.66675,169.33261,-335.4566,1013.4333,207.11658,101.75676,998.5434,210.70673,-94.11306,987.8438,391.22714,635.79474,819.7184,410.60025,-573.13074,1000.1524,728.8569,748.7439,784.8426,766.9238,-855.56995,1078.8234,1023.2247,407.31635,812.1123,1211.61,-1017.61884,1106.7957,1089.7233,357.7303,858.4383,1272.6908,-1162.7838,1100.4315,1100.1101,230.982,911.975,1252.8228,-1120.9791,1096.9263,1071.2214,338.84805,906.9432,1226.2467,-1001.1307,1497.9111,753.9719,433.2591,1431.577,840.7143,-432.5169,2000.3225,922.0923,120.4409,1995.8315,979.12,-427.45914,2526.7498,1125.5398,136.68117,2578.7834,1190.8354,-545.547,2614.3647,1213.7228,116.728935,2658.638,1284.6204,-587.07117,2659.9434,948.1137,-168.2185,2716.4438,1004.23535,-976.6731
FLIPPED IMG_6055.JPG,1218.935,83.682335,-38.330566,1175.588,50.916454,11.982935,1170.7303,53.263462,11.645914,1164.9193,55.878605,11.856848,1166.2988,51.454613,-132.26512,1154.8802,53.685257,-132.71558,1141.2302,57.197567,-133.05928,1107.1321,90.82839,261.82208,1083.7782,100.43246,-390.98148,1221.8978,136.55228,68.50473,1213.2367,138.81879,-123.59184,1170.4086,336.8409,586.4997,1072.1039,327.41446,-659.3571,1114.2567,712.97644,714.29846,998.50415,750.4559,-920.6281,1158.6715,1029.2415,453.6687,1057.5028,1203.6405,-1042.0172,1200.5868,1081.3083,432.48907,1087.0212,1282.4191,-1173.9418,1235.1117,1081.3821,298.01453,1142.6998,1261.3585,-1128.7604,1222.1204,1063.5558,386.63885,1133.069,1232.4663,-1020.5717,1656.3416,760.5481,479.99408,1615.9484,840.82477,-479.05316,2053.7378,730.9492,817.0888,2257.232,1026.8406,-585.74585,2481.713,872.28613,1277.6416,2873.969,1244.1584,-816.2658,2545.0972,945.4596,1301.8074,2966.797,1359.4598,-868.88184,2665.6094,746.3043,1223.3838,3050.1519,1041.0629,-1267.1124
FLIPPED IMG_6057.JPG,1166.6654,-21.387312,-86.32352,1112.3477,-50.032387,-190.38666,1093.7196,-43.28912,-190.83296,1075.0353,-36.505905,-190.81853,1145.7236,-80.87034,-237.40862,1155.9631,-84.149864,-237.38403,1165.363,-86.996376,-238.04936,1021.58185,46.123775,-547.665,1171.298,-38.985092,-754.17523,1150.5072,37.46621,-180.76685,1197.387,21.36424,-241.6566,983.2089,397.74915,-498.56717,1377.762,302.31378,-942.3953,926.49744,830.72845,-483.08908,1501.8263,844.93713,-811.08044,911.5515,1245.9567,-515.5727,1583.0217,1475.1111,-618.46857,928.7536,1264.5046,-582.36176,1660.1652,1533.7164,-739.72217,981.37854,1257.5436,-603.1822,1695.8997,1506.3606,-774.2458,969.4518,1255.5023,-529.5855,1656.3479,1484.4167,-639.27045,1456.1855,858.6763,257.72177,1668.3618,802.6491,-259.19794,1814.0364,881.74615,1260.0546,2045.3826,947.4572,288.2144,2108.8232,1019.8332,2183.4373,2502.5898,1090.1677,598.3244,2143.9631,1070.0103,2275.1765,2564.8337,1148.0308,626.1154,2197.1287,944.1711,2114.9468,2634.1963,950.7608,321.19803
FLIPPED IMG_6060.JPG,1930.9296,434.32593,99.46396,1890.4414,398.1968,38.714966,1880.8245,398.76205,38.132385,1870.4703,399.1227,38.050728,1901.777,397.3626,-66.75822,1901.1727,397.4762,-66.987495,1900.0538,397.3652,-67.64764,1812.9403,430.4947,-167.22711,1850.787,427.48553,-632.65234,1912.5452,484.46536,56.562325,1924.9011,485.4221,-81.905,1636.0471,659.28375,-68.367424,1954.1445,673.2999,-934.01294,1567.2448,1000.24554,25.439411,2035.9554,1084.833,-1016.9112,1506.4509,1273.7858,-253.60915,2111.7646,1385.9443,-997.40967,1473.9991,1292.455,-315.45526,2173.7615,1432.4965,-1202.0579,1488.6798,1287.6682,-421.9761,2178.1482,1412.5193,-1163.6305,1506.8585,1285.0969,-304.75723,2153.7524,1395.6608,-990.7216,1925.397,1188.5035,381.87326,2054.1401,1231.7847,-382.8288,2302.347,1010.73773,1257.407,2379.841,1084.6631,503.8896,2751.7087,1195.6383,2229.7356,2776.5115,1217.7865,1471.5513,2794.6304,1236.468,2328.0342,2833.875,1257.8735,1569.0776,2895.6116,1109.607,2268.6,2900.0293,1114.5177,1460.8665
FLIPPED IMG_6061.JPG,1583.3281,319.57654,-343.25717,1545.5315,278.3262,-394.43536,1535.8906,277.29745,-394.81622,1524.9572,276.08163,-394.7617,1557.8407,279.63324,-490.3375,1557.9338,279.28403,-490.5797,1557.4501,278.53906,-491.25592,1467.3859,307.86414,-530.7663,1504.1897,309.2484,-954.9686,1570.6853,367.63297,-360.0075,1579.8562,369.96097,-484.8191,1275.3463,573.10895,-315.87967,1679.8058,585.16943,-1195.1571,1235.848,927.0866,-180.01341,1795.6622,1033.1942,-1215.1514,1178.4205,1208.9955,-318.8577,1887.9984,1353.232,-1136.3157,1161.7389,1233.9496,-361.67667,1953.0552,1390.1958,-1318.2528,1174.1659,1230.238,-453.60236,1959.5446,1368.6013,-1317.8602,1189.2863,1224.541,-358.5245,1932.0732,1358.8042,-1145.5541,1634.2279,1066.9402,374.84503,1818.761,1124.6737,-377.35413,1830.7365,659.2325,1033.5685,2025.3221,821.89703,284.52237,2369.2446,887.74426,1732.5164,2274.9414,1099.4694,1457.882,2417.771,1029.7323,1807.4077,2282.8457,1171.1415,1584.4126,2544.1418,888.64545,1839.1481,2464.448,1036.7921,1650.2117
FLIPPED IMG_6062.JPG,1527.8071,577.8915,-2550.6658,1538.8494,507.21024,-2589.9753,1552.1047,496.6134,-2590.3467,1571.8652,483.37738,-2591.0134,1489.2648,514.6141,-2577.1086,1482.59,543.7012,-2577.5374,1460.2742,543.63196,-2577.9346,1661.1724,421.7613,-2313.4043,1416.8875,478.8679,-2248.3833,1560.6273,568.8071,-2397.8904,1538.4917,596.4934,-2380.0632,1902.6785,413.0118,-1836.0521,1265.9127,484.30518,-1783.7037,2081.1523,849.3554,-1796.907,1216.6322,879.34955,-1712.7062,2207.6023,1281.738,-2084.0544,1114.7968,1271.0032,-1933.9733,2292.5146,1295.4425,-2273.8518,1049.8807,1290.4198,-2095.5151,2266.5515,1309.6144,-2377.697,1066.6061,1335.1735,-2207.1838,2193.5813,1321.2838,-2143.3574,1118.2875,1280.4253,-1994.0822,1835.1536,818.0604,-22.697124,1539.7966,861.22186,22.32186,1942.445,903.8307,1310.8884,1568.601,944.6765,1357.2242,2007.7174,793.8784,2884.6438,1575.5883,873.72034,2971.905,1997.374,762.36487,3044.0361,1588.305,838.99994,3140.5483,2059.0688,869.72095,2865.877,1579.6171,966.3696,2985.7878
FLIPPED IMG_6063.JPG,1625.6575,-3.5500753,-1377.5205,1619.3566,-111.09124,-1424.6555,1620.9923,-72.196785,-1425.212,1620.543,-73.17161,-1426.145,1652.2639,-115.40335,-1424.5192,1664.7522,-112.24958,-1424.7906,1676.8649,-110.21366,-1425.2885,1623.3593,-43.53383,-1517.083,1629.6398,-40.44992,-1514.9785,1632.3118,54.98433,-1387.9686,1630.8182,55.69273,-1386.8624,1712.6624,249.41754,-1453.7798,1543.883,293.92502,-1468.2709,1885.6973,709.2406,-1609.5112,1396.9521,780.913,-1559.7593,1977.1335,1095.8423,-1965.8103,1095.0043,1366.2094,-1889.0677,2027.5695,1133.7063,-2160.2021,1196.8536,1424.6252,-2107.6096,2001.9421,1124.2642,-2209.9333,1244.6716,1429.3887,-2171.5442,1983.2556,1124.0308,-2011.3441,1272.0807,1402.5184,-1948.2579,1593.1838,881.55634,-89.32611,1499.8547,873.43787,89.310684,1378.6307,811.7329,1389.6985,1259.1467,830.60925,1496.7397,1212.9224,763.4832,3141.1567,941.28357,758.8207,3294.7097,1173.5366,770.83746,3311.9517,899.19745,751.28705,3475.578,1205.3347,732.0801,3163.8667,779.85547,760.55273,3354.5684
FLIPPED IMG_6065.JPG,1726.5437,348.54065,-576.747,1815.3466,322.04404,-699.32495,1829.0215,332.33737,-700.06506,1844.0237,343.68024,-701.165,1801.0862,309.31293,-505.70868,1804.557,310.69418,-505.6882,1809.0497,312.86688,-506.3163,1917.0444,440.23718,-1058.3967,1877.5753,402.6022,-193.88213,1723.5497,434.04578,-686.12555,1706.7661,419.72333,-435.20276,1830.8645,795.31226,-1412.6659,1799.4232,788.5332,342.28476,1777.6289,1522.4786,-1591.103,1643.703,1273.5687,781.088,1732.003,2167.474,-1640.8003,1510.3077,1543.6556,970.6683,1774.9939,2311.5437,-1799.864,1491.5017,1617.9127,1042.201,1722.2303,2311.616,-1859.0356,1460.3994,1583.7749,899.6728,1693.7585,2260.2832,-1664.9014,1469.6587,1569.9811,905.83466,1096.783,1563.4806,-526.27264,1106.077,1430.8154,527.7645,368.31763,1329.3645,-458.7278,616.6196,1265.4556,1079.825,84.41408,1463.3085,657.6581,195.2605,1416.3099,1455.8081,73.90415,1563.4031,765.9445,145.09685,1505.6962,1485.435,-111.11932,1238.9523,798.18414,-27.107763,1245.9819,1431.6915
FLIPPED Purvottanasana-Upward-facing-plank-yoga-pose-292x292.jpg,33.605362,155.2589,-14.164483,31.227411,160.23987,-8.54367,31.564747,160.84323,-8.567521,31.945349,161.45966,-8.52289,31.295776,160.07918,-24.441422,31.673307,160.57495,-24.468405,32.105835,161.0862,-24.506336,38.13469,165.77429,23.279015,38.383442,165.56264,-49.41595,39.569565,154.43806,-1.154923,39.782837,154.55707,-22.040539,68.02241,171.8415,50.875454,60.94443,170.58473,-69.63642,68.50639,207.49507,76.419716,59.525658,206.66031,-116.080605,73.01725,237.24854,74.25767,66.69815,240.92099,-170.56564,76.366325,242.8356,71.78243,71.38952,246.15654,-189.61128,77.537674,242.62431,60.069286,72.93118,245.5214,-186.79057,76.8258,240.82353,68.517525,71.97506,243.70703,-170.65434,142.44496,191.00607,47.910496,141.43193,191.78107,-47.943348,192.65512,212.96533,48.471542,195.15106,214.19884,-35.398266,237.68839,238.18199,94.071365,241.28674,238.85309,-5.6641746,240.10239,244.8709,96.43098,244.02988,244.91406,-3.6835349,254.53297,236.33372,64.9339,266.02435,240.60902,-45.823677
FLIPPED Reverse-Plank-Pose-e1521348415665.jpg,254.10501,101.85949,52.791683,234.67981,104.9191,69.241936,234.62466,106.26083,69.0794,234.40923,107.74169,69.11673,232.17023,107.35409,17.95473,230.44595,110.070496,17.919596,228.521,112.91069,17.964157,234.96709,130.2223,165.2279,226.25824,135.53043,-69.37057,270.7729,114.42525,93.08701,267.566,117.33398,25.345335,339.47256,199.29742,236.71825,288.2005,213.3819,-151.94656,353.21912,336.17157,296.43854,295.674,375.31735,-271.762,392.8555,433.53918,241.45908,307.34238,526.49396,-415.49695,412.05197,457.33197,209.35936,337.5108,550.1738,-462.1576,414.34167,457.36966,168.53125,350.52878,542.31384,-465.71777,405.01428,451.93466,218.328,342.73856,531.85535,-419.2059,594.0752,288.1031,138.2795,575.9013,310.09644,-138.14645,799.21765,360.2784,81.90644,812.9608,385.0674,-139.22865,999.48047,462.71475,129.26863,1022.33307,488.16745,-126.70439,1012.853,496.30505,125.20823,1031.3715,516.88403,-129.01553,1098.2036,456.5809,21.52258,1130.1084,492.23328,-270.95038
FLIPPED Reverse-Plank-Upward-Facing-Plank_Andrew-Clark_1.jpg,797.02094,247.01424,-15.850757,814.2712,248.15204,-43.602276,815.816,249.90305,-43.698357,817.569,251.83424,-43.84342,814.0864,248.20503,-1.4198812,815.4311,249.9535,-1.3285484,816.9561,251.83105,-1.3441917,823.4179,275.37735,-118.46517,820.91846,272.0855,70.229385,788.8457,259.82675,-39.56352,788.1609,260.35666,15.548189,776.4791,347.02454,-184.474,759.9305,351.33093,139.49826,777.6173,465.6682,-225.93024,762.7438,469.5874,159.2278,789.2638,574.42017,-283.6508,770.6194,566.35156,74.738365,777.6884,595.1955,-329.65753,757.4069,583.8686,55.807617,768.89124,596.52985,-327.8121,753.7392,587.4035,31.173988,772.8111,589.33215,-284.33847,757.2178,581.70264,59.837013,575.03015,433.59747,-117.94533,571.544,431.08646,117.85656,413.7619,495.5947,-96.89215,416.47552,497.08194,118.12085,253.39362,560.66077,-32.58653,261.25058,556.08606,191.63208,231.67145,584.2483,-33.878033,236.34953,578.75037,190.799,214.25528,500.55594,-143.42052,223.6757,498.8545,95.83305
FLIPPED Reverse-Plank_Exercise.jpg,66.40653,18.444784,110.29862,59.926243,18.76688,124.24519,59.911785,19.303522,124.19234,59.864834,19.884594,124.248505,58.016354,19.607111,109.41118,56.59426,20.817577,109.358345,55.074436,22.22257,109.27225,57.265644,29.12569,178.43434,51.330185,32.121822,108.71239,70.52346,24.504774,130.37997,68.60762,25.405125,109.70371,93.187645,57.348747,196.866,54.432354,59.877926,55.060947,104.96991,109.052216,203.07486,59.218708,111.8279,-12.41416,125.87113,149.19936,153.51328,70.83467,165.178,-92.572014,135.84784,158.66129,141.6187,74.59109,175.13469,-108.847115,133.32889,159.70518,131.49496,82.04395,170.9338,-114.784386,128.82587,157.37543,146.53871,83.32432,167.25282,-95.357956,159.92068,89.55301,50.437546,140.82936,94.41617,-50.47935,238.05629,121.568115,-69.96637,222.52393,129.61626,-153.93001,317.37387,170.19406,-156.69086,306.41528,176.1454,-246.28966,331.183,189.72606,-169.80934,313.34488,196.65446,-255.42065,364.6411,164.72925,-228.336,359.4987,168.81668,-312.0173
FLIPPED ReversePlank_annotated-2f173b9a31294ce6b5ca25ff751a5744.jpg,339.908,535.8802,4.731046,317.40018,538.22095,19.905003,315.8908,539.6942,19.77191,314.14917,541.34753,19.861708,316.27563,540.5692,-37.05857,314.17612,543.4866,-37.105553,311.66766,546.9136,-37.12633,309.05588,566.8105,112.11616,306.8203,571.2021,-148.26604,353.5046,552.50037,43.91752,352.26178,555.71423,-31.180103,394.42267,634.7352,189.44597,371.1428,663.1294,-222.00273,398.4652,767.6279,252.35242,370.63394,806.9208,-325.26627,425.2004,869.39087,191.59421,386.87476,939.0492,-385.63098,441.18506,884.0611,165.30237,407.43478,956.0555,-430.90796,440.3691,879.747,126.71987,421.68958,945.186,-426.7343,435.64386,876.4643,169.43265,415.7151,937.7909,-384.5024,653.8164,705.07477,145.16687,648.5284,730.0304,-145.05714,849.9434,768.8924,135.81065,853.5828,789.5967,-129.14885,1036.2441,860.7894,234.38995,1047.9733,880.00165,-66.70407,1046.6976,883.254,234.6665,1060.0059,909.4174,-67.51784,1113.0482,815.2173,135.72353,1158.3398,881.07263,-212.5264
FLIPPED Screenshot 2023-02-19 225356 copy 2.png,133.5492,354.29187,-30.151617,125.22004,349.56732,-38.875034,123.76395,350.1003,-38.901253,122.06781,350.79327,-38.84776,126.48638,349.18326,-58.63128,126.11352,349.36523,-58.63212,125.668465,349.61874,-58.719826,113.01374,360.42746,-59.588215,118.766685,358.33484,-146.2369,134.5219,364.66043,-30.67417,135.48344,364.40842,-56.073006,107.173134,410.36398,-21.162062,150.09688,408.86945,-186.8466,95.67387,465.60135,18.423834,157.37471,471.0728,-168.29292,100.506355,506.95,-1.5377892,174.20299,541.34174,-139.05446,104.35884,511.11508,-13.445042,182.99509,550.20953,-171.11528,112.62974,509.90442,-22.812672,188.33795,546.95044,-170.00757,113.041855,507.80936,-7.5235453,183.11606,543.5224,-139.65744,181.79135,479.44214,64.706406,214.57384,471.1768,-64.90871,239.54561,466.22855,258.61697,286.0595,480.66394,130.19937,308.56885,481.77676,468.514,350.99573,496.4998,329.7118,319.20682,491.1783,490.34134,359.32477,506.966,349.75204,323.22876,467.58713,477.01126,369.0816,473.68024,312.7201
FLIPPED Screenshot 2023-02-19 225356 copy 3.png,133.5492,354.29187,-30.151617,125.22004,349.56732,-38.875034,123.76395,350.1003,-38.901253,122.06781,350.79327,-38.84776,126.48638,349.18326,-58.63128,126.11352,349.36523,-58.63212,125.668465,349.61874,-58.719826,113.01374,360.42746,-59.588215,118.766685,358.33484,-146.2369,134.5219,364.66043,-30.67417,135.48344,364.40842,-56.073006,107.173134,410.36398,-21.162062,150.09688,408.86945,-186.8466,95.67387,465.60135,18.423834,157.37471,471.0728,-168.29292,100.506355,506.95,-1.5377892,174.20299,541.34174,-139.05446,104.35884,511.11508,-13.445042,182.99509,550.20953,-171.11528,112.62974,509.90442,-22.812672,188.33795,546.95044,-170.00757,113.041855,507.80936,-7.5235453,183.11606,543.5224,-139.65744,181.79135,479.44214,64.706406,214.57384,471.1768,-64.90871,239.54561,466.22855,258.61697,286.0595,480.66394,130.19937,308.56885,481.77676,468.514,350.99573,496.4998,329.7118,319.20682,491.1783,490.34134,359.32477,506.966,349.75204,323.22876,467.58713,477.01126,369.0816,473.68024,312.7201
FLIPPED Screenshot 2023-02-19 225356 copy 4.png,133.5492,354.29187,-30.151617,125.22004,349.56732,-38.875034,123.76395,350.1003,-38.901253,122.06781,350.79327,-38.84776,126.48638,349.18326,-58.63128,126.11352,349.36523,-58.63212,125.668465,349.61874,-58.719826,113.01374,360.42746,-59.588215,118.766685,358.33484,-146.2369,134.5219,364.66043,-30.67417,135.48344,364.40842,-56.073006,107.173134,410.36398,-21.162062,150.09688,408.86945,-186.8466,95.67387,465.60135,18.423834,157.37471,471.0728,-168.29292,100.506355,506.95,-1.5377892,174.20299,541.34174,-139.05446,104.35884,511.11508,-13.445042,182.99509,550.20953,-171.11528,112.62974,509.90442,-22.812672,188.33795,546.95044,-170.00757,113.041855,507.80936,-7.5235453,183.11606,543.5224,-139.65744,181.79135,479.44214,64.706406,214.57384,471.1768,-64.90871,239.54561,466.22855,258.61697,286.0595,480.66394,130.19937,308.56885,481.77676,468.514,350.99573,496.4998,329.7118,319.20682,491.1783,490.34134,359.32477,506.966,349.75204,323.22876,467.58713,477.01126,369.0816,473.68024,312.7201
FLIPPED Screenshot 2023-02-19 225356 copy 5.png,133.5492,354.29187,-30.151617,125.22004,349.56732,-38.875034,123.76395,350.1003,-38.901253,122.06781,350.79327,-38.84776,126.48638,349.18326,-58.63128,126.11352,349.36523,-58.63212,125.668465,349.61874,-58.719826,113.01374,360.42746,-59.588215,118.766685,358.33484,-146.2369,134.5219,364.66043,-30.67417,135.48344,364.40842,-56.073006,107.173134,410.36398,-21.162062,150.09688,408.86945,-186.8466,95.67387,465.60135,18.423834,157.37471,471.0728,-168.29292,100.506355,506.95,-1.5377892,174.20299,541.34174,-139.05446,104.35884,511.11508,-13.445042,182.99509,550.20953,-171.11528,112.62974,509.90442,-22.812672,188.33795,546.95044,-170.00757,113.041855,507.80936,-7.5235453,183.11606,543.5224,-139.65744,181.79135,479.44214,64.706406,214.57384,471.1768,-64.90871,239.54561,466.22855,258.61697,286.0595,480.66394,130.19937,308.56885,481.77676,468.514,350.99573,496.4998,329.7118,319.20682,491.1783,490.34134,359.32477,506.966,349.75204,323.22876,467.58713,477.01126,369.0816,473.68024,312.7201
FLIPPED Screenshot 2023-02-19 225356 copy 6.png,133.5492,354.29187,-30.151617,125.22004,349.56732,-38.875034,123.76395,350.1003,-38.901253,122.06781,350.79327,-38.84776,126.48638,349.18326,-58.63128,126.11352,349.36523,-58.63212,125.668465,349.61874,-58.719826,113.01374,360.42746,-59.588215,118.766685,358.33484,-146.2369,134.5219,364.66043,-30.67417,135.48344,364.40842,-56.073006,107.173134,410.36398,-21.162062,150.09688,408.86945,-186.8466,95.67387,465.60135,18.423834,157.37471,471.0728,-168.29292,100.506355,506.95,-1.5377892,174.20299,541.34174,-139.05446,104.35884,511.11508,-13.445042,182.99509,550.20953,-171.11528,112.62974,509.90442,-22.812672,188.33795,546.95044,-170.00757,113.041855,507.80936,-7.5235453,183.11606,543.5224,-139.65744,181.79135,479.44214,64.706406,214.57384,471.1768,-64.90871,239.54561,466.22855,258.61697,286.0595,480.66394,130.19937,308.56885,481.77676,468.514,350.99573,496.4998,329.7118,319.20682,491.1783,490.34134,359.32477,506.966,349.75204,323.22876,467.58713,477.01126,369.0816,473.68024,312.7201
FLIPPED Screenshot 2023-02-19 225356 copy.png,133.5492,354.29187,-30.151617,125.22004,349.56732,-38.875034,123.76395,350.1003,-38.901253,122.06781,350.79327,-38.84776,126.48638,349.18326,-58.63128,126.11352,349.36523,-58.63212,125.668465,349.61874,-58.719826,113.01374,360.42746,-59.588215,118.766685,358.33484,-146.2369,134.5219,364.66043,-30.67417,135.48344,364.40842,-56.073006,107.173134,410.36398,-21.162062,150.09688,408.86945,-186.8466,95.67387,465.60135,18.423834,157.37471,471.0728,-168.29292,100.506355,506.95,-1.5377892,174.20299,541.34174,-139.05446,104.35884,511.11508,-13.445042,182.99509,550.20953,-171.11528,112.62974,509.90442,-22.812672,188.33795,546.95044,-170.00757,113.041855,507.80936,-7.5235453,183.11606,543.5224,-139.65744,181.79135,479.44214,64.706406,214.57384,471.1768,-64.90871,239.54561,466.22855,258.61697,286.0595,480.66394,130.19937,308.56885,481.77676,468.514,350.99573,496.4998,329.7118,319.20682,491.1783,490.34134,359.32477,506.966,349.75204,323.22876,467.58713,477.01126,369.0816,473.68024,312.7201
FLIPPED Screenshot 2023-02-19 225356.png,133.5492,354.29187,-30.151617,125.22004,349.56732,-38.875034,123.76395,350.1003,-38.901253,122.06781,350.79327,-38.84776,126.48638,349.18326,-58.63128,126.11352,349.36523,-58.63212,125.668465,349.61874,-58.719826,113.01374,360.42746,-59.588215,118.766685,358.33484,-146.2369,134.5219,364.66043,-30.67417,135.48344,364.40842,-56.073006,107.173134,410.36398,-21.162062,150.09688,408.86945,-186.8466,95.67387,465.60135,18.423834,157.37471,471.0728,-168.29292,100.506355,506.95,-1.5377892,174.20299,541.34174,-139.05446,104.35884,511.11508,-13.445042,182.99509,550.20953,-171.11528,112.62974,509.90442,-22.812672,188.33795,546.95044,-170.00757,113.041855,507.80936,-7.5235453,183.11606,543.5224,-139.65744,181.79135,479.44214,64.706406,214.57384,471.1768,-64.90871,239.54561,466.22855,258.61697,286.0595,480.66394,130.19937,308.56885,481.77676,468.514,350.99573,496.4998,329.7118,319.20682,491.1783,490.34134,359.32477,506.966,349.75204,323.22876,467.58713,477.01126,369.0816,473.68024,312.7201
FLIPPED Screenshot 2023-02-19 225455 copy 2.png,122.00762,288.63348,18.599932,115.572914,286.00897,27.367058,115.10715,286.2705,27.30338,114.51988,286.61493,27.31442,114.76818,286.41116,5.117395,113.781235,286.99744,5.0937977,112.76227,287.68976,5.0974383,109.05958,294.1638,66.00647,108.04644,294.86395,-33.935596,124.78596,295.41556,34.541115,123.533485,295.61215,5.2691493,122.32741,329.19208,114.01166,116.93454,324.6605,-84.82779,127.12916,375.40234,124.803,115.90876,375.04422,-131.22392,138.69453,412.17105,70.980896,120.03755,424.4676,-158.86234,139.97061,418.5108,65.313385,119.03445,429.7537,-184.92007,141.28857,417.63397,43.640064,123.8267,428.42606,-176.49171,140.92236,414.75626,59.390625,124.95986,426.55554,-156.17413,197.49788,380.49072,73.46544,197.46265,381.68478,-73.36228,268.60062,388.53116,43.794353,269.4218,388.46085,-68.15735,336.8636,403.9969,61.88189,346.04376,404.80392,-66.64157,347.84943,413.3935,60.217087,354.4379,414.46353,-70.41833,366.0496,384.16583,25.48748,371.1132,384.386,-118.689156
FLIPPED Screenshot 2023-02-19 225455 copy 3.png,122.00762,288.63348,18.599932,115.572914,286.00897,27.367058,115.10715,286.2705,27.30338,114.51988,286.61493,27.31442,114.76818,286.41116,5.117395,113.781235,286.99744,5.0937977,112.76227,287.68976,5.0974383,109.05958,294.1638,66.00647,108.04644,294.86395,-33.935596,124.78596,295.41556,34.541115,123.533485,295.61215,5.2691493,122.32741,329.19208,114.01166,116.93454,324.6605,-84.82779,127.12916,375.40234,124.803,115.90876,375.04422,-131.22392,138.69453,412.17105,70.980896,120.03755,424.4676,-158.86234,139.97061,418.5108,65.313385,119.03445,429.7537,-184.92007,141.28857,417.63397,43.640064,123.8267,428.42606,-176.49171,140.92236,414.75626,59.390625,124.95986,426.55554,-156.17413,197.49788,380.49072,73.46544,197.46265,381.68478,-73.36228,268.60062,388.53116,43.794353,269.4218,388.46085,-68.15735,336.8636,403.9969,61.88189,346.04376,404.80392,-66.64157,347.84943,413.3935,60.217087,354.4379,414.46353,-70.41833,366.0496,384.16583,25.48748,371.1132,384.386,-118.689156
FLIPPED Screenshot 2023-02-19 225455 copy 4.png,122.00762,288.63348,18.599932,115.572914,286.00897,27.367058,115.10715,286.2705,27.30338,114.51988,286.61493,27.31442,114.76818,286.41116,5.117395,113.781235,286.99744,5.0937977,112.76227,287.68976,5.0974383,109.05958,294.1638,66.00647,108.04644,294.86395,-33.935596,124.78596,295.41556,34.541115,123.533485,295.61215,5.2691493,122.32741,329.19208,114.01166,116.93454,324.6605,-84.82779,127.12916,375.40234,124.803,115.90876,375.04422,-131.22392,138.69453,412.17105,70.980896,120.03755,424.4676,-158.86234,139.97061,418.5108,65.313385,119.03445,429.7537,-184.92007,141.28857,417.63397,43.640064,123.8267,428.42606,-176.49171,140.92236,414.75626,59.390625,124.95986,426.55554,-156.17413,197.49788,380.49072,73.46544,197.46265,381.68478,-73.36228,268.60062,388.53116,43.794353,269.4218,388.46085,-68.15735,336.8636,403.9969,61.88189,346.04376,404.80392,-66.64157,347.84943,413.3935,60.217087,354.4379,414.46353,-70.41833,366.0496,384.16583,25.48748,371.1132,384.386,-118.689156
FLIPPED Screenshot 2023-02-19 225455 copy 5.png,122.00762,288.63348,18.599932,115.572914,286.00897,27.367058,115.10715,286.2705,27.30338,114.51988,286.61493,27.31442,114.76818,286.41116,5.117395,113.781235,286.99744,5.0937977,112.76227,287.68976,5.0974383,109.05958,294.1638,66.00647,108.04644,294.86395,-33.935596,124.78596,295.41556,34.541115,123.533485,295.61215,5.2691493,122.32741,329.19208,114.01166,116.93454,324.6605,-84.82779,127.12916,375.40234,124.803,115.90876,375.04422,-131.22392,138.69453,412.17105,70.980896,120.03755,424.4676,-158.86234,139.97061,418.5108,65.313385,119.03445,429.7537,-184.92007,141.28857,417.63397,43.640064,123.8267,428.42606,-176.49171,140.92236,414.75626,59.390625,124.95986,426.55554,-156.17413,197.49788,380.49072,73.46544,197.46265,381.68478,-73.36228,268.60062,388.53116,43.794353,269.4218,388.46085,-68.15735,336.8636,403.9969,61.88189,346.04376,404.80392,-66.64157,347.84943,413.3935,60.217087,354.4379,414.46353,-70.41833,366.0496,384.16583,25.48748,371.1132,384.386,-118.689156
FLIPPED Screenshot 2023-02-19 225455 copy 6.png,122.00762,288.63348,18.599932,115.572914,286.00897,27.367058,115.10715,286.2705,27.30338,114.51988,286.61493,27.31442,114.76818,286.41116,5.117395,113.781235,286.99744,5.0937977,112.76227,287.68976,5.0974383,109.05958,294.1638,66.00647,108.04644,294.86395,-33.935596,124.78596,295.41556,34.541115,123.533485,295.61215,5.2691493,122.32741,329.19208,114.01166,116.93454,324.6605,-84.82779,127.12916,375.40234,124.803,115.90876,375.04422,-131.22392,138.69453,412.17105,70.980896,120.03755,424.4676,-158.86234,139.97061,418.5108,65.313385,119.03445,429.7537,-184.92007,141.28857,417.63397,43.640064,123.8267,428.42606,-176.49171,140.92236,414.75626,59.390625,124.95986,426.55554,-156.17413,197.49788,380.49072,73.46544,197.46265,381.68478,-73.36228,268.60062,388.53116,43.794353,269.4218,388.46085,-68.15735,336.8636,403.9969,61.88189,346.04376,404.80392,-66.64157,347.84943,413.3935,60.217087,354.4379,414.46353,-70.41833,366.0496,384.16583,25.48748,371.1132,384.386,-118.689156
FLIPPED Screenshot 2023-02-19 225455 copy.png,122.00762,288.63348,18.599932,115.572914,286.00897,27.367058,115.10715,286.2705,27.30338,114.51988,286.61493,27.31442,114.76818,286.41116,5.117395,113.781235,286.99744,5.0937977,112.76227,287.68976,5.0974383,109.05958,294.1638,66.00647,108.04644,294.86395,-33.935596,124.78596,295.41556,34.541115,123.533485,295.61215,5.2691493,122.32741,329.19208,114.01166,116.93454,324.6605,-84.82779,127.12916,375.40234,124.803,115.90876,375.04422,-131.22392,138.69453,412.17105,70.980896,120.03755,424.4676,-158.86234,139.97061,418.5108,65.313385,119.03445,429.7537,-184.92007,141.28857,417.63397,43.640064,123.8267,428.42606,-176.49171,140.92236,414.75626,59.390625,124.95986,426.55554,-156.17413,197.49788,380.49072,73.46544,197.46265,381.68478,-73.36228,268.60062,388.53116,43.794353,269.4218,388.46085,-68.15735,336.8636,403.9969,61.88189,346.04376,404.80392,-66.64157,347.84943,413.3935,60.217087,354.4379,414.46353,-70.41833,366.0496,384.16583,25.48748,371.1132,384.386,-118.689156
FLIPPED Screenshot 2023-02-19 225455.png,122.00762,288.63348,18.599932,115.572914,286.00897,27.367058,115.10715,286.2705,27.30338,114.51988,286.61493,27.31442,114.76818,286.41116,5.117395,113.781235,286.99744,5.0937977,112.76227,287.68976,5.0974383,109.05958,294.1638,66.00647,108.04644,294.86395,-33.935596,124.78596,295.41556,34.541115,123.533485,295.61215,5.2691493,122.32741,329.19208,114.01166,116.93454,324.6605,-84.82779,127.12916,375.40234,124.803,115.90876,375.04422,-131.22392,138.69453,412.17105,70.980896,120.03755,424.4676,-158.86234,139.97061,418.5108,65.313385,119.03445,429.7537,-184.92007,141.28857,417.63397,43.640064,123.8267,428.42606,-176.49171,140.92236,414.75626,59.390625,124.95986,426.55554,-156.17413,197.49788,380.49072,73.46544,197.46265,381.68478,-73.36228,268.60062,388.53116,43.794353,269.4218,388.46085,-68.15735,336.8636,403.9969,61.88189,346.04376,404.80392,-66.64157,347.84943,413.3935,60.217087,354.4379,414.46353,-70.41833,366.0496,384.16583,25.48748,371.1132,384.386,-118.689156
FLIPPED Screenshot 2023-02-19 225523.png,89.335915,248.25888,-14.709426,80.88404,250.34984,-4.4658313,80.4395,250.97401,-4.514505,79.97906,251.69217,-4.476886,80.96673,250.86198,-29.357159,80.593056,251.73892,-29.370306,80.17956,252.70422,-29.35684,79.510704,262.98047,42.697876,79.906456,262.37955,-69.09921,94.58561,253.03409,4.21644,94.397995,253.80235,-28.283329,109.00775,295.61093,89.95911,104.779564,291.12543,-113.12821,103.94042,355.2126,93.20174,98.16529,360.84705,-160.33464,120.58569,390.4892,29.595982,113.89056,405.09402,-183.02942,128.86223,395.91333,17.89893,120.67496,411.77383,-209.86412,131.64153,394.23358,-4.5650916,125.71232,407.00818,-201.54292,128.79198,392.7211,16.825447,124.23977,404.25897,-180.18929,193.6898,343.47113,76.72794,192.14357,345.5217,-76.62678,270.1539,358.21783,64.22049,270.6597,356.7384,-75.26999,337.8459,393.83798,104.53895,343.43326,398.28195,-45.76407,343.09024,406.93256,104.15738,347.73822,413.19495,-46.928528,375.53323,388.79984,59.717457,382.84482,392.96878,-107.687904
FLIPPED Screenshot 2023-02-19 225543 copy 2.png,103.13563,247.98056,50.390697,96.30529,243.98595,56.725346,96.21602,244.23825,56.681274,96.02575,244.54684,56.708706,94.27518,244.72765,35.48318,92.74155,245.59291,35.455883,90.986374,246.72617,35.480347,89.55413,251.13283,90.12572,83.46278,254.31752,-6.752179,105.79559,255.28969,64.75598,103.52295,255.79459,36.299606,105.30769,287.46756,126.30766,88.81086,284.72745,-57.724846,112.78893,336.87622,141.67624,93.67419,338.8098,-122.63461,128.99965,374.72806,96.35996,98.51292,388.91205,-190.94395,128.24098,381.63834,86.94334,97.91251,397.73068,-216.2129,128.12021,381.1928,67.779396,103.61715,394.68945,-211.35323,128.26973,378.84186,85.932236,105.64065,391.60733,-189.96687,193.9965,333.904,67.578674,186.20729,337.94028,-67.484184,269.74963,351.37555,51.93051,271.111,352.89398,-69.211876,342.1966,377.1903,59.60556,351.6929,385.4312,-77.82915,352.117,387.41672,57.27727,360.44598,396.5473,-81.055664,372.1521,362.3763,26.000978,386.0029,369.27557,-131.34753
FLIPPED Screenshot 2023-02-19 225543 copy 3.png,103.13563,247.98056,50.390697,96.30529,243.98595,56.725346,96.21602,244.23825,56.681274,96.02575,244.54684,56.708706,94.27518,244.72765,35.48318,92.74155,245.59291,35.455883,90.986374,246.72617,35.480347,89.55413,251.13283,90.12572,83.46278,254.31752,-6.752179,105.79559,255.28969,64.75598,103.52295,255.79459,36.299606,105.30769,287.46756,126.30766,88.81086,284.72745,-57.724846,112.78893,336.87622,141.67624,93.67419,338.8098,-122.63461,128.99965,374.72806,96.35996,98.51292,388.91205,-190.94395,128.24098,381.63834,86.94334,97.91251,397.73068,-216.2129,128.12021,381.1928,67.779396,103.61715,394.68945,-211.35323,128.26973,378.84186,85.932236,105.64065,391.60733,-189.96687,193.9965,333.904,67.578674,186.20729,337.94028,-67.484184,269.74963,351.37555,51.93051,271.111,352.89398,-69.211876,342.1966,377.1903,59.60556,351.6929,385.4312,-77.82915,352.117,387.41672,57.27727,360.44598,396.5473,-81.055664,372.1521,362.3763,26.000978,386.0029,369.27557,-131.34753
FLIPPED Screenshot 2023-02-19 225543 copy 4.png,103.13563,247.98056,50.390697,96.30529,243.98595,56.725346,96.21602,244.23825,56.681274,96.02575,244.54684,56.708706,94.27518,244.72765,35.48318,92.74155,245.59291,35.455883,90.986374,246.72617,35.480347,89.55413,251.13283,90.12572,83.46278,254.31752,-6.752179,105.79559,255.28969,64.75598,103.52295,255.79459,36.299606,105.30769,287.46756,126.30766,88.81086,284.72745,-57.724846,112.78893,336.87622,141.67624,93.67419,338.8098,-122.63461,128.99965,374.72806,96.35996,98.51292,388.91205,-190.94395,128.24098,381.63834,86.94334,97.91251,397.73068,-216.2129,128.12021,381.1928,67.779396,103.61715,394.68945,-211.35323,128.26973,378.84186,85.932236,105.64065,391.60733,-189.96687,193.9965,333.904,67.578674,186.20729,337.94028,-67.484184,269.74963,351.37555,51.93051,271.111,352.89398,-69.211876,342.1966,377.1903,59.60556,351.6929,385.4312,-77.82915,352.117,387.41672,57.27727,360.44598,396.5473,-81.055664,372.1521,362.3763,26.000978,386.0029,369.27557,-131.34753
FLIPPED Screenshot 2023-02-19 225543 copy 5.png,103.13563,247.98056,50.390697,96.30529,243.98595,56.725346,96.21602,244.23825,56.681274,96.02575,244.54684,56.708706,94.27518,244.72765,35.48318,92.74155,245.59291,35.455883,90.986374,246.72617,35.480347,89.55413,251.13283,90.12572,83.46278,254.31752,-6.752179,105.79559,255.28969,64.75598,103.52295,255.79459,36.299606,105.30769,287.46756,126.30766,88.81086,284.72745,-57.724846,112.78893,336.87622,141.67624,93.67419,338.8098,-122.63461,128.99965,374.72806,96.35996,98.51292,388.91205,-190.94395,128.24098,381.63834,86.94334,97.91251,397.73068,-216.2129,128.12021,381.1928,67.779396,103.61715,394.68945,-211.35323,128.26973,378.84186,85.932236,105.64065,391.60733,-189.96687,193.9965,333.904,67.578674,186.20729,337.94028,-67.484184,269.74963,351.37555,51.93051,271.111,352.89398,-69.211876,342.1966,377.1903,59.60556,351.6929,385.4312,-77.82915,352.117,387.41672,57.27727,360.44598,396.5473,-81.055664,372.1521,362.3763,26.000978,386.0029,369.27557,-131.34753
FLIPPED Screenshot 2023-02-19 225543 copy 6.png,103.13563,247.98056,50.390697,96.30529,243.98595,56.725346,96.21602,244.23825,56.681274,96.02575,244.54684,56.708706,94.27518,244.72765,35.48318,92.74155,245.59291,35.455883,90.986374,246.72617,35.480347,89.55413,251.13283,90.12572,83.46278,254.31752,-6.752179,105.79559,255.28969,64.75598,103.52295,255.79459,36.299606,105.30769,287.46756,126.30766,88.81086,284.72745,-57.724846,112.78893,336.87622,141.67624,93.67419,338.8098,-122.63461,128.99965,374.72806,96.35996,98.51292,388.91205,-190.94395,128.24098,381.63834,86.94334,97.91251,397.73068,-216.2129,128.12021,381.1928,67.779396,103.61715,394.68945,-211.35323,128.26973,378.84186,85.932236,105.64065,391.60733,-189.96687,193.9965,333.904,67.578674,186.20729,337.94028,-67.484184,269.74963,351.37555,51.93051,271.111,352.89398,-69.211876,342.1966,377.1903,59.60556,351.6929,385.4312,-77.82915,352.117,387.41672,57.27727,360.44598,396.5473,-81.055664,372.1521,362.3763,26.000978,386.0029,369.27557,-131.34753
FLIPPED Screenshot 2023-02-19 225543 copy.png,103.13563,247.98056,50.390697,96.30529,243.98595,56.725346,96.21602,244.23825,56.681274,96.02575,244.54684,56.708706,94.27518,244.72765,35.48318,92.74155,245.59291,35.455883,90.986374,246.72617,35.480347,89.55413,251.13283,90.12572,83.46278,254.31752,-6.752179,105.79559,255.28969,64.75598,103.52295,255.79459,36.299606,105.30769,287.46756,126.30766,88.81086,284.72745,-57.724846,112.78893,336.87622,141.67624,93.67419,338.8098,-122.63461,128.99965,374.72806,96.35996,98.51292,388.91205,-190.94395,128.24098,381.63834,86.94334,97.91251,397.73068,-216.2129,128.12021,381.1928,67.779396,103.61715,394.68945,-211.35323,128.26973,378.84186,85.932236,105.64065,391.60733,-189.96687,193.9965,333.904,67.578674,186.20729,337.94028,-67.484184,269.74963,351.37555,51.93051,271.111,352.89398,-69.211876,342.1966,377.1903,59.60556,351.6929,385.4312,-77.82915,352.117,387.41672,57.27727,360.44598,396.5473,-81.055664,372.1521,362.3763,26.000978,386.0029,369.27557,-131.34753
FLIPPED Screenshot 2023-02-19 225543.png,103.13563,247.98056,50.390697,96.30529,243.98595,56.725346,96.21602,244.23825,56.681274,96.02575,244.54684,56.708706,94.27518,244.72765,35.48318,92.74155,245.59291,35.455883,90.986374,246.72617,35.480347,89.55413,251.13283,90.12572,83.46278,254.31752,-6.752179,105.79559,255.28969,64.75598,103.52295,255.79459,36.299606,105.30769,287.46756,126.30766,88.81086,284.72745,-57.724846,112.78893,336.87622,141.67624,93.67419,338.8098,-122.63461,128.99965,374.72806,96.35996,98.51292,388.91205,-190.94395,128.24098,381.63834,86.94334,97.91251,397.73068,-216.2129,128.12021,381.1928,67.779396,103.61715,394.68945,-211.35323,128.26973,378.84186,85.932236,105.64065,391.60733,-189.96687,193.9965,333.904,67.578674,186.20729,337.94028,-67.484184,269.74963,351.37555,51.93051,271.111,352.89398,-69.211876,342.1966,377.1903,59.60556,351.6929,385.4312,-77.82915,352.117,387.41672,57.27727,360.44598,396.5473,-81.055664,372.1521,362.3763,26.000978,386.0029,369.27557,-131.34753
FLIPPED active-young-woman-relaxing-yoga-260nw-2029813544.jpg,78.108574,94.37749,-8.512218,76.93903,99.575455,-0.859627,77.45128,100.225876,-0.8764973,78.07179,101.00935,-0.81591916,77.27506,99.80568,-16.526785,77.9497,100.55494,-16.546206,78.687805,101.37685,-16.549875,84.7991,105.630264,36.54822,84.95394,104.73575,-35.86903,83.84826,93.64287,6.11674,84.49577,93.97116,-14.514927,117.0623,110.50064,54.260273,111.36789,106.10087,-50.079056,118.44671,152.2116,56.74589,109.33643,154.48918,-75.22791,109.927605,188.55556,27.312078,99.8954,194.03952,-102.254776,113.64829,193.08261,15.328375,103.263985,201.13544,-116.45372,112.960464,192.80661,7.258336,104.07819,201.05698,-119.6232,111.732666,191.3859,21.767004,103.31575,198.14394,-104.16519,197.8171,114.922424,47.488777,197.55023,114.301445,-47.559963,254.54057,141.90977,34.685547,258.14542,142.75443,-53.785343,306.13278,181.33496,63.506634,312.16953,185.34473,-38.468002,308.0421,189.5523,64.06198,313.03348,193.49974,-37.126404,333.08356,187.46272,29.226004,343.6666,192.59666,-79.67696
FLIPPED article-migration-image-1920x1080_reverse_table_top_ardha_purvottanasana-768x432.jpg,699.0464,72.53118,-11.69911,709.60376,83.03568,-34.473557,709.32117,85.127174,-34.530003,709.2849,87.36638,-34.59622,710.3501,82.03719,6.291649,710.4491,83.40295,6.3195715,710.74384,84.943115,6.325652,701.81396,103.43011,-94.327225,701.9475,100.24753,89.47571,685.06915,77.42346,-31.042652,684.9589,75.56521,21.896242,639.7033,141.06403,-170.42332,622.5475,126.85784,152.2955,644.8618,233.95853,-295.5385,622.85474,223.13019,207.19568,640.0967,326.64575,-440.5442,622.97253,302.28735,158.77092,627.65845,338.3698,-490.77072,612.70465,312.43256,148.82582,621.14075,332.91757,-484.111,609.3122,313.44412,122.5629,624.9942,327.70105,-441.23007,612.9809,310.86066,145.21663,436.99585,177.53993,-111.72278,431.94165,167.14049,111.61119,302.80292,253.89078,-107.33361,302.8624,246.45485,97.34178,158.84393,307.99347,-44.409985,165.97444,301.81046,165.19159,152.56598,322.219,-41.51519,158.56966,316.48495,165.37149,86.57538,320.66248,-144.42825,99.95155,314.73807,76.55844
FLIPPED article-migration-image-1920x1080_reverse_table_top_ardha_purvottanasana.jpg,974.03326,98.98324,2.4554224,989.93646,114.89608,-30.867636,989.87024,118.16735,-30.956657,989.84485,121.58482,-31.057817,990.7973,113.325806,27.414154,991.2882,115.48011,27.460705,991.93634,117.94668,27.468273,979.5212,145.4384,-120.830574,979.1956,140.77565,141.80739,954.0073,106.99575,-26.88707,954.14087,104.03438,48.79805,892.80115,201.72986,-240.0369,869.32,173.145,235.0319,898.95636,328.31482,-418.66827,870.42944,311.0127,308.67264,888.8863,457.30606,-623.42615,864.5653,421.33237,243.25607,870.2022,475.55786,-696.37494,848.6898,437.92816,230.83316,859.5926,467.86664,-687.48773,844.3961,439.81555,194.02678,865.1302,460.21698,-624.44995,849.71985,435.41367,224.1826,611.748,248.0155,-163.2883,602.6945,230.91075,163.13174,421.26453,352.3476,-154.6375,418.99402,340.5842,143.21661,219.90225,430.92444,-72.310745,229.2211,420.24103,236.90646,212.07475,452.4706,-69.652374,217.01543,442.51215,236.77797,115.20573,442.10553,-219.58163,131.95427,432.0686,109.83339
FLIPPED beautiful-girl-background-nature-engaged-yoga-reverse-plank-pose-purvottanasana-beautiful-girl-189956143.jpg,260.943,128.29553,23.953512,246.14897,129.03181,33.98155,244.8775,130.46608,33.859627,243.61024,131.98085,33.89925,245.85422,129.15662,2.8852177,244.49934,130.61584,2.8402014,243.02428,132.34065,2.851631,239.41493,148.79039,88.91729,237.2891,151.93193,-54.295265,268.0486,143.15752,46.976665,268.20645,143.65736,5.623021,298.22153,207.56721,117.454,268.75186,219.86961,-84.57987,285.89258,302.57877,138.20277,261.5832,317.56943,-131.53445,281.58444,391.99667,119.03627,244.81956,411.49783,-184.55138,286.4954,405.1826,99.769394,236.86919,423.3948,-209.3291,285.7561,405.91418,86.795876,245.55821,423.36368,-216.44185,283.869,402.71844,109.649345,249.82953,419.68216,-188.97812,463.37308,261.85605,71.48772,446.91037,274.12103,-71.43733,583.0399,327.25247,45.339584,578.5216,333.8102,-73.52999,711.45886,396.6187,73.28386,715.0518,402.63782,-59.078716,721.8701,408.06702,70.177826,726.6236,414.22357,-61.35253,765.50055,400.96423,1.9815458,779.212,411.40384,-152.79259
FLIPPED pretty-woman-yoga-pose-reverse-plank-position-isolated-white-studio-background-33579543.jpg,136.59583,114.401115,-5.639967,118.87584,119.13547,6.6099935,117.36365,121.47762,6.5084023,115.60559,123.97537,6.576781,119.18931,119.06483,-39.587894,118.08372,121.126495,-39.624866,116.69795,123.37938,-39.649643,112.53171,146.87648,85.51924,113.450935,145.17397,-125.64204,148.38036,129.1034,28.61432,147.57928,129.09251,-31.944767,179.29091,216.42406,148.77975,168.25494,215.33923,-174.90999,179.53596,319.19876,218.2618,155.2091,323.79492,-280.56827,180.11131,410.59564,227.27936,155.5932,431.61542,-368.89062,189.77634,431.43317,214.86432,169.2364,450.19598,-409.46597,191.03006,434.53406,187.72466,173.97678,445.5361,-408.24985,188.51381,428.79126,212.58199,170.96321,438.84744,-369.78586,394.7142,261.3142,113.31395,394.973,264.56027,-113.303795,544.47034,348.25333,93.838326,548.6902,348.39523,-107.844505,677.3822,441.27057,177.8055,681.9208,441.92804,-52.7265,678.9581,463.12134,178.55348,683.8423,463.39188,-51.30536,750.39874,454.69986,82.067635,755.5513,460.76874,-174.87056
FLIPPED reverse-plank-1600x900.jpg,352.00784,252.77669,31.1504,322.83606,251.19545,54.748333,320.09906,253.22894,54.585808,317.12976,255.69989,54.728645,321.80414,252.58078,-25.377024,318.78424,255.28606,-25.427835,315.4947,258.51718,-25.451666,303.43204,289.4898,171.32936,299.8902,293.84567,-192.30653,367.34125,279.6595,80.85588,364.78613,281.07956,-24.497957,389.53262,412.66034,278.52985,360.14554,427.07446,-320.2048,390.2276,588.9756,312.7278,359.8029,623.4727,-459.21664,415.1408,749.0105,199.40868,376.52026,804.98,-508.26678,445.73706,770.83435,164.91318,413.31845,825.4896,-576.33734,449.57733,772.6791,116.759384,433.57764,811.139,-568.4999,441.37015,765.0469,169.53377,425.02203,802.3617,-506.09637,732.3176,519.56775,206.17232,722.59576,543.0668,-206.18515,991.2213,619.93713,191.24629,996.8648,640.31384,-159.21857,1246.9088,728.5279,317.7964,1267.346,739.44293,-86.12991,1258.9445,768.341,317.51932,1283.8356,782.7258,-90.88689,1364.3052,700.8951,180.60986,1403.5122,718.27423,-290.92236
FLIPPED reverse-plank-370x207.jpg,80.98802,59.245693,9.256599,74.18805,58.078712,14.514324,73.74152,58.408337,14.480818,73.1969,58.782055,14.512272,73.66874,58.81652,-3.20038,72.957405,59.650593,-3.21509,72.12103,60.617355,-3.2162402,70.18705,66.4693,41.390377,69.030045,68.55508,-39.05165,84.81163,65.12957,20.623636,83.91175,65.967705,-2.6815615,90.8473,93.89709,64.21224,83.68812,98.9458,-66.58404,90.575905,135.48032,74.648926,83.09228,143.44756,-95.81911,95.93467,172.7523,54.48778,88.5826,183.93365,-107.02261,102.66842,177.78465,46.38092,98.86261,188.49968,-121.65182,104.51606,177.85268,35.48432,103.09297,185.74445,-119.99864,102.99345,175.95215,47.763763,100.70276,183.63559,-106.42595,169.72191,119.02029,45.309937,167.04283,124.82464,-45.27014,229.35358,142.76027,35.168953,229.85056,146.17519,-40.925022,289.07587,168.13225,54.53915,293.748,170.68158,-31.529331,292.56934,178.04851,53.401234,298.48978,181.39647,-33.4077,317.07568,160.57628,20.401985,325.80618,164.6828,-79.8569
FLIPPED reverse-plank-purvottanasana-4.jpg,308.16547,66.20209,15.090663,316.138,64.52146,2.78535,317.51566,65.37328,2.7644453,319.1416,66.33582,2.7344286,314.9728,63.55815,21.030165,315.22543,63.66092,21.07515,315.57986,63.760292,21.126945,325.3049,75.1195,-31.28693,320.86005,71.366875,50.790974,307.7903,73.83017,4.5736756,306.12177,72.66952,28.362888,309.57474,116.50822,-53.199604,298.15332,103.00812,67.83139,309.0144,167.60605,-72.345085,299.13782,159.69339,93.14167,308.33078,218.46674,-111.58512,296.50998,201.35823,77.28325,300.97278,227.87923,-130.70506,289.5653,209.44724,69.458206,297.56287,226.58809,-131.59335,289.05637,211.60489,58.932648,299.94797,223.24751,-112.886055,291.61124,209.40764,71.63529,203.51682,133.30168,-49.062706,200.92033,125.43513,48.906666,119.03839,166.20638,-48.127052,124.565994,157.99925,43.595005,56.63377,201.83554,-38.48932,66.12835,194.39227,74.34975,53.806015,211.4099,-38.314396,61.326897,202.847,74.810684,17.319345,201.56602,-76.68445,26.805235,197.19499,39.41024
FLIPPED reverse-plank-purvottanasana-5.jpg,347.8902,90.03903,2.0508366,349.0427,97.01432,-7.1681633,348.4673,97.74056,-7.2053804,347.89008,98.504974,-7.263975,349.3156,96.646126,9.433455,348.99158,97.12063,9.441201,348.67648,97.69055,9.459262,341.15024,102.652916,-28.793074,341.5044,102.1482,45.40614,341.25333,88.444786,-4.1830516,341.42902,87.77747,17.227427,307.8347,107.40114,-64.532524,300.58365,104.775085,78.86272,303.76492,160.02887,-99.64817,297.09238,155.7915,103.98774,304.0841,209.90588,-144.12001,291.29874,195.26231,93.984924,296.31232,218.08902,-161.89893,283.99185,200.66843,90.431564,292.97144,216.12778,-164.30647,283.8252,201.93741,81.1743,294.73685,212.95042,-145.66628,285.6726,200.27591,89.124695,199.65317,118.41747,-57.306534,199.64487,116.832184,57.290173,114.649994,152.37813,-55.179977,117.037094,152.7455,38.349552,47.55386,193.50356,-49.463497,52.58623,189.58246,64.2553,48.02858,208.6282,-49.33071,50.96412,202.60596,64.0663,11.255579,193.29617,-93.955864,16.13516,189.22644,27.24316
FLIPPED reverse-plank.jpg,351.4748,255.66905,32.593735,321.52676,254.54773,56.651604,318.90512,256.66904,56.501305,316.2541,259.02362,56.647564,320.54166,255.66074,-23.579647,317.71732,258.23642,-23.635302,314.8272,261.21423,-23.670872,304.35095,292.04184,176.5901,300.89264,296.20996,-187.21202,366.4922,282.78125,83.69488,364.16708,284.27182,-21.67762,390.15228,416.8835,289.41296,360.72,426.96664,-317.0993,390.57367,590.0594,330.51474,362.60303,621.57184,-459.95074,413.10248,742.6854,212.59749,377.48035,798.89545,-513.29565,446.52997,762.5116,178.02719,416.21466,820.748,-582.37585,450.43164,761.8849,127.30978,438.43246,804.3089,-571.89026,442.9245,754.4538,181.63193,429.27493,795.2868,-509.67188,733.2292,520.1512,209.14577,724.3039,541.48975,-209.1279,992.7927,626.2119,190.39445,998.33997,641.3551,-168.8773,1248.1024,731.1105,315.207,1265.5862,740.6378,-97.602066,1260.228,772.0096,314.34778,1282.2374,786.0859,-102.53955,1363.5013,701.85406,173.31377,1401.2764,718.3734,-303.91644
FLIPPED screen-shot-2019-06-06-at-11-20-59-am-1559834854.jpg,879.58496,156.79276,30.059763,897.6829,152.95842,-6.3876877,900.7689,154.31912,-6.431922,904.1158,155.83362,-6.456535,895.365,151.29431,43.93593,896.9384,151.66512,44.047005,898.8303,152.16798,44.092793,921.9536,175.6295,-101.19467,914.2214,170.8892,127.53709,878.9745,174.59726,1.3391541,875.7783,171.67924,67.61784,901.0975,273.0489,-183.7062,869.10724,230.25246,203.44554,893.058,406.04907,-290.05325,883.55,339.37793,321.04544,884.7166,523.07715,-427.84998,843.5927,424.416,290.47266,867.61694,555.03064,-480.20532,827.77734,434.46527,285.31104,853.78253,541.2255,-477.9977,824.78723,437.48743,243.4534,858.8093,523.9948,-428.69144,829.70496,436.5754,270.95184,656.81305,330.16037,-148.33952,645.2137,301.4423,148.14146,471.6344,397.62585,-157.77151,469.61163,365.73544,130.75496,289.23697,481.9019,-172.06497,305.35556,434.62247,184.0215,272.2863,518.4496,-178.84706,294.43814,462.68896,182.23392,191.009,448.89035,-308.86472,226.74126,401.4099,100.3209
FLIPPED shutterstock_96513673.jpg,556.0606,162.49272,-6.1063437,558.06995,173.50731,-22.61848,556.6468,174.91107,-22.718035,555.16595,176.5233,-22.837078,558.7943,173.27776,9.081541,557.9527,174.36443,9.103821,556.9917,175.68242,9.154859,540.21436,185.7676,-70.04694,541.77814,185.71552,72.39466,542.367,160.17851,-21.90462,542.5422,159.30707,19.16383,485.99258,186.65097,-136.5994,477.33502,193.36844,118.97222,478.8346,275.14355,-187.4094,471.2441,272.98935,132.65501,473.5082,367.5109,-259.81592,464.75385,353.1173,80.246895,484.0894,377.1802,-297.01056,469.86728,364.89352,65.079315,485.37372,378.20972,-303.21036,473.69183,364.19705,52.757088,479.33212,375.04727,-264.0258,470.06656,360.8184,71.34082,318.45367,224.43614,-101.45938,320.148,227.03633,101.4135,202.81522,294.8596,-95.843056,205.5701,294.6027,93.54059,85.34104,364.4785,-48.19936,100.38519,359.12628,157.68675,82.571236,374.76968,-46.056282,96.985085,369.35938,158.60419,38.180298,359.49445,-140.2058,57.345,352.0828,85.67607
FLIPPED upward-plank-pose-1.jpg,1033.3966,311.24326,208.92247,1039.9178,337.1036,190.05583,1038.9944,340.02484,190.0011,1038.4697,342.30283,189.82031,1038.864,337.13354,213.44536,1036.7887,340.8189,213.46825,1035.1251,344.05402,213.45215,1022.0339,358.24802,134.69417,1019.05695,360.5594,240.30074,1015.0758,314.89822,193.62204,1012.8456,315.98352,223.16617,939.1452,375.70673,79.91351,921.6637,384.76993,185.13277,945.7562,536.7728,10.283291,936.3575,545.2317,85.35894,959.35767,685.36755,-127.0821,942.6804,678.1086,-13.162452,951.3509,713.6863,-171.08295,933.2605,705.68353,-63.753273,950.8817,715.7394,-183.24648,937.11444,707.7846,-62.36703,949.0313,706.1267,-138.27611,938.94727,700.6733,-19.866201,630.06805,398.106,-76.81684,620.9818,395.9986,76.27545,411.31293,523.0718,-123.552444,406.91025,524.3032,30.356277,216.52496,679.83984,-27.366863,215.74638,677.6107,167.31033,176.21956,726.0877,-23.500818,184.76538,710.77423,173.88228,106.76751,707.27264,-206.88208,128.45624,708.87946,36.031338
FLIPPED upward-plank-pose.jpg,1146.9791,298.8012,82.665115,1158.7076,323.1291,45.608833,1157.6235,325.79926,45.46308,1157.0374,328.33698,45.236233,1157.7252,323.83176,118.38127,1155.5898,327.3758,118.50275,1153.8557,331.24023,118.60779,1136.8295,346.6425,-70.85713,1133.0206,352.65128,261.8055,1125.7965,298.45953,44.989502,1123.3562,298.69043,139.99448,1047.3993,361.3313,-258.6577,1001.6273,394.6356,370.1982,1060.556,542.2385,-475.64056,1013.8796,563.2358,434.4574,1071.7892,718.85657,-692.41,1011.7063,708.2808,339.13397,1057.3926,748.1714,-781.19635,998.5412,740.62823,319.52502,1047.1975,743.8161,-770.8259,998.70404,741.4445,283.85312,1049.9281,732.1998,-693.05646,1003.1109,730.6766,317.2034,678.47925,388.74588,-251.49564,671.5239,403.20773,250.90562,418.74695,527.89795,-270.99344,421.13376,543.52606,234.25465,207.99844,691.4863,-180.94556,219.10669,686.56824,396.7361,211.76155,727.79596,-176.90402,221.74556,722.1726,403.50256,63.789993,719.52686,-396.5856,90.30212,707.7823,256.4551
FLIPPED wellness-couple-asian-young-women-doing-breathing-exercise-yoga-reverse-plank-pose-mat-stretching-strong-shoulder-together-yoga-250759872.jpg,534.18207,184.32251,-26.053064,546.6949,188.89496,-42.259274,547.4551,190.60486,-42.286488,548.4195,192.31282,-42.354904,546.66003,188.97498,-13.909996,547.2696,190.75108,-13.861355,548.16626,192.63268,-13.836174,551.0443,207.9537,-85.90485,550.61176,208.14085,41.52446,529.14734,194.43011,-40.110558,528.64056,194.49706,-3.1765413,503.4356,251.99866,-99.98443,500.02527,263.15768,58.547337,510.85547,353.5374,-128.13026,516.79614,347.90848,72.262955,546.50433,429.78366,-175.96686,512.06696,413.91245,-7.964211,562.541,449.3922,-203.91367,515.62573,426.66803,-35.8255,561.0274,449.07016,-207.88986,520.32513,426.26642,-49.72424,554.40454,442.68634,-179.52263,519.27325,423.8169,-18.22991,344.9374,297.29172,-72.13856,348.73303,304.04642,71.79826,214.17905,367.4242,-54.606037,225.70796,354.5028,84.87618,103.76153,428.00534,-23.344143,162.41376,420.77423,153.2509,102.48845,439.12967,-24.511242,160.40872,437.58606,155.24979,43.404198,433.3159,-116.32051,112.657715,429.30017,102.70556
FLIPPED woman-sportswear-does-yoga-performs-260nw-2203192243.jpg,302.14072,90.7531,5.946878,307.07452,94.244545,-3.499772,307.06793,95.05452,-3.5317,307.10468,95.95496,-3.5709374,307.0823,94.06367,11.8188925,307.07516,94.67815,11.825909,307.1298,95.39882,11.819302,303.87808,103.21578,-29.428991,304.0711,102.2031,38.784847,296.80676,92.75031,-2.485232,296.35974,92.358665,17.294968,279.64954,117.03218,-62.63125,272.22104,114.558205,66.935326,274.1181,155.79785,-91.11109,266.6345,157.27486,81.725075,268.4476,195.79503,-129.67494,262.93173,192.85799,63.31675,263.33627,203.90718,-147.26312,257.50488,198.96587,59.996357,261.64825,203.8137,-145.18372,256.72916,200.2974,50.43281,262.84662,200.84995,-129.4286,258.57294,198.20038,58.402546,200.8052,136.89893,-47.78399,199.2717,135.3988,47.72856,140.65164,158.54733,-47.28615,142.32541,159.8019,42.5484,87.357216,191.94391,-31.407213,91.806244,190.3116,70.089066,83.85488,198.03947,-30.731457,87.80058,196.72583,70.21447,56.38595,193.80072,-65.544304,61.04536,192.27681,38.23286
FLIPPED woman-sportswear-does-yoga-performs-kumbhakasana-exercise-reverse-plank-pose-trains-room-mat-near-wall-woman-256475191.jpg,619.7116,187.92067,7.043988,630.2714,194.48976,-10.731863,630.48456,196.02406,-10.800858,630.67883,197.62686,-10.886363,630.1297,194.23792,18.697931,630.23425,195.54694,18.70722,630.38367,196.92293,18.697376,624.26483,212.83762,-59.540916,624.13025,210.62029,71.06931,608.7308,191.77725,-8.86796,607.84094,190.98563,29.046267,576.13306,239.45824,-123.62364,560.76416,235.43584,125.450455,563.4388,320.71173,-175.36884,548.1393,323.2002,151.27403,549.9317,403.41827,-250.92145,539.75555,393.2971,115.129135,539.75055,420.08838,-286.08295,527.7646,405.78918,107.62783,534.9863,418.4154,-282.91995,525.7599,408.50464,88.43805,537.435,412.30508,-250.94604,529.5481,404.04437,105.257095,414.33188,280.40665,-92.50115,411.1551,278.77655,92.38193,292.14276,322.31067,-92.59517,296.2392,327.67215,81.55239,180.52869,392.6629,-61.292862,194.03755,388.791,135.93018,176.91107,407.39618,-59.906864,188.57019,404.11768,136.13354,121.90123,397.56546,-128.09044,130.4023,395.58307,73.05931
FLIPPED yoga-young-woman-upward-plank-pose-300x199.jpg,271.11652,56.962906,-6.375435,273.4281,61.39992,-14.707328,273.06445,62.209656,-14.7313,272.73312,63.117382,-14.762859,273.4792,61.236485,0.2629226,273.1749,61.842346,0.28266132,272.87976,62.54659,0.30627462,267.0935,68.907166,-36.3102,267.28235,67.97407,30.220228,264.76242,57.218235,-13.563884,264.6001,56.970894,5.765354,245.03613,78.97686,-61.65972,235.09071,75.50655,52.754528,241.17015,125.63708,-79.03528,233.62683,120.14982,66.50508,240.13083,166.21957,-110.92669,226.84035,152.20789,44.56976,234.69472,169.79253,-127.8394,225.5222,156.36435,39.76936,232.18997,169.4991,-128.13622,224.9848,156.10133,29.652697,233.43198,167.80287,-111.56386,225.35175,155.16774,39.422462,164.97905,102.36256,-43.35697,160.9381,98.2896,43.332043,103.483185,126.30716,-41.49914,104.48638,122.83509,39.023827,47.282124,154.72433,-27.251818,53.70878,150.2428,63.889442,42.816013,160.60608,-26.851503,50.31582,155.35463,63.823776,19.55799,159.17847,-63.469265,27.955627,154.1487,33.54564
IMG_5008.png,750.6235,1252.691,127.00782,748.7548,1225.7991,204.04218,753.233,1224.0356,203.69153,757.5603,1222.3634,203.31204,727.32745,1230.5142,162.96413,715.98737,1232.0712,162.9146,703.7364,1233.5719,162.89644,747.8651,1223.6322,485.14615,669.5044,1241.4623,297.58844,759.251,1272.5803,228.59702,732.0602,1278.1058,172.94632,834.29535,1329.4951,602.5763,612.8646,1392.6675,242.04073,912.1824,1515.214,679.60645,607.0024,1603.3783,184.18082,1012.73047,1619.5455,606.9904,575.19904,1779.402,89.17849,1055.6598,1652.6666,608.2061,543.01495,1819.5958,50.51521,1037.8278,1653.5983,561.9929,548.33093,1823.4412,18.753029,1034.252,1649.3436,578.29614,565.4892,1814.748,72.38288,906.7082,1592.5454,147.14142,796.67365,1639.4381,-147.08183,1155.6787,1728.9572,-379.88846,1043.5795,1792.16,-746.7875,1490.4541,1911.4011,-623.7535,1290.4171,2034.4908,-879.26416,1507.5073,1992.7689,-656.46606,1300.464,2097.3506,-896.54486,1641.8726,1915.0819,-923.56726,1435.34,2038.7095,-1213.2318
IMG_5009.png,743.55634,1245.0468,-303.003,741.7588,1219.1909,-241.46129,746.8062,1217.6772,-241.74545,751.3977,1216.0437,-242.12056,719.5666,1223.3523,-286.3211,707.81647,1225.0402,-286.44617,695.0089,1226.7523,-286.4083,738.5212,1218.7014,57.426464,658.4044,1235.8301,-144.90912,749.99304,1265.224,-186.12398,724.07184,1270.6489,-245.75946,820.0858,1325.2505,290.22522,602.78656,1389.1461,-93.18312,889.2281,1512.385,454.3012,592.0114,1611.4098,-67.11376,981.1399,1631.2943,359.41794,573.3084,1784.3768,-153.92648,1013.306,1658.336,358.6479,544.341,1824.2354,-204.2363,1015.6765,1663.2356,286.28708,549.183,1830.7268,-239.17245,997.7181,1659.4331,322.33954,565.45746,1822.2487,-171.72238,927.0756,1614.1503,158.98402,818.23285,1659.3936,-158.7977,1185.186,1753.071,-247.55688,1047.0231,1816.7429,-654.3927,1516.065,1913.9244,-379.7327,1293.7832,2037.0817,-657.02655,1533.2655,1987.5739,-406.07883,1295.929,2101.1191,-669.2649,1674.6272,1902.7053,-687.5354,1437.9308,2021.9797,-1006.38715
IMG_5010.JPG,619.1434,1337.0547,-582.3587,611.117,1306.5404,-512.78,616.4023,1303.2023,-512.9461,620.6562,1300.1406,-513.39844,586.0974,1318.0916,-582.117,572.05096,1324.0111,-582.36615,556.4715,1330.3167,-582.2839,602.75867,1310.8286,-116.97143,511.2192,1354.3718,-431.85767,630.9683,1361.8762,-419.6018,600.7985,1378.3867,-511.8716,668.05347,1426.4352,282.38028,497.80603,1550.665,-331.63177,808.43677,1617.0178,698.95526,508.1365,1819.4863,-248.86638,928.456,1789.3052,782.034,503.41852,2038.9729,-264.58463,973.5381,1821.3344,818.8381,470.1048,2090.8748,-309.33676,974.4377,1839.6426,724.4078,473.8611,2093.104,-366.801,953.40393,1835.8604,741.9448,493.9279,2078.6594,-285.80768,921.2284,1740.5532,225.12338,804.84985,1824.1495,-224.97598,1257.0635,1928.6526,-236.76094,1120.895,2031.4316,-670.01874,1682.5745,2094.757,-327.1904,1470.1378,2312.2993,-682.2136,1714.2482,2168.0298,-349.92862,1493.0521,2390.2039,-700.2014,1884.6161,2090.51,-650.03015,1660.4729,2317.7854,-1109.1553
IMG_5011 copy 2.png,585.2571,1350.4882,-33.59396,558.74274,1337.9503,-10.262002,556.43054,1339.4095,-10.517868,553.57324,1340.978,-10.507347,555.5812,1340.189,-91.49086,551.4554,1343.2466,-91.5912,546.69934,1346.728,-91.61587,524.8308,1368.649,111.19564,519.4038,1376.7502,-254.00092,591.4105,1379.7653,18.512966,587.5117,1382.1559,-88.01712,577.0875,1464.4171,244.49728,542.7941,1510.7444,-358.3244,582.0362,1638.9594,381.5283,537.3866,1715.514,-449.7755,609.6769,1738.9854,338.3802,571.19934,1903.6914,-459.07825,620.0122,1756.1072,325.0795,603.1859,1942.2278,-508.1319,625.0442,1753.6173,274.874,627.8012,1922.2955,-501.38184,625.8192,1751.9348,311.46454,621.7735,1907.5808,-454.5798,895.7977,1628.0999,210.59088,877.60596,1700.4436,-210.07397,1169.371,1650.5039,240.42976,1172.5095,1710.8395,-279.60403,1443.2123,1709.9365,353.5228,1478.302,1808.8057,-337.0334,1471.6431,1748.1978,352.4288,1501.6865,1861.5955,-356.00513,1568.0342,1646.219,259.6896,1625.7561,1744.7666,-544.9347
IMG_5011 copy 3.png,585.2571,1350.4882,-33.59396,558.74274,1337.9503,-10.262002,556.43054,1339.4095,-10.517868,553.57324,1340.978,-10.507347,555.5812,1340.189,-91.49086,551.4554,1343.2466,-91.5912,546.69934,1346.728,-91.61587,524.8308,1368.649,111.19564,519.4038,1376.7502,-254.00092,591.4105,1379.7653,18.512966,587.5117,1382.1559,-88.01712,577.0875,1464.4171,244.49728,542.7941,1510.7444,-358.3244,582.0362,1638.9594,381.5283,537.3866,1715.514,-449.7755,609.6769,1738.9854,338.3802,571.19934,1903.6914,-459.07825,620.0122,1756.1072,325.0795,603.1859,1942.2278,-508.1319,625.0442,1753.6173,274.874,627.8012,1922.2955,-501.38184,625.8192,1751.9348,311.46454,621.7735,1907.5808,-454.5798,895.7977,1628.0999,210.59088,877.60596,1700.4436,-210.07397,1169.371,1650.5039,240.42976,1172.5095,1710.8395,-279.60403,1443.2123,1709.9365,353.5228,1478.302,1808.8057,-337.0334,1471.6431,1748.1978,352.4288,1501.6865,1861.5955,-356.00513,1568.0342,1646.219,259.6896,1625.7561,1744.7666,-544.9347
IMG_5011 copy 4.png,585.2571,1350.4882,-33.59396,558.74274,1337.9503,-10.262002,556.43054,1339.4095,-10.517868,553.57324,1340.978,-10.507347,555.5812,1340.189,-91.49086,551.4554,1343.2466,-91.5912,546.69934,1346.728,-91.61587,524.8308,1368.649,111.19564,519.4038,1376.7502,-254.00092,591.4105,1379.7653,18.512966,587.5117,1382.1559,-88.01712,577.0875,1464.4171,244.49728,542.7941,1510.7444,-358.3244,582.0362,1638.9594,381.5283,537.3866,1715.514,-449.7755,609.6769,1738.9854,338.3802,571.19934,1903.6914,-459.07825,620.0122,1756.1072,325.0795,603.1859,1942.2278,-508.1319,625.0442,1753.6173,274.874,627.8012,1922.2955,-501.38184,625.8192,1751.9348,311.46454,621.7735,1907.5808,-454.5798,895.7977,1628.0999,210.59088,877.60596,1700.4436,-210.07397,1169.371,1650.5039,240.42976,1172.5095,1710.8395,-279.60403,1443.2123,1709.9365,353.5228,1478.302,1808.8057,-337.0334,1471.6431,1748.1978,352.4288,1501.6865,1861.5955,-356.00513,1568.0342,1646.219,259.6896,1625.7561,1744.7666,-544.9347
IMG_5011 copy 5.png,585.2571,1350.4882,-33.59396,558.74274,1337.9503,-10.262002,556.43054,1339.4095,-10.517868,553.57324,1340.978,-10.507347,555.5812,1340.189,-91.49086,551.4554,1343.2466,-91.5912,546.69934,1346.728,-91.61587,524.8308,1368.649,111.19564,519.4038,1376.7502,-254.00092,591.4105,1379.7653,18.512966,587.5117,1382.1559,-88.01712,577.0875,1464.4171,244.49728,542.7941,1510.7444,-358.3244,582.0362,1638.9594,381.5283,537.3866,1715.514,-449.7755,609.6769,1738.9854,338.3802,571.19934,1903.6914,-459.07825,620.0122,1756.1072,325.0795,603.1859,1942.2278,-508.1319,625.0442,1753.6173,274.874,627.8012,1922.2955,-501.38184,625.8192,1751.9348,311.46454,621.7735,1907.5808,-454.5798,895.7977,1628.0999,210.59088,877.60596,1700.4436,-210.07397,1169.371,1650.5039,240.42976,1172.5095,1710.8395,-279.60403,1443.2123,1709.9365,353.5228,1478.302,1808.8057,-337.0334,1471.6431,1748.1978,352.4288,1501.6865,1861.5955,-356.00513,1568.0342,1646.219,259.6896,1625.7561,1744.7666,-544.9347
IMG_5011 copy 6.png,585.2571,1350.4882,-33.59396,558.74274,1337.9503,-10.262002,556.43054,1339.4095,-10.517868,553.57324,1340.978,-10.507347,555.5812,1340.189,-91.49086,551.4554,1343.2466,-91.5912,546.69934,1346.728,-91.61587,524.8308,1368.649,111.19564,519.4038,1376.7502,-254.00092,591.4105,1379.7653,18.512966,587.5117,1382.1559,-88.01712,577.0875,1464.4171,244.49728,542.7941,1510.7444,-358.3244,582.0362,1638.9594,381.5283,537.3866,1715.514,-449.7755,609.6769,1738.9854,338.3802,571.19934,1903.6914,-459.07825,620.0122,1756.1072,325.0795,603.1859,1942.2278,-508.1319,625.0442,1753.6173,274.874,627.8012,1922.2955,-501.38184,625.8192,1751.9348,311.46454,621.7735,1907.5808,-454.5798,895.7977,1628.0999,210.59088,877.60596,1700.4436,-210.07397,1169.371,1650.5039,240.42976,1172.5095,1710.8395,-279.60403,1443.2123,1709.9365,353.5228,1478.302,1808.8057,-337.0334,1471.6431,1748.1978,352.4288,1501.6865,1861.5955,-356.00513,1568.0342,1646.219,259.6896,1625.7561,1744.7666,-544.9347
IMG_5011 copy.png,585.2571,1350.4882,-33.59396,558.74274,1337.9503,-10.262002,556.43054,1339.4095,-10.517868,553.57324,1340.978,-10.507347,555.5812,1340.189,-91.49086,551.4554,1343.2466,-91.5912,546.69934,1346.728,-91.61587,524.8308,1368.649,111.19564,519.4038,1376.7502,-254.00092,591.4105,1379.7653,18.512966,587.5117,1382.1559,-88.01712,577.0875,1464.4171,244.49728,542.7941,1510.7444,-358.3244,582.0362,1638.9594,381.5283,537.3866,1715.514,-449.7755,609.6769,1738.9854,338.3802,571.19934,1903.6914,-459.07825,620.0122,1756.1072,325.0795,603.1859,1942.2278,-508.1319,625.0442,1753.6173,274.874,627.8012,1922.2955,-501.38184,625.8192,1751.9348,311.46454,621.7735,1907.5808,-454.5798,895.7977,1628.0999,210.59088,877.60596,1700.4436,-210.07397,1169.371,1650.5039,240.42976,1172.5095,1710.8395,-279.60403,1443.2123,1709.9365,353.5228,1478.302,1808.8057,-337.0334,1471.6431,1748.1978,352.4288,1501.6865,1861.5955,-356.00513,1568.0342,1646.219,259.6896,1625.7561,1744.7666,-544.9347
IMG_5011.png,585.2571,1350.4882,-33.59396,558.74274,1337.9503,-10.262002,556.43054,1339.4095,-10.517868,553.57324,1340.978,-10.507347,555.5812,1340.189,-91.49086,551.4554,1343.2466,-91.5912,546.69934,1346.728,-91.61587,524.8308,1368.649,111.19564,519.4038,1376.7502,-254.00092,591.4105,1379.7653,18.512966,587.5117,1382.1559,-88.01712,577.0875,1464.4171,244.49728,542.7941,1510.7444,-358.3244,582.0362,1638.9594,381.5283,537.3866,1715.514,-449.7755,609.6769,1738.9854,338.3802,571.19934,1903.6914,-459.07825,620.0122,1756.1072,325.0795,603.1859,1942.2278,-508.1319,625.0442,1753.6173,274.874,627.8012,1922.2955,-501.38184,625.8192,1751.9348,311.46454,621.7735,1907.5808,-454.5798,895.7977,1628.0999,210.59088,877.60596,1700.4436,-210.07397,1169.371,1650.5039,240.42976,1172.5095,1710.8395,-279.60403,1443.2123,1709.9365,353.5228,1478.302,1808.8057,-337.0334,1471.6431,1748.1978,352.4288,1501.6865,1861.5955,-356.00513,1568.0342,1646.219,259.6896,1625.7561,1744.7666,-544.9347
IMG_5012 copy 2.png,655.01917,1342.3334,-62.334957,626.7289,1335.3378,-32.353447,623.6418,1337.3258,-32.57241,619.92676,1339.2706,-32.498093,625.85156,1336.6898,-123.1919,622.6292,1339.6722,-123.310005,618.7711,1342.7172,-123.393875,591.0466,1368.9856,112.63926,593.00854,1372.012,-292.58682,661.6835,1370.017,-1.3316666,659.7131,1371.3663,-119.28137,645.861,1462.9353,277.41986,628.208,1500.9434,-432.17474,629.85596,1629.3132,334.22235,617.1461,1712.0615,-556.32825,680.2955,1743.7372,182.8958,662.7206,1902.531,-564.5142,694.4432,1765.0453,154.07204,693.94934,1940.0594,-635.0468,697.1928,1758.8971,100.70814,713.8412,1925.5614,-627.403,695.1218,1754.8774,150.24045,708.8885,1910.332,-560.5479,985.5522,1628.6736,257.8223,970.6883,1702.0366,-257.4956,1261.2478,1645.5688,285.73425,1276.5825,1714.9565,-279.05823,1539.3817,1704.71,439.65027,1574.4535,1803.7704,-261.23035,1555.8086,1738.3218,439.62802,1610.0151,1855.8604,-275.8231,1649.0323,1622.4535,324.91968,1726.5233,1737.7057,-488.1283
IMG_5012 copy 3.png,655.01917,1342.3334,-62.334957,626.7289,1335.3378,-32.353447,623.6418,1337.3258,-32.57241,619.92676,1339.2706,-32.498093,625.85156,1336.6898,-123.1919,622.6292,1339.6722,-123.310005,618.7711,1342.7172,-123.393875,591.0466,1368.9856,112.63926,593.00854,1372.012,-292.58682,661.6835,1370.017,-1.3316666,659.7131,1371.3663,-119.28137,645.861,1462.9353,277.41986,628.208,1500.9434,-432.17474,629.85596,1629.3132,334.22235,617.1461,1712.0615,-556.32825,680.2955,1743.7372,182.8958,662.7206,1902.531,-564.5142,694.4432,1765.0453,154.07204,693.94934,1940.0594,-635.0468,697.1928,1758.8971,100.70814,713.8412,1925.5614,-627.403,695.1218,1754.8774,150.24045,708.8885,1910.332,-560.5479,985.5522,1628.6736,257.8223,970.6883,1702.0366,-257.4956,1261.2478,1645.5688,285.73425,1276.5825,1714.9565,-279.05823,1539.3817,1704.71,439.65027,1574.4535,1803.7704,-261.23035,1555.8086,1738.3218,439.62802,1610.0151,1855.8604,-275.8231,1649.0323,1622.4535,324.91968,1726.5233,1737.7057,-488.1283
IMG_5012 copy 4.png,655.01917,1342.3334,-62.334957,626.7289,1335.3378,-32.353447,623.6418,1337.3258,-32.57241,619.92676,1339.2706,-32.498093,625.85156,1336.6898,-123.1919,622.6292,1339.6722,-123.310005,618.7711,1342.7172,-123.393875,591.0466,1368.9856,112.63926,593.00854,1372.012,-292.58682,661.6835,1370.017,-1.3316666,659.7131,1371.3663,-119.28137,645.861,1462.9353,277.41986,628.208,1500.9434,-432.17474,629.85596,1629.3132,334.22235,617.1461,1712.0615,-556.32825,680.2955,1743.7372,182.8958,662.7206,1902.531,-564.5142,694.4432,1765.0453,154.07204,693.94934,1940.0594,-635.0468,697.1928,1758.8971,100.70814,713.8412,1925.5614,-627.403,695.1218,1754.8774,150.24045,708.8885,1910.332,-560.5479,985.5522,1628.6736,257.8223,970.6883,1702.0366,-257.4956,1261.2478,1645.5688,285.73425,1276.5825,1714.9565,-279.05823,1539.3817,1704.71,439.65027,1574.4535,1803.7704,-261.23035,1555.8086,1738.3218,439.62802,1610.0151,1855.8604,-275.8231,1649.0323,1622.4535,324.91968,1726.5233,1737.7057,-488.1283
IMG_5012 copy 5.png,655.01917,1342.3334,-62.334957,626.7289,1335.3378,-32.353447,623.6418,1337.3258,-32.57241,619.92676,1339.2706,-32.498093,625.85156,1336.6898,-123.1919,622.6292,1339.6722,-123.310005,618.7711,1342.7172,-123.393875,591.0466,1368.9856,112.63926,593.00854,1372.012,-292.58682,661.6835,1370.017,-1.3316666,659.7131,1371.3663,-119.28137,645.861,1462.9353,277.41986,628.208,1500.9434,-432.17474,629.85596,1629.3132,334.22235,617.1461,1712.0615,-556.32825,680.2955,1743.7372,182.8958,662.7206,1902.531,-564.5142,694.4432,1765.0453,154.07204,693.94934,1940.0594,-635.0468,697.1928,1758.8971,100.70814,713.8412,1925.5614,-627.403,695.1218,1754.8774,150.24045,708.8885,1910.332,-560.5479,985.5522,1628.6736,257.8223,970.6883,1702.0366,-257.4956,1261.2478,1645.5688,285.73425,1276.5825,1714.9565,-279.05823,1539.3817,1704.71,439.65027,1574.4535,1803.7704,-261.23035,1555.8086,1738.3218,439.62802,1610.0151,1855.8604,-275.8231,1649.0323,1622.4535,324.91968,1726.5233,1737.7057,-488.1283
IMG_5012 copy 6.png,655.01917,1342.3334,-62.334957,626.7289,1335.3378,-32.353447,623.6418,1337.3258,-32.57241,619.92676,1339.2706,-32.498093,625.85156,1336.6898,-123.1919,622.6292,1339.6722,-123.310005,618.7711,1342.7172,-123.393875,591.0466,1368.9856,112.63926,593.00854,1372.012,-292.58682,661.6835,1370.017,-1.3316666,659.7131,1371.3663,-119.28137,645.861,1462.9353,277.41986,628.208,1500.9434,-432.17474,629.85596,1629.3132,334.22235,617.1461,1712.0615,-556.32825,680.2955,1743.7372,182.8958,662.7206,1902.531,-564.5142,694.4432,1765.0453,154.07204,693.94934,1940.0594,-635.0468,697.1928,1758.8971,100.70814,713.8412,1925.5614,-627.403,695.1218,1754.8774,150.24045,708.8885,1910.332,-560.5479,985.5522,1628.6736,257.8223,970.6883,1702.0366,-257.4956,1261.2478,1645.5688,285.73425,1276.5825,1714.9565,-279.05823,1539.3817,1704.71,439.65027,1574.4535,1803.7704,-261.23035,1555.8086,1738.3218,439.62802,1610.0151,1855.8604,-275.8231,1649.0323,1622.4535,324.91968,1726.5233,1737.7057,-488.1283
IMG_5012 copy.png,655.01917,1342.3334,-62.334957,626.7289,1335.3378,-32.353447,623.6418,1337.3258,-32.57241,619.92676,1339.2706,-32.498093,625.85156,1336.6898,-123.1919,622.6292,1339.6722,-123.310005,618.7711,1342.7172,-123.393875,591.0466,1368.9856,112.63926,593.00854,1372.012,-292.58682,661.6835,1370.017,-1.3316666,659.7131,1371.3663,-119.28137,645.861,1462.9353,277.41986,628.208,1500.9434,-432.17474,629.85596,1629.3132,334.22235,617.1461,1712.0615,-556.32825,680.2955,1743.7372,182.8958,662.7206,1902.531,-564.5142,694.4432,1765.0453,154.07204,693.94934,1940.0594,-635.0468,697.1928,1758.8971,100.70814,713.8412,1925.5614,-627.403,695.1218,1754.8774,150.24045,708.8885,1910.332,-560.5479,985.5522,1628.6736,257.8223,970.6883,1702.0366,-257.4956,1261.2478,1645.5688,285.73425,1276.5825,1714.9565,-279.05823,1539.3817,1704.71,439.65027,1574.4535,1803.7704,-261.23035,1555.8086,1738.3218,439.62802,1610.0151,1855.8604,-275.8231,1649.0323,1622.4535,324.91968,1726.5233,1737.7057,-488.1283
IMG_5012.png,655.01917,1342.3334,-62.334957,626.7289,1335.3378,-32.353447,623.6418,1337.3258,-32.57241,619.92676,1339.2706,-32.498093,625.85156,1336.6898,-123.1919,622.6292,1339.6722,-123.310005,618.7711,1342.7172,-123.393875,591.0466,1368.9856,112.63926,593.00854,1372.012,-292.58682,661.6835,1370.017,-1.3316666,659.7131,1371.3663,-119.28137,645.861,1462.9353,277.41986,628.208,1500.9434,-432.17474,629.85596,1629.3132,334.22235,617.1461,1712.0615,-556.32825,680.2955,1743.7372,182.8958,662.7206,1902.531,-564.5142,694.4432,1765.0453,154.07204,693.94934,1940.0594,-635.0468,697.1928,1758.8971,100.70814,713.8412,1925.5614,-627.403,695.1218,1754.8774,150.24045,708.8885,1910.332,-560.5479,985.5522,1628.6736,257.8223,970.6883,1702.0366,-257.4956,1261.2478,1645.5688,285.73425,1276.5825,1714.9565,-279.05823,1539.3817,1704.71,439.65027,1574.4535,1803.7704,-261.23035,1555.8086,1738.3218,439.62802,1610.0151,1855.8604,-275.8231,1649.0323,1622.4535,324.91968,1726.5233,1737.7057,-488.1283
IMG_5019 copy 2.png,1381.301,1353.7017,-790.56177,1415.5862,1359.0056,-832.10596,1419.5217,1366.0273,-831.9882,1423.5461,1373.1008,-832.1852,1413.8313,1347.4855,-772.8572,1416.9126,1346.9886,-772.8857,1420.75,1346.5858,-772.8294,1448.2637,1408.0146,-850.68365,1446.9061,1380.2983,-594.2963,1374.1229,1392.4525,-782.43396,1371.1676,1373.5903,-707.69446,1365.0377,1555.8413,-821.0991,1381.0181,1432.7904,-285.61554,1353.7958,1760.4054,-869.45514,1454.1578,1424.8081,111.77331,1322.1271,1937.9825,-925.1441,1491.1328,1438.5891,350.11014,1305.4193,1985.7833,-980.6397,1496.13,1441.1857,385.8106,1290.252,1972.0459,-1018.61395,1487.7439,1454.0674,335.41342,1294.5199,1950.5825,-936.3424,1481.519,1456.7618,334.1348,1075.483,1741.7156,-179.91818,1098.9244,1676.5276,179.71118,772.4209,1789.0903,-81.77706,789.3854,1730.6995,423.01132,473.739,1864.9663,31.906706,523.70154,1765.1776,704.9206,451.23526,1907.7191,34.33474,506.48816,1793.9965,723.2892,328.06433,1812.3606,-153.44324,408.46036,1713.5265,624.5275
IMG_5019 copy 3.png,1381.301,1353.7017,-790.56177,1415.5862,1359.0056,-832.10596,1419.5217,1366.0273,-831.9882,1423.5461,1373.1008,-832.1852,1413.8313,1347.4855,-772.8572,1416.9126,1346.9886,-772.8857,1420.75,1346.5858,-772.8294,1448.2637,1408.0146,-850.68365,1446.9061,1380.2983,-594.2963,1374.1229,1392.4525,-782.43396,1371.1676,1373.5903,-707.69446,1365.0377,1555.8413,-821.0991,1381.0181,1432.7904,-285.61554,1353.7958,1760.4054,-869.45514,1454.1578,1424.8081,111.77331,1322.1271,1937.9825,-925.1441,1491.1328,1438.5891,350.11014,1305.4193,1985.7833,-980.6397,1496.13,1441.1857,385.8106,1290.252,1972.0459,-1018.61395,1487.7439,1454.0674,335.41342,1294.5199,1950.5825,-936.3424,1481.519,1456.7618,334.1348,1075.483,1741.7156,-179.91818,1098.9244,1676.5276,179.71118,772.4209,1789.0903,-81.77706,789.3854,1730.6995,423.01132,473.739,1864.9663,31.906706,523.70154,1765.1776,704.9206,451.23526,1907.7191,34.33474,506.48816,1793.9965,723.2892,328.06433,1812.3606,-153.44324,408.46036,1713.5265,624.5275
IMG_5019 copy 4.png,1381.301,1353.7017,-790.56177,1415.5862,1359.0056,-832.10596,1419.5217,1366.0273,-831.9882,1423.5461,1373.1008,-832.1852,1413.8313,1347.4855,-772.8572,1416.9126,1346.9886,-772.8857,1420.75,1346.5858,-772.8294,1448.2637,1408.0146,-850.68365,1446.9061,1380.2983,-594.2963,1374.1229,1392.4525,-782.43396,1371.1676,1373.5903,-707.69446,1365.0377,1555.8413,-821.0991,1381.0181,1432.7904,-285.61554,1353.7958,1760.4054,-869.45514,1454.1578,1424.8081,111.77331,1322.1271,1937.9825,-925.1441,1491.1328,1438.5891,350.11014,1305.4193,1985.7833,-980.6397,1496.13,1441.1857,385.8106,1290.252,1972.0459,-1018.61395,1487.7439,1454.0674,335.41342,1294.5199,1950.5825,-936.3424,1481.519,1456.7618,334.1348,1075.483,1741.7156,-179.91818,1098.9244,1676.5276,179.71118,772.4209,1789.0903,-81.77706,789.3854,1730.6995,423.01132,473.739,1864.9663,31.906706,523.70154,1765.1776,704.9206,451.23526,1907.7191,34.33474,506.48816,1793.9965,723.2892,328.06433,1812.3606,-153.44324,408.46036,1713.5265,624.5275
IMG_5019 copy 5.png,1381.301,1353.7017,-790.56177,1415.5862,1359.0056,-832.10596,1419.5217,1366.0273,-831.9882,1423.5461,1373.1008,-832.1852,1413.8313,1347.4855,-772.8572,1416.9126,1346.9886,-772.8857,1420.75,1346.5858,-772.8294,1448.2637,1408.0146,-850.68365,1446.9061,1380.2983,-594.2963,1374.1229,1392.4525,-782.43396,1371.1676,1373.5903,-707.69446,1365.0377,1555.8413,-821.0991,1381.0181,1432.7904,-285.61554,1353.7958,1760.4054,-869.45514,1454.1578,1424.8081,111.77331,1322.1271,1937.9825,-925.1441,1491.1328,1438.5891,350.11014,1305.4193,1985.7833,-980.6397,1496.13,1441.1857,385.8106,1290.252,1972.0459,-1018.61395,1487.7439,1454.0674,335.41342,1294.5199,1950.5825,-936.3424,1481.519,1456.7618,334.1348,1075.483,1741.7156,-179.91818,1098.9244,1676.5276,179.71118,772.4209,1789.0903,-81.77706,789.3854,1730.6995,423.01132,473.739,1864.9663,31.906706,523.70154,1765.1776,704.9206,451.23526,1907.7191,34.33474,506.48816,1793.9965,723.2892,328.06433,1812.3606,-153.44324,408.46036,1713.5265,624.5275
IMG_5019 copy 6.png,1381.301,1353.7017,-790.56177,1415.5862,1359.0056,-832.10596,1419.5217,1366.0273,-831.9882,1423.5461,1373.1008,-832.1852,1413.8313,1347.4855,-772.8572,1416.9126,1346.9886,-772.8857,1420.75,1346.5858,-772.8294,1448.2637,1408.0146,-850.68365,1446.9061,1380.2983,-594.2963,1374.1229,1392.4525,-782.43396,1371.1676,1373.5903,-707.69446,1365.0377,1555.8413,-821.0991,1381.0181,1432.7904,-285.61554,1353.7958,1760.4054,-869.45514,1454.1578,1424.8081,111.77331,1322.1271,1937.9825,-925.1441,1491.1328,1438.5891,350.11014,1305.4193,1985.7833,-980.6397,1496.13,1441.1857,385.8106,1290.252,1972.0459,-1018.61395,1487.7439,1454.0674,335.41342,1294.5199,1950.5825,-936.3424,1481.519,1456.7618,334.1348,1075.483,1741.7156,-179.91818,1098.9244,1676.5276,179.71118,772.4209,1789.0903,-81.77706,789.3854,1730.6995,423.01132,473.739,1864.9663,31.906706,523.70154,1765.1776,704.9206,451.23526,1907.7191,34.33474,506.48816,1793.9965,723.2892,328.06433,1812.3606,-153.44324,408.46036,1713.5265,624.5275
IMG_5019 copy.png,1381.301,1353.7017,-790.56177,1415.5862,1359.0056,-832.10596,1419.5217,1366.0273,-831.9882,1423.5461,1373.1008,-832.1852,1413.8313,1347.4855,-772.8572,1416.9126,1346.9886,-772.8857,1420.75,1346.5858,-772.8294,1448.2637,1408.0146,-850.68365,1446.9061,1380.2983,-594.2963,1374.1229,1392.4525,-782.43396,1371.1676,1373.5903,-707.69446,1365.0377,1555.8413,-821.0991,1381.0181,1432.7904,-285.61554,1353.7958,1760.4054,-869.45514,1454.1578,1424.8081,111.77331,1322.1271,1937.9825,-925.1441,1491.1328,1438.5891,350.11014,1305.4193,1985.7833,-980.6397,1496.13,1441.1857,385.8106,1290.252,1972.0459,-1018.61395,1487.7439,1454.0674,335.41342,1294.5199,1950.5825,-936.3424,1481.519,1456.7618,334.1348,1075.483,1741.7156,-179.91818,1098.9244,1676.5276,179.71118,772.4209,1789.0903,-81.77706,789.3854,1730.6995,423.01132,473.739,1864.9663,31.906706,523.70154,1765.1776,704.9206,451.23526,1907.7191,34.33474,506.48816,1793.9965,723.2892,328.06433,1812.3606,-153.44324,408.46036,1713.5265,624.5275
IMG_5019.png,1381.301,1353.7017,-790.56177,1415.5862,1359.0056,-832.10596,1419.5217,1366.0273,-831.9882,1423.5461,1373.1008,-832.1852,1413.8313,1347.4855,-772.8572,1416.9126,1346.9886,-772.8857,1420.75,1346.5858,-772.8294,1448.2637,1408.0146,-850.68365,1446.9061,1380.2983,-594.2963,1374.1229,1392.4525,-782.43396,1371.1676,1373.5903,-707.69446,1365.0377,1555.8413,-821.0991,1381.0181,1432.7904,-285.61554,1353.7958,1760.4054,-869.45514,1454.1578,1424.8081,111.77331,1322.1271,1937.9825,-925.1441,1491.1328,1438.5891,350.11014,1305.4193,1985.7833,-980.6397,1496.13,1441.1857,385.8106,1290.252,1972.0459,-1018.61395,1487.7439,1454.0674,335.41342,1294.5199,1950.5825,-936.3424,1481.519,1456.7618,334.1348,1075.483,1741.7156,-179.91818,1098.9244,1676.5276,179.71118,772.4209,1789.0903,-81.77706,789.3854,1730.6995,423.01132,473.739,1864.9663,31.906706,523.70154,1765.1776,704.9206,451.23526,1907.7191,34.33474,506.48816,1793.9965,723.2892,328.06433,1812.3606,-153.44324,408.46036,1713.5265,624.5275
IMG_5021 copy 2.png,1260.5598,1242.6357,51.082203,1279.8408,1233.3855,71.97295,1288.8319,1236.5116,71.81566,1298.0132,1240.1776,71.714455,1259.831,1229.9375,108.62213,1254.8799,1230.3331,108.75556,1250.2705,1230.7023,108.71713,1317.0251,1266.03,170.6695,1257.0665,1252.3251,344.49902,1275.9135,1273.4373,84.90636,1247.069,1264.4584,135.12988,1345.7798,1413.7048,129.0292,1165.8348,1362.4944,433.79144,1358.073,1588.9453,26.844622,1119.3921,1516.0836,475.60846,1365.567,1747.4148,-180.26544,1062.2612,1613.7089,273.4873,1393.0596,1786.8715,-230.09888,1045.8083,1638.9584,233.35582,1385.8604,1788.8308,-282.1409,1048.6215,1635.0393,183.15697,1371.5074,1775.0485,-203.50452,1054.9573,1621.6476,244.11276,1122.0258,1654.4639,-90.25434,1028.3895,1596.9421,90.21178,961.2917,1821.4766,-545.46045,818.7517,1767.4944,-194.4009,762.308,2005.3583,-645.3115,540.4903,1911.1522,-397.10602,752.3601,2056.131,-662.5291,535.7241,1968.7253,-431.8228,633.3921,2010.3561,-924.77734,429.09323,1935.4327,-657.8966
IMG_5021 copy 3.png,1260.5598,1242.6357,51.082203,1279.8408,1233.3855,71.97295,1288.8319,1236.5116,71.81566,1298.0132,1240.1776,71.714455,1259.831,1229.9375,108.62213,1254.8799,1230.3331,108.75556,1250.2705,1230.7023,108.71713,1317.0251,1266.03,170.6695,1257.0665,1252.3251,344.49902,1275.9135,1273.4373,84.90636,1247.069,1264.4584,135.12988,1345.7798,1413.7048,129.0292,1165.8348,1362.4944,433.79144,1358.073,1588.9453,26.844622,1119.3921,1516.0836,475.60846,1365.567,1747.4148,-180.26544,1062.2612,1613.7089,273.4873,1393.0596,1786.8715,-230.09888,1045.8083,1638.9584,233.35582,1385.8604,1788.8308,-282.1409,1048.6215,1635.0393,183.15697,1371.5074,1775.0485,-203.50452,1054.9573,1621.6476,244.11276,1122.0258,1654.4639,-90.25434,1028.3895,1596.9421,90.21178,961.2917,1821.4766,-545.46045,818.7517,1767.4944,-194.4009,762.308,2005.3583,-645.3115,540.4903,1911.1522,-397.10602,752.3601,2056.131,-662.5291,535.7241,1968.7253,-431.8228,633.3921,2010.3561,-924.77734,429.09323,1935.4327,-657.8966
IMG_5021 copy 4.png,1260.5598,1242.6357,51.082203,1279.8408,1233.3855,71.97295,1288.8319,1236.5116,71.81566,1298.0132,1240.1776,71.714455,1259.831,1229.9375,108.62213,1254.8799,1230.3331,108.75556,1250.2705,1230.7023,108.71713,1317.0251,1266.03,170.6695,1257.0665,1252.3251,344.49902,1275.9135,1273.4373,84.90636,1247.069,1264.4584,135.12988,1345.7798,1413.7048,129.0292,1165.8348,1362.4944,433.79144,1358.073,1588.9453,26.844622,1119.3921,1516.0836,475.60846,1365.567,1747.4148,-180.26544,1062.2612,1613.7089,273.4873,1393.0596,1786.8715,-230.09888,1045.8083,1638.9584,233.35582,1385.8604,1788.8308,-282.1409,1048.6215,1635.0393,183.15697,1371.5074,1775.0485,-203.50452,1054.9573,1621.6476,244.11276,1122.0258,1654.4639,-90.25434,1028.3895,1596.9421,90.21178,961.2917,1821.4766,-545.46045,818.7517,1767.4944,-194.4009,762.308,2005.3583,-645.3115,540.4903,1911.1522,-397.10602,752.3601,2056.131,-662.5291,535.7241,1968.7253,-431.8228,633.3921,2010.3561,-924.77734,429.09323,1935.4327,-657.8966
IMG_5021 copy 5.png,1260.5598,1242.6357,51.082203,1279.8408,1233.3855,71.97295,1288.8319,1236.5116,71.81566,1298.0132,1240.1776,71.714455,1259.831,1229.9375,108.62213,1254.8799,1230.3331,108.75556,1250.2705,1230.7023,108.71713,1317.0251,1266.03,170.6695,1257.0665,1252.3251,344.49902,1275.9135,1273.4373,84.90636,1247.069,1264.4584,135.12988,1345.7798,1413.7048,129.0292,1165.8348,1362.4944,433.79144,1358.073,1588.9453,26.844622,1119.3921,1516.0836,475.60846,1365.567,1747.4148,-180.26544,1062.2612,1613.7089,273.4873,1393.0596,1786.8715,-230.09888,1045.8083,1638.9584,233.35582,1385.8604,1788.8308,-282.1409,1048.6215,1635.0393,183.15697,1371.5074,1775.0485,-203.50452,1054.9573,1621.6476,244.11276,1122.0258,1654.4639,-90.25434,1028.3895,1596.9421,90.21178,961.2917,1821.4766,-545.46045,818.7517,1767.4944,-194.4009,762.308,2005.3583,-645.3115,540.4903,1911.1522,-397.10602,752.3601,2056.131,-662.5291,535.7241,1968.7253,-431.8228,633.3921,2010.3561,-924.77734,429.09323,1935.4327,-657.8966
IMG_5021 copy 6.png,1260.5598,1242.6357,51.082203,1279.8408,1233.3855,71.97295,1288.8319,1236.5116,71.81566,1298.0132,1240.1776,71.714455,1259.831,1229.9375,108.62213,1254.8799,1230.3331,108.75556,1250.2705,1230.7023,108.71713,1317.0251,1266.03,170.6695,1257.0665,1252.3251,344.49902,1275.9135,1273.4373,84.90636,1247.069,1264.4584,135.12988,1345.7798,1413.7048,129.0292,1165.8348,1362.4944,433.79144,1358.073,1588.9453,26.844622,1119.3921,1516.0836,475.60846,1365.567,1747.4148,-180.26544,1062.2612,1613.7089,273.4873,1393.0596,1786.8715,-230.09888,1045.8083,1638.9584,233.35582,1385.8604,1788.8308,-282.1409,1048.6215,1635.0393,183.15697,1371.5074,1775.0485,-203.50452,1054.9573,1621.6476,244.11276,1122.0258,1654.4639,-90.25434,1028.3895,1596.9421,90.21178,961.2917,1821.4766,-545.46045,818.7517,1767.4944,-194.4009,762.308,2005.3583,-645.3115,540.4903,1911.1522,-397.10602,752.3601,2056.131,-662.5291,535.7241,1968.7253,-431.8228,633.3921,2010.3561,-924.77734,429.09323,1935.4327,-657.8966
IMG_5021 copy.png,1260.5598,1242.6357,51.082203,1279.8408,1233.3855,71.97295,1288.8319,1236.5116,71.81566,1298.0132,1240.1776,71.714455,1259.831,1229.9375,108.62213,1254.8799,1230.3331,108.75556,1250.2705,1230.7023,108.71713,1317.0251,1266.03,170.6695,1257.0665,1252.3251,344.49902,1275.9135,1273.4373,84.90636,1247.069,1264.4584,135.12988,1345.7798,1413.7048,129.0292,1165.8348,1362.4944,433.79144,1358.073,1588.9453,26.844622,1119.3921,1516.0836,475.60846,1365.567,1747.4148,-180.26544,1062.2612,1613.7089,273.4873,1393.0596,1786.8715,-230.09888,1045.8083,1638.9584,233.35582,1385.8604,1788.8308,-282.1409,1048.6215,1635.0393,183.15697,1371.5074,1775.0485,-203.50452,1054.9573,1621.6476,244.11276,1122.0258,1654.4639,-90.25434,1028.3895,1596.9421,90.21178,961.2917,1821.4766,-545.46045,818.7517,1767.4944,-194.4009,762.308,2005.3583,-645.3115,540.4903,1911.1522,-397.10602,752.3601,2056.131,-662.5291,535.7241,1968.7253,-431.8228,633.3921,2010.3561,-924.77734,429.09323,1935.4327,-657.8966
IMG_5021.png,1260.5598,1242.6357,51.082203,1279.8408,1233.3855,71.97295,1288.8319,1236.5116,71.81566,1298.0132,1240.1776,71.714455,1259.831,1229.9375,108.62213,1254.8799,1230.3331,108.75556,1250.2705,1230.7023,108.71713,1317.0251,1266.03,170.6695,1257.0665,1252.3251,344.49902,1275.9135,1273.4373,84.90636,1247.069,1264.4584,135.12988,1345.7798,1413.7048,129.0292,1165.8348,1362.4944,433.79144,1358.073,1588.9453,26.844622,1119.3921,1516.0836,475.60846,1365.567,1747.4148,-180.26544,1062.2612,1613.7089,273.4873,1393.0596,1786.8715,-230.09888,1045.8083,1638.9584,233.35582,1385.8604,1788.8308,-282.1409,1048.6215,1635.0393,183.15697,1371.5074,1775.0485,-203.50452,1054.9573,1621.6476,244.11276,1122.0258,1654.4639,-90.25434,1028.3895,1596.9421,90.21178,961.2917,1821.4766,-545.46045,818.7517,1767.4944,-194.4009,762.308,2005.3583,-645.3115,540.4903,1911.1522,-397.10602,752.3601,2056.131,-662.5291,535.7241,1968.7253,-431.8228,633.3921,2010.3561,-924.77734,429.09323,1935.4327,-657.8966
IMG_5022 copy 2.png,1334.8782,1257.921,263.91214,1354.7572,1252.2299,305.52103,1362.8018,1256.3694,305.38412,1371.2892,1261.6743,305.21945,1334.9106,1248.6252,336.11597,1328.8569,1249.566,336.24142,1322.7184,1250.285,336.2061,1386.116,1293.272,436.50818,1324.8588,1272.889,579.3717,1340.7922,1288.8727,303.80646,1318.0637,1281.0424,345.0851,1415.575,1445.3301,329.41644,1213.3354,1396.4125,643.5413,1400.6685,1629.2655,236.54112,1147.4939,1565.268,678.4275,1421.0459,1814.3672,67.31036,1102.541,1714.9197,535.468,1450.1078,1852.1414,20.044174,1091.0925,1753.5573,497.89932,1440.2295,1853.9866,-32.44097,1088.9138,1745.8794,451.5627,1423.8693,1842.7289,43.729637,1098.5846,1734.2332,509.31677,1216.7712,1678.1572,-106.56875,1096.255,1630.6486,106.37924,1017.2081,1860.7812,-574.31104,881.37555,1807.0701,-232.99945,821.46497,2072.837,-758.0415,576.62445,1955.3748,-463.59787,807.765,2134.784,-786.4923,578.65643,2034.7609,-504.03375,687.676,2070.456,-1070.7644,458.28668,1980.0923,-747.7887
IMG_5022 copy 3.png,1334.8782,1257.921,263.91214,1354.7572,1252.2299,305.52103,1362.8018,1256.3694,305.38412,1371.2892,1261.6743,305.21945,1334.9106,1248.6252,336.11597,1328.8569,1249.566,336.24142,1322.7184,1250.285,336.2061,1386.116,1293.272,436.50818,1324.8588,1272.889,579.3717,1340.7922,1288.8727,303.80646,1318.0637,1281.0424,345.0851,1415.575,1445.3301,329.41644,1213.3354,1396.4125,643.5413,1400.6685,1629.2655,236.54112,1147.4939,1565.268,678.4275,1421.0459,1814.3672,67.31036,1102.541,1714.9197,535.468,1450.1078,1852.1414,20.044174,1091.0925,1753.5573,497.89932,1440.2295,1853.9866,-32.44097,1088.9138,1745.8794,451.5627,1423.8693,1842.7289,43.729637,1098.5846,1734.2332,509.31677,1216.7712,1678.1572,-106.56875,1096.255,1630.6486,106.37924,1017.2081,1860.7812,-574.31104,881.37555,1807.0701,-232.99945,821.46497,2072.837,-758.0415,576.62445,1955.3748,-463.59787,807.765,2134.784,-786.4923,578.65643,2034.7609,-504.03375,687.676,2070.456,-1070.7644,458.28668,1980.0923,-747.7887
IMG_5022 copy 4.png,1334.8782,1257.921,263.91214,1354.7572,1252.2299,305.52103,1362.8018,1256.3694,305.38412,1371.2892,1261.6743,305.21945,1334.9106,1248.6252,336.11597,1328.8569,1249.566,336.24142,1322.7184,1250.285,336.2061,1386.116,1293.272,436.50818,1324.8588,1272.889,579.3717,1340.7922,1288.8727,303.80646,1318.0637,1281.0424,345.0851,1415.575,1445.3301,329.41644,1213.3354,1396.4125,643.5413,1400.6685,1629.2655,236.54112,1147.4939,1565.268,678.4275,1421.0459,1814.3672,67.31036,1102.541,1714.9197,535.468,1450.1078,1852.1414,20.044174,1091.0925,1753.5573,497.89932,1440.2295,1853.9866,-32.44097,1088.9138,1745.8794,451.5627,1423.8693,1842.7289,43.729637,1098.5846,1734.2332,509.31677,1216.7712,1678.1572,-106.56875,1096.255,1630.6486,106.37924,1017.2081,1860.7812,-574.31104,881.37555,1807.0701,-232.99945,821.46497,2072.837,-758.0415,576.62445,1955.3748,-463.59787,807.765,2134.784,-786.4923,578.65643,2034.7609,-504.03375,687.676,2070.456,-1070.7644,458.28668,1980.0923,-747.7887
IMG_5022 copy 5.png,1334.8782,1257.921,263.91214,1354.7572,1252.2299,305.52103,1362.8018,1256.3694,305.38412,1371.2892,1261.6743,305.21945,1334.9106,1248.6252,336.11597,1328.8569,1249.566,336.24142,1322.7184,1250.285,336.2061,1386.116,1293.272,436.50818,1324.8588,1272.889,579.3717,1340.7922,1288.8727,303.80646,1318.0637,1281.0424,345.0851,1415.575,1445.3301,329.41644,1213.3354,1396.4125,643.5413,1400.6685,1629.2655,236.54112,1147.4939,1565.268,678.4275,1421.0459,1814.3672,67.31036,1102.541,1714.9197,535.468,1450.1078,1852.1414,20.044174,1091.0925,1753.5573,497.89932,1440.2295,1853.9866,-32.44097,1088.9138,1745.8794,451.5627,1423.8693,1842.7289,43.729637,1098.5846,1734.2332,509.31677,1216.7712,1678.1572,-106.56875,1096.255,1630.6486,106.37924,1017.2081,1860.7812,-574.31104,881.37555,1807.0701,-232.99945,821.46497,2072.837,-758.0415,576.62445,1955.3748,-463.59787,807.765,2134.784,-786.4923,578.65643,2034.7609,-504.03375,687.676,2070.456,-1070.7644,458.28668,1980.0923,-747.7887
IMG_5022 copy 6.png,1334.8782,1257.921,263.91214,1354.7572,1252.2299,305.52103,1362.8018,1256.3694,305.38412,1371.2892,1261.6743,305.21945,1334.9106,1248.6252,336.11597,1328.8569,1249.566,336.24142,1322.7184,1250.285,336.2061,1386.116,1293.272,436.50818,1324.8588,1272.889,579.3717,1340.7922,1288.8727,303.80646,1318.0637,1281.0424,345.0851,1415.575,1445.3301,329.41644,1213.3354,1396.4125,643.5413,1400.6685,1629.2655,236.54112,1147.4939,1565.268,678.4275,1421.0459,1814.3672,67.31036,1102.541,1714.9197,535.468,1450.1078,1852.1414,20.044174,1091.0925,1753.5573,497.89932,1440.2295,1853.9866,-32.44097,1088.9138,1745.8794,451.5627,1423.8693,1842.7289,43.729637,1098.5846,1734.2332,509.31677,1216.7712,1678.1572,-106.56875,1096.255,1630.6486,106.37924,1017.2081,1860.7812,-574.31104,881.37555,1807.0701,-232.99945,821.46497,2072.837,-758.0415,576.62445,1955.3748,-463.59787,807.765,2134.784,-786.4923,578.65643,2034.7609,-504.03375,687.676,2070.456,-1070.7644,458.28668,1980.0923,-747.7887
IMG_5022 copy.png,1334.8782,1257.921,263.91214,1354.7572,1252.2299,305.52103,1362.8018,1256.3694,305.38412,1371.2892,1261.6743,305.21945,1334.9106,1248.6252,336.11597,1328.8569,1249.566,336.24142,1322.7184,1250.285,336.2061,1386.116,1293.272,436.50818,1324.8588,1272.889,579.3717,1340.7922,1288.8727,303.80646,1318.0637,1281.0424,345.0851,1415.575,1445.3301,329.41644,1213.3354,1396.4125,643.5413,1400.6685,1629.2655,236.54112,1147.4939,1565.268,678.4275,1421.0459,1814.3672,67.31036,1102.541,1714.9197,535.468,1450.1078,1852.1414,20.044174,1091.0925,1753.5573,497.89932,1440.2295,1853.9866,-32.44097,1088.9138,1745.8794,451.5627,1423.8693,1842.7289,43.729637,1098.5846,1734.2332,509.31677,1216.7712,1678.1572,-106.56875,1096.255,1630.6486,106.37924,1017.2081,1860.7812,-574.31104,881.37555,1807.0701,-232.99945,821.46497,2072.837,-758.0415,576.62445,1955.3748,-463.59787,807.765,2134.784,-786.4923,578.65643,2034.7609,-504.03375,687.676,2070.456,-1070.7644,458.28668,1980.0923,-747.7887
IMG_5022.png,1334.8782,1257.921,263.91214,1354.7572,1252.2299,305.52103,1362.8018,1256.3694,305.38412,1371.2892,1261.6743,305.21945,1334.9106,1248.6252,336.11597,1328.8569,1249.566,336.24142,1322.7184,1250.285,336.2061,1386.116,1293.272,436.50818,1324.8588,1272.889,579.3717,1340.7922,1288.8727,303.80646,1318.0637,1281.0424,345.0851,1415.575,1445.3301,329.41644,1213.3354,1396.4125,643.5413,1400.6685,1629.2655,236.54112,1147.4939,1565.268,678.4275,1421.0459,1814.3672,67.31036,1102.541,1714.9197,535.468,1450.1078,1852.1414,20.044174,1091.0925,1753.5573,497.89932,1440.2295,1853.9866,-32.44097,1088.9138,1745.8794,451.5627,1423.8693,1842.7289,43.729637,1098.5846,1734.2332,509.31677,1216.7712,1678.1572,-106.56875,1096.255,1630.6486,106.37924,1017.2081,1860.7812,-574.31104,881.37555,1807.0701,-232.99945,821.46497,2072.837,-758.0415,576.62445,1955.3748,-463.59787,807.765,2134.784,-786.4923,578.65643,2034.7609,-504.03375,687.676,2070.456,-1070.7644,458.28668,1980.0923,-747.7887
IMG_5042 copy 2.png,777.15204,1231.2917,458.6431,762.2684,1225.2227,528.8729,763.04706,1226.3904,528.6909,763.4913,1227.6497,528.6232,752.8401,1228.2483,487.14255,746.9063,1231.6694,486.98257,740.1223,1235.7917,486.60037,748.6748,1252.6864,783.86115,716.1932,1271.1259,587.6447,782.6208,1253.8041,550.8355,774.9581,1258.5924,492.72348,879.7885,1374.1223,853.5532,701.26324,1390.0902,427.0874,959.0775,1521.0569,843.5443,729.0804,1591.1816,210.26877,1039.3241,1684.7026,663.4338,725.24744,1792.2668,-65.13414,1062.9026,1725.0372,650.51294,683.3497,1818.8989,-118.50878,1059.7804,1731.1375,611.68475,684.5664,1821.307,-148.91537,1044.183,1719.5702,639.3167,707.0057,1814.2308,-82.64564,1009.9814,1591.0236,164.44106,930.18933,1600.0475,-164.81566,1257.4623,1794.2338,-217.5426,1119.7744,1809.2645,-589.3338,1510.9745,1989.7981,-497.87775,1299.4762,2061.5088,-799.07605,1518.0203,2064.256,-541.04736,1330.4977,2130.433,-826.00977,1658.7065,1955.7828,-774.3204,1474.41,2069.419,-1084.3721
IMG_5042 copy 3.png,777.15204,1231.2917,458.6431,762.2684,1225.2227,528.8729,763.04706,1226.3904,528.6909,763.4913,1227.6497,528.6232,752.8401,1228.2483,487.14255,746.9063,1231.6694,486.98257,740.1223,1235.7917,486.60037,748.6748,1252.6864,783.86115,716.1932,1271.1259,587.6447,782.6208,1253.8041,550.8355,774.9581,1258.5924,492.72348,879.7885,1374.1223,853.5532,701.26324,1390.0902,427.0874,959.0775,1521.0569,843.5443,729.0804,1591.1816,210.26877,1039.3241,1684.7026,663.4338,725.24744,1792.2668,-65.13414,1062.9026,1725.0372,650.51294,683.3497,1818.8989,-118.50878,1059.7804,1731.1375,611.68475,684.5664,1821.307,-148.91537,1044.183,1719.5702,639.3167,707.0057,1814.2308,-82.64564,1009.9814,1591.0236,164.44106,930.18933,1600.0475,-164.81566,1257.4623,1794.2338,-217.5426,1119.7744,1809.2645,-589.3338,1510.9745,1989.7981,-497.87775,1299.4762,2061.5088,-799.07605,1518.0203,2064.256,-541.04736,1330.4977,2130.433,-826.00977,1658.7065,1955.7828,-774.3204,1474.41,2069.419,-1084.3721
IMG_5042 copy 4.png,777.15204,1231.2917,458.6431,762.2684,1225.2227,528.8729,763.04706,1226.3904,528.6909,763.4913,1227.6497,528.6232,752.8401,1228.2483,487.14255,746.9063,1231.6694,486.98257,740.1223,1235.7917,486.60037,748.6748,1252.6864,783.86115,716.1932,1271.1259,587.6447,782.6208,1253.8041,550.8355,774.9581,1258.5924,492.72348,879.7885,1374.1223,853.5532,701.26324,1390.0902,427.0874,959.0775,1521.0569,843.5443,729.0804,1591.1816,210.26877,1039.3241,1684.7026,663.4338,725.24744,1792.2668,-65.13414,1062.9026,1725.0372,650.51294,683.3497,1818.8989,-118.50878,1059.7804,1731.1375,611.68475,684.5664,1821.307,-148.91537,1044.183,1719.5702,639.3167,707.0057,1814.2308,-82.64564,1009.9814,1591.0236,164.44106,930.18933,1600.0475,-164.81566,1257.4623,1794.2338,-217.5426,1119.7744,1809.2645,-589.3338,1510.9745,1989.7981,-497.87775,1299.4762,2061.5088,-799.07605,1518.0203,2064.256,-541.04736,1330.4977,2130.433,-826.00977,1658.7065,1955.7828,-774.3204,1474.41,2069.419,-1084.3721
IMG_5042 copy 5.png,777.15204,1231.2917,458.6431,762.2684,1225.2227,528.8729,763.04706,1226.3904,528.6909,763.4913,1227.6497,528.6232,752.8401,1228.2483,487.14255,746.9063,1231.6694,486.98257,740.1223,1235.7917,486.60037,748.6748,1252.6864,783.86115,716.1932,1271.1259,587.6447,782.6208,1253.8041,550.8355,774.9581,1258.5924,492.72348,879.7885,1374.1223,853.5532,701.26324,1390.0902,427.0874,959.0775,1521.0569,843.5443,729.0804,1591.1816,210.26877,1039.3241,1684.7026,663.4338,725.24744,1792.2668,-65.13414,1062.9026,1725.0372,650.51294,683.3497,1818.8989,-118.50878,1059.7804,1731.1375,611.68475,684.5664,1821.307,-148.91537,1044.183,1719.5702,639.3167,707.0057,1814.2308,-82.64564,1009.9814,1591.0236,164.44106,930.18933,1600.0475,-164.81566,1257.4623,1794.2338,-217.5426,1119.7744,1809.2645,-589.3338,1510.9745,1989.7981,-497.87775,1299.4762,2061.5088,-799.07605,1518.0203,2064.256,-541.04736,1330.4977,2130.433,-826.00977,1658.7065,1955.7828,-774.3204,1474.41,2069.419,-1084.3721
IMG_5042 copy 6.png,777.15204,1231.2917,458.6431,762.2684,1225.2227,528.8729,763.04706,1226.3904,528.6909,763.4913,1227.6497,528.6232,752.8401,1228.2483,487.14255,746.9063,1231.6694,486.98257,740.1223,1235.7917,486.60037,748.6748,1252.6864,783.86115,716.1932,1271.1259,587.6447,782.6208,1253.8041,550.8355,774.9581,1258.5924,492.72348,879.7885,1374.1223,853.5532,701.26324,1390.0902,427.0874,959.0775,1521.0569,843.5443,729.0804,1591.1816,210.26877,1039.3241,1684.7026,663.4338,725.24744,1792.2668,-65.13414,1062.9026,1725.0372,650.51294,683.3497,1818.8989,-118.50878,1059.7804,1731.1375,611.68475,684.5664,1821.307,-148.91537,1044.183,1719.5702,639.3167,707.0057,1814.2308,-82.64564,1009.9814,1591.0236,164.44106,930.18933,1600.0475,-164.81566,1257.4623,1794.2338,-217.5426,1119.7744,1809.2645,-589.3338,1510.9745,1989.7981,-497.87775,1299.4762,2061.5088,-799.07605,1518.0203,2064.256,-541.04736,1330.4977,2130.433,-826.00977,1658.7065,1955.7828,-774.3204,1474.41,2069.419,-1084.3721
IMG_5042 copy.png,777.15204,1231.2917,458.6431,762.2684,1225.2227,528.8729,763.04706,1226.3904,528.6909,763.4913,1227.6497,528.6232,752.8401,1228.2483,487.14255,746.9063,1231.6694,486.98257,740.1223,1235.7917,486.60037,748.6748,1252.6864,783.86115,716.1932,1271.1259,587.6447,782.6208,1253.8041,550.8355,774.9581,1258.5924,492.72348,879.7885,1374.1223,853.5532,701.26324,1390.0902,427.0874,959.0775,1521.0569,843.5443,729.0804,1591.1816,210.26877,1039.3241,1684.7026,663.4338,725.24744,1792.2668,-65.13414,1062.9026,1725.0372,650.51294,683.3497,1818.8989,-118.50878,1059.7804,1731.1375,611.68475,684.5664,1821.307,-148.91537,1044.183,1719.5702,639.3167,707.0057,1814.2308,-82.64564,1009.9814,1591.0236,164.44106,930.18933,1600.0475,-164.81566,1257.4623,1794.2338,-217.5426,1119.7744,1809.2645,-589.3338,1510.9745,1989.7981,-497.87775,1299.4762,2061.5088,-799.07605,1518.0203,2064.256,-541.04736,1330.4977,2130.433,-826.00977,1658.7065,1955.7828,-774.3204,1474.41,2069.419,-1084.3721
IMG_5042.png,777.15204,1231.2917,458.6431,762.2684,1225.2227,528.8729,763.04706,1226.3904,528.6909,763.4913,1227.6497,528.6232,752.8401,1228.2483,487.14255,746.9063,1231.6694,486.98257,740.1223,1235.7917,486.60037,748.6748,1252.6864,783.86115,716.1932,1271.1259,587.6447,782.6208,1253.8041,550.8355,774.9581,1258.5924,492.72348,879.7885,1374.1223,853.5532,701.26324,1390.0902,427.0874,959.0775,1521.0569,843.5443,729.0804,1591.1816,210.26877,1039.3241,1684.7026,663.4338,725.24744,1792.2668,-65.13414,1062.9026,1725.0372,650.51294,683.3497,1818.8989,-118.50878,1059.7804,1731.1375,611.68475,684.5664,1821.307,-148.91537,1044.183,1719.5702,639.3167,707.0057,1814.2308,-82.64564,1009.9814,1591.0236,164.44106,930.18933,1600.0475,-164.81566,1257.4623,1794.2338,-217.5426,1119.7744,1809.2645,-589.3338,1510.9745,1989.7981,-497.87775,1299.4762,2061.5088,-799.07605,1518.0203,2064.256,-541.04736,1330.4977,2130.433,-826.00977,1658.7065,1955.7828,-774.3204,1474.41,2069.419,-1084.3721
IMG_5043 copy 2.png,746.2519,1222.1594,416.52722,735.2509,1219.9038,483.75958,737.35754,1220.8135,483.58688,739.48737,1221.7928,483.5662,725.9205,1224.819,450.6795,721.26685,1229.3073,450.4907,716.46497,1234.024,450.01526,736.7622,1243.9009,732.7127,705.5244,1260.3125,576.8796,756.9787,1241.9562,506.60156,749.05725,1249.052,460.538,871.0975,1343.3562,809.73694,692.4893,1357.0574,421.28128,944.3938,1500.7329,818.60974,713.03,1554.0917,203.21701,1019.28314,1638.002,664.69,696.8019,1756.3152,-96.78352,1043.1978,1675.0878,657.5814,650.29846,1781.1292,-156.22462,1044.9987,1680.135,610.4561,652.5429,1782.5662,-189.73654,1029.0326,1670.5393,639.0842,675.01965,1777.5863,-116.04948,1010.14624,1571.6881,149.32028,939.114,1565.7126,-149.66263,1163.343,1783.89,-149.43651,1145.2292,1762.9956,-512.3418,1409.7172,2026.0353,-430.5149,1474.1309,1975.9303,-753.4371,1405.8362,2078.3013,-474.19083,1484.8784,2037.2068,-782.5727,1540.5625,2009.8586,-684.01,1586.5789,1962.5968,-1014.9022
IMG_5043 copy 3.png,746.2519,1222.1594,416.52722,735.2509,1219.9038,483.75958,737.35754,1220.8135,483.58688,739.48737,1221.7928,483.5662,725.9205,1224.819,450.6795,721.26685,1229.3073,450.4907,716.46497,1234.024,450.01526,736.7622,1243.9009,732.7127,705.5244,1260.3125,576.8796,756.9787,1241.9562,506.60156,749.05725,1249.052,460.538,871.0975,1343.3562,809.73694,692.4893,1357.0574,421.28128,944.3938,1500.7329,818.60974,713.03,1554.0917,203.21701,1019.28314,1638.002,664.69,696.8019,1756.3152,-96.78352,1043.1978,1675.0878,657.5814,650.29846,1781.1292,-156.22462,1044.9987,1680.135,610.4561,652.5429,1782.5662,-189.73654,1029.0326,1670.5393,639.0842,675.01965,1777.5863,-116.04948,1010.14624,1571.6881,149.32028,939.114,1565.7126,-149.66263,1163.343,1783.89,-149.43651,1145.2292,1762.9956,-512.3418,1409.7172,2026.0353,-430.5149,1474.1309,1975.9303,-753.4371,1405.8362,2078.3013,-474.19083,1484.8784,2037.2068,-782.5727,1540.5625,2009.8586,-684.01,1586.5789,1962.5968,-1014.9022
IMG_5043 copy 4.png,746.2519,1222.1594,416.52722,735.2509,1219.9038,483.75958,737.35754,1220.8135,483.58688,739.48737,1221.7928,483.5662,725.9205,1224.819,450.6795,721.26685,1229.3073,450.4907,716.46497,1234.024,450.01526,736.7622,1243.9009,732.7127,705.5244,1260.3125,576.8796,756.9787,1241.9562,506.60156,749.05725,1249.052,460.538,871.0975,1343.3562,809.73694,692.4893,1357.0574,421.28128,944.3938,1500.7329,818.60974,713.03,1554.0917,203.21701,1019.28314,1638.002,664.69,696.8019,1756.3152,-96.78352,1043.1978,1675.0878,657.5814,650.29846,1781.1292,-156.22462,1044.9987,1680.135,610.4561,652.5429,1782.5662,-189.73654,1029.0326,1670.5393,639.0842,675.01965,1777.5863,-116.04948,1010.14624,1571.6881,149.32028,939.114,1565.7126,-149.66263,1163.343,1783.89,-149.43651,1145.2292,1762.9956,-512.3418,1409.7172,2026.0353,-430.5149,1474.1309,1975.9303,-753.4371,1405.8362,2078.3013,-474.19083,1484.8784,2037.2068,-782.5727,1540.5625,2009.8586,-684.01,1586.5789,1962.5968,-1014.9022
IMG_5043 copy 5.png,746.2519,1222.1594,416.52722,735.2509,1219.9038,483.75958,737.35754,1220.8135,483.58688,739.48737,1221.7928,483.5662,725.9205,1224.819,450.6795,721.26685,1229.3073,450.4907,716.46497,1234.024,450.01526,736.7622,1243.9009,732.7127,705.5244,1260.3125,576.8796,756.9787,1241.9562,506.60156,749.05725,1249.052,460.538,871.0975,1343.3562,809.73694,692.4893,1357.0574,421.28128,944.3938,1500.7329,818.60974,713.03,1554.0917,203.21701,1019.28314,1638.002,664.69,696.8019,1756.3152,-96.78352,1043.1978,1675.0878,657.5814,650.29846,1781.1292,-156.22462,1044.9987,1680.135,610.4561,652.5429,1782.5662,-189.73654,1029.0326,1670.5393,639.0842,675.01965,1777.5863,-116.04948,1010.14624,1571.6881,149.32028,939.114,1565.7126,-149.66263,1163.343,1783.89,-149.43651,1145.2292,1762.9956,-512.3418,1409.7172,2026.0353,-430.5149,1474.1309,1975.9303,-753.4371,1405.8362,2078.3013,-474.19083,1484.8784,2037.2068,-782.5727,1540.5625,2009.8586,-684.01,1586.5789,1962.5968,-1014.9022
IMG_5043 copy 6.png,746.2519,1222.1594,416.52722,735.2509,1219.9038,483.75958,737.35754,1220.8135,483.58688,739.48737,1221.7928,483.5662,725.9205,1224.819,450.6795,721.26685,1229.3073,450.4907,716.46497,1234.024,450.01526,736.7622,1243.9009,732.7127,705.5244,1260.3125,576.8796,756.9787,1241.9562,506.60156,749.05725,1249.052,460.538,871.0975,1343.3562,809.73694,692.4893,1357.0574,421.28128,944.3938,1500.7329,818.60974,713.03,1554.0917,203.21701,1019.28314,1638.002,664.69,696.8019,1756.3152,-96.78352,1043.1978,1675.0878,657.5814,650.29846,1781.1292,-156.22462,1044.9987,1680.135,610.4561,652.5429,1782.5662,-189.73654,1029.0326,1670.5393,639.0842,675.01965,1777.5863,-116.04948,1010.14624,1571.6881,149.32028,939.114,1565.7126,-149.66263,1163.343,1783.89,-149.43651,1145.2292,1762.9956,-512.3418,1409.7172,2026.0353,-430.5149,1474.1309,1975.9303,-753.4371,1405.8362,2078.3013,-474.19083,1484.8784,2037.2068,-782.5727,1540.5625,2009.8586,-684.01,1586.5789,1962.5968,-1014.9022
IMG_5043 copy.png,746.2519,1222.1594,416.52722,735.2509,1219.9038,483.75958,737.35754,1220.8135,483.58688,739.48737,1221.7928,483.5662,725.9205,1224.819,450.6795,721.26685,1229.3073,450.4907,716.46497,1234.024,450.01526,736.7622,1243.9009,732.7127,705.5244,1260.3125,576.8796,756.9787,1241.9562,506.60156,749.05725,1249.052,460.538,871.0975,1343.3562,809.73694,692.4893,1357.0574,421.28128,944.3938,1500.7329,818.60974,713.03,1554.0917,203.21701,1019.28314,1638.002,664.69,696.8019,1756.3152,-96.78352,1043.1978,1675.0878,657.5814,650.29846,1781.1292,-156.22462,1044.9987,1680.135,610.4561,652.5429,1782.5662,-189.73654,1029.0326,1670.5393,639.0842,675.01965,1777.5863,-116.04948,1010.14624,1571.6881,149.32028,939.114,1565.7126,-149.66263,1163.343,1783.89,-149.43651,1145.2292,1762.9956,-512.3418,1409.7172,2026.0353,-430.5149,1474.1309,1975.9303,-753.4371,1405.8362,2078.3013,-474.19083,1484.8784,2037.2068,-782.5727,1540.5625,2009.8586,-684.01,1586.5789,1962.5968,-1014.9022
IMG_5043.png,746.2519,1222.1594,416.52722,735.2509,1219.9038,483.75958,737.35754,1220.8135,483.58688,739.48737,1221.7928,483.5662,725.9205,1224.819,450.6795,721.26685,1229.3073,450.4907,716.46497,1234.024,450.01526,736.7622,1243.9009,732.7127,705.5244,1260.3125,576.8796,756.9787,1241.9562,506.60156,749.05725,1249.052,460.538,871.0975,1343.3562,809.73694,692.4893,1357.0574,421.28128,944.3938,1500.7329,818.60974,713.03,1554.0917,203.21701,1019.28314,1638.002,664.69,696.8019,1756.3152,-96.78352,1043.1978,1675.0878,657.5814,650.29846,1781.1292,-156.22462,1044.9987,1680.135,610.4561,652.5429,1782.5662,-189.73654,1029.0326,1670.5393,639.0842,675.01965,1777.5863,-116.04948,1010.14624,1571.6881,149.32028,939.114,1565.7126,-149.66263,1163.343,1783.89,-149.43651,1145.2292,1762.9956,-512.3418,1409.7172,2026.0353,-430.5149,1474.1309,1975.9303,-753.4371,1405.8362,2078.3013,-474.19083,1484.8784,2037.2068,-782.5727,1540.5625,2009.8586,-684.01,1586.5789,1962.5968,-1014.9022
IMG_5044 copy 2.png,730.95807,1410.3347,162.16997,713.8379,1406.3866,193.14105,714.37195,1407.171,192.88405,714.5114,1408.102,192.88602,704.43134,1409.4792,160.76556,698.42566,1412.3424,160.73807,691.89856,1415.5287,160.64717,704.75385,1428.1969,327.5369,677.2933,1442.1378,173.8071,740.4131,1427.7048,211.99443,733.47015,1432.5992,166.03136,797.6851,1513.341,339.50113,694.3544,1522.3671,109.45471,838.07513,1643.8795,316.43616,693.161,1673.8608,3.8137097,855.8954,1758.8225,161.15356,685.56537,1834.7642,-179.17375,852.7977,1772.1456,106.33104,645.6807,1845.7078,-216.38542,840.3576,1775.103,76.41526,652.9789,1846.0902,-239.36374,841.1093,1772.9557,140.62859,673.87024,1842.8068,-191.00061,994.5865,1639.7555,89.594795,935.4754,1668.8839,-89.43487,1204.4386,1752.4006,-92.21118,1163.7362,1781.7114,-200.59637,1405.442,1860.3323,-215.39159,1373.2988,1891.7225,-323.98608,1431.9417,1896.2135,-235.47963,1395.411,1929.564,-336.05695,1518.5964,1857.131,-362.9382,1493.9407,1890.0713,-454.1799
IMG_5044 copy 3.png,730.95807,1410.3347,162.16997,713.8379,1406.3866,193.14105,714.37195,1407.171,192.88405,714.5114,1408.102,192.88602,704.43134,1409.4792,160.76556,698.42566,1412.3424,160.73807,691.89856,1415.5287,160.64717,704.75385,1428.1969,327.5369,677.2933,1442.1378,173.8071,740.4131,1427.7048,211.99443,733.47015,1432.5992,166.03136,797.6851,1513.341,339.50113,694.3544,1522.3671,109.45471,838.07513,1643.8795,316.43616,693.161,1673.8608,3.8137097,855.8954,1758.8225,161.15356,685.56537,1834.7642,-179.17375,852.7977,1772.1456,106.33104,645.6807,1845.7078,-216.38542,840.3576,1775.103,76.41526,652.9789,1846.0902,-239.36374,841.1093,1772.9557,140.62859,673.87024,1842.8068,-191.00061,994.5865,1639.7555,89.594795,935.4754,1668.8839,-89.43487,1204.4386,1752.4006,-92.21118,1163.7362,1781.7114,-200.59637,1405.442,1860.3323,-215.39159,1373.2988,1891.7225,-323.98608,1431.9417,1896.2135,-235.47963,1395.411,1929.564,-336.05695,1518.5964,1857.131,-362.9382,1493.9407,1890.0713,-454.1799
IMG_5044 copy 4.png,730.95807,1410.3347,162.16997,713.8379,1406.3866,193.14105,714.37195,1407.171,192.88405,714.5114,1408.102,192.88602,704.43134,1409.4792,160.76556,698.42566,1412.3424,160.73807,691.89856,1415.5287,160.64717,704.75385,1428.1969,327.5369,677.2933,1442.1378,173.8071,740.4131,1427.7048,211.99443,733.47015,1432.5992,166.03136,797.6851,1513.341,339.50113,694.3544,1522.3671,109.45471,838.07513,1643.8795,316.43616,693.161,1673.8608,3.8137097,855.8954,1758.8225,161.15356,685.56537,1834.7642,-179.17375,852.7977,1772.1456,106.33104,645.6807,1845.7078,-216.38542,840.3576,1775.103,76.41526,652.9789,1846.0902,-239.36374,841.1093,1772.9557,140.62859,673.87024,1842.8068,-191.00061,994.5865,1639.7555,89.594795,935.4754,1668.8839,-89.43487,1204.4386,1752.4006,-92.21118,1163.7362,1781.7114,-200.59637,1405.442,1860.3323,-215.39159,1373.2988,1891.7225,-323.98608,1431.9417,1896.2135,-235.47963,1395.411,1929.564,-336.05695,1518.5964,1857.131,-362.9382,1493.9407,1890.0713,-454.1799
IMG_5044 copy 5.png,730.95807,1410.3347,162.16997,713.8379,1406.3866,193.14105,714.37195,1407.171,192.88405,714.5114,1408.102,192.88602,704.43134,1409.4792,160.76556,698.42566,1412.3424,160.73807,691.89856,1415.5287,160.64717,704.75385,1428.1969,327.5369,677.2933,1442.1378,173.8071,740.4131,1427.7048,211.99443,733.47015,1432.5992,166.03136,797.6851,1513.341,339.50113,694.3544,1522.3671,109.45471,838.07513,1643.8795,316.43616,693.161,1673.8608,3.8137097,855.8954,1758.8225,161.15356,685.56537,1834.7642,-179.17375,852.7977,1772.1456,106.33104,645.6807,1845.7078,-216.38542,840.3576,1775.103,76.41526,652.9789,1846.0902,-239.36374,841.1093,1772.9557,140.62859,673.87024,1842.8068,-191.00061,994.5865,1639.7555,89.594795,935.4754,1668.8839,-89.43487,1204.4386,1752.4006,-92.21118,1163.7362,1781.7114,-200.59637,1405.442,1860.3323,-215.39159,1373.2988,1891.7225,-323.98608,1431.9417,1896.2135,-235.47963,1395.411,1929.564,-336.05695,1518.5964,1857.131,-362.9382,1493.9407,1890.0713,-454.1799
IMG_5044 copy 6.png,730.95807,1410.3347,162.16997,713.8379,1406.3866,193.14105,714.37195,1407.171,192.88405,714.5114,1408.102,192.88602,704.43134,1409.4792,160.76556,698.42566,1412.3424,160.73807,691.89856,1415.5287,160.64717,704.75385,1428.1969,327.5369,677.2933,1442.1378,173.8071,740.4131,1427.7048,211.99443,733.47015,1432.5992,166.03136,797.6851,1513.341,339.50113,694.3544,1522.3671,109.45471,838.07513,1643.8795,316.43616,693.161,1673.8608,3.8137097,855.8954,1758.8225,161.15356,685.56537,1834.7642,-179.17375,852.7977,1772.1456,106.33104,645.6807,1845.7078,-216.38542,840.3576,1775.103,76.41526,652.9789,1846.0902,-239.36374,841.1093,1772.9557,140.62859,673.87024,1842.8068,-191.00061,994.5865,1639.7555,89.594795,935.4754,1668.8839,-89.43487,1204.4386,1752.4006,-92.21118,1163.7362,1781.7114,-200.59637,1405.442,1860.3323,-215.39159,1373.2988,1891.7225,-323.98608,1431.9417,1896.2135,-235.47963,1395.411,1929.564,-336.05695,1518.5964,1857.131,-362.9382,1493.9407,1890.0713,-454.1799
IMG_5044 copy.png,730.95807,1410.3347,162.16997,713.8379,1406.3866,193.14105,714.37195,1407.171,192.88405,714.5114,1408.102,192.88602,704.43134,1409.4792,160.76556,698.42566,1412.3424,160.73807,691.89856,1415.5287,160.64717,704.75385,1428.1969,327.5369,677.2933,1442.1378,173.8071,740.4131,1427.7048,211.99443,733.47015,1432.5992,166.03136,797.6851,1513.341,339.50113,694.3544,1522.3671,109.45471,838.07513,1643.8795,316.43616,693.161,1673.8608,3.8137097,855.8954,1758.8225,161.15356,685.56537,1834.7642,-179.17375,852.7977,1772.1456,106.33104,645.6807,1845.7078,-216.38542,840.3576,1775.103,76.41526,652.9789,1846.0902,-239.36374,841.1093,1772.9557,140.62859,673.87024,1842.8068,-191.00061,994.5865,1639.7555,89.594795,935.4754,1668.8839,-89.43487,1204.4386,1752.4006,-92.21118,1163.7362,1781.7114,-200.59637,1405.442,1860.3323,-215.39159,1373.2988,1891.7225,-323.98608,1431.9417,1896.2135,-235.47963,1395.411,1929.564,-336.05695,1518.5964,1857.131,-362.9382,1493.9407,1890.0713,-454.1799
IMG_5044.png,730.95807,1410.3347,162.16997,713.8379,1406.3866,193.14105,714.37195,1407.171,192.88405,714.5114,1408.102,192.88602,704.43134,1409.4792,160.76556,698.42566,1412.3424,160.73807,691.89856,1415.5287,160.64717,704.75385,1428.1969,327.5369,677.2933,1442.1378,173.8071,740.4131,1427.7048,211.99443,733.47015,1432.5992,166.03136,797.6851,1513.341,339.50113,694.3544,1522.3671,109.45471,838.07513,1643.8795,316.43616,693.161,1673.8608,3.8137097,855.8954,1758.8225,161.15356,685.56537,1834.7642,-179.17375,852.7977,1772.1456,106.33104,645.6807,1845.7078,-216.38542,840.3576,1775.103,76.41526,652.9789,1846.0902,-239.36374,841.1093,1772.9557,140.62859,673.87024,1842.8068,-191.00061,994.5865,1639.7555,89.594795,935.4754,1668.8839,-89.43487,1204.4386,1752.4006,-92.21118,1163.7362,1781.7114,-200.59637,1405.442,1860.3323,-215.39159,1373.2988,1891.7225,-323.98608,1431.9417,1896.2135,-235.47963,1395.411,1929.564,-336.05695,1518.5964,1857.131,-362.9382,1493.9407,1890.0713,-454.1799
IMG_5045.JPG,750.5986,1786.461,90.26601,733.5776,1780.705,117.169266,733.4191,1781.1289,116.969475,733.0898,1781.7938,116.95181,727.56836,1784.9753,51.85953,722.95764,1788.441,51.810493,717.7098,1792.1636,51.79276,721.34845,1801.3239,251.7195,702.75385,1815.7301,-47.746883,760.318,1804.9376,146.03809,755.19025,1809.3534,58.233086,800.13074,1893.432,366.41467,720.7619,1907.5055,-178.77849,833.7888,2027.7767,444.63174,726.0101,2060.475,-289.454,867.1884,2143.1418,301.3975,707.49994,2226.602,-401.8005,861.65857,2158.7163,272.0715,677.37787,2237.2566,-469.34482,856.2856,2159.348,215.76248,686.5006,2236.6987,-476.27594,857.0621,2157.0928,269.6667,700.2675,2234.8384,-407.8549,1024.2349,2037.1138,198.36893,974.85565,2073.8582,-198.23131,1236.7021,2147.5378,74.094444,1194.9966,2181.3328,-340.45612,1416.3279,2252.7031,85.93598,1376.9596,2288.4531,-290.85995,1430.8265,2292.8613,77.27346,1392.7306,2335.7817,-293.41217,1527.3489,2235.2083,-72.487976,1472.894,2274.3545,-490.1258
IMG_5055.JPG,1546.5911,2076.7322,-494.69202,1579.1337,2081.9204,-546.8098,1582.0607,2086.326,-546.77466,1585.2516,2091.5483,-546.86725,1576.7114,2077.61,-447.30035,1577.6453,2078.2183,-447.25705,1578.3396,2078.472,-447.31052,1593.3354,2137.7607,-638.4512,1580.2407,2115.3599,-195.00198,1528.4896,2102.5432,-520.326,1526.7073,2095.6316,-391.1727,1489.3121,2281.9607,-722.2014,1469.7611,2193.9302,95.94385,1444.2437,2502.8152,-874.0286,1453.6089,2380.1108,323.44833,1441.7861,2702.4658,-1117.3103,1448.113,2513.7278,202.6876,1471.8989,2747.4495,-1237.2819,1463.0435,2525.2834,197.58743,1475.5085,2740.918,-1247.9246,1468.5177,2523.788,122.644455,1461.7362,2723.8464,-1127.9269,1460.2356,2521.7544,167.49945,1138.4885,2464.379,-283.31348,1116.61,2396.1636,283.44785,833.8911,2536.969,-296.6177,841.0132,2473.829,706.1198,519.3219,2619.616,-299.03442,581.09717,2522.0083,1179.8131,470.77072,2671.7827,-315.20206,547.87463,2559.1704,1213.5693,382.69034,2548.3992,-618.1561,465.0504,2443.5718,1090.3556
IMG_5056.JPG,1424.3287,1946.5818,-545.18756,1459.37,1950.0999,-580.2665,1463.5938,1956.9211,-580.32874,1467.6924,1963.9631,-580.4854,1454.7784,1940.8353,-488.51587,1455.3362,1940.2749,-488.41577,1456.0222,1939.8616,-488.38544,1473.6381,2004.3436,-589.8355,1460.0273,1976.5502,-179.69229,1408.1509,1975.5753,-540.45276,1403.511,1964.7278,-420.73874,1375.5624,2137.3289,-651.3156,1337.3982,2049.223,183.58633,1337.0979,2355.2087,-864.60986,1278.1702,2198.617,414.43622,1346.484,2546.9668,-1247.1875,1286.9772,2323.6785,200.86742,1378.3801,2583.0247,-1376.2732,1286.8127,2346.949,206.4987,1378.1571,2578.0154,-1379.8898,1238.2023,2331.577,115.85666,1363.9016,2567.6611,-1257.8624,1236.4174,2319.8792,158.94751,1028.3385,2320.4143,-280.48566,997.03845,2253.519,280.71503,723.9528,2403.7974,-474.0359,723.62463,2345.8552,461.36218,397.42862,2502.5186,-555.16626,433.7505,2396.3213,740.66736,361.0306,2554.2246,-579.50433,395.82462,2434.9426,753.2036,257.97202,2411.2368,-883.89606,321.65582,2312.024,604.39825
IMG_5057.JPG,1207.2006,1002.9112,332.6526,1228.8397,997.0697,400.78302,1238.529,1001.72284,400.46265,1248.8058,1006.2461,400.13217,1205.0345,993.378,427.31216,1198.1575,995.3795,427.4233,1190.9451,996.8022,427.22983,1270.9679,1040.3997,657.5524,1188.1948,1030.5771,768.61237,1225.8175,1037.8096,417.86224,1193.5621,1031.7299,449.0944,1334.763,1223.2437,587.07983,1066.6895,1188.0042,826.992,1331.8652,1458.3833,445.57434,1013.021,1434.2495,799.9555,1328.3683,1690.6647,143.25473,967.7317,1615.4374,530.335,1355.0316,1731.1952,77.59802,949.748,1661.282,477.743,1350.6993,1730.5515,21.351343,945.9787,1659.3896,429.65494,1335.9447,1719.043,115.701614,963.5405,1646.7993,501.32703,1135.7434,1563.3184,-66.953705,998.83325,1535.2191,66.80243,1043.7638,1931.3119,-755.59467,820.6353,1866.2029,-351.5083,959.48334,2338.2659,-993.1043,577.55194,2258.7017,-498.91238,910.68005,2416.389,-1023.8528,607.5751,2370.2078,-533.1816,931.69275,2450.0425,-1390.5747,395.5199,2288.3713,-884.70404
IMG_5058.JPG,1363.9451,1461.8168,390.33447,1393.008,1462.7632,439.72177,1400.9792,1468.4521,439.55692,1409.7892,1475.424,439.36475,1375.0322,1455.5491,480.58432,1370.8582,1455.4955,480.6499,1366.7206,1455.4432,480.71558,1422.2441,1509.21,617.869,1372.1821,1481.0642,797.688,1369.3993,1489.8903,445.58206,1349.6829,1478.9313,497.50604,1418.2855,1644.7505,449.5387,1248.1941,1601.7361,926.4401,1416.8118,1827.7648,198.36943,1182.7789,1779.0586,944.6197,1450.7953,2005.8674,-120.05171,1147.3794,1862.3517,736.6076,1493.7999,2022.2101,-186.13841,1126.2477,1894.206,713.4666,1490.3286,2026.4199,-207.2325,1122.6028,1895.7372,685.4795,1471.8043,2023.3835,-133.48222,1129.8021,1885.0037,717.61536,1188.9283,1863.8646,-160.48788,1085.3876,1829.3647,160.52011,969.05225,2044.4409,-885.4202,846.149,2002.3966,-392.51926,746.6093,2265.2188,-1267.6588,542.59705,2177.1423,-780.06384,717.5657,2319.5886,-1309.9713,524.3438,2249.3843,-835.6049,620.99457,2257.2925,-1618.994,404.02396,2112.8408,-1104.6848
IMG_5084.JPG,638.74884,1322.2516,313.56952,627.1607,1307.1471,405.57083,633.2148,1307.2533,405.29315,639.1559,1307.9299,405.08835,601.8079,1314.7523,357.3504,587.845,1320.451,357.39722,571.9506,1326.9672,357.21887,631.5965,1333.4365,755.7316,530.552,1359.2795,520.5657,659.8289,1350.5991,437.64944,630.1854,1359.1584,367.6778,757.4099,1471.2953,893.3686,481.61365,1532.7416,382.07013,862.07764,1677.1698,1027.6788,475.62476,1779.3643,181.03468,1001.08746,1829.7671,864.95074,465.98764,2032.9987,-166.34235,1034.6459,1872.4252,853.93256,414.98636,2082.7551,-236.81902,1027.6752,1872.6815,793.4205,441.66046,2086.5686,-269.08218,1006.01385,1863.1525,829.1071,468.8596,2072.1768,-186.89955,939.48846,1719.4653,190.45581,785.0781,1781.6671,-190.40735,1217.6718,1916.429,-444.16345,1063.0548,1959.9655,-921.587,1585.7838,2241.2031,-864.3617,1368.9061,2346.7607,-1227.1381,1626.328,2338.1184,-918.1329,1411.2769,2449.8696,-1252.3922,1809.572,2210.7107,-1240.6584,1516.8378,2381.7725,-1599.682
IMG_5085.JPG,623.1872,1344.5791,351.70584,609.5112,1326.7959,450.15372,615.1637,1326.5302,449.89737,620.2815,1326.9623,449.7239,584.348,1336.0964,396.6523,570.64685,1342.3479,396.63202,554.27655,1349.5817,396.38437,607.3036,1353.1875,828.06177,511.66138,1381.9612,566.66327,642.51385,1376.0153,486.50858,615.0016,1386.813,409.00287,744.186,1503.4243,958.4248,461.3871,1557.8832,435.74582,857.30634,1723.8782,1023.3717,452.3675,1818.0566,200.87726,979.0062,1892.8826,786.3822,445.02646,2076.9377,-174.47995,1012.3266,1940.1771,754.02344,395.79498,2119.2551,-250.18828,1005.99286,1941.0667,703.06274,416.84442,2118.8123,-284.80774,982.6431,1929.8851,751.269,442.95752,2106.3484,-196.40527,943.03656,1752.149,208.56041,783.79767,1822.554,-208.56412,1231.3475,1958.6134,-539.7798,1074.3909,1996.5762,-1052.9545,1594.5681,2260.5764,-958.6848,1391.0942,2377.8545,-1337.7009,1631.5668,2356.922,-1013.2089,1434.7128,2479.2527,-1363.4701,1813.6825,2241.032,-1371.3123,1544.1243,2397.6575,-1748.637
IMG_5086.JPG,536.948,1240.6448,479.31152,493.92203,1238.1434,582.5674,496.20218,1237.979,582.036,498.2269,1238.3346,581.5082,475.22928,1254.9087,486.7037,464.42984,1267.0582,486.53598,452.80182,1281.1772,485.8353,488.46027,1291.8198,1051.5186,422.69086,1365.2263,606.4651,569.41864,1279.6683,657.74927,553.5431,1297.7549,526.50793,769.0372,1462.9617,1395.524,430.70004,1629.5774,324.8168,1007.7721,1713.1033,1916.8611,476.373,1993.3195,-93.93634,1250.0381,1834.4805,1914.0632,503.0798,2383.318,-737.72675,1317.1251,1886.8522,1963.5112,449.75574,2504.8179,-842.68896,1310.2407,1887.6514,1845.2034,493.7937,2499.29,-911.524,1276.0066,1882.0663,1859.6165,529.8503,2460.8528,-775.1161,1271.3682,1883.7028,337.59448,1060.7778,2048.2957,-337.92053,1865.39,2233.01,-248.6823,1712.1963,2303.4941,-779.144,2451.534,2584.419,-528.5947,2250.6663,2676.2969,-1049.5044,2505.1575,2695.0684,-582.0666,2271.2075,2781.5542,-1074.9589,2762.88,2526.5686,-984.5775,2576.7383,2682.2546,-1489.8186
IMG_5088.JPG,1039.6998,1670.0338,-1786.3438,1022.19073,1659.2118,-1901.6113,1017.73926,1723.1543,-1901.487,1013.91833,1720.9177,-1901.9633,1053.6322,1663.5972,-1894.5208,1063.8002,1667.8105,-1894.8135,1077.1292,1672.4313,-1894.8401,951.4874,1712.2874,-2055.4626,1061.752,1752.4152,-2029.5706,1012.8001,1788.8083,-1791.4164,1029.3987,1792.9701,-1784.8958,1017.7606,1833.316,-1791.3873,1012.3821,1903.4657,-1779.0438,1077.5024,2109.9216,-1535.979,908.23016,2155.0134,-1660.4614,1155.8907,2358.9678,-1639.0669,927.4845,2395.881,-1839.1959,1200.9298,2378.8928,-1839.236,916.5764,2429.23,-2073.7334,1187.4148,2381.885,-1928.0748,941.34845,2419.5334,-2147.0818,1174.0695,2382.6064,-1691.7113,944.4707,2409.138,-1894.0516,978.14166,2054.6628,-44.73382,972.2799,2097.4817,44.401367,892.9303,1824.198,1414.1788,863.15125,1881.4266,1525.656,829.11804,1732.8138,3119.9937,754.3432,1742.5771,3252.0796,809.43097,1718.9429,3295.652,743.9937,1719.9794,3430.134,845.8504,1697.9297,3161.1377,709.97034,1695.8014,3311.4436
IMG_5090.png,1537.1497,1267.4077,-108.189865,1573.76,1279.1703,-155.11618,1577.5911,1286.7185,-155.36653,1581.7875,1295.371,-155.5845,1570.0488,1271.4766,-84.78379,1571.0402,1272.406,-84.495224,1571.8262,1273.2633,-84.534325,1593.4767,1353.6653,-231.08041,1576.1261,1315.3123,81.57226,1514.3624,1303.0352,-123.65173,1511.2006,1291.9653,-32.46952,1533.2905,1494.1307,-371.67715,1421.7852,1409.182,323.964,1476.5693,1715.6803,-484.75467,1409.3436,1583.5898,534.51874,1435.5077,1977.3837,-635.41766,1343.723,1753.4904,492.2399,1397.1163,2035.856,-706.0759,1317.0896,1777.4093,488.72626,1366.1274,2008.1487,-723.0567,1307.4609,1782.3685,424.2275,1370.423,1984.5564,-639.7165,1313.7123,1772.2203,460.1189,1035.4839,1687.1877,-226.06432,996.3255,1593.4125,226.06711,700.2874,1763.317,-282.4103,696.9987,1682.9354,157.29694,327.32117,1875.6191,-323.05496,365.97824,1801.5817,196.43794,277.14502,1940.1064,-343.25244,322.7761,1854.0236,184.30653,148.88536,1801.1764,-604.49994,211.72823,1696.149,32.215366
IMG_5091.JPG,1494.003,1771.8024,-126.464806,1533.0222,1784.7625,-138.55122,1537.4601,1792.6401,-138.89453,1542.1704,1801.4563,-139.21008,1528.2614,1773.9219,-61.817932,1528.8491,1773.2433,-61.502205,1529.073,1772.423,-61.45732,1553.4982,1853.4803,-88.792854,1531.0192,1805.4281,260.89026,1469.2473,1807.7268,-100.78931,1465.5208,1793.5538,-0.016280105,1490.3633,1990.7445,-244.9497,1378.2917,1885.6459,579.03406,1429.8251,2213.2637,-528.71674,1302.8564,2064.138,736.5798,1393.5656,2471.244,-873.29846,1223.9216,2216.9575,525.4608,1367.57,2536.0667,-984.4636,1190.9219,2262.061,500.37622,1332.6727,2503.2017,-999.5777,1188.9894,2254.5996,418.15396,1334.4017,2481.5664,-882.452,1207.8547,2235.1462,481.2074,1008.0917,2190.4443,-269.76196,958.155,2080.4238,269.8024,662.63586,2259.962,-623.2658,656.51904,2167.5278,-58.386345,278.21262,2369.4512,-841.52405,300.92545,2278.5579,-198.85036,233.99217,2427.0989,-883.3828,260.75293,2342.2468,-233.75299,100.58936,2287.994,-1251.7375,144.39398,2191.038,-489.53793
IMG_5092.JPG,1457.967,1604.9,445.14993,1489.3215,1606.4066,468.8783,1496.2706,1612.8174,468.6791,1504.0446,1620.4974,468.38095,1477.4878,1597.845,539.76544,1475.3903,1597.5253,540.03345,1472.7096,1597.4603,540.09326,1526.6979,1674.5214,565.32135,1483.0508,1635.052,886.9447,1450.0504,1640.0526,473.19214,1436.043,1628.2214,566.29767,1530.8639,1825.5083,323.17026,1320.7434,1750.4551,1036.6815,1528.2799,2037.4623,-60.784275,1178.933,1950.9336,1038.5059,1524.9946,2281.8472,-541.62616,1091.6516,2119.2854,821.0155,1532.1948,2344.2678,-654.4088,1054.7998,2173.1665,771.13275,1489.92,2334.9026,-706.08887,1059.7878,2169.2747,712.11395,1477.9652,2314.1194,-570.0774,1073.5117,2153.2944,783.2805,1136.6672,2120.8423,-237.75761,1013.14056,2021.7754,237.84691,800.5156,2254.154,-819.75903,715.11865,2189.9814,-342.78836,462.5206,2510.0151,-1370.9517,356.0531,2396.2324,-849.48425,402.61502,2592.6143,-1437.7233,303.54886,2482.8813,-920.25616,266.12488,2444.9802,-1786.55,160.16899,2321.239,-1189.6652
IMG_5372.JPG,2338.688,195.97464,-415.92664,2382.9685,225.04192,-506.02295,2383.3633,232.8821,-506.3711,2384.0728,241.68216,-506.68805,2386.342,219.2992,-356.5004,2388.6777,222.51959,-356.27063,2390.9443,226.64825,-356.3676,2372.328,301.61508,-714.7693,2374.7883,287.74557,-54.856873,2285.138,223.40738,-480.60593,2291.0798,215.47728,-288.07233,2164.0845,492.01984,-944.9035,2114.8513,430.17023,322.82898,2144.116,845.7741,-1134.9995,2093.8335,751.7291,630.1706,2168.3613,1200.782,-1395.9225,2086.6035,1049.9258,543.99603,2121.2144,1302.7179,-1558.289,2010.3,1146.5372,564.80707,2071.7812,1273.7849,-1566.6152,1993.9722,1085.4211,459.82727,2083.815,1233.9087,-1397.734,2015.7385,1079.097,500.80777,1511.8041,857.6014,-418.4975,1488.3014,780.9676,418.56668,1090.0675,1042.4355,-37.938293,1107.1864,977.4702,815.3007,653.81464,1235.5829,352.1922,709.0368,1196.4442,1333.4484,579.433,1326.092,371.98596,654.2177,1260.6241,1367.5671,515.7837,1069.1726,47.22736,586.0244,1045.9946,1158.627
IMG_5373.JPG,2757.8665,77.593475,46.0453,2813.7947,104.04927,-44.368885,2815.6797,113.40579,-44.588108,2817.945,123.89333,-44.780273,2815.733,99.53759,97.76983,2818.2046,104.81709,98.07827,2821.2092,111.03973,98.06645,2807.7454,200.91927,-288.96094,2809.1157,184.01448,341.70572,2714.0247,107.76669,-33.54982,2711.8389,102.94587,151.13727,2622.705,384.09708,-550.8643,2521.8425,323.27,609.0712,2609.8196,742.2077,-710.6498,2491.9995,670.69666,836.72516,2642.0093,1107.291,-1022.96375,2458.4783,934.7211,646.86615,2612.5166,1185.5996,-1163.4382,2425.3188,972.04724,641.1672,2549.258,1159.0884,-1160.6458,2424.8452,993.974,541.8138,2558.8105,1130.1927,-1021.24677,2441.324,979.59314,599.20886,1972.1783,692.55774,-370.74765,1920.5049,630.07184,371.12848,1482.8691,918.74207,-466.48947,1477.1016,850.8794,130.24463,939.15924,1140.4777,-484.79968,973.6962,1088.5803,162.72804,869.55566,1237.8474,-504.04462,912.5345,1169.2588,148.81717,738.13776,987.87024,-853.01843,776.5116,944.5576,-76.27823
IMG_6039.JPG,2692.6128,82.86837,-517.4468,2740.9834,49.447083,-622.5062,2750.1526,54.10888,-622.6845,2759.632,58.762947,-622.9818,2735.2393,43.397343,-471.18155,2739.614,43.37191,-470.96912,2744.8625,43.196358,-470.81155,2825.1423,101.8715,-888.679,2808.6045,78.182915,-206.99556,2699.635,132.2221,-599.1738,2693.7507,124.19015,-400.37903,2838.4448,372.34634,-1051.2612,2777.522,281.3145,141.88445,2799.7178,728.0637,-1277.6052,2721.0461,606.0187,517.474,2837.9194,1120.8539,-1609.6167,2786.8262,936.1257,271.1945,2807.1938,1196.622,-1814.3079,2742.544,941.2543,236.65118,2769.1445,1190.3362,-1821.4412,2726.784,927.9187,105.60329,2777.1575,1163.5287,-1619.092,2716.879,911.0751,208.1506,2223.2515,812.8762,-420.63766,2253.7368,675.6342,420.90463,1731.5985,910.2372,-299.57138,1949.2876,480.8682,1054.5547,1202.2638,1109.9968,-32.599216,1731.8712,698.0094,1884.3347,1168.1328,1200.8604,-15.994815,1696.1499,773.5971,1962.5343,958.1033,1019.26636,-306.5408,1489.2192,738.72296,1980.1807
IMG_6040.JPG,2716.2297,-10.883841,-427.63498,2759.012,-31.087029,-520.2958,2763.9158,-23.707176,-520.5767,2770.5168,-15.090033,-521.0086,2764.2803,-33.80402,-398.63113,2772.296,-29.11921,-398.30777,2781.4592,-23.066755,-398.4344,2833.5671,64.8334,-724.3068,2830.4404,49.4721,-185.34515,2706.058,52.987537,-481.28314,2706.3967,51.960846,-323.92535,2759.8,338.95663,-904.6871,2702.7551,278.19366,169.8001,2760.9324,689.9338,-990.31616,2718.565,619.59204,374.38632,2743.4604,1125.2147,-1158.8069,2712.5244,998.28125,166.58133,2671.0513,1203.9163,-1303.9025,2629.857,1113.7714,112.83817,2631.2502,1187.1635,-1333.7443,2624.495,1101.2172,25.75301,2651.1013,1157.6722,-1168.1062,2632.2725,1073.5916,119.9299,2095.1934,698.11633,-372.99487,2093.2485,636.91895,372.1535,1585.5681,834.0442,-66.077675,1644.108,782.45825,855.15326,1070.4392,1003.04114,258.136,1201.579,956.2465,1475.9142,1024.2493,1109.5114,268.78485,1185.8097,1020.1746,1521.8533,847.44574,878.0143,-95.27909,1011.23755,793.7977,1328.3943
IMG_6041.JPG,2548.7512,134.69786,-973.42,2595.473,112.267395,-1076.2295,2599.515,116.95551,-1076.357,2603.6758,121.85452,-1077.1638,2600.7847,111.23374,-956.8354,2609.018,114.71047,-956.7799,2617.8105,118.72253,-956.97174,2650.04,200.96465,-1371.9006,2681.7686,198.72856,-841.63904,2546.5884,202.87386,-1064.2413,2549.6948,203.58899,-909.3972,2445.406,535.1175,-1473.1461,2724.5989,522.0779,-575.9586,2399.0208,1003.2999,-1601.0034,2713.6226,907.72217,-361.93057,2347.87,1501.1998,-1770.4331,2737.2522,1299.5878,-408.71274,2272.3245,1554.2787,-1988.4233,2696.7478,1330.6154,-466.77222,2245.184,1524.1357,-2017.4331,2657.4973,1322.3475,-561.0774,2273.4055,1505.8344,-1797.3898,2676.666,1315.4135,-455.00113,2002.2059,929.4025,-333.22192,2190.335,908.3433,332.71677,1505.5897,949.97534,390.87244,2003.3645,847.85114,1386.7859,1061.4755,1061.932,1257.4763,1835.3019,1049.1638,2373.1895,998.1441,1135.0841,1335.3856,1816.8763,1120.7634,2466.6953,916.34143,918.6854,1123.2512,1727.16,973.02466,2413.715
IMG_6043.JPG,1646.3853,501.93063,-3173.909,1667.3752,400.0347,-3120.8833,1690.5464,369.55765,-3121.2954,1711.9463,352.63562,-3121.8594,1596.4199,424.91208,-3133.6702,1569.2299,427.41373,-3134.2883,1540.6504,410.8316,-3134.7178,1739.7067,305.0473,-2534.2056,1490.7377,380.73346,-2594.8186,1685.4802,547.57806,-2929.9478,1613.4883,562.1543,-2947.605,1983.2017,587.73663,-2051.958,1262.5538,628.9823,-2115.1177,2050.0051,1131.7025,-2112.5564,1215.4695,1159.4463,-2151.763,2094.9514,1610.1073,-2557.2664,1235.1853,1659.6973,-2492.3777,2174.0752,1669.9617,-2833.1755,1158.1292,1694.3097,-2763.9834,2125.2224,1672.3751,-2950.5955,1181.7792,1694.7097,-2888.1504,2082.9985,1657.9414,-2634.5977,1231.5139,1691.3083,-2571.5215,1810.7344,1075.6445,-18.248108,1457.4594,1115.3125,17.005175,1807.9956,1034.8248,1663.5393,1486.4073,1147.1276,1552.6835,1883.523,952.7369,3480.0203,1466.0127,980.45807,3505.3052,1869.2732,925.5836,3661.3428,1477.7528,933.30927,3705.2378,1930.4758,1030.0505,3427.6255,1447.9309,1073.3429,3493.3284
IMG_6045.JPG,2008.0105,410.7316,-1213.9382,2053.2798,393.7782,-1334.452,2055.8079,399.78952,-1334.6897,2058.4763,405.89053,-1335.8649,2055.8406,386.06888,-1225.0299,2060.4421,386.71603,-1225.297,2066.7246,388.23355,-1225.46,2092.0432,475.01807,-1630.0658,2124.525,471.46194,-1135.6318,1986.73,465.4286,-1290.9628,1986.6885,457.09732,-1147.2456,1926.476,714.9369,-1568.1473,2171.1726,695.41345,-933.25525,1839.946,1120.2826,-1667.2744,2245.6318,1001.7032,-648.65137,1783.6504,1427.6848,-1775.4165,2251.8884,1271.6353,-509.07074,1720.2152,1480.0687,-1969.5276,2249.0723,1299.2893,-565.6767,1710.7959,1458.7529,-2026.1628,2195.1985,1278.5228,-607.3877,1740.8676,1441.0057,-1817.1996,2186.4087,1270.2686,-531.35486,1518.8684,942.03235,-247.04787,1728.8602,953.8213,246.37871,1257.1068,1005.12,741.3752,1762.8134,944.91693,1376.3572,1116.6156,1106.2678,1944.1232,1838.8422,1126.1531,2477.9424,1131.4594,1193.43,2068.6907,1855.2861,1189.7646,2595.3506,1001.66,1048.8542,2011.5205,1821.5693,1059.4342,2656.6333
IMG_6048.JPG,1317.545,385.52435,-1572.8206,1292.2504,335.46683,-1612.6257,1291.5583,332.80637,-1612.8741,1290.8174,330.12112,-1613.2833,1297.0001,336.5271,-1582.7583,1300.2864,334.12015,-1583.2544,1303.695,331.7335,-1584.2875,1309.5392,336.35602,-1589.9319,1332.0085,335.04068,-1470.1112,1347.948,415.06595,-1542.3038,1350.4292,417.51846,-1508.0709,1442.4691,543.0205,-1378.265,1459.933,541.522,-1234.2101,1586.2678,1067.0972,-1219.5482,1425.5103,1033.7046,-1266.9924,1865.6257,1476.6486,-1089.7051,1358.8466,1511.3728,-1350.5101,1814.4977,1440.3069,-1180.6643,1295.7571,1601.449,-1469.1871,1791.517,1446.339,-1230.8306,1325.271,1613.535,-1527.3911,1776.7528,1426.4513,-1114.1208,1353.5216,1587.8369,-1397.1445,1696.8396,894.05725,-11.808294,1697.6354,921.386,10.500538,1901.7578,861.0937,1092.4529,1737.6481,888.53876,1174.0634,2085.7078,871.987,2421.5317,1769.4064,906.0062,2469.4324,2117.1099,868.05743,2549.758,1784.4796,901.53687,2601.458,2163.928,914.34283,2445.4243,1760.4711,972.2628,2513.2788
IMG_6050.JPG,751.5227,-76.25664,-360.9338,663.5537,-90.62128,-290.0207,657.52826,-81.354385,-290.7763,677.99536,-108.76217,-290.7691,658.60846,-74.035965,-494.05585,650.57697,-57.330334,-494.37656,640.88983,-37.9145,-495.17535,613.25323,44.637997,65.15457,595.92126,73.90042,-858.5904,801.53503,13.043024,-209.3063,794.8654,21.849113,-477.55606,957.86426,309.98065,458.0376,713.08044,482.24432,-1150.4226,1138.8406,740.40796,653.59924,851.6535,1007.72876,-1547.9948,1105.68,1125.9218,493.74173,901.3694,1577.0131,-1930.8159,1147.4498,1214.0372,467.44812,1004.482,1658.9296,-2134.9412,1133.9573,1200.139,371.37717,1049.6763,1629.7899,-2159.8342,1121.15,1170.95,437.7864,1020.5955,1591.0686,-1954.9739,1889.0496,802.8306,475.96802,1870.2002,893.8208,-475.44614,2591.6267,1039.4257,699.92,2641.5728,1068.4847,-192.29333,3167.4976,1255.1266,1233.452,3261.24,1284.683,296.37616,3257.0408,1349.0144,1252.9325,3309.0671,1375.9443,317.8489,3339.8997,1055.2402,944.5775,3450.982,1030.004,-153.03336
IMG_6052.JPG,1460.9926,323.67725,284.54266,1438.8994,305.42374,352.4074,1439.7994,305.84238,352.14053,1440.3531,306.5954,352.2229,1425.7738,311.17303,281.45996,1416.954,315.96817,281.32883,1406.8691,320.8819,281.2061,1413.6249,335.93646,624.5797,1370.7317,351.2419,291.79004,1470.3052,359.3286,386.42035,1456.8184,363.78806,288.16376,1510.5145,495.32394,744.8269,1349.4125,511.65323,109.010544,1556.1423,715.9194,753.2204,1329.9956,723.5284,-156.23428,1586.91,924.6531,545.4077,1330.6606,991.66144,-442.01117,1595.7222,956.9821,504.3122,1297.676,1036.1962,-528.1683,1583.9827,956.9201,456.03278,1335.4247,1033.583,-534.44934,1570.9441,955.02026,513.99994,1353.5297,1021.2773,-449.7618,1811.3301,720.0743,244.51854,1736.0662,757.6,-244.36119,2153.4036,823.2132,-437.3267,2119.322,826.56116,-741.31067,2576.704,981.4539,-852.2023,2578.8992,999.0217,-1181.7245,2608.1714,1053.13,-907.6347,2623.3845,1080.0013,-1229.2524,2787.5415,878.453,-1212.4757,2786.469,901.90155,-1528.7546
IMG_6054.JPG,2526.7776,155.44913,178.6238,2579.9744,120.91251,148.49908,2593.6824,124.226616,148.04668,2608.5972,127.51274,147.75063,2560.4297,116.28724,272.83743,2559.9072,116.38696,273.12268,2560.5342,116.43016,273.17627,2682.2202,169.86864,95.88907,2623.3723,154.4301,654.0377,2542.3132,211.31651,158.03824,2521.8965,201.22374,321.23087,2739.263,411.67883,-177.87604,2545.271,392.45947,857.84283,2791.9478,775.80743,-508.71344,2505.749,715.62305,929.7572,2715.7537,1197.5093,-839.7277,2445.6523,1021.0645,613.8322,2699.6519,1281.6604,-994.98895,2416.126,1077.4658,546.7919,2625.278,1268.8661,-973.28656,2393.5107,1069.8502,451.92728,2626.5068,1237.6492,-831.9251,2416.2942,1060.3363,558.7808,2131.0044,870.34033,-339.30356,2044.1708,785.2257,339.45316,1548.8058,946.85,-763.8307,1573.0889,847.1203,-42.758495,943.5443,1174.9822,-1126.2448,1024.5974,1067.9857,-419.67154,861.66833,1280.8899,-1168.5654,925.17175,1185.4956,-469.132,776.69006,963.2827,-1489.554,871.29004,874.36914,-705.76984
IMG_6055.JPG,2310.9873,74.72453,-37.156155,2367.1133,39.56078,-112.44816,2378.6418,44.14616,-112.82967,2392.5232,49.60475,-113.08295,2355.1516,34.047016,36.333916,2357.1157,34.603764,36.72083,2360.806,35.246662,36.751297,2464.3223,103.13057,-305.1209,2428.4412,81.96212,355.97928,2315.0613,134.36995,-100.69152,2302.525,126.07931,92.419495,2481.8516,367.24875,-571.4926,2344.7708,326.91336,681.17505,2533.8147,761.9033,-842.44995,2345.4683,688.874,862.7635,2494.215,1229.3611,-1193.5056,2299.1672,1020.2051,499.24683,2474.941,1320.7014,-1379.9832,2257.945,1046.1296,462.88226,2387.2754,1292.4784,-1361.0741,2233.3994,1048.4691,324.1657,2393.2546,1256.2792,-1186.6991,2253.0547,1046.1448,429.2865,1897.415,869.7409,-398.6303,1826.5919,773.18524,398.81195,1283.7059,1009.7177,-645.8375,1337.8785,899.31696,251.73323,665.59,1249.0618,-797.8553,801.51764,1133.4785,185.77255,570.2724,1344.5292,-830.5666,715.95233,1226.475,165.95103,494.62024,1037.8959,-1183.9407,645.152,951.8085,-59.408035
IMG_6056.JPG,2108.862,64.78772,-375.57397,2174.5498,39.385406,-505.82605,2182.3508,42.508614,-506.19595,2191.6614,47.769527,-507.15225,2175.122,46.28593,-375.06955,2185.0154,54.192436,-374.71747,2198.4797,64.36304,-374.8428,2246.5935,112.019325,-847.23926,2266.8657,125.30889,-256.0105,2125.059,132.05345,-469.13437,2126.0586,136.12328,-297.40436,2161.2173,354.3801,-1100.424,2256.4883,428.32336,48.10715,2208.3228,885.5667,-1272.364,2281.778,833.01276,37.676464,2091.9583,1454.4877,-1414.8552,2275.0085,1228.2325,-408.0198,2034.2568,1547.818,-1625.3881,2276.2766,1276.4302,-511.03207,1974.9346,1507.0103,-1667.4872,2259.4587,1272.4735,-604.53656,1992.3413,1477.1947,-1437.0609,2245.839,1257.9452,-465.6671,1519.223,856.0885,-489.8811,1668.7985,912.5605,489.08954,924.80164,1099.8525,-297.18982,1413.839,908.79486,1567.0757,368.46982,1315.2263,98.10304,1131.4369,1101.6886,2646.6267,311.25656,1390.7883,121.11815,1089.4781,1188.6041,2743.1943,215.461,1099.8512,-249.34534,1005.29376,945.4148,2666.1267
IMG_6057.JPG,2336.7769,-32.3887,-380.3795,2348.3057,-71.73965,-531.02905,2336.8818,-70.834335,-531.1559,2324.7637,-66.987564,-531.9639,2394.8545,-58.644634,-419.09705,2409.475,-52.132446,-419.02225,2432.2896,-36.451855,-419.4836,2327.2957,-11.79098,-1058.9633,2471.5374,37.81454,-559.6189,2300.7937,31.945131,-551.36084,2351.1895,41.594925,-406.62357,2109.653,337.62555,-1281.838,2502.6426,385.90436,-486.01495,2082.42,916.5558,-1300.3921,2615.6504,783.1956,-415.9367,1957.1592,1496.6724,-1266.2245,2607.245,1223.9767,-610.8192,1877.3093,1566.2208,-1446.0747,2605.5767,1259.6646,-706.5919,1849.068,1530.4083,-1476.5945,2533.644,1256.9114,-775.93,1886.8203,1509.3707,-1287.603,2531.7776,1246.9376,-658.3862,1744.7234,876.28754,-335.8783,1957.6797,905.06586,333.79776,1287.0938,965.7172,776.90906,1773.6549,867.11847,1495.0197,909.37494,1086.7638,1801.1937,1608.7179,969.8199,2729.9473,881.64026,1104.7751,1895.2318,1594.4838,1024.3295,2855.848,817.7365,926.4832,1744.5271,1506.8676,845.085,2936.2688
IMG_6058.JPG,2184.4082,128.53052,-1078.5317,2177.7793,53.923237,-1177.2349,2162.1575,65.51972,-1177.3563,2146.0525,75.10514,-1178.044,2234.0999,28.419014,-1116.3464,2251.103,27.302452,-1116.3347,2250.3342,69.60985,-1116.827,2151.9443,121.631004,-1497.398,2329.4844,110.129456,-1230.4924,2151.003,196.21262,-1175.4863,2218.111,190.25717,-1097.459,1980.2773,478.999,-1538.7527,2465.1653,466.38684,-1175.5687,1900.1589,1112.0447,-1489.0452,2771.8835,1010.41034,-1343.0492,1822.0741,1608.0653,-1349.1493,2856.277,1470.3214,-1517.6826,1773.5786,1642.0189,-1510.6514,2815.157,1633.7635,-1680.5743,1765.9602,1640.7683,-1514.7015,2779.0928,1507.3522,-1702.1926,1812.8171,1633.2341,-1358.388,2786.1274,1495.6063,-1548.126,2105.038,994.73486,-190.4789,2312.1416,1025.5729,189.35063,1924.0142,1027.7904,1220.4813,2221.6526,1032.8392,1595.0917,1686.5835,1055.1864,2678.4998,2055.4302,1039.5161,3067.7126,1647.087,1115.2853,2814.9807,2034.7863,1074.0186,3214.9436,1600.759,1053.2477,2752.655,1998.3016,980.721,3209.8872
IMG_6060.JPG,1588.595,439.48718,168.3373,1617.224,409.36047,49.167683,1620.1005,410.93134,49.05054,1622.8341,412.3757,48.5497,1625.0696,407.7586,138.14594,1633.8765,407.94055,138.17067,1643.6887,407.6842,137.68315,1663.6918,443.0865,-417.52646,1702.5779,437.7037,-17.674105,1599.1343,490.68082,10.327032,1605.1599,489.22513,127.51389,1563.3997,660.9591,-677.5176,1912.1605,677.03815,-58.108765,1487.2827,1030.9071,-752.76917,1969.7312,979.3742,-114.87511,1451.8694,1389.131,-670.7655,2021.0221,1234.9966,-213.1078,1431.968,1427.811,-756.67035,2040.6638,1264.8451,-252.63493,1426.2467,1420.8342,-761.5355,2022.508,1266.6683,-279.3577,1436.9393,1405.618,-678.0762,2010.105,1257.2046,-238.39502,1393.8346,1136.7986,-241.0731,1570.6287,1158.6854,239.33987,1075.4213,1113.3206,456.80078,1235.3596,1084.9575,1035.7625,734.56256,1233.9727,1026.3684,1128.1904,1256.9688,1512.7035,693.4193,1263.3082,1089.6816,1112.7032,1319.683,1564.5239,562.68414,1122.3975,1089.8116,1021.6152,1191.5073,1591.6722
IMG_6061.JPG,1934.1396,312.9158,-320.40143,1961.9736,273.7389,-448.49057,1962.7351,275.54532,-448.36475,1963.6782,277.6557,-448.84735,1972.457,275.09592,-353.08194,1981.4901,277.65198,-352.976,1993.0474,280.31302,-353.5151,2007.6547,320.18903,-883.118,2068.8755,323.19937,-456.09613,1935.786,372.8276,-457.76364,1942.4943,376.47617,-333.4287,1891.3793,555.8206,-1075.202,2262.029,582.7827,-400.41605,1723.3846,968.71094,-1122.9922,2306.1155,932.7866,-417.51825,1631.1976,1349.3397,-1022.8959,2363.593,1216.1656,-629.1548,1587.3475,1379.4335,-1155.0338,2371.5493,1249.734,-711.4479,1582.8959,1363.6989,-1158.6865,2356.5625,1247.5359,-756.77747,1607.7437,1349.3552,-1030.9543,2348.2883,1236.4653,-665.29724,1747.4543,978.3794,-290.1355,1900.4631,1021.9921,288.16876,1434.459,876.435,644.1326,1556.8912,973.2026,1260.8474,1106.5996,1023.29443,1617.4427,1255.5995,1117.711,2194.4224,1044.79,1072.8951,1715.8231,1219.0527,1172.841,2286.5679,965.041,905.38464,1678.6835,1142.7098,1035.5186,2210.4185
IMG_6062.JPG,1977.5518,178.48962,-1337.5812,1965.5499,140.91937,-1447.9879,1949.4341,138.6066,-1448.2843,1933.2522,136.69525,-1448.9075,2018.0957,152.32521,-1424.8273,2037.2181,158.06746,-1424.9792,2056.7097,164.32791,-1425.448,1872.9375,182.09286,-1687.5264,2085.7092,222.13823,-1588.369,1944.0026,224.83781,-1386.8289,1998.4812,236.25562,-1358.5696,1656.0967,416.84988,-1565.1992,2227.2622,503.92404,-1453.4011,1549.99,829.42126,-1297.4623,2316.4626,907.7984,-1294.8025,1427.2491,1129.0358,-953.3872,2396.4456,1243.9532,-1152.4458,1397.4086,1186.1123,-1076.0449,2297.4473,1331.4974,-1288.6097,1377.7079,1180.8546,-1104.8877,2389.9568,1267.6324,-1334.2388,1412.0142,1169.2279,-966.46497,2363.1633,1263.1184,-1176.6931,1741.0698,843.911,-135.59093,1973.7303,897.0562,135.72646,1635.9009,758.4582,1109.4833,1965.3044,834.9182,1430.0258,1647.2676,814.91986,2621.9958,1913.2577,824.4433,2963.2322,1660.4553,857.7003,2782.827,1912.4021,856.55524,3126.973,1629.2579,726.9065,2830.9739,1859.5616,731.44995,3197.7754
IMG_6063.JPG,1920.1471,138.45222,-2337.6416,1945.2039,49.780186,-2304.8252,1965.9613,45.382748,-2305.324,1986.4862,41.16546,-2306.2432,1901.646,16.504114,-2304.1873,1873.7355,28.170174,-2304.4165,1842.3896,54.433132,-2304.7285,2019.4784,65.59862,-1947.3301,1787.8097,61.939377,-1949.8547,1957.1583,187.37709,-2186.376,1887.1796,193.50848,-2187.6292,2199.1775,305.35107,-1640.6823,1586.4475,317.12494,-1712.9401,2290.7007,813.28174,-1809.4558,1494.3185,751.9031,-1965.6768,2459.8992,1365.2821,-2182.0405,1615.3817,1273.0339,-2254.101,2550.549,1404.7156,-2372.899,1575.4327,1335.4418,-2449.9714,2544.346,1407.2811,-2467.0833,1452.9543,1198.3367,-2496.2458,2491.017,1403.9224,-2244.8552,1457.2291,1196.8934,-2299.6025,2107.4792,828.4656,-0.29780278,1911.4921,887.993,-1.2860655,2443.6067,859.9992,1321.896,2166.9893,932.053,1175.7174,2602.0808,772.7846,2800.4949,2295.117,839.83453,2868.9272,2578.9583,777.17334,2943.8237,2320.052,811.50323,3043.626,2716.8406,824.0076,2740.8088,2319.8208,926.09344,2899.394
IMG_6064.JPG,1728.1483,285.8482,1168.9971,1683.728,256.12616,1093.2645,1673.1912,256.0075,1092.8683,1656.3196,282.84573,1092.5815,1728.0806,264.4974,1137.4832,1730.445,259.52603,1137.4402,1733.1171,254.204,1136.2493,1681.8789,260.54526,693.03467,1732.2717,217.844,906.1226,1726.006,276.4651,1024.1606,1736.9329,275.71048,1084.8771,1702.1543,228.3212,275.07037,1797.5704,244.52724,640.16724,1730.34,720.0964,172.80348,1855.811,734.4617,577.7209,1665.513,1046.8164,86.518295,1985.5564,1212.465,477.2446,1783.0088,1218.5839,-16.416079,1982.3776,1309.5481,441.18472,1783.2072,1206.1938,16.015247,2014.41,1346.8916,374.41614,1795.6422,1168.2709,89.74276,2024.1997,1299.1351,441.87814,2190.6624,485.60825,47.37505,2182.2993,519.6064,-49.13745,2650.1223,655.6117,7.023196,2247.9434,707.057,-14.500971,2871.0334,922.19446,530.4404,2308.4485,1116.5283,330.57272,2883.0098,949.49756,576.2636,2313.6113,1153.9143,363.2551,3049.169,998.8356,371.15363,2392.6162,1311.499,183.87157
IMG_6065.JPG,1792.1685,333.67487,-409.49304,1721.3585,299.627,-300.78384,1720.0945,301.44696,-301.68518,1717.8453,304.087,-302.33597,1703.046,312.2742,-478.43228,1688.6145,323.46613,-478.7161,1673.1593,335.6886,-479.24414,1666.983,382.87842,143.46877,1599.1226,429.59943,-646.6,1815.0981,405.27124,-242.79997,1795.7607,421.30157,-471.40637,1834.7303,751.5463,565.55475,1623.1871,782.32983,-974.60364,2164.5142,1050.914,701.5597,1731.6158,1475.3867,-1271.1942,2420.657,1237.496,402.54227,1741.1376,2151.738,-1453.9713,2503.1196,1301.6526,370.12915,1688.8364,2317.7515,-1617.6454,2458.6091,1278.851,237.46011,1764.3273,2317.299,-1714.42,2431.6016,1274.505,321.67822,1805.6082,2260.8125,-1508.8755,2473.877,1376.403,503.19937,2398.9226,1540.9807,-502.81055,3204.3704,1183.5508,578.05084,3226.8196,1258.2194,-518.6395,3507.707,1434.148,1167.0713,3687.015,1545.5068,83.743996,3509.5603,1513.1936,1203.2126,3693.4502,1655.2128,136.54936,3748.091,1405.6107,1018.1723,3998.262,1445.4463,-117.41869
Purvottanasana-Upward-facing-plank-yoga-pose-292x292.jpg,256.844,156.43765,-20.682415,258.6726,161.04028,-29.894823,258.25266,161.66805,-29.946077,257.82388,162.34294,-30.00221,258.90463,160.99956,-12.84769,258.64835,161.56923,-12.826434,258.3832,162.21742,-12.796759,251.83258,167.65161,-53.047264,252.77444,167.49104,24.489195,251.57068,155.84082,-27.959787,251.5521,155.50035,-5.6031637,227.96324,172.47815,-88.186134,223.45483,170.93701,59.4279,230.54472,212.79167,-131.25937,226.2929,204.79735,72.93048,224.24707,242.12505,-170.33134,220.48953,235.67442,38.680164,219.05667,247.0284,-190.80481,214.45856,241.72263,34.201405,217.3568,245.35268,-187.37546,213.80254,241.81348,23.884537,218.50839,243.4608,-169.41608,215.22697,240.08731,32.938046,147.95001,193.50656,-56.909866,149.06117,192.2594,56.92698,95.310585,216.61748,-31.113567,97.77765,215.17068,82.52765,46.438896,241.75558,5.256647,53.093678,239.37555,132.25414,42.369442,247.5826,7.5999513,49.986816,244.4642,135.05536,22.531511,242.88899,-35.91234,34.835575,239.57806,104.35015
Reverse-Plank-Pose-e1521348415665.jpg,952.7985,100.6966,10.360494,975.9161,107.800735,-22.662224,977.4682,110.812454,-22.736732,979.33954,114.27443,-22.790071,974.93134,106.92768,28.465504,975.6453,109.03109,28.498192,976.8164,111.44569,28.431412,977.45905,142.90746,-110.43586,974.4003,138.18506,113.16855,937.45294,114.11394,-17.788143,935.1603,112.3939,47.568012,913.11664,219.10666,-214.1717,865.2189,199.93819,220.50082,901.87714,368.58664,-271.0455,841.45935,329.68112,317.4664,887.7303,521.6278,-414.51392,804.29395,430.68643,244.27504,853.0823,545.84406,-475.68912,784.3663,440.73413,229.924,842.92303,539.6085,-483.74313,782.2156,445.0976,188.19164,853.4833,527.5964,-418.13397,790.8013,443.64603,223.93788,622.0094,318.53433,-144.0216,604.82916,296.173,143.84877,392.99005,387.47168,-101.390915,393.19485,377.09378,131.23505,191.13368,485.37454,-63.31131,215.38132,467.77,206.79395,172.3736,515.39716,-65.50985,196.3643,497.35736,205.40451,83.204666,463.70517,-198.37337,114.12192,445.0667,103.01951
Reverse-Plank-Upward-Facing-Plank_Andrew-Clark_1.jpg,402.26962,244.97623,2.3075686,384.7143,247.97792,17.325935,383.64737,249.38185,17.213373,382.48798,250.80504,17.293705,384.48923,248.47208,-33.29654,383.23712,250.19919,-33.348385,381.72125,252.23763,-33.39779,380.02246,271.217,92.38189,378.4414,274.0332,-134.82994,412.8548,255.243,34.018692,412.8394,256.72073,-31.637087,440.62396,337.42926,168.33939,425.7132,344.12122,-217.70305,435.35016,463.2536,163.51793,425.35788,466.3719,-288.8443,427.50385,568.7386,71.0982,413.92444,579.711,-316.85358,445.23505,580.668,46.012367,424.2855,598.9283,-365.20767,449.61935,581.82837,18.68926,434.67557,594.3412,-366.45215,444.65506,576.77936,52.216,431.8742,587.20416,-319.0647,633.99225,421.29013,139.71419,625.3118,428.0658,-139.70424,788.9159,489.85016,118.73752,787.47644,488.7398,-114.00573,941.99524,558.82245,172.36423,946.887,561.2007,-70.778595,968.3371,584.21436,168.33478,971.85297,586.01776,-77.061584,974.72156,498.39725,66.8503,983.32837,499.61072,-214.61937
Reverse-Plank_Exercise.jpg,387.17206,21.742598,123.6721,394.7273,22.753038,123.89862,395.797,23.78939,123.85457,396.93292,24.874285,123.81573,392.84222,21.97542,140.99968,392.60782,22.401966,141.0486,392.43198,22.805878,141.08652,399.3607,34.05663,125.5088,392.76343,30.367441,202.74501,385.26627,27.530901,123.30559,382.88617,26.193813,145.58716,394.84387,64.79105,74.14118,360.3668,57.3345,213.29286,389.0495,114.28027,21.960865,346.31564,106.87184,220.62874,379.5484,166.34016,-56.6436,319.82785,149.4354,184.27434,377.04034,175.65196,-75.746506,313.1448,157.99086,172.37512,372.05322,173.9083,-79.62843,313.54947,158.47447,161.21036,371.9131,170.53511,-59.093395,316.101,156.65784,177.15721,312.3477,98.90107,-50.719753,287.98007,88.616646,50.64621,229.79764,136.04973,-142.43495,211.09613,118.972534,-63.00413,142.52672,178.20496,-219.83784,132.12682,171.45436,-133.47972,134.30666,194.3259,-227.80788,124.573105,189.18492,-143.71535,89.59519,168.2398,-282.83154,90.582115,162.77238,-193.58673
ReversePlank_annotated-2f173b9a31294ce6b5ca25ff751a5744.jpg,1161.9854,538.1015,-24.893063,1184.0626,540.7698,-63.018955,1186.3561,543.36597,-63.08618,1188.8112,545.7713,-63.133583,1183.4412,539.6614,-11.577966,1185.2106,541.3582,-11.55851,1187.2567,543.0362,-11.607616,1195.5663,573.34796,-160.06699,1192.0359,568.0974,66.47955,1151.5211,555.3081,-54.763573,1150.4008,553.76196,11.446181,1132.5211,671.19727,-230.27579,1101.6522,643.61633,160.20108,1122.6703,805.7061,-284.92914,1096.1229,773.47284,227.29442,1115.1228,944.5331,-408.84528,1065.44,872.9602,146.21269,1089.8291,963.9977,-467.2722,1056.7339,879.0022,127.79328,1079.5757,958.4458,-470.50778,1054.9204,877.2434,93.85625,1086.3345,947.71625,-411.64243,1058.6615,877.3062,128.21399,855.78516,734.27466,-134.47247,846.9357,715.88965,134.26755,642.03644,791.2329,-116.09985,647.29504,786.06226,128.52542,447.108,883.06976,-68.799614,472.938,868.20844,199.62785,423.8607,912.455,-71.630226,450.96222,895.4235,197.81825,353.10272,879.49097,-195.51395,385.28708,825.4677,100.31152
Screenshot 2023-02-19 225356 copy 2.png,274.34616,355.18646,-70.64336,281.11935,351.29453,-94.221855,281.4565,351.7598,-94.25176,281.7776,352.21246,-94.40345,282.6159,351.28745,-75.114525,283.90594,351.67612,-75.13082,285.267,352.04816,-75.18099,286.52237,360.17813,-167.73431,293.24283,360.51678,-82.46535,272.86307,365.3768,-93.373276,274.0694,365.20566,-68.66083,258.94873,407.61642,-192.48314,302.78833,412.70883,-61.56716,246.42401,479.65024,-195.73645,314.15533,477.46387,-34.911194,237.89249,542.9999,-196.7001,303.97156,515.5735,-40.16889,230.36491,556.03296,-222.25133,296.19763,519.69165,-49.163704,229.72256,551.37646,-224.57408,291.31888,519.43805,-63.745197,234.84583,545.9289,-199.39937,293.38998,518.3211,-47.574947,181.49783,477.1371,-55.585106,223.10973,482.4339,55.38407,116.23259,478.73138,117.168686,232.23192,468.756,204.61433,55.060066,499.12088,280.18903,238.21758,486.11227,343.6173,47.804707,506.11267,297.5705,237.04996,494.93927,359.245,33.507927,472.8831,292.05032,237.60214,467.92368,378.86227
Screenshot 2023-02-19 225356 copy 3.png,274.34616,355.18646,-70.64336,281.11935,351.29453,-94.221855,281.4565,351.7598,-94.25176,281.7776,352.21246,-94.40345,282.6159,351.28745,-75.114525,283.90594,351.67612,-75.13082,285.267,352.04816,-75.18099,286.52237,360.17813,-167.73431,293.24283,360.51678,-82.46535,272.86307,365.3768,-93.373276,274.0694,365.20566,-68.66083,258.94873,407.61642,-192.48314,302.78833,412.70883,-61.56716,246.42401,479.65024,-195.73645,314.15533,477.46387,-34.911194,237.89249,542.9999,-196.7001,303.97156,515.5735,-40.16889,230.36491,556.03296,-222.25133,296.19763,519.69165,-49.163704,229.72256,551.37646,-224.57408,291.31888,519.43805,-63.745197,234.84583,545.9289,-199.39937,293.38998,518.3211,-47.574947,181.49783,477.1371,-55.585106,223.10973,482.4339,55.38407,116.23259,478.73138,117.168686,232.23192,468.756,204.61433,55.060066,499.12088,280.18903,238.21758,486.11227,343.6173,47.804707,506.11267,297.5705,237.04996,494.93927,359.245,33.507927,472.8831,292.05032,237.60214,467.92368,378.86227
Screenshot 2023-02-19 225356 copy 4.png,274.34616,355.18646,-70.64336,281.11935,351.29453,-94.221855,281.4565,351.7598,-94.25176,281.7776,352.21246,-94.40345,282.6159,351.28745,-75.114525,283.90594,351.67612,-75.13082,285.267,352.04816,-75.18099,286.52237,360.17813,-167.73431,293.24283,360.51678,-82.46535,272.86307,365.3768,-93.373276,274.0694,365.20566,-68.66083,258.94873,407.61642,-192.48314,302.78833,412.70883,-61.56716,246.42401,479.65024,-195.73645,314.15533,477.46387,-34.911194,237.89249,542.9999,-196.7001,303.97156,515.5735,-40.16889,230.36491,556.03296,-222.25133,296.19763,519.69165,-49.163704,229.72256,551.37646,-224.57408,291.31888,519.43805,-63.745197,234.84583,545.9289,-199.39937,293.38998,518.3211,-47.574947,181.49783,477.1371,-55.585106,223.10973,482.4339,55.38407,116.23259,478.73138,117.168686,232.23192,468.756,204.61433,55.060066,499.12088,280.18903,238.21758,486.11227,343.6173,47.804707,506.11267,297.5705,237.04996,494.93927,359.245,33.507927,472.8831,292.05032,237.60214,467.92368,378.86227
Screenshot 2023-02-19 225356 copy 5.png,274.34616,355.18646,-70.64336,281.11935,351.29453,-94.221855,281.4565,351.7598,-94.25176,281.7776,352.21246,-94.40345,282.6159,351.28745,-75.114525,283.90594,351.67612,-75.13082,285.267,352.04816,-75.18099,286.52237,360.17813,-167.73431,293.24283,360.51678,-82.46535,272.86307,365.3768,-93.373276,274.0694,365.20566,-68.66083,258.94873,407.61642,-192.48314,302.78833,412.70883,-61.56716,246.42401,479.65024,-195.73645,314.15533,477.46387,-34.911194,237.89249,542.9999,-196.7001,303.97156,515.5735,-40.16889,230.36491,556.03296,-222.25133,296.19763,519.69165,-49.163704,229.72256,551.37646,-224.57408,291.31888,519.43805,-63.745197,234.84583,545.9289,-199.39937,293.38998,518.3211,-47.574947,181.49783,477.1371,-55.585106,223.10973,482.4339,55.38407,116.23259,478.73138,117.168686,232.23192,468.756,204.61433,55.060066,499.12088,280.18903,238.21758,486.11227,343.6173,47.804707,506.11267,297.5705,237.04996,494.93927,359.245,33.507927,472.8831,292.05032,237.60214,467.92368,378.86227
Screenshot 2023-02-19 225356 copy 6.png,274.34616,355.18646,-70.64336,281.11935,351.29453,-94.221855,281.4565,351.7598,-94.25176,281.7776,352.21246,-94.40345,282.6159,351.28745,-75.114525,283.90594,351.67612,-75.13082,285.267,352.04816,-75.18099,286.52237,360.17813,-167.73431,293.24283,360.51678,-82.46535,272.86307,365.3768,-93.373276,274.0694,365.20566,-68.66083,258.94873,407.61642,-192.48314,302.78833,412.70883,-61.56716,246.42401,479.65024,-195.73645,314.15533,477.46387,-34.911194,237.89249,542.9999,-196.7001,303.97156,515.5735,-40.16889,230.36491,556.03296,-222.25133,296.19763,519.69165,-49.163704,229.72256,551.37646,-224.57408,291.31888,519.43805,-63.745197,234.84583,545.9289,-199.39937,293.38998,518.3211,-47.574947,181.49783,477.1371,-55.585106,223.10973,482.4339,55.38407,116.23259,478.73138,117.168686,232.23192,468.756,204.61433,55.060066,499.12088,280.18903,238.21758,486.11227,343.6173,47.804707,506.11267,297.5705,237.04996,494.93927,359.245,33.507927,472.8831,292.05032,237.60214,467.92368,378.86227
Screenshot 2023-02-19 225356 copy.png,274.34616,355.18646,-70.64336,281.11935,351.29453,-94.221855,281.4565,351.7598,-94.25176,281.7776,352.21246,-94.40345,282.6159,351.28745,-75.114525,283.90594,351.67612,-75.13082,285.267,352.04816,-75.18099,286.52237,360.17813,-167.73431,293.24283,360.51678,-82.46535,272.86307,365.3768,-93.373276,274.0694,365.20566,-68.66083,258.94873,407.61642,-192.48314,302.78833,412.70883,-61.56716,246.42401,479.65024,-195.73645,314.15533,477.46387,-34.911194,237.89249,542.9999,-196.7001,303.97156,515.5735,-40.16889,230.36491,556.03296,-222.25133,296.19763,519.69165,-49.163704,229.72256,551.37646,-224.57408,291.31888,519.43805,-63.745197,234.84583,545.9289,-199.39937,293.38998,518.3211,-47.574947,181.49783,477.1371,-55.585106,223.10973,482.4339,55.38407,116.23259,478.73138,117.168686,232.23192,468.756,204.61433,55.060066,499.12088,280.18903,238.21758,486.11227,343.6173,47.804707,506.11267,297.5705,237.04996,494.93927,359.245,33.507927,472.8831,292.05032,237.60214,467.92368,378.86227
Screenshot 2023-02-19 225356.png,274.34616,355.18646,-70.64336,281.11935,351.29453,-94.221855,281.4565,351.7598,-94.25176,281.7776,352.21246,-94.40345,282.6159,351.28745,-75.114525,283.90594,351.67612,-75.13082,285.267,352.04816,-75.18099,286.52237,360.17813,-167.73431,293.24283,360.51678,-82.46535,272.86307,365.3768,-93.373276,274.0694,365.20566,-68.66083,258.94873,407.61642,-192.48314,302.78833,412.70883,-61.56716,246.42401,479.65024,-195.73645,314.15533,477.46387,-34.911194,237.89249,542.9999,-196.7001,303.97156,515.5735,-40.16889,230.36491,556.03296,-222.25133,296.19763,519.69165,-49.163704,229.72256,551.37646,-224.57408,291.31888,519.43805,-63.745197,234.84583,545.9289,-199.39937,293.38998,518.3211,-47.574947,181.49783,477.1371,-55.585106,223.10973,482.4339,55.38407,116.23259,478.73138,117.168686,232.23192,468.756,204.61433,55.060066,499.12088,280.18903,238.21758,486.11227,343.6173,47.804707,506.11267,297.5705,237.04996,494.93927,359.245,33.507927,472.8831,292.05032,237.60214,467.92368,378.86227
Screenshot 2023-02-19 225455 copy 2.png,279.99084,292.4751,7.4365478,287.46463,289.9597,-4.7809563,288.55118,290.76138,-4.815363,289.73196,291.61832,-4.824214,286.55405,289.05133,15.053041,286.892,289.1598,15.077109,287.29996,289.2465,15.062549,295.40958,298.80978,-33.813072,292.53622,295.90182,54.750996,278.40488,300.21606,-1.1638758,277.41345,299.16037,24.704887,287.59888,328.23898,-70.40586,279.9601,326.34634,100.10353,286.19357,377.09595,-116.24401,272.47665,371.9651,127.414925,281.49884,426.21283,-153.02629,258.33768,408.60263,76.07544,279.84766,430.47638,-175.75485,256.8972,414.5393,73.755325,275.68643,429.22232,-168.56627,255.45296,414.62265,55.323853,275.23676,427.47446,-150.13644,256.16733,413.05066,67.323715,206.26393,383.76758,-55.034252,207.68034,378.65515,55.048748,134.14235,390.74435,-87.453674,137.42717,389.56577,10.464631,57.5307,404.98944,-95.17955,62.703335,402.1293,5.4100866,48.31675,416.11435,-98.489044,53.43371,412.53436,2.697046,30.51074,387.9326,-144.23914,34.83156,385.27554,-35.943707
Screenshot 2023-02-19 225455 copy 3.png,279.99084,292.4751,7.4365478,287.46463,289.9597,-4.7809563,288.55118,290.76138,-4.815363,289.73196,291.61832,-4.824214,286.55405,289.05133,15.053041,286.892,289.1598,15.077109,287.29996,289.2465,15.062549,295.40958,298.80978,-33.813072,292.53622,295.90182,54.750996,278.40488,300.21606,-1.1638758,277.41345,299.16037,24.704887,287.59888,328.23898,-70.40586,279.9601,326.34634,100.10353,286.19357,377.09595,-116.24401,272.47665,371.9651,127.414925,281.49884,426.21283,-153.02629,258.33768,408.60263,76.07544,279.84766,430.47638,-175.75485,256.8972,414.5393,73.755325,275.68643,429.22232,-168.56627,255.45296,414.62265,55.323853,275.23676,427.47446,-150.13644,256.16733,413.05066,67.323715,206.26393,383.76758,-55.034252,207.68034,378.65515,55.048748,134.14235,390.74435,-87.453674,137.42717,389.56577,10.464631,57.5307,404.98944,-95.17955,62.703335,402.1293,5.4100866,48.31675,416.11435,-98.489044,53.43371,412.53436,2.697046,30.51074,387.9326,-144.23914,34.83156,385.27554,-35.943707
Screenshot 2023-02-19 225455 copy 4.png,279.99084,292.4751,7.4365478,287.46463,289.9597,-4.7809563,288.55118,290.76138,-4.815363,289.73196,291.61832,-4.824214,286.55405,289.05133,15.053041,286.892,289.1598,15.077109,287.29996,289.2465,15.062549,295.40958,298.80978,-33.813072,292.53622,295.90182,54.750996,278.40488,300.21606,-1.1638758,277.41345,299.16037,24.704887,287.59888,328.23898,-70.40586,279.9601,326.34634,100.10353,286.19357,377.09595,-116.24401,272.47665,371.9651,127.414925,281.49884,426.21283,-153.02629,258.33768,408.60263,76.07544,279.84766,430.47638,-175.75485,256.8972,414.5393,73.755325,275.68643,429.22232,-168.56627,255.45296,414.62265,55.323853,275.23676,427.47446,-150.13644,256.16733,413.05066,67.323715,206.26393,383.76758,-55.034252,207.68034,378.65515,55.048748,134.14235,390.74435,-87.453674,137.42717,389.56577,10.464631,57.5307,404.98944,-95.17955,62.703335,402.1293,5.4100866,48.31675,416.11435,-98.489044,53.43371,412.53436,2.697046,30.51074,387.9326,-144.23914,34.83156,385.27554,-35.943707
Screenshot 2023-02-19 225455 copy 5.png,279.99084,292.4751,7.4365478,287.46463,289.9597,-4.7809563,288.55118,290.76138,-4.815363,289.73196,291.61832,-4.824214,286.55405,289.05133,15.053041,286.892,289.1598,15.077109,287.29996,289.2465,15.062549,295.40958,298.80978,-33.813072,292.53622,295.90182,54.750996,278.40488,300.21606,-1.1638758,277.41345,299.16037,24.704887,287.59888,328.23898,-70.40586,279.9601,326.34634,100.10353,286.19357,377.09595,-116.24401,272.47665,371.9651,127.414925,281.49884,426.21283,-153.02629,258.33768,408.60263,76.07544,279.84766,430.47638,-175.75485,256.8972,414.5393,73.755325,275.68643,429.22232,-168.56627,255.45296,414.62265,55.323853,275.23676,427.47446,-150.13644,256.16733,413.05066,67.323715,206.26393,383.76758,-55.034252,207.68034,378.65515,55.048748,134.14235,390.74435,-87.453674,137.42717,389.56577,10.464631,57.5307,404.98944,-95.17955,62.703335,402.1293,5.4100866,48.31675,416.11435,-98.489044,53.43371,412.53436,2.697046,30.51074,387.9326,-144.23914,34.83156,385.27554,-35.943707
Screenshot 2023-02-19 225455 copy 6.png,279.99084,292.4751,7.4365478,287.46463,289.9597,-4.7809563,288.55118,290.76138,-4.815363,289.73196,291.61832,-4.824214,286.55405,289.05133,15.053041,286.892,289.1598,15.077109,287.29996,289.2465,15.062549,295.40958,298.80978,-33.813072,292.53622,295.90182,54.750996,278.40488,300.21606,-1.1638758,277.41345,299.16037,24.704887,287.59888,328.23898,-70.40586,279.9601,326.34634,100.10353,286.19357,377.09595,-116.24401,272.47665,371.9651,127.414925,281.49884,426.21283,-153.02629,258.33768,408.60263,76.07544,279.84766,430.47638,-175.75485,256.8972,414.5393,73.755325,275.68643,429.22232,-168.56627,255.45296,414.62265,55.323853,275.23676,427.47446,-150.13644,256.16733,413.05066,67.323715,206.26393,383.76758,-55.034252,207.68034,378.65515,55.048748,134.14235,390.74435,-87.453674,137.42717,389.56577,10.464631,57.5307,404.98944,-95.17955,62.703335,402.1293,5.4100866,48.31675,416.11435,-98.489044,53.43371,412.53436,2.697046,30.51074,387.9326,-144.23914,34.83156,385.27554,-35.943707
Screenshot 2023-02-19 225455 copy.png,279.99084,292.4751,7.4365478,287.46463,289.9597,-4.7809563,288.55118,290.76138,-4.815363,289.73196,291.61832,-4.824214,286.55405,289.05133,15.053041,286.892,289.1598,15.077109,287.29996,289.2465,15.062549,295.40958,298.80978,-33.813072,292.53622,295.90182,54.750996,278.40488,300.21606,-1.1638758,277.41345,299.16037,24.704887,287.59888,328.23898,-70.40586,279.9601,326.34634,100.10353,286.19357,377.09595,-116.24401,272.47665,371.9651,127.414925,281.49884,426.21283,-153.02629,258.33768,408.60263,76.07544,279.84766,430.47638,-175.75485,256.8972,414.5393,73.755325,275.68643,429.22232,-168.56627,255.45296,414.62265,55.323853,275.23676,427.47446,-150.13644,256.16733,413.05066,67.323715,206.26393,383.76758,-55.034252,207.68034,378.65515,55.048748,134.14235,390.74435,-87.453674,137.42717,389.56577,10.464631,57.5307,404.98944,-95.17955,62.703335,402.1293,5.4100866,48.31675,416.11435,-98.489044,53.43371,412.53436,2.697046,30.51074,387.9326,-144.23914,34.83156,385.27554,-35.943707
Screenshot 2023-02-19 225455.png,279.99084,292.4751,7.4365478,287.46463,289.9597,-4.7809563,288.55118,290.76138,-4.815363,289.73196,291.61832,-4.824214,286.55405,289.05133,15.053041,286.892,289.1598,15.077109,287.29996,289.2465,15.062549,295.40958,298.80978,-33.813072,292.53622,295.90182,54.750996,278.40488,300.21606,-1.1638758,277.41345,299.16037,24.704887,287.59888,328.23898,-70.40586,279.9601,326.34634,100.10353,286.19357,377.09595,-116.24401,272.47665,371.9651,127.414925,281.49884,426.21283,-153.02629,258.33768,408.60263,76.07544,279.84766,430.47638,-175.75485,256.8972,414.5393,73.755325,275.68643,429.22232,-168.56627,255.45296,414.62265,55.323853,275.23676,427.47446,-150.13644,256.16733,413.05066,67.323715,206.26393,383.76758,-55.034252,207.68034,378.65515,55.048748,134.14235,390.74435,-87.453674,137.42717,389.56577,10.464631,57.5307,404.98944,-95.17955,62.703335,402.1293,5.4100866,48.31675,416.11435,-98.489044,53.43371,412.53436,2.697046,30.51074,387.9326,-144.23914,34.83156,385.27554,-35.943707
Screenshot 2023-02-19 225523.png,310.1593,250.63362,-16.06475,318.93927,251.54314,-29.895348,319.5958,252.48314,-29.916105,320.32986,253.52551,-29.932072,318.89566,251.65935,-6.9397883,319.52377,252.65721,-6.909306,320.26276,253.73802,-6.9057226,322.48465,264.6096,-67.63154,322.59558,263.9362,34.45416,306.05252,256.37036,-28.877493,305.8856,256.7189,0.9529077,300.8194,294.50958,-118.4362,294.35345,296.88278,89.26061,302.8678,354.16507,-145.97667,292.53723,352.76752,115.833984,295.09705,403.08832,-174.60664,278.4555,392.36075,71.934235,288.141,410.9931,-200.14392,269.68356,396.80606,68.6486,281.38977,408.40527,-193.2879,267.49368,396.42838,49.347507,284.26187,405.666,-171.78847,270.26282,395.46924,62.174248,205.7407,350.84967,-73.20195,205.50029,347.97144,73.13204,127.1226,361.62332,-84.22314,131.52863,359.04578,59.678898,59.1519,406.46454,-56.08481,68.19518,394.3361,112.15558,53.715485,422.3624,-55.572937,63.27428,407.2237,114.239586,17.658773,399.08942,-103.05614,33.619034,387.44177,82.695625
Screenshot 2023-02-19 225543 copy 2.png,305.3553,251.49586,29.467833,313.90842,248.35696,20.800245,315.53696,249.2522,20.770542,317.3486,250.21977,20.753853,311.57254,247.01125,42.07274,311.4971,246.90144,42.14661,311.5201,246.78943,42.180542,325.23367,257.8761,8.416518,316.73114,253.04167,105.550224,304.96326,259.94583,26.738249,302.5478,258.26382,54.913746,319.80008,287.95203,-29.60228,300.05753,285.92096,156.41795,314.89105,341.2598,-91.832565,292.96915,338.06052,186.52097,312.46085,389.90527,-181.98709,277.64044,375.43402,130.63467,308.24918,398.43884,-212.76787,274.90677,381.54474,124.89313,303.59595,397.1936,-207.85686,275.16934,382.30966,105.88295,303.37418,394.22958,-181.32944,276.17355,380.2595,121.38047,223.75925,339.99097,-66.14368,211.57185,335.49582,66.075645,136.6772,357.87793,-100.923615,137.81937,352.53775,35.187103,53.77264,390.33658,-130.96368,63.29336,377.56512,22.981058,42.733345,404.73233,-136.59908,52.446457,392.21848,19.423166,16.341711,371.31177,-202.81445,30.086039,360.489,-25.920862
Screenshot 2023-02-19 225543 copy 3.png,305.3553,251.49586,29.467833,313.90842,248.35696,20.800245,315.53696,249.2522,20.770542,317.3486,250.21977,20.753853,311.57254,247.01125,42.07274,311.4971,246.90144,42.14661,311.5201,246.78943,42.180542,325.23367,257.8761,8.416518,316.73114,253.04167,105.550224,304.96326,259.94583,26.738249,302.5478,258.26382,54.913746,319.80008,287.95203,-29.60228,300.05753,285.92096,156.41795,314.89105,341.2598,-91.832565,292.96915,338.06052,186.52097,312.46085,389.90527,-181.98709,277.64044,375.43402,130.63467,308.24918,398.43884,-212.76787,274.90677,381.54474,124.89313,303.59595,397.1936,-207.85686,275.16934,382.30966,105.88295,303.37418,394.22958,-181.32944,276.17355,380.2595,121.38047,223.75925,339.99097,-66.14368,211.57185,335.49582,66.075645,136.6772,357.87793,-100.923615,137.81937,352.53775,35.187103,53.77264,390.33658,-130.96368,63.29336,377.56512,22.981058,42.733345,404.73233,-136.59908,52.446457,392.21848,19.423166,16.341711,371.31177,-202.81445,30.086039,360.489,-25.920862
Screenshot 2023-02-19 225543 copy 4.png,305.3553,251.49586,29.467833,313.90842,248.35696,20.800245,315.53696,249.2522,20.770542,317.3486,250.21977,20.753853,311.57254,247.01125,42.07274,311.4971,246.90144,42.14661,311.5201,246.78943,42.180542,325.23367,257.8761,8.416518,316.73114,253.04167,105.550224,304.96326,259.94583,26.738249,302.5478,258.26382,54.913746,319.80008,287.95203,-29.60228,300.05753,285.92096,156.41795,314.89105,341.2598,-91.832565,292.96915,338.06052,186.52097,312.46085,389.90527,-181.98709,277.64044,375.43402,130.63467,308.24918,398.43884,-212.76787,274.90677,381.54474,124.89313,303.59595,397.1936,-207.85686,275.16934,382.30966,105.88295,303.37418,394.22958,-181.32944,276.17355,380.2595,121.38047,223.75925,339.99097,-66.14368,211.57185,335.49582,66.075645,136.6772,357.87793,-100.923615,137.81937,352.53775,35.187103,53.77264,390.33658,-130.96368,63.29336,377.56512,22.981058,42.733345,404.73233,-136.59908,52.446457,392.21848,19.423166,16.341711,371.31177,-202.81445,30.086039,360.489,-25.920862
Screenshot 2023-02-19 225543 copy 5.png,305.3553,251.49586,29.467833,313.90842,248.35696,20.800245,315.53696,249.2522,20.770542,317.3486,250.21977,20.753853,311.57254,247.01125,42.07274,311.4971,246.90144,42.14661,311.5201,246.78943,42.180542,325.23367,257.8761,8.416518,316.73114,253.04167,105.550224,304.96326,259.94583,26.738249,302.5478,258.26382,54.913746,319.80008,287.95203,-29.60228,300.05753,285.92096,156.41795,314.89105,341.2598,-91.832565,292.96915,338.06052,186.52097,312.46085,389.90527,-181.98709,277.64044,375.43402,130.63467,308.24918,398.43884,-212.76787,274.90677,381.54474,124.89313,303.59595,397.1936,-207.85686,275.16934,382.30966,105.88295,303.37418,394.22958,-181.32944,276.17355,380.2595,121.38047,223.75925,339.99097,-66.14368,211.57185,335.49582,66.075645,136.6772,357.87793,-100.923615,137.81937,352.53775,35.187103,53.77264,390.33658,-130.96368,63.29336,377.56512,22.981058,42.733345,404.73233,-136.59908,52.446457,392.21848,19.423166,16.341711,371.31177,-202.81445,30.086039,360.489,-25.920862
Screenshot 2023-02-19 225543 copy 6.png,305.3553,251.49586,29.467833,313.90842,248.35696,20.800245,315.53696,249.2522,20.770542,317.3486,250.21977,20.753853,311.57254,247.01125,42.07274,311.4971,246.90144,42.14661,311.5201,246.78943,42.180542,325.23367,257.8761,8.416518,316.73114,253.04167,105.550224,304.96326,259.94583,26.738249,302.5478,258.26382,54.913746,319.80008,287.95203,-29.60228,300.05753,285.92096,156.41795,314.89105,341.2598,-91.832565,292.96915,338.06052,186.52097,312.46085,389.90527,-181.98709,277.64044,375.43402,130.63467,308.24918,398.43884,-212.76787,274.90677,381.54474,124.89313,303.59595,397.1936,-207.85686,275.16934,382.30966,105.88295,303.37418,394.22958,-181.32944,276.17355,380.2595,121.38047,223.75925,339.99097,-66.14368,211.57185,335.49582,66.075645,136.6772,357.87793,-100.923615,137.81937,352.53775,35.187103,53.77264,390.33658,-130.96368,63.29336,377.56512,22.981058,42.733345,404.73233,-136.59908,52.446457,392.21848,19.423166,16.341711,371.31177,-202.81445,30.086039,360.489,-25.920862
Screenshot 2023-02-19 225543 copy.png,305.3553,251.49586,29.467833,313.90842,248.35696,20.800245,315.53696,249.2522,20.770542,317.3486,250.21977,20.753853,311.57254,247.01125,42.07274,311.4971,246.90144,42.14661,311.5201,246.78943,42.180542,325.23367,257.8761,8.416518,316.73114,253.04167,105.550224,304.96326,259.94583,26.738249,302.5478,258.26382,54.913746,319.80008,287.95203,-29.60228,300.05753,285.92096,156.41795,314.89105,341.2598,-91.832565,292.96915,338.06052,186.52097,312.46085,389.90527,-181.98709,277.64044,375.43402,130.63467,308.24918,398.43884,-212.76787,274.90677,381.54474,124.89313,303.59595,397.1936,-207.85686,275.16934,382.30966,105.88295,303.37418,394.22958,-181.32944,276.17355,380.2595,121.38047,223.75925,339.99097,-66.14368,211.57185,335.49582,66.075645,136.6772,357.87793,-100.923615,137.81937,352.53775,35.187103,53.77264,390.33658,-130.96368,63.29336,377.56512,22.981058,42.733345,404.73233,-136.59908,52.446457,392.21848,19.423166,16.341711,371.31177,-202.81445,30.086039,360.489,-25.920862
Screenshot 2023-02-19 225543.png,305.3553,251.49586,29.467833,313.90842,248.35696,20.800245,315.53696,249.2522,20.770542,317.3486,250.21977,20.753853,311.57254,247.01125,42.07274,311.4971,246.90144,42.14661,311.5201,246.78943,42.180542,325.23367,257.8761,8.416518,316.73114,253.04167,105.550224,304.96326,259.94583,26.738249,302.5478,258.26382,54.913746,319.80008,287.95203,-29.60228,300.05753,285.92096,156.41795,314.89105,341.2598,-91.832565,292.96915,338.06052,186.52097,312.46085,389.90527,-181.98709,277.64044,375.43402,130.63467,308.24918,398.43884,-212.76787,274.90677,381.54474,124.89313,303.59595,397.1936,-207.85686,275.16934,382.30966,105.88295,303.37418,394.22958,-181.32944,276.17355,380.2595,121.38047,223.75925,339.99097,-66.14368,211.57185,335.49582,66.075645,136.6772,357.87793,-100.923615,137.81937,352.53775,35.187103,53.77264,390.33658,-130.96368,63.29336,377.56512,22.981058,42.733345,404.73233,-136.59908,52.446457,392.21848,19.423166,16.341711,371.31177,-202.81445,30.086039,360.489,-25.920862
active-young-woman-relaxing-yoga-260nw-2029813544.jpg,307.29214,94.03391,9.966733,308.7067,100.17521,2.0796504,308.358,100.82386,2.0462995,308.03284,101.45174,1.9933407,308.57974,100.36606,17.308275,308.13013,101.10555,17.33238,307.6594,101.869774,17.355938,302.88043,105.75764,-20.638294,301.58032,106.13043,48.06424,301.81915,93.707565,2.5153396,301.83716,93.65632,22.222017,278.6736,110.75579,-44.113636,271.17896,108.68616,58.850864,280.56378,156.2362,-64.804054,269.1959,152.46912,73.04731,286.55893,192.04405,-88.56089,272.49292,186.16714,48.699924,283.73093,198.28331,-100.82017,271.3811,192.66983,40.707874,282.62314,198.9269,-101.227905,272.18866,193.58827,33.84992,283.20166,196.46512,-88.92251,272.83606,191.71616,44.385456,194.51459,117.734146,-43.80385,191.99222,116.13589,43.70708,129.78859,144.92459,-52.661438,134.62654,141.5846,33.297462,79.73173,185.53946,-46.02682,87.63662,178.97774,52.804592,80.598305,195.86963,-45.16643,87.10917,188.80188,52.806145,43.362537,193.32718,-78.24277,61.181686,186.45958,26.48647
article-migration-image-1920x1080_reverse_table_top_ardha_purvottanasana-768x432.jpg,70.78512,69.26571,-20.05476,58.547974,78.22842,-6.2390146,58.346672,79.51052,-6.31538,58.184875,80.944984,-6.2261305,58.401695,79.95468,-45.132805,58.13006,82.30194,-45.198326,57.92965,84.82705,-45.28641,64.325,97.978935,74.981026,64.753944,101.2809,-102.94457,83.37183,72.94596,13.689108,82.606705,75.61895,-37.365623,139.0594,125.066925,139.19846,126.159164,138.54207,-146.75684,146.6448,217.00842,217.85289,121.11436,235.80727,-234.67029,149.0892,296.82187,223.466,129.72607,324.72464,-306.02502,160.93576,309.99994,215.09937,144.95258,335.89642,-341.3932,161.1097,309.98923,189.29065,149.84239,328.1137,-344.5032,157.92711,306.05853,210.33847,146.49403,323.03638,-308.07812,331.92032,166.47684,103.42522,331.22446,173.40582,-103.467316,469.10345,241.14572,98.51021,474.04376,249.8,-82.939835,602.8871,305.09497,192.00142,608.55164,307.2935,-15.44904,606.4121,320.35306,194.69215,616.4121,321.76233,-13.110337,666.552,307.3429,109.86101,683.4964,310.95526,-127.26606
article-migration-image-1920x1080_reverse_table_top_ardha_purvottanasana.jpg,97.65408,94.108284,-27.89165,79.525,108.01653,-8.196551,79.178055,110.13797,-8.30065,79.122955,112.40054,-8.172692,79.88681,109.86905,-62.897186,79.77042,112.97425,-62.9818,79.96771,116.27981,-63.09985,90.34668,136.03651,105.96829,91.26376,139.2903,-143.6004,114.6319,100.161705,19.52661,114.10373,102.8726,-52.073788,192.34143,174.23679,196.8094,177.32666,192.49057,-204.80379,202.7889,307.74933,298.9491,169.10097,333.6514,-330.91177,207.8422,418.89648,296.2494,181.19257,457.04678,-429.3643,222.32864,434.91473,281.9272,200.33466,470.29886,-480.2856,222.66557,435.333,245.58209,208.402,459.30576,-482.8938,219.33997,430.31232,277.36362,204.49231,453.0244,-431.585,462.0006,232.7163,148.91145,462.38522,241.25139,-148.97348,652.7125,336.38135,144.47429,660.20795,347.32193,-120.74131,839.23926,422.1004,280.36984,850.1756,425.29755,-31.72513,844.9613,444.3988,284.71848,862.428,445.6944,-29.347698,925.3498,426.24045,168.19408,951.33325,432.27225,-190.6893
beautiful-girl-background-nature-engaged-yoga-reverse-plank-pose-purvottanasana-beautiful-girl-189956143.jpg,541.68365,134.24002,-2.482179,557.6511,136.26956,-20.871477,558.7946,138.09439,-20.924395,560.0598,139.95796,-20.997902,557.39014,135.68288,8.478644,558.19214,137.05568,8.505159,559.1251,138.4132,8.518429,564.6769,161.05438,-75.63702,562.20825,157.70229,55.007046,534.4097,147.40732,-20.50844,533.8218,146.3056,17.714392,527.37146,227.18463,-114.439644,499.50797,215.97041,84.709694,543.01746,327.3993,-156.1313,515.73694,318.0094,99.71492,553.0283,417.9063,-234.85193,529.13666,400.789,41.051685,562.40326,427.21848,-270.7424,532.88995,413.7607,20.001158,556.2052,436.84537,-275.10095,533.707,413.61426,6.884195,553.6629,426.31354,-238.7208,532.6131,411.2497,31.63742,350.81702,282.48505,-80.77659,340.6401,272.46213,80.55426,217.03505,346.00818,-65.208496,216.12778,338.41248,63.994934,86.311005,403.14664,-23.543362,93.8467,400.89542,119.02635,78.414085,415.87958,-23.906277,85.830284,413.41617,118.067444,26.65329,406.61295,-108.95409,46.914364,399.2317,41.16949
pretty-woman-yoga-pose-reverse-plank-position-isolated-white-studio-background-33579543.jpg,667.04224,123.25141,-4.5828824,685.7057,126.305824,-37.126465,687.0391,128.13426,-37.2368,688.42285,129.87946,-37.37531,685.27795,126.18823,13.350861,686.3224,128.02083,13.372372,687.5243,129.86078,13.360437,690.4958,152.2714,-127.09007,690.33246,150.73695,101.96769,657.6434,135.16289,-32.64391,656.1642,135.1503,33.50663,637.7521,220.2276,-218.67488,626.5802,217.71292,192.2325,638.6451,329.79724,-340.71432,624.4667,336.77362,242.31627,649.40546,435.0009,-466.42398,632.70294,415.4108,169.44867,633.29095,453.60526,-527.549,617.8941,437.1342,156.94963,627.48425,450.6361,-516.98535,615.2345,439.2964,131.5432,634.55634,443.65463,-465.97623,621.5714,431.77533,154.13364,410.95395,267.62292,-148.47282,413.46274,266.54477,148.22609,253.54181,349.68576,-142.22794,257.53668,351.38092,168.84103,119.9579,442.15195,-53.555573,128.9347,437.90015,279.55927,113.57451,461.25998,-48.469955,123.420425,458.23834,283.6446,44.45908,457.23135,-150.7541,58.76632,452.9964,189.14246
reverse-plank-1600x900.jpg,1254.1862,256.116,50.65031,1288.3735,256.4366,5.685331,1290.9763,259.81433,5.555978,1293.9146,263.3676,5.438808,1287.972,255.98077,72.21919,1289.9977,258.9947,72.29897,1292.4255,262.2133,72.31488,1306.0632,305.79333,-128.53412,1300.4122,298.71103,169.25583,1239.065,283.13077,6.705986,1237.5499,282.38153,93.579216,1249.0039,434.56873,-230.06075,1208.0488,424.95593,245.04428,1243.8136,628.1723,-316.15326,1206.3749,614.80084,315.91647,1233.2095,802.70087,-478.94794,1186.9604,761.5131,184.46408,1206.0244,828.2931,-554.00946,1162.4332,781.41266,154.59123,1187.5922,815.9353,-546.3888,1155.7219,783.37195,104.394684,1193.9344,806.2875,-478.19028,1163.3405,777.3073,157.2193,883.38116,538.6317,-184.10635,867.85956,530.5897,183.8032,594.61786,643.51825,-172.4278,597.71106,631.4468,153.91632,322.04047,752.35144,-137.97684,350.7194,731.3459,238.52591,292.92096,800.06757,-144.83078,324.64136,771.5704,236.0892,188.87668,718.8777,-312.57495,247.48412,680.83057,106.94418
reverse-plank-370x207.jpg,288.34076,60.352905,11.114665,295.84323,59.80025,0.14369334,296.43903,60.54091,0.119411014,297.0949,61.3316,0.095461145,295.86798,59.613308,16.408052,296.40527,60.21992,16.435228,296.99945,60.880955,16.445105,300.57535,71.090225,-31.99112,299.37698,69.3491,40.88334,285.14798,66.278244,0.671023,284.86908,66.08647,21.922289,287.59726,99.76569,-58.356968,278.17917,97.41435,62.420906,284.77734,144.58218,-79.6368,277.0797,141.999,80.931145,283.6105,186.37183,-116.62536,271.82266,176.64392,51.081875,275.77805,192.09587,-135.29079,265.3272,181.86453,45.41696,271.59442,189.95401,-132.71118,263.44022,182.27318,32.406025,274.0343,187.64034,-116.06703,265.39337,180.71431,44.362328,203.49469,125.427704,-45.19737,201.12154,123.78311,45.140953,136.86037,148.29753,-40.544724,137.71596,146.6069,39.553474,75.90804,173.22887,-29.035374,81.35415,169.18571,62.627064,69.79848,184.12825,-29.96187,75.62678,177.76231,62.302147,41.62163,167.56744,-66.61097,54.473335,159.29906,30.375818
reverse-plank-purvottanasana-4.jpg,52.84659,62.864487,15.123156,46.228516,60.091133,20.177284,45.792957,60.56574,20.129137,45.183056,61.122845,20.155733,45.13955,60.53827,1.4737257,44.023785,61.327454,1.4618083,42.686874,62.28696,1.4724928,39.95193,69.33141,51.532627,37.234478,71.190254,-34.69212,55.000046,70.01104,28.675035,53.50387,70.6516,3.841954,62.53726,101.647896,67.31104,52.991608,110.80292,-51.774113,60.188534,151.08276,81.9529,51.193436,165.91924,-78.54512,68.89161,195.23776,74.667274,54.313103,214.87532,-103.063774,73.72034,203.9638,65.07902,62.164326,226.57532,-115.41508,74.10569,204.58517,55.12374,65.35436,223.48048,-116.72734,72.64159,201.67798,68.66043,64.89046,218.69339,-103.73486,160.48706,123.18466,42.2327,156.6561,131.93623,-42.194653,234.35565,159.14233,31.878242,237.57532,163.63234,-37.890106,299.45828,194.64468,57.17514,305.12097,199.39522,-26.831873,302.648,204.15842,57.093372,309.81116,209.71356,-27.50802,330.95447,195.27391,25.343155,343.20468,198.26505,-76.32545
reverse-plank-purvottanasana-5.jpg,10.928371,88.37889,-15.382481,8.357334,94.79999,-6.161349,9.006214,95.23729,-6.1783657,9.632917,95.68673,-6.1007943,8.058043,95.67415,-23.938072,8.37082,96.678535,-23.965117,8.68862,97.70876,-23.97747,17.571033,100.99053,42.942978,16.304548,102.66608,-39.856922,19.68087,86.96205,3.2434433,19.508457,88.16457,-20.50152,60.34036,102.574585,66.8023,47.978325,106.09793,-57.12559,64.284584,152.97792,88.07365,54.36418,160.85504,-104.19087,69.8002,191.51088,75.154106,55.249687,207.39137,-173.35422,76.43086,199.1146,66.381226,63.781853,218.30846,-192.34947,75.35995,199.31076,56.084522,65.85397,214.7532,-195.51044,73.37086,196.83546,69.48976,64.246956,210.63419,-175.65479,161.7326,114.32712,50.940933,158.25098,118.303215,-51.039917,237.50429,151.26132,37.00197,243.04163,151.90327,-57.918537,307.7195,187.58905,65.232056,312.35825,190.97984,-42.414707,312.2961,196.2835,64.79168,316.34015,199.3573,-41.296806,337.4638,189.55162,18.38198,345.50433,192.06801,-95.56465
reverse-plank.jpg,1253.8934,257.08682,53.00293,1288.2738,256.30646,6.5962315,1290.9874,259.65952,6.468961,1294.0677,263.14255,6.3574886,1288.0657,255.90913,74.95211,1290.3209,258.9395,75.03387,1292.9637,262.0772,75.04323,1306.9352,305.31784,-132.24751,1300.9576,297.72702,174.25475,1239.0798,284.42667,7.530949,1237.9415,283.78693,96.87064,1250.2495,436.0124,-237.93938,1208.6874,422.74982,252.85818,1241.4275,628.39825,-331.92886,1205.7386,614.549,326.123,1229.9106,802.7978,-496.45566,1184.7775,760.74347,193.6491,1199.654,828.3536,-572.3969,1161.5913,780.8823,166.11183,1181.2257,815.356,-562.36444,1155.333,782.8085,114.01407,1187.6617,805.49603,-494.84042,1162.3203,776.6672,165.87546,884.78986,538.8937,-189.27435,869.6669,528.37256,188.99397,595.5271,644.9437,-171.75432,599.7816,630.079,161.93091,325.50098,750.3072,-131.09193,356.65884,731.0801,252.84813,301.23306,794.71045,-137.11774,327.56906,769.13184,251.03714,193.60938,718.58307,-305.06924,249.90997,687.76794,120.571266
screen-shot-2019-06-06-at-11-20-59-am-1559834854.jpg,323.2531,159.0956,22.366213,306.14728,149.2123,34.863216,304.7289,149.44868,34.79683,302.89972,149.85133,34.921173,302.72495,151.26828,-15.929699,298.9816,152.95296,-15.988704,295.0604,154.82668,-16.019087,288.05255,166.88577,119.23505,280.23508,173.4375,-114.079124,328.7806,174.75787,58.807354,324.57132,176.72255,-8.837886,325.14288,225.9418,187.17361,299.52805,269.22345,-184.54991,336.98874,346.19937,233.73343,307.88245,396.9734,-349.62347,349.79633,428.78632,195.0911,316.48193,514.8543,-514.85913,365.23804,440.47928,178.8338,333.389,543.7707,-565.2504,370.11066,441.51324,146.78683,350.4213,527.09937,-557.11163,367.1643,437.59326,177.56621,348.7531,509.71796,-514.07556,559.6847,294.93588,137.29048,545.6072,325.21692,-137.2248,731.8685,364.89774,118.1885,732.60297,391.29666,-144.96368,899.2172,440.66724,181.70522,914.29456,480.77075,-129.04655,908.65375,467.4909,179.73459,927.85767,508.81638,-134.1873,970.77185,406.3763,100.1719,1010.77747,444.25052,-266.52954
shutterstock_96513673.jpg,43.745632,155.9589,-17.761026,39.739483,167.78398,-1.5430479,40.577496,169.06517,-1.5887343,41.422962,170.42442,-1.4854193,40.566605,168.35596,-37.40059,41.985138,169.97134,-37.44354,43.391903,171.65994,-37.503036,54.3574,180.26912,76.572296,56.020958,180.3981,-89.05239,55.487072,153.32579,12.69751,56.90437,154.15472,-34.710617,120.725334,189.37538,115.92255,110.284904,189.4774,-123.92116,129.1229,269.67255,118.95383,115.94312,275.76016,-192.4824,130.69215,349.51776,64.94468,126.39557,369.09326,-290.21387,122.15722,360.2869,44.751923,114.5792,376.8604,-326.12335,118.89076,359.88992,28.58893,115.38689,375.7731,-329.00876,123.359314,356.94785,54.025116,121.00316,372.87137,-293.78125,283.15442,221.6274,89.584526,282.71277,223.89589,-89.63251,397.8933,291.89398,65.08856,398.88196,291.84277,-93.802734,503.14966,356.89148,120.62014,503.9805,360.01373,-53.743958,507.11185,368.58963,120.85324,506.984,370.49274,-50.916534,557.03125,366.32892,47.738323,566.94763,370.5252,-140.81374
upward-plank-pose-1.jpg,266.74335,303.83496,62.734783,257.09537,321.3075,81.7866,258.07056,323.58493,81.724686,258.8401,325.86542,81.90241,257.0022,321.52322,35.737625,257.89642,323.9864,35.639217,258.6369,326.67175,35.584953,275.2842,347.02518,181.50906,275.3289,347.65515,-31.62037,288.131,307.04523,104.77091,286.43137,306.90976,43.86747,375.6257,399.59048,226.04851,351.0971,372.8757,-89.061325,371.53903,538.8818,243.69923,338.54736,525.1922,-194.87032,373.659,662.1156,198.3352,338.11148,671.85175,-310.91635,387.00455,679.0899,170.78098,353.2814,695.98883,-352.3735,386.0393,678.24414,145.2175,361.02133,692.9336,-349.4485,384.8456,673.77203,183.3457,360.94376,685.19183,-309.9936,680.76746,397.4317,140.65958,665.5468,399.62674,-141.12758,878.91986,503.8999,91.037476,872.4959,500.18173,-171.44603,1063.4172,656.03046,151.89171,1069.1786,666.93005,-139.17976,1061.7281,702.0888,150.35007,1065.544,708.0252,-133.04999,1178.8799,687.53784,25.2995,1202.6163,698.35913,-264.85498
upward-plank-pose.jpg,141.55452,307.23254,72.216225,129.93471,327.85513,98.923065,131.06981,331.5681,98.89503,131.95792,334.5208,99.1791,129.95071,327.487,33.408173,131.31314,329.9608,33.293785,132.16325,333.7871,33.123127,153.91473,357.03137,224.84955,153.15526,352.6509,-75.95871,165.24266,305.08856,123.74191,163.9508,306.12375,37.70796,278.2243,402.61554,292.42978,245.35074,365.1157,-184.10199,278.13635,557.46375,368.00565,236.31866,539.24506,-383.6639,275.53534,703.7911,361.458,232.85403,710.63074,-621.3551,293.84903,723.86005,346.52856,257.7903,734.45715,-695.60394,297.6697,723.94,299.5515,269.14578,731.1664,-687.34644,295.1887,717.2762,338.4199,266.14874,722.17957,-621.79456,637.7613,396.8243,200.89197,631.3863,388.4619,-201.36713,875.6989,534.3215,151.47147,871.38324,523.2495,-199.68088,1077.8707,688.70135,282.93893,1084.8849,687.4506,-140.33835,1081.8947,723.0814,285.56012,1088.0884,721.6426,-132.57617,1211.345,713.218,128.17479,1226.6754,723.09375,-303.07843
wellness-couple-asian-young-women-doing-breathing-exercise-yoga-reverse-plank-pose-mat-stretching-strong-shoulder-together-yoga-250759872.jpg,213.4989,194.24408,-30.580885,225.55669,192.11064,-16.567554,225.52553,192.91888,-16.704655,224.22003,194.31363,-16.655388,190.31522,204.98866,-48.99846,207.42412,204.06537,-49.041702,201.91795,207.44814,-49.037,200.50847,220.31448,56.468987,199.16179,225.40283,-91.89509,242.38687,192.02832,-1.7558684,240.15698,193.38315,-44.38228,291.91003,251.39922,91.71554,280.52908,257.36835,-115.095314,295.53064,334.26834,104.60408,258.42322,345.93002,-145.18845,291.29,414.02106,85.75452,284.5223,436.1851,-162.59474,291.95834,428.2092,68.20631,287.29462,447.89166,-186.31444,287.6532,428.97214,56.176315,258.56018,471.95407,-194.91504,288.05133,425.86084,76.93656,292.899,441.23752,-167.11163,459.89548,294.28976,79.54379,458.48508,300.16937,-79.444405,580.4129,359.85507,94.90684,590.26495,372.2875,-61.563324,673.92566,413.74463,175.26128,701.6254,426.67142,-14.402639,681.66187,424.33487,178.50832,706.2869,435.08383,-12.805541,726.7885,419.91333,121.68977,758.3531,429.83685,-101.76597
woman-sportswear-does-yoga-performs-260nw-2203192243.jpg,86.61486,90.80308,7.392741,81.4907,94.189606,13.597309,81.58977,94.653755,13.572638,81.70655,95.23983,13.614928,81.603325,94.65886,-3.5596976,81.761246,95.39835,-3.5824208,81.91845,96.29958,-3.6063766,84.91541,101.987206,46.945053,85.191345,102.55016,-31.40834,92.63181,92.4645,21.19416,92.906784,93.280205,-1.2982135,114.762085,114.355606,79.14455,109.50379,115.13425,-59.75039,120.7638,152.53772,96.14193,113.4245,153.75133,-96.410675,124.363304,189.80344,79.68254,120.34767,193.29372,-132.53426,131.34998,195.50482,73.59045,125.59284,200.55775,-150.24298,131.43689,195.90762,60.135277,127.16487,199.9736,-149.42767,128.95004,193.88046,72.43808,125.705956,197.50833,-132.92554,189.38707,132.9887,54.789856,189.45312,133.25948,-54.812443,246.49919,159.5228,38.52315,248.80922,157.07307,-60.434258,299.8961,189.22856,69.106476,303.35336,189.73492,-43.56277,301.56964,194.9633,69.12825,305.1618,195.5054,-42.897816,328.88168,191.40749,33.75929,337.92395,193.04666,-88.337036
woman-sportswear-does-yoga-performs-kumbhakasana-exercise-reverse-plank-pose-trains-room-mat-near-wall-woman-256475191.jpg,174.17932,185.397,0.7349638,165.64569,193.22572,13.3449955,165.93472,194.24226,13.285949,166.28847,195.35954,13.368408,165.60478,194.56078,-19.73102,165.89609,196.33878,-19.78073,166.20183,198.27692,-19.85045,174.60938,208.79233,79.611595,174.34921,211.91202,-70.99948,186.56853,187.63405,27.853104,186.13167,189.4111,-15.336394,235.62376,232.13956,134.22998,223.6805,239.63039,-116.175064,245.57805,313.33475,158.67358,235.80304,324.9385,-166.75996,258.27374,389.63876,113.88938,245.6989,406.57095,-216.97874,268.86276,401.28293,96.16953,251.61989,425.10257,-247.32158,268.2391,402.8101,73.44366,256.1551,421.50793,-251.34094,265.2511,399.30164,100.64718,255.54869,414.6935,-219.41275,388.1999,271.15244,98.65618,386.9472,276.5529,-98.67462,503.63675,325.9823,67.27354,508.0411,321.4123,-108.63597,614.2434,390.99307,125.28064,620.8461,391.40088,-72.899124,617.24994,405.5259,125.26493,625.23486,405.49857,-72.09639,671.93134,395.3854,56.15002,683.5714,398.83563,-162.95029
yoga-young-woman-upward-plank-pose-300x199.jpg,30.100376,55.134342,-8.2901535,27.858799,58.774403,-1.8501018,28.296679,59.235416,-1.8761938,28.753656,59.736713,-1.8340404,27.706423,59.253258,-15.8608265,27.954975,60.017193,-15.878155,28.243893,60.826077,-15.88113,34.234535,65.2563,32.84467,33.07592,65.922676,-31.910147,35.438328,55.30403,5.212879,35.260677,56.045326,-13.418906,64.73761,72.881836,51.090813,55.181034,75.1395,-47.09267,66.296814,117.32045,59.844376,59.085686,121.560356,-81.34907,73.194595,145.52002,38.69432,59.240906,161.59175,-127.26085,78.194084,150.89561,29.59865,65.66193,167.36438,-143.54807,78.4954,150.2989,18.090376,68.92658,164.33466,-141.94637,76.856285,148.73012,32.564137,67.89031,161.73582,-127.69041,140.3172,94.97514,41.257607,136.70775,98.91944,-41.29189,195.76198,122.615204,38.45043,196.4733,126.00624,-36.95989,246.77307,148.48997,76.68404,250.46779,152.66554,-17.629995,248.52187,153.0933,78.54878,254.91089,157.39227,-16.89008,271.12396,151.43956,50.73847,281.92914,156.39027,-60.305042
