FLIPPED IMG_4569.JPG,2138.1511,902.32043,-1343.4819,2186.2002,893.4821,-1269.1892,2189.7969,896.8676,-1269.5164,2193.208,899.53143,-1269.9764,2174.5461,864.75635,-1352.1447,2169.4822,846.6864,-1352.5266,2164.8518,827.0123,-1352.8341,2172.2847,840.5328,-892.1686,2145.4146,752.714,-1259.3575,2088.2036,900.35046,-1198.7754,2081.3748,860.3346,-1305.326,1949.3279,866.8349,-493.0857,1838.1976,605.8485,-1333.5483,1606.5522,884.05945,-341.2541,1461.923,674.80615,-1413.4694,1302.5778,924.89844,-424.58572,1196.5692,796.9845,-1384.8578,1223.89,971.45844,-470.91223,1109.4309,822.4995,-1514.6965,1205.8339,955.8965,-553.1363,1119.5593,870.2915,-1560.1094,1248.7921,924.91125,-463.3628,1167.9247,856.8864,-1403.9316,1518.8352,741.16956,254.99954,1450.665,543.2501,-255.36227,1596.4429,1070.0109,-260.8554,1285.0189,706.6509,-1251.6896,1289.2537,875.9176,612.04205,991.62415,495.10947,-297.4212,1270.6107,834.99347,696.5556,955.80426,441.56354,-196.97801,1153.028,960.7319,617.15845,788.5529,582.0548,-343.00232
FLIPPED IMG_4570.JPG,2495.846,1665.1248,-1560.7145,2576.4211,1653.0452,-1477.649,2579.6284,1657.5328,-1477.927,2582.9932,1662.1896,-1478.591,2567.7476,1619.6821,-1579.7711,2562.433,1592.255,-1580.2261,2552.1902,1547.374,-1580.4949,2525.2068,1620.9677,-1063.7955,2491.1572,1413.1506,-1515.441,2403.0596,1661.4476,-1403.8723,2400.899,1614.1976,-1533.9967,2219.8618,1577.5835,-644.3871,2126.4146,1181.4672,-1578.599,1806.3011,1520.1599,-353.10406,1618.7974,1138.5343,-1486.1549,1456.0989,1473.2277,-323.1482,1227.801,1235.3843,-1379.195,1377.7628,1496.2582,-349.12305,1121.6205,1193.1743,-1517.4612,1354.23,1458.3229,-453.81778,1104.9514,1244.298,-1577.6062,1383.98,1435.171,-366.77118,1145.7262,1262.5957,-1406.5116,1666.0879,1268.848,288.26254,1619.8047,1007.60956,-287.8039,1842.998,1740.4093,80.12059,1273.1024,1136.7992,-975.76575,1479.36,1443.329,997.29065,1114.4103,915.3472,448.12927,1449.3225,1356.7546,1090.0209,1109.8707,859.0884,604.5698,1296.4542,1501.2555,1175.3529,870.9277,1036.2783,669.649
FLIPPED IMG_4573.JPG,2191.3562,826.2562,-2851.0205,2255.556,875.1498,-2812.6614,2262.1306,901.834,-2812.501,2268.794,925.58716,-2813.0215,2251.142,780.26605,-2786.966,2255.2568,756.9069,-2787.588,2259.685,737.80914,-2788.0835,2278.3223,993.6458,-2366.5527,2263.4417,717.66754,-2249.053,2138.0078,887.5468,-2667.646,2131.092,788.77985,-2634.71,1967.5502,1217.6184,-1975.0177,1978.811,590.5076,-1866.992,1476.8219,1227.6653,-2120.2002,1491.6376,665.66797,-1915.3551,1088.968,1213.8881,-2336.8088,1082.7515,720.01306,-2153.1516,976.6455,1243.7452,-2500.5613,958.18207,699.5228,-2309.2563,970.11804,1197.3414,-2562.9197,963.7333,739.84344,-2392.3638,997.6309,1182.4004,-2363.4885,1010.3522,749.0816,-2195.0964,1543.4437,1093.4961,-20.351183,1520.6912,793.23834,18.800846,1321.6653,1524.3547,-1378.1217,1278.2488,376.45215,-1154.999,1189.3673,1319.741,542.7152,1194.5598,651.4118,634.86523,1204.3307,1281.4324,731.16833,1187.9794,703.73785,813.192,951.35175,1438.1931,522.65173,991.08606,521.2043,682.2129
FLIPPED IMG_4574.JPG,2211.5642,910.82623,-2017.1959,2273.9402,924.5345,-1939.4598,2277.5847,940.7847,-1939.4319,2280.9087,955.1062,-1939.675,2264.312,860.31506,-1976.6357,2261.802,827.95044,-1977.1703,2259.3887,798.75995,-1977.2502,2265.5664,951.4625,-1483.2058,2235.9246,730.6481,-1651.2429,2159.089,932.92755,-1842.3231,2148.2366,868.4975,-1889.9198,2022.3461,1014.9297,-1085.6099,1908.6649,541.67584,-1512.5123,1603.7709,1019.3748,-896.1101,1443.7875,627.4524,-1511.2036,1289.8756,1068.4918,-988.72375,1059.0088,741.2755,-1621.4894,1206.2991,1122.0417,-1051.4076,952.1944,730.51764,-1768.268,1155.6442,1081.6973,-1146.6285,947.8315,777.23157,-1825.8887,1197.9299,1054.695,-1028.3164,980.0819,791.98346,-1648.8702,1536.3546,860.20636,113.05786,1511.0398,585.87897,-113.37029,1580.4321,1259.0049,-774.4577,1159.7188,462.06885,-1328.7825,1366.3337,968.8257,411.89377,1044.0886,437.15204,185.82999,1336.7325,899.89734,529.7881,1035.962,435.4192,336.6048,1197.4774,1071.0222,490.70752,789.62213,416.2426,235.06078
FLIPPED IMG_4575.JPG,2010.2568,994.61316,-3504.7014,2086.4124,1043.7499,-3417.4302,2093.8872,1074.8987,-3417.5928,2099.7642,1099.81,-3418.1282,2081.2349,936.4073,-3452.6443,2085.3428,894.7716,-3453.4238,2088.5024,863.65924,-3453.969,2094.393,1123.986,-2744.1396,2077.0469,790.09595,-2905.7578,1944.7644,1037.6744,-3232.8066,1935.5347,927.4628,-3279.778,1829.9514,1238.4609,-2167.0298,1765.0328,604.1816,-2443.856,1312.1127,1207.8099,-2135.99,1247.4285,666.03284,-2528.9756,936.2057,1151.8259,-2431.4153,844.13525,767.8141,-2882.3193,827.63446,1204.5835,-2609.7212,728.40546,734.46954,-3130.157,818.885,1099.7587,-2717.1006,726.62006,793.0135,-3203.1143,847.11914,1074.3967,-2476.5515,770.9562,825.4746,-2921.946,1352.9592,1061.7305,31.618893,1342.7985,747.06696,-32.3275,1187.6075,1504.8752,-1223.805,956.35345,388.83362,-1184.338,1071.6064,1088.2208,645.851,1034.159,658.52924,1002.3675,1088.9335,1004.73517,838.6864,1072.0939,729.0864,1225.9146,878.65234,1108.7655,616.84265,901.46674,645.9747,1080.6815
FLIPPED IMG_4576.JPG,2544.204,1221.6045,-1058.6854,2727.9912,1270.7017,-994.2683,2742.0784,1278.9429,-994.8614,2749.8838,1283.092,-995.48615,2596.9878,1150.0417,-1126.7594,2592.0051,1126.2638,-1127.2954,2505.043,1052.0264,-1127.6954,2588.3862,1136.6943,-647.7224,2431.9841,941.4158,-1233.3827,2479.1707,1217.8358,-917.9836,2468.1191,1158.0477,-1087.8156,2332.7017,1074.7671,-175.08891,2070.0176,799.09796,-1418.3916,1944.8302,1136.9215,141.64178,1544.9456,911.0412,-1103.1134,1561.919,1144.6117,14.012689,1384.178,1002.64014,-508.6804,1466.2738,1157.7603,-8.440305,1387.019,1021.49786,-588.7922,1470.8677,1127.0756,-139.1648,1443.4491,1046.1753,-645.07007,1493.7814,1101.9255,-40.98656,1475.5039,1038.7245,-523.0832,1669.8812,648.35504,421.55524,1511.1123,461.53415,-420.92615,1631.6382,1136.3097,646.26733,1323.976,964.31213,-787.2781,1252.3462,758.2059,1238.3541,1140.2172,597.79407,429.80563,1228.3574,637.1679,1302.4694,1118.797,463.93704,581.8636,1096.3876,859.98,1523.013,889.0802,694.1292,904.4176
FLIPPED IMG_4579.JPG,2671.2366,924.89453,-2206.725,2759.4175,928.56,-2117.5168,2764.7014,948.948,-2117.7458,2770.437,967.5719,-2118.3118,2746.6628,855.43585,-2177.3953,2741.1196,824.1124,-2178.1106,2736.1055,787.43195,-2178.3494,2755.53,952.26324,-1603.9995,2712.7817,687.07556,-1874.3749,2608.0874,955.30554,-2011.4001,2596.0986,875.00104,-2089.3452,2443.5151,1071.609,-1252.8206,2285.021,476.93158,-1724.613,1940.6199,1150.648,-1160.3966,1739.5244,590.6017,-1673.3048,1495.4012,1134.0858,-1229.373,1253.4834,685.40564,-1682.3823,1380.781,1199.1996,-1301.6316,1104.9888,676.3511,-1820.106,1357.3944,1119.3981,-1397.6595,1116.3931,732.77216,-1905.757,1405.9176,1081.0192,-1267.6013,1183.1718,742.3798,-1718.8463,1865.6272,885.76624,89.96151,1746.0464,569.85657,-90.58329,1973.5037,1352.8231,-887.22705,1403.7504,313.6832,-1340.4868,1590.2234,1070.8965,187.89732,1199.5516,272.15198,188.91313,1549.8483,992.16925,293.6182,1193.9619,274.8005,337.4502,1368.3865,1172.0378,190.88573,906.6721,282.37854,177.27025
FLIPPED IMG_4580.JPG,2599.2146,884.1144,-2235.12,2675.7056,877.7157,-2137.604,2680.3726,889.6782,-2137.8994,2685.7957,901.15125,-2138.473,2659.5532,824.6253,-2204.1736,2652.7405,794.4288,-2204.731,2646.892,754.8327,-2204.8496,2663.9246,856.8116,-1624.776,2618.9763,622.1874,-1916.4891,2526.098,896.8395,-2041.5173,2518.5237,835.12756,-2124.7888,2358.631,927.60913,-1135.4777,2187.3862,430.0311,-1812.3865,1924.7052,1030.0437,-988.8754,1673.1943,572.7234,-1811.8448,1511.576,1021.79974,-1107.0935,1234.9321,650.02203,-1871.8475,1406.6307,1061.4913,-1198.0669,1095.3845,648.89075,-2056.5642,1382.1277,995.74084,-1294.9677,1085.5068,698.50757,-2118.0972,1428.2675,974.31116,-1148.6959,1142.1082,702.9099,-1902.6978,1775.4379,704.5367,216.25914,1701.6722,389.35193,-216.13599,1919.8717,1110.4077,-696.9392,1425.9957,367.73926,-1595.8416,1527.0708,891.13055,692.21716,1114.9044,209.75981,4.6802177,1485.8389,812.59644,831.01044,1104.7224,165.99547,165.46172,1351.19,1029.4325,749.2824,809.96967,303.81668,-41.156796
FLIPPED IMG_5185.JPG,2058.1938,1535.4385,-611.813,2111.102,1532.2404,-544.34937,2112.3948,1532.537,-544.795,2113.9531,1532.3984,-545.2554,2115.6965,1514.9495,-695.8649,2120.355,1503.7454,-696.2952,2125.9233,1490.8328,-696.5139,2122.0396,1459.9941,-179.7337,2135.1921,1400.0784,-855.2965,2018.3716,1505.9502,-462.17627,2025.4271,1487.9937,-658.57983,1847.4744,1277.6978,388.50732,1877.0878,1162.324,-1216.4514,1471.666,1158.495,618.15137,1387.3263,1150.4592,-1161.1918,1175.7703,1119.365,475.6778,1014.54126,1204.599,-858.0512,1090.3519,1111.9153,500.8904,918.1263,1210.8671,-974.13684,1100.3466,1113.8809,383.1983,910.9264,1245.4246,-946.57825,1123.8871,1108.7598,420.2376,939.60297,1236.4624,-840.346,1424.3888,789.6155,477.87665,1445.9778,654.8334,-477.61905,1261.3152,1222.5134,520.7451,1292.86,1141.6436,-1352.7196,736.75165,979.24915,721.9092,653.88367,792.11334,-1269.0435,694.2167,871.7718,736.683,591.894,688.46387,-1249.6422,520.95264,1075.8735,583.36554,366.1634,939.5051,-1454.8671
FLIPPED IMG_5186.JPG,2120.378,1489.34,-1088.6313,2179.9895,1478.3706,-1022.47437,2181.1323,1480.5913,-1022.9649,2182.7007,1482.7589,-1023.757,2180.3413,1451.5199,-1143.6554,2181.2998,1432.813,-1143.8329,2182.9773,1411.587,-1143.8419,2165.5703,1411.104,-670.43555,2166.6782,1305.4623,-1201.8176,2056.2034,1472.458,-947.7622,2065.1382,1444.02,-1101.3308,1808.3121,1346.0083,-237.22527,1867.4418,1025.1736,-1368.5759,1401.5283,1284.4291,-106.86243,1284.1288,1095.8656,-1322.964,1047.4368,1234.9926,-301.59628,923.3757,1355.4447,-1183.0635,911.6522,1260.2561,-352.13477,752.15436,1295.5095,-1319.4933,903.07745,1271.291,-451.90155,762.7565,1399.6061,-1341.1687,981.5702,1216.4668,-352.86407,832.93695,1339.9666,-1192.5664,1332.1715,952.79144,322.56024,1349.8514,691.27814,-322.49344,1398.6266,1420.8445,-146.63588,1235.0732,1072.1069,-1545.9875,773.2503,1258.8722,242.31204,579.2262,773.8942,-1201.2037,723.98413,1172.6194,274.73004,520.00006,696.854,-1155.1992,592.1666,1339.5282,60.875786,229.84201,834.80585,-1424.9865
FLIPPED IMG_5187.JPG,2024.1166,1387.9597,-2121.0308,2081.072,1398.4777,-2050.2896,2081.8994,1407.3284,-2050.632,2082.8596,1415.8467,-2051.429,2086.5142,1360.6096,-2136.3264,2090.3828,1340.2258,-2136.6377,2095.179,1314.2455,-2136.8157,2080.9753,1371.7339,-1581.8622,2091.7183,1211.9333,-1961.9271,1969.1177,1379.4559,-1931.8768,1977.4961,1335.1398,-2042.0813,1809.0234,1357.7251,-1066.578,1830.6865,934.8185,-1849.8087,1342.2429,1336.8724,-1030.6096,1306.8134,964.7007,-1990.3849,944.67834,1347.6927,-1203.4355,774.028,919.70715,-2104.361,843.8454,1395.8433,-1300.7421,654.1528,897.0867,-2297.5408,823.4186,1366.4437,-1407.8856,650.2139,960.25946,-2355.8542,866.44116,1338.2054,-1256.2737,696.38635,968.78467,-2133.138,1382.5718,1059.77,198.2584,1418.294,786.4656,-198.3705,1406.5776,1451.7494,-911.46295,1267.9347,847.5532,-1904.9673,924.0447,1334.6056,-80.8154,727.03296,610.6357,-1187.5742,863.7723,1252.3333,-7.0354934,694.83136,574.87085,-1122.9795,732.79205,1435.6547,-370.21573,469.61298,623.7151,-1671.9175
FLIPPED IMG_5188.JPG,2276.7769,1251.0175,-2472.425,2340.5315,1271.0016,-2378.1555,2341.741,1285.1771,-2378.3987,2342.8438,1298.2083,-2379.0952,2341.5903,1219.417,-2433.2065,2343.7708,1193.8596,-2433.6777,2346.6758,1165.3528,-2433.8315,2339.5515,1283.097,-1806.3995,2339.9238,1093.1356,-2050.9775,2226.2983,1262.7782,-2250.2268,2228.6191,1210.1122,-2321.142,2053.9685,1330.3939,-1272.9127,2061.635,860.1703,-1745.7235,1629.6647,1285.2123,-1279.8572,1593.4248,852.71783,-1882.1489,1180.0415,1316.3068,-1565.5524,1109.3972,780.30536,-2102.909,1083.9259,1348.8644,-1715.7322,984.9301,742.37634,-2295.0173,1056.3943,1327.1064,-1835.8892,967.8796,786.33795,-2404.5178,1095.2463,1310.1158,-1628.3556,1006.826,807.0993,-2155.16,1624.7047,1121.0156,123.3828,1637.2977,861.67883,-123.53028,1625.8914,1436.0632,-1580.5039,1600.5144,726.58167,-1900.7722,1136.5952,1332.4937,-509.64133,1058.4257,539.1096,-954.16736,1081.3787,1288.6694,-417.79813,995.31384,542.4442,-874.30914,975.8222,1477.271,-932.1558,870.43256,463.2264,-1555.9827
FLIPPED IMG_5189.JPG,2458.398,1081.3838,-2925.2805,2524.8313,1121.803,-2815.6604,2526.649,1140.4432,-2815.9175,2527.2646,1156.2223,-2816.7024,2522.9878,1043.0818,-2828.7488,2523.608,1017.26965,-2829.335,2523.8052,996.39856,-2829.571,2514.9543,1170.2677,-2157.5447,2508.568,954.5115,-2211.9192,2400.0845,1112.0905,-2679.0247,2401.5962,1030.2411,-2694.9404,2166.9688,1292.8008,-1658.2772,2176.6409,744.2117,-1775.4885,1696.3286,1242.1678,-1805.224,1695.3022,756.7855,-1933.6133,1223.238,1240.8547,-2139.6816,1210.8865,662.212,-2269.0444,1110.2611,1239.912,-2324.0088,1087.0673,624.8199,-2463.595,1094.3652,1222.5447,-2440.7373,1078.1012,651.6486,-2581.3003,1134.9008,1221.6322,-2200.5408,1121.613,668.2912,-2330.3096,1677.1042,1111.7202,13.810869,1691.326,820.73456,-13.979325,1683.4166,1428.4181,-2003.7352,1704.0251,551.7973,-1965.952,1149.511,1364.9541,-627.1277,1176.8855,480.26108,-784.0716,1090.0844,1300.9623,-515.5777,1084.1188,545.0782,-691.3565,966.4288,1501.3439,-1171.4043,997.9016,326.4203,-1454.4419
FLIPPED IMG_5190.JPG,2637.629,1116.2488,-3185.9788,2703.6252,1150.3875,-3059.7634,2707.3137,1170.8873,-3060.0388,2710.859,1189.0768,-3060.7263,2701.2244,1072.7783,-3077.2368,2701.812,1047.5326,-3077.9668,2701.5054,1025.4952,-3078.4116,2694.319,1211.5802,-2349.6714,2679.4646,982.6281,-2426.6094,2573.817,1152.4167,-2923.9143,2573.5522,1065.8351,-2947.0579,2325.293,1353.8674,-1874.925,2316.9597,796.3628,-1917.2002,1833.4637,1272.6288,-1999.3538,1826.8636,788.9561,-2085.5576,1349.905,1254.5398,-2297.7441,1369.4846,695.2158,-2405.2224,1230.7675,1239.4374,-2490.494,1258.6781,652.93024,-2599.8826,1216.4983,1216.9391,-2589.574,1251.0072,682.4973,-2725.925,1262.0023,1220.3292,-2351.4976,1292.9994,699.22406,-2471.1902,1822.7092,1204.6703,-31.263863,1821.366,909.5112,31.374521,1803.8584,1450.7806,-2361.2563,1852.5144,586.65924,-1972.7748,1264.7155,1473.6466,-805.7183,1354.0854,569.39374,-537.3317,1203.2427,1417.7292,-688.0083,1273.7073,609.9085,-431.0492,1080.221,1552.2526,-1450.6731,1217.9679,372.42227,-1215.671
FLIPPED IMG_5191.JPG,2496.0925,951.042,-2362.6375,2552.8296,987.26654,-2271.7292,2556.2488,1007.3476,-2271.8748,2558.5962,1028.1871,-2272.3352,2545.4504,914.84973,-2266.5066,2543.2705,891.58014,-2266.9998,2541.772,875.1445,-2267.3699,2545.6665,1071.6731,-1743.6156,2523.6184,855.0569,-1715.9076,2442.8179,996.928,-2164.7554,2432.0664,920.2079,-2158.143,2242.9734,1246.5979,-1453.7058,2207.3257,756.9924,-1259.9669,1738.2052,1228.7831,-1605.4675,1762.1613,760.0357,-1304.6288,1296.7329,1186.2251,-1844.7498,1335.7705,680.5227,-1577.7184,1190.8531,1171.5167,-2017.9856,1230.2323,649.4602,-1732.5204,1171.2089,1139.5,-2085.691,1228.0638,669.3088,-1851.8761,1212.1879,1142.2913,-1880.0994,1265.8894,687.8022,-1638.7761,1781.4208,1211.1432,-105.52378,1747.8705,925.202,104.80519,1761.6971,1363.7532,-1836.807,1808.4978,585.43713,-1291.9272,1204.1659,1456.56,-885.5912,1317.4431,638.87585,-273.1825,1149.6423,1457.262,-817.1913,1250.3932,680.99475,-196.4345,997.8887,1458.0757,-1469.7944,1203.1726,436.20282,-770.47955
FLIPPED IMG_5192.JPG,2509.3914,995.4393,-1545.0491,2567.057,1030.2452,-1524.0524,2572.1714,1052.2415,-1523.8483,2575.7932,1073.1361,-1523.9685,2553.659,971.86957,-1464.6637,2551.7407,956.4014,-1464.841,2550.386,943.9118,-1464.8949,2567.7542,1135.908,-1308.5435,2536.9082,961.3499,-1049.3229,2466.8223,1050.1503,-1460.6897,2446.6992,990.8591,-1385.863,2303.828,1344.0221,-1332.5319,2261.0007,974.73834,-587.9786,1822.6997,1307.3813,-1328.128,1865.227,983.1261,-434.6199,1425.4299,1272.2705,-1238.6893,1483.8339,927.50055,-621.7176,1332.021,1237.5142,-1360.2688,1403.3567,878.8526,-717.7179,1319.8872,1213.0465,-1424.89,1387.5585,882.425,-828.7044,1352.3971,1231.6553,-1258.5894,1410.7406,918.41956,-680.1051,1922.437,1521.3595,-238.5276,1864.5626,1301.3723,237.3148,1818.9788,1376.0947,-1360.8872,1897.6309,892.94763,-328.84225,1301.027,1621.5197,-963.7346,1448.196,1086.1001,160.53008,1231.7854,1676.3115,-931.01105,1385.5372,1170.7686,196.13338,1097.3206,1503.3508,-1334.3481,1301.6486,892.7478,-37.830833
FLIPPED IMG_5193.JPG,2561.2468,943.50726,-1405.8937,2621.4832,967.94934,-1381.3085,2626.476,987.4906,-1381.2206,2629.5105,1006.0189,-1381.3472,2610.3198,919.38336,-1303.095,2607.8613,906.5132,-1303.3063,2605.4143,894.94116,-1303.4248,2622.183,1063.2797,-1160.0171,2594.6655,919.7486,-818.40155,2520.5847,995.8782,-1322.2184,2502.8088,944.72565,-1223.3087,2364.213,1302.5022,-1217.3623,2286.9214,979.11584,-323.70413,1860.9642,1269.2954,-1274.1343,1899.0396,1029.3248,-142.00081,1436.2212,1186.1002,-1200.0538,1515.8601,948.5565,-321.634,1357.2854,1140.1306,-1342.1405,1440.3983,912.1054,-384.69043,1345.529,1109.6125,-1357.4331,1422.009,917.9479,-519.9556,1376.3688,1087.178,-1204.7982,1434.8922,942.4588,-386.12167,1955.8864,1560.8527,-267.6583,1922.7103,1316.0219,266.2327,1864.9199,1316.192,-1505.7657,1958.6399,929.9412,-327.89734,1327.0317,1571.9382,-1190.0326,1497.446,1102.1797,-1.5869275,1255.3542,1646.9501,-1159.666,1437.9255,1190.4586,18.534838,1129.2839,1441.8412,-1541.3916,1312.552,963.11743,-255.71234
FLIPPED IMG_5194.JPG,2588.2502,254.22662,-1380.6166,2657.5298,278.02655,-1345.1525,2664.2185,303.6429,-1345.2169,2669.536,333.08484,-1345.428,2640.871,233.54665,-1240.2552,2636.7258,223.31497,-1240.396,2633.8252,213.25891,-1240.4808,2657.3403,419.04205,-1051.3661,2631.8477,275.67725,-589.161,2536.8936,323.76382,-1273.6598,2523.0613,281.79892,-1139.8018,2417.0752,648.2823,-1217.1256,2286.543,425.01068,63.114037,1888.2917,633.57404,-1284.8496,1876.7197,489.37885,209.50171,1445.7518,573.40094,-1038.127,1480.5609,514.42566,-78.08876,1332.0806,553.72107,-1176.8188,1384.5236,484.51056,-136.60413,1331.7301,520.8803,-1172.5173,1365.8647,493.97986,-287.5703,1358.5968,533.6663,-1032.8763,1389.5168,531.7397,-155.48198,1942.6749,1095.9664,-396.84726,1883.2657,898.3922,395.7114,1884.0145,681.57184,-1759.3522,1929.4884,444.12378,-27.718834,1286.8119,996.3865,-1356.4723,1435.2726,662.59564,147.39038,1210.1542,1093.482,-1310.3563,1366.3265,742.01526,149.83342,1082.7178,829.7342,-1646.372,1222.1528,541.85754,-163.02953
FLIPPED IMG_5195.JPG,2675.8567,325.36072,-1073.4153,2738.256,337.67972,-1103.0272,2742.0056,349.6053,-1103.1885,2746.1658,365.2191,-1103.4099,2734.8574,322.9898,-955.68823,2735.5532,322.63577,-955.861,2737.121,322.868,-956.1534,2739.0913,472.65497,-1071.7352,2740.0256,417.96002,-422.06772,2618.2983,379.63135,-1061.2365,2615.8406,361.94965,-871.8488,2452.5156,679.47955,-1357.8917,2456.741,637.9773,185.8618,1930.3268,654.7816,-1456.747,1925.4788,655.37885,339.1885,1453.874,641.789,-1157.9617,1490.4036,643.20294,171.01941,1346.1844,623.5832,-1290.1141,1391.4735,608.4528,169.60902,1333.3658,606.2219,-1265.7448,1376.3414,607.4082,43.463818,1353.3401,552.8202,-1139.0413,1433.4424,664.47815,107.88262,1929.8947,1213.463,-454.7532,1935.9885,1086.7611,453.44437,1908.9938,644.5741,-1442.8805,1912.1172,603.6742,907.639,1288.2015,1002.4449,-1205.4595,1411.2003,813.99976,1387.3564,1190.1617,1110.7584,-1173.096,1345.7455,910.2117,1423.9076,1123.9067,784.7866,-1417.6855,1223.1257,640.4328,1319.0275
FLIPPED IMG_5196.JPG,2525.3108,254.45204,-335.3984,2590.0605,257.3899,-417.0289,2592.385,263.89984,-417.28143,2595.372,271.43997,-417.44366,2591.9214,255.45926,-267.86707,2595.6882,260.44394,-267.86972,2600.306,265.78647,-268.32428,2597.7102,356.0564,-620.1385,2606.7522,348.45297,41.149967,2484.2703,298.1217,-407.20752,2484.5195,293.622,-213.27895,2372.4517,537.97284,-924.9999,2368.1458,584.4468,428.62827,1907.9673,535.1275,-1015.9622,1861.9302,617.6097,534.8921,1431.2527,510.05417,-893.55426,1385.5215,521.66516,340.4079,1429.4493,408.8664,-1028.8931,1296.6221,489.67435,320.55118,1432.1898,366.8407,-1003.29974,1290.4967,503.22144,189.24712,1443.9867,377.4635,-878.1446,1327.4834,532.6372,271.95413,1842.6442,1029.7767,-405.0608,1857.8878,956.52454,403.977,1820.9543,485.48035,-1203.8684,1802.9941,473.66324,511.11023,1199.8499,873.36884,-1081.0524,1334.8689,695.56946,726.8244,1105.7294,960.9303,-1060.001,1287.7544,787.971,747.48816,995.0748,675.4969,-1288.8372,1172.5348,577.42834,636.5535
FLIPPED IMG_5420.JPG,2385.3508,93.31625,-1576.4725,2454.334,127.96386,-1580.854,2458.8025,150.69421,-1580.4874,2463.6042,177.44357,-1580.5348,2442.3108,81.07356,-1489.1438,2437.4626,68.7187,-1488.9982,2433.6372,56.545227,-1488.6823,2466.029,283.93042,-1384.7192,2421.07,93.4482,-988.4767,2340.8914,162.75923,-1485.2751,2323.0637,99.06653,-1370.396,2231.2983,523.0788,-1452.515,2165.2026,261.07104,-250.74382,1750.9307,623.169,-1233.644,1800.5737,384.44864,326.488,1317.0739,559.9955,-836.0028,1488.1185,524.65594,406.83975,1227.4614,563.7653,-924.5563,1402.0579,522.48,415.5706,1216.997,518.5696,-955.1369,1423.2537,567.50397,289.21326,1237.6555,525.0291,-837.33575,1453.8787,588.2484,354.76096,1852.5702,1034.4414,-351.14328,1817.2183,788.98566,350.55402,1503.2971,817.40656,-1366.0881,1727.0592,363.9956,85.24081,1092.6617,1069.1542,-838.4898,1385.54,637.5674,425.5382,1073.5088,1137.2107,-784.422,1366.4984,746.9953,445.4203,800.05566,1059.1173,-1063.8035,1182.8258,546.38776,283.75665
FLIPPED IMG_5421.JPG,2460.6846,386.78024,-1987.0483,2532.9072,431.2271,-1980.312,2534.9214,459.32706,-1979.8099,2537.3257,492.12848,-1979.816,2522.8127,362.65305,-1905.3699,2519.2805,342.29755,-1905.4799,2517.875,324.80597,-1905.4033,2532.403,589.88196,-1756.7295,2494.6633,362.00696,-1435.4036,2397.8767,464.31622,-1888.4307,2392.1912,389.12683,-1795.5365,2283.4863,801.67126,-1736.1317,2206.5635,450.74728,-795.69507,1768.3745,889.6399,-1575.3444,1845.4684,537.5731,-342.39233,1324.3661,901.2674,-1335.6908,1431.8004,600.31116,-316.66302,1221.8322,903.95306,-1461.1272,1336.3057,579.47235,-352.8321,1224.439,825.41394,-1518.6736,1319.3062,620.1851,-487.88876,1246.2513,835.87024,-1351.0121,1364.2313,638.4222,-372.1629,1963.6356,1129.1206,-262.6607,1912.9008,902.27325,261.5693,1629.6976,1113.7645,-1541.5808,1819.94,365.43985,-321.3817,1241.8707,1281.7052,-664.77734,1454.9268,623.33734,257.51492,1221.2916,1303.9639,-577.09174,1454.2443,757.3819,297.17654,967.45044,1318.3116,-874.8111,1274.8337,509.85956,89.55175
FLIPPED IMG_5422.JPG,2369.8376,320.9995,-2336.9143,2462.4734,371.662,-2328.7378,2468.4314,402.0272,-2328.0833,2471.131,429.05374,-2328.195,2451.5332,280.9567,-2257.295,2452.6614,259.07996,-2257.4944,2453.9575,240.9219,-2257.4363,2453.483,525.2615,-2083.8604,2427.7322,270.74744,-1780.0453,2310.9014,383.6568,-2234.6775,2302.0073,314.79446,-2147.4387,2156.5645,834.5546,-1929.0929,2129.3252,284.56235,-1303.0867,1624.1525,918.8781,-1825.8762,1685.6287,424.69614,-988.0724,1157.219,919.3298,-1833.9188,1272.0984,439.53207,-1141.8727,1048.1328,922.053,-1996.1301,1155.254,406.73608,-1260.9141,1045.3077,873.26465,-2085.3801,1162.0298,469.3717,-1396.7511,1075.408,870.8787,-1865.5461,1204.7677,488.88608,-1206.103,1844.7772,936.3052,-156.84998,1814.5184,638.51306,155.68347,1521.2404,1124.4565,-1708.2848,1659.3894,199.69077,-881.8993,1214.83,1236.6237,-463.80423,1370.3738,512.4663,146.38518,1190.8774,1224.716,-350.3972,1339.8682,560.10693,230.55862,972.5577,1379.1486,-704.26166,1059.5641,457.26718,1.421374
FLIPPED IMG_5424.JPG,2215.175,728.60596,-1956.9308,2269.6194,766.2835,-1964.7946,2267.5974,791.1022,-1964.4559,2267.196,815.5709,-1964.6271,2273.0989,704.05096,-1899.0045,2272.2546,689.8771,-1899.2891,2270.9006,679.1008,-1899.4403,2263.8923,885.9517,-1803.2224,2255.927,702.6481,-1513.0688,2157.8945,795.42114,-1880.2269,2154.6494,725.6286,-1796.3512,2053.0327,1098.12,-1635.7623,2044.0596,698.1206,-1094.1276,1660.3016,1095.4974,-1566.1583,1741.6909,752.73645,-933.40265,1345.0664,1084.1752,-1454.2185,1424.0636,799.18066,-1005.0897,1241.266,1075.1792,-1598.1421,1349.2333,773.93176,-1086.1802,1241.6548,1034.1906,-1629.516,1341.5149,806.099,-1178.0669,1251.7819,1029.1532,-1469.0272,1368.1296,827.3481,-1046.2572,1841.1224,1268.2831,-161.82031,1808.5503,1056.7935,160.7496,1619.3279,1283.684,-861.3152,1723.6373,821.36206,-216.25836,1313.3201,1365.5878,-248.61224,1490.4343,989.82404,447.77087,1270.6088,1397.0188,-193.5332,1457.8651,1059.7721,507.1781,1118.3054,1311.0078,-522.1293,1332.7333,918.4147,312.879
FLIPPED IMG_5425.JPG,2291.433,760.9632,-2059.4333,2344.4556,808.4486,-2056.1907,2346.3484,833.0763,-2055.7646,2349.4119,856.07623,-2055.8015,2340.7197,715.2106,-2018.2072,2340.9973,692.2774,-2018.3735,2341.7402,675.8069,-2018.3286,2350.3,915.38513,-1820.8553,2326.4646,672.2267,-1664.9742,2234.6438,824.99945,-1951.6931,2223.219,739.911,-1905.9802,2125.1323,1144.2839,-1616.9431,2086.8577,647.15216,-1219.1543,1642.6345,1120.0823,-1481.3121,1715.134,738.444,-1021.5836,1297.7904,1079.6013,-1429.757,1387.4688,755.9499,-1103.1166,1203.8486,1075.1007,-1556.5278,1316.7926,707.7397,-1217.5084,1203.7229,1033.1221,-1608.6466,1304.9358,745.8986,-1293.4202,1249.0634,1029.4243,-1450.1311,1329.3794,767.6917,-1141.5026,1842.3905,1253.1777,-121.38106,1808.417,982.67773,121.104996,1615.3062,1321.3694,-1146.8602,1749.2125,641.6301,-525.4659,1299.3785,1395.9437,-513.99866,1480.6498,984.6507,148.78261,1254.2073,1440.5933,-459.61215,1452.3877,1066.4547,205.52979,1077.2181,1302.1609,-797.0936,1303.9629,950.7034,-9.963567
FLIPPED IMG_5427.JPG,2282.3953,1330.9047,-1838.0743,2351.2861,1361.1726,-1794.2349,2353.0544,1375.2314,-1794.462,2354.4883,1387.1384,-1795.1655,2351.473,1301.0676,-1826.2095,2354.3723,1273.5519,-1826.1377,2356.6511,1246.5612,-1825.812,2341.6858,1376.9165,-1444.4402,2357.086,1160.136,-1573.7399,2215.7283,1340.879,-1691.5817,2231.9722,1278.3702,-1728.2996,2087.0107,1343.6431,-954.2281,2133.696,956.87506,-1466.2605,1738.5876,1299.241,-821.7115,1641.5079,946.584,-1376.2292,1376.2555,1279.8352,-907.7952,1260.5969,982.4371,-1332.0369,1281.5721,1299.1757,-959.26843,1161.3832,1067.9381,-1465.3683,1276.7006,1263.62,-1059.7008,1200.4935,1124.1653,-1501.3867,1310.9666,1245.5074,-946.8583,1234.6685,1126.8693,-1352.5588,1826.07,1001.65594,226.60175,1851.1422,751.2103,-226.9408,1823.2476,1422.1315,-251.01935,1585.0573,777.8242,-1311.8845,1446.2239,1271.258,520.0668,1217.177,597.95624,-441.18137,1412.7429,1144.358,591.0157,1196.1709,548.5155,-353.0697,1232.429,1308.5793,465.32703,936.9145,617.13,-563.8569
FLIPPED IMG_5428.JPG,2085.374,777.4113,-2042.1698,2161.026,821.5684,-2009.8362,2166.1614,845.9019,-2009.9915,2170.4753,864.70184,-2010.6155,2154.4421,732.41364,-2047.3348,2155.704,696.0955,-2047.5176,2157.0452,663.0858,-2047.3334,2171.4385,858.685,-1683.7561,2163.878,575.1101,-1837.7594,2016.595,801.547,-1899.0018,2015.563,713.2492,-1943.0859,1955.7529,893.64514,-1217.267,1898.8676,346.9723,-1632.3158,1580.4825,873.36523,-945.92914,1422.5164,344.2398,-1588.9362,1220.4824,833.1704,-836.4059,1008.9587,467.07764,-1590.5306,1103.2203,868.35834,-876.14374,870.3537,478.56372,-1739.9255,1071.6483,828.63684,-974.89746,898.5181,530.44836,-1768.89,1106.2969,825.9344,-869.91077,936.083,525.08844,-1605.2965,1613.6017,610.88086,122.78278,1561.2742,290.11743,-123.1405,1616.1571,1001.1766,-683.5011,1207.1952,249.02614,-462.22263,1257.0459,851.08563,106.77632,1084.862,154.86665,1085.454,1204.1212,785.55457,189.9842,1102.2032,163.7444,1247.2184,1061.81,949.08685,94.5982,857.43866,213.17659,1279.5646
FLIPPED IMG_5429.JPG,2323.377,1036.5074,-2082.364,2392.086,1053.8964,-2037.7582,2394.6694,1066.5884,-2038.1597,2396.7698,1077.126,-2039.0966,2379.6953,989.60486,-2103.3293,2375.26,955.6251,-2103.4932,2371.094,922.7209,-2103.57,2391.2344,1054.2365,-1671.2437,2369.6519,832.4689,-1954.9138,2253.7622,1046.4076,-1924.3097,2254.4895,982.86707,-2006.2667,2139.475,1018.04974,-1195.5981,2126.559,597.2356,-1822.7163,1738.7893,984.91284,-1023.32355,1590.8798,552.174,-1729.3911,1402.9371,929.1991,-1141.6617,1241.2362,655.4965,-1656.975,1299.68,960.78143,-1206.0227,1129.2568,675.9837,-1797.4377,1284.6063,934.1734,-1314.432,1164.1409,747.66187,-1822.77,1313.0786,910.3405,-1182.9935,1205.2013,756.3479,-1668.6517,1848.1191,683.31384,256.00357,1821.7277,404.0862,-256.3962,1755.2141,1056.3312,-55.573223,1534.9265,462.8224,-1448.4532,1446.5646,861.3592,1042.2844,1121.2941,313.7159,-309.7642,1393.6418,777.3466,1151.4484,1127.6073,328.75662,-187.02158,1202.3304,916.9641,1076.7141,855.01636,413.03052,-316.82263
FLIPPED IMG_5433.JPG,2301.1218,201.65941,-892.045,2355.8132,179.83177,-973.81433,2364.55,191.22551,-973.5659,2375.9348,204.34181,-973.56354,2350.7168,163.40839,-844.59875,2355.1555,162.90056,-844.9841,2360.9268,162.08612,-845.30396,2436.49,287.16068,-1103.8184,2417.87,229.43712,-530.79395,2291.0903,276.49258,-923.59125,2280.5527,258.2227,-756.5844,2302.5442,675.8505,-1232.8342,2271.3916,430.03644,-92.10668,1859.5424,844.381,-1168.4479,1945.4857,554.94696,164.48112,1450.3917,792.4543,-955.80786,1594.2467,587.5392,6.61821,1350.9597,783.6912,-1077.9532,1506.7428,604.507,-1.830869,1363.7677,740.808,-1068.47,1504.7495,624.0056,-135.0358,1398.9897,744.4466,-949.33234,1537.7312,631.75287,-52.96876,2043.5981,1246.4755,-339.3205,2029.8083,1020.06604,339.20978,1708.5319,930.1155,-1195.8486,1777.1703,667.0054,577.2988,1222.1427,1188.8036,-986.8534,1369.1974,832.5522,900.9311,1195.5363,1291.6693,-965.4407,1316.8906,891.6328,927.30945,986.14014,1024.9717,-1235.563,1178.0358,757.85803,847.4439
FLIPPED IMG_5436.JPG,2286.3875,564.4712,-2638.904,2365.3313,610.7799,-2622.1987,2368.6084,635.5769,-2621.8264,2370.223,657.2561,-2622.143,2361.5583,519.10785,-2576.1501,2364.8682,496.85583,-2576.3616,2368.2488,479.601,-2576.3267,2369.6467,733.221,-2314.2844,2354.2812,489.22955,-2123.463,2227.9087,635.3091,-2506.0571,2223.0898,551.22656,-2452.386,2144.8247,996.78455,-2058.8533,2088.193,457.9635,-1631.307,1665.7181,1069.7289,-2103.4434,1673.8317,517.7463,-1577.4004,1249.2585,1015.98834,-2134.7207,1295.4658,567.86707,-1726.1166,1146.9746,1016.7596,-2313.9297,1176.9791,561.151,-1876.1285,1144.5209,974.0578,-2367.7534,1185.1344,616.87463,-1962.161,1187.3352,966.97327,-2156.7742,1228.4855,620.9614,-1771.4679,1864.6196,1023.71857,-119.21241,1863.2797,718.2085,118.28743,1608.1311,1204.0435,-1588.608,1759.901,311.14908,-886.3989,1301.3335,1407.5315,-390.82962,1432.152,466.42938,67.64557,1280.0514,1416.0322,-287.55783,1408.0065,513.3235,139.92049,1031.3466,1430.2773,-683.48083,1191.5398,373.17456,-170.78679
FLIPPED IMG_5437.JPG,2272.3428,783.10455,-4093.7021,2345.3132,828.7266,-4003.2,2349.0884,852.591,-4003.0767,2352.845,877.8695,-4003.659,2335.6448,733.5643,-3997.914,2335.7214,703.87415,-3998.471,2336.7236,682.3628,-3998.6443,2350.522,935.105,-3320.587,2324.4272,641.2902,-3306.7534,2213.0928,839.28467,-3823.4312,2205.884,744.26556,-3819.4675,2112.9978,1105.5209,-2718.662,2058.808,548.2432,-2555.9536,1662.3773,1137.0769,-2902.1465,1638.3162,575.7245,-2588.4285,1303.1531,1089.6941,-3182.5112,1267.5541,632.13403,-2868.3254,1194.5406,1088.8035,-3412.1353,1155.1244,630.16815,-3088.8604,1198.5358,1054.1688,-3445.6572,1162.4539,678.9849,-3164.6736,1237.1257,1038.4701,-3204.128,1197.6782,684.4797,-2916.2805,1877.4935,1026.9437,-45.831783,1852.2888,692.45013,45.53635,1659.2148,1340.7819,-2189.6265,1673.8687,369.8768,-1717.6709,1347.4996,1397.2753,-211.93658,1381.7007,433.39304,117.82036,1320.6532,1372.0386,-47.67608,1344.2885,498.27557,266.4468,1124.7947,1474.4037,-705.9771,1138.0457,332.30313,-339.03314
FLIPPED IMG_5438.JPG,2248.2942,900.8743,-3962.765,2321.919,933.7628,-3864.8843,2326.4424,959.2269,-3865.1033,2330.3005,983.166,-3866.1436,2319.1348,850.51953,-3898.4146,2321.6252,815.3968,-3898.9844,2322.5732,789.7877,-3899.271,2330.771,1017.2789,-3121.0813,2307.994,739.3455,-3273.096,2191.7852,941.1303,-3661.6562,2185.0923,851.33954,-3705.6921,2096.3132,1156.4319,-2468.2375,2032.1113,567.64325,-2604.697,1677.0211,1163.207,-2672.4019,1620.8044,593.37396,-2779.4692,1316.0779,1116.8367,-3095.9375,1241.7198,641.7686,-3162.6958,1207.0896,1112.2084,-3326.9712,1134.3333,640.6509,-3403.3486,1211.6368,1078.72,-3398.57,1140.4838,679.8334,-3473.3127,1242.8824,1072.7416,-3137.934,1181.2745,686.90076,-3205.453,1846.0466,1005.77136,18.269354,1818.6176,686.1431,-18.67495,1707.6677,1340.02,-2192.1125,1597.6049,360.8041,-1989.3201,1391.0916,1361.4614,-252.7911,1286.6785,385.536,-218.27147,1349.8973,1318.8917,-84.679436,1261.0684,426.11423,-72.95031,1194.0157,1477.9468,-682.86127,1059.939,333.67953,-752.63745
FLIPPED IMG_5439.JPG,2208.9978,651.412,-2389.9316,2265.443,691.99493,-2392.1895,2264.45,717.0467,-2391.7046,2264.1946,737.80853,-2391.921,2272.979,612.581,-2345.9258,2276.1987,595.24615,-2346.2625,2278.7788,580.872,-2346.3303,2270.6814,809.6248,-2127.925,2269.8884,584.7479,-1934.2257,2149.7705,718.3147,-2269.0144,2160.112,633.469,-2213.8835,2098.3213,1015.4065,-1819.6569,2079.7295,529.1705,-1447.9817,1678.408,1056.1768,-1788.8789,1715.18,569.67267,-1329.1648,1382.1917,989.9046,-1796.2163,1439.548,630.4244,-1432.3522,1311.7659,1054.8135,-1937.4817,1335.3826,594.4864,-1552.732,1277.6781,961.72656,-1981.106,1331.0908,645.6068,-1612.2833,1309.6238,956.64264,-1811.8059,1364.2473,666.34424,-1463.9193,1904.469,1031.734,-92.44286,1886.8594,773.8471,92.31695,1693.0433,1249.3044,-1282.677,1764.9612,462.20056,-879.6819,1434.1873,1246.3156,-229.95766,1482.0333,653.92114,-0.024996419,1415.505,1247.0864,-141.08022,1463.5391,707.1254,69.093796,1189.4658,1236.3197,-527.5035,1237.5361,649.7182,-232.00977
FLIPPED IMG_5440.JPG,2216.6135,801.62805,-2859.141,2278.3257,846.37885,-2837.4795,2281.1355,869.5108,-2837.202,2284.1836,892.0859,-2837.5579,2271.6824,754.9324,-2809.4197,2272.1316,732.7642,-2809.814,2274.0967,716.04456,-2810.0342,2289.5144,949.4015,-2436.8047,2278.5232,682.0914,-2319.9426,2161.6611,859.84644,-2683.3762,2158.909,762.331,-2650.4883,2104.574,1131.2787,-2013.055,2076.5107,573.968,-1780.1754,1648.4075,1078.4324,-2062.8494,1654.3944,596.1602,-1766.5582,1342.3054,1034.1519,-2201.4626,1384.7732,654.0465,-1883.039,1239.6224,1041.5762,-2376.806,1273.7024,638.9795,-2034.3771,1237.1798,1014.06714,-2407.0942,1279.2034,677.125,-2075.6406,1279.4978,1005.52893,-2216.3005,1314.158,693.4366,-1907.8519,1837.2235,1046.4926,-57.200386,1842.6273,757.6426,57.0392,1630.994,1203.9386,-1492.9718,1723.9028,450.17807,-1263.5562,1394.1511,1295.1493,-169.2489,1388.8765,642.5449,-32.327778,1368.8258,1284.4421,-56.00567,1360.9537,680.4312,69.52991,1145.7269,1376.1316,-509.22458,1173.1001,613.66455,-352.59763
FLIPPED IMG_5441.JPG,2275.0618,764.2647,-3224.7874,2348.0952,804.1876,-3160.9402,2352.534,829.1784,-3160.9282,2356.5789,853.0503,-3161.4546,2341.548,715.3806,-3165.5234,2341.2703,681.0352,-3165.9443,2341.2166,656.2135,-3165.9946,2357.5098,899.9911,-2594.6897,2336.1252,607.4953,-2623.4097,2219.005,816.91235,-2991.1406,2220.009,707.0419,-2999.2651,2145.4321,1042.0768,-2053.0425,2098.5117,472.44678,-2027.8334,1725.0085,1028.9943,-2081.2793,1697.2654,533.10925,-1964.4813,1401.0009,964.3994,-2227.6824,1382.2505,607.40497,-2093.0745,1294.149,979.68787,-2393.9187,1264.0707,592.5901,-2260.6309,1287.1119,962.8521,-2435.371,1266.2129,638.8097,-2311.9934,1317.1589,945.9498,-2246.846,1313.6864,654.8596,-2120.395,1869.417,939.0318,-16.030024,1835.9525,651.9632,16.072424,1776.7604,1217.6039,-1758.4022,1721.1514,341.93442,-1608.6417,1487.5837,1209.3579,-212.7167,1415.9225,562.96375,-117.55507,1449.578,1182.4491,-81.00693,1388.6925,620.93463,7.1185646,1263.7352,1289.2466,-595.5918,1189.9692,520.50903,-505.53192
FLIPPED IMG_5442.JPG,2341.1924,1026.4629,-2714.271,2411.3518,1061.9421,-2635.3328,2416.112,1082.4949,-2635.5552,2419.3364,1097.2118,-2636.19,2392.6484,977.3476,-2697.4434,2387.9202,943.6719,-2697.9915,2386.1033,908.5794,-2698.2073,2410.6392,1097.1165,-2071.795,2393.2952,811.45624,-2352.9167,2282.1953,1061.1216,-2480.527,2262.738,972.22943,-2562.3481,2166.8223,1165.6566,-1508.5907,2141.0933,599.7042,-1921.6007,1757.2878,1107.6285,-1352.004,1703.9053,589.9585,-1878.3319,1458.5446,1066.1057,-1478.902,1341.3074,660.01074,-1946.0238,1342.6775,1084.3231,-1577.6436,1237.9142,651.69525,-2104.708,1324.0066,1062.8228,-1666.045,1243.9762,702.7954,-2152.4001,1365.293,1051.0024,-1515.1537,1286.0299,709.7638,-1965.749,1863.3894,930.20435,85.30572,1817.0421,621.2952,-85.43771,1792.4636,1287.8013,-1281.8992,1619.0928,389.81848,-1744.1896,1507.2756,1198.0427,105.66939,1376.5557,447.02124,-109.23895,1464.205,1150.8744,239.84467,1357.6782,476.93405,50.481453,1317.681,1356.967,-55.7663,1166.6064,435.03043,-296.73953
FLIPPED IMG_5443.JPG,2392.4138,1151.0532,-2259.1826,2468.659,1165.5641,-2212.4692,2472.3123,1179.5137,-2212.7212,2474.3545,1190.2917,-2213.409,2454.5703,1100.611,-2277.653,2449.6223,1072.2758,-2277.8108,2444.945,1043.0264,-2277.9128,2470.1082,1170.0272,-1801.0729,2451.4792,934.29877,-2083.748,2333.0085,1159.3599,-2078.55,2332.0745,1093.6167,-2159.6992,2209.6626,1195.0287,-1256.3231,2215.9028,695.88135,-1778.9171,1875.5037,1132.8121,-973.5036,1762.8542,656.02423,-1724.5687,1582.6976,1102.2296,-968.91846,1402.7458,743.7161,-1712.5306,1478.7104,1141.0535,-1016.1375,1314.5156,736.047,-1859.5209,1443.8253,1120.0498,-1102.5696,1315.2212,777.0918,-1881.7738,1468.1354,1098.9841,-998.6313,1341.7086,783.54,-1720.7587,1965.4537,917.055,172.99222,1957.7849,637.3592,-173.10051,1909.1742,1245.8983,-557.66284,1770.377,519.6584,-1426.0643,1622.1185,1060.111,629.52606,1409.3148,474.44705,-220.2358,1591.695,997.1448,745.92523,1393.9902,476.93134,-99.70699,1410.0767,1064.3276,536.6946,1174.7085,534.1878,-427.47375
FLIPPED IMG_5445.JPG,2462.0662,1418.5721,-1565.384,2537.15,1432.399,-1516.8898,2540.235,1439.1053,-1517.3645,2543.771,1444.8987,-1517.9368,2535.837,1392.3916,-1607.5227,2536.9329,1369.1088,-1607.8116,2537.333,1341.757,-1607.8423,2554.758,1386.0256,-1154.1577,2541.2131,1239.8386,-1556.3486,2408.236,1394.4237,-1411.068,2410.3682,1353.9207,-1527.6282,2379.0215,1349.9749,-697.76196,2277.039,968.45856,-1495.6292,1978.2095,1325.1732,-529.2304,1835.9135,965.9076,-1421.1931,1666.9386,1176.9404,-738.837,1525.181,1010.97144,-1306.8268,1583.8951,1180.4937,-793.8968,1404.2266,973.58124,-1459.5508,1580.3806,1181.0571,-900.01825,1423.3329,1038.3281,-1481.1738,1593.436,1161.4454,-784.7582,1465.4524,1054.2844,-1322.8865,2084.3489,891.78845,275.44205,2081.9456,589.0669,-273.49414,1802.3429,1100.7192,-507.4348,1779.1257,790.20306,-1275.9745,1466.0675,1035.6405,-322.93784,1337.365,677.22675,-1252.1263,1411.7578,966.93695,-309.75873,1291.089,599.5642,-1259.5039,1348.2374,1182.2743,-496.4247,1167.7454,888.91016,-1640.4515
FLIPPED IMG_5448.JPG,2497.607,291.9075,-1735.2732,2561.7817,347.84204,-1742.6376,2565.9426,379.55298,-1742.2426,2571.2478,416.88702,-1742.2157,2558.1213,296.86472,-1661.3203,2558.8193,288.00143,-1661.5414,2559.7896,279.21613,-1661.4229,2565.5283,522.15283,-1552.3024,2557.826,347.74344,-1214.3022,2437.321,355.07675,-1652.6017,2437.323,295.07333,-1552.8553,2196.5522,752.3286,-1569.3572,2231.9875,425.96686,-637.1956,1656.9528,807.7831,-1459.5898,1837.8312,445.92432,-337.5379,1201.3582,760.59375,-1418.1027,1469.1152,431.37817,-429.52966,1103.3529,744.8417,-1590.7236,1393.9692,394.39978,-478.61545,1100.6562,698.8438,-1610.2053,1381.8806,416.64148,-610.65515,1124.5388,704.4617,-1430.148,1405.3964,447.54074,-487.4104,1900.9451,1209.0118,-230.05519,1890.8239,959.9587,229.02829,1576.6129,923.26733,-1355.5507,1683.0369,598.6526,416.06818,1110.3163,1170.6074,-912.436,1534.0536,924.1174,1167.8765,1071.1132,1253.5981,-856.4763,1552.8037,1004.88055,1237.608,808.08295,1086.2507,-1099.7695,1355.9874,922.531,1179.6628
FLIPPED IMG_5449.JPG,2471.0002,413.43826,-2159.5093,2532.1292,466.42673,-2165.6475,2536.4836,497.55573,-2164.8335,2542.5012,534.46204,-2164.6697,2533.7236,397.274,-2108.0437,2536.5774,378.74734,-2108.453,2539.9526,361.7243,-2108.4443,2531.8762,633.2435,-1927.5636,2522.46,384.88257,-1691.413,2399.7888,483.07956,-2053.1675,2399.877,404.86578,-1983.415,2203.1157,886.1406,-1792.1357,2230.956,453.90457,-1135.1299,1666.5427,908.8285,-1634.632,1830.0099,449.00174,-936.54974,1212.364,884.5338,-1573.18,1449.0925,458.34805,-1131.7073,1099.9407,899.64325,-1749.7068,1353.234,417.12,-1219.4939,1095.4895,841.95465,-1783.8439,1347.6603,446.64215,-1349.579,1138.4845,823.382,-1590.8876,1383.4825,481.07516,-1189.6425,1964.6755,1207.5145,-176.7901,1918.376,945.9873,174.23038,1644.7069,1139.341,-1187.61,1665.9341,614.4611,-15.049095,1182.9425,1296.404,-587.3116,1451.05,907.93854,649.7179,1142.2026,1366.6365,-517.8674,1451.7493,1008.56116,710.41187,886.7101,1255.9252,-768.06683,1230.7319,869.432,580.94305
FLIPPED IMG_5450.JPG,2457.5405,486.39838,-3088.3826,2540.4653,550.0657,-3074.8567,2540.0579,584.6786,-3074.4648,2540.437,616.48584,-3075.0432,2546.5847,465.98376,-2997.2363,2551.0383,445.30545,-2997.5876,2554.6868,427.56815,-2997.6558,2529.9626,691.6156,-2717.784,2545.726,449.1056,-2376.8813,2386.8503,553.97314,-2934.9224,2387.768,470.1886,-2837.0764,2223.447,977.61926,-2475.356,2222.0327,415.08347,-1647.0013,1669.0066,999.4005,-2438.6885,1795.4802,446.5036,-1515.1385,1218.0891,1013.5141,-2478.656,1390.5386,465.70718,-1899.2603,1109.1416,1049.781,-2721.054,1284.1676,430.00912,-2041.166,1099.0516,986.7788,-2802.0586,1259.5271,461.523,-2213.6348,1133.9307,977.37445,-2511.2917,1293.4686,483.56497,-1977.1617,1880.5875,1132.6293,-252.45758,1880.0754,842.6049,251.04974,1600.2115,1245.6769,-2247.6755,1892.3545,317.23434,-596.52856,1262.5731,1362.5945,-885.22485,1465.3213,468.21008,304.07822,1255.0238,1396.838,-753.239,1426.3286,521.8474,380.23404,980.35846,1375.4392,-1183.4895,1296.8535,306.8632,72.240486
FLIPPED IMG_5451.JPG,2414.8489,497.95343,-2693.41,2497.7234,556.18506,-2678.751,2501.0469,587.1913,-2678.324,2504.2087,617.0456,-2678.7114,2494.9963,467.2503,-2628.9504,2498.932,442.99777,-2629.0344,2504.057,422.85144,-2628.9353,2495.1826,693.61957,-2335.7327,2498.9827,423.97974,-2126.1794,2349.3425,577.00836,-2544.0132,2355.0596,475.79248,-2484.5046,2200.1987,984.5184,-2086.4775,2195.7942,347.69495,-1554.1232,1638.7344,1032.2264,-2061.8477,1745.2793,403.71133,-1347.142,1199.5521,1047.4647,-2125.9148,1329.6519,411.04016,-1536.0973,1090.1058,1076.49,-2312.8818,1214.6361,369.55396,-1658.5721,1081.253,1033.8115,-2388.969,1199.2023,416.4081,-1791.606,1115.8181,1027.2561,-2155.2932,1235.5773,447.24283,-1595.2725,1840.4287,1016.9974,-142.77116,1834.0901,673.2032,141.6375,1682.9199,1250.572,-1942.6951,1829.5206,200.4184,-896.32623,1307.7212,1336.2944,-689.98083,1386.0465,405.17215,114.22277,1284.0724,1329.4696,-576.5024,1337.1051,479.5421,196.48718,1023.34906,1405.9523,-981.83624,1176.3647,294.11957,-94.791145
FLIPPED IMG_5452.JPG,2462.8918,498.26364,-1596.1277,2501.6443,538.405,-1577.2079,2499.9395,558.6124,-1577.0073,2499.2778,580.2447,-1577.1825,2511.7349,492.2662,-1520.5391,2515.8975,481.4585,-1520.5332,2519.4277,471.9324,-1520.4814,2485.343,646.11395,-1366.1366,2504.8047,499.4849,-1121.6094,2416.9675,540.68274,-1511.5789,2418.23,490.76605,-1440.9935,2261.2744,808.1185,-1354.4675,2269.4834,513.3159,-647.7531,1873.4392,845.866,-1361.7114,1969.6575,616.9122,-480.44208,1576.4766,813.71857,-1297.8864,1690.81,583.1128,-642.22595,1510.1215,805.183,-1438.7583,1617.4824,569.22736,-714.6941,1516.1898,759.19147,-1480.0127,1608.7194,583.133,-832.7211,1532.8982,766.2586,-1313.5884,1634.5519,602.60486,-696.92456,1985.0634,968.11536,-219.83351,1981.576,779.00323,218.7975,1824.2303,907.90344,-1324.1671,1988.0085,448.25806,-309.31284,1521.7468,1023.73395,-625.5733,1669.0525,621.42957,170.89725,1500.2642,1070.1338,-558.2346,1633.5336,703.08203,202.8326,1339.7422,970.4859,-813.4652,1496.1685,535.5678,-4.9496765
FLIPPED IMG_5454.JPG,2354.621,-99.294975,-1542.2839,2413.005,-80.2311,-1569.5968,2419.171,-62.815037,-1569.7197,2484.553,-19.276663,-1570.3746,2402.144,-117.22433,-1489.5227,2399.1636,-128.71254,-1489.9071,2396.1604,-140.15736,-1490.4285,2471.476,34.092484,-1434.8816,2387.331,-111.49383,-1074.6271,2324.8752,-40.972,-1468.2495,2307.5261,-92.523445,-1366.0748,2220.5334,219.972,-1338.5651,2170.5088,-31.129131,-469.54187,1877.1033,321.1393,-1166.7382,1895.1499,154.32779,-171.11722,1856.1168,109.42191,-905.71295,1801.1151,181.83267,-387.4819,1834.7134,51.329426,-940.1803,1763.7363,189.75465,-400.629,1886.6376,45.78902,-949.0466,1776.1521,169.3561,-480.74295,1888.1537,59.76096,-889.0758,1795.4796,174.32649,-425.2904,1846.8206,510.84683,-254.31859,1788.6136,317.14746,254.8007,1551.5066,524.6031,-1183.0879,1561.6056,304.9351,325.30243,1184.5457,657.06085,-564.6726,1245.416,367.64493,1259.233,1168.6962,707.87634,-519.2368,1184.5314,437.11432,1338.5228,969.24115,624.0663,-992.5799,1063.8832,319.93088,1079.3965
FLIPPED IMG_5455.JPG,2120.4592,1294.4843,-2803.2373,2196.9197,1336.6266,-2751.9707,2202.513,1358.267,-2752.3074,2208.7969,1377.4419,-2753.324,2199.1116,1261.5645,-2796.5657,2206.2446,1225.2349,-2796.8545,2213.4475,1188.8073,-2796.9858,2215.2888,1372.4503,-2281.5012,2220.6255,1104.3187,-2465.8298,2051.0093,1307.045,-2601.0632,2062.928,1225.3081,-2653.835,1974.3712,1414.6136,-1674.5906,1943.0145,779.9451,-2174.441,1497.0942,1397.7815,-1619.2585,1320.9492,788.61395,-2233.2224,1062.0381,1442.3239,-1800.5797,830.271,844.8264,-2341.2822,955.93866,1503.6471,-1916.9171,709.57916,839.5982,-2553.2856,919.94543,1454.6255,-2026.0145,705.96533,891.6073,-2586.8254,959.86554,1429.1935,-1845.6771,745.02905,898.0975,-2361.4329,1590.5487,1062.4303,158.01454,1561.8092,736.916,-158.16458,1607.7568,1540.9626,-711.9678,1349.6654,596.5565,-1601.5365,1230.077,1381.1768,537.9529,910.98553,433.0931,-9.410082,1173.6462,1229.6893,658.08984,878.4038,417.51587,145.99677,997.8652,1433.0454,453.52295,610.3243,440.54675,-138.8217
FLIPPED IMG_5456.JPG,2281.006,1416.4343,-2772.7844,2361.163,1447.4438,-2712.143,2366.422,1466.0569,-2712.656,2371.2158,1481.5256,-2713.7075,2355.2866,1369.096,-2762.4773,2357.6956,1334.4026,-2762.4832,2358.3938,1299.3129,-2762.4463,2372.1997,1484.3604,-2211.498,2359.1619,1217.4347,-2420.0664,2218.5251,1432.0895,-2561.9287,2226.5474,1360.9181,-2621.6282,2122.5635,1501.377,-1556.6956,2120.1743,976.09796,-2154.2737,1697.1189,1476.7496,-1493.6143,1533.5583,955.69006,-2214.8372,1289.4945,1526.3877,-1765.6235,1086.1831,1038.3467,-2321.2888,1203.2817,1567.9956,-1882.8992,977.32025,1045.365,-2526.4272,1184.8181,1540.4526,-1999.6158,984.7271,1096.9456,-2542.7705,1212.4674,1514.9414,-1816.4231,1025.986,1095.8772,-2335.0933,1820.5602,1153.656,236.8208,1795.436,848.17505,-236.86574,1787.7855,1546.9941,-243.02368,1563.6716,860.3771,-1730.1364,1463.6259,1357.2479,856.5683,1095.4633,647.7836,-547.83966,1420.921,1280.2863,954.1064,1059.636,611.8953,-433.87363,1258.6609,1469.6573,724.38043,829.06134,681.34937,-745.65967
FLIPPED IMG_5457.JPG,2341.698,1156.918,-2092.1384,2400.2974,1167.4316,-2038.256,2402.2412,1180.425,-2038.7621,2403.9548,1193.0233,-2039.7131,2400.7117,1114.9526,-2096.6616,2404.2783,1088.2402,-2096.7388,2406.0552,1055.8086,-2096.5168,2398.1694,1184.123,-1623.6176,2401.2422,957.5298,-1866.6133,2290.783,1158.5354,-1917.9382,2296.1467,1103.9222,-1987.5898,2198.1892,1137.4838,-1071.2604,2175.0723,741.9731,-1701.6914,1835.8007,1169.7471,-883.6058,1679.9235,791.2684,-1582.8651,1452.6847,1204.1448,-1076.3104,1271.0463,859.682,-1572.466,1384.0897,1251.6439,-1133.8306,1166.4164,850.52423,-1724.7839,1369.2819,1206.9099,-1260.0043,1174.5356,911.6936,-1764.7966,1394.5996,1180.0936,-1124.8873,1211.1205,913.8809,-1592.1068,1913.2352,767.09845,241.72081,1911.4967,521.79663,-241.76855,1741.7067,1064.0702,276.6536,1625.4448,596.82684,-1363.3275,1518.7052,947.7609,1123.3026,1185.8307,461.666,-906.1899,1497.8052,888.6743,1201.6245,1122.7606,401.11096,-862.4825,1365.7603,1015.4857,1108.1046,958.21466,546.8912,-1148.0538
FLIPPED IMG_5458.JPG,2343.3054,1243.9718,-2452.8958,2442.523,1285.699,-2373.0234,2443.8445,1311.0645,-2373.2217,2445.101,1330.8068,-2373.7988,2442.943,1187.3237,-2424.9626,2446.8547,1144.5851,-2425.543,2452.5156,1098.8525,-2425.6077,2433.7283,1323.5198,-1843.2247,2448.8381,985.1088,-2069.329,2267.6157,1277.5281,-2240.4197,2268.759,1174.1162,-2305.4998,2108.7625,1324.0331,-1281.6342,2083.3567,699.297,-1892.5674,1657.6914,1206.1637,-1072.6425,1526.4546,622.0017,-1854.8296,1231.3486,1184.1342,-1151.4199,1018.48444,644.3208,-1899.7299,1111.5321,1205.4482,-1230.9797,890.7722,649.2565,-2081.5327,1087.9554,1187.1057,-1349.495,887.7678,706.07025,-2147.8176,1145.2563,1168.8572,-1201.8767,923.2163,707.7855,-1932.0143,1637.0076,957.81683,191.88957,1639.5632,629.0559,-192.44568,1627.6315,1463.621,-825.4797,1264.0145,366.5569,-1606.0254,1245.5146,1162.6879,369.32916,1029.3595,351.1928,258.70358,1211.4604,1091.0321,491.86337,1019.5267,366.2407,453.57608,1000.3874,1263.6837,408.10495,696.823,360.59326,389.75613
FLIPPED IMG_5459.JPG,2130.26,1880.4331,-2438.4963,2215.8525,1897.9661,-2378.8438,2216.9854,1916.5928,-2379.0537,2219.5847,1936.482,-2379.8384,2212.0376,1821.5458,-2448.7102,2207.2546,1775.0125,-2448.927,2206.7085,1732.9343,-2448.961,2198.2612,1922.4894,-1930.8922,2199.6912,1618.0878,-2234.4878,2049.6768,1885.0767,-2251.67,2050.7827,1808.0221,-2338.5906,1862.5493,1834.4902,-1298.6958,1922.4298,1335.2976,-2183.0085,1423.76,1668.4614,-831.83435,1308.3845,1189.7874,-2086.0254,1007.7179,1619.7039,-720.6086,822.16284,1149.3523,-2027.3961,874.4195,1639.2185,-732.2058,700.18567,1142.5552,-2193.7449,871.75555,1599.1774,-876.5897,691.5952,1203.9396,-2232.2888,916.20935,1582.084,-767.3373,745.11035,1219.3402,-2046.2133,1500.7911,1392.5829,324.74646,1539.7542,1053.1263,-324.4329,1306.1284,1736.1755,178.37216,1096.7539,975.4525,-1695.9766,1145.0892,1492.0127,1775.3068,780.0255,806.5628,-31.979668,1153.686,1418.6554,1936.4906,776.9738,774.2261,152.85785,900.903,1477.3717,2012.9453,467.06183,844.7077,139.23506
FLIPPED IMG_5460.JPG,2201.4136,1364.1511,-1741.2427,2257.0566,1358.4171,-1670.6869,2258.799,1368.0549,-1670.8717,2259.9692,1376.7744,-1671.5067,2249.751,1305.1396,-1739.7871,2245.4617,1273.9479,-1740.0144,2240.446,1240.5842,-1740.0057,2245.5505,1341.7606,-1235.3937,2218.4043,1158.7136,-1536.8911,2142.209,1363.082,-1567.6317,2143.2805,1318.3977,-1654.764,1973.1359,1313.1387,-712.11774,1913.2242,984.71906,-1514.5642,1639.7455,1251.6328,-489.2841,1472.6946,967.9942,-1445.404,1289.3038,1240.725,-581.3185,1072.3905,990.3641,-1381.9208,1191.688,1264.6333,-607.6201,976.27014,986.3826,-1510.9678,1178.0085,1254.7981,-725.96246,977.5849,1042.6083,-1552.345,1228.2463,1216.0225,-627.3534,1012.9349,1050.0463,-1401.6577,1598.7997,964.7279,303.9751,1580.3071,754.73785,-304.31052,1644.6484,1400.514,-141.64522,1308.7893,901.9046,-1589.4609,1277.0989,1162.4503,638.4304,949.4172,718.69055,-871.8223,1255.3687,1084.2664,715.8399,909.2903,651.01776,-785.6653,1089.3737,1238.2365,660.6716,710.71277,827.9233,-929.90125
FLIPPED Photo 2023-03-04 11.29.28 AM.jpg,2513.1685,1174.3468,-1724.1146,2571.2253,1172.0048,-1676.6523,2574.0767,1178.5308,-1677.1171,2577.04,1185.5377,-1678.0883,2564.067,1138.8015,-1752.0111,2562.0566,1117.1862,-1752.2119,2560.522,1090.263,-1752.3446,2577.1472,1142.4768,-1336.5107,2555.1821,988.60223,-1664.4305,2460.472,1177.1367,-1580.1173,2459.4087,1138.7368,-1675.2827,2357.0579,1121.901,-917.92065,2327.723,740.04755,-1563.0133,1980.4666,1100.0784,-690.69745,1859.064,727.5506,-1417.9393,1642.4188,1023.9996,-801.54395,1516.8625,762.0325,-1307.3708,1552.2858,1054.9359,-849.666,1401.4799,757.7016,-1418.3842,1545.0487,1020.7729,-953.24493,1411.6484,806.02405,-1468.3818,1573.6444,998.5128,-840.4019,1441.7596,811.972,-1327.2687,2044.1011,768.8951,247.63312,2058.1343,526.0208,-248.13826,2003.6221,1154.3267,-49.479385,1797.9479,530.68304,-1544.6426,1726.9508,958.2301,922.5973,1389.6528,466.81583,-698.9788,1697.6062,889.8231,1021.4999,1354.729,421.18448,-606.37195,1518.5641,1023.0172,983.94275,1116.6315,534.67694,-755.3278
FLIPPED Screenshot 2023-02-19 224514.png,154.1411,276.7711,-376.98337,161.99281,269.23676,-375.4438,165.19449,269.59604,-375.4116,168.75711,270.1065,-375.47028,155.6316,268.83395,-357.35318,154.05624,268.73016,-357.3729,152.48952,268.53354,-357.37186,181.22972,274.82996,-335.12723,160.91028,271.31107,-256.66888,160.13881,287.20044,-361.2879,152.52374,285.75272,-338.60376,210.5379,334.4006,-336.65753,153.80797,320.83554,-135.08092,205.26187,411.87912,-359.19757,150.23422,385.78833,-55.25116,197.85951,475.46664,-361.3023,141.33804,440.76282,-43.95928,198.4696,494.14575,-393.3268,132.48972,456.0819,-47.71337,188.268,492.59174,-408.60657,137.57933,457.06903,-69.74324,186.00345,487.26468,-366.99628,143.91524,452.3911,-52.466858,238.69464,393.40118,-55.231876,195.7318,392.13367,55.013596,237.00623,424.59042,-356.7895,128.20255,390.127,-93.303604,260.7523,489.12454,-164.93494,166.81154,447.13043,57.417927,267.56226,495.70312,-146.94266,182.6801,457.1258,69.32279,255.12827,527.9419,-219.15793,139.18065,477.75256,19.485306
FLIPPED Screenshot 2023-02-19 224603.png,178.72386,338.38828,-236.9592,182.77887,331.23938,-242.75745,184.44298,331.17004,-242.7507,186.41383,331.20428,-242.7704,180.54533,330.93472,-220.60374,180.62013,330.59616,-220.65326,180.78825,330.287,-220.6901,199.73112,334.79047,-238.60529,191.91734,332.95447,-138.26805,183.45021,346.5324,-234.63957,181.03816,346.04678,-205.61304,225.87227,381.63724,-260.52768,188.3393,376.5144,-57.671032,209.36879,449.58923,-294.76645,192.82942,438.50903,-45.318687,197.04504,500.8813,-308.34244,192.13954,490.68478,-111.34139,194.84578,516.13275,-342.2966,186.97144,502.29132,-122.434685,191.55777,515.77814,-347.6409,186.86623,504.3989,-149.78223,192.6913,511.08414,-311.117,191.02786,501.25555,-124.46242,266.624,457.138,-63.8117,231.91393,445.96912,63.675156,214.00021,457.47946,-350.04642,162.61668,431.25488,28.117868,267.82742,524.6038,-236.14546,194.1345,485.05148,138.8655,283.0645,532.22186,-225.42143,204.43892,494.73175,147.91249,246.81036,557.69904,-293.17908,172.51268,502.851,113.12802
FLIPPED Screenshot 2023-02-19 224627.png,146.18489,305.38477,-362.13464,150.08342,296.9813,-359.1601,152.69527,296.81628,-359.1601,155.63626,296.64133,-359.2284,145.7756,296.84296,-341.6414,145.1066,296.69485,-341.67987,144.5193,296.50906,-341.71844,167.04362,298.6606,-319.42,154.10867,297.59125,-241.6471,152.1909,312.27036,-346.92468,147.76353,313.0607,-324.4351,205.28513,347.0984,-320.4343,156.6565,343.0748,-129.69644,203.75703,417.52878,-350.9534,176.72368,404.89618,-99.59474,200.70949,473.6729,-357.9579,163.91287,452.89346,-141.77238,202.48674,486.92313,-392.29404,163.20432,466.62805,-153.3851,194.17229,487.38007,-400.40015,166.53072,468.2088,-177.65646,192.9244,483.63147,-361.01804,169.93459,464.1093,-153.10986,238.53647,404.3482,-55.52204,203.70747,403.7563,55.316063,227.84334,427.09146,-336.683,135.95926,392.34286,-80.14231,250.24188,502.9002,-203.49992,163.74878,458.93164,44.255383,255.94792,510.58136,-192.21005,170.68623,470.40918,52.632492,229.83693,527.5675,-274.1926,135.59702,477.74817,-2.0386772
FLIPPED Screenshot 2023-02-19 224800.png,208.94818,305.76343,-498.28827,215.62988,295.89386,-474.6114,219.21303,296.15747,-474.6702,222.54079,296.52707,-474.79947,202.86505,295.74664,-476.38004,198.46053,296.186,-476.47742,195.73315,296.63058,-476.54868,228.76955,302.3456,-353.85397,190.44554,302.6043,-361.25806,216.50777,316.94937,-455.09134,200.65094,316.59167,-457.15796,259.76224,369.87888,-284.3501,153.91501,367.18646,-298.5624,261.37445,456.74698,-323.93335,150.90273,453.1425,-327.23157,261.48053,532.9712,-400.2772,148.12094,525.67847,-391.9835,270.15015,552.1848,-436.62738,142.7703,551.4941,-427.3868,262.83835,554.24286,-453.0763,147.2741,551.15295,-444.95966,260.9279,547.1401,-410.2159,148.45445,543.8112,-401.9584,230.4157,460.16254,0.64583313,175.89145,461.02292,-0.71892494,304.36578,457.6698,-331.0814,101.15879,463.60013,-319.68393,278.8961,540.6881,-32.072746,126.969925,539.2224,-22.955593,269.76587,554.45123,-8.835342,137.98453,551.39734,0.6056481,315.07053,569.9295,-120.4098,95.01374,567.3629,-116.51888
FLIPPED Screenshot 2023-02-19 224815.png,207.90997,312.58243,-509.44962,214.76175,302.46613,-486.69168,218.262,302.69217,-486.74304,221.65596,302.88077,-486.87222,201.65051,301.96396,-488.20425,197.1022,301.90656,-488.3068,193.9911,302.11502,-488.37228,227.65918,308.30396,-366.2599,188.11894,307.7408,-372.44156,214.6837,323.2854,-465.8764,199.0098,323.01624,-467.59885,257.96637,373.42987,-295.42816,153.65201,372.24768,-307.12045,260.60675,459.2122,-334.14737,151.88907,455.67087,-335.7456,261.815,536.41016,-410.50983,149.13515,527.58295,-400.3403,270.11035,555.19824,-447.0294,143.89316,555.029,-435.66232,262.01175,557.69885,-463.80206,148.00378,553.61926,-453.67728,259.4929,551.0576,-420.42676,149.49194,545.64716,-410.41278,230.12668,463.34955,-0.29512975,176.29887,464.2912,0.19719802,302.81354,461.1493,-336.477,101.16805,469.36282,-315.69662,279.05716,544.18134,-36.72622,125.811134,539.96387,-19.20791,269.83286,557.8476,-13.125437,138.22684,551.06616,4.760147,316.58707,571.3997,-122.90931,93.25462,570.147,-107.20823
FLIPPED Screenshot 2023-02-19 224940.png,212.04543,345.84164,-619.7766,219.74971,335.04233,-599.5602,223.91147,334.98236,-599.5773,227.27104,334.85263,-599.7038,205.30753,334.06076,-600.3327,201.46053,333.6205,-600.4321,198.094,333.24493,-600.4913,234.83757,336.8127,-469.63675,193.02495,335.5684,-474.66446,219.98387,355.4518,-570.5336,204.73941,355.8349,-572.0814,262.9858,392.0581,-364.18542,162.50778,392.05725,-371.82767,262.5538,466.7915,-393.4366,158.21257,468.90436,-406.1922,259.57446,540.9041,-474.86908,169.76173,540.81494,-485.7805,262.9241,560.5506,-516.2768,168.4836,561.1283,-527.0445,257.08386,561.6894,-531.55786,172.91699,561.15955,-541.2957,256.06058,554.5573,-483.80542,173.67993,552.53406,-493.93674,236.84192,471.26584,-2.343714,186.3657,473.14008,2.1833858,311.52158,475.80457,-355.5408,109.22934,480.5938,-330.94205,298.80487,554.8357,-49.592365,117.94944,557.5127,-28.268578,287.90353,563.4929,-25.235157,126.804825,567.1624,-4.3886695,324.04984,590.7967,-146.25894,99.31035,595.5529,-127.68724
FLIPPED Screenshot 2023-02-19 224959.png,204.81683,373.84372,-619.52356,212.32512,362.4953,-602.5525,215.93701,362.01343,-602.56885,219.43472,361.55103,-602.69507,197.95052,363.14676,-604.1327,193.7677,363.01456,-604.215,190.48288,362.73694,-604.2768,226.90898,361.33505,-476.76303,184.54564,362.4026,-485.26428,211.5061,382.07062,-569.7661,196.53224,382.744,-572.32544,253.341,404.56647,-364.47086,156.9474,407.62595,-374.73358,255.62036,481.1099,-397.9466,160.05115,481.89172,-406.90305,247.51941,550.6137,-483.22418,172.35493,551.9477,-485.90274,247.84625,571.3506,-526.82916,172.94624,576.146,-529.6079,242.46243,571.3669,-540.52875,178.37282,575.225,-542.92773,241.1397,562.3875,-491.6007,178.4978,562.6679,-493.64832,230.66603,474.11945,-1.1135763,179.23901,475.65778,0.98529935,299.9211,472.57693,-336.11224,105.696686,483.37598,-329.8667,291.83853,553.46814,-54.321526,117.30666,560.55646,-54.750443,279.2654,565.399,-31.588264,124.98616,570.30975,-32.56146,317.31082,586.47845,-147.72356,98.24773,593.0483,-151.85196
FLIPPED Screenshot 2023-02-19 225030.png,161.15326,346.7661,-132.33505,165.99988,339.14447,-144.19655,167.43123,339.12515,-144.2398,169.01747,339.09406,-144.26181,165.1421,339.14398,-115.693855,165.85368,339.13922,-115.70843,166.68134,339.03302,-115.75891,180.94113,343.93533,-169.58203,178.07552,343.0297,-43.00369,165.60217,356.445,-141.25208,164.31659,356.17514,-104.412964,197.5142,399.00723,-215.0813,196.56975,395.21277,39.36407,189.99376,481.3034,-237.74313,193.06415,471.37732,60.1918,173.03069,548.5973,-225.89223,174.58397,534.4834,33.071274,167.60283,566.5815,-255.88336,159.78503,549.61304,35.488884,160.91159,561.01953,-248.37007,160.64594,551.8253,11.892127,162.6894,558.58984,-222.75328,165.15544,551.043,22.249653,271.6627,489.66147,-75.4589,251.05904,482.67642,75.42855,192.41258,507.20963,-281.9081,185.53094,492.3164,159.70935,239.55334,595.7609,-242.38942,209.19438,555.485,283.0973,254.18208,610.2507,-238.29039,221.93564,563.9404,293.36533,207.67409,631.0343,-301.5883,173.96045,579.1603,270.3664
FLIPPED Screenshot 2023-02-19 225052.png,102.80681,344.40396,-73.2972,105.46931,334.8727,-87.55279,106.95261,334.34305,-87.61857,108.56623,333.70584,-87.64422,105.05539,334.85852,-58.894436,106.08822,334.40656,-58.915062,107.12702,333.80942,-58.970455,122.48088,333.44263,-126.52685,119.58637,332.8469,1.2814115,110.632065,352.00516,-87.504326,109.991806,352.08734,-50.16521,158.69466,381.14398,-186.50172,158.24266,376.31015,79.70074,163.57187,469.6694,-203.11296,174.12778,456.88403,85.35349,162.98332,545.31726,-146.80226,168.5462,531.13385,39.226864,159.88298,564.3696,-171.5452,161.10605,537.74603,40.348507,155.12224,563.5818,-161.41718,164.94547,546.42236,16.778122,144.99382,556.41235,-142.12703,169.3505,543.06165,27.21443,246.94955,475.35214,-85.944984,233.32372,470.05286,86.032135,161.08081,476.97626,-208.16283,157.36719,472.22647,216.48232,195.3147,586.7622,-227.6869,175.47961,561.9246,286.91193,213.71175,609.959,-231.74443,188.69629,575.692,291.27045,152.28415,608.91595,-293.2442,143.46487,591.4809,278.3327
IMG_4569.JPG,1070.9603,1379.2548,-821.0383,1098.8274,1338.3558,-863.26666,1109.4763,1338.0635,-863.0669,1121.3054,1338.5802,-863.1243,1084.6443,1336.9072,-765.3787,1085.423,1335.4746,-765.4401,1086.7749,1334.1736,-765.6387,1194.1707,1355.804,-890.1845,1145.1274,1347.8333,-450.78784,1111.4095,1424.8596,-823.7634,1087.5801,1420.5536,-696.54816,1342.2959,1597.4917,-1045.0288,1121.5883,1584.6301,-103.47174,1278.3002,2025.7021,-1087.4215,1103.5745,1914.8046,35.042843,1179.6481,2338.3728,-994.42883,1084.6528,2244.8096,-171.95903,1181.7183,2447.2725,-1106.6863,1064.4781,2338.792,-210.29004,1129.2339,2436.259,-1141.5094,1084.7533,2349.527,-328.07538,1107.9369,2415.9087,-1003.4287,1106.77,2320.3484,-226.32526,1485.288,2111.326,-294.1272,1286.7551,2056.1904,293.05542,1278.6459,2147.6272,-1368.7001,910.14856,1945.8118,222.47452,1473.2473,2520.5654,-731.27057,1106.6975,2264.5405,637.45044,1538.4081,2553.8704,-660.207,1189.3716,2291.2126,680.6165,1403.5769,2758.4648,-882.5654,1013.65594,2425.646,621.67175
IMG_4570.JPG,296.78174,1048.4308,-1165.5942,333.9365,976.87714,-1220.7775,352.2552,975.7294,-1220.7021,377.1603,974.04535,-1220.9215,309.0682,974.84576,-1101.1095,308.32602,971.78644,-1101.218,308.06134,968.2031,-1101.479,520.36304,1001.264,-1261.2239,425.126,988.6864,-732.05536,344.78906,1122.5927,-1169.6528,315.2532,1119.2095,-1016.0215,767.6908,1390.7542,-1356.0939,440.6113,1312.1964,-318.48755,831.86285,1920.6534,-1206.8593,512.05536,1758.3026,-92.01869,760.7325,2278.874,-966.5435,572.1032,2116.9304,-242.01506,796.69196,2395.74,-1087.1346,530.81445,2221.2341,-268.7605,740.4321,2390.6814,-1144.9144,568.8386,2222.3306,-397.20047,712.1069,2347.114,-982.7681,596.22217,2187.3691,-297.6904,1006.38043,1940.4617,-305.34842,749.06824,1882.3883,304.5007,835.4923,2216.7527,-1177.9315,263.27194,1687.0056,272.8665,1065.1276,2383.0425,9.901261,536.0751,2068.226,619.6357,1133.425,2394.252,144.1055,596.4961,2094.6619,667.136,946.85706,2636.5007,143.5903,365.93774,2183.5918,728.4223
IMG_4571.JPG,1117.0619,993.77216,-1378.0072,1201.8302,942.9813,-1387.775,1237.8911,946.4268,-1387.4646,1277.1946,949.2874,-1387.2189,1133.489,934.27826,-1296.542,1122.4956,931.11414,-1296.367,1111.4877,927.83264,-1296.0767,1358.9933,983.8428,-1234.4794,1113.7068,1015.4741,-840.7352,1197.0839,1069.2721,-1306.8934,1125.5267,1057.4912,-1191.3062,1440.5693,1349.8563,-1372.9497,1265.9517,1287.4585,-210.88315,1425.3807,1824.151,-1170.0323,1295.7325,1719.2122,185.40721,1266.198,2127.4539,-859.51337,1249.1299,2058.7449,2.6886175,1259.744,2223.5266,-934.0816,1198.6018,2168.0132,-57.13551,1212.7936,2210.282,-991.3219,1242.3658,2164.266,-149.40984,1218.4215,2180.3857,-869.5393,1278.8942,2131.621,-47.11324,1709.6666,1984.815,-388.36847,1497.2894,1931.7212,387.7483,1303.984,2181.9897,-999.7198,1133.4181,2038.9481,235.61493,1590.2333,2494.4324,-235.13506,1428.3074,2306.0212,633.6989,1682.0674,2547.765,-144.32814,1526.2793,2337.3938,676.6997,1391.1223,2709.1191,-49.426754,1348.1334,2490.0066,793.37823
IMG_4573.JPG,1144.3027,1326.6129,-3288.7122,1196.2394,1256.4749,-3216.3694,1221.9949,1253.4388,-3216.4443,1244.9514,1250.9554,-3216.9534,1100.3881,1260.5627,-3228.5342,1066.5121,1256.6677,-3229.1897,1041.0728,1252.1719,-3229.5842,1275.3036,1260.8475,-2605.649,984.179,1255.085,-2653.0056,1178.8502,1387.0526,-3040.9355,1075.024,1391.6962,-3055.294,1388.511,1543.5215,-2042.3468,761.4854,1558.1497,-2163.6636,1338.0569,2021.9841,-2059.0874,789.1878,2053.0269,-2183.3062,1281.2136,2428.7332,-2337.9187,782.3213,2440.0305,-2501.7114,1322.4982,2537.9783,-2516.2441,736.5071,2553.641,-2720.115,1232.0782,2548.9092,-2618.9707,785.37317,2562.8875,-2811.2742,1219.0464,2514.855,-2384.297,818.3351,2521.6301,-2550.5127,1201.005,2006.7554,-8.238364,897.1237,1993.4902,6.8197045,1609.5088,2224.5872,-1305.4503,454.3429,2223.7966,-734.65375,1334.3263,2326.71,648.5792,680.1473,2321.0474,1375.3068,1288.392,2309.373,840.9359,727.45447,2318.1548,1582.0525,1454.0956,2539.4463,550.9428,535.43555,2547.1763,1386.7424
IMG_4574.JPG,1097.4596,1304.2113,-1775.3387,1156.6068,1252.932,-1761.3492,1184.1176,1253.084,-1760.9049,1206.644,1253.281,-1760.9176,1060.2294,1247.1587,-1705.8651,1039.1392,1244.7915,-1705.936,1021.92847,1242.964,-1705.7333,1267.7214,1275.6062,-1513.3733,1016.6628,1263.5621,-1271.7031,1154.6422,1372.0985,-1672.7672,1065.2461,1368.7986,-1603.8894,1442.0054,1619.0945,-1442.8978,973.54944,1509.5948,-843.8251,1368.0767,2100.195,-1399.9296,981.6119,1923.9161,-594.84094,1257.2006,2468.8357,-1463.8353,925.76044,2259.2566,-782.92706,1270.3599,2566.9084,-1594.7861,880.94116,2380.12,-869.46704,1225.5809,2569.3206,-1669.0398,914.10754,2396.7346,-974.07007,1213.8097,2534.473,-1488.6315,929.1592,2357.5913,-832.3304,1386.5236,2015.6221,-170.40045,1127.8103,1976.0472,169.34135,1498.9132,2337.5366,-1325.2723,725.3791,1946.5557,-510.8483,1531.6106,2441.0674,25.624374,1014.44464,2209.118,301.51224,1530.2059,2415.641,168.04631,1102.6581,2222.8892,386.9357,1553.2454,2724.2178,64.571045,942.3251,2410.9414,309.8354
IMG_4575.JPG,993.9874,1517.8499,-2972.053,1054.5325,1451.7263,-2947.8958,1091.5223,1451.6824,-2947.5427,1119.0371,1451.7551,-2947.8262,948.46985,1441.1855,-2914.8923,919.53064,1434.18,-2915.386,895.39575,1428.2437,-2915.7766,1199.3788,1453.1456,-2530.1733,870.0817,1432.4376,-2385.642,1071.1182,1593.6993,-2795.0369,949.7535,1581.8875,-2754.4456,1393.814,1765.1174,-2111.782,751.534,1691.3822,-1979.1525,1312.7827,2322.223,-2211.576,782.7018,2220.2756,-2028.8103,1204.5969,2678.0823,-2442.9014,834.5247,2598.8486,-2275.9636,1222.4106,2782.8718,-2638.279,796.50635,2708.1929,-2467.455,1170.3251,2786.6125,-2694.8047,872.10864,2713.6384,-2531.0828,1149.7794,2751.7166,-2465.6938,900.5905,2676.2708,-2311.3254,1224.6791,2185.9902,-35.388664,924.39325,2152.083,33.91538,1576.5677,2529.8728,-1130.1403,452.32852,2324.6252,-886.9832,1401.1443,2558.3464,789.486,817.435,2421.6665,855.53937,1342.4866,2522.117,982.6381,877.29193,2390.964,1036.718,1504.7616,2797.5308,837.7951,708.4819,2603.9612,1001.3909
IMG_4576.JPG,820.05524,1038.3478,-1117.9814,808.0162,946.5954,-1200.8807,832.263,947.7045,-1200.8479,856.40015,948.95856,-1201.0712,765.88727,937.81354,-1069.8408,756.2043,934.4276,-1070.3541,746.6246,930.9809,-1070.6335,1021.4898,1067.4701,-1270.6663,821.77014,946.0722,-708.8181,885.2113,1142.074,-1126.3721,846.48004,1109.617,-962.873,1163.8177,1438.2505,-1384.2703,957.36615,1157.0555,-201.10228,1053.4398,1991.0051,-1038.4587,944.14905,1530.0914,-39.906963,977.9721,1888.8754,-331.70535,853.30963,1656.02,-360.72293,961.1844,1894.1399,-375.35495,824.4686,1738.9756,-400.09396,979.1862,1832.1833,-455.9469,823.96277,1730.3308,-489.85403,987.5706,1827.641,-349.12268,875.5239,1828.4204,-408.03665,1546.358,2010.008,-357.0277,1320.2323,1852.6166,357.2047,1049.3176,2202.8486,-827.6211,880.0501,1862.9388,490.09238,1394.7029,2399.1438,170.34277,1258.9304,2215.8547,1021.24646,1507.7086,2420.4543,293.39774,1362.3442,2247.888,1085.0396,1277.0736,2626.853,557.3172,1146.8193,2383.62,1344.6099
IMG_4579.JPG,1075.0765,854.59094,-1994.3837,1151.2046,780.1155,-1992.8442,1193.834,783.3647,-1992.1962,1230.9547,787.02094,-1992.1704,1062.0386,768.00134,-1932.7277,1039.7021,762.70905,-1933.1615,1018.16595,756.80096,-1933.2761,1310.9448,814.33295,-1768.1205,1028.1715,766.24475,-1510.6276,1124.9927,929.321,-1900.7167,1042.6981,920.99615,-1827.9497,1532.1012,1214.2435,-1648.2408,919.057,1067.4105,-1212.0984,1407.4308,1830.2635,-1606.7506,839.2748,1585.974,-1034.0808,1298.4873,2304.376,-1641.7646,855.97375,2064.2136,-1172.8561,1289.4838,2439.2764,-1796.9966,796.8299,2187.1594,-1284.9204,1238.7388,2420.984,-1880.7576,872.09564,2207.3674,-1378.9873,1204.4541,2355.9917,-1676.0781,903.44696,2161.8645,-1219.1606,1466.6172,1721.4764,-120.551926,1114.0471,1655.599,118.883865,1691.0779,2008.832,-1307.2908,637.0919,1540.9747,-756.5282,1680.3647,2262.722,70.33663,889.80927,1940.1102,245.7826,1667.354,2258.1082,199.0306,963.8388,2004.3334,335.58737,1692.1469,2615.8408,21.091871,763.84174,2184.365,245.34828
IMG_4580.JPG,1115.5419,924.0396,-2103.2488,1178.0634,851.58136,-2131.475,1220.0751,852.98096,-2130.7473,1270.094,854.73456,-2130.724,1115.8975,842.6389,-2028.9446,1100.2384,838.05237,-2028.9456,1084.7638,833.129,-2028.714,1366.7463,894.20654,-1985.2057,1126.2574,859.02716,-1529.1846,1157.8427,998.7963,-2027.6235,1098.0315,990.4968,-1895.9521,1564.0676,1303.9053,-1935.8903,1064.6749,1141.2211,-931.3282,1405.0071,1840.0983,-1834.1156,988.26227,1586.7506,-501.8873,1321.0782,2282.4072,-1690.4744,975.5764,2029.3677,-604.18933,1328.7811,2428.6138,-1813.3934,940.64307,2160.2124,-674.8979,1276.3414,2426.113,-1905.9316,990.179,2167.0383,-802.9056,1264.5624,2367.5251,-1714.0967,1016.9079,2116.7798,-662.3111,1584.9122,1777.7255,-278.9841,1295.4409,1711.132,277.6062,1566.9792,2040.9348,-1886.9315,870.60266,1569.8483,-435.30777,1775.576,2414.8162,-808.41595,1111.2319,2011.6118,444.10562,1827.2228,2435.09,-700.38837,1202.8027,2072.6838,532.22064,1673.7107,2720.5818,-1086.2006,983.70966,2243.1992,346.66687
IMG_5185.JPG,453.79483,1439.0369,-699.2271,477.42548,1383.1842,-773.43365,488.78302,1380.4762,-773.4614,501.58588,1376.86,-773.4625,465.79837,1385.0831,-608.47076,468.63474,1383.8296,-608.723,471.55948,1382.1274,-609.0124,583.83325,1376.048,-917.8297,549.2046,1382.5099,-188.5533,501.94992,1483.1023,-751.2274,491.62027,1483.9462,-538.9877,816.4048,1649.3408,-1208.5691,736.86755,1651.757,314.01025,823.2108,2119.8643,-1247.844,776.77045,2105.4207,490.3174,791.2355,2558.5503,-932.9711,772.4738,2491.4265,340.7144,762.4848,2652.9736,-1055.8092,742.40137,2573.9565,358.67117,742.8788,2643.1875,-1020.28107,749.9247,2579.8896,218.6574,779.16095,2618.6567,-914.5904,775.6417,2550.8577,273.92236,1342.2308,2080.7976,-457.41843,1203.4929,2084.9243,457.08533,835.3206,2222.0713,-1445.481,772.5516,2191.2493,714.5328,1203.2906,2860.4421,-1417.1376,997.5956,2715.0603,962.56726,1309.9406,2936.186,-1412.6403,1092.7966,2774.471,972.45776,1022.4598,3055.9583,-1758.8403,858.98145,2946.6533,795.5297
IMG_5186.JPG,490.2226,1386.9849,-1191.1525,523.7858,1330.4233,-1233.6921,538.92334,1327.4645,-1233.5372,556.8788,1325.193,-1233.7054,504.38678,1333.8804,-1079.7445,504.28223,1333.3059,-1080.074,504.69598,1332.1881,-1080.2454,662.5743,1348.488,-1261.1421,592.6368,1339.5917,-568.27545,536.36505,1456.9072,-1197.5074,514.4473,1452.2941,-997.5202,934.2351,1650.93,-1446.6428,667.8686,1679.7211,-69.875084,892.28314,2251.411,-1500.1967,673.1988,2126.507,95.73888,674.1252,2626.4504,-1159.662,617.1434,2562.7751,-148.08617,654.1443,2773.5942,-1315.7618,576.00415,2673.1047,-191.39977,594.8969,2748.8594,-1308.3071,584.7784,2692.0256,-370.3548,627.13153,2744.242,-1151.5002,623.33264,2637.5247,-235.42374,1316.4299,2152.302,-378.7469,1042.7366,2187.497,377.2526,939.7418,2294.0564,-1877.9159,551.3394,2123.7715,-204.90198,1234.9924,2937.5115,-1276.1198,721.07513,2727.5928,135.21324,1318.8278,2985.818,-1212.8093,820.0947,2814.4626,152.0975,1183.9612,3150.1023,-1661.9564,577.1107,2997.2852,-208.5269
IMG_5187.JPG,592.58984,1492.5654,-1606.0692,614.1752,1422.8539,-1619.0328,636.6222,1419.5085,-1618.6974,664.72504,1415.7267,-1618.9315,577.48254,1424.3104,-1525.4996,569.93524,1422.5413,-1525.7007,562.7993,1420.513,-1525.9037,755.7277,1424.435,-1499.9254,627.8176,1426.1451,-1077.1342,641.1413,1542.8645,-1550.582,606.51196,1545.2322,-1428.8055,1028.6597,1686.9146,-1487.2291,637.8826,1712.2681,-649.5456,1013.8348,2212.9495,-1565.8237,667.59033,2112.637,-578.8277,856.996,2612.7266,-1430.084,631.88116,2552.5247,-774.5909,853.4048,2720.8738,-1578.9954,598.97955,2657.6875,-870.5855,795.9073,2726.8726,-1607.0677,624.8251,2664.6838,-991.28766,793.2915,2697.186,-1438.2736,717.42957,2562.2395,-836.2999,1232.2405,2060.8784,-234.32584,986.0708,2132.3667,233.10886,1130.2634,2214.1328,-1657.1892,552.4282,2108.4724,-672.97876,1376.2875,2770.4363,-1237.454,697.4805,2645.3794,-208.11813,1411.3569,2836.484,-1202.2529,778.2965,2716.4702,-176.00061,1316.167,3049.736,-1743.9089,609.03705,2820.837,-545.6295
IMG_5188.JPG,753.233,1246.9708,-2651.4924,795.40906,1183.1454,-2583.5454,820.8743,1179.7899,-2583.6252,842.6953,1177.5826,-2584.1492,726.45654,1187.1907,-2543.746,710.1748,1184.7892,-2544.261,695.20337,1182.5933,-2544.6758,895.75366,1178.908,-2108.2053,703.96277,1190.4902,-1931.8063,808.42957,1295.0872,-2472.3337,739.0004,1301.2499,-2422.0774,1119.1094,1432.8444,-1757.5647,664.69324,1464.7404,-1456.933,1137.9518,1944.6022,-1953.1542,724.5398,1913.2878,-1519.7871,1185.348,2379.2502,-2189.9368,679.0838,2363.237,-1825.3832,1211.4312,2497.7595,-2373.9321,653.22455,2479.369,-1987.7065,1176.7721,2508.572,-2447.973,699.42535,2499.31,-2105.261,1166.6936,2468.2651,-2226.5164,693.88293,2439.7012,-1887.294,1133.0092,1846.9578,-72.06919,865.3174,1891.1613,71.52322,1288.6044,1926.9741,-2016.5659,546.8758,1899.4891,-1463.1051,1462.8058,2467.495,-932.13837,649.586,2410.471,-386.48856,1450.4594,2537.7976,-850.9456,697.5074,2462.2163,-304.76804,1548.8809,2629.5745,-1532.9872,469.8204,2540.6401,-920.2034
IMG_5189.JPG,906.23303,1072.1321,-2994.7485,950.93524,1009.1614,-2885.1572,973.9311,1007.36383,-2885.4075,997.0311,1005.16327,-2886.1282,867.93225,1004.89307,-2875.117,846.9731,1001.4549,-2875.6462,831.05853,998.1759,-2876.0254,1049.8812,1011.79333,-2253.8096,822.52563,1006.77997,-2213.2554,956.8893,1127.9092,-2763.171,870.4207,1127.1106,-2751.7175,1236.2257,1338.1509,-1830.9893,698.2968,1361.4939,-1741.4117,1240.8641,1827.8214,-2037.8567,768.3786,1836.9675,-1891.494,1329.5676,2273.3354,-2344.1677,761.1545,2326.7788,-2240.5754,1368.1682,2397.0193,-2542.2283,751.99493,2457.0547,-2427.6199,1341.2817,2418.4336,-2636.6506,764.2722,2455.1477,-2550.183,1329.8901,2381.2876,-2393.3235,766.4762,2410.5183,-2305.0713,1148.3041,1806.0569,-14.506504,865.0707,1828.5071,14.366829,1439.029,1829.5591,-2217.1401,564.11237,1850.6804,-1982.4843,1509.6007,2348.0305,-761.04254,613.6105,2370.9514,-647.5166,1453.5839,2428.2498,-645.46564,673.60474,2435.5615,-542.52295,1659.1575,2512.2546,-1346.524,468.8635,2554.985,-1268.56
IMG_5190.JPG,855.25323,889.7342,-2882.9727,903.2873,832.5128,-2764.5034,927.64795,837.4402,-2764.6868,950.3368,841.0515,-2765.3516,819.7747,815.80475,-2761.1345,798.59155,811.83905,-2761.6802,781.562,808.31006,-2762.0728,1009.9967,862.763,-2137.9546,777.5446,829.8128,-2130.4373,905.1108,954.3571,-2657.8203,817.0025,948.62823,-2655.744,1190.3224,1197.9965,-1671.2535,640.1515,1209.0404,-1732.0509,1203.7489,1680.3129,-1827.2634,722.9525,1702.1874,-1915.6538,1322.1486,2113.9487,-2101.5342,737.7331,2192.4768,-2239.9644,1362.2352,2201.0593,-2283.7751,734.61383,2326.4731,-2440.5203,1332.7522,2228.393,-2378.8286,748.3295,2328.4187,-2540.083,1320.6356,2193.4526,-2150.7373,746.59106,2280.5967,-2295.2427,1065.9027,1669.9888,35.108032,790.5862,1674.6785,-35.286198,1394.0629,1663.4011,-2073.7153,524.0702,1716.1548,-2078.89,1413.954,2169.8237,-610.16205,506.09732,2255.2039,-731.40985,1368.9617,2241.397,-489.80017,563.33795,2319.6865,-622.17584,1599.3085,2305.3628,-1140.995,428.55173,2458.6365,-1357.2764
IMG_5191.JPG,1040.8197,1030.0917,-2695.5237,1077.5048,976.1198,-2579.5513,1096.6818,979.55676,-2579.7725,1115.3582,983.06226,-2580.4292,1009.08325,963.4148,-2611.9438,981.15656,958.91437,-2612.3494,958.60846,955.9509,-2612.5566,1141.3358,1003.66943,-1937.5017,922.131,973.22034,-2089.959,1068.188,1086.0538,-2457.9292,986.8286,1075.2671,-2502.3374,1237.2361,1319.1926,-1410.8464,738.91815,1294.9377,-1767.6086,1232.0199,1736.8066,-1547.4457,786.27496,1770.7037,-1973.927,1309.1829,2134.8535,-1922.2421,803.29407,2247.4443,-2291.3804,1339.3843,2221.5776,-2097.7432,815.424,2371.4934,-2505.9766,1331.4089,2249.6626,-2193.2617,951.11237,2317.7146,-2564.3047,1316.3098,2210.6887,-1977.1077,960.3226,2274.2468,-2324.7651,1052.1616,1774.816,117.055786,797.6461,1767.1448,-117.45842,1406.7163,1718.6863,-1689.9456,626.7626,1790.9661,-2241.4646,1349.2546,2197.9138,-489.74292,531.06903,2317.349,-1159.694,1312.1993,2253.2202,-392.062,538.7514,2368.7788,-1072.8,1493.5168,2343.206,-965.53906,521.27814,2526.892,-1777.7098
IMG_5192.JPG,996.81244,1000.75385,-1435.1494,1015.39624,955.3086,-1372.1887,1026.3881,955.9575,-1372.4908,1036.5813,956.40045,-1373.0664,971.13556,951.0751,-1438.9493,949.5483,948.85596,-1439.1083,926.4262,946.5317,-1439.2642,1012.9646,967.9418,-998.18274,857.46906,956.65576,-1289.687,1003.3425,1055.8701,-1287.6007,951.9014,1047.1143,-1371.8158,1017.1876,1255.4973,-556.99713,633.7413,1227.4363,-1289.3716,1041.9525,1639.219,-495.2025,604.78815,1733.0024,-1337.957,1056.6888,2008.388,-584.00494,700.8473,2136.5667,-1336.2307,1107.238,2096.5947,-652.26746,692.7386,2257.5962,-1468.6506,1090.5646,2118.0237,-735.9401,754.8246,2243.2512,-1527.3516,1059.7947,2088.1045,-625.59937,762.2924,2200.3066,-1358.6464,738.5787,1656.1143,216.08636,493.26953,1631.1184,-216.7064,1113.9965,1595.5437,-619.5066,610.596,1688.4735,-1522.9269,969.43164,2027.8246,-145.39992,378.555,2218.303,-916.5126,904.5023,2089.1875,-101.21094,331.6119,2274.5505,-851.77026,1105.6357,2194.7832,-374.87872,470.4258,2422.6863,-1199.7468
IMG_5193.JPG,1054.7218,971.9653,-1559.4341,1075.3431,914.01,-1483.1287,1084.3356,914.9944,-1483.5558,1092.7021,915.70935,-1484.2239,1033.4615,907.11017,-1560.6196,1010.39056,903.4918,-1560.7693,985.89856,899.7688,-1560.748,1061.943,928.4232,-1050.7039,911.6653,905.74786,-1393.3092,1051.6893,1029.1729,-1391.7123,1004.4285,1018.77246,-1490.5404,1020.2471,1232.0629,-567.7113,677.30756,1167.4213,-1480.1935,1023.9619,1672.9014,-563.3519,735.107,1642.6909,-1561.3124,1023.13885,2011.1221,-780.2243,771.36694,2075.2693,-1572.7812,1079.2432,2086.2651,-856.5245,778.4342,2191.952,-1735.9427,1071.6785,2099.114,-959.3536,832.376,2189.724,-1768.4873,1036.9421,2074.8958,-830.64185,855.0785,2133.5847,-1588.5887,684.5916,1590.8064,299.101,434.04208,1567.0736,-299.5052,1075.275,1548.1556,-165.79346,680.0334,1647.3215,-1677.7576,909.0542,2006.9069,296.2541,408.9854,2207.1313,-1070.1515,828.3868,2067.285,336.37268,348.7666,2268.21,-1003.66766,1078.4481,2158.9185,107.26846,552.00336,2413.3179,-1312.8042
IMG_5194.JPG,1740.5894,958.8553,-1253.487,1754.8555,901.28107,-1158.1937,1757.6958,901.7779,-1158.5863,1760.7488,901.6728,-1159.0884,1730.133,892.7908,-1279.2046,1712.67,887.05084,-1279.6658,1691.0481,879.8677,-1279.7466,1696.3291,899.71063,-696.9069,1587.6395,872.8593,-1244.3911,1706.3385,1013.93787,-1079.9918,1681.1946,1001.453,-1238.0303,1563.3302,1226.9401,-116.99707,1331.3865,1135.4901,-1511.2302,1488.3441,1634.449,114.936356,1314.2081,1656.5881,-1484.1176,1456.7964,2045.1327,-42.33819,1342.5422,2094.4365,-1223.312,1485.4207,2133.659,-49.156868,1413.2454,2162.2307,-1337.3403,1461.0358,2159.5002,-176.02744,1430.7146,2195.3306,-1360.8752,1396.0845,2161.36,-102.1067,1450.1261,2100.3975,-1227.7708,1074.1194,1613.7261,450.95966,880.1565,1603.0105,-451.44852,1516.4058,1671.9387,821.06903,1318.59,1653.8295,-1505.7855,1236.6791,2062.8672,1443.4128,970.0367,2275.6929,-1129.772,1143.0052,2095.7236,1498.8041,877.97485,2352.476,-1089.4487,1381.3984,2272.1624,1447.0944,1179.3226,2477.8604,-1303.3315
IMG_5195.JPG,1656.986,872.3399,-566.6206,1655.872,812.5643,-499.2731,1656.0726,811.4981,-499.70505,1656.0465,809.75726,-500.11798,1637.8535,806.6878,-635.01746,1623.0022,801.88336,-635.29443,1604.4242,795.2491,-635.4391,1576.1534,807.116,-168.97807,1501.0636,789.8087,-771.15826,1623.0924,928.13214,-433.79108,1598.6687,912.3372,-608.22015,1334.7623,1065.9181,366.66653,1299.8705,1075.3137,-1152.6886,1348.2688,1577.9609,521.1347,1323.7175,1595.0078,-1078.1342,1321.3024,1991.5371,452.87103,1353.3699,2004.7762,-670.22473,1381.7383,2078.4038,464.01465,1425.7185,2093.3416,-763.93964,1364.9314,2091.4482,351.54608,1399.4342,2118.6724,-754.17957,1336.3397,2043.4836,396.79044,1382.0283,2083.9656,-660.4078,903.7804,1584.2416,476.41754,808.1101,1606.9095,-477.0686,1373.8444,1744.28,845.1096,1323.258,1666.0592,-895.1446,1091.66,2155.709,1248.8444,988.553,2261.8352,-468.64014,1000.78125,2234.4507,1282.8285,881.21936,2347.5605,-412.75684,1277.489,2370.686,1215.2596,1231.654,2426.8813,-474.37692
IMG_5196.JPG,1738.9523,990.81854,-517.8093,1733.35,931.1024,-442.05768,1732.5043,929.32153,-442.34958,1731.4008,926.70483,-442.5725,1716.9777,927.27716,-598.7643,1703.143,923.32544,-598.9897,1687.2107,918.0142,-599.33636,1653.8262,924.69275,-83.16662,1604.1754,916.4072,-778.74365,1706.325,1041.2303,-373.51965,1682.5044,1029.5103,-574.3642,1407.5597,1146.0562,516.95197,1444.8367,1170.4425,-1229.3162,1399.4264,1558.1198,618.5082,1447.9009,1640.533,-1266.6466,1385.6628,1881.5846,428.05774,1476.4573,1982.2354,-842.7412,1379.1089,1949.54,443.5803,1513.3418,2081.8572,-944.6309,1374.252,1931.0767,346.6568,1535.607,2074.5752,-904.53687,1371.108,1910.4102,374.1203,1520.8785,2054.465,-819.61237,1036.402,1659.1481,560.6741,975.8212,1672.8816,-561.1696,1515.109,1793.4451,760.71924,1510.4244,1707.3423,-957.0899,1183.3822,2212.275,1137.5981,1134.2881,2320.8533,-500.6735,1068.3591,2249.6492,1170.3501,996.1801,2366.171,-438.09055,1288.9462,2411.956,1081.8949,1281.432,2531.8523,-524.5201
IMG_5420.JPG,1896.8595,1131.1194,-1536.3834,1898.8958,1066.7169,-1442.9764,1904.6663,1069.2065,-1443.3274,1911.317,1072.2643,-1443.9565,1867.018,1059.528,-1546.4596,1847.1442,1057.286,-1546.707,1823.569,1055.8204,-1546.7672,1875.276,1081.4082,-997.01886,1720.6257,1059.9404,-1450.122,1881.2478,1199.4067,-1369.9547,1839.7351,1189.8087,-1501.0376,1748.9032,1400.514,-538.8246,1388.3754,1359.4951,-1550.0056,1609.2776,1758.1832,-378.48212,1263.1144,1850.1576,-1400.0925,1509.7028,2143.0598,-541.40936,1346.1805,2262.4338,-1158.9673,1486.2261,2268.3733,-583.1076,1364.7614,2369.914,-1273.753,1452.3875,2261.1416,-691.0899,1431.4799,2353.5264,-1320.4204,1327.1489,2213.774,-587.6853,1431.1439,2257.5952,-1177.3069,1212.9132,1733.5236,366.51767,977.46014,1686.7253,-366.8085,1764.3713,1773.7593,-42.22885,1175.9502,2027.1138,-1746.2635,1489.2686,2164.3647,824.6042,905.6931,2460.4343,-963.75323,1401.8848,2169.933,907.71155,853.8873,2468.8367,-870.8557,1531.8191,2392.2898,818.64465,904.4938,2760.5605,-1027.3806
IMG_5421.JPG,1597.828,1048.2069,-1901.4734,1606.024,981.43854,-1841.6577,1618.7716,985.7325,-1841.9673,1631.4513,989.63245,-1842.6519,1552.6462,972.6603,-1887.1229,1526.4325,972.6623,-1887.1326,1499.1589,975.1143,-1886.9396,1620.1638,1008.5673,-1418.0693,1399.6377,988.4634,-1601.4492,1594.7711,1131.0887,-1729.9164,1543.2866,1126.6118,-1782.5037,1534.418,1312.3019,-842.71136,1190.8751,1237.3328,-1524.7793,1433.521,1668.1215,-626.68756,1139.0815,1787.2025,-1365.1683,1378.8591,2034.2974,-754.97296,1181.3019,2162.6042,-1284.2247,1379.8202,2133.3074,-801.6285,1089.5188,2302.3445,-1414.8647,1358.461,2148.433,-928.7341,1216.4032,2268.2524,-1473.9218,1345.8937,2098.9836,-807.06213,1218.8041,2204.8645,-1313.8596,1122.8589,1597.543,282.46643,859.95166,1557.1982,-282.84836,1598.1058,1688.5482,-284.92313,877.911,1889.6844,-1411.9985,1357.7784,2046.3981,505.5708,693.00745,2298.4263,-527.4587,1268.013,2091.815,576.67737,664.72,2312.5237,-433.93585,1390.487,2253.413,419.82925,644.3996,2565.745,-650.2019
IMG_5422.JPG,1669.3619,1143.1938,-2507.875,1709.0717,1067.6116,-2413.6787,1729.388,1069.6167,-2413.8826,1745.6681,1071.1592,-2414.4937,1640.1404,1059.4508,-2476.2551,1608.2571,1054.7496,-2476.681,1573.2546,1048.266,-2476.7595,1726.4202,1083.7908,-1882.5964,1452.5339,1065.4204,-2157.3845,1675.99,1227.7383,-2301.2566,1598.9369,1209.966,-2380.855,1709.0481,1397.0748,-1362.781,1118.3698,1393.462,-1903.7902,1586.925,1838.9985,-1176.9047,1050.7029,1903.8779,-1972.692,1539.4762,2243.2417,-1293.3628,1060.6838,2330.397,-2094.4373,1575.5361,2359.0317,-1394.4534,994.69495,2437.512,-2281.942,1516.8618,2370.854,-1509.1964,1091.0848,2457.497,-2358.5396,1501.3319,2327.9954,-1342.6862,1100.7206,2426.3323,-2131.7007,1376.7167,1708.2834,150.00673,1064.462,1712.167,-150.48709,1799.9109,1849.7183,-1235.0691,820.8628,2056.4993,-1032.7148,1526.224,2167.0046,136.44795,737.10364,2295.543,810.1174,1469.2966,2191.0679,267.33423,763.1874,2331.675,982.67694,1620.011,2409.6284,8.423952,610.0905,2532.1033,709.6273
IMG_5424.JPG,1263.2537,1312.2096,-1813.2933,1280.3365,1259.0377,-1775.1086,1293.8146,1259.6531,-1775.4707,1305.3875,1260.2557,-1776.2239,1221.7976,1255.4564,-1808.6038,1193.0304,1254.2448,-1808.8087,1165.1117,1253.0969,-1808.8103,1290.599,1265.1361,-1431.5055,1096.1703,1252.1982,-1578.7814,1266.6124,1370.7767,-1664.6569,1209.9535,1365.0498,-1707.0638,1288.9312,1468.24,-971.8617,881.3365,1469.5442,-1453.1401,1230.5267,1797.5592,-725.26263,873.88916,1878.0006,-1356.6658,1183.3278,2103.4941,-833.5703,918.1077,2178.3884,-1388.3712,1210.7247,2183.502,-882.2093,915.6527,2274.4766,-1522.1959,1175.92,2194.9429,-975.202,958.68494,2267.1492,-1553.5875,1156.2534,2170.5898,-867.9698,964.8586,2246.9307,-1407.1011,906.4928,1706.1075,203.588,690.7613,1653.7185,-203.52614,1122.1091,1865.7875,261.76337,727.8648,1866.2245,-1399.8241,989.3429,1955.9407,1485.3524,616.65826,2195.2725,-434.23117,940.86096,1952.388,1609.5857,568.3682,2236.2915,-330.61618,1014.2622,2119.6606,1639.186,695.4232,2410.7424,-487.26254
IMG_5425.JPG,1219.6508,1233.4788,-2556.7168,1260.7335,1176.3357,-2506.4841,1287.0332,1177.0046,-2506.8484,1306.5011,1177.3322,-2507.61,1173.6572,1170.5155,-2538.897,1145.2468,1169.3427,-2538.813,1117.8423,1168.0203,-2538.7693,1312.8953,1194.8867,-2042.1292,1055.425,1170.1536,-2186.6775,1249.5946,1305.7809,-2358.5063,1158.8749,1288.6512,-2399.155,1329.0835,1428.1093,-1392.1233,862.03784,1393.015,-1895.7833,1264.3423,1794.9564,-1118.7262,864.96564,1872.4103,-1747.7389,1230.6494,2124.0723,-1338.1995,918.39966,2228.1687,-1878.746,1266.2676,2209.7373,-1441.2936,923.37146,2326.199,-2052.9917,1228.7855,2223.7622,-1546.3723,981.2147,2311.2002,-2101.8784,1209.0464,2202.4402,-1382.0789,988.6045,2279.9556,-1903.2643,971.8675,1682.9916,229.23872,725.2448,1657.0864,-228.80898,1181.4613,1872.7401,615.5487,665.25934,1902.0526,-1594.4137,1127.1654,1912.3251,2217.694,586.9812,2217.318,-437.49442,1037.1593,1947.7007,2368.7283,582.2945,2248.275,-327.79694,1140.062,2124.4358,2284.867,638.8549,2451.9036,-644.9345
IMG_5427.JPG,646.0547,1229.8776,-1988.2072,678.237,1163.5403,-1996.6893,701.04156,1161.9692,-1996.3069,722.6589,1160.3187,-1996.6947,620.1402,1164.7272,-1912.4319,605.73553,1164.0076,-1912.6779,593.7114,1163.5298,-1912.8657,796.6913,1152.1664,-1813.0161,639.2798,1156.0114,-1441.1403,698.64777,1277.6703,-1902.563,644.22107,1286.7888,-1795.6558,1033.4277,1424.4037,-1758.337,632.4808,1406.2378,-893.4522,1069.1394,1846.1681,-1700.1821,682.796,1749.4943,-650.8948,1025.1265,2272.948,-1533.56,707.914,2134.751,-769.09955,1014.7082,2377.3643,-1675.8136,680.4511,2230.6465,-831.28064,945.8836,2356.7512,-1726.5767,726.8456,2233.415,-953.96765,938.9946,2314.3467,-1548.3655,749.6462,2193.3198,-822.0631,1247.7058,1707.7008,-238.4777,1004.05316,1724.3984,237.20131,1189.9081,1953.1965,-1712.5953,526.10175,1738.6879,-357.63202,1377.5519,2293.1255,-768.79364,737.2868,2081.5273,338.7588,1425.0391,2312.3914,-671.75104,844.8447,2076.8147,401.65976,1338.2635,2574.351,-983.95,580.98914,2211.1597,224.84235
IMG_5428.JPG,1193.5963,1426.1481,-2268.6934,1250.3615,1363.2927,-2279.7324,1288.6531,1363.561,-2279.368,1318.3413,1362.8528,-2279.4814,1158.4058,1349.9587,-2230.1145,1135.0033,1344.1473,-2230.5352,1115.0994,1339.3844,-2230.8125,1395.601,1359.4534,-2078.0505,1118.2493,1345.6914,-1871.7954,1257.7092,1504.4647,-2170.7183,1164.1118,1492.0294,-2111.9036,1637.314,1569.1833,-1848.3402,1028.3275,1593.1426,-1438.9071,1670.6802,2107.3254,-1762.6587,1084.2764,2060.459,-1273.7515,1482.0588,2563.6826,-1795.1351,1165.4777,2324.0012,-1312.5427,1456.0004,2661.8706,-1966.9381,1149.0209,2480.8093,-1428.7007,1395.5055,2660.8687,-1980.7299,1181.6194,2471.3738,-1476.679,1392.2035,2602.4749,-1801.806,1197.1641,2427.216,-1336.5485,1619.8835,1892.3286,-111.67669,1325.6027,1855.1691,111.475494,1739.8762,2278.994,-678.3129,926.3469,1953.1735,-753.7819,1786.1852,2428.6108,609.30493,1158.8403,2246.4688,122.943306,1753.539,2431.0864,725.27844,1240.8088,2272.031,196.3627,1786.5726,2703.1606,484.86914,1102.5914,2512.7134,-34.45348
IMG_5429.JPG,942.46436,1246.836,-1679.2284,980.2955,1178.891,-1719.09,1004.2154,1178.6393,-1718.5562,1031.5785,1177.8384,-1718.7605,929.2321,1170.3374,-1642.5985,917.08594,1164.5967,-1642.9229,904.77344,1159.5939,-1643.264,1155.9569,1175.2379,-1659.3549,971.7116,1169.5061,-1323.76,1015.3024,1306.7334,-1635.1649,956.24414,1305.4052,-1538.6136,1438.6357,1379.5265,-1556.7573,964.65765,1383.561,-990.0202,1476.5328,1946.3767,-1499.7383,973.25385,1762.8849,-802.27277,1328.1476,2327.9353,-1494.1451,1053.674,2111.64,-891.65643,1310.6967,2447.1587,-1649.77,1025.7882,2225.0474,-985.05725,1268.9502,2447.666,-1708.4414,1052.2289,2238.3862,-1070.3848,1272.4069,2418.7666,-1518.5408,1068.4019,2211.6243,-933.7146,1537.8372,1754.0265,-173.2123,1258.285,1673.5593,172.08162,1605.7798,2069.07,-823.15125,879.2006,1710.1669,-343.90228,1673.0236,2351.177,-188.1703,1138.2262,2061.1877,150.15694,1676.3683,2361.5022,-127.76283,1229.35,2090.2556,202.05226,1626.345,2580.157,-372.36923,1056.6392,2306.5522,107.57799
IMG_5433.JPG,1785.0542,1234.7216,-1039.7584,1818.733,1187.1871,-987.9612,1822.3254,1182.2445,-988.4363,1826.0236,1175.3771,-989.0895,1801.4038,1179.4642,-1144.5422,1792.5258,1169.5836,-1144.938,1783.3815,1158.7826,-1144.9915,1757.9583,1100.9052,-651.3259,1711.2467,1090.564,-1355.3113,1738.9896,1253.4707,-892.14417,1719.5068,1239.6184,-1096.1292,1531.0759,1242.9364,-133.0802,1278.0273,1238.5483,-1496.6106,1425.474,1579.0989,196.91058,1144.8778,1695.9763,-1426.5891,1414.9479,1920.5665,15.3345175,1193.7516,2106.4185,-1158.5808,1391.3123,2019.9221,-10.527346,1202.4545,2187.9233,-1317.2826,1383.4504,2019.3838,-175.96992,1248.1228,2165.7478,-1314.6421,1384.0977,1989.3113,-56.584442,1293.811,2113.3047,-1158.1411,970.36285,1487.116,441.68445,749.55493,1502.6858,-441.25696,1289.172,1782.0358,757.47375,1068.6577,1848.9882,-767.8527,1128.7317,2151.5945,1446.0386,751.7947,2297.7546,-286.61572,1007.4741,2149.6665,1513.8402,658.5382,2333.9211,-237.22586,1209.8652,2335.1082,1500.1454,922.43506,2514.6206,-388.00656
IMG_5436.JPG,1445.499,1217.7574,-2506.7236,1483.2819,1143.6971,-2432.3345,1502.737,1144.0997,-2432.5593,1519.9553,1143.7006,-2433.352,1413.2384,1134.4542,-2493.4553,1378.6377,1127.892,-2493.8064,1343.8331,1122.3861,-2493.8135,1507.4618,1148.912,-1938.7139,1255.4531,1130.2317,-2209.493,1457.5764,1284.8525,-2304.9556,1377.5623,1275.4636,-2383.5493,1546.5901,1389.1958,-1420.35,952.13196,1436.7799,-1861.7823,1472.5767,1826.5609,-1303.6576,914.07056,1871.9047,-1853.0112,1448.7661,2179.7087,-1393.4623,961.5602,2260.551,-1883.115,1484.7446,2280.2886,-1491.6678,920.1798,2400.5186,-2051.7883,1413.6671,2292.8267,-1562.6704,1003.27966,2377.035,-2093.5046,1396.6698,2262.9065,-1425.7065,1014.0178,2343.7761,-1905.9689,1245.3774,1684.5603,137.402,936.4341,1678.9899,-137.87927,1664.0525,1753.7125,-1119.5226,723.83606,1908.4489,-1610.0586,1530.755,2111.3752,144.64958,578.8517,2248.2214,-198.07933,1492.0652,2158.767,268.61853,569.58826,2263.935,-63.785957,1698.4456,2327.2551,20.605684,573.88666,2504.7307,-428.28128
IMG_5437.JPG,1209.0101,1237.7152,-4022.4868,1256.2709,1165.3218,-3913.1562,1280.9261,1161.4703,-3913.2783,1303.6637,1159.1534,-3914.1963,1168.1277,1168.5684,-3947.5195,1134.2512,1165.5344,-3948.0837,1109.2416,1163.3168,-3948.3792,1338.5576,1170.6416,-3150.6562,1055.3046,1171.4136,-3312.4583,1245.1118,1294.7205,-3720.8862,1151.1586,1291.8989,-3768.0815,1441.9277,1443.7498,-2455.952,874.7676,1426.9688,-2603.074,1410.1083,1873.2556,-2566.9417,843.2318,1836.994,-2751.7568,1369.8966,2243.4387,-2897.9255,887.1245,2231.7563,-3059.3418,1345.098,2346.6257,-3098.5762,880.44806,2345.3342,-3280.0854,1304.1637,2343.7368,-3169.1387,914.65326,2336.7522,-3339.7795,1301.0022,2319.391,-2935.8657,922.7901,2298.3481,-3095.374,1290.2644,1653.5945,29.500368,962.90765,1655.2073,-29.770754,1613.8148,1831.2648,-2081.316,698.33795,1820.1682,-1804.9348,1548.8452,2158.9158,-192.10631,564.0202,2184.0295,-181.1334,1492.925,2195.3977,-31.2281,607.4004,2221.315,-53.860638,1646.4706,2371.4219,-665.9138,492.6799,2399.7488,-792.5733
IMG_5438.JPG,1091.8099,1277.1962,-3593.5168,1141.0538,1209.6077,-3526.6848,1163.6959,1207.9191,-3526.6216,1184.847,1206.5374,-3527.1387,1051.2267,1206.3967,-3505.8757,1028.6312,1202.9656,-3506.526,1011.4359,1199.1827,-3506.901,1253.3429,1204.7399,-2948.9192,973.5653,1194.0199,-2857.3796,1138.989,1335.8333,-3360.4756,1050.9978,1332.6764,-3334.962,1409.9921,1451.453,-2374.0115,831.8351,1432.9637,-2205.2092,1408.2732,1890.176,-2518.6614,825.1257,1825.6239,-2258.1116,1345.1825,2274.3408,-2744.9243,858.7341,2202.826,-2492.135,1324.4109,2378.9812,-2946.2798,839.35657,2311.7942,-2670.633,1291.9894,2375.4465,-2978.6475,895.10645,2304.6035,-2731.0464,1291.15,2352.4988,-2764.4197,905.25757,2267.0093,-2527.0352,1277.4055,1687.1831,-36.065533,976.1932,1676.5947,35.852665,1615.0582,1905.616,-1911.8923,633.64124,1811.7916,-1439.9897,1609.3868,2240.377,-246.04895,620.4161,2127.2988,62.105526,1564.6719,2275.6902,-103.37966,663.3183,2157.302,184.94408,1654.512,2470.4233,-683.1695,505.6602,2333.2292,-390.2555
IMG_5439.JPG,1305.889,1303.9148,-2665.986,1348.0977,1236.5072,-2606.7458,1370.9581,1233.1982,-2606.998,1389.4537,1230.151,-2607.8513,1273.67,1241.9545,-2639.0852,1247.0891,1239.6536,-2639.3018,1222.9259,1235.7241,-2639.4348,1403.242,1231.2853,-2122.6174,1167.9196,1232.3755,-2263.4104,1342.9744,1347.1375,-2464.8162,1263.068,1352.3628,-2505.5479,1445.1101,1435.3982,-1558.0344,960.1272,1415.2395,-1836.8553,1369.3927,1777.828,-1496.6997,818.629,1837.435,-1867.7828,1354.2142,2063.9644,-1646.4452,985.35864,2127.37,-1997.404,1380.3416,2173.4973,-1754.2832,967.95294,2225.0166,-2152.82,1350.3589,2188.6707,-1820.8043,1014.2096,2215.8345,-2184.2466,1333.6831,2157.281,-1674.9486,1023.3766,2182.5867,-2012.0305,1197.6886,1663.0483,90.45898,933.692,1657.7877,-90.57356,1489.8918,1730.3691,-1228.2665,776.2318,1875.28,-1459.4636,1342.29,2033.4629,-98.2513,733.7424,2106.3945,-13.099887,1303.4373,2061.627,4.626915,730.2798,2125.6438,124.30372,1389.6992,2233.7295,-340.45294,746.69653,2318.624,-204.86954
IMG_5440.JPG,1180.0468,1310.9012,-3147.6445,1220.6158,1251.1105,-3090.7031,1246.1774,1249.0006,-3090.8105,1268.3165,1246.3226,-3091.5427,1143.4827,1245.74,-3107.9333,1111.2067,1238.9476,-3108.177,1084.5795,1232.5918,-3108.2957,1310.1025,1246.6514,-2554.5334,1037.5946,1230.6975,-2631.6602,1224.501,1365.5966,-2922.5957,1127.5367,1358.941,-2944.0146,1405.7059,1453.6401,-1976.3566,863.12274,1433.919,-2077.9934,1341.2507,1851.0671,-2014.9095,814.4743,1915.4412,-2135.4792,1322.9897,2137.7378,-2229.0356,930.4816,2195.1729,-2319.4963,1338.6191,2258.2222,-2397.674,881.46204,2366.1257,-2493.85,1310.0743,2269.0566,-2448.8235,953.2461,2319.7324,-2537.506,1295.0555,2233.1401,-2256.061,961.82043,2295.754,-2341.48,1210.3108,1720.2677,5.2539625,933.9856,1713.4905,-5.71297,1429.4153,1823.2216,-1615.806,681.26465,1890.7327,-1533.9111,1351.8512,2109.9702,-244.80931,679.4564,2136.8594,-156.77643,1309.6179,2144.2551,-126.01955,694.5195,2169.816,-34.94105,1389.5796,2328.4194,-587.65,685.8401,2350.7358,-496.33054
IMG_5441.JPG,1211.6492,1239.3641,-3363.3323,1270.7625,1188.0327,-3300.5623,1298.6195,1191.1705,-3300.5205,1323.3756,1192.5743,-3300.8086,1172.0568,1168.1808,-3294.1616,1148.3595,1161.6725,-3294.4995,1129.4572,1155.9579,-3294.6797,1376.7206,1195.8671,-2758.4324,1087.256,1149.966,-2732.8088,1270.935,1309.588,-3144.5125,1156.3446,1295.5947,-3135.6768,1498.5123,1397.2057,-2204.0618,944.55316,1369.1122,-2205.5286,1455.4304,1810.4282,-2363.689,949.4287,1836.3667,-2341.7568,1374.9738,2139.612,-2637.2588,1000.85925,2130.475,-2613.0088,1369.301,2248.6914,-2850.2683,982.4029,2270.5151,-2827.2815,1342.0476,2234.902,-2881.7004,1007.22046,2247.2253,-2876.6697,1327.3599,2195.181,-2661.8386,1015.0194,2210.305,-2646.6614,1326.1322,1647.2471,-14.240397,1043.6064,1626.2158,13.909167,1452.2247,1824.9573,-1706.2375,744.291,1775.2521,-1486.2803,1378.8649,2075.3584,-179.0138,806.24695,2032.9958,-46.27867,1333.21,2109.8022,-53.153614,869.73267,2077.3977,73.633446,1471.4225,2242.307,-548.6045,786.3335,2248.2893,-410.59683
IMG_5442.JPG,945.7969,1188.5615,-3213.5183,1004.4145,1137.5845,-3201.0522,1042.6692,1141.9103,-3200.874,1071.7732,1144.9082,-3201.4607,918.744,1121.1371,-3142.478,900.27954,1115.2927,-3142.7778,885.6039,1109.8284,-3142.9795,1154.1298,1151.5615,-2853.8672,891.6943,1116.4688,-2591.8984,1013.2476,1267.8184,-3062.7983,920.07666,1245.3352,-2986.4817,1339.4297,1362.7115,-2422.3218,801.5093,1361.5963,-2058.4426,1350.5242,1822.0321,-2590.576,884.5205,1803.3538,-2059.1467,1318.5491,2176.4268,-2774.2532,940.9149,2085.824,-2246.5935,1316.9052,2273.0088,-2985.6008,927.92566,2187.4912,-2401.8555,1280.0972,2269.766,-3004.4985,942.20306,2190.5645,-2463.3804,1275.4341,2230.6587,-2787.8467,955.02325,2147.8523,-2281.0464,1286.236,1658.0945,-78.73114,989.4393,1621.3173,77.84084,1446.0076,1841.9847,-1785.5128,690.4196,1732.5549,-1342.7285,1507.5461,2115.6284,-156.22368,885.62006,2047.5686,200.83661,1491.7216,2127.3125,-17.351305,945.5345,2083.5562,338.07428,1575.3663,2302.3882,-516.15094,796.0018,2251.9512,-85.41198
IMG_5443.JPG,832.84515,1121.8038,-1788.8597,874.5267,1062.6963,-1805.9868,897.9627,1066.8524,-1805.6356,924.5441,1069.2317,-1805.8563,818.80884,1047.4879,-1746.2014,804.04193,1044.7107,-1746.371,794.3883,1043.0996,-1746.4293,1028.5519,1078.8119,-1673.9963,811.8631,1058.3982,-1409.0317,886.11865,1185.64,-1722.7225,821.27563,1179.9172,-1645.7799,1244.4952,1275.9067,-1499.735,773.6807,1300.239,-1049.0664,1262.0066,1797.3761,-1451.1177,851.5138,1679.4707,-849.3151,1231.0643,2104.1226,-1433.3706,860.4019,1936.9011,-912.5421,1234.753,2192.642,-1563.3483,847.8145,2050.5427,-994.3068,1191.173,2196.6555,-1610.8363,876.9406,2064.7249,-1073.3557,1189.9795,2166.1511,-1451.7208,901.7671,2037.4535,-951.4172,1258.05,1592.9978,-119.39922,1021.6899,1539.134,118.99917,1319.5017,1855.0786,-942.52155,705.2217,1597.0192,-597.0592,1373.8331,2066.7751,-81.04646,911.59216,1900.5642,125.2454,1373.1459,2075.014,-2.3898745,956.9457,1923.9038,193.8303,1392.0437,2284.1543,-270.17676,863.6187,2091.1956,10.938508
IMG_5445.JPG,546.79834,1031.6018,-1823.6659,572.2408,972.3761,-1887.407,590.24896,969.32275,-1887.0896,611.2247,966.37146,-1887.2504,541.1715,972.8389,-1769.3301,536.15204,970.36847,-1770.121,532.02625,967.13837,-1770.436,717.5323,966.5692,-1880.8909,611.4364,957.95123,-1366.9438,595.8726,1076.1708,-1799.2913,558.93243,1073.3696,-1649.5912,998.0568,1261.418,-1813.6149,655.5841,1100.4492,-853.2598,1049.0615,1683.6477,-1633.655,773.72266,1500.9994,-597.7022,1016.236,2064.4004,-1397.5837,850.7519,1881.7206,-711.1258,1017.9401,2146.084,-1579.4927,834.4062,1968.3015,-744.7188,973.5138,2148.344,-1585.4509,845.76935,1974.4935,-911.5741,966.6097,2117.009,-1406.2405,863.18335,1945.7769,-777.2848,1412.7262,1477.9668,-279.9584,1155.9539,1443.4147,278.7156,1200.669,1771.6792,-1137.5652,788.3686,1648.1847,56.469105,1302.996,2149.3916,-136.75854,990.7565,1974.6792,719.28613,1362.9259,2173.9,-25.908636,1055.0669,2005.891,787.1307,1179.1401,2364.476,-130.14438,915.6292,2153.823,733.4879
IMG_5448.JPG,1689.5887,1017.7373,-1889.8086,1688.896,957.47656,-1816.5996,1695.7698,958.7224,-1816.919,1703.198,960.25214,-1817.6299,1649.195,953.20233,-1901.3188,1621.1826,953.1839,-1901.5833,1586.261,954.54156,-1901.2925,1663.3018,968.6893,-1360.2113,1465.2344,967.58344,-1732.8875,1676.8307,1093.7941,-1705.197,1627.6285,1094.584,-1811.9785,1562.7732,1272.134,-730.91614,1218.1555,1336.531,-1762.8013,1539.1418,1689.6151,-387.208,1183.3107,1857.9373,-1612.1788,1544.5844,2042.2124,-562.9278,1221.492,2324.0962,-1522.325,1573.339,2141.3015,-622.3131,1208.6152,2440.5488,-1707.4545,1560.2559,2153.5146,-765.14777,1250.9108,2442.4817,-1754.3289,1538.0605,2122.3018,-625.22974,1264.8113,2399.5005,-1549.4104,1048.0338,1594.994,413.41965,798.74,1636.0731,-413.02798,1354.4417,1834.4042,1007.25165,1040.1852,1990.5349,-980.755,1151.4174,2021.4674,2221.0842,799.93207,2422.8806,-385.6654,1072.2632,2024.3789,2342.0134,702.5115,2462.9768,-323.67523,1224.3394,2206.3828,2416.0254,931.72266,2684.892,-524.0743
IMG_5449.JPG,1594.6023,1052.2086,-2329.2214,1602.9044,984.0435,-2260.499,1615.9363,982.7308,-2260.9807,1629.6534,980.9407,-2261.9631,1546.7848,986.1238,-2323.9233,1517.2388,985.4493,-2324.0337,1483.0526,983.5356,-2323.643,1606.1472,994.4711,-1751.9183,1356.5614,989.10266,-2016.7413,1594.2299,1126.5005,-2119.9849,1536.3198,1117.0605,-2195.6995,1536.687,1283.3081,-1085.0275,1111.7578,1308.2726,-1856.1495,1529.3273,1688.0054,-751.80286,1077.1589,1853.4159,-1633.2988,1538.5374,2092.3262,-956.32806,1105.3215,2313.482,-1629.2202,1584.5114,2172.8684,-1019.63116,1078.0297,2436.3533,-1806.7727,1542.8358,2190.4995,-1172.2649,1151.751,2438.0254,-1870.4829,1514.2782,2164.445,-1015.5343,1161.346,2396.778,-1661.206,1045.1439,1586.2146,322.88007,794.3021,1554.2992,-323.01825,1378.1154,1787.4276,608.97687,893.69006,1919.7346,-1190.2377,1180.113,1944.4904,1854.9982,673.8486,2367.2139,-412.60962,1111.2367,1942.069,1978.3177,597.37866,2412.0496,-332.35397,1214.4828,2125.3262,1946.2036,745.6556,2641.379,-600.69745
IMG_5450.JPG,1508.7705,1067.8169,-2462.5862,1539.0951,976.40485,-2397.6636,1558.4705,973.99664,-2397.9014,1574.819,972.57434,-2398.5505,1457.9634,979.9578,-2447.3362,1420.2943,978.58325,-2447.6812,1385.4293,977.50507,-2447.761,1567.7253,978.3348,-1951.135,1285.1451,990.1057,-2157.2483,1536.8787,1134.1315,-2280.4937,1451.8446,1132.6948,-2338.8843,1590.7336,1258.1542,-1386.7659,974.887,1313.629,-1968.4254,1542.8129,1685.402,-1293.7863,849.88904,1886.1786,-2000.8671,1544.4017,2111.9631,-1453.7213,964.8541,2287.833,-2077.832,1604.0607,2202.9604,-1555.5605,940.72266,2412.7722,-2271.772,1559.6888,2239.729,-1666.1311,995.86743,2423.3984,-2332.808,1528.1848,2207.049,-1500.4694,1006.07983,2380.7556,-2106.6313,1250.6212,1644.3159,196.13924,911.9965,1659.3845,-196.44064,1701.0645,1621.3362,-704.24146,779.46344,1849.636,-1695.2095,1472.5571,2008.1471,403.26978,613.5171,2261.3167,-309.9348,1386.8165,2063.7668,508.9815,591.87787,2285.9292,-173.54305,1614.2734,2231.1545,351.43997,605.25336,2524.0864,-422.53778
IMG_5451.JPG,1506.6649,1107.5607,-2464.6934,1541.6667,1026.904,-2384.6792,1564.7924,1022.13385,-2384.8738,1584.6149,1017.28296,-2385.7134,1470.0035,1027.0968,-2438.2969,1437.3392,1021.9943,-2438.918,1399.1179,1015.2477,-2439.069,1574.7057,1018.92786,-1846.8943,1297.8627,1012.7416,-2082.828,1526.0557,1172.4998,-2248.2683,1442.1982,1175.5967,-2317.4,1641.8651,1299.5059,-1367.0709,994.47156,1325.998,-1771.4427,1584.0542,1743.6251,-1203.6151,949.7643,1868.6383,-1758.0375,1576.1016,2158.9312,-1211.6964,940.02313,2308.8772,-1735.8176,1616.7877,2259.1833,-1275.2954,909.321,2429.725,-1864.794,1575.195,2301.8708,-1359.8206,952.8698,2438.743,-1924.4244,1548.975,2266.6746,-1245.5697,968.8813,2400.7544,-1761.694,1334.4983,1694.5404,82.63979,997.34326,1687.2837,-83.650055,1781.8236,1672.5784,-1260.8329,707.35736,1915.175,-1646.0371,1587.4913,2137.8477,-57.29781,633.48236,2229.7715,-152.03156,1537.6647,2183.5579,60.575745,645.29584,2244.9387,-6.458005,1779.5452,2342.8423,-200.69876,572.4881,2509.7188,-353.15057
IMG_5452.JPG,1487.2974,1053.3611,-1560.8259,1483.3916,1011.3711,-1502.679,1490.5714,1011.3797,-1502.853,1498.1022,1011.0948,-1503.4285,1448.7445,1012.0024,-1552.6292,1425.9463,1014.094,-1552.7697,1399.8475,1017.3692,-1552.7253,1481.6017,1021.26166,-1128.7927,1338.1238,1035.865,-1345.2318,1488.8932,1104.6052,-1411.9766,1455.1483,1110.1495,-1474.3793,1478.7712,1248.3665,-702.1712,1176.6028,1264.5134,-1239.48,1410.3358,1544.9354,-587.95435,1159.0558,1623.076,-1180.7241,1368.4971,1808.2141,-699.6505,1163.9158,1934.2318,-1185.6896,1371.0483,1891.6478,-748.6922,1156.6404,2016.997,-1292.6201,1360.388,1887.2572,-825.271,1204.0667,2028.588,-1326.143,1341.4663,1853.2445,-732.509,1208.0166,1998.1436,-1200.8417,1241.1855,1519.658,195.00107,1041.5505,1524.0397,-195.0013,1552.3868,1544.3773,-501.99753,1082.8997,1665.9332,-1427.3639,1380.5052,1848.3971,99.90426,960.86224,1998.7856,-864.45416,1351.9254,1872.3826,156.71104,912.7213,2024.5372,-804.0171,1462.113,1978.4631,-9.021384,1016.5156,2180.1543,-1038.3011
IMG_5455.JPG,692.21735,1395.1288,-2583.0623,743.4073,1300.7003,-2590.4512,774.83527,1296.6439,-2589.902,804.32947,1293.8518,-2590.2234,656.5895,1298.327,-2526.3667,634.6673,1293.0767,-2526.5457,616.44775,1288.4857,-2526.5374,881.2451,1294.3896,-2326.3813,619.78784,1288.5496,-2049.2048,743.1989,1448.214,-2457.993,669.1836,1458.422,-2378.6858,1188.9639,1587.1729,-2103.5842,568.4068,1563.2318,-1446.1273,1200.7845,2190.461,-2014.5056,591.62335,2033.354,-1324.043,1165.0111,2681.529,-1967.5508,554.0288,2451.0725,-1628.2101,1154.0502,2810.2253,-2148.9978,513.73816,2557.7646,-1762.006,1099.3844,2805.6604,-2218.303,544.4752,2576.9426,-1891.5629,1094.8462,2755.1826,-1990.6711,566.6245,2535.2004,-1690.2085,1254.393,1951.4281,-180.1186,922.55066,1948.774,178.93596,1356.7306,2211.2207,-1820.0867,415.87903,1919.0422,-470.8979,1546.169,2639.9277,-865.6837,583.27423,2339.8596,277.35208,1574.7125,2662.9229,-777.6972,652.8923,2370.451,335.29724,1551.9413,2940.7576,-1186.4784,426.04037,2550.4146,66.08017
IMG_5456.JPG,555.54626,1231.9099,-2133.0945,598.02783,1145.5101,-2141.238,628.45667,1138.5884,-2140.6162,657.8587,1134.2635,-2140.7166,528.7312,1152.7498,-2077.54,510.3282,1148.5228,-2077.619,493.2472,1143.1136,-2077.5227,742.86237,1145.7775,-1948.615,507.16626,1147.5809,-1666.9061,611.75195,1287.7078,-2041.7225,546.1407,1295.957,-1960.4901,1009.4196,1379.198,-1773.866,480.2862,1394.1698,-1176.1779,1018.79724,1991.2084,-1653.9371,487.86905,1814.5455,-984.8227,962.5729,2412.7822,-1597.6991,462.08136,2198.349,-1165.6091,966.7644,2522.9197,-1754.6173,414.84714,2306.1418,-1287.4148,909.5008,2517.9407,-1835.2737,451.41672,2320.2554,-1405.4253,908.4815,2477.5632,-1626.126,485.29092,2269.3809,-1221.8945,1097.9429,1757.0522,-174.55487,801.2636,1746.5629,173.47032,1178.4353,2020.2878,-1425.9138,378.23102,1705.2699,-263.45703,1334.1877,2423.6292,-760.1562,505.63065,2065.9316,291.9261,1365.3986,2453.5413,-699.1222,580.47205,2123.2852,332.55368,1306.2756,2707.8162,-1052.1224,379.42044,2279.0444,140.0231
IMG_5457.JPG,822.13416,1179.0054,-1962.4718,859.59204,1116.7131,-1983.7982,884.7938,1114.3092,-1983.2435,914.6272,1111.7454,-1983.3467,809.7235,1120.3678,-1914.7349,797.51636,1120.4344,-1914.8833,787.0366,1119.075,-1914.8483,1008.8533,1112.8365,-1825.6449,808.9646,1122.189,-1521.3782,870.86255,1222.6932,-1881.1761,817.79736,1230.9641,-1791.614,1223.6984,1381.4128,-1694.326,849.1612,1327.2737,-1052.2767,1183.7622,1847.4469,-1718.7456,811.38794,1664.9203,-962.2749,1125.2573,2256.6025,-1715.8994,791.6601,2035.3359,-1154.7334,1124.5514,2357.3184,-1890.2379,750.18256,2115.0203,-1254.285,1075.1478,2347.8757,-1914.8124,766.33936,2119.3748,-1379.3865,1076.4349,2320.2769,-1732.6633,795.93744,2089.909,-1212.09,1432.3973,1617.4877,-173.57353,1183.095,1640.4581,171.96722,1370.862,1896.242,-1342.7299,739.323,1707.9323,-328.01526,1500.3362,2313.6875,-862.25555,882.8277,2007.3318,31.75141,1523.296,2308.7878,-811.6381,1035.869,2062.207,55.207726,1456.2266,2548.08,-1096.3953,790.08673,2200.2207,-144.92157
IMG_5458.JPG,741.0788,1175.6691,-2474.7747,796.14575,1088.7551,-2462.0884,835.52985,1086.102,-2461.5679,881.1315,1082.4877,-2461.5854,709.3965,1079.8938,-2388.5684,683.8332,1074.3593,-2388.6519,661.7704,1071.1394,-2388.4612,994.73663,1084.9312,-2176.328,672.5479,1081.9855,-1853.5809,802.35724,1251.2952,-2355.033,709.169,1254.0778,-2261.989,1312.0433,1420.2743,-1983.9592,657.70715,1423.288,-1323.1211,1376.1487,2051.5378,-1965.7671,780.44006,1875.456,-1065.0997,1361.4965,2506.8005,-2044.05,811.57544,2323.9705,-1317.2972,1338.2917,2625.4453,-2242.1719,781.99304,2456.9124,-1477.3822,1296.2373,2619.871,-2337.7856,820.7401,2465.9653,-1616.332,1301.0857,2574.2197,-2081.0417,844.78674,2412.2031,-1386.9545,1330.7535,1849.5422,-171.94516,1003.386,1849.1589,171.10234,1645.2648,2156.917,-1847.8483,513.7219,1885.5856,-1003.4587,1644.9202,2514.7603,-468.91672,830.2101,2259.3062,132.98477,1635.196,2531.1765,-344.38635,909.82245,2289.337,226.98126,1640.8073,2845.7861,-745.39294,684.9525,2485.9912,-30.319788
IMG_5459.JPG,98.0933,1408.5173,-2472.4893,150.69421,1312.2428,-2489.7883,191.19063,1306.3942,-2489.3704,233.57362,1301.8495,-2489.5085,63.431057,1320.7305,-2394.333,40.1632,1321.8264,-2394.347,18.66135,1322.3282,-2394.1306,347.05765,1310.7833,-2306.5115,52.221664,1333.4094,-1894.6569,180.24754,1476.8582,-2381.778,87.09858,1487.3353,-2261.5396,666.45416,1654.5785,-2259.2104,171.66327,1645.3727,-1158.7291,807.24744,2235.373,-2131.751,297.47025,2058.704,-651.8,826.81555,2715.5217,-1993.8082,362.31906,2496.6042,-711.5745,837.59015,2823.781,-2183.923,340.85474,2634.5938,-782.6238,780.5321,2829.0298,-2258.8794,386.06158,2638.274,-951.8641,771.59644,2796.5203,-2019.6075,416.13828,2582.0552,-782.773,936.9406,2024.3486,-298.11746,640.8547,2021.5087,297.16754,1012.0376,2421.8352,-1165.4377,60.93057,2102.9932,-340.66864,1172.0436,2711.3245,196.11664,387.75287,2489.9668,285.71655,1230.6389,2724.0913,337.83655,511.25723,2521.586,338.45746,1139.1761,3057.4072,201.03397,247.25552,2686.493,231.62224
IMG_5460.JPG,618.05396,1299.1543,-1679.7223,664.4949,1246.6753,-1681.9025,688.97766,1248.9332,-1681.7666,718.5745,1252.7753,-1682.0684,624.46423,1247.3638,-1582.7462,616.7263,1248.0879,-1582.7338,609.28534,1247.9299,-1582.6401,807.134,1282.4697,-1506.5316,667.2859,1262.2819,-1073.6888,673.0284,1363.2487,-1604.2238,617.6916,1359.9362,-1478.7275,973.2884,1543.4833,-1563.1409,697.58374,1558.5251,-427.22067,1040.5342,2063.9878,-1516.5875,759.3322,1915.2281,-20.373625,962.95483,2435.26,-1334.2125,738.3811,2246.6482,-99.711136,885.8714,2485.9429,-1483.0724,734.3941,2319.7263,-129.77522,841.11414,2481.8381,-1532.9791,723.405,2346.4153,-268.40652,832.5275,2466.6763,-1347.2045,796.26807,2285.36,-157.58293,1245.2137,1950.4592,-298.97592,1034.608,1941.211,298.05408,1099.2313,2204.8945,-1665.0817,570.3158,1856.6868,-354.96866,1257.4303,2553.2937,-739.1235,837.8377,2280.0789,146.80594,1324.9618,2575.071,-639.6045,943.7281,2314.7205,183.50414,1173.899,2811.8613,-873.4709,731.817,2469.349,-29.927532
Photo 2023-03-04 11.29.28 AM.jpg,810.59924,1004.9165,-1865.9011,852.1619,955.0413,-1889.209,876.3612,959.39777,-1888.6367,904.46655,961.6796,-1888.5361,806.4343,934.0479,-1810.2426,796.1283,927.83356,-1810.748,787.19354,921.7315,-1810.9337,996.1133,969.0751,-1775.1039,849.46045,941.50415,-1429.9786,863.1887,1066.6533,-1806.9855,809.0196,1070.9507,-1706.5963,1211.1995,1171.3198,-1667.0967,844.8564,1188.3892,-947.46,1277.6422,1649.668,-1479.0789,901.8369,1523.0941,-699.47296,1214.2421,2007.425,-1331.7701,958.6879,1882.9966,-791.2906,1199.6123,2113.4558,-1480.8043,932.0822,1964.1176,-838.31683,1143.7303,2093.464,-1500.4366,944.53503,1972.9429,-975.71906,1147.0449,2070.1455,-1340.7188,966.73364,1945.8516,-848.31946,1528.2113,1425.5864,-184.27008,1287.1351,1449.856,182.67104,1440.4586,1701.1847,-1203.3871,983.75964,1578.7964,-198.76007,1497.383,2108.0012,-600.5454,1115.6147,1949.9677,299.00085,1537.8655,2096.4492,-538.92413,1189.5176,1993.5051,336.2321,1390.8097,2305.614,-822.71606,1023.77985,2141.9348,114.74565
Screenshot 2023-02-19 224514.png,248.91643,276.73807,-346.09518,247.28687,269.16544,-329.39258,248.26085,268.99435,-329.43256,249.20097,268.76843,-329.54172,241.95221,269.69525,-345.72513,238.2829,270.0409,-345.78406,234.15514,270.57953,-345.8111,242.666,271.53452,-241.51457,221.1354,275.59048,-315.24042,249.32597,286.27206,-312.5631,243.76152,287.11237,-333.92667,249.30087,320.07947,-144.62372,196.05942,334.78644,-316.4454,252.30374,384.79483,-126.20431,196.34187,407.9896,-332.83246,259.74072,442.8605,-164.6403,205.98303,473.0858,-351.70505,267.1855,456.35364,-174.49065,206.48674,490.46164,-384.79608,264.3683,458.21133,-197.06317,214.44334,491.63028,-391.0149,259.51645,453.17657,-174.52638,215.99129,485.25192,-355.36346,206.2094,388.4346,57.078453,163.1547,391.72852,-57.137154,272.956,387.46567,-41.6948,165.95856,427.86746,-334.08185,232.76627,445.1626,156.07755,141.06061,489.7663,-126.89847,222.79034,449.6606,175.21407,136.32126,494.62375,-105.46641,254.06644,469.32477,151.16217,146.8217,525.9045,-153.68991
Screenshot 2023-02-19 224603.png,231.12173,340.15375,-304.83652,227.97412,332.51404,-286.55112,227.61572,332.15234,-286.61417,227.12836,331.7809,-286.7085,226.13208,332.68,-308.96408,224.41173,332.49365,-309.04233,222.45198,332.3373,-309.09616,216.43886,334.01996,-196.62283,209.03653,336.11755,-297.60086,228.63115,346.95526,-270.56943,226.02559,347.2919,-299.79108,221.05215,376.25113,-108.91664,176.03365,381.46753,-311.46957,214.0525,437.70807,-94.983635,189.0625,451.77164,-345.11835,218.81598,491.4276,-159.40202,212.99016,504.27106,-365.8866,230.46574,508.32315,-175.13078,217.71156,519.3855,-401.2021,225.41756,509.76526,-194.00172,221.95694,516.92065,-407.1798,221.48166,499.2782,-169.77,220.53792,511.21277,-369.4389,174.67738,450.6513,63.354454,142.04802,456.94727,-63.417454,248.6321,433.55063,-0.5481946,187.27946,455.39218,-346.14883,202.02794,480.93127,176.10194,137.73654,528.57837,-219.3244,194.78864,484.40125,193.022,122.663956,536.57355,-206.91092,214.01393,501.18573,166.02026,156.41335,560.8545,-270.97968
Screenshot 2023-02-19 224627.png,257.7856,304.31458,-317.4918,257.18472,296.07416,-302.16397,257.59232,295.66446,-302.20798,258.0028,295.21954,-302.3077,253.75836,296.77798,-320.37775,251.43855,296.7599,-320.43,248.6249,296.68442,-320.45395,249.71347,296.99875,-217.55396,234.59512,298.62564,-299.88943,256.26968,311.8067,-284.777,252.19965,311.8099,-308.60367,248.80417,340.42273,-126.31552,198.44757,344.69705,-293.0884,235.66728,392.96634,-114.34561,197.64745,407.85522,-315.25766,233.04155,441.77142,-166.881,201.7099,470.63193,-342.9294,231.53871,453.47046,-179.08641,198.2585,486.85626,-374.39236,231.60425,457.49536,-198.1305,205.70792,488.2854,-379.94705,226.93977,450.6922,-176.47433,208.19922,483.7646,-346.15723,203.77444,401.6026,51.45357,168.86043,402.27896,-51.447502,266.45367,394.95166,-19.01383,176.82123,422.8743,-335.70944,239.62236,458.63025,118.68468,152.7892,500.69418,-291.6503,230.29677,468.15613,130.3567,145.33853,510.47617,-288.897,262.5253,475.90964,84.20275,172.9751,528.2264,-381.0068
Screenshot 2023-02-19 224800.png,199.8432,304.33554,-509.83926,206.43404,295.24408,-485.51395,210.00925,295.32108,-485.57794,213.38768,295.43866,-485.69382,193.09772,295.69443,-488.7552,188.26953,296.0759,-488.8471,185.12779,296.59277,-488.91937,220.3187,301.39508,-364.43292,180.2226,303.01956,-378.86002,207.44241,315.54816,-466.65335,191.27142,316.52432,-470.73923,253.26453,365.98676,-295.73108,148.44127,370.4669,-312.27975,260.2243,448.53647,-339.13745,150.08344,461.4256,-347.15845,264.70337,518.9689,-416.87622,149.45692,535.80286,-414.94376,272.11444,543.3612,-453.6287,143.46097,555.0829,-451.71786,265.4989,545.29156,-469.5136,148.70009,556.23883,-469.59097,263.70068,539.366,-426.68066,150.10138,547.96643,-425.07828,232.8497,453.10797,0.7928377,178.9142,456.72266,-0.8827393,309.30884,463.04828,-336.89316,104.08225,459.0315,-315.93683,285.4852,539.7473,-42.4718,135.77362,539.3105,-27.902502,275.47174,551.92975,-19.477383,144.08423,551.8537,-5.578201,313.98343,569.3024,-132.53952,92.34979,566.18475,-122.20667
Screenshot 2023-02-19 224815.png,197.51805,308.03418,-514.48895,204.19934,298.53427,-490.04852,207.91277,298.59018,-490.1078,211.19565,298.78516,-490.22934,190.70076,299.1835,-492.77197,185.7828,299.6812,-492.8714,182.1387,300.39468,-492.94196,218.28448,304.88617,-367.80685,177.41464,306.82797,-380.07657,204.99149,319.4703,-470.94476,189.02411,320.4394,-474.40585,251.46153,370.52972,-303.00842,145.58234,374.5075,-314.73502,257.38885,455.4215,-348.77036,146.72015,466.54913,-350.28754,261.87024,527.2723,-424.4343,146.33714,540.5751,-419.35083,269.6267,548.6959,-461.63174,138.20497,559.696,-455.8543,261.94266,551.618,-477.16998,144.20691,561.1723,-474.42142,258.85947,544.01184,-433.93387,147.53627,552.5886,-429.84174,231.29695,458.81528,-1.245239,176.3191,461.0583,1.1135752,303.86304,466.53214,-343.34445,101.369,460.1666,-309.5176,280.13016,536.9673,-32.343243,132.39038,541.30035,-21.065432,272.20624,548.4138,-7.24467,141.9702,554.259,1.7275642,309.8515,569.60126,-116.85554,91.07653,570.6431,-114.91923
Screenshot 2023-02-19 224940.png,193.692,345.36603,-665.7292,200.73529,334.41925,-643.0967,204.5298,334.16364,-643.1219,208.1817,333.96274,-643.24286,186.81,334.46954,-645.07965,182.30507,334.15216,-645.19464,179.09975,333.9868,-645.27704,215.87468,336.2424,-502.98615,173.95659,336.5966,-514.2352,200.79213,354.69852,-612.97546,185.40321,355.36157,-616.3324,246.19933,390.63535,-393.35175,144.95673,392.49033,-403.1929,249.00116,469.92938,-423.61743,148.13275,468.80582,-438.67633,238.72252,540.02686,-504.26724,149.93925,541.79144,-527.773,237.41354,560.7826,-547.11536,148.17242,562.2858,-573.1024,233.54167,561.9081,-562.3178,150.98901,562.56555,-590.3825,233.43785,553.6025,-512.9417,149.69781,555.3771,-537.7685,222.92952,470.1176,-1.7205614,171.58322,470.53165,1.635364,297.84708,480.51794,-403.38092,94.806625,474.69742,-372.14798,290.06927,557.97626,-54.023277,111.76139,554.7259,-33.576054,280.05002,566.8974,-25.957283,123.071106,564.24176,-7.0079746,309.8653,596.7809,-160.39772,86.514435,590.46045,-144.51642
Screenshot 2023-02-19 224959.png,201.98238,374.58444,-691.4858,209.56503,364.9301,-673.0654,213.21764,364.50137,-673.08484,216.7155,364.14224,-673.22516,195.1996,364.78296,-674.5379,191.35005,364.1032,-674.62994,188.23628,363.4626,-674.7033,224.06009,363.049,-539.07745,181.96835,362.28265,-547.7363,210.0356,384.2067,-638.91907,195.12694,384.16837,-641.49756,250.60484,406.3396,-422.83725,155.02888,404.03708,-421.03122,247.79929,481.44287,-452.87213,156.0289,476.88013,-447.9026,236.46039,548.67755,-523.9032,161.00441,549.97003,-529.1513,233.67915,572.3157,-567.4837,158.32823,573.6389,-572.5851,230.24455,572.15936,-581.60266,164.68011,572.03546,-591.44104,230.58183,561.38965,-531.9022,165.74278,562.27954,-539.62146,227.62506,474.06937,-3.3666334,176.63602,474.70596,3.2610424,295.55426,482.75598,-356.4008,105.41576,472.32553,-326.99176,291.14362,556.8287,-24.908905,119.00632,554.1487,-10.107395,280.79367,566.4864,1.3988868,127.968216,565.5123,14.608625,308.54474,595.27234,-126.486786,92.265144,585.75085,-116.586494
Screenshot 2023-02-19 225030.png,244.28568,346.08005,-135.11765,239.51706,337.81433,-123.94553,238.77773,337.63446,-124.011566,237.92914,337.3925,-124.09054,238.49104,338.47845,-151.11719,237.15724,338.89297,-151.14003,235.70955,339.30756,-151.16089,226.43008,342.77145,-66.750854,225.00645,344.5196,-188.97107,241.8627,355.57306,-111.34823,240.05972,355.60544,-146.67267,205.51294,394.61417,27.1964,201.24078,398.8102,-245.26942,209.71437,472.6477,51.02419,211.04846,485.28073,-250.16629,231.23367,536.0143,24.071308,227.48917,543.9091,-219.30203,237.16743,548.3378,28.364716,232.89986,563.2234,-243.48413,235.54204,550.8271,6.183048,237.74956,564.7059,-241.09346,231.24944,547.21735,13.568997,234.9384,553.66534,-218.3092,150.73067,484.6613,89.900536,134.65294,490.23462,-89.93336,218.47945,495.0137,213.95222,210.578,505.68408,-228.80579,208.08894,548.7036,331.7393,164.5932,596.60944,-186.2059,197.6072,556.9018,342.81622,149.95375,609.9978,-180.972,237.13103,575.0309,331.8823,198.40477,630.6069,-226.48203
Screenshot 2023-02-19 225052.png,296.3571,346.13406,-5.7453966,296.3138,335.9491,6.0407157,295.69852,335.511,5.9677696,294.95248,334.91458,5.9317703,295.09045,335.504,-24.37569,293.73392,334.88416,-24.47825,292.23145,334.16953,-24.543213,280.8195,333.00714,65.78256,279.33456,333.54767,-70.757545,290.70734,353.58954,18.721737,288.62106,352.7653,-20.83454,237.38547,378.43643,156.2024,239.9243,382.09875,-143.87221,242.39082,458.8164,162.88544,238.72456,458.90448,-124.47272,258.89038,483.2148,101.93167,270.96365,480.66547,-17.163067,261.0378,483.33554,101.9474,279.72928,483.87878,-22.690191,265.14417,478.8259,92.54284,280.46408,474.35138,-21.289871,264.36118,479.40244,94.6386,275.59756,473.34338,-13.429706,163.89767,477.27206,94.200775,150.55708,476.17886,-94.07149,248.1175,471.76175,176.72168,245.64418,469.1466,-230.92952,232.01747,561.8639,233.81743,204.23288,584.2759,-238.1454,218.43414,575.09595,238.58545,187.0598,605.3644,-237.94186,255.24568,585.5058,218.00647,247.27762,618.4864,-279.40936
